/*******************************************************************************
 * Size: 14 px
 * Bpp: 4
 * Opts: --font SourceHanSansSC-Regular.otf --range 0x20-0x7E,0xB7,0x25B2,0x25B6,0x25BC,0x3001,0x4E00,0x4E0B,0x4E0D,0x4E1B,0x4F4E-0x4F4F,0x4F59,0x4F5C,0x504F,0x505C,0x5145,0x5165,0x5173,0x5206,0x5230,0x524D,0x52A8,0x5300,0x5355,0x5373,0x53D6,0x53EF-0x53F0,0x5404,0x540E,0x5438,0x547C,0x548C,0x5495,0x54CD,0x556A,0x5578,0x561F,0x566A,0x567C,0x56DE,0x5728,0x5747,0x5757,0x5883,0x58F0,0x5904,0x590F,0x591C,0x594F,0x597D,0x5982,0x5B89,0x5B8C,0x5B9A,0x5BFC,0x5C06,0x5C4B,0x5C4F,0x5C71,0x5DF2,0x5F15,0x5F31,0x606F,0x60A0,0x6210,0x624B,0x62E9,0x6309,0x6362,0x63A5,0x64AD,0x653E,0x65B9,0x65F6,0x665A,0x6682,0x6696,0x6709,0x6728,0x673A,0x6742,0x675F,0x6797,0x67D4,0x67F4,0x68A6,0x68D5,0x6A90,0x6B62-0x6B63,0x6C14,0x6C34,0x6C89,0x6C99,0x6CA1,0x6CE1,0x6D41,0x6D6A,0x6D77,0x6D88,0x6DA7,0x6E10,0x6EAA,0x706B,0x70B9,0x73AF,0x7528,0x7535,0x767D,0x7684,0x76F4,0x7720,0x7761,0x786E,0x79D2,0x7A7A,0x7BDD,0x7C89,0x7EC6,0x7ED3,0x8282,0x8349,0x83DC,0x866B,0x87C0,0x87CB,0x8861,0x8BF7,0x8C03,0x8F68,0x8FC7,0x8FD4,0x8FD8-0x8FD9,0x8FDB-0x8FDC,0x9009,0x9053,0x906E,0x91CC,0x91CF,0x949F,0x94B5,0x957F,0x95ED,0x95F4,0x95F7,0x96E8,0x96F7,0x97F3,0x97F5,0x9882,0x9891,0x98CE,0x9E23,0xFF0C --size 14 --bpp 4 --format lvgl --lv-font-name as_zh14 --lv-include lvgl.h --no-compress --no-kerning --output as_zh14.c
 ******************************************************************************/

#ifdef LV_LVGL_H_INCLUDE_SIMPLE
#include "lvgl.h"
#else
#include "lvgl.h"
#endif

#ifndef AS_ZH14
#define AS_ZH14 1
#endif

#if AS_ZH14

/*-----------------
 *    BITMAPS
 *----------------*/

/*Store the image of the glyphs*/
static LV_ATTRIBUTE_LARGE_CONST const uint8_t glyph_bitmap[] = {
    /* U+0020 " " */

    /* U+0021 "!" */
    0x6e, 0x5, 0xd0, 0x5d, 0x4, 0xd0, 0x4c, 0x3,
    0xc0, 0x3b, 0x1, 0x60, 0x0, 0x6, 0xd0, 0x6d,
    0x0,

    /* U+0022 "\"" */
    0xb9, 0xf, 0x5b, 0x90, 0xf5, 0x97, 0xd, 0x38,
    0x60, 0xc1, 0x10, 0x1, 0x0,

    /* U+0023 "#" */
    0x0, 0x66, 0x7, 0x50, 0x0, 0x84, 0x9, 0x30,
    0x0, 0xa2, 0xb, 0x10, 0x1e, 0xfe, 0xef, 0xe4,
    0x0, 0xd0, 0xd, 0x0, 0x0, 0xd0, 0xc, 0x0,
    0x0, 0xc0, 0x2b, 0x0, 0x6e, 0xfd, 0xef, 0xd0,
    0x4, 0x80, 0x57, 0x0, 0x6, 0x60, 0x75, 0x0,
    0x8, 0x40, 0x93, 0x0,

    /* U+0024 "$" */
    0x0, 0x8, 0x60, 0x0, 0x1, 0xa9, 0x10, 0x2,
    0xed, 0xce, 0x40, 0xab, 0x0, 0x31, 0xb, 0x90,
    0x0, 0x0, 0x4f, 0x70, 0x0, 0x0, 0x3d, 0xd2,
    0x0, 0x0, 0x9, 0xf3, 0x0, 0x0, 0xa, 0xb0,
    0x0, 0x0, 0x8c, 0xd, 0x61, 0x4e, 0x70, 0x4c,
    0xff, 0x90, 0x0, 0x8, 0x60, 0x0, 0x0, 0x43,
    0x0,

    /* U+0025 "%" */
    0x6, 0xdc, 0x30, 0x0, 0x67, 0x0, 0x1, 0xd0,
    0x2d, 0x0, 0xc, 0x0, 0x0, 0x59, 0x0, 0xd1,
    0x7, 0x60, 0x0, 0x6, 0x80, 0xc, 0x20, 0xc0,
    0x0, 0x0, 0x5a, 0x0, 0xe1, 0x76, 0x3c, 0xc3,
    0x1, 0xe1, 0x4c, 0x1c, 0xd, 0x22, 0xd0, 0x4,
    0xcb, 0x28, 0x52, 0xc0, 0xb, 0x30, 0x0, 0x1,
    0xc0, 0x4a, 0x0, 0xa5, 0x0, 0x0, 0x85, 0x3,
    0xb0, 0xb, 0x30, 0x0, 0x1c, 0x0, 0xd, 0x11,
    0xe0, 0x0, 0x9, 0x40, 0x0, 0x4d, 0xd4, 0x0,

    /* U+0026 "&" */
    0x0, 0x3d, 0xe8, 0x0, 0x0, 0x0, 0xe6, 0x1f,
    0x20, 0x0, 0x1, 0xf0, 0xe, 0x20, 0x0, 0x0,
    0xf3, 0x9b, 0x0, 0x0, 0x0, 0xae, 0xb0, 0x0,
    0x0, 0x2, 0xef, 0x20, 0x2, 0xd0, 0x1e, 0x78,
    0xd0, 0x8, 0xa0, 0x6e, 0x0, 0xcc, 0x2f, 0x30,
    0x6d, 0x0, 0xc, 0xf9, 0x0, 0x2f, 0x81, 0x3b,
    0xee, 0x60, 0x3, 0xcf, 0xd8, 0x5, 0xd1,

    /* U+0027 "'" */
    0xb9, 0xb9, 0x97, 0x86, 0x10,

    /* U+0028 "(" */
    0x0, 0x80, 0x3, 0xc0, 0xa, 0x50, 0x1e, 0x0,
    0x5b, 0x0, 0x89, 0x0, 0xa7, 0x0, 0xb6, 0x0,
    0xa7, 0x0, 0x99, 0x0, 0x5b, 0x0, 0x1e, 0x0,
    0xb, 0x50, 0x3, 0xb0, 0x0, 0x90,

    /* U+0029 ")" */
    0x26, 0x0, 0x1e, 0x0, 0xa, 0x60, 0x3, 0xd0,
    0x0, 0xf1, 0x0, 0xd4, 0x0, 0xb5, 0x0, 0xa6,
    0x0, 0xb5, 0x0, 0xd4, 0x0, 0xf1, 0x3, 0xd0,
    0x9, 0x60, 0xe, 0x0, 0x26, 0x0,

    /* U+002A "*" */
    0x0, 0x2a, 0x0, 0x8, 0x7d, 0x74, 0x5, 0xdf,
    0x91, 0x1, 0xea, 0x80, 0x2, 0x40, 0x60,

    /* U+002B "+" */
    0x0, 0x2, 0x10, 0x0, 0x0, 0x9, 0x60, 0x0,
    0x0, 0x9, 0x60, 0x0, 0x0, 0x9, 0x60, 0x0,
    0x7f, 0xff, 0xff, 0xf3, 0x0, 0x9, 0x60, 0x0,
    0x0, 0x9, 0x60, 0x0, 0x0, 0x9, 0x60, 0x0,

    /* U+002C "," */
    0x8, 0x80, 0xb, 0xf0, 0x0, 0xe0, 0xa, 0x70,
    0x15, 0x0,

    /* U+002D "-" */
    0x5e, 0xee, 0x30, 0x11, 0x10,

    /* U+002E "." */
    0xb9, 0xb9,

    /* U+002F "/" */
    0x0, 0x0, 0xc2, 0x0, 0x1, 0xd0, 0x0, 0x6,
    0x80, 0x0, 0xb, 0x30, 0x0, 0xe, 0x0, 0x0,
    0x4a, 0x0, 0x0, 0x95, 0x0, 0x0, 0xd0, 0x0,
    0x3, 0xb0, 0x0, 0x7, 0x60, 0x0, 0xc, 0x20,
    0x0, 0x1d, 0x0, 0x0, 0x68, 0x0, 0x0, 0xb3,
    0x0, 0x0,

    /* U+0030 "0" */
    0x0, 0x8e, 0xd5, 0x0, 0x7, 0xd2, 0x4f, 0x30,
    0xd, 0x50, 0x9, 0xa0, 0x1f, 0x10, 0x4, 0xe0,
    0x3f, 0x0, 0x3, 0xf0, 0x4f, 0x0, 0x2, 0xf0,
    0x3f, 0x0, 0x3, 0xf0, 0x1f, 0x10, 0x5, 0xe0,
    0xd, 0x60, 0x9, 0xa0, 0x7, 0xe3, 0x4f, 0x30,
    0x0, 0x8e, 0xd5, 0x0,

    /* U+0031 "1" */
    0x17, 0xdc, 0x0, 0x3a, 0xdc, 0x0, 0x0, 0x7c,
    0x0, 0x0, 0x7c, 0x0, 0x0, 0x7c, 0x0, 0x0,
    0x7c, 0x0, 0x0, 0x7c, 0x0, 0x0, 0x7c, 0x0,
    0x0, 0x7c, 0x0, 0x11, 0x8d, 0x11, 0xcf, 0xff,
    0xfd,

    /* U+0032 "2" */
    0x3, 0xbf, 0xd4, 0x0, 0x2e, 0x51, 0x7f, 0x20,
    0x1, 0x0, 0xe, 0x70, 0x0, 0x0, 0xc, 0x80,
    0x0, 0x0, 0xe, 0x50, 0x0, 0x0, 0x6e, 0x0,
    0x0, 0x1, 0xe6, 0x0, 0x0, 0xc, 0xa0, 0x0,
    0x0, 0xac, 0x0, 0x0, 0xb, 0xd2, 0x22, 0x20,
    0x6f, 0xff, 0xff, 0xf0,

    /* U+0033 "3" */
    0x4, 0xbf, 0xd6, 0x0, 0xd6, 0x26, 0xf4, 0x0,
    0x0, 0xc, 0x90, 0x0, 0x0, 0xc8, 0x0, 0x2,
    0x8d, 0x10, 0x8, 0xff, 0x30, 0x0, 0x1, 0x5e,
    0x60, 0x0, 0x0, 0x6e, 0x0, 0x0, 0x6, 0xe5,
    0xd5, 0x24, 0xe8, 0x6, 0xbf, 0xd8, 0x0,

    /* U+0034 "4" */
    0x0, 0x0, 0xbf, 0x0, 0x0, 0x5, 0xef, 0x0,
    0x0, 0xe, 0x8f, 0x0, 0x0, 0x8c, 0x3f, 0x0,
    0x2, 0xf3, 0x3f, 0x0, 0xa, 0x90, 0x3f, 0x0,
    0x4e, 0x0, 0x3f, 0x0, 0xbf, 0xee, 0xff, 0xe5,
    0x11, 0x11, 0x5f, 0x10, 0x0, 0x0, 0x3f, 0x0,
    0x0, 0x0, 0x3f, 0x0,

    /* U+0035 "5" */
    0x7, 0xff, 0xff, 0x80, 0x8, 0xa1, 0x11, 0x10,
    0x9, 0x80, 0x0, 0x0, 0xb, 0x70, 0x0, 0x0,
    0xc, 0xce, 0xe9, 0x0, 0x5, 0x40, 0x3e, 0x80,
    0x0, 0x0, 0x7, 0xe0, 0x0, 0x0, 0x5, 0xf0,
    0x0, 0x0, 0x8, 0xd0, 0x6d, 0x52, 0x6f, 0x50,
    0x6, 0xbf, 0xd6, 0x0,

    /* U+0036 "6" */
    0x0, 0x3c, 0xfc, 0x40, 0x2, 0xf7, 0x25, 0x80,
    0xa, 0x90, 0x0, 0x0, 0xf, 0x30, 0x0, 0x0,
    0x1f, 0x4c, 0xeb, 0x10, 0x2f, 0xc2, 0x1b, 0xb0,
    0x2f, 0x10, 0x2, 0xf0, 0xf, 0x20, 0x1, 0xf2,
    0xc, 0x70, 0x3, 0xf0, 0x4, 0xe4, 0x1c, 0x90,
    0x0, 0x5d, 0xe9, 0x0,

    /* U+0037 "7" */
    0x4f, 0xff, 0xff, 0xf1, 0x1, 0x11, 0x1a, 0xa0,
    0x0, 0x0, 0x2e, 0x10, 0x0, 0x0, 0xa8, 0x0,
    0x0, 0x1, 0xf2, 0x0, 0x0, 0x6, 0xc0, 0x0,
    0x0, 0xa, 0x90, 0x0, 0x0, 0xd, 0x60, 0x0,
    0x0, 0xf, 0x40, 0x0, 0x0, 0x1f, 0x30, 0x0,
    0x0, 0x3f, 0x20, 0x0,

    /* U+0038 "8" */
    0x0, 0x9e, 0xe8, 0x0, 0x8, 0xc2, 0x2d, 0x60,
    0xc, 0x60, 0x7, 0xb0, 0xa, 0x90, 0x7, 0x80,
    0x2, 0xea, 0x3d, 0x20, 0x0, 0xcd, 0xfa, 0x0,
    0xc, 0x60, 0x5e, 0x80, 0x3e, 0x0, 0x4, 0xf0,
    0x4e, 0x0, 0x2, 0xf1, 0xe, 0x80, 0x2b, 0xb0,
    0x2, 0xbe, 0xe9, 0x10,

    /* U+0039 "9" */
    0x1, 0xbf, 0xc3, 0x0, 0xc, 0x91, 0x5f, 0x20,
    0x3f, 0x0, 0xa, 0x90, 0x5d, 0x0, 0x5, 0xd0,
    0x4f, 0x10, 0x5, 0xf0, 0xe, 0x80, 0x4e, 0xf0,
    0x3, 0xce, 0xa6, 0xd0, 0x0, 0x0, 0x6, 0xb0,
    0x0, 0x0, 0xc, 0x60, 0xa, 0x42, 0x9d, 0x0,
    0x6, 0xde, 0xa1, 0x0,

    /* U+003A ":" */
    0xb9, 0xb9, 0x0, 0x0, 0x0, 0x0, 0xb9, 0xb9,

    /* U+003B ";" */
    0xb, 0x90, 0xb, 0x90, 0x0, 0x0, 0x0, 0x0,
    0x0, 0x0, 0x0, 0x0, 0x8, 0x80, 0xb, 0xf0,
    0x0, 0xe0, 0xa, 0x70, 0x15, 0x0,

    /* U+003C "<" */
    0x0, 0x0, 0x0, 0x42, 0x0, 0x1, 0x7d, 0xd2,
    0x3, 0xae, 0xa3, 0x0, 0x7f, 0x70, 0x0, 0x0,
    0x29, 0xea, 0x40, 0x0, 0x0, 0x6, 0xce, 0x81,
    0x0, 0x0, 0x3, 0x93,

    /* U+003D "=" */
    0x7f, 0xff, 0xff, 0xf3, 0x0, 0x0, 0x0, 0x0,
    0x0, 0x0, 0x0, 0x0, 0x7f, 0xff, 0xff, 0xf3,

    /* U+003E ">" */
    0x32, 0x0, 0x0, 0x0, 0x5e, 0xc5, 0x0, 0x0,
    0x0, 0x5b, 0xe8, 0x20, 0x0, 0x0, 0x19, 0xf3,
    0x0, 0x5, 0xbe, 0x70, 0x29, 0xfb, 0x40, 0x0,
    0x68, 0x10, 0x0, 0x0,

    /* U+003F "?" */
    0x6, 0xcf, 0xb1, 0x2c, 0x43, 0xda, 0x0, 0x0,
    0x7d, 0x0, 0x0, 0xa9, 0x0, 0x4, 0xe1, 0x0,
    0xe, 0x50, 0x0, 0x5d, 0x0, 0x0, 0x57, 0x0,
    0x0, 0x0, 0x0, 0x0, 0x8c, 0x0, 0x0, 0x9c,
    0x0,

    /* U+0040 "@" */
    0x0, 0x0, 0x4b, 0xee, 0xc8, 0x0, 0x0, 0x0,
    0x9c, 0x40, 0x2, 0x8d, 0x10, 0x0, 0x99, 0x0,
    0x0, 0x0, 0x6a, 0x0, 0x3d, 0x0, 0x5b, 0xbb,
    0x10, 0xd1, 0xc, 0x40, 0x4c, 0x14, 0xf0, 0x9,
    0x40, 0xf0, 0xc, 0x40, 0x3c, 0x0, 0x76, 0x2d,
    0x0, 0xf0, 0x5, 0xa0, 0x9, 0x42, 0xc0, 0x1e,
    0x0, 0x78, 0x0, 0xc1, 0xe, 0x0, 0xe3, 0x2d,
    0x90, 0x78, 0x0, 0xc4, 0x4, 0xc9, 0x1a, 0xc7,
    0x0, 0x3, 0xd0, 0x0, 0x0, 0x0, 0x0, 0x0,
    0x7, 0xd5, 0x10, 0x16, 0x0, 0x0, 0x0, 0x2,
    0xac, 0xdc, 0x70, 0x0, 0x0,

    /* U+0041 "A" */
    0x0, 0xa, 0xf2, 0x0, 0x0, 0x0, 0xec, 0x70,
    0x0, 0x0, 0x4e, 0x6c, 0x0, 0x0, 0x9, 0x92,
    0xf1, 0x0, 0x0, 0xe5, 0xe, 0x60, 0x0, 0x3f,
    0x10, 0xab, 0x0, 0x8, 0xd0, 0x5, 0xf0, 0x0,
    0xdf, 0xee, 0xff, 0x50, 0x2f, 0x41, 0x11, 0xca,
    0x7, 0xd0, 0x0, 0x6, 0xf0, 0xc8, 0x0, 0x0,
    0x1f, 0x40,

    /* U+0042 "B" */
    0x9f, 0xff, 0xe8, 0x0, 0x9b, 0x1, 0x4d, 0x90,
    0x9b, 0x0, 0x6, 0xe0, 0x9b, 0x0, 0x5, 0xd0,
    0x9b, 0x0, 0x2d, 0x70, 0x9f, 0xef, 0xfc, 0x0,
    0x9b, 0x11, 0x39, 0xe2, 0x9b, 0x0, 0x0, 0xd7,
    0x9b, 0x0, 0x0, 0xd7, 0x9b, 0x1, 0x29, 0xf2,
    0x9f, 0xff, 0xeb, 0x30,

    /* U+0043 "C" */
    0x0, 0x8, 0xdf, 0xb3, 0x0, 0xc, 0xd5, 0x37,
    0xd0, 0x7, 0xe1, 0x0, 0x0, 0x0, 0xe7, 0x0,
    0x0, 0x0, 0xf, 0x40, 0x0, 0x0, 0x2, 0xf2,
    0x0, 0x0, 0x0, 0xf, 0x40, 0x0, 0x0, 0x0,
    0xe7, 0x0, 0x0, 0x0, 0x7, 0xe1, 0x0, 0x1,
    0x0, 0xc, 0xd5, 0x37, 0xe2, 0x0, 0x8, 0xdf,
    0xb4, 0x0,

    /* U+0044 "D" */
    0x9f, 0xfe, 0xb5, 0x0, 0x9b, 0x13, 0x7f, 0x80,
    0x9b, 0x0, 0x4, 0xf2, 0x9b, 0x0, 0x0, 0xd8,
    0x9b, 0x0, 0x0, 0xaa, 0x9b, 0x0, 0x0, 0x9c,
    0x9b, 0x0, 0x0, 0xaa, 0x9b, 0x0, 0x0, 0xd8,
    0x9b, 0x0, 0x5, 0xf2, 0x9b, 0x13, 0x7f, 0x80,
    0x9f, 0xfe, 0xb5, 0x0,

    /* U+0045 "E" */
    0x9f, 0xff, 0xff, 0x59, 0xb1, 0x11, 0x10, 0x9b,
    0x0, 0x0, 0x9, 0xb0, 0x0, 0x0, 0x9b, 0x0,
    0x0, 0x9, 0xff, 0xff, 0x90, 0x9b, 0x22, 0x21,
    0x9, 0xb0, 0x0, 0x0, 0x9b, 0x0, 0x0, 0x9,
    0xb2, 0x22, 0x21, 0x9f, 0xff, 0xff, 0x70,

    /* U+0046 "F" */
    0x9f, 0xff, 0xff, 0x59, 0xb1, 0x11, 0x10, 0x9b,
    0x0, 0x0, 0x9, 0xb0, 0x0, 0x0, 0x9b, 0x0,
    0x0, 0x9, 0xff, 0xff, 0x90, 0x9b, 0x22, 0x21,
    0x9, 0xb0, 0x0, 0x0, 0x9b, 0x0, 0x0, 0x9,
    0xb0, 0x0, 0x0, 0x9b, 0x0, 0x0, 0x0,

    /* U+0047 "G" */
    0x0, 0x7, 0xcf, 0xc6, 0x0, 0xc, 0xe6, 0x35,
    0xd3, 0x7, 0xe1, 0x0, 0x0, 0x0, 0xd7, 0x0,
    0x0, 0x0, 0xf, 0x40, 0x0, 0x0, 0x2, 0xf2,
    0x0, 0xbf, 0xf9, 0xf, 0x40, 0x1, 0x2a, 0x90,
    0xe7, 0x0, 0x0, 0x99, 0x7, 0xe1, 0x0, 0x9,
    0x90, 0xc, 0xe6, 0x35, 0xe9, 0x0, 0x8, 0xcf,
    0xc7, 0x0,

    /* U+0048 "H" */
    0x9b, 0x0, 0x0, 0x8c, 0x9b, 0x0, 0x0, 0x8c,
    0x9b, 0x0, 0x0, 0x8c, 0x9b, 0x0, 0x0, 0x8c,
    0x9b, 0x0, 0x0, 0x8c, 0x9f, 0xff, 0xff, 0xfc,
    0x9c, 0x22, 0x22, 0x9c, 0x9b, 0x0, 0x0, 0x8c,
    0x9b, 0x0, 0x0, 0x8c, 0x9b, 0x0, 0x0, 0x8c,
    0x9b, 0x0, 0x0, 0x8c,

    /* U+0049 "I" */
    0x9b, 0x9b, 0x9b, 0x9b, 0x9b, 0x9b, 0x9b, 0x9b,
    0x9b, 0x9b, 0x9b,

    /* U+004A "J" */
    0x0, 0x0, 0x2f, 0x20, 0x0, 0x2, 0xf2, 0x0,
    0x0, 0x2f, 0x20, 0x0, 0x2, 0xf2, 0x0, 0x0,
    0x2f, 0x20, 0x0, 0x2, 0xf2, 0x0, 0x0, 0x2f,
    0x20, 0x0, 0x2, 0xf2, 0x1, 0x0, 0x4f, 0x3,
    0xe5, 0x3c, 0xb0, 0x5, 0xce, 0xb1, 0x0,

    /* U+004B "K" */
    0x9b, 0x0, 0x5, 0xf2, 0x9b, 0x0, 0x2f, 0x50,
    0x9b, 0x0, 0xd9, 0x0, 0x9b, 0xb, 0xc0, 0x0,
    0x9b, 0x7f, 0x70, 0x0, 0x9e, 0xfa, 0xe1, 0x0,
    0x9f, 0x70, 0xd8, 0x0, 0x9c, 0x0, 0x5f, 0x10,
    0x9b, 0x0, 0xc, 0xa0, 0x9b, 0x0, 0x4, 0xf2,
    0x9b, 0x0, 0x0, 0xbb,

    /* U+004C "L" */
    0x9b, 0x0, 0x0, 0x9, 0xb0, 0x0, 0x0, 0x9b,
    0x0, 0x0, 0x9, 0xb0, 0x0, 0x0, 0x9b, 0x0,
    0x0, 0x9, 0xb0, 0x0, 0x0, 0x9b, 0x0, 0x0,
    0x9, 0xb0, 0x0, 0x0, 0x9b, 0x0, 0x0, 0x9,
    0xb2, 0x22, 0x20, 0x9f, 0xff, 0xff, 0x30,

    /* U+004D "M" */
    0x9f, 0x20, 0x0, 0xc, 0xf9, 0xf7, 0x0, 0x1,
    0xff, 0x9b, 0xc0, 0x0, 0x6b, 0xf9, 0x8e, 0x20,
    0xc, 0x7f, 0x98, 0x97, 0x1, 0xe3, 0xf9, 0x94,
    0xc0, 0x69, 0x3f, 0x99, 0xe, 0x1c, 0x33, 0xf9,
    0x90, 0x98, 0xe0, 0x3f, 0x99, 0x3, 0xf9, 0x3,
    0xf9, 0x90, 0xc, 0x30, 0x3f, 0x99, 0x0, 0x0,
    0x3, 0xf0,

    /* U+004E "N" */
    0x9e, 0x10, 0x0, 0x8b, 0x9f, 0x80, 0x0, 0x8b,
    0x9a, 0xf1, 0x0, 0x8b, 0x98, 0xa9, 0x0, 0x8b,
    0x99, 0x2f, 0x20, 0x8b, 0x99, 0x9, 0xb0, 0x8b,
    0x99, 0x1, 0xf3, 0x7b, 0x99, 0x0, 0x8c, 0x7b,
    0x99, 0x0, 0xe, 0xab, 0x99, 0x0, 0x6, 0xfb,
    0x99, 0x0, 0x0, 0xdb,

    /* U+004F "O" */
    0x0, 0x9, 0xde, 0xb3, 0x0, 0x0, 0xdc, 0x54,
    0x9f, 0x50, 0x8, 0xe0, 0x0, 0x8, 0xd0, 0xe,
    0x70, 0x0, 0x1, 0xf4, 0xf, 0x40, 0x0, 0x0,
    0xd7, 0x2f, 0x20, 0x0, 0x0, 0xc8, 0xf, 0x40,
    0x0, 0x0, 0xe6, 0xe, 0x70, 0x0, 0x1, 0xf4,
    0x7, 0xe0, 0x0, 0x8, 0xd0, 0x0, 0xdd, 0x54,
    0x9f, 0x40, 0x0, 0x9, 0xde, 0xb3, 0x0,

    /* U+0050 "P" */
    0x9f, 0xff, 0xd8, 0x0, 0x9b, 0x11, 0x4d, 0xa0,
    0x9b, 0x0, 0x4, 0xf0, 0x9b, 0x0, 0x2, 0xf2,
    0x9b, 0x0, 0x4, 0xf0, 0x9b, 0x0, 0x2d, 0x90,
    0x9f, 0xef, 0xf9, 0x0, 0x9b, 0x11, 0x0, 0x0,
    0x9b, 0x0, 0x0, 0x0, 0x9b, 0x0, 0x0, 0x0,
    0x9b, 0x0, 0x0, 0x0,

    /* U+0051 "Q" */
    0x0, 0x19, 0xde, 0xb3, 0x0, 0x1, 0xdc, 0x54,
    0x9f, 0x50, 0x8, 0xd0, 0x0, 0x8, 0xe0, 0xe,
    0x60, 0x0, 0x1, 0xf4, 0x1f, 0x30, 0x0, 0x0,
    0xd7, 0x2f, 0x20, 0x0, 0x0, 0xc8, 0xf, 0x40,
    0x0, 0x0, 0xe6, 0xd, 0x80, 0x0, 0x2, 0xf3,
    0x6, 0xe2, 0x0, 0xa, 0xc0, 0x0, 0xae, 0x87,
    0xce, 0x20, 0x0, 0x4, 0xbf, 0x71, 0x0, 0x0,
    0x0, 0xe, 0xb2, 0x0, 0x0, 0x0, 0x1, 0xbf,
    0xfa, 0x0, 0x0, 0x0, 0x0, 0x10,

    /* U+0052 "R" */
    0x9f, 0xff, 0xea, 0x10, 0x9b, 0x11, 0x3b, 0xc0,
    0x9b, 0x0, 0x2, 0xf1, 0x9b, 0x0, 0x2, 0xf1,
    0x9b, 0x0, 0x1b, 0xd0, 0x9f, 0xef, 0xf9, 0x10,
    0x9b, 0x15, 0xf2, 0x0, 0x9b, 0x0, 0xba, 0x0,
    0x9b, 0x0, 0x3f, 0x30, 0x9b, 0x0, 0xb, 0xb0,
    0x9b, 0x0, 0x3, 0xf3,

    /* U+0053 "S" */
    0x0, 0x7d, 0xfc, 0x50, 0x7, 0xe6, 0x36, 0xe2,
    0xc, 0x80, 0x0, 0x0, 0xb, 0xc0, 0x0, 0x0,
    0x3, 0xfd, 0x50, 0x0, 0x0, 0x1a, 0xfe, 0x40,
    0x0, 0x0, 0x2a, 0xf4, 0x0, 0x0, 0x0, 0xda,
    0x3, 0x0, 0x0, 0xaa, 0x1e, 0xa5, 0x48, 0xf4,
    0x1, 0x9d, 0xfc, 0x40,

    /* U+0054 "T" */
    0x8f, 0xff, 0xff, 0xff, 0x11, 0x18, 0xd1, 0x11,
    0x0, 0x7, 0xd0, 0x0, 0x0, 0x7, 0xd0, 0x0,
    0x0, 0x7, 0xd0, 0x0, 0x0, 0x7, 0xd0, 0x0,
    0x0, 0x7, 0xd0, 0x0, 0x0, 0x7, 0xd0, 0x0,
    0x0, 0x7, 0xd0, 0x0, 0x0, 0x7, 0xd0, 0x0,
    0x0, 0x7, 0xd0, 0x0,

    /* U+0055 "U" */
    0x9a, 0x0, 0x0, 0x8b, 0x9a, 0x0, 0x0, 0x8b,
    0x9a, 0x0, 0x0, 0x8b, 0x9a, 0x0, 0x0, 0x8b,
    0x9a, 0x0, 0x0, 0x8b, 0x9a, 0x0, 0x0, 0x8b,
    0x9a, 0x0, 0x0, 0x8b, 0x7c, 0x0, 0x0, 0xa9,
    0x5f, 0x10, 0x0, 0xe6, 0xd, 0xc4, 0x3b, 0xe0,
    0x1, 0xae, 0xeb, 0x20,

    /* U+0056 "V" */
    0xd8, 0x0, 0x0, 0x6e, 0x8, 0xc0, 0x0, 0xb,
    0x90, 0x4f, 0x0, 0x0, 0xf4, 0x0, 0xf4, 0x0,
    0x4f, 0x0, 0xa, 0x90, 0x9, 0xa0, 0x0, 0x6d,
    0x0, 0xd6, 0x0, 0x1, 0xf1, 0x2f, 0x10, 0x0,
    0xc, 0x66, 0xc0, 0x0, 0x0, 0x8a, 0xa7, 0x0,
    0x0, 0x3, 0xee, 0x20, 0x0, 0x0, 0xe, 0xd0,
    0x0, 0x0,

    /* U+0057 "W" */
    0x8c, 0x0, 0x8, 0xe0, 0x0, 0x6c, 0x5f, 0x0,
    0xc, 0xf2, 0x0, 0x99, 0x2f, 0x20, 0xf, 0xb5,
    0x0, 0xc6, 0xf, 0x40, 0x4c, 0x89, 0x0, 0xf3,
    0xc, 0x70, 0x88, 0x4d, 0x2, 0xf0, 0x9, 0xa0,
    0xc5, 0x1f, 0x15, 0xd0, 0x6, 0xd0, 0xf1, 0xd,
    0x48, 0xa0, 0x2, 0xf3, 0xd0, 0x9, 0x7b, 0x70,
    0x0, 0xf8, 0x90, 0x6, 0xad, 0x30, 0x0, 0xce,
    0x60, 0x2, 0xef, 0x0, 0x0, 0x9f, 0x20, 0x0,
    0xed, 0x0,

    /* U+0058 "X" */
    0x4f, 0x20, 0x1, 0xf5, 0xc, 0x90, 0x8, 0xc0,
    0x3, 0xf2, 0xe, 0x40, 0x0, 0xb9, 0x7c, 0x0,
    0x0, 0x3f, 0xe3, 0x0, 0x0, 0xe, 0xe0, 0x0,
    0x0, 0x6c, 0xe5, 0x0, 0x0, 0xe5, 0x6e, 0x0,
    0x7, 0xd0, 0xe, 0x70, 0xe, 0x50, 0x6, 0xe0,
    0x8d, 0x0, 0x0, 0xd8,

    /* U+0059 "Y" */
    0xc, 0x90, 0x0, 0x1f, 0x30, 0x5f, 0x0, 0x8,
    0xc0, 0x0, 0xd6, 0x0, 0xe4, 0x0, 0x6, 0xd0,
    0x6d, 0x0, 0x0, 0xe, 0x4d, 0x60, 0x0, 0x0,
    0x8d, 0xe0, 0x0, 0x0, 0x1, 0xf7, 0x0, 0x0,
    0x0, 0xe, 0x50, 0x0, 0x0, 0x0, 0xe5, 0x0,
    0x0, 0x0, 0xe, 0x50, 0x0, 0x0, 0x0, 0xe5,
    0x0, 0x0,

    /* U+005A "Z" */
    0xc, 0xff, 0xff, 0xfb, 0x1, 0x11, 0x14, 0xf4,
    0x0, 0x0, 0xb, 0xb0, 0x0, 0x0, 0x4f, 0x20,
    0x0, 0x0, 0xd8, 0x0, 0x0, 0x7, 0xd0, 0x0,
    0x0, 0x2f, 0x40, 0x0, 0x0, 0xbb, 0x0, 0x0,
    0x4, 0xf2, 0x0, 0x0, 0xd, 0x92, 0x22, 0x21,
    0x4f, 0xff, 0xff, 0xfc,

    /* U+005B "[" */
    0x8d, 0xc3, 0x86, 0x0, 0x86, 0x0, 0x86, 0x0,
    0x86, 0x0, 0x86, 0x0, 0x86, 0x0, 0x86, 0x0,
    0x86, 0x0, 0x86, 0x0, 0x86, 0x0, 0x86, 0x0,
    0x86, 0x0, 0x7c, 0xb2,

    /* U+005C "\\" */
    0xa4, 0x0, 0x0, 0x59, 0x0, 0x0, 0x1d, 0x0,
    0x0, 0xc, 0x20, 0x0, 0x7, 0x70, 0x0, 0x2,
    0xc0, 0x0, 0x0, 0xd1, 0x0, 0x0, 0x85, 0x0,
    0x0, 0x4a, 0x0, 0x0, 0xe, 0x0, 0x0, 0xa,
    0x40, 0x0, 0x5, 0x90, 0x0, 0x1, 0xd0, 0x0,
    0x0, 0xc2,

    /* U+005D "]" */
    0x6c, 0xe4, 0x0, 0xb4, 0x0, 0xb4, 0x0, 0xb4,
    0x0, 0xb4, 0x0, 0xb4, 0x0, 0xb4, 0x0, 0xb4,
    0x0, 0xb4, 0x0, 0xb4, 0x0, 0xb4, 0x0, 0xb4,
    0x0, 0xb4, 0x6b, 0xd3,

    /* U+005E "^" */
    0x0, 0xe, 0xa0, 0x0, 0x4, 0xce, 0x10, 0x0,
    0xa5, 0x97, 0x0, 0x1e, 0x3, 0xd0, 0x7, 0x90,
    0xd, 0x30, 0xd3, 0x0, 0x7a,

    /* U+005F "_" */
    0xbd, 0xdd, 0xdd, 0xd8,

    /* U+0060 "`" */
    0x7, 0x50, 0x0, 0x3e, 0x40, 0x0, 0x3d, 0x20,

    /* U+0061 "a" */
    0x2, 0xad, 0xe9, 0x0, 0x87, 0x23, 0xe6, 0x0,
    0x0, 0xa, 0xa0, 0x4, 0xad, 0xec, 0x9, 0xc4,
    0x8, 0xc1, 0xf2, 0x0, 0x8c, 0xf, 0x72, 0x6e,
    0xc0, 0x6e, 0xe8, 0x6c,

    /* U+0062 "b" */
    0xb9, 0x0, 0x0, 0xb, 0x90, 0x0, 0x0, 0xb9,
    0x0, 0x0, 0xb, 0x98, 0xed, 0x70, 0xbf, 0x72,
    0x6f, 0x5b, 0x90, 0x0, 0x9b, 0xb9, 0x0, 0x6,
    0xeb, 0x90, 0x0, 0x7d, 0xb9, 0x0, 0xb, 0xab,
    0xe5, 0x28, 0xf2, 0xb7, 0xae, 0xc4, 0x0,

    /* U+0063 "c" */
    0x0, 0x6d, 0xfb, 0x20, 0x7f, 0x62, 0x62, 0xf,
    0x60, 0x0, 0x2, 0xf1, 0x0, 0x0, 0x3f, 0x10,
    0x0, 0x0, 0xf6, 0x0, 0x0, 0x8, 0xe5, 0x26,
    0x50, 0x7, 0xdf, 0xb2,

    /* U+0064 "d" */
    0x0, 0x0, 0x0, 0xe6, 0x0, 0x0, 0x0, 0xe6,
    0x0, 0x0, 0x0, 0xe6, 0x0, 0x7e, 0xe8, 0xe6,
    0x8, 0xe5, 0x28, 0xf6, 0xf, 0x60, 0x0, 0xe6,
    0x2f, 0x20, 0x0, 0xe6, 0x3f, 0x10, 0x0, 0xe6,
    0x1f, 0x50, 0x0, 0xe6, 0xa, 0xe4, 0x3a, 0xf6,
    0x0, 0x9e, 0xd6, 0xb6,

    /* U+0065 "e" */
    0x0, 0x7d, 0xea, 0x10, 0x7, 0xc4, 0x1a, 0xb0,
    0xf, 0x20, 0x2, 0xf0, 0x2f, 0xee, 0xee, 0xf2,
    0x2f, 0x10, 0x0, 0x0, 0xf, 0x50, 0x0, 0x0,
    0x7, 0xe5, 0x13, 0x50, 0x0, 0x6d, 0xfc, 0x50,

    /* U+0066 "f" */
    0x0, 0xbf, 0xb0, 0x6f, 0x21, 0x7, 0xc0, 0x9,
    0xff, 0xf5, 0x8, 0xc0, 0x0, 0x7c, 0x0, 0x7,
    0xc0, 0x0, 0x7c, 0x0, 0x7, 0xc0, 0x0, 0x7c,
    0x0, 0x7, 0xc0, 0x0,

    /* U+0067 "g" */
    0x1, 0xad, 0xff, 0xf8, 0xb, 0x90, 0xe, 0x50,
    0xe, 0x50, 0xa, 0x90, 0xa, 0xb1, 0x3f, 0x50,
    0x3, 0xed, 0xd7, 0x0, 0xb, 0x60, 0x0, 0x0,
    0xc, 0x91, 0x10, 0x0, 0x6, 0xff, 0xff, 0xd3,
    0x1e, 0x10, 0x1, 0xca, 0x2f, 0x30, 0x4, 0xe5,
    0x6, 0xdf, 0xeb, 0x50,

    /* U+0068 "h" */
    0xb9, 0x0, 0x0, 0xb, 0x90, 0x0, 0x0, 0xb9,
    0x0, 0x0, 0xb, 0x87, 0xde, 0x60, 0xbf, 0x93,
    0x8f, 0x1b, 0xa0, 0x0, 0xf4, 0xb9, 0x0, 0xe,
    0x5b, 0x90, 0x0, 0xe5, 0xb9, 0x0, 0xe, 0x5b,
    0x90, 0x0, 0xe5, 0xb9, 0x0, 0xe, 0x50,

    /* U+0069 "i" */
    0xb8, 0x75, 0x0, 0xb9, 0xb9, 0xb9, 0xb9, 0xb9,
    0xb9, 0xb9, 0xb9,

    /* U+006A "j" */
    0x0, 0xb9, 0x0, 0x75, 0x0, 0x0, 0x0, 0xb9,
    0x0, 0xb9, 0x0, 0xb9, 0x0, 0xb9, 0x0, 0xb9,
    0x0, 0xb9, 0x0, 0xb9, 0x0, 0xb9, 0x0, 0xb9,
    0x2, 0xe6, 0x6f, 0xb0,

    /* U+006B "k" */
    0xb8, 0x0, 0x0, 0xb, 0x80, 0x0, 0x0, 0xb8,
    0x0, 0x0, 0xb, 0x80, 0x8, 0xd0, 0xb8, 0x5,
    0xe2, 0xb, 0x82, 0xe4, 0x0, 0xb9, 0xce, 0x0,
    0xb, 0xfa, 0xd7, 0x0, 0xbd, 0x3, 0xf2, 0xb,
    0x80, 0xa, 0xb0, 0xb8, 0x0, 0x1f, 0x40,

    /* U+006C "l" */
    0xb9, 0xb, 0x90, 0xb9, 0xb, 0x90, 0xb9, 0xb,
    0x90, 0xb9, 0xb, 0x90, 0xb9, 0xa, 0xa0, 0x4e,
    0x40,

    /* U+006D "m" */
    0xb6, 0x7e, 0xc4, 0x1a, 0xeb, 0x1b, 0xe8, 0x3a,
    0xec, 0x53, 0xe8, 0xba, 0x0, 0x3f, 0x30, 0x9,
    0xbb, 0x90, 0x1, 0xf2, 0x0, 0x8c, 0xb9, 0x0,
    0x1f, 0x20, 0x7, 0xcb, 0x90, 0x1, 0xf2, 0x0,
    0x7c, 0xb9, 0x0, 0x1f, 0x20, 0x7, 0xcb, 0x90,
    0x1, 0xf2, 0x0, 0x7c,

    /* U+006E "n" */
    0xb6, 0x7d, 0xe6, 0xb, 0xe9, 0x38, 0xf1, 0xba,
    0x0, 0xf, 0x4b, 0x90, 0x0, 0xe5, 0xb9, 0x0,
    0xe, 0x5b, 0x90, 0x0, 0xe5, 0xb9, 0x0, 0xe,
    0x5b, 0x90, 0x0, 0xe5,

    /* U+006F "o" */
    0x0, 0x7d, 0xeb, 0x20, 0x7, 0xe5, 0x2a, 0xe0,
    0xf, 0x50, 0x0, 0xd7, 0x2f, 0x10, 0x0, 0x9a,
    0x2f, 0x10, 0x0, 0x9a, 0xf, 0x50, 0x0, 0xd7,
    0x7, 0xe4, 0x29, 0xe1, 0x0, 0x7d, 0xfb, 0x20,

    /* U+0070 "p" */
    0xb7, 0x8e, 0xd7, 0xb, 0xf7, 0x26, 0xf5, 0xb9,
    0x0, 0x9, 0xbb, 0x90, 0x0, 0x6e, 0xb9, 0x0,
    0x7, 0xdb, 0x90, 0x0, 0xba, 0xbe, 0x52, 0x8f,
    0x2b, 0xaa, 0xfc, 0x40, 0xb9, 0x0, 0x0, 0xb,
    0x90, 0x0, 0x0, 0xb9, 0x0, 0x0, 0x0,

    /* U+0071 "q" */
    0x0, 0x7e, 0xea, 0xc6, 0x8, 0xd2, 0x5, 0xf6,
    0xf, 0x50, 0x0, 0xe6, 0x2f, 0x10, 0x0, 0xe6,
    0x3f, 0x20, 0x0, 0xe6, 0x1f, 0x50, 0x0, 0xe6,
    0xa, 0xe4, 0x3a, 0xf6, 0x0, 0x9e, 0xd6, 0xd6,
    0x0, 0x0, 0x0, 0xe6, 0x0, 0x0, 0x0, 0xe6,
    0x0, 0x0, 0x0, 0xe6,

    /* U+0072 "r" */
    0xb6, 0x7e, 0x4b, 0xda, 0x30, 0xbd, 0x0, 0xb,
    0x90, 0x0, 0xb9, 0x0, 0xb, 0x90, 0x0, 0xb9,
    0x0, 0xb, 0x90, 0x0,

    /* U+0073 "s" */
    0x4, 0xdf, 0xc4, 0x0, 0xf7, 0x14, 0x40, 0xf,
    0x50, 0x0, 0x0, 0x6f, 0xa2, 0x0, 0x0, 0x18,
    0xf8, 0x0, 0x0, 0x5, 0xf0, 0x39, 0x21, 0x9d,
    0x0, 0x8d, 0xfc, 0x20,

    /* U+0074 "t" */
    0x4, 0xc0, 0x0, 0x5, 0xc0, 0x0, 0x6, 0xc0,
    0x0, 0x9f, 0xff, 0xd0, 0x8, 0xc0, 0x0, 0x7,
    0xc0, 0x0, 0x7, 0xc0, 0x0, 0x7, 0xc0, 0x0,
    0x7, 0xd0, 0x0, 0x5, 0xf4, 0x20, 0x0, 0xaf,
    0xc0,

    /* U+0075 "u" */
    0xd7, 0x0, 0xf, 0x3d, 0x70, 0x0, 0xf3, 0xd7,
    0x0, 0xf, 0x3d, 0x70, 0x0, 0xf3, 0xd7, 0x0,
    0xf, 0x3c, 0x80, 0x2, 0xf3, 0x9e, 0x35, 0xcf,
    0x31, 0xbf, 0xb2, 0xe3,

    /* U+0076 "v" */
    0xaa, 0x0, 0x4, 0xe0, 0x4f, 0x0, 0x9, 0x90,
    0xe, 0x40, 0xe, 0x40, 0x9, 0x90, 0x4e, 0x0,
    0x4, 0xe0, 0x99, 0x0, 0x0, 0xe3, 0xe4, 0x0,
    0x0, 0x9b, 0xe0, 0x0, 0x0, 0x3f, 0x90, 0x0,

    /* U+0077 "w" */
    0x7c, 0x0, 0x1f, 0x60, 0x7, 0xb3, 0xf0, 0x5,
    0xda, 0x0, 0xb7, 0xf, 0x40, 0x96, 0xe0, 0xf,
    0x30, 0xb8, 0xd, 0x1e, 0x23, 0xf0, 0x7, 0xc2,
    0xd0, 0xa6, 0x7b, 0x0, 0x2f, 0x69, 0x6, 0xaa,
    0x70, 0x0, 0xec, 0x50, 0x2e, 0xd3, 0x0, 0xa,
    0xf1, 0x0, 0xee, 0x0,

    /* U+0078 "x" */
    0x4f, 0x10, 0x1f, 0x40, 0xba, 0x9, 0xa0, 0x1,
    0xf5, 0xf2, 0x0, 0x7, 0xf8, 0x0, 0x0, 0xae,
    0x90, 0x0, 0x4e, 0x2f, 0x30, 0xd, 0x50, 0x8d,
    0x7, 0xd0, 0x0, 0xe7,

    /* U+0079 "y" */
    0x9b, 0x0, 0x4, 0xe0, 0x3f, 0x10, 0x9, 0x90,
    0xd, 0x60, 0xe, 0x30, 0x6, 0xc0, 0x4e, 0x0,
    0x1, 0xf2, 0x98, 0x0, 0x0, 0xa7, 0xd3, 0x0,
    0x0, 0x3e, 0xd0, 0x0, 0x0, 0xd, 0x80, 0x0,
    0x0, 0x1f, 0x20, 0x0, 0x2, 0xb9, 0x0, 0x0,
    0x5f, 0xb1, 0x0, 0x0,

    /* U+007A "z" */
    0x1f, 0xff, 0xff, 0x10, 0x0, 0x1c, 0x90, 0x0,
    0x6, 0xe1, 0x0, 0x1, 0xf5, 0x0, 0x0, 0xba,
    0x0, 0x0, 0x5e, 0x10, 0x0, 0x1e, 0x60, 0x0,
    0x7, 0xff, 0xff, 0xf3,

    /* U+007B "{" */
    0x0, 0xbd, 0x30, 0x3e, 0x0, 0x3, 0xc0, 0x0,
    0x3d, 0x0, 0x2, 0xd0, 0x0, 0x5c, 0x0, 0x6f,
    0x30, 0x0, 0x6b, 0x0, 0x2, 0xd0, 0x0, 0x2d,
    0x0, 0x3, 0xc0, 0x0, 0x4c, 0x0, 0x2, 0xf1,
    0x0, 0x9, 0xd2,

    /* U+007C "|" */
    0x85, 0x85, 0x85, 0x85, 0x85, 0x85, 0x85, 0x85,
    0x85, 0x85, 0x85, 0x85, 0x85, 0x85, 0x85, 0x85,

    /* U+007D "}" */
    0x6e, 0x70, 0x0, 0x3f, 0x0, 0x0, 0xf0, 0x0,
    0x1f, 0x0, 0x1, 0xe0, 0x0, 0xf, 0x20, 0x0,
    0x7f, 0x20, 0xf, 0x20, 0x1, 0xe0, 0x0, 0x1e,
    0x0, 0x1, 0xf0, 0x0, 0x1f, 0x0, 0x4, 0xe0,
    0x6, 0xd5, 0x0,

    /* U+007E "~" */
    0xa, 0xea, 0x51, 0x60, 0x15, 0x16, 0xbe, 0x80,

    /* U+00B7 "·" */
    0x0, 0x0, 0x1d, 0xd1, 0x6f, 0xf6, 0x1c, 0xc1,

    /* U+25B2 "▲" */
    0x0, 0x0, 0x0, 0x11, 0x0, 0x0, 0x0, 0x0,
    0x0, 0x0, 0x99, 0x0, 0x0, 0x0, 0x0, 0x0,
    0x3, 0xff, 0x30, 0x0, 0x0, 0x0, 0x0, 0xc,
    0xff, 0xc0, 0x0, 0x0, 0x0, 0x0, 0x5f, 0xff,
    0xf5, 0x0, 0x0, 0x0, 0x0, 0xef, 0xff, 0xfe,
    0x0, 0x0, 0x0, 0x8, 0xff, 0xff, 0xff, 0x70,
    0x0, 0x0, 0x1f, 0xff, 0xff, 0xff, 0xf1, 0x0,
    0x0, 0xaf, 0xff, 0xff, 0xff, 0xfa, 0x0, 0x3,
    0xff, 0xff, 0xff, 0xff, 0xff, 0x30, 0xc, 0xff,
    0xff, 0xff, 0xff, 0xff, 0xc0, 0x4d, 0xdd, 0xdd,
    0xdd, 0xdd, 0xdd, 0xd4,

    /* U+25B6 "▶" */
    0x36, 0x0, 0x0, 0x0, 0x0, 0x0, 0x4, 0xfc,
    0x30, 0x0, 0x0, 0x0, 0x0, 0x4f, 0xff, 0xa2,
    0x0, 0x0, 0x0, 0x4, 0xff, 0xff, 0xf8, 0x0,
    0x0, 0x0, 0x4f, 0xff, 0xff, 0xfe, 0x50, 0x0,
    0x4, 0xff, 0xff, 0xff, 0xff, 0xc3, 0x0, 0x4f,
    0xff, 0xff, 0xff, 0xff, 0xf9, 0x4, 0xff, 0xff,
    0xff, 0xff, 0xfa, 0x10, 0x4f, 0xff, 0xff, 0xff,
    0xc3, 0x0, 0x4, 0xff, 0xff, 0xfe, 0x60, 0x0,
    0x0, 0x4f, 0xff, 0xf8, 0x0, 0x0, 0x0, 0x4,
    0xff, 0xa2, 0x0, 0x0, 0x0, 0x0, 0x4d, 0x40,
    0x0, 0x0, 0x0, 0x0, 0x1, 0x0, 0x0, 0x0,
    0x0, 0x0, 0x0,

    /* U+25BC "▼" */
    0x37, 0x77, 0x77, 0x77, 0x77, 0x77, 0x73, 0x1e,
    0xff, 0xff, 0xff, 0xff, 0xff, 0xe1, 0x7, 0xff,
    0xff, 0xff, 0xff, 0xff, 0x70, 0x0, 0xdf, 0xff,
    0xff, 0xff, 0xfd, 0x0, 0x0, 0x4f, 0xff, 0xff,
    0xff, 0xf4, 0x0, 0x0, 0xb, 0xff, 0xff, 0xff,
    0xb0, 0x0, 0x0, 0x2, 0xff, 0xff, 0xff, 0x20,
    0x0, 0x0, 0x0, 0x8f, 0xff, 0xf8, 0x0, 0x0,
    0x0, 0x0, 0xe, 0xff, 0xe0, 0x0, 0x0, 0x0,
    0x0, 0x6, 0xff, 0x60, 0x0, 0x0, 0x0, 0x0,
    0x0, 0xcc, 0x0, 0x0, 0x0, 0x0, 0x0, 0x0,
    0x33, 0x0, 0x0, 0x0,

    /* U+3001 "、" */
    0x0, 0x0, 0x1, 0xd5, 0x0, 0x5, 0xf6, 0x0,
    0x5, 0xf5, 0x0, 0x6, 0x30,

    /* U+4E00 "一" */
    0x0, 0x0, 0x0, 0x0, 0x0, 0x0, 0x0, 0x2f,
    0xff, 0xff, 0xff, 0xff, 0xff, 0xfa, 0x1, 0x11,
    0x11, 0x11, 0x11, 0x11, 0x11,

    /* U+4E0B "下" */
    0x3e, 0xee, 0xee, 0xee, 0xee, 0xee, 0xe3, 0x1,
    0x11, 0x11, 0xd5, 0x11, 0x11, 0x10, 0x0, 0x0,
    0x0, 0xd4, 0x0, 0x0, 0x0, 0x0, 0x0, 0x0,
    0xd9, 0x10, 0x0, 0x0, 0x0, 0x0, 0x0, 0xdc,
    0xe7, 0x0, 0x0, 0x0, 0x0, 0x0, 0xd4, 0x3c,
    0xe4, 0x0, 0x0, 0x0, 0x0, 0xd4, 0x0, 0x7f,
    0x30, 0x0, 0x0, 0x0, 0xd4, 0x0, 0x2, 0x0,
    0x0, 0x0, 0x0, 0xd4, 0x0, 0x0, 0x0, 0x0,
    0x0, 0x0, 0xd4, 0x0, 0x0, 0x0, 0x0, 0x0,
    0x0, 0xd4, 0x0, 0x0, 0x0, 0x0, 0x0, 0x0,
    0xd4, 0x0, 0x0, 0x0,

    /* U+4E0D "不" */
    0xf, 0xff, 0xff, 0xff, 0xff, 0xff, 0xf0, 0x1,
    0x11, 0x11, 0x3f, 0x51, 0x11, 0x10, 0x0, 0x0,
    0x0, 0xbb, 0x0, 0x0, 0x0, 0x0, 0x0, 0x8,
    0xf8, 0x40, 0x0, 0x0, 0x0, 0x0, 0x7e, 0xb9,
    0xad, 0x30, 0x0, 0x0, 0xa, 0xd1, 0x98, 0x6,
    0xf7, 0x0, 0x3, 0xdc, 0x10, 0x98, 0x0, 0x3e,
    0xa0, 0x2f, 0x70, 0x0, 0x98, 0x0, 0x1, 0xc2,
    0x0, 0x0, 0x0, 0x98, 0x0, 0x0, 0x0, 0x0,
    0x0, 0x0, 0x98, 0x0, 0x0, 0x0, 0x0, 0x0,
    0x0, 0x98, 0x0, 0x0, 0x0, 0x0, 0x0, 0x0,
    0x98, 0x0, 0x0, 0x0,

    /* U+4E1B "丛" */
    0x0, 0x0, 0x0, 0x0, 0x0, 0x0, 0x0, 0x0,
    0x0, 0xf0, 0x0, 0xd, 0x40, 0x0, 0x0, 0x2,
    0xf0, 0x0, 0xe, 0x30, 0x0, 0x0, 0x3, 0xe0,
    0x0, 0xf, 0x10, 0x0, 0x0, 0x4, 0xc0, 0x0,
    0x1f, 0x20, 0x0, 0x0, 0x7, 0xf2, 0x0, 0x5f,
    0x70, 0x0, 0x0, 0xa, 0xdd, 0x0, 0x8e, 0xb0,
    0x0, 0x0, 0xe, 0x3c, 0x70, 0xc5, 0xe1, 0x0,
    0x0, 0x3e, 0x2, 0xf4, 0xf0, 0x97, 0x0, 0x0,
    0xa9, 0x0, 0x5a, 0x90, 0x3e, 0x10, 0x5, 0xf1,
    0x0, 0x6e, 0x10, 0x8, 0xc0, 0xa, 0x60, 0x0,
    0xe4, 0x0, 0x0, 0xb2, 0x2, 0x11, 0x11, 0x31,
    0x11, 0x11, 0x10, 0x1f, 0xff, 0xff, 0xff, 0xff,
    0xff, 0xf6,

    /* U+4F4E "低" */
    0x0, 0x4, 0x10, 0x0, 0x0, 0x25, 0x0, 0x0,
    0xe, 0x21, 0x47, 0xae, 0xea, 0x20, 0x0, 0x7b,
    0xf, 0xa8, 0x6f, 0x0, 0x0, 0x0, 0xe4, 0xf,
    0x0, 0xf, 0x0, 0x0, 0x9, 0xf1, 0xf, 0x0,
    0xe, 0x10, 0x0, 0x5f, 0xe1, 0xf, 0x32, 0x2e,
    0x42, 0x20, 0xb4, 0xd1, 0xf, 0xdd, 0xdf, 0xed,
    0xd1, 0x0, 0xd1, 0xf, 0x0, 0xa, 0x50, 0x0,
    0x0, 0xd1, 0xf, 0x0, 0x7, 0x80, 0x0, 0x0,
    0xd1, 0xf, 0x0, 0x4, 0xc0, 0x0, 0x0, 0xd1,
    0xf, 0x0, 0xc1, 0xf1, 0x83, 0x0, 0xd1, 0xf,
    0x7b, 0x77, 0x9b, 0xd1, 0x0, 0xd1, 0x5c, 0x73,
    0x18, 0x1a, 0x90, 0x0, 0x0, 0x0, 0x0, 0x0,
    0x0, 0x0,

    /* U+4F4F "住" */
    0x0, 0x0, 0x90, 0x0, 0xa1, 0x0, 0x0, 0x0,
    0x6, 0xc0, 0x0, 0x99, 0x0, 0x0, 0x0, 0xd,
    0x50, 0x0, 0x2a, 0x0, 0x0, 0x0, 0x7d, 0xf,
    0xff, 0xff, 0xff, 0xf7, 0x3, 0xfc, 0x0, 0x0,
    0x4b, 0x0, 0x0, 0x1e, 0xcc, 0x0, 0x0, 0x4b,
    0x0, 0x0, 0x8, 0x4c, 0x0, 0x0, 0x4b, 0x0,
    0x0, 0x0, 0x4c, 0x8, 0xee, 0xff, 0xee, 0xe1,
    0x0, 0x4c, 0x0, 0x0, 0x5b, 0x0, 0x0, 0x0,
    0x4c, 0x0, 0x0, 0x4b, 0x0, 0x0, 0x0, 0x4c,
    0x0, 0x0, 0x4b, 0x0, 0x0, 0x0, 0x4c, 0x2,
    0x22, 0x6c, 0x22, 0x21, 0x0, 0x4c, 0x5d, 0xdd,
    0xdd, 0xdd, 0xd9,

    /* U+4F59 "余" */
    0x0, 0x0, 0x0, 0x17, 0x0, 0x0, 0x0, 0x0,
    0x0, 0x1, 0xde, 0x40, 0x0, 0x0, 0x0, 0x0,
    0x2d, 0x52, 0xd7, 0x0, 0x0, 0x0, 0x6, 0xd3,
    0x0, 0x1c, 0xa2, 0x0, 0x4, 0xce, 0x53, 0x33,
    0x34, 0xae, 0x92, 0x3d, 0x55, 0xbb, 0xce, 0xbb,
    0x81, 0x86, 0x0, 0x0, 0x0, 0x5b, 0x0, 0x0,
    0x0, 0x8, 0xff, 0xff, 0xff, 0xff, 0xff, 0xe0,
    0x0, 0x0, 0x0, 0x5c, 0x0, 0x0, 0x0, 0x0,
    0x8, 0x90, 0x5b, 0x7, 0xb0, 0x0, 0x0, 0x7d,
    0x10, 0x5b, 0x0, 0x9c, 0x0, 0xa, 0xc1, 0x0,
    0x6b, 0x0, 0xa, 0xc0, 0x3, 0x0, 0x5f, 0xe6,
    0x0, 0x0, 0x30, 0x0, 0x0, 0x0, 0x0, 0x0,
    0x0, 0x0,

    /* U+4F5C "作" */
    0x0, 0x0, 0x50, 0x3, 0x10, 0x0, 0x0, 0x0,
    0x4, 0xd0, 0xe, 0x20, 0x0, 0x0, 0x0, 0xc,
    0x60, 0x6d, 0x33, 0x33, 0x31, 0x0, 0x4e, 0x0,
    0xdd, 0xfd, 0xcc, 0xc6, 0x1, 0xec, 0x7, 0xc0,
    0xe2, 0x0, 0x0, 0xc, 0xec, 0x3f, 0x20, 0xe4,
    0x22, 0x20, 0x1c, 0x5c, 0x25, 0x0, 0xed, 0xcc,
    0xc2, 0x0, 0x4c, 0x0, 0x0, 0xe2, 0x0, 0x0,
    0x0, 0x4c, 0x0, 0x0, 0xe3, 0x11, 0x10, 0x0,
    0x4c, 0x0, 0x0, 0xee, 0xee, 0xe5, 0x0, 0x4c,
    0x0, 0x0, 0xe2, 0x0, 0x0, 0x0, 0x4c, 0x0,
    0x0, 0xe2, 0x0, 0x0, 0x0, 0x4c, 0x0, 0x0,
    0xe2, 0x0, 0x0,

    /* U+504F "偏" */
    0x0, 0x2, 0x30, 0x0, 0x60, 0x0, 0x0, 0x0,
    0xb6, 0x0, 0xd, 0x40, 0x0, 0x0, 0x4d, 0xf,
    0xdd, 0xdd, 0xde, 0xc0, 0xc, 0x60, 0xf0, 0x0,
    0x0, 0x3c, 0x9, 0xf3, 0xf, 0x99, 0x99, 0x9b,
    0xc7, 0xed, 0x30, 0xf3, 0x33, 0x33, 0x32, 0x63,
    0xc3, 0xe, 0xcd, 0xed, 0xed, 0xe0, 0xc, 0x31,
    0xdc, 0xb, 0xb, 0xd, 0x0, 0xc3, 0x3c, 0xc0,
    0xb0, 0xb0, 0xd0, 0xc, 0x35, 0xad, 0xdf, 0xdf,
    0xdf, 0x0, 0xc3, 0x97, 0xc0, 0xb0, 0xb0, 0xd0,
    0xc, 0x3e, 0x3c, 0xb, 0xb, 0xd, 0x0, 0xc4,
    0xa0, 0xb0, 0x70, 0x7b, 0xa0,

    /* U+505C "停" */
    0x0, 0x6, 0x30, 0x2, 0xa0, 0x0, 0x0, 0x0,
    0x1e, 0x77, 0x78, 0xf9, 0x77, 0x71, 0x0, 0x7a,
    0x46, 0x66, 0x66, 0x66, 0x61, 0x0, 0xe3, 0x9,
    0xcb, 0xbb, 0xbd, 0x0, 0x9, 0xf1, 0xa, 0x40,
    0x0, 0xf, 0x0, 0x4e, 0xe1, 0x9, 0xcc, 0xcc,
    0xcd, 0x0, 0x65, 0xe1, 0x0, 0x0, 0x0, 0x0,
    0x0, 0x0, 0xe1, 0xec, 0xcc, 0xcc, 0xcc, 0xf3,
    0x0, 0xe1, 0xe1, 0x22, 0x22, 0x22, 0xb3, 0x0,
    0xe1, 0x37, 0xbb, 0xfc, 0xba, 0x20, 0x0, 0xe1,
    0x0, 0x0, 0xe1, 0x0, 0x0, 0x0, 0xe1, 0x0,
    0x0, 0xe1, 0x0, 0x0, 0x0, 0xe1, 0x0, 0xce,
    0xd0, 0x0, 0x0, 0x0, 0x0, 0x0, 0x0, 0x0,
    0x0, 0x0,

    /* U+5145 "充" */
    0x0, 0x0, 0x0, 0x0, 0x0, 0x0, 0x0, 0x0,
    0x0, 0x0, 0xb5, 0x0, 0x0, 0x0, 0x0, 0x0,
    0x0, 0x4e, 0x0, 0x0, 0x0, 0xb, 0xbb, 0xbb,
    0xbd, 0xbb, 0xbb, 0xb1, 0x4, 0x44, 0x9e, 0x54,
    0x45, 0x44, 0x40, 0x0, 0x2, 0xe3, 0x0, 0x4d,
    0x20, 0x0, 0x0, 0x2e, 0x50, 0x0, 0x5, 0xe3,
    0x0, 0x1, 0xee, 0xbc, 0xcd, 0xee, 0xfe, 0x30,
    0x0, 0x76, 0x7e, 0x32, 0xf2, 0x7, 0x70, 0x0,
    0x0, 0x6b, 0x0, 0xf1, 0x0, 0x0, 0x0, 0x0,
    0xb7, 0x0, 0xf1, 0x0, 0x20, 0x0, 0x3, 0xf1,
    0x0, 0xf1, 0x0, 0xa5, 0x0, 0x5f, 0x60, 0x0,
    0xf3, 0x0, 0xc3, 0xd, 0xd5, 0x0, 0x0, 0xaf,
    0xff, 0xc0, 0x2, 0x0, 0x0, 0x0, 0x0, 0x0,
    0x0,

    /* U+5165 "入" */
    0x0, 0x0, 0x20, 0x0, 0x0, 0x0, 0x0, 0x0,
    0x0, 0x9c, 0x10, 0x0, 0x0, 0x0, 0x0, 0x0,
    0xa, 0xc0, 0x0, 0x0, 0x0, 0x0, 0x0, 0x0,
    0xd8, 0x0, 0x0, 0x0, 0x0, 0x0, 0x0, 0xdf,
    0x10, 0x0, 0x0, 0x0, 0x0, 0x2, 0xfa, 0x90,
    0x0, 0x0, 0x0, 0x0, 0x7, 0xb1, 0xf2, 0x0,
    0x0, 0x0, 0x0, 0xe, 0x50, 0x8b, 0x0, 0x0,
    0x0, 0x0, 0x8c, 0x0, 0x1f, 0x50, 0x0, 0x0,
    0x4, 0xf3, 0x0, 0x7, 0xe1, 0x0, 0x0, 0x3f,
    0x70, 0x0, 0x0, 0xbc, 0x10, 0x7, 0xf8, 0x0,
    0x0, 0x0, 0x1c, 0xe2, 0x2d, 0x50, 0x0, 0x0,
    0x0, 0x0, 0x92, 0x0, 0x0, 0x0, 0x0, 0x0,
    0x0, 0x0,

    /* U+5173 "关" */
    0x0, 0x7, 0x30, 0x0, 0x3, 0xa0, 0x0, 0x0,
    0x4, 0xe0, 0x0, 0xb, 0x70, 0x0, 0x0, 0x0,
    0xb3, 0x0, 0x4d, 0x0, 0x0, 0x2, 0xff, 0xff,
    0xff, 0xff, 0xff, 0x50, 0x0, 0x11, 0x11, 0x9a,
    0x11, 0x11, 0x0, 0x0, 0x0, 0x0, 0x8a, 0x0,
    0x0, 0x0, 0x1, 0x11, 0x11, 0x9a, 0x11, 0x11,
    0x10, 0xf, 0xff, 0xff, 0xff, 0xff, 0xff, 0xf1,
    0x0, 0x0, 0x1, 0xff, 0x40, 0x0, 0x0, 0x0,
    0x0, 0xa, 0xc4, 0xe1, 0x0, 0x0, 0x0, 0x1,
    0xae, 0x20, 0x8d, 0x20, 0x0, 0x0, 0x6e, 0xc2,
    0x0, 0x7, 0xf8, 0x20, 0x1e, 0xc5, 0x0, 0x0,
    0x0, 0x3b, 0xf2, 0x1, 0x0, 0x0, 0x0, 0x0,
    0x0, 0x0,

    /* U+5206 "分" */
    0x0, 0x0, 0x10, 0x0, 0x1, 0x0, 0x0, 0x0,
    0x0, 0xd6, 0x0, 0x4e, 0x0, 0x0, 0x0, 0x6,
    0xe0, 0x0, 0xa, 0x80, 0x0, 0x0, 0x1e, 0x60,
    0x0, 0x1, 0xf3, 0x0, 0x1, 0xca, 0x0, 0x0,
    0x0, 0x6e, 0x20, 0x1c, 0xe4, 0x33, 0x33, 0x33,
    0x4b, 0xe2, 0x19, 0x5c, 0xce, 0xdc, 0xcc, 0xf5,
    0x70, 0x0, 0x0, 0xd, 0x40, 0x0, 0xc4, 0x0,
    0x0, 0x0, 0x1f, 0x10, 0x0, 0xd3, 0x0, 0x0,
    0x0, 0x8a, 0x0, 0x0, 0xf2, 0x0, 0x0, 0x4,
    0xe3, 0x0, 0x1, 0xf0, 0x0, 0x0, 0x7f, 0x40,
    0x0, 0x6, 0xd0, 0x0, 0xd, 0xa2, 0x0, 0xe,
    0xff, 0x60, 0x0, 0x0, 0x0, 0x0, 0x0, 0x0,
    0x0, 0x0,

    /* U+5230 "到" */
    0x0, 0x0, 0x0, 0x0, 0x0, 0x1, 0xe0, 0xee,
    0xff, 0xee, 0xe2, 0x80, 0x1e, 0x0, 0x1e, 0x13,
    0x20, 0xf, 0x1, 0xe0, 0x9, 0x70, 0x3d, 0x0,
    0xf0, 0x1e, 0x5, 0xf7, 0x89, 0xe9, 0xf, 0x1,
    0xe0, 0x59, 0x76, 0x43, 0xc0, 0xf0, 0x1e, 0x0,
    0x0, 0xd1, 0x0, 0xf, 0x1, 0xe0, 0x47, 0x7e,
    0x87, 0x70, 0xf0, 0x1e, 0x4, 0x77, 0xe8, 0x77,
    0xf, 0x1, 0xe0, 0x0, 0xd, 0x10, 0x0, 0xf0,
    0x1e, 0x0, 0x0, 0xe6, 0x7b, 0x0, 0x1, 0xe0,
    0x8b, 0xee, 0xb8, 0x40, 0x0, 0x2e, 0x7, 0x51,
    0x0, 0x0, 0x2, 0xff, 0x80, 0x0, 0x0, 0x0,
    0x0, 0x0, 0x0,

    /* U+524D "前" */
    0x0, 0x0, 0x0, 0x0, 0x0, 0x0, 0x0, 0x0,
    0x9, 0x70, 0x0, 0x1, 0xe2, 0x0, 0x0, 0x2,
    0xf2, 0x0, 0x9, 0xa0, 0x0, 0xc, 0xcc, 0xec,
    0xcc, 0xcf, 0xdc, 0xc5, 0x3, 0x33, 0x33, 0x33,
    0x33, 0x33, 0x31, 0x0, 0x33, 0x33, 0x30, 0x0,
    0x4, 0x40, 0x2, 0xfb, 0xbb, 0xe0, 0x59, 0x8,
    0x80, 0x2, 0xc0, 0x1, 0xe0, 0x59, 0x8, 0x80,
    0x2, 0xfd, 0xdd, 0xe0, 0x59, 0x8, 0x80, 0x2,
    0xc0, 0x1, 0xe0, 0x59, 0x8, 0x80, 0x2, 0xea,
    0xaa, 0xe0, 0x59, 0x8, 0x80, 0x2, 0xd2, 0x24,
    0xe0, 0x47, 0x8, 0x80, 0x2, 0xc0, 0x1, 0xe0,
    0x0, 0x8, 0x80, 0x2, 0xc0, 0xae, 0xa0, 0x7,
    0xfe, 0x40, 0x0, 0x0, 0x0, 0x0, 0x0, 0x0,
    0x0,

    /* U+52A8 "动" */
    0x0, 0x0, 0x0, 0x0, 0xd, 0x20, 0x0, 0xa,
    0xdd, 0xdd, 0x80, 0xe, 0x20, 0x0, 0x1, 0x11,
    0x11, 0x10, 0xe, 0x20, 0x0, 0x0, 0x0, 0x0,
    0x7, 0x8f, 0x98, 0x81, 0x0, 0x0, 0x0, 0x9,
    0xaf, 0xaa, 0xf3, 0x3e, 0xef, 0xee, 0xd0, 0xf,
    0x0, 0xd2, 0x0, 0x78, 0x0, 0x0, 0x1e, 0x0,
    0xe2, 0x0, 0xc3, 0xb, 0x0, 0x4c, 0x0, 0xe1,
    0x1, 0xd0, 0xa, 0x40, 0x78, 0x0, 0xf0, 0x7,
    0x82, 0x5b, 0xa0, 0xc5, 0x0, 0xf0, 0xe, 0xfc,
    0x95, 0xe4, 0xe0, 0x2, 0xd0, 0x4, 0x0, 0x0,
    0x1d, 0x70, 0x7, 0xb0, 0x0, 0x0, 0x0, 0x5b,
    0xb, 0xfe, 0x40, 0x0, 0x0, 0x0, 0x0, 0x0,
    0x0, 0x0,

    /* U+5300 "匀" */
    0x0, 0x0, 0x60, 0x0, 0x0, 0x0, 0x0, 0x0,
    0x6d, 0x0, 0x0, 0x0, 0x0, 0x0, 0xd, 0x93,
    0x33, 0x33, 0x33, 0x10, 0x6, 0xfc, 0xcc, 0xcc,
    0xcc, 0xf6, 0x2, 0xe4, 0x0, 0x0, 0x0, 0xb,
    0x51, 0xd9, 0x49, 0x10, 0x0, 0x0, 0xb5, 0x7b,
    0x0, 0x8e, 0x60, 0x0, 0xc, 0x40, 0x0, 0x0,
    0x2c, 0x30, 0x0, 0xd3, 0x0, 0x0, 0x0, 0x3,
    0x70, 0xe, 0x20, 0x0, 0x4, 0x9e, 0xc7, 0x0,
    0xf1, 0x1, 0xaf, 0xd7, 0x20, 0x0, 0x2f, 0x0,
    0x7, 0x20, 0x0, 0x10, 0x8, 0xc0, 0x0, 0x0,
    0x0, 0xd, 0xff, 0xe3, 0x0, 0x0, 0x0, 0x0,
    0x0, 0x0, 0x0,

    /* U+5355 "单" */
    0x0, 0x1, 0x30, 0x0, 0x0, 0x50, 0x0, 0x0,
    0x2, 0xe2, 0x0, 0x7, 0xc0, 0x0, 0x0, 0x11,
    0x8a, 0x11, 0x3f, 0x41, 0x0, 0x0, 0xcd, 0xcc,
    0xde, 0xcc, 0xcf, 0x30, 0x0, 0xc4, 0x0, 0x6a,
    0x0, 0xd, 0x30, 0x0, 0xcd, 0xdd, 0xef, 0xdd,
    0xdf, 0x30, 0x0, 0xc4, 0x0, 0x6a, 0x0, 0xd,
    0x30, 0x0, 0xcd, 0xdd, 0xef, 0xdd, 0xdf, 0x30,
    0x0, 0x1, 0x11, 0x7b, 0x11, 0x11, 0x0, 0x2,
    0x22, 0x22, 0x7b, 0x22, 0x22, 0x21, 0x1c, 0xcc,
    0xcc, 0xef, 0xcc, 0xcc, 0xc5, 0x0, 0x0, 0x0,
    0x6a, 0x0, 0x0, 0x0, 0x0, 0x0, 0x0, 0x6a,
    0x0, 0x0, 0x0,

    /* U+5373 "即" */
    0x4f, 0xee, 0xef, 0x1c, 0xee, 0xee, 0x4, 0xc0,
    0x0, 0xe1, 0xd4, 0x1, 0xf0, 0x4c, 0x0, 0xe,
    0x1d, 0x30, 0xf, 0x4, 0xfe, 0xee, 0xf1, 0xd3,
    0x0, 0xf0, 0x4c, 0x0, 0xe, 0x1d, 0x30, 0xf,
    0x4, 0xc2, 0x22, 0xe1, 0xd3, 0x0, 0xf0, 0x4f,
    0xcc, 0xcc, 0x1d, 0x30, 0xf, 0x4, 0xc0, 0x17,
    0x0, 0xd3, 0x0, 0xf0, 0x4c, 0x0, 0xd3, 0xd,
    0x3b, 0xdd, 0x4, 0xd6, 0xbe, 0xc0, 0xd3, 0x12,
    0x0, 0xbf, 0xb5, 0xd, 0x3d, 0x30, 0x0, 0x3,
    0x10, 0x0, 0x10, 0xd3, 0x0, 0x0,

    /* U+53D6 "取" */
    0x7f, 0xff, 0xff, 0xd0, 0x0, 0x0, 0x0, 0x8,
    0x70, 0x2d, 0xf, 0xff, 0xff, 0xc0, 0x8, 0x70,
    0x2d, 0x3, 0xb0, 0x5, 0x80, 0x8, 0xfe, 0xed,
    0x0, 0xe0, 0x9, 0x50, 0x8, 0x70, 0x2d, 0x0,
    0xd1, 0xd, 0x20, 0x8, 0x70, 0x2d, 0x0, 0x96,
    0x2d, 0x0, 0x8, 0xfe, 0xed, 0x0, 0x3c, 0x97,
    0x0, 0x8, 0x70, 0x2d, 0x0, 0xd, 0xe1, 0x0,
    0x8, 0x82, 0x6e, 0x90, 0xb, 0xc0, 0x0, 0x6e,
    0xeb, 0xae, 0x30, 0x6d, 0xc7, 0x0, 0x11, 0x0,
    0x2d, 0x7, 0xe1, 0x1e, 0x80, 0x0, 0x0, 0x2d,
    0x2c, 0x10, 0x1, 0xb2, 0x0, 0x0, 0x0, 0x0,
    0x0, 0x0, 0x0,

    /* U+53EF "可" */
    0x3f, 0xff, 0xff, 0xff, 0xff, 0xff, 0xf4, 0x1,
    0x11, 0x11, 0x11, 0x11, 0x99, 0x10, 0x0, 0x0,
    0x0, 0x0, 0x0, 0x88, 0x0, 0x0, 0xbd, 0xdd,
    0xdd, 0x0, 0x88, 0x0, 0x0, 0xc5, 0x11, 0x3f,
    0x0, 0x88, 0x0, 0x0, 0xc3, 0x0, 0x1f, 0x0,
    0x88, 0x0, 0x0, 0xc3, 0x0, 0x1f, 0x0, 0x88,
    0x0, 0x0, 0xc6, 0x33, 0x4f, 0x0, 0x88, 0x0,
    0x0, 0xcd, 0xcc, 0xcc, 0x0, 0x88, 0x0, 0x0,
    0x61, 0x0, 0x0, 0x0, 0x88, 0x0, 0x0, 0x0,
    0x0, 0x1, 0x11, 0xa8, 0x0, 0x0, 0x0, 0x0,
    0x5, 0xff, 0xd3, 0x0,

    /* U+53F0 "台" */
    0x0, 0x0, 0x16, 0x0, 0x0, 0x0, 0x0, 0x0,
    0xb, 0xa0, 0x0, 0x0, 0x0, 0x0, 0x8, 0xc0,
    0x0, 0xb2, 0x0, 0x0, 0x6, 0xd1, 0x0, 0x5,
    0xe3, 0x0, 0x6, 0xd2, 0x12, 0x23, 0x4a, 0xe2,
    0x3, 0xff, 0xfe, 0xdc, 0xbb, 0xaa, 0xd1, 0x1,
    0x0, 0x0, 0x0, 0x0, 0x5, 0x10, 0x4f, 0xff,
    0xff, 0xff, 0xfe, 0x0, 0x4, 0xc0, 0x0, 0x0,
    0x3, 0xe0, 0x0, 0x4c, 0x0, 0x0, 0x0, 0x3e,
    0x0, 0x4, 0xc0, 0x0, 0x0, 0x3, 0xe0, 0x0,
    0x4f, 0xee, 0xee, 0xee, 0xee, 0x0, 0x4, 0xc1,
    0x11, 0x11, 0x14, 0xe0, 0x0,

    /* U+5404 "各" */
    0x0, 0x0, 0x8, 0x10, 0x0, 0x0, 0x0, 0x0,
    0x0, 0xac, 0x11, 0x11, 0x10, 0x0, 0x0, 0x8,
    0xfd, 0xdd, 0xde, 0xf4, 0x0, 0x1, 0xad, 0xe4,
    0x0, 0x1c, 0x80, 0x0, 0xd, 0x90, 0x3e, 0x74,
    0xd8, 0x0, 0x0, 0x1, 0x0, 0x4, 0xff, 0x80,
    0x0, 0x0, 0x0, 0x5, 0xbd, 0x65, 0xdc, 0x61,
    0x0, 0x3c, 0xeb, 0x50, 0x0, 0x4, 0xaf, 0xd4,
    0x14, 0x2e, 0xee, 0xee, 0xee, 0xe2, 0x40, 0x0,
    0x1e, 0x0, 0x0, 0x0, 0xf2, 0x0, 0x0, 0x1e,
    0x0, 0x0, 0x0, 0xe2, 0x0, 0x0, 0x1f, 0x33,
    0x33, 0x33, 0xf2, 0x0, 0x0, 0x1f, 0xbb, 0xbb,
    0xbb, 0xf2, 0x0,

    /* U+540E "后" */
    0x0, 0x0, 0x0, 0x2, 0x46, 0x98, 0x0, 0x0,
    0x9c, 0xde, 0xed, 0xb9, 0x63, 0x0, 0x0, 0xe5,
    0x10, 0x0, 0x0, 0x0, 0x0, 0x0, 0xe2, 0x0,
    0x0, 0x0, 0x0, 0x0, 0x0, 0xef, 0xff, 0xff,
    0xff, 0xff, 0xf5, 0x0, 0xe3, 0x0, 0x0, 0x0,
    0x0, 0x0, 0x0, 0xf1, 0x0, 0x0, 0x0, 0x0,
    0x0, 0x1, 0xf0, 0xce, 0xee, 0xee, 0xee, 0x20,
    0x2, 0xe0, 0xd3, 0x0, 0x0, 0xe, 0x20, 0x6,
    0xb0, 0xd3, 0x0, 0x0, 0xe, 0x20, 0xb, 0x70,
    0xd3, 0x0, 0x0, 0xe, 0x20, 0x3f, 0x10, 0xdd,
    0xcc, 0xcc, 0xcf, 0x20, 0x37, 0x0, 0xd5, 0x22,
    0x22, 0x2e, 0x20,

    /* U+5438 "吸" */
    0x33, 0x32, 0xaf, 0xff, 0xff, 0x70, 0xe, 0xcc,
    0xc0, 0x3c, 0x0, 0xc3, 0x0, 0xe0, 0x1c, 0x4,
    0xa0, 0xe, 0x0, 0xe, 0x1, 0xc0, 0x59, 0x4,
    0xb0, 0x0, 0xe0, 0x1c, 0x7, 0xd0, 0x7e, 0xed,
    0xe, 0x1, 0xc0, 0x9f, 0x30, 0x6, 0x90, 0xe0,
    0x1c, 0xc, 0x9b, 0x0, 0xc4, 0xe, 0xcd, 0xc0,
    0xd0, 0xe5, 0x5d, 0x0, 0xe2, 0x22, 0x5a, 0x5,
    0xee, 0x40, 0xe, 0x0, 0xb, 0x60, 0xd, 0xe0,
    0x0, 0x0, 0x4, 0xc0, 0xa, 0xcc, 0xd3, 0x0,
    0x0, 0xe3, 0x1e, 0xa0, 0x8, 0xf5, 0x0, 0x2,
    0x0, 0x20, 0x0, 0x1, 0x0,

    /* U+547C "呼" */
    0x0, 0x0, 0x0, 0x0, 0x0, 0x11, 0x1, 0x11,
    0x4, 0x67, 0x9b, 0xee, 0x90, 0xfe, 0xf3, 0x88,
    0x77, 0xe1, 0x0, 0xe, 0xb, 0x33, 0x80, 0x2e,
    0x2, 0xd0, 0xe0, 0xb3, 0xe, 0x22, 0xe0, 0x78,
    0xe, 0xb, 0x30, 0xa7, 0x2e, 0xd, 0x10, 0xe0,
    0xb3, 0x3, 0x42, 0xe1, 0x50, 0xe, 0xb, 0x5e,
    0xee, 0xef, 0xee, 0xe8, 0xfe, 0xf3, 0x0, 0x2,
    0xe0, 0x0, 0xf, 0x0, 0x0, 0x0, 0x2e, 0x0,
    0x0, 0xb0, 0x0, 0x0, 0x2, 0xe0, 0x0, 0x0,
    0x0, 0x0, 0x0, 0x3e, 0x0, 0x0, 0x0, 0x0,
    0x6, 0xff, 0x80, 0x0, 0x0, 0x0, 0x0, 0x0,
    0x0, 0x0, 0x0,

    /* U+548C "和" */
    0x0, 0x0, 0x3, 0x20, 0x0, 0x0, 0x0, 0x58,
    0xbe, 0xc5, 0x23, 0x33, 0x33, 0x7, 0x6a, 0x70,
    0x8, 0xec, 0xcd, 0xd0, 0x0, 0x87, 0x0, 0x88,
    0x0, 0x3d, 0x3d, 0xde, 0xed, 0xc8, 0x80, 0x3,
    0xd0, 0x23, 0xfa, 0x22, 0x88, 0x0, 0x3d, 0x0,
    0x7f, 0xf6, 0x8, 0x80, 0x3, 0xd0, 0xd, 0xa8,
    0xd4, 0x88, 0x0, 0x3d, 0x8, 0x88, 0x73, 0x98,
    0x80, 0x3, 0xd4, 0xd0, 0x87, 0x0, 0x88, 0x0,
    0x3d, 0x43, 0x8, 0x70, 0x8, 0xfe, 0xee, 0xd0,
    0x0, 0x87, 0x0, 0x89, 0x11, 0x4d, 0x0, 0x8,
    0x70, 0x6, 0x50, 0x1, 0x80,

    /* U+5495 "咕" */
    0x0, 0x0, 0x0, 0x0, 0xf0, 0x0, 0x7, 0x77,
    0x70, 0x0, 0xf, 0x0, 0x0, 0xf8, 0x8f, 0x10,
    0x0, 0xf0, 0x0, 0xf, 0x0, 0xe5, 0xff, 0xff,
    0xff, 0xf7, 0xf0, 0xe, 0x10, 0x1, 0xf0, 0x0,
    0xf, 0x0, 0xe1, 0x0, 0xf, 0x0, 0x0, 0xf0,
    0xe, 0x10, 0x0, 0xf0, 0x0, 0xf, 0x0, 0xe1,
    0xcf, 0xff, 0xff, 0xe0, 0xfc, 0xcf, 0x1c, 0x40,
    0x0, 0x2e, 0xf, 0x22, 0x20, 0xc4, 0x0, 0x2,
    0xe0, 0xa0, 0x0, 0xc, 0x40, 0x0, 0x2e, 0x0,
    0x0, 0x0, 0xce, 0xdd, 0xdd, 0xe0, 0x0, 0x0,
    0xc, 0x51, 0x11, 0x3d, 0x0,

    /* U+54CD "响" */
    0x0, 0x0, 0x0, 0x1, 0x70, 0x0, 0x3, 0x33,
    0x20, 0x0, 0x6c, 0x0, 0x0, 0xfc, 0xcb, 0x2,
    0x2b, 0x82, 0x22, 0xe, 0x2, 0xb3, 0xfb, 0xbb,
    0xbb, 0xf1, 0xe0, 0x2b, 0x3c, 0x0, 0x0, 0xf,
    0x1e, 0x2, 0xb3, 0xc0, 0xdc, 0xc0, 0xf1, 0xe0,
    0x2b, 0x3c, 0xb, 0xb, 0xf, 0x1e, 0x2, 0xb3,
    0xc0, 0xb0, 0xb0, 0xf1, 0xf9, 0xab, 0x3c, 0xb,
    0xb, 0xf, 0x1f, 0x66, 0x43, 0xc0, 0xfc, 0xb0,
    0xf1, 0xb0, 0x0, 0x3c, 0x6, 0x0, 0xf, 0x10,
    0x0, 0x3, 0xc0, 0x0, 0x0, 0xf1, 0x0, 0x0,
    0x3c, 0x0, 0x5, 0xed, 0x0, 0x0, 0x0, 0x0,
    0x0, 0x0, 0x0,

    /* U+556A "啪" */
    0x0, 0x0, 0x0, 0x0, 0x0, 0x0, 0x0, 0x0,
    0xe, 0x0, 0x7, 0x60, 0x88, 0x80, 0xe, 0x0,
    0xb, 0x30, 0xe7, 0xe0, 0xe, 0x0, 0x3e, 0x43,
    0xd0, 0xd7, 0xff, 0xe4, 0xfc, 0xce, 0xd0, 0xd0,
    0x1e, 0x2, 0xb0, 0xe, 0xd0, 0xd0, 0xe, 0x2,
    0xb0, 0xe, 0xd0, 0xd0, 0x3f, 0xe4, 0xc1, 0x1e,
    0xd0, 0xd6, 0xee, 0x12, 0xfc, 0xce, 0xfc, 0xf0,
    0xe, 0x2, 0xb0, 0xe, 0xd2, 0x20, 0xe, 0x2,
    0xb0, 0xe, 0x90, 0x0, 0xe, 0x2, 0xb0, 0xe,
    0x0, 0x0, 0x1e, 0x2, 0xfd, 0xde, 0x0, 0x5,
    0xe9, 0x2, 0xc2, 0x2d,

    /* U+5578 "啸" */
    0x0, 0x0, 0x0, 0xd, 0x10, 0x0, 0xd, 0xdd,
    0x4, 0xbb, 0xfb, 0xbb, 0x80, 0xd0, 0xd0, 0x2,
    0x2e, 0x32, 0x4c, 0xd, 0xd, 0x6c, 0xcc, 0xfd,
    0xcd, 0xf8, 0xd0, 0xd0, 0x0, 0xe, 0x10, 0x2c,
    0xd, 0xd, 0x6, 0xdd, 0xfd, 0xdd, 0xc0, 0xd0,
    0xd0, 0x0, 0xe, 0x20, 0x0, 0xd, 0xd, 0xd,
    0x2, 0xd2, 0x20, 0xd0, 0xe1, 0xd0, 0xe3, 0x8d,
    0x3c, 0xd, 0xf, 0xcc, 0xe, 0x55, 0xd1, 0xc2,
    0xd0, 0xb0, 0x2, 0xca, 0x1d, 0x18, 0x6d, 0x0,
    0x0, 0x97, 0x60, 0xd1, 0x24, 0xd0, 0x0, 0x1d,
    0x10, 0xd, 0x10, 0xd, 0x0, 0x0, 0x0, 0x0,
    0x0, 0x0, 0x0,

    /* U+561F "嘟" */
    0x0, 0x0, 0xd, 0x1, 0x30, 0x0, 0xc, 0xda,
    0x0, 0xd0, 0x88, 0xdd, 0xd2, 0xd2, 0xc5, 0xdf,
    0xed, 0x2c, 0x3e, 0xd, 0xc, 0x0, 0xd8, 0x72,
    0xa2, 0xa0, 0xd0, 0xca, 0xdf, 0xfd, 0x7a, 0x75,
    0xd, 0xc, 0x1, 0xe4, 0x2, 0xab, 0x10, 0xd0,
    0xc0, 0xca, 0x11, 0x2a, 0x59, 0xd, 0xd, 0xdf,
    0xcc, 0xe2, 0xa0, 0xd0, 0xd3, 0xc3, 0xc0, 0xe,
    0x2a, 0xb, 0x1e, 0xa8, 0xc, 0xdc, 0xe2, 0xa0,
    0xc1, 0xb0, 0x0, 0xc0, 0xe, 0x2b, 0xb8, 0x0,
    0x0, 0xc, 0xdd, 0xe2, 0xa0, 0x0, 0x0, 0x0,
    0xb0, 0xe, 0x2a, 0x0, 0x0,

    /* U+566A "噪" */
    0x44, 0x40, 0x7, 0xec, 0xcd, 0xc0, 0xe, 0xbf,
    0x0, 0x78, 0x0, 0x2c, 0x0, 0xd0, 0xc0, 0x6,
    0xb9, 0x9a, 0xa0, 0xd, 0xc, 0xa, 0xbb, 0x84,
    0xbb, 0xb2, 0xd0, 0xc0, 0xd0, 0x1c, 0x67, 0xa,
    0x3d, 0xc, 0xd, 0x0, 0xc6, 0x60, 0xa3, 0xd0,
    0xc0, 0xbc, 0xcc, 0xac, 0xcc, 0x2e, 0x1d, 0x10,
    0x0, 0x5b, 0x0, 0x0, 0xfe, 0xe4, 0xdd, 0xdf,
    0xfe, 0xdd, 0x7d, 0x0, 0x0, 0x2c, 0xcd, 0xd4,
    0x0, 0x0, 0x4, 0xad, 0x34, 0xa1, 0xca, 0x20,
    0x1, 0x94, 0x0, 0x4a, 0x0, 0x53,

    /* U+567C "噼" */
    0x0, 0x0, 0x0, 0x0, 0x4, 0x50, 0x7, 0x77,
    0xe, 0xde, 0x90, 0x3c, 0x0, 0xf9, 0xf0, 0xd0,
    0x29, 0xee, 0xee, 0x6e, 0xe, 0xd, 0x2, 0x94,
    0x30, 0xa1, 0xe0, 0xe0, 0xe9, 0xa9, 0x48, 0x2c,
    0xe, 0xe, 0xe, 0x44, 0x21, 0x57, 0x60, 0xe0,
    0xe0, 0xe0, 0x1, 0xee, 0xfe, 0x9e, 0xe, 0xf,
    0xba, 0xa0, 0x2c, 0x0, 0xfc, 0xf3, 0xe8, 0xc,
    0x8b, 0xea, 0x4e, 0x22, 0x7b, 0x80, 0xc2, 0x5d,
    0x31, 0xa0, 0xd, 0x78, 0xc, 0x2, 0xc0, 0x0,
    0x0, 0x74, 0xed, 0xa0, 0x2c, 0x0, 0x0, 0x0,
    0x48, 0x0, 0x2, 0xc0, 0x0, 0x0, 0x0, 0x0,
    0x0, 0x2, 0x0,

    /* U+56DE "回" */
    0xef, 0xff, 0xff, 0xff, 0xff, 0xfe, 0xe3, 0x0,
    0x0, 0x0, 0x0, 0x3e, 0xe2, 0x0, 0x0, 0x0,
    0x0, 0x2e, 0xe2, 0xe, 0xff, 0xff, 0xc0, 0x2e,
    0xe2, 0xe, 0x10, 0x2, 0xd0, 0x2e, 0xe2, 0xe,
    0x10, 0x2, 0xd0, 0x2e, 0xe2, 0xe, 0x10, 0x2,
    0xd0, 0x2e, 0xe2, 0xe, 0xfe, 0xef, 0xd0, 0x2e,
    0xe2, 0x0, 0x0, 0x0, 0x0, 0x2e, 0xe2, 0x0,
    0x0, 0x0, 0x0, 0x2e, 0xee, 0xdd, 0xdd, 0xdd,
    0xdd, 0xee, 0xe4, 0x11, 0x11, 0x11, 0x11, 0x4e,

    /* U+5728 "在" */
    0x0, 0x0, 0xa, 0x50, 0x0, 0x0, 0x0, 0x0,
    0x0, 0x1f, 0x20, 0x0, 0x0, 0x0, 0x1c, 0xcc,
    0xdf, 0xcc, 0xcc, 0xcc, 0xc1, 0x3, 0x33, 0xf6,
    0x33, 0x33, 0x33, 0x30, 0x0, 0x8, 0xc0, 0x0,
    0x64, 0x0, 0x0, 0x0, 0x2f, 0x30, 0x0, 0xa6,
    0x0, 0x0, 0x1, 0xdc, 0x0, 0x0, 0xa7, 0x0,
    0x0, 0x1d, 0xeb, 0xb, 0xee, 0xff, 0xee, 0x80,
    0x3b, 0x5b, 0x0, 0x0, 0xa6, 0x0, 0x0, 0x0,
    0x4b, 0x0, 0x0, 0xa6, 0x0, 0x0, 0x0, 0x4b,
    0x0, 0x0, 0xa6, 0x0, 0x0, 0x0, 0x4b, 0x0,
    0x0, 0xa6, 0x0, 0x0, 0x0, 0x4b, 0x5f, 0xff,
    0xff, 0xff, 0xf1,

    /* U+5747 "均" */
    0x0, 0x0, 0x0, 0x1, 0x0, 0x0, 0x0, 0x0,
    0x87, 0x0, 0x1f, 0x0, 0x0, 0x0, 0x0, 0x87,
    0x0, 0x6c, 0x0, 0x0, 0x0, 0x0, 0x87, 0x0,
    0xbc, 0x77, 0x77, 0x70, 0x1, 0x98, 0x13, 0xfb,
    0xbb, 0xbb, 0xf1, 0x3e, 0xff, 0xed, 0xa0, 0x0,
    0x0, 0xf0, 0x0, 0x87, 0x3e, 0x4c, 0x20, 0x0,
    0xf0, 0x0, 0x87, 0x1, 0x5, 0xe3, 0x0, 0xf0,
    0x0, 0x87, 0x0, 0x0, 0x43, 0x1, 0xf0, 0x0,
    0x88, 0x53, 0x0, 0x27, 0x62, 0xe0, 0x17, 0xdf,
    0xa6, 0x7c, 0xd8, 0x23, 0xd0, 0x49, 0x40, 0x6,
    0x83, 0x0, 0x5, 0xb0, 0x0, 0x0, 0x0, 0x0,
    0x0, 0xa, 0x80, 0x0, 0x0, 0x0, 0x0, 0x3f,
    0xfd, 0x20, 0x0, 0x0, 0x0, 0x0, 0x0, 0x0,
    0x0,

    /* U+5757 "块" */
    0x0, 0x96, 0x0, 0x0, 0xe1, 0x0, 0x0, 0x0,
    0x96, 0x0, 0x0, 0xe1, 0x0, 0x0, 0x0, 0x96,
    0x3, 0x55, 0xf7, 0x55, 0x0, 0x2, 0xa8, 0x27,
    0xcc, 0xfd, 0xcf, 0x10, 0x3d, 0xee, 0xc0, 0x0,
    0xe1, 0xe, 0x10, 0x0, 0x96, 0x0, 0x0, 0xe1,
    0xe, 0x10, 0x0, 0x96, 0x1, 0x11, 0xf2, 0x1e,
    0x20, 0x0, 0x96, 0xc, 0xee, 0xff, 0xee, 0xe1,
    0x0, 0x99, 0xa0, 0x5, 0xde, 0x0, 0x0, 0x17,
    0xec, 0x50, 0xb, 0x79, 0x70, 0x0, 0x4b, 0x40,
    0x0, 0x5e, 0x2, 0xe1, 0x0, 0x0, 0x0, 0x5,
    0xf3, 0x0, 0x9c, 0x10, 0x0, 0x0, 0x9d, 0x30,
    0x0, 0x9, 0xe1, 0x0, 0x0, 0x20, 0x0, 0x0,
    0x0, 0x20,

    /* U+5883 "境" */
    0x0, 0x0, 0x0, 0x0, 0x20, 0x0, 0x0, 0x0,
    0xe1, 0x0, 0x0, 0xc4, 0x0, 0x0, 0x0, 0xe1,
    0x8, 0xdd, 0xff, 0xdd, 0x60, 0x0, 0xe1, 0x0,
    0x46, 0x0, 0x91, 0x0, 0x12, 0xe4, 0x10, 0x2b,
    0x1, 0xd0, 0x0, 0x6d, 0xfd, 0x6e, 0xee, 0xee,
    0xee, 0xb0, 0x0, 0xe1, 0x2, 0x66, 0x66, 0x66,
    0x0, 0x0, 0xe1, 0x5, 0xb3, 0x33, 0x3f, 0x10,
    0x0, 0xe1, 0x5, 0xeb, 0xbb, 0xbf, 0x10, 0x0,
    0xe1, 0x5, 0xa0, 0x0, 0xf, 0x10, 0x0, 0xec,
    0xa3, 0xaf, 0xbe, 0xca, 0x0, 0x7f, 0xb5, 0x0,
    0x1e, 0x9, 0x50, 0x10, 0x11, 0x0, 0x1, 0xb8,
    0x9, 0x60, 0xb2, 0x0, 0x0, 0x9e, 0x70, 0x6,
    0xdd, 0xc0, 0x0, 0x0, 0x10, 0x0, 0x0, 0x0,
    0x0,

    /* U+58F0 "声" */
    0x0, 0x0, 0x0, 0x87, 0x0, 0x0, 0x0, 0xc,
    0xcc, 0xcc, 0xee, 0xcc, 0xcc, 0xc0, 0x1, 0x11,
    0x11, 0x98, 0x11, 0x11, 0x10, 0x0, 0x11, 0x11,
    0x98, 0x11, 0x11, 0x0, 0x2, 0xdd, 0xdd, 0xdd,
    0xdd, 0xdd, 0x50, 0x0, 0x0, 0x0, 0x0, 0x0,
    0x0, 0x0, 0x0, 0xdd, 0xcc, 0xee, 0xcc, 0xcf,
    0x10, 0x0, 0xd2, 0x0, 0x87, 0x0, 0xe, 0x10,
    0x0, 0xf2, 0x0, 0x88, 0x0, 0xe, 0x10, 0x1,
    0xfd, 0xdd, 0xdd, 0xdd, 0xdf, 0x10, 0x4, 0xc0,
    0x0, 0x0, 0x0, 0x8, 0x10, 0xb, 0x70, 0x0,
    0x0, 0x0, 0x0, 0x0, 0x5d, 0x0, 0x0, 0x0,
    0x0, 0x0, 0x0, 0x2, 0x0, 0x0, 0x0, 0x0,
    0x0, 0x0,

    /* U+5904 "处" */
    0x0, 0xc, 0x30, 0x0, 0x3e, 0x0, 0x0, 0x0,
    0x1f, 0x10, 0x0, 0x3e, 0x0, 0x0, 0x0, 0x4f,
    0xcb, 0xc2, 0x3e, 0x0, 0x0, 0x0, 0x8a, 0x33,
    0xf1, 0x3f, 0x30, 0x0, 0x0, 0xd6, 0x1, 0xe0,
    0x3f, 0xe3, 0x0, 0x4, 0xfa, 0x5, 0xb0, 0x3e,
    0x4e, 0x10, 0xd, 0x6e, 0xa, 0x70, 0x3e, 0x7,
    0xc0, 0x3, 0x9, 0x8f, 0x10, 0x3e, 0x0, 0x81,
    0x0, 0x2, 0xfa, 0x0, 0x3e, 0x0, 0x0, 0x0,
    0x3, 0xfc, 0x0, 0x3e, 0x0, 0x0, 0x0, 0x1e,
    0x6a, 0xb1, 0x14, 0x0, 0x0, 0x2, 0xca, 0x0,
    0x9f, 0x95, 0x33, 0x32, 0x1e, 0x90, 0x0, 0x2,
    0x8c, 0xde, 0xe6, 0x2, 0x0, 0x0, 0x0, 0x0,
    0x0, 0x0,

    /* U+590F "夏" */
    0xd, 0xdd, 0xdd, 0xfe, 0xdd, 0xdd, 0xd0, 0x0,
    0x6a, 0xaa, 0xec, 0xaa, 0xa6, 0x0, 0x0, 0x98,
    0x22, 0x22, 0x22, 0x89, 0x0, 0x0, 0x9b, 0x88,
    0x88, 0x88, 0xb9, 0x0, 0x0, 0x9c, 0xaa, 0xaa,
    0xaa, 0xc9, 0x0, 0x0, 0x98, 0x22, 0x22, 0x22,
    0x89, 0x0, 0x0, 0x58, 0xbf, 0x88, 0x88, 0x85,
    0x0, 0x0, 0x6, 0xfe, 0xbb, 0xbb, 0xa0, 0x0,
    0x7, 0xd9, 0xc7, 0x0, 0x3d, 0x60, 0x0, 0x8,
    0x10, 0xa, 0xb9, 0xd4, 0x0, 0x0, 0x1, 0x35,
    0x9d, 0xbb, 0xea, 0x64, 0x20, 0x4d, 0xa8, 0x40,
    0x0, 0x5, 0x8b, 0xd3,

    /* U+591C "夜" */
    0x0, 0x0, 0x0, 0x72, 0x0, 0x0, 0x0, 0x0,
    0x0, 0x0, 0x8b, 0x0, 0x0, 0x0, 0x2e, 0xef,
    0xfe, 0xef, 0xfe, 0xee, 0xe2, 0x0, 0x4, 0xc0,
    0x7, 0xa0, 0x0, 0x0, 0x0, 0xd, 0x40, 0x1e,
    0xed, 0xdd, 0x90, 0x0, 0x8c, 0x0, 0x98, 0x41,
    0x1a, 0x60, 0x7, 0xfb, 0x8, 0xf2, 0xb7, 0x1e,
    0x0, 0x5e, 0x7b, 0x6d, 0x89, 0x8, 0x99, 0x0,
    0x13, 0x4b, 0x11, 0xb, 0x55, 0xd0, 0x0, 0x0,
    0x4b, 0x0, 0x1, 0xee, 0x20, 0x0, 0x0, 0x4b,
    0x0, 0x7, 0xee, 0x70, 0x0, 0x0, 0x4b, 0x5,
    0xdb, 0x12, 0xdc, 0x50, 0x0, 0x4b, 0x6c, 0x40,
    0x0, 0x6, 0xd4, 0x0, 0x0, 0x0, 0x0, 0x0,
    0x0, 0x0,

    /* U+594F "奏" */
    0x0, 0x0, 0x0, 0x0, 0x0, 0x0, 0x0, 0x0,
    0x0, 0x0, 0x88, 0x0, 0x0, 0x0, 0x3, 0xdd,
    0xdd, 0xff, 0xdd, 0xdd, 0x40, 0x0, 0x0, 0x0,
    0xd3, 0x0, 0x0, 0x0, 0x0, 0x9d, 0xde, 0xfe,
    0xdd, 0xda, 0x0, 0x0, 0x0, 0xa, 0x80, 0x0,
    0x0, 0x0, 0x2d, 0xdd, 0xdf, 0xed, 0xdd, 0xdd,
    0xd3, 0x0, 0x3, 0xe4, 0x0, 0x3d, 0x30, 0x0,
    0x0, 0x5e, 0xcd, 0xdd, 0xdc, 0xe6, 0x0, 0x3d,
    0xd3, 0x0, 0x87, 0x0, 0x2b, 0xe4, 0x4, 0x7d,
    0xdd, 0xfe, 0xdd, 0xd7, 0x30, 0x0, 0x0, 0x8,
    0xc3, 0xa3, 0x0, 0x0, 0x0, 0x4, 0xcb, 0x10,
    0x5d, 0xc3, 0x0, 0x0, 0xdb, 0x40, 0x0, 0x0,
    0x5e, 0x30, 0x0, 0x0, 0x0, 0x0, 0x0, 0x0,
    0x0,

    /* U+597D "好" */
    0x0, 0x0, 0x0, 0x0, 0x0, 0x0, 0x0, 0x0,
    0x87, 0x0, 0x0, 0x0, 0x0, 0x0, 0x0, 0xa5,
    0x0, 0x5e, 0xee, 0xee, 0xb0, 0x0, 0xd2, 0x0,
    0x1, 0x11, 0x3e, 0x50, 0x6e, 0xff, 0xed, 0x0,
    0x0, 0xb8, 0x0, 0x4, 0xc0, 0x4b, 0x0, 0xa,
    0x90, 0x0, 0x7, 0x80, 0x69, 0x0, 0xb, 0x50,
    0x0, 0xb, 0x40, 0x96, 0xff, 0xff, 0xff, 0xf6,
    0xf, 0x50, 0xe1, 0x0, 0xc, 0x50, 0x0, 0x3,
    0xec, 0xb0, 0x0, 0xb, 0x50, 0x0, 0x0, 0x2f,
    0xc0, 0x0, 0xb, 0x50, 0x0, 0x0, 0xaa, 0xbc,
    0x0, 0xb, 0x50, 0x0, 0x1a, 0xd0, 0x6, 0x0,
    0xc, 0x50, 0x0, 0x5a, 0x0, 0x0, 0xa, 0xfd,
    0x10, 0x0, 0x0, 0x0, 0x0, 0x0, 0x0, 0x0,
    0x0,

    /* U+5982 "如" */
    0x0, 0x0, 0x0, 0x0, 0x0, 0x0, 0x0, 0x4,
    0xc0, 0x0, 0x0, 0x0, 0x0, 0x0, 0x69, 0x0,
    0x5, 0x66, 0x66, 0x60, 0x9, 0x70, 0x0, 0xcb,
    0xaa, 0xbe, 0x8e, 0xff, 0xef, 0x6c, 0x30, 0x1,
    0xe0, 0xf, 0x10, 0xb4, 0xc3, 0x0, 0x1e, 0x3,
    0xc0, 0xe, 0x2c, 0x30, 0x1, 0xe0, 0x78, 0x1,
    0xf0, 0xc3, 0x0, 0x1e, 0xb, 0x60, 0x5b, 0xc,
    0x30, 0x1, 0xe0, 0x5e, 0x6b, 0x50, 0xc3, 0x0,
    0x1e, 0x0, 0x2d, 0xf0, 0xc, 0x30, 0x1, 0xe0,
    0x1, 0xde, 0xa0, 0xc4, 0x0, 0x2e, 0x3, 0xd9,
    0x1c, 0x3c, 0xfe, 0xee, 0xe5, 0xf8, 0x0, 0x0,
    0xc3, 0x0, 0x18, 0x2, 0x0, 0x0, 0x0, 0x0,
    0x0, 0x0,

    /* U+5B89 "安" */
    0x0, 0x0, 0x0, 0x80, 0x0, 0x0, 0x0, 0x0,
    0x0, 0x0, 0xc7, 0x0, 0x0, 0x0, 0xa, 0xff,
    0xff, 0xff, 0xff, 0xff, 0xb0, 0xa, 0x50, 0x1,
    0x50, 0x0, 0x6, 0xb0, 0x8, 0x40, 0x8, 0xb0,
    0x0, 0x4, 0x90, 0x0, 0x0, 0x1f, 0x40, 0x0,
    0x0, 0x0, 0xe, 0xee, 0xff, 0xee, 0xef, 0xfe,
    0xe1, 0x0, 0x3, 0xf2, 0x0, 0x2f, 0x20, 0x0,
    0x0, 0xd, 0xa0, 0x0, 0xa9, 0x0, 0x0, 0x0,
    0x6, 0xce, 0x98, 0xd0, 0x0, 0x0, 0x0, 0x0,
    0x4, 0xef, 0xd5, 0x0, 0x0, 0x0, 0x3, 0x9e,
    0x81, 0x6d, 0xd5, 0x0, 0x7, 0xfc, 0x81, 0x0,
    0x0, 0x6e, 0x70, 0x1, 0x10, 0x0, 0x0, 0x0,
    0x0, 0x0,

    /* U+5B8C "完" */
    0x0, 0x0, 0x0, 0xa2, 0x0, 0x0, 0x0, 0x0,
    0x0, 0x0, 0xaa, 0x0, 0x0, 0x0, 0xd, 0xff,
    0xff, 0xff, 0xff, 0xff, 0xd0, 0xd, 0x30, 0x0,
    0x0, 0x0, 0x3, 0xd0, 0xd, 0x3b, 0xdd, 0xdd,
    0xdd, 0xa3, 0xd0, 0x0, 0x1, 0x11, 0x11, 0x11,
    0x10, 0x0, 0x0, 0x0, 0x0, 0x0, 0x0, 0x0,
    0x0, 0x3e, 0xee, 0xff, 0xee, 0xff, 0xee, 0xe3,
    0x0, 0x0, 0x88, 0x0, 0xe2, 0x0, 0x0, 0x0,
    0x0, 0xb6, 0x0, 0xe2, 0x0, 0x0, 0x0, 0x2,
    0xf1, 0x0, 0xe2, 0x0, 0x73, 0x0, 0x3e, 0x70,
    0x0, 0xe2, 0x0, 0xb4, 0x2e, 0xc5, 0x0, 0x0,
    0x9f, 0xff, 0xd0, 0x1, 0x0, 0x0, 0x0, 0x0,
    0x0, 0x0,

    /* U+5B9A "定" */
    0x0, 0x0, 0x1, 0x90, 0x0, 0x0, 0x0, 0x0,
    0x0, 0x0, 0xe5, 0x0, 0x0, 0x0, 0xe, 0xfe,
    0xee, 0xee, 0xee, 0xef, 0xe0, 0xe, 0x10, 0x0,
    0x0, 0x0, 0x2, 0xe0, 0xe, 0x23, 0x33, 0x33,
    0x33, 0x32, 0xe0, 0x0, 0x1c, 0xcc, 0xfd, 0xcc,
    0xa0, 0x0, 0x0, 0x1, 0x0, 0xd3, 0x0, 0x0,
    0x0, 0x0, 0x2e, 0x0, 0xd4, 0x0, 0x0, 0x0,
    0x0, 0x6c, 0x0, 0xdf, 0xee, 0xe6, 0x0, 0x0,
    0x9f, 0x20, 0xd3, 0x0, 0x0, 0x0, 0x0, 0xe7,
    0xc1, 0xd3, 0x0, 0x0, 0x0, 0x9, 0xa0, 0x7e,
    0xe6, 0x21, 0x0, 0x0, 0x4d, 0x10, 0x3, 0x9d,
    0xef, 0xff, 0xf4, 0x1, 0x0, 0x0, 0x0, 0x0,
    0x0, 0x0,

    /* U+5BFC "导" */
    0x1, 0xfe, 0xee, 0xee, 0xee, 0xf8, 0x0, 0x1,
    0xf0, 0x0, 0x0, 0x0, 0x78, 0x0, 0x1, 0xfe,
    0xee, 0xee, 0xee, 0xf8, 0x0, 0x1, 0xf0, 0x0,
    0x0, 0x0, 0x1, 0x60, 0x0, 0xf6, 0x22, 0x22,
    0x22, 0x28, 0xb0, 0x0, 0x49, 0xab, 0xbb, 0xbb,
    0xb9, 0x20, 0x0, 0x0, 0x0, 0x0, 0xe, 0x30,
    0x0, 0x1e, 0xef, 0xee, 0xee, 0xef, 0xfe, 0xe3,
    0x0, 0xc, 0x60, 0x0, 0xe, 0x20, 0x0, 0x0,
    0x1, 0xd6, 0x0, 0xe, 0x20, 0x0, 0x0, 0x0,
    0x29, 0x0, 0xe, 0x20, 0x0, 0x0, 0x0, 0x0,
    0x6e, 0xec, 0x0, 0x0,

    /* U+5C06 "将" */
    0x0, 0xe, 0x10, 0x1, 0xd3, 0x0, 0x0, 0x0,
    0xe1, 0x1, 0xdf, 0xdd, 0xd6, 0x4b, 0xe, 0x17,
    0xd5, 0x0, 0x3e, 0x10, 0xa9, 0xe2, 0x81, 0xd3,
    0x3e, 0x50, 0x1, 0xbf, 0x10, 0x4, 0xfe, 0x30,
    0x0, 0x0, 0xe1, 0x5b, 0xf8, 0x19, 0x20, 0x0,
    0xe, 0x18, 0x51, 0x0, 0xc3, 0x0, 0x9, 0xf5,
    0xee, 0xee, 0xef, 0xfd, 0x1b, 0xae, 0x11, 0x60,
    0x0, 0xc4, 0x5, 0x80, 0xe1, 0xc, 0x60, 0xc,
    0x30, 0x0, 0xe, 0x10, 0x1e, 0x10, 0xc3, 0x0,
    0x0, 0xe1, 0x0, 0x20, 0xd, 0x30, 0x0, 0xe,
    0x10, 0x0, 0xbf, 0xd1, 0x0,

    /* U+5C4B "屋" */
    0x0, 0xfe, 0xee, 0xee, 0xee, 0xef, 0x20, 0x0,
    0xf0, 0x0, 0x0, 0x0, 0xd, 0x20, 0x0, 0xfc,
    0xbb, 0xbb, 0xbb, 0xbf, 0x20, 0x0, 0xf2, 0x11,
    0x11, 0x11, 0x11, 0x0, 0x1, 0xfc, 0xde, 0xed,
    0xde, 0xdd, 0xb0, 0x1, 0xf0, 0x1c, 0x50, 0xb,
    0x70, 0x0, 0x2, 0xe3, 0xed, 0xab, 0xcd, 0xfb,
    0x0, 0x3, 0xd1, 0x54, 0x3d, 0x30, 0x8, 0x30,
    0x6, 0xa3, 0xbb, 0xbf, 0xcb, 0xbb, 0x0, 0x9,
    0x70, 0x11, 0x1d, 0x41, 0x11, 0x0, 0xe, 0x30,
    0x0, 0xd, 0x20, 0x0, 0x0, 0x5c, 0x4d, 0xdd,
    0xdf, 0xed, 0xdd, 0xd3, 0x2, 0x0, 0x0, 0x0,
    0x0, 0x0, 0x0,

    /* U+5C4F "屏" */
    0x0, 0xfe, 0xee, 0xee, 0xee, 0xef, 0x90, 0x0,
    0xf0, 0x0, 0x0, 0x0, 0x6, 0x90, 0x0, 0xfe,
    0xee, 0xee, 0xee, 0xef, 0x90, 0x0, 0xf0, 0x9,
    0x30, 0x0, 0x75, 0x0, 0x0, 0xf0, 0x6, 0x90,
    0x1, 0xe2, 0x0, 0x1, 0xe5, 0xee, 0xee, 0xee,
    0xfe, 0xd0, 0x2, 0xd0, 0x1, 0xe0, 0x2, 0xd0,
    0x0, 0x3, 0xc0, 0x1, 0xe0, 0x2, 0xd0, 0x0,
    0x5, 0xab, 0xee, 0xfe, 0xee, 0xfe, 0xe4, 0xa,
    0x60, 0xa, 0x90, 0x2, 0xd0, 0x0, 0x1f, 0x20,
    0x8e, 0x10, 0x2, 0xd0, 0x0, 0x49, 0x9, 0xa1,
    0x0, 0x2, 0xd0, 0x0,

    /* U+5C71 "山" */
    0x0, 0x0, 0x2, 0xe0, 0x0, 0x0, 0x0, 0x0,
    0x2, 0xe0, 0x0, 0x0, 0x0, 0x0, 0x2, 0xe0,
    0x0, 0x0, 0x3b, 0x0, 0x2, 0xe0, 0x0, 0x1e,
    0x4c, 0x0, 0x2, 0xe0, 0x0, 0x1f, 0x4c, 0x0,
    0x2, 0xe0, 0x0, 0x1f, 0x4c, 0x0, 0x2, 0xe0,
    0x0, 0x1f, 0x4c, 0x0, 0x2, 0xe0, 0x0, 0x1f,
    0x4c, 0x0, 0x2, 0xe0, 0x0, 0x1f, 0x4c, 0x0,
    0x2, 0xe0, 0x0, 0x1f, 0x4d, 0x0, 0x3, 0xe0,
    0x0, 0x1f, 0x4f, 0xff, 0xff, 0xff, 0xff, 0xff,
    0x0, 0x0, 0x0, 0x0, 0x0, 0x1f,

    /* U+5DF2 "已" */
    0xef, 0xff, 0xff, 0xff, 0xff, 0x50, 0x0, 0x0,
    0x0, 0x0, 0x0, 0xc5, 0x0, 0x3, 0x0, 0x0,
    0x0, 0xc, 0x50, 0x0, 0xf1, 0x0, 0x0, 0x0,
    0xc5, 0x0, 0xf, 0x21, 0x11, 0x11, 0x1c, 0x50,
    0x0, 0xff, 0xff, 0xff, 0xff, 0xf5, 0x0, 0xf,
    0x10, 0x0, 0x0, 0x5, 0x20, 0x0, 0xf1, 0x0,
    0x0, 0x0, 0x0, 0x0, 0xf, 0x10, 0x0, 0x0,
    0x0, 0xd, 0x0, 0xf1, 0x0, 0x0, 0x0, 0x2,
    0xf0, 0xd, 0x71, 0x0, 0x0, 0x1, 0x9b, 0x0,
    0x5d, 0xff, 0xff, 0xff, 0xfc, 0x20,

    /* U+5F15 "引" */
    0x0, 0x0, 0x0, 0x0, 0x0, 0xe1, 0x4f, 0xff,
    0xff, 0xd0, 0x0, 0xe1, 0x0, 0x0, 0x3, 0xd0,
    0x0, 0xe1, 0x0, 0x0, 0x3, 0xd0, 0x0, 0xe1,
    0xd, 0xff, 0xff, 0xd0, 0x0, 0xe1, 0xf, 0x10,
    0x0, 0x0, 0x0, 0xe1, 0x3d, 0x0, 0x0, 0x0,
    0x0, 0xe1, 0x6f, 0xee, 0xee, 0xc0, 0x0, 0xe1,
    0x0, 0x0, 0x5, 0xc0, 0x0, 0xe1, 0x0, 0x0,
    0x6, 0xa0, 0x0, 0xe1, 0x0, 0x0, 0x8, 0x80,
    0x0, 0xe1, 0x0, 0x11, 0x1d, 0x50, 0x0, 0xe1,
    0x0, 0x9f, 0xfb, 0x0, 0x0, 0xe1,

    /* U+5F31 "弱" */
    0x1f, 0xff, 0xff, 0x28, 0xff, 0xff, 0xb0, 0x0,
    0x0, 0xe2, 0x0, 0x0, 0x5b, 0x8, 0xcc, 0xcf,
    0x22, 0xcc, 0xcd, 0xb0, 0xb6, 0x22, 0x20, 0x4c,
    0x22, 0x22, 0xc, 0x30, 0x0, 0x4, 0xb0, 0x0,
    0x0, 0xde, 0xee, 0xe3, 0x6f, 0xee, 0xed, 0x5,
    0x30, 0xd, 0x20, 0x51, 0x2, 0xd0, 0x5b, 0xd2,
    0xe1, 0x18, 0xd8, 0x3c, 0x0, 0x6, 0x9f, 0x0,
    0x1, 0x9c, 0xb2, 0x8d, 0xb7, 0xe0, 0x5b, 0xd8,
    0x8a, 0x27, 0x10, 0x6c, 0x5, 0x40, 0x9, 0x70,
    0x5, 0xee, 0x40, 0x1, 0xcc, 0xe2, 0x0, 0x0,
    0x0, 0x0, 0x1, 0x10, 0x0,

    /* U+606F "息" */
    0x0, 0x0, 0x0, 0x0, 0x0, 0x0, 0x0, 0x0,
    0x0, 0x0, 0x99, 0x0, 0x0, 0x0, 0x0, 0xa,
    0xaa, 0xfc, 0xaa, 0xa2, 0x0, 0x0, 0x1e, 0x22,
    0x22, 0x22, 0xd3, 0x0, 0x0, 0x1f, 0xbb, 0xbb,
    0xbb, 0xf3, 0x0, 0x0, 0x1e, 0x11, 0x11, 0x11,
    0xd3, 0x0, 0x0, 0x1f, 0xcc, 0xcc, 0xcc, 0xf3,
    0x0, 0x0, 0x1e, 0x0, 0x0, 0x0, 0xc3, 0x0,
    0x0, 0x1f, 0xdd, 0xdd, 0xdd, 0xf3, 0x0, 0x0,
    0x0, 0x0, 0xb3, 0x0, 0x0, 0x0, 0x0, 0x82,
    0xa0, 0x3e, 0x10, 0x1c, 0x0, 0x4, 0xc2, 0xe0,
    0x7, 0x51, 0x4a, 0x80, 0xc, 0x42, 0xe0, 0x0,
    0x6, 0xa2, 0xf0, 0x6, 0x0, 0xcf, 0xff, 0xfe,
    0x40, 0x10,

    /* U+60A0 "悠" */
    0x0, 0x8, 0x20, 0x4, 0x60, 0x0, 0x0, 0x0,
    0x5d, 0x0, 0xd, 0x71, 0x11, 0x10, 0x2, 0xe4,
    0xe1, 0x5f, 0xdd, 0xef, 0xb0, 0x2e, 0xf2, 0xe5,
    0xfe, 0x20, 0xc6, 0x0, 0x97, 0xd2, 0xe9, 0x66,
    0xb4, 0xe0, 0x0, 0x0, 0xc2, 0xe1, 0x0, 0xce,
    0x50, 0x0, 0x0, 0xc2, 0xe1, 0x4, 0xee, 0x80,
    0x0, 0x0, 0xc2, 0x72, 0xdb, 0x21, 0xbe, 0x80,
    0x0, 0x30, 0x7, 0x70, 0x0, 0x4, 0x70, 0x1,
    0x86, 0x72, 0xd9, 0x0, 0xa5, 0x0, 0x7, 0xa7,
    0x70, 0xa, 0x63, 0x4e, 0x10, 0x1e, 0x37, 0x80,
    0x0, 0xa, 0x68, 0xa0, 0x27, 0x3, 0xef, 0xff,
    0xfd, 0x11, 0x60,

    /* U+6210 "成" */
    0x0, 0x0, 0x0, 0x3, 0xe2, 0x90, 0x0, 0x0,
    0x0, 0x0, 0x2, 0xe0, 0x8d, 0x20, 0x0, 0x22,
    0x22, 0x24, 0xf2, 0x28, 0x60, 0x2, 0xfd, 0xdd,
    0xdd, 0xfd, 0xdd, 0xd4, 0x2, 0xe0, 0x0, 0x0,
    0xf1, 0x0, 0x0, 0x2, 0xf4, 0x44, 0x10, 0xd3,
    0xb, 0x40, 0x2, 0xfa, 0xae, 0x40, 0xb5, 0x3e,
    0x0, 0x3, 0xd0, 0xb, 0x40, 0x88, 0xb8, 0x0,
    0x4, 0xc0, 0xc, 0x30, 0x4d, 0xe0, 0x0, 0x6,
    0xb0, 0xe, 0x20, 0x2f, 0x50, 0x31, 0x9, 0x89,
    0xed, 0x2, 0xee, 0x80, 0x86, 0xe, 0x40, 0x10,
    0x7e, 0x52, 0xe3, 0xb3, 0x4c, 0x0, 0x4, 0xb1,
    0x0, 0x5e, 0xc0, 0x0, 0x0, 0x0, 0x0, 0x0,
    0x0, 0x0,

    /* U+624B "手" */
    0x0, 0x0, 0x0, 0x2, 0x47, 0xaa, 0x0, 0x0,
    0xcd, 0xef, 0xff, 0xa8, 0x51, 0x0, 0x0, 0x32,
    0x10, 0x4c, 0x0, 0x0, 0x0, 0x0, 0x0, 0x0,
    0x4c, 0x0, 0x0, 0x0, 0x2, 0xff, 0xff, 0xff,
    0xff, 0xff, 0xb0, 0x0, 0x0, 0x0, 0x5c, 0x0,
    0x0, 0x0, 0x0, 0x0, 0x0, 0x4c, 0x0, 0x0,
    0x0, 0x4, 0x44, 0x44, 0x8d, 0x44, 0x44, 0x42,
    0xb, 0xbb, 0xbb, 0xdf, 0xbb, 0xbb, 0xb6, 0x0,
    0x0, 0x0, 0x4c, 0x0, 0x0, 0x0, 0x0, 0x0,
    0x0, 0x4c, 0x0, 0x0, 0x0, 0x0, 0x0, 0x0,
    0x6c, 0x0, 0x0, 0x0, 0x0, 0x1, 0xff, 0xe6,
    0x0, 0x0, 0x0,

    /* U+62E9 "择" */
    0x0, 0x96, 0x0, 0x0, 0x0, 0x0, 0x0, 0x0,
    0x96, 0x7, 0xff, 0xff, 0xff, 0x90, 0x0, 0x96,
    0x0, 0x3d, 0x20, 0x3e, 0x10, 0x6f, 0xff, 0xf1,
    0x5, 0xe6, 0xe3, 0x0, 0x0, 0x96, 0x0, 0x2,
    0xcf, 0xa2, 0x0, 0x0, 0x96, 0x7, 0xcc, 0x51,
    0x8f, 0xc4, 0x0, 0xab, 0xb5, 0x20, 0x2c, 0x0,
    0x52, 0x5e, 0xfa, 0x22, 0xbb, 0xcf, 0xbb, 0x60,
    0x22, 0x96, 0x0, 0x33, 0x5e, 0x33, 0x10, 0x0,
    0x96, 0x0, 0x0, 0x2d, 0x0, 0x0, 0x0, 0x96,
    0xe, 0xff, 0xff, 0xff, 0xf7, 0x0, 0xa6, 0x0,
    0x0, 0x2d, 0x0, 0x0, 0xf, 0xe3, 0x0, 0x0,
    0x2d, 0x0, 0x0,

    /* U+6309 "按" */
    0x0, 0x0, 0x0, 0x0, 0x0, 0x0, 0x0, 0x0,
    0x87, 0x0, 0x0, 0x96, 0x0, 0x0, 0x0, 0x87,
    0x0, 0x0, 0x6b, 0x0, 0x0, 0x0, 0x87, 0xa,
    0xff, 0xff, 0xff, 0xf1, 0x6f, 0xff, 0xfa, 0x50,
    0x60, 0x0, 0xe1, 0x0, 0x88, 0x7, 0x42, 0xe0,
    0x0, 0xb1, 0x0, 0x87, 0x0, 0x7, 0xa0, 0x0,
    0x0, 0x0, 0x87, 0xe, 0xef, 0xee, 0xef, 0xe4,
    0x0, 0xad, 0xd3, 0x5c, 0x0, 0x79, 0x0, 0x6e,
    0xea, 0x10, 0xd5, 0x0, 0xd4, 0x0, 0x10, 0x87,
    0x0, 0x7e, 0x87, 0xc0, 0x0, 0x0, 0x87, 0x0,
    0x1, 0xcf, 0x90, 0x0, 0x0, 0x87, 0x0, 0x5b,
    0xc4, 0xbd, 0x30, 0xe, 0xe4, 0xb, 0xb5, 0x0,
    0x5, 0xc0, 0x0, 0x0, 0x0, 0x0, 0x0, 0x0,
    0x0,

    /* U+6362 "换" */
    0x0, 0x0, 0x0, 0x0, 0x0, 0x0, 0x0, 0x0,
    0xe1, 0x0, 0xe, 0x20, 0x0, 0x0, 0x0, 0xe1,
    0x0, 0x7f, 0xbb, 0xc5, 0x0, 0x0, 0xe1, 0x2,
    0xe3, 0x23, 0xf3, 0x0, 0x8e, 0xff, 0x7d, 0x70,
    0x9, 0x90, 0x0, 0x24, 0xf5, 0x5e, 0xed, 0xfe,
    0xdf, 0x10, 0x0, 0xe1, 0x8, 0x70, 0xa5, 0xf,
    0x10, 0x0, 0xe4, 0x38, 0x70, 0xb5, 0xf, 0x10,
    0x49, 0xfc, 0x58, 0x70, 0xc3, 0xf, 0x10, 0x67,
    0xf1, 0x8e, 0xee, 0xff, 0xee, 0xe1, 0x0, 0xe1,
    0x0, 0x8, 0xcd, 0x0, 0x0, 0x0, 0xe1, 0x0,
    0x6d, 0x17, 0xb0, 0x0, 0x0, 0xf1, 0x2a, 0xc1,
    0x0, 0x9d, 0x50, 0x2f, 0xc1, 0xd7, 0x0, 0x0,
    0x4, 0xc1, 0x0, 0x0, 0x0, 0x0, 0x0, 0x0,
    0x0,

    /* U+63A5 "接" */
    0x0, 0x86, 0x0, 0x0, 0x84, 0x0, 0x0, 0x0,
    0x86, 0x0, 0x11, 0x6b, 0x11, 0x10, 0x0, 0x86,
    0x5, 0xdd, 0xdd, 0xdd, 0xd2, 0x2b, 0xed, 0xa0,
    0x2b, 0x0, 0x4a, 0x0, 0x2, 0x98, 0x10, 0xa,
    0x30, 0xd2, 0x0, 0x0, 0x86, 0xd, 0xee, 0xee,
    0xee, 0xe7, 0x0, 0x8a, 0x60, 0x1, 0xe1, 0x0,
    0x0, 0x3c, 0xfc, 0x5c, 0xcd, 0xec, 0xcc, 0xc8,
    0x14, 0x86, 0x1, 0x5d, 0x21, 0x5d, 0x11, 0x0,
    0x86, 0x0, 0xd9, 0x10, 0xb7, 0x0, 0x0, 0x86,
    0x0, 0x38, 0xec, 0xd0, 0x0, 0x0, 0x86, 0x0,
    0x38, 0xea, 0xdc, 0x30, 0xc, 0xe3, 0x1e, 0xb7,
    0x10, 0x5, 0xd1, 0x0, 0x0, 0x0, 0x0, 0x0,
    0x0, 0x0,

    /* U+64AD "播" */
    0x0, 0x86, 0x0, 0x2, 0x35, 0x8b, 0x90, 0x0,
    0x86, 0x9, 0xcb, 0xbe, 0x66, 0x30, 0x0, 0x86,
    0x0, 0xb4, 0x2c, 0xb, 0x40, 0x4e, 0xff, 0xd0,
    0x49, 0x2c, 0x2c, 0x0, 0x2, 0xa7, 0x2e, 0xee,
    0xff, 0xfe, 0xe8, 0x0, 0x86, 0x0, 0xb, 0xbd,
    0xc5, 0x0, 0x0, 0x89, 0x72, 0xba, 0x2c, 0x1d,
    0x80, 0x28, 0xed, 0xbf, 0x81, 0x29, 0x12, 0xbb,
    0x48, 0xa6, 0x4, 0xfb, 0xce, 0xbc, 0xd0, 0x0,
    0x86, 0x2, 0xd1, 0x3c, 0x13, 0xd0, 0x0, 0x86,
    0x2, 0xfa, 0xbe, 0xab, 0xd0, 0x0, 0x96, 0x2,
    0xd1, 0x4c, 0x13, 0xd0, 0xe, 0xe3, 0x2, 0xfa,
    0xaa, 0xab, 0xc0, 0x0, 0x0, 0x0, 0x0, 0x0,
    0x0, 0x0,

    /* U+653E "放" */
    0x0, 0x8, 0x0, 0x0, 0x45, 0x0, 0x0, 0x0,
    0xa, 0x60, 0x0, 0xa7, 0x0, 0x0, 0x16, 0x69,
    0x96, 0x50, 0xe4, 0x0, 0x0, 0x29, 0xdb, 0x99,
    0x83, 0xfe, 0xef, 0xf7, 0x0, 0xa5, 0x0, 0xa,
    0xd0, 0xb, 0x50, 0x0, 0xae, 0xdd, 0x6e, 0xd1,
    0xe, 0x10, 0x0, 0xa6, 0x1c, 0xa7, 0x86, 0x3d,
    0x0, 0x0, 0xb4, 0xc, 0x30, 0x3c, 0x97, 0x0,
    0x0, 0xd3, 0xc, 0x30, 0xd, 0xf1, 0x0, 0x0,
    0xf0, 0xd, 0x20, 0xb, 0xd0, 0x0, 0x5, 0xb0,
    0xe, 0x10, 0x8d, 0xd8, 0x0, 0xd, 0x40, 0x1f,
    0x1a, 0xd1, 0x2e, 0x90, 0x5a, 0xb, 0xf9, 0xaa,
    0x10, 0x2, 0xc4, 0x0, 0x0, 0x0, 0x0, 0x0,
    0x0, 0x0,

    /* U+65B9 "方" */
    0x0, 0x0, 0x0, 0x53, 0x0, 0x0, 0x0, 0x0,
    0x0, 0x0, 0x8b, 0x0, 0x0, 0x0, 0x1, 0x11,
    0x11, 0x3d, 0x21, 0x11, 0x10, 0xe, 0xee, 0xef,
    0xee, 0xee, 0xee, 0xe1, 0x0, 0x0, 0x4d, 0x0,
    0x0, 0x0, 0x0, 0x0, 0x0, 0x5c, 0x11, 0x11,
    0x10, 0x0, 0x0, 0x0, 0x7f, 0xff, 0xff, 0xfb,
    0x0, 0x0, 0x0, 0xb6, 0x0, 0x0, 0x79, 0x0,
    0x0, 0x0, 0xf2, 0x0, 0x0, 0x88, 0x0, 0x0,
    0x7, 0xc0, 0x0, 0x0, 0xa6, 0x0, 0x0, 0x2f,
    0x40, 0x0, 0x0, 0xd4, 0x0, 0x2, 0xe7, 0x0,
    0x0, 0x2, 0xf1, 0x0, 0x1e, 0x60, 0x0, 0x2f,
    0xff, 0x80, 0x0, 0x0, 0x0, 0x0, 0x0, 0x0,
    0x0, 0x0,

    /* U+65F6 "时" */
    0x0, 0x0, 0x0, 0x0, 0x2, 0xe0, 0xb, 0xcc,
    0xc2, 0x0, 0x0, 0x2e, 0x0, 0xe5, 0x4d, 0x30,
    0x0, 0x2, 0xe0, 0xe, 0x10, 0xb4, 0xff, 0xff,
    0xff, 0xf9, 0xe1, 0xb, 0x31, 0x11, 0x13, 0xe1,
    0xe, 0xcc, 0xf3, 0x4b, 0x0, 0x2e, 0x0, 0xe3,
    0x2c, 0x30, 0xd6, 0x2, 0xe0, 0xe, 0x10, 0xb3,
    0x3, 0xf1, 0x2e, 0x0, 0xe1, 0xb, 0x30, 0xa,
    0x82, 0xe0, 0xe, 0x43, 0xc3, 0x0, 0x0, 0x2e,
    0x0, 0xec, 0xbb, 0x20, 0x0, 0x2, 0xe0, 0x9,
    0x0, 0x0, 0x0, 0x10, 0x4e, 0x0, 0x0, 0x0,
    0x0, 0xe, 0xfe, 0x80, 0x0,

    /* U+665A "晚" */
    0x0, 0x0, 0x0, 0x86, 0x0, 0x0, 0xd, 0xee,
    0xd0, 0x1f, 0xdc, 0xc3, 0x0, 0xe0, 0xe, 0x9,
    0x81, 0x4e, 0x0, 0xe, 0x0, 0xe5, 0xe0, 0xa,
    0x70, 0x0, 0xe0, 0xe, 0xef, 0xee, 0xfe, 0xee,
    0xe, 0x99, 0xe3, 0xc0, 0x4b, 0x1, 0xe0, 0xe4,
    0x4e, 0x2c, 0x6, 0x90, 0x1e, 0xe, 0x0, 0xe2,
    0xfe, 0xff, 0xee, 0xe0, 0xe0, 0xe, 0x0, 0xd,
    0xb7, 0x0, 0xe, 0xcc, 0xe0, 0x5, 0xc8, 0x70,
    0x0, 0xe3, 0x22, 0x2, 0xe3, 0x87, 0x6, 0x63,
    0x0, 0x6, 0xe6, 0x8, 0x70, 0x76, 0x0, 0x1e,
    0xb3, 0x0, 0x5f, 0xfe, 0x20, 0x0, 0x10, 0x0,
    0x0, 0x0, 0x0,

    /* U+6682 "暂" */
    0x0, 0xa, 0x10, 0x0, 0x0, 0x25, 0x50, 0x3d,
    0xdf, 0xdd, 0xd3, 0xed, 0xb8, 0x40, 0x2, 0xc1,
    0x70, 0x0, 0xf0, 0x0, 0x0, 0xe, 0xdb, 0xfb,
    0xb3, 0xfd, 0xdd, 0xd4, 0x3, 0x22, 0xe2, 0x22,
    0xd0, 0x1e, 0x0, 0x15, 0x78, 0xfc, 0xd7, 0xa0,
    0x1e, 0x0, 0x29, 0x76, 0xf2, 0xb, 0x50, 0x1e,
    0x0, 0x0, 0x0, 0xa0, 0x6, 0x0, 0x9, 0x0,
    0x0, 0x8e, 0xcc, 0xcc, 0xcc, 0xdd, 0x0, 0x0,
    0x86, 0x0, 0x0, 0x0, 0x3d, 0x0, 0x0, 0x8d,
    0xcc, 0xcc, 0xcc, 0xdd, 0x0, 0x0, 0x86, 0x0,
    0x0, 0x0, 0x3d, 0x0, 0x0, 0x8e, 0xdd, 0xdd,
    0xdd, 0xdc, 0x0,

    /* U+6696 "暖" */
    0x0, 0x0, 0x0, 0x12, 0x45, 0x86, 0xe, 0xee,
    0xc7, 0xdb, 0xca, 0x77, 0x50, 0xf0, 0x1d, 0xd,
    0x7, 0x70, 0xa7, 0xe, 0x1, 0xd0, 0x84, 0x37,
    0x3d, 0x0, 0xe0, 0x1d, 0x6e, 0xfe, 0xde, 0xed,
    0x3f, 0xab, 0xd0, 0xc, 0x30, 0x0, 0x0, 0xf4,
    0x5d, 0xce, 0xfe, 0xee, 0xee, 0x7e, 0x1, 0xd0,
    0x2f, 0x33, 0x33, 0x10, 0xe0, 0x1d, 0x6, 0xf9,
    0x78, 0xe4, 0xf, 0xbc, 0xd0, 0xc9, 0xd1, 0x6d,
    0x0, 0xf2, 0x22, 0x6b, 0x7, 0xde, 0x20, 0x4,
    0x0, 0x5d, 0x25, 0xbc, 0xeb, 0x61, 0x0, 0x9,
    0x27, 0xa5, 0x0, 0x7c, 0x60,

    /* U+6709 "有" */
    0x0, 0x0, 0x7, 0x40, 0x0, 0x0, 0x0, 0x0,
    0x0, 0xf, 0x20, 0x0, 0x0, 0x0, 0x1e, 0xee,
    0xff, 0xee, 0xee, 0xee, 0xe2, 0x0, 0x1, 0xd5,
    0x0, 0x0, 0x0, 0x0, 0x0, 0x8, 0xe2, 0x11,
    0x11, 0x10, 0x0, 0x0, 0x2f, 0xed, 0xdd, 0xdd,
    0xe7, 0x0, 0x3, 0xed, 0x90, 0x0, 0x0, 0x87,
    0x0, 0x2e, 0x56, 0xfe, 0xee, 0xee, 0xf7, 0x0,
    0x3, 0x6, 0x90, 0x0, 0x0, 0x87, 0x0, 0x0,
    0x6, 0xec, 0xcc, 0xcc, 0xe7, 0x0, 0x0, 0x6,
    0xa1, 0x11, 0x11, 0x97, 0x0, 0x0, 0x6, 0x90,
    0x0, 0x0, 0x97, 0x0, 0x0, 0x6, 0x90, 0x0,
    0xaf, 0xd3, 0x0,

    /* U+6728 "木" */
    0x0, 0x0, 0x0, 0x88, 0x0, 0x0, 0x0, 0x0,
    0x0, 0x0, 0x88, 0x0, 0x0, 0x0, 0x0, 0x0,
    0x0, 0x88, 0x0, 0x0, 0x0, 0x1, 0x11, 0x11,
    0x99, 0x11, 0x11, 0x10, 0xf, 0xff, 0xff, 0xff,
    0xff, 0xff, 0xf1, 0x0, 0x0, 0x6, 0xff, 0x50,
    0x0, 0x0, 0x0, 0x0, 0x1e, 0xbb, 0xd1, 0x0,
    0x0, 0x0, 0x0, 0xc5, 0x88, 0x5c, 0x0, 0x0,
    0x0, 0xb, 0x90, 0x88, 0x8, 0xb0, 0x0, 0x1,
    0xcb, 0x0, 0x88, 0x0, 0xac, 0x10, 0x4e, 0x90,
    0x0, 0x88, 0x0, 0x9, 0xf4, 0x14, 0x0, 0x0,
    0x88, 0x0, 0x0, 0x40, 0x0, 0x0, 0x0, 0x88,
    0x0, 0x0, 0x0,

    /* U+673A "机" */
    0x0, 0xf, 0x10, 0x0, 0x0, 0x0, 0x0, 0x0,
    0xf, 0x10, 0xf, 0xff, 0xfd, 0x0, 0x0, 0xf,
    0x10, 0xf, 0x10, 0x2d, 0x0, 0x4f, 0xff, 0xff,
    0x2f, 0x10, 0x2d, 0x0, 0x0, 0x4f, 0x20, 0xf,
    0x10, 0x2d, 0x0, 0x0, 0x9f, 0x40, 0xf, 0x10,
    0x2d, 0x0, 0x0, 0xdf, 0xd2, 0xf, 0x0, 0x2d,
    0x0, 0x6, 0x8f, 0x5d, 0x2f, 0x0, 0x2d, 0x0,
    0xd, 0x1f, 0x14, 0x4c, 0x0, 0x2d, 0x0, 0x78,
    0xf, 0x10, 0x79, 0x0, 0x2d, 0x14, 0x10, 0xf,
    0x10, 0xd3, 0x0, 0x2d, 0x1a, 0x0, 0xf, 0x16,
    0xc0, 0x0, 0x2e, 0x3a, 0x0, 0xf, 0x1c, 0x20,
    0x0, 0xd, 0xf5, 0x0, 0x0, 0x0, 0x0, 0x0,
    0x0, 0x0,

    /* U+6742 "杂" */
    0x0, 0x0, 0xa, 0x60, 0x0, 0x0, 0x0, 0x0,
    0x0, 0xd, 0x40, 0x0, 0x0, 0x0, 0x8, 0xff,
    0xff, 0xff, 0xff, 0x10, 0x0, 0x0, 0x0, 0x99,
    0x0, 0xe, 0x10, 0x20, 0x0, 0x8, 0xd1, 0x0,
    0xe, 0x10, 0xa4, 0x18, 0xda, 0x10, 0x10, 0xc,
    0xdc, 0xe1, 0x6, 0x10, 0x0, 0x97, 0x0, 0x11,
    0x0, 0xe, 0xee, 0xee, 0xff, 0xee, 0xee, 0xe0,
    0x0, 0x1, 0x0, 0xa8, 0x1, 0x0, 0x0, 0x0,
    0xc, 0x60, 0x97, 0xb, 0x80, 0x0, 0x1, 0xbb,
    0x0, 0x97, 0x0, 0xc9, 0x0, 0xc, 0xa0, 0x0,
    0xa7, 0x0, 0x1d, 0x40, 0x1, 0x0, 0x8f, 0xe3,
    0x0, 0x0, 0x0,

    /* U+675F "束" */
    0x0, 0x0, 0x0, 0x88, 0x0, 0x0, 0x0, 0x0,
    0x0, 0x0, 0x98, 0x0, 0x0, 0x0, 0xe, 0xee,
    0xee, 0xff, 0xee, 0xee, 0xe0, 0x0, 0x0, 0x0,
    0x88, 0x0, 0x0, 0x0, 0x0, 0xee, 0xee, 0xff,
    0xee, 0xee, 0x0, 0x0, 0xf0, 0x0, 0x88, 0x0,
    0xf, 0x0, 0x0, 0xf0, 0x0, 0x88, 0x0, 0xf,
    0x0, 0x0, 0xfe, 0xdd, 0xff, 0xdd, 0xef, 0x0,
    0x0, 0x0, 0x1a, 0xff, 0xa1, 0x0, 0x0, 0x0,
    0x0, 0xbb, 0x98, 0xab, 0x10, 0x0, 0x0, 0x5d,
    0x90, 0x88, 0x9, 0xd6, 0x0, 0x2d, 0xd4, 0x0,
    0x88, 0x0, 0x4d, 0xe3, 0x5, 0x0, 0x0, 0x88,
    0x0, 0x0, 0x50,

    /* U+6797 "林" */
    0x0, 0x8, 0x70, 0x0, 0x2, 0xd0, 0x0, 0x0,
    0x8, 0x70, 0x0, 0x2, 0xd0, 0x0, 0x0, 0x8,
    0x70, 0x0, 0x2, 0xd0, 0x0, 0x1f, 0xff, 0xff,
    0x7d, 0xff, 0xff, 0xf8, 0x0, 0x1e, 0xb1, 0x0,
    0xa, 0xf5, 0x0, 0x0, 0x4f, 0xf8, 0x0, 0x1f,
    0xfa, 0x0, 0x0, 0xbc, 0x8d, 0x60, 0x8c, 0xed,
    0x10, 0x2, 0xc9, 0x73, 0x61, 0xe4, 0xd8, 0x70,
    0xb, 0x58, 0x70, 0xa, 0x92, 0xd1, 0xe1, 0x4b,
    0x8, 0x70, 0x7d, 0x2, 0xd0, 0x8b, 0x1, 0x8,
    0x70, 0x72, 0x2, 0xd0, 0x4, 0x0, 0x8, 0x70,
    0x0, 0x2, 0xd0, 0x0, 0x0, 0x8, 0x70, 0x0,
    0x2, 0xd0, 0x0,

    /* U+67D4 "柔" */
    0x0, 0x0, 0x0, 0x0, 0x0, 0x0, 0x0, 0x0,
    0xad, 0xdd, 0xdd, 0xdf, 0xf2, 0x0, 0x0, 0x0,
    0x57, 0x34, 0xbb, 0x20, 0x0, 0x2, 0x22, 0x37,
    0xcf, 0xc3, 0x22, 0x10, 0xa, 0xbb, 0xbf, 0xef,
    0xbb, 0xbe, 0xb0, 0x0, 0x4, 0xc7, 0x3d, 0x0,
    0x6c, 0x0, 0x7, 0xda, 0x35, 0x8d, 0x0, 0x60,
    0x0, 0x4, 0x10, 0x5, 0xb8, 0x0, 0x0, 0x0,
    0x2d, 0xdd, 0xdd, 0xee, 0xdd, 0xdd, 0xd3, 0x0,
    0x0, 0x4e, 0xcc, 0xe4, 0x0, 0x0, 0x0, 0x8,
    0xe3, 0x88, 0x3e, 0x80, 0x0, 0x18, 0xea, 0x10,
    0x88, 0x1, 0xaf, 0x92, 0x19, 0x20, 0x0, 0x88,
    0x0, 0x1, 0x81,

    /* U+67F4 "柴" */
    0x0, 0x2, 0xd0, 0x5, 0xb0, 0x0, 0x0, 0x2,
    0x22, 0xd0, 0x5, 0xb0, 0x5, 0x30, 0x7, 0x82,
    0xfe, 0xd5, 0xda, 0xd9, 0x30, 0x7, 0x82, 0xd0,
    0x5, 0xd3, 0x0, 0x20, 0x7, 0x82, 0xd3, 0x55,
    0xb0, 0x0, 0xb4, 0x4d, 0xef, 0xfc, 0x92, 0xef,
    0xee, 0xd0, 0x37, 0x42, 0x0, 0x86, 0x0, 0x0,
    0x0, 0x0, 0x0, 0x0, 0xa8, 0x0, 0x0, 0x0,
    0x1e, 0xee, 0xef, 0xff, 0xfe, 0xee, 0xe1, 0x0,
    0x0, 0x4d, 0xdb, 0xd4, 0x0, 0x0, 0x0, 0x19,
    0xc2, 0x97, 0x2d, 0x81, 0x0, 0x29, 0xe8, 0x0,
    0x97, 0x0, 0x7e, 0xa2, 0x17, 0x0, 0x0, 0x97,
    0x0, 0x0, 0x50,

    /* U+68A6 "梦" */
    0x0, 0x8, 0x60, 0x0, 0x3, 0xb0, 0x0, 0x1,
    0x19, 0x71, 0x0, 0x14, 0xc1, 0x10, 0x1d, 0xdf,
    0xfd, 0x9a, 0xdf, 0xfe, 0xd8, 0x0, 0x7f, 0xe8,
    0x0, 0x4e, 0xec, 0x0, 0x8, 0xb8, 0x68, 0x78,
    0xc5, 0xb5, 0xc3, 0x17, 0x8, 0x60, 0x47, 0x3,
    0xb0, 0x37, 0x0, 0x0, 0x7, 0xe2, 0x0, 0x10,
    0x0, 0x0, 0x2, 0xbf, 0xee, 0xee, 0xfc, 0x0,
    0x1, 0x9e, 0x71, 0x0, 0x2, 0xe3, 0x0, 0x1,
    0x81, 0x6d, 0x60, 0x4e, 0x60, 0x0, 0x0, 0x0,
    0x2, 0xce, 0xd3, 0x0, 0x0, 0x0, 0x3, 0x7d,
    0xd7, 0x0, 0x0, 0x0, 0x7, 0xfc, 0x94, 0x0,
    0x0, 0x0, 0x0, 0x0, 0x0, 0x0, 0x0, 0x0,
    0x0, 0x0,

    /* U+68D5 "棕" */
    0x0, 0x0, 0x0, 0x0, 0x0, 0x0, 0x0, 0x0,
    0x87, 0x0, 0x0, 0xa4, 0x0, 0x0, 0x0, 0x87,
    0x0, 0x0, 0x6b, 0x0, 0x0, 0x0, 0x88, 0xb,
    0xee, 0xee, 0xee, 0xf2, 0x4e, 0xff, 0xdb, 0x20,
    0x0, 0x0, 0xd2, 0x0, 0xb9, 0x4, 0xab, 0xbb,
    0xbb, 0x50, 0x0, 0xff, 0x30, 0x22, 0x22, 0x22,
    0x0, 0x5, 0xfa, 0xc0, 0x0, 0x0, 0x0, 0x0,
    0xb, 0xa7, 0x6a, 0xee, 0xff, 0xee, 0xe3, 0x3c,
    0x87, 0x0, 0x0, 0x5b, 0x0, 0x0, 0x74, 0x87,
    0x0, 0xe2, 0x5b, 0x2d, 0x0, 0x0, 0x87, 0x9,
    0x90, 0x5b, 0x8, 0x90, 0x0, 0x87, 0x3d, 0x0,
    0x5b, 0x0, 0xd1, 0x0, 0x87, 0x1, 0xb, 0xe7,
    0x0, 0x0,

    /* U+6A90 "檐" */
    0x0, 0x0, 0x0, 0x0, 0x0, 0x0, 0x0, 0x0,
    0x67, 0x0, 0xd, 0x40, 0x0, 0x0, 0x0, 0x67,
    0x0, 0x7e, 0xbb, 0xf4, 0x0, 0x0, 0x78, 0x5,
    0xf8, 0x57, 0xf6, 0x53, 0x3e, 0xff, 0xee, 0xd6,
    0x8a, 0x7a, 0x64, 0x0, 0xb9, 0x5, 0xb4, 0xc3,
    0x29, 0x90, 0x0, 0xff, 0x35, 0xb4, 0x3, 0xb0,
    0x40, 0x5, 0xe8, 0xc6, 0xca, 0xaa, 0xaa, 0xa6,
    0xc, 0x97, 0x37, 0x95, 0xaa, 0xaa, 0xa0, 0x4c,
    0x67, 0x8, 0x82, 0x44, 0x44, 0x40, 0x13, 0x67,
    0x9, 0x63, 0x66, 0x66, 0x60, 0x0, 0x67, 0xd,
    0x28, 0xca, 0xaa, 0xe1, 0x0, 0x67, 0x3d, 0x8,
    0x60, 0x0, 0xe1, 0x0, 0x67, 0x94, 0x8, 0xca,
    0xaa, 0xd1,

    /* U+6B62 "止" */
    0x0, 0x0, 0x0, 0x1f, 0x0, 0x0, 0x0, 0x0,
    0x0, 0x0, 0x1f, 0x0, 0x0, 0x0, 0x0, 0x0,
    0x0, 0x1f, 0x0, 0x0, 0x0, 0x0, 0x78, 0x0,
    0x1f, 0x0, 0x0, 0x0, 0x0, 0x88, 0x0, 0x1f,
    0x0, 0x0, 0x0, 0x0, 0x88, 0x0, 0x1f, 0xff,
    0xff, 0xa0, 0x0, 0x88, 0x0, 0x1f, 0x0, 0x0,
    0x0, 0x0, 0x88, 0x0, 0x1f, 0x0, 0x0, 0x0,
    0x0, 0x88, 0x0, 0x1f, 0x0, 0x0, 0x0, 0x0,
    0x88, 0x0, 0x1f, 0x0, 0x0, 0x0, 0x0, 0x88,
    0x0, 0x1f, 0x0, 0x0, 0x0, 0x6d, 0xee, 0xdd,
    0xdf, 0xdd, 0xdd, 0xd1, 0x13, 0x33, 0x33, 0x33,
    0x33, 0x33, 0x30,

    /* U+6B63 "正" */
    0x8, 0xff, 0xff, 0xff, 0xff, 0xff, 0xe0, 0x0,
    0x11, 0x11, 0x2f, 0x11, 0x11, 0x10, 0x0, 0x0,
    0x0, 0x1f, 0x0, 0x0, 0x0, 0x0, 0x14, 0x0,
    0x1f, 0x0, 0x0, 0x0, 0x0, 0x3d, 0x0, 0x1f,
    0x0, 0x0, 0x0, 0x0, 0x3d, 0x0, 0x1f, 0xff,
    0xff, 0x40, 0x0, 0x3d, 0x0, 0x1f, 0x0, 0x0,
    0x0, 0x0, 0x3d, 0x0, 0x1f, 0x0, 0x0, 0x0,
    0x0, 0x3d, 0x0, 0x1f, 0x0, 0x0, 0x0, 0x0,
    0x3d, 0x0, 0x1f, 0x0, 0x0, 0x0, 0xb, 0xcf,
    0xbb, 0xcf, 0xbb, 0xbb, 0xb5, 0x4, 0x44, 0x44,
    0x44, 0x44, 0x44, 0x42,

    /* U+6C14 "气" */
    0x0, 0x4, 0x30, 0x0, 0x0, 0x0, 0x0, 0x0,
    0xe, 0x50, 0x0, 0x0, 0x0, 0x0, 0x0, 0x5f,
    0xee, 0xee, 0xee, 0xee, 0xe0, 0x0, 0xd5, 0x0,
    0x0, 0x0, 0x0, 0x0, 0xa, 0xb5, 0xdd, 0xdd,
    0xdd, 0xdc, 0x0, 0x5e, 0x20, 0x0, 0x0, 0x0,
    0x0, 0x0, 0x1, 0xcd, 0xdd, 0xdd, 0xde, 0xc0,
    0x0, 0x0, 0x0, 0x0, 0x0, 0x2, 0xd0, 0x0,
    0x0, 0x0, 0x0, 0x0, 0x1, 0xf0, 0x0, 0x0,
    0x0, 0x0, 0x0, 0x0, 0xf1, 0x0, 0x0, 0x0,
    0x0, 0x0, 0x0, 0xc5, 0x33, 0x0, 0x0, 0x0,
    0x0, 0x0, 0x7c, 0x76, 0x0, 0x0, 0x0, 0x0,
    0x0, 0xa, 0xe2,

    /* U+6C34 "水" */
    0x0, 0x0, 0x0, 0x4c, 0x0, 0x0, 0x0, 0x0,
    0x0, 0x0, 0x4c, 0x0, 0x0, 0x0, 0x0, 0x0,
    0x0, 0x4c, 0x0, 0x0, 0x0, 0x1, 0x11, 0x10,
    0x4d, 0x0, 0xd, 0x50, 0xb, 0xff, 0xfc, 0x4f,
    0x30, 0xab, 0x0, 0x0, 0x0, 0x88, 0x4f, 0xb9,
    0xb0, 0x0, 0x0, 0x0, 0xd3, 0x4d, 0xbb, 0x0,
    0x0, 0x0, 0x5, 0xc0, 0x4c, 0x1d, 0x20, 0x0,
    0x0, 0xd, 0x50, 0x4c, 0x5, 0xe1, 0x0, 0x0,
    0xba, 0x0, 0x4c, 0x0, 0x8e, 0x40, 0xb, 0xc0,
    0x0, 0x4c, 0x0, 0x7, 0xf8, 0x6, 0x0, 0x1,
    0x7c, 0x0, 0x0, 0x32, 0x0, 0x0, 0x2f, 0xe7,
    0x0, 0x0, 0x0, 0x0, 0x0, 0x0, 0x0, 0x0,
    0x0, 0x0,

    /* U+6C89 "沉" */
    0x3, 0x50, 0x0, 0x0, 0x0, 0x0, 0x0, 0x2,
    0xcc, 0x3f, 0xff, 0xff, 0xff, 0xf1, 0x0, 0x6,
    0x2e, 0x0, 0x0, 0x0, 0xe1, 0x0, 0x0, 0x1c,
    0x0, 0x0, 0x0, 0xc1, 0x7, 0x10, 0x0, 0x13,
    0x33, 0x30, 0x0, 0x19, 0xe6, 0x0, 0x7d, 0xbb,
    0xf1, 0x0, 0x0, 0x24, 0x0, 0x77, 0x0, 0xe1,
    0x0, 0x0, 0x0, 0x0, 0x87, 0x0, 0xe1, 0x0,
    0x0, 0xa, 0x50, 0x86, 0x0, 0xe1, 0x0, 0x0,
    0x3e, 0x0, 0xb4, 0x0, 0xe1, 0x10, 0x0, 0xc6,
    0x2, 0xe0, 0x0, 0xe1, 0x59, 0x6, 0xd0, 0xc,
    0x70, 0x0, 0xe2, 0x77, 0xb, 0x40, 0xb9, 0x0,
    0x0, 0xaf, 0xf3, 0x0, 0x0, 0x10, 0x0, 0x0,
    0x0, 0x0,

    /* U+6C99 "沙" */
    0x7, 0x91, 0x0, 0x0, 0xe2, 0x0, 0x0, 0x0,
    0x7e, 0x30, 0x0, 0xe2, 0x0, 0x0, 0x0, 0x2,
    0x3, 0x70, 0xe2, 0x4a, 0x0, 0x0, 0x0, 0x8,
    0x80, 0xe2, 0xd, 0x40, 0x4d, 0x50, 0xd, 0x40,
    0xe2, 0x5, 0xc0, 0x3, 0xd6, 0x3e, 0x0, 0xe2,
    0x0, 0xe3, 0x0, 0x0, 0xb7, 0x0, 0xe2, 0x7,
    0x50, 0x0, 0x5, 0x30, 0x0, 0xe2, 0x2e, 0x0,
    0x0, 0x2e, 0x10, 0x0, 0x61, 0xb7, 0x0, 0x0,
    0xa8, 0x0, 0x0, 0xb, 0xb0, 0x0, 0x4, 0xe1,
    0x0, 0x4, 0xdb, 0x0, 0x0, 0xd, 0x60, 0x38,
    0xce, 0x50, 0x0, 0x0, 0x4, 0x0, 0x79, 0x40,
    0x0, 0x0, 0x0,

    /* U+6CA1 "没" */
    0x1, 0x0, 0x0, 0x0, 0x0, 0x0, 0x0, 0x9,
    0xc3, 0x0, 0xef, 0xff, 0xe0, 0x0, 0x0, 0x4b,
    0x0, 0xf1, 0x1, 0xe0, 0x0, 0x0, 0x0, 0x2,
    0xe0, 0x1, 0xe0, 0x0, 0x59, 0x10, 0x1c, 0x70,
    0x0, 0xfa, 0xa2, 0x7, 0xe3, 0xb7, 0x0, 0x0,
    0x24, 0x40, 0x0, 0x10, 0x4c, 0xcc, 0xcc, 0xcc,
    0x10, 0x0, 0x3, 0x1a, 0xa2, 0x22, 0x8c, 0x0,
    0x0, 0x3d, 0x1, 0xe3, 0x2, 0xe3, 0x0, 0x0,
    0xc5, 0x0, 0x4e, 0x5e, 0x60, 0x0, 0x5, 0xd0,
    0x0, 0x1b, 0xfc, 0x10, 0x0, 0xe, 0x50, 0x59,
    0xfa, 0x4b, 0xf9, 0x40, 0x6, 0x2, 0xc7, 0x20,
    0x0, 0x38, 0xc1,

    /* U+6CE1 "泡" */
    0x5, 0x30, 0x0, 0x92, 0x0, 0x0, 0x0, 0x6,
    0xe9, 0x2, 0xf0, 0x0, 0x0, 0x0, 0x0, 0x16,
    0x9, 0xfe, 0xee, 0xee, 0x50, 0x0, 0x0, 0x2e,
    0x20, 0x0, 0xb, 0x50, 0x36, 0x0, 0xcb, 0x33,
    0x33, 0xb, 0x50, 0x3b, 0xd4, 0xae, 0xcb, 0xbe,
    0xc, 0x40, 0x0, 0x40, 0xd, 0x20, 0x1e, 0xc,
    0x30, 0x0, 0x0, 0xd, 0x64, 0x5e, 0xd, 0x20,
    0x0, 0x4b, 0xd, 0xb9, 0x9a, 0x2f, 0x10, 0x0,
    0xc6, 0xd, 0x20, 0x5, 0xd9, 0x0, 0x4, 0xe0,
    0xd, 0x20, 0x0, 0x0, 0x90, 0xd, 0x60, 0xd,
    0x40, 0x0, 0x4, 0xe0, 0x1a, 0x0, 0x6, 0xef,
    0xff, 0xff, 0x60,

    /* U+6D41 "流" */
    0x5, 0x10, 0x0, 0x2, 0x80, 0x0, 0x0, 0x7,
    0xe5, 0x0, 0x0, 0xe2, 0x0, 0x0, 0x0, 0x3a,
    0xaf, 0xff, 0xff, 0xff, 0xf1, 0x0, 0x0, 0x0,
    0x5c, 0x0, 0x90, 0x0, 0x38, 0x10, 0x3, 0xe2,
    0x0, 0x7b, 0x0, 0x19, 0xe3, 0x5f, 0xed, 0xee,
    0xee, 0x80, 0x0, 0x41, 0x25, 0x31, 0x10, 0x1,
    0x90, 0x0, 0x0, 0x8, 0x61, 0xd0, 0x96, 0x0,
    0x0, 0x1e, 0x9, 0x61, 0xd0, 0x96, 0x0, 0x0,
    0x8a, 0xb, 0x51, 0xd0, 0x96, 0x0, 0x2, 0xf2,
    0xe, 0x21, 0xd0, 0x96, 0x42, 0xb, 0x80, 0x8b,
    0x1, 0xd0, 0x96, 0x74, 0x1c, 0x3, 0xd1, 0x0,
    0x70, 0x5e, 0xd1, 0x0, 0x0, 0x0, 0x0, 0x0,
    0x0, 0x0,

    /* U+6D6A "浪" */
    0x0, 0x0, 0x0, 0x2, 0x60, 0x0, 0x0, 0x6,
    0xc2, 0x0, 0x0, 0xe2, 0x0, 0x0, 0x0, 0x5d,
    0x1f, 0xee, 0xee, 0xef, 0x10, 0x0, 0x0, 0x1f,
    0x0, 0x0, 0xe, 0x10, 0x29, 0x10, 0x1f, 0xee,
    0xee, 0xef, 0x10, 0x9, 0xe4, 0x1f, 0x0, 0x0,
    0xe, 0x10, 0x0, 0x63, 0x1f, 0x11, 0x11, 0x1e,
    0x10, 0x0, 0x0, 0x1f, 0xdd, 0xfd, 0xdd, 0x10,
    0x0, 0x2a, 0x1f, 0x0, 0xb5, 0x5, 0x50, 0x0,
    0x98, 0x1f, 0x0, 0x4d, 0xac, 0x20, 0x1, 0xf1,
    0x1f, 0x0, 0xa, 0xd0, 0x0, 0xa, 0x90, 0x2f,
    0x49, 0x81, 0xcb, 0x10, 0xb, 0x10, 0x6f, 0xc6,
    0x10, 0x9, 0xf2, 0x0, 0x0, 0x12, 0x0, 0x0,
    0x0, 0x10,

    /* U+6D77 "海" */
    0x1, 0x20, 0x0, 0x70, 0x0, 0x0, 0x0, 0x4,
    0xe9, 0x4, 0xe0, 0x0, 0x0, 0x0, 0x0, 0x9,
    0x1c, 0xff, 0xff, 0xff, 0xf1, 0x0, 0x0, 0x6d,
    0x0, 0x0, 0x0, 0x0, 0x5, 0x0, 0xd7, 0xee,
    0xee, 0xee, 0x70, 0x1b, 0xc2, 0x6, 0x90, 0xa1,
    0x8, 0x70, 0x0, 0x51, 0x8, 0x70, 0x2a, 0x9,
    0x60, 0x0, 0x0, 0xff, 0xff, 0xff, 0xff, 0xf7,
    0x0, 0x59, 0xc, 0x23, 0x90, 0xb, 0x40, 0x0,
    0xc4, 0xf, 0x0, 0x67, 0xc, 0x30, 0x2, 0xe0,
    0x2f, 0xee, 0xee, 0xef, 0xe1, 0x9, 0x80, 0x0,
    0x0, 0x0, 0x2e, 0x0, 0x9, 0x10, 0x0, 0x0,
    0x4e, 0xe7, 0x0, 0x0, 0x0, 0x0, 0x0, 0x0,
    0x0, 0x0,

    /* U+6D88 "消" */
    0x9, 0x40, 0x4, 0x0, 0xe1, 0x4, 0x30, 0x3d,
    0x90, 0xd3, 0xe, 0x10, 0xe4, 0x0, 0x5, 0x5,
    0xb0, 0xe1, 0x7a, 0x0, 0x0, 0x0, 0x5, 0xe,
    0x13, 0x10, 0x6b, 0x20, 0xd, 0xee, 0xff, 0xee,
    0x10, 0x8f, 0x20, 0xe2, 0x0, 0x0, 0xf1, 0x0,
    0x50, 0xe, 0x20, 0x0, 0xf, 0x10, 0x0, 0x0,
    0xed, 0xdd, 0xdd, 0xf1, 0x0, 0x2a, 0xe, 0x10,
    0x0, 0xe, 0x10, 0xa, 0x60, 0xee, 0xee, 0xee,
    0xf1, 0x3, 0xe0, 0xe, 0x10, 0x0, 0xe, 0x10,
    0xc6, 0x0, 0xe1, 0x0, 0x11, 0xf1, 0x19, 0x0,
    0xe, 0x10, 0xa, 0xea, 0x0,

    /* U+6DA7 "涧" */
    0x3, 0x10, 0x51, 0x0, 0x0, 0x0, 0x0, 0x7d,
    0x36, 0xc0, 0xbf, 0xff, 0xfe, 0x0, 0x46, 0x6,
    0x10, 0x0, 0x1, 0xe0, 0x0, 0xd, 0x10, 0x0,
    0x0, 0x1e, 0x15, 0x0, 0xf1, 0xcd, 0xdf, 0x31,
    0xe2, 0xca, 0xf, 0x1c, 0x10, 0xb3, 0x1e, 0x0,
    0x70, 0xf1, 0xc1, 0xb, 0x31, 0xe0, 0x0, 0xf,
    0x1c, 0xdd, 0xf3, 0x1e, 0x0, 0x73, 0xf1, 0xc1,
    0xb, 0x31, 0xe0, 0xe, 0x2f, 0x1c, 0x10, 0xb3,
    0x1e, 0x5, 0xc0, 0xf1, 0xad, 0xdd, 0x21, 0xe0,
    0xd5, 0xf, 0x10, 0x0, 0x0, 0x1e, 0x1a, 0x0,
    0xf1, 0x0, 0x0, 0xde, 0x90,

    /* U+6E10 "渐" */
    0x4, 0x20, 0x6, 0x30, 0x0, 0x3, 0x40, 0x5,
    0xe8, 0xb, 0x40, 0x9, 0xde, 0x80, 0x0, 0x16,
    0xef, 0xee, 0x7d, 0x20, 0x0, 0x0, 0x0, 0x1c,
    0x0, 0xd, 0x0, 0x0, 0x3b, 0x30, 0x57, 0xc1,
    0xe, 0x66, 0x62, 0x5, 0xd3, 0xa2, 0xd1, 0xe,
    0x7e, 0x72, 0x0, 0x0, 0xff, 0xff, 0x6c, 0xd,
    0x0, 0x0, 0x0, 0x10, 0xd1, 0x1b, 0xd, 0x0,
    0x0, 0x86, 0x0, 0xd7, 0x7a, 0xd, 0x0, 0x0,
    0xe3, 0xae, 0xf9, 0x79, 0xd, 0x0, 0x5, 0xc0,
    0x51, 0xd1, 0x76, 0xd, 0x0, 0xc, 0x50, 0x0,
    0xd1, 0xc2, 0xd, 0x0, 0xa, 0x0, 0x0, 0xd2,
    0xb0, 0xd, 0x0, 0x0, 0x0, 0x0, 0x0, 0x0,
    0x0, 0x0,

    /* U+6EAA "溪" */
    0x3, 0x30, 0x0, 0x0, 0x24, 0x6a, 0x20, 0x4,
    0xe9, 0x3d, 0xed, 0xca, 0x77, 0x10, 0x0, 0x18,
    0x8, 0x11, 0xd0, 0xe, 0x10, 0x0, 0x0, 0x8,
    0x80, 0xb3, 0x69, 0x0, 0x27, 0x10, 0x1, 0x3d,
    0x21, 0x21, 0x0, 0x19, 0xe4, 0x3, 0xd4, 0x3c,
    0x40, 0x0, 0x0, 0x41, 0xc, 0xcf, 0xa1, 0x77,
    0x0, 0x0, 0x0, 0x17, 0xdb, 0x89, 0xaf, 0x60,
    0x0, 0x69, 0x17, 0x54, 0xf2, 0x0, 0x60, 0x0,
    0xd3, 0xcd, 0xdd, 0xfd, 0xdd, 0xd4, 0x5, 0xc0,
    0x0, 0x2d, 0x6c, 0x50, 0x0, 0xd, 0x40, 0x16,
    0xe7, 0x2, 0xd9, 0x40, 0x4, 0x1, 0xc8, 0x20,
    0x0, 0x5, 0xb3,

    /* U+706B "火" */
    0x0, 0x0, 0x0, 0x6c, 0x0, 0x0, 0x0, 0x0,
    0x0, 0x0, 0x6b, 0x0, 0x0, 0x0, 0x0, 0x2,
    0x0, 0x6a, 0x0, 0x1, 0x10, 0x0, 0x1f, 0x0,
    0x79, 0x0, 0x7, 0xc0, 0x0, 0x7b, 0x0, 0x98,
    0x0, 0xe, 0x40, 0x0, 0xe4, 0x0, 0xc9, 0x0,
    0x6c, 0x0, 0x6, 0xb0, 0x0, 0xfe, 0x0, 0xc3,
    0x0, 0x0, 0x0, 0x4, 0xeb, 0x50, 0x0, 0x0,
    0x0, 0x0, 0xc, 0x83, 0xe1, 0x0, 0x0, 0x0,
    0x0, 0x7d, 0x0, 0x9b, 0x0, 0x0, 0x0, 0x8,
    0xe3, 0x0, 0xb, 0xd2, 0x0, 0x6, 0xdc, 0x20,
    0x0, 0x0, 0x8f, 0xc4, 0x7, 0x50, 0x0, 0x0,
    0x0, 0x1, 0x72,

    /* U+70B9 "点" */
    0x0, 0x0, 0x0, 0xd2, 0x0, 0x0, 0x0, 0x0,
    0x0, 0x0, 0xd3, 0x0, 0x0, 0x0, 0x0, 0x0,
    0x0, 0xdf, 0xee, 0xee, 0xb0, 0x0, 0x0, 0x0,
    0xd2, 0x0, 0x0, 0x0, 0x0, 0xab, 0xbb, 0xfc,
    0xbb, 0xb2, 0x0, 0x0, 0xe5, 0x44, 0x44, 0x44,
    0xd3, 0x0, 0x0, 0xe1, 0x0, 0x0, 0x0, 0xc3,
    0x0, 0x0, 0xe1, 0x0, 0x0, 0x0, 0xc3, 0x0,
    0x0, 0xdf, 0xff, 0xff, 0xff, 0xf3, 0x0, 0x0,
    0x10, 0x0, 0x0, 0x0, 0x0, 0x0, 0x1, 0xe1,
    0x58, 0x6, 0x70, 0x9c, 0x0, 0xa, 0x80, 0x4c,
    0x2, 0xd0, 0xc, 0x90, 0x5c, 0x0, 0x3c, 0x0,
    0xb1, 0x3, 0xd1, 0x0, 0x0, 0x0, 0x0, 0x0,
    0x0, 0x0,

    /* U+73AF "环" */
    0x3e, 0xee, 0xd5, 0xff, 0xff, 0xff, 0xf9, 0x0,
    0xc4, 0x0, 0x0, 0xd, 0x60, 0x0, 0x0, 0xc3,
    0x0, 0x0, 0x5e, 0x0, 0x0, 0x0, 0xc3, 0x0,
    0x0, 0xdd, 0x60, 0x0, 0x3e, 0xff, 0x70, 0x7,
    0xfd, 0xa9, 0x0, 0x0, 0xc4, 0x0, 0x4f, 0x6d,
    0xc, 0x60, 0x0, 0xc3, 0x4, 0xf6, 0x3d, 0x2,
    0xe2, 0x0, 0xc3, 0x6, 0x60, 0x3d, 0x0, 0x52,
    0x0, 0xca, 0xb0, 0x0, 0x3d, 0x0, 0x0, 0x4d,
    0xd8, 0x20, 0x0, 0x3d, 0x0, 0x0, 0x13, 0x0,
    0x0, 0x0, 0x3d, 0x0, 0x0, 0x0, 0x0, 0x0,
    0x0, 0x3d, 0x0, 0x0,

    /* U+7528 "用" */
    0x0, 0xdf, 0xff, 0xff, 0xff, 0xff, 0x30, 0xd,
    0x30, 0x4, 0xd0, 0x0, 0xd3, 0x0, 0xd2, 0x0,
    0x3d, 0x0, 0xd, 0x30, 0xd, 0xcb, 0xbc, 0xfb,
    0xbb, 0xf3, 0x0, 0xd6, 0x33, 0x6d, 0x33, 0x3e,
    0x30, 0xe, 0x20, 0x3, 0xd0, 0x0, 0xd3, 0x0,
    0xf2, 0x0, 0x4d, 0x0, 0xd, 0x30, 0xf, 0xff,
    0xff, 0xff, 0xff, 0xf3, 0x2, 0xe0, 0x0, 0x3d,
    0x0, 0xd, 0x30, 0x7a, 0x0, 0x3, 0xd0, 0x0,
    0xd3, 0xd, 0x40, 0x0, 0x3d, 0x0, 0xe, 0x35,
    0xa0, 0x0, 0x3, 0xd0, 0xef, 0xd0, 0x0, 0x0,
    0x0, 0x0, 0x0, 0x0, 0x0,

    /* U+7535 "电" */
    0x0, 0x0, 0xd, 0x40, 0x0, 0x0, 0x0, 0x0,
    0x0, 0xd4, 0x0, 0x0, 0x0, 0x2f, 0xff, 0xff,
    0xff, 0xff, 0xf2, 0x2, 0xe1, 0x11, 0xd5, 0x11,
    0x1e, 0x20, 0x2e, 0x0, 0xd, 0x40, 0x0, 0xe2,
    0x2, 0xfe, 0xee, 0xfe, 0xee, 0xef, 0x20, 0x2e,
    0x0, 0xd, 0x50, 0x0, 0xe2, 0x2, 0xe0, 0x0,
    0xd4, 0x0, 0xe, 0x20, 0x2f, 0xee, 0xef, 0xfe,
    0xee, 0xf2, 0x2, 0xe1, 0x11, 0xd5, 0x11, 0x11,
    0x52, 0x0, 0x0, 0xd, 0x40, 0x0, 0xa, 0x60,
    0x0, 0x0, 0xc8, 0x10, 0x1, 0xd3, 0x0, 0x0,
    0x5, 0xef, 0xff, 0xfa, 0x0,

    /* U+767D "白" */
    0x0, 0x0, 0x73, 0x0, 0x0, 0x0, 0x0, 0x2f,
    0x20, 0x0, 0x0, 0x44, 0x49, 0xd4, 0x44, 0x44,
    0xf, 0xcc, 0xcc, 0xcc, 0xcc, 0xf0, 0xf0, 0x0,
    0x0, 0x0, 0x1f, 0xf, 0x0, 0x0, 0x0, 0x1,
    0xf0, 0xf2, 0x11, 0x11, 0x11, 0x2f, 0xf, 0xff,
    0xff, 0xff, 0xff, 0xf0, 0xf0, 0x0, 0x0, 0x0,
    0x1f, 0xf, 0x0, 0x0, 0x0, 0x1, 0xf0, 0xf0,
    0x0, 0x0, 0x0, 0x1f, 0xf, 0xff, 0xff, 0xff,
    0xff, 0xf0, 0xf2, 0x11, 0x11, 0x11, 0x2e, 0x0,

    /* U+7684 "的" */
    0x0, 0x0, 0x0, 0x0, 0x0, 0x0, 0x0, 0xd3,
    0x0, 0xd, 0x20, 0x0, 0x2, 0xe0, 0x0, 0x3e,
    0x0, 0x0, 0xac, 0xeb, 0xb0, 0x8e, 0xcc, 0xca,
    0xe4, 0x33, 0xf1, 0xe4, 0x33, 0x5d, 0xe1, 0x0,
    0xf9, 0x90, 0x0, 0x2d, 0xe1, 0x0, 0xf5, 0x35,
    0x0, 0x3c, 0xed, 0xdd, 0xf0, 0xe, 0x30, 0x3b,
    0xe2, 0x11, 0xf0, 0x4, 0xd0, 0x4b, 0xe1, 0x0,
    0xf0, 0x0, 0xb6, 0x5a, 0xe1, 0x0, 0xf0, 0x0,
    0x10, 0x78, 0xe2, 0x11, 0xf0, 0x0, 0x0, 0x97,
    0xee, 0xdd, 0xd0, 0x0, 0x0, 0xd4, 0xe1, 0x0,
    0x0, 0x7, 0xde, 0xc0, 0x0, 0x0, 0x0, 0x0,
    0x11, 0x0,

    /* U+76F4 "直" */
    0x0, 0x0, 0x0, 0x6a, 0x0, 0x0, 0x0, 0x8,
    0xcc, 0xcc, 0xee, 0xcc, 0xcc, 0xc2, 0x2, 0x22,
    0x22, 0xc7, 0x22, 0x22, 0x20, 0x0, 0x1b, 0xbb,
    0xfc, 0xbb, 0xb7, 0x0, 0x0, 0x2e, 0x22, 0x22,
    0x22, 0x8a, 0x0, 0x0, 0x2f, 0x99, 0x99, 0x99,
    0xca, 0x0, 0x0, 0x2e, 0x22, 0x22, 0x22, 0x8a,
    0x0, 0x0, 0x2f, 0xaa, 0xaa, 0xaa, 0xca, 0x0,
    0x0, 0x2e, 0x11, 0x11, 0x11, 0x7a, 0x0, 0x0,
    0x2f, 0xaa, 0xaa, 0xaa, 0xca, 0x0, 0x0, 0x2e,
    0x22, 0x22, 0x22, 0x7a, 0x0, 0x2, 0x4e, 0x22,
    0x22, 0x22, 0x7b, 0x21, 0x1d, 0xdd, 0xdd, 0xdd,
    0xdd, 0xdd, 0xd8,

    /* U+7720 "眠" */
    0xff, 0xfe, 0xf, 0xff, 0xff, 0xfe, 0xf, 0x1,
    0xe0, 0xe0, 0x0, 0x1, 0xe0, 0xf0, 0x1e, 0xf,
    0x22, 0x22, 0x4e, 0xf, 0xee, 0xe0, 0xfc, 0xcf,
    0xdc, 0xb0, 0xf0, 0x1e, 0xe, 0x0, 0xd3, 0x0,
    0xf, 0x1, 0xe0, 0xf0, 0xc, 0x40, 0x0, 0xfe,
    0xee, 0xf, 0xff, 0xff, 0xff, 0x5f, 0x1, 0xe0,
    0xe0, 0x8, 0x80, 0x0, 0xf0, 0x1e, 0xe, 0x0,
    0x5b, 0x0, 0xf, 0xee, 0xd0, 0xe0, 0x1, 0xf1,
    0x14, 0xe0, 0x0, 0x2f, 0x7a, 0x6a, 0xa5, 0x70,
    0x0, 0x9, 0xd9, 0x51, 0x1b, 0xe2, 0x0, 0x0,
    0x0, 0x0, 0x0, 0x0, 0x0,

    /* U+7761 "睡" */
    0x0, 0x0, 0x0, 0x12, 0x46, 0x91, 0xf, 0xff,
    0xa5, 0xdc, 0xcf, 0x85, 0x10, 0xe0, 0x2a, 0x0,
    0x1, 0xe0, 0x0, 0xe, 0x2, 0xa6, 0x88, 0x9f,
    0x88, 0x80, 0xfe, 0xea, 0x6f, 0x89, 0xf8, 0xf8,
    0xe, 0x2, 0xa0, 0xe0, 0x1e, 0xe, 0x0, 0xe0,
    0x2a, 0xaf, 0xbb, 0xfb, 0xfb, 0x4f, 0xee, 0xa4,
    0xe5, 0x6e, 0x5e, 0x51, 0xe0, 0x2a, 0xe, 0x1,
    0xe0, 0xe0, 0xe, 0x2, 0xac, 0xfe, 0xef, 0xef,
    0xe0, 0xfe, 0xea, 0x11, 0x12, 0xe1, 0x11, 0xd,
    0x0, 0x0, 0x0, 0x1e, 0x0, 0x0, 0x0, 0x0,
    0x6f, 0xff, 0xff, 0xf9, 0x0,

    /* U+786E "确" */
    0x0, 0x0, 0x0, 0x4, 0x50, 0x0, 0x0, 0x1f,
    0xff, 0xf9, 0xc, 0xec, 0xc7, 0x0, 0x0, 0x87,
    0x0, 0x4b, 0x1, 0xd6, 0x0, 0x0, 0xd3, 0x1,
    0xe3, 0x6, 0xc0, 0x0, 0x1, 0xe0, 0xb, 0xfe,
    0xef, 0xee, 0xf1, 0x7, 0xe9, 0x95, 0xa4, 0xe,
    0x0, 0xe1, 0xe, 0xc2, 0xb2, 0xae, 0xdf, 0xdd,
    0xf1, 0x3d, 0xb0, 0xb2, 0xa4, 0xe, 0x0, 0xe1,
    0x3, 0xb0, 0xb2, 0xb8, 0x6f, 0x66, 0xf1, 0x2,
    0xb0, 0xb2, 0xd8, 0x8f, 0x88, 0xf1, 0x2, 0xfc,
    0xf3, 0xd0, 0xe, 0x0, 0xe1, 0x2, 0xc2, 0x26,
    0x80, 0xe, 0x0, 0xe1, 0x1, 0x70, 0xd, 0x10,
    0xb, 0x5e, 0xc0, 0x0, 0x0, 0x0, 0x0, 0x0,
    0x0, 0x0,

    /* U+79D2 "秒" */
    0x0, 0x3, 0x86, 0x0, 0x1e, 0x0, 0x0, 0x1c,
    0xef, 0x72, 0x0, 0x1e, 0x0, 0x0, 0x2, 0xf,
    0x0, 0x16, 0x1e, 0x9, 0x0, 0x0, 0xf, 0x0,
    0x4b, 0x1e, 0xa, 0x60, 0x5e, 0xff, 0xee, 0x78,
    0x1e, 0x3, 0xd0, 0x0, 0x6f, 0x30, 0xc3, 0x1e,
    0x0, 0xd3, 0x0, 0xdf, 0xc2, 0xd0, 0x1e, 0x0,
    0x31, 0x5, 0xaf, 0x5a, 0x0, 0x1e, 0x8, 0x70,
    0x1e, 0x2f, 0x1, 0x0, 0x19, 0x1e, 0x10, 0x68,
    0xf, 0x0, 0x0, 0x1, 0xd7, 0x0, 0x0, 0xf,
    0x0, 0x0, 0x4d, 0x80, 0x0, 0x0, 0xf, 0x1,
    0x6b, 0xe5, 0x0, 0x0, 0x0, 0xf, 0xa, 0xb5,
    0x0, 0x0, 0x0,

    /* U+7A7A "空" */
    0x0, 0x0, 0x1a, 0x0, 0x0, 0x0, 0x0, 0x0,
    0xd, 0x70, 0x0, 0x0, 0xef, 0xff, 0xff, 0xff,
    0xff, 0xff, 0xe1, 0x0, 0x0, 0x0, 0x0, 0x1f,
    0xe1, 0x1b, 0x90, 0x1d, 0x92, 0x1c, 0x37, 0xe7,
    0x0, 0x0, 0x6e, 0x91, 0x89, 0x10, 0x0, 0x0,
    0x0, 0x77, 0x7, 0xff, 0xff, 0xff, 0xff, 0x80,
    0x0, 0x0, 0xc, 0x40, 0x0, 0x0, 0x0, 0x0,
    0xc, 0x40, 0x0, 0x0, 0x0, 0x0, 0xc, 0x40,
    0x0, 0x0, 0x11, 0x11, 0x1d, 0x61, 0x11, 0x11,
    0xcd, 0xdd, 0xdd, 0xdd, 0xdd, 0xdd,

    /* U+7BDD "篝" */
    0x0, 0x94, 0x0, 0x2, 0xb0, 0x0, 0x0, 0x3,
    0xfc, 0xbb, 0x9c, 0xeb, 0xbb, 0xb4, 0x2e, 0x49,
    0x70, 0xba, 0x8, 0xa0, 0x0, 0x16, 0x34, 0xc8,
    0x73, 0x8b, 0x73, 0x10, 0x2, 0x77, 0xca, 0x77,
    0xac, 0x77, 0x40, 0x0, 0x8a, 0xdc, 0xaa, 0xce,
    0xaa, 0x10, 0x7, 0x77, 0xca, 0x77, 0xac, 0x77,
    0x70, 0x4, 0x44, 0x44, 0xaa, 0x44, 0x44, 0x40,
    0x0, 0x6d, 0xaa, 0xdd, 0xaa, 0xd7, 0x0, 0x0,
    0x6d, 0x88, 0xcc, 0x88, 0xc7, 0x0, 0x19, 0xcd,
    0x99, 0xcc, 0x99, 0xdc, 0x91, 0x1, 0x7a, 0x11,
    0x11, 0x11, 0xa8, 0x10, 0x0, 0x69, 0x0, 0x0,
    0x7c, 0xd3, 0x0, 0x0, 0x0, 0x0, 0x0, 0x0,
    0x0, 0x0,

    /* U+7C89 "粉" */
    0x0, 0xf, 0x0, 0x0, 0x80, 0x81, 0x0, 0xa,
    0xf, 0xd, 0x4, 0xb0, 0x95, 0x0, 0xb, 0x2f,
    0x3b, 0x8, 0x70, 0x5a, 0x0, 0x8, 0x5f, 0x85,
    0xd, 0x20, 0xf, 0x20, 0x2, 0x2f, 0x40, 0x89,
    0x0, 0x8, 0xc0, 0x2d, 0xdf, 0xdc, 0xf2, 0x0,
    0x1, 0xd6, 0x3, 0x8f, 0x32, 0xaf, 0xff, 0xff,
    0x70, 0x0, 0xcf, 0x80, 0x0, 0xe2, 0xb, 0x40,
    0x3, 0xbf, 0xa7, 0x1, 0xf0, 0xc, 0x30, 0xd,
    0x4f, 0x7, 0x5, 0xa0, 0xd, 0x20, 0x2a, 0xf,
    0x0, 0xc, 0x40, 0xf, 0x10, 0x0, 0xf, 0x0,
    0x8a, 0x0, 0x3e, 0x0, 0x0, 0xf, 0x3, 0xa0,
    0xe, 0xe7, 0x0, 0x0, 0x0, 0x0, 0x0, 0x0,
    0x0, 0x0,

    /* U+7EC6 "细" */
    0x0, 0x7, 0x30, 0x0, 0x0, 0x0, 0x0, 0x0,
    0x2f, 0x10, 0xef, 0xff, 0xff, 0xf0, 0x0, 0xa8,
    0x0, 0xe1, 0xf, 0x10, 0xf0, 0x3, 0xd0, 0x24,
    0xe0, 0xe, 0x0, 0xf0, 0x1d, 0x64, 0xc7, 0xe0,
    0xe, 0x0, 0xf0, 0x5e, 0xbe, 0xb0, 0xe0, 0xe,
    0x0, 0xf0, 0x0, 0x5d, 0x10, 0xef, 0xff, 0xff,
    0xf0, 0x4, 0xd3, 0x33, 0xe1, 0xf, 0x10, 0xf0,
    0x3f, 0xfd, 0xb6, 0xe0, 0xe, 0x0, 0xf0, 0x13,
    0x0, 0x0, 0xe0, 0xe, 0x0, 0xf0, 0x0, 0x13,
    0x66, 0xe0, 0xe, 0x0, 0xf0, 0x5e, 0xfc, 0x84,
    0xef, 0xff, 0xff, 0xf0, 0x12, 0x0, 0x0, 0xe0,
    0x0, 0x0, 0xe0,

    /* U+7ED3 "结" */
    0x0, 0x1b, 0x0, 0x0, 0xf, 0x0, 0x0, 0x0,
    0x8b, 0x0, 0x0, 0xf, 0x0, 0x0, 0x0, 0xe3,
    0x4, 0xff, 0xff, 0xff, 0xf3, 0x8, 0xa0, 0x74,
    0x0, 0x1f, 0x10, 0x0, 0x4f, 0x77, 0xf2, 0x0,
    0xf, 0x0, 0x0, 0x4a, 0x8f, 0x70, 0xde, 0xef,
    0xee, 0xe0, 0x0, 0x9c, 0x0, 0x11, 0x11, 0x11,
    0x10, 0x5, 0xe1, 0x22, 0x0, 0x0, 0x0, 0x0,
    0x3f, 0xef, 0xd6, 0x8f, 0xee, 0xef, 0x90, 0x27,
    0x30, 0x0, 0x87, 0x0, 0x6, 0x90, 0x0, 0x1,
    0x44, 0x87, 0x0, 0x6, 0x90, 0x4b, 0xee, 0xb5,
    0x89, 0x33, 0x39, 0x90, 0x35, 0x20, 0x0, 0x8d,
    0xbb, 0xbc, 0x90,

    /* U+8282 "节" */
    0x0, 0x0, 0xf1, 0x0, 0x1f, 0x0, 0x0, 0x0,
    0x0, 0xf2, 0x0, 0x2f, 0x0, 0x0, 0x3f, 0xff,
    0xff, 0xff, 0xff, 0xff, 0xf3, 0x0, 0x0, 0xf1,
    0x0, 0x1f, 0x0, 0x0, 0x0, 0x0, 0x30, 0x0,
    0x3, 0x0, 0x0, 0x9, 0xff, 0xff, 0xff, 0xff,
    0xfd, 0x0, 0x0, 0x0, 0xf, 0x30, 0x0, 0x3e,
    0x0, 0x0, 0x0, 0xf, 0x20, 0x0, 0x2e, 0x0,
    0x0, 0x0, 0xf, 0x20, 0x0, 0x2e, 0x0, 0x0,
    0x0, 0xf, 0x20, 0x0, 0x3e, 0x0, 0x0, 0x0,
    0xf, 0x20, 0xaf, 0xfa, 0x0, 0x0, 0x0, 0xf,
    0x20, 0x1, 0x0, 0x0, 0x0, 0x0, 0xf, 0x20,
    0x0, 0x0, 0x0,

    /* U+8349 "草" */
    0x0, 0x0, 0xe1, 0x0, 0x1e, 0x0, 0x0, 0x1e,
    0xee, 0xff, 0xee, 0xff, 0xee, 0xe2, 0x0, 0x0,
    0xe1, 0x0, 0x2e, 0x0, 0x0, 0x0, 0x6a, 0xba,
    0xaa, 0xab, 0xa6, 0x0, 0x0, 0x98, 0x22, 0x22,
    0x22, 0x89, 0x0, 0x0, 0x98, 0x22, 0x22, 0x22,
    0x89, 0x0, 0x0, 0x9c, 0x99, 0x99, 0x99, 0xc9,
    0x0, 0x0, 0x98, 0x22, 0x22, 0x22, 0x89, 0x0,
    0x0, 0x6b, 0xbb, 0xdd, 0xbb, 0xb7, 0x0, 0x0,
    0x0, 0x0, 0x97, 0x0, 0x0, 0x0, 0x3f, 0xff,
    0xff, 0xff, 0xff, 0xff, 0xf4, 0x0, 0x0, 0x0,
    0x97, 0x0, 0x0, 0x0, 0x0, 0x0, 0x0, 0x97,
    0x0, 0x0, 0x0,

    /* U+83DC "菜" */
    0x0, 0x0, 0xd2, 0x0, 0x2d, 0x0, 0x0, 0x2e,
    0xee, 0xff, 0xee, 0xff, 0xee, 0xe2, 0x0, 0x0,
    0xd2, 0x0, 0x2d, 0x1, 0x0, 0x0, 0x1, 0x44,
    0x57, 0x9c, 0xfc, 0x0, 0x8, 0xed, 0xcb, 0xa9,
    0x75, 0x21, 0x0, 0x0, 0x91, 0x0, 0xd1, 0x0,
    0x2e, 0x10, 0x0, 0x6b, 0x0, 0x95, 0x0, 0xc5,
    0x0, 0x0, 0x4, 0x0, 0x87, 0x0, 0x50, 0x0,
    0x2e, 0xee, 0xee, 0xff, 0xee, 0xee, 0xe3, 0x0,
    0x0, 0x4d, 0xdc, 0xd4, 0x0, 0x0, 0x0, 0x19,
    0xd2, 0x98, 0x3e, 0x81, 0x0, 0x2a, 0xf9, 0x10,
    0x98, 0x1, 0x9f, 0xa2, 0x18, 0x10, 0x0, 0x98,
    0x0, 0x1, 0x70,

    /* U+866B "虫" */
    0x0, 0x0, 0x0, 0xd4, 0x0, 0x0, 0x0, 0x0,
    0x0, 0xd, 0x40, 0x0, 0x0, 0x0, 0x44, 0x44,
    0xe8, 0x44, 0x42, 0x0, 0x2f, 0xbb, 0xbf, 0xdb,
    0xbe, 0x90, 0x2, 0xe0, 0x0, 0xd4, 0x0, 0x89,
    0x0, 0x2e, 0x0, 0xd, 0x40, 0x8, 0x90, 0x2,
    0xe1, 0x11, 0xd5, 0x11, 0x89, 0x0, 0x2f, 0xff,
    0xff, 0xff, 0xff, 0x90, 0x0, 0x0, 0x0, 0xd4,
    0x0, 0x0, 0x0, 0x0, 0x0, 0xd, 0x40, 0x7b,
    0x0, 0x0, 0x0, 0x0, 0xd6, 0x23, 0xd8, 0x2,
    0xdd, 0xef, 0xff, 0xed, 0xcb, 0xe3, 0x4, 0x32,
    0x10, 0x0, 0x0, 0x6, 0x90, 0x0, 0x0, 0x0,
    0x0, 0x0, 0x0,

    /* U+87C0 "蟀" */
    0x0, 0x0, 0x0, 0x0, 0x0, 0x0, 0x0, 0x0,
    0x65, 0x0, 0x0, 0x5a, 0x0, 0x0, 0x0, 0x65,
    0x4, 0x77, 0x8f, 0x77, 0x73, 0x0, 0x76, 0x6,
    0x99, 0xac, 0x99, 0x94, 0xf, 0xee, 0xf4, 0x50,
    0x86, 0x0, 0x83, 0xb, 0x53, 0xc0, 0xb6, 0xd8,
    0xb6, 0x80, 0xb, 0x53, 0xc0, 0x6, 0x6d, 0x43,
    0x10, 0xb, 0x53, 0xc0, 0xb6, 0xb3, 0xa6, 0xc0,
    0xf, 0xfe, 0xf8, 0x5a, 0xec, 0xb8, 0x73, 0xb,
    0x65, 0x0, 0x0, 0x1c, 0x1, 0x0, 0x0, 0x65,
    0xc9, 0xee, 0xff, 0xee, 0xe8, 0x1, 0x8a, 0xd3,
    0x0, 0x1e, 0x0, 0x0, 0x5e, 0xb8, 0x97, 0x0,
    0x1e, 0x0, 0x0, 0x0, 0x0, 0x12, 0x0, 0x1e,
    0x0, 0x0,

    /* U+87CB "蟋" */
    0x0, 0x66, 0x0, 0x2, 0x35, 0x8c, 0x60, 0x0,
    0x66, 0x0, 0xcb, 0xae, 0x64, 0x10, 0x5, 0x99,
    0x50, 0x2d, 0xd, 0xb, 0x50, 0xe, 0xbc, 0xe0,
    0x9, 0x2d, 0x1a, 0x0, 0xc, 0x55, 0xc4, 0xee,
    0xff, 0xfe, 0xe5, 0xc, 0x55, 0xc0, 0x3, 0xde,
    0xc5, 0x0, 0xc, 0x55, 0xc0, 0x6d, 0x2d, 0x1c,
    0x80, 0xf, 0xee, 0xe5, 0xb1, 0x18, 0x0, 0xa3,
    0x6, 0x66, 0x10, 0x0, 0x3d, 0x20, 0x0, 0x0,
    0x66, 0xb0, 0x94, 0xb2, 0x99, 0x30, 0x0, 0x68,
    0xb3, 0xd3, 0xb0, 0x4, 0xc0, 0x4e, 0xec, 0xb7,
    0xd3, 0xb0, 0x2a, 0xc3, 0x1, 0x0, 0x13, 0x40,
    0xee, 0xe5, 0x32,

    /* U+8861 "衡" */
    0x0, 0x86, 0x9, 0x80, 0x0, 0x0, 0x0, 0x3,
    0xe1, 0xf, 0xec, 0xa0, 0xef, 0xe0, 0x2e, 0x30,
    0x89, 0x6, 0x90, 0x0, 0x0, 0x14, 0x4e, 0xfb,
    0xae, 0xc7, 0x0, 0x0, 0x0, 0xd6, 0xd2, 0x3a,
    0x3d, 0x99, 0x92, 0x8, 0xf0, 0xbb, 0xce, 0xcc,
    0x6e, 0x71, 0x4e, 0xf0, 0xb1, 0x2a, 0x2b, 0xd,
    0x10, 0x24, 0xe0, 0xbb, 0xbe, 0xbb, 0xd, 0x10,
    0x0, 0xe0, 0x11, 0x58, 0x11, 0xd, 0x10, 0x0,
    0xe2, 0xdd, 0xef, 0xda, 0xd, 0x10, 0x0, 0xe0,
    0x2, 0xed, 0x50, 0xd, 0x10, 0x0, 0xe0, 0x2c,
    0x61, 0xb5, 0xe, 0x10, 0x0, 0xe2, 0xb3, 0x0,
    0x4, 0xeb, 0x0,

    /* U+8BF7 "请" */
    0x0, 0x50, 0x0, 0x0, 0x3c, 0x0, 0x0, 0x0,
    0xc8, 0x6, 0xcc, 0xdf, 0xcc, 0xc2, 0x0, 0x1d,
    0x40, 0x11, 0x4c, 0x11, 0x10, 0x0, 0x1, 0x1,
    0xcc, 0xdf, 0xcc, 0x80, 0x16, 0x66, 0x4, 0x44,
    0x7d, 0x44, 0x42, 0x17, 0x8e, 0x6, 0x77, 0x77,
    0x77, 0x74, 0x0, 0x1e, 0x0, 0xbc, 0xcc, 0xcc,
    0x60, 0x0, 0x1e, 0x0, 0xe0, 0x0, 0x8, 0x70,
    0x0, 0x1e, 0x0, 0xec, 0xbb, 0xbe, 0x70, 0x0,
    0x1e, 0x2, 0xe0, 0x0, 0x8, 0x70, 0x0, 0x1f,
    0xc6, 0xec, 0xcc, 0xce, 0x70, 0x0, 0x7f, 0x50,
    0xe0, 0x0, 0x8, 0x70, 0x0, 0x52, 0x0, 0xe0,
    0x3, 0xed, 0x30,

    /* U+8C03 "调" */
    0x0, 0x10, 0x0, 0x0, 0x0, 0x0, 0x0, 0x1,
    0xe4, 0xa, 0xfe, 0xee, 0xee, 0xf1, 0x0, 0x2e,
    0x3a, 0x40, 0xa, 0x0, 0xd1, 0x0, 0x2, 0xa,
    0x45, 0x7e, 0x72, 0xd1, 0x2, 0x21, 0xa, 0x44,
    0x6e, 0x61, 0xd1, 0x2d, 0xec, 0xa, 0x42, 0x2d,
    0x21, 0xd1, 0x0, 0x3c, 0xa, 0x47, 0x77, 0x74,
    0xd1, 0x0, 0x3c, 0xa, 0x37, 0x99, 0x91, 0xd1,
    0x0, 0x3c, 0xc, 0x1b, 0x52, 0xa2, 0xd1, 0x0,
    0x3c, 0x1e, 0xb, 0x30, 0x92, 0xd1, 0x0, 0x3e,
    0xed, 0xb, 0xdc, 0xd1, 0xd1, 0x0, 0xad, 0x98,
    0x3, 0x0, 0x0, 0xe1, 0x0, 0x50, 0x91, 0x0,
    0x0, 0x6e, 0xc0, 0x0, 0x0, 0x0, 0x0, 0x0,
    0x0, 0x0,

    /* U+8F68 "轨" */
    0x0, 0x0, 0x0, 0x0, 0x0, 0x0, 0x0, 0x0,
    0xe, 0x30, 0x0, 0xb3, 0x0, 0x0, 0x5, 0x6f,
    0x55, 0x30, 0xb3, 0x0, 0x0, 0x1b, 0xde, 0xbb,
    0x60, 0xb3, 0x0, 0x0, 0x0, 0xb5, 0x0, 0x1f,
    0xff, 0xfd, 0x0, 0x1, 0xe0, 0xf0, 0x0, 0xc3,
    0x1e, 0x0, 0x7, 0x80, 0xf0, 0x0, 0xc2, 0xe,
    0x0, 0xd, 0xff, 0xff, 0x90, 0xd1, 0xe, 0x0,
    0x1, 0x0, 0xf0, 0x0, 0xe0, 0xe, 0x0, 0x0,
    0x0, 0xf2, 0x32, 0xc0, 0xe, 0x0, 0x6, 0x9c,
    0xfd, 0x87, 0x80, 0xe, 0x0, 0xb, 0x85, 0xf0,
    0xb, 0x30, 0xe, 0x28, 0x0, 0x0, 0xf0, 0x3c,
    0x0, 0xe, 0x3a, 0x0, 0x0, 0xf0, 0xa3, 0x0,
    0xc, 0xe5, 0x0, 0x0, 0x0, 0x0, 0x0, 0x0,
    0x0,

    /* U+8FC7 "过" */
    0x1, 0x20, 0x0, 0x0, 0x0, 0xe2, 0x0, 0x4,
    0xe2, 0x0, 0x0, 0x0, 0xe2, 0x0, 0x0, 0x7c,
    0x0, 0x0, 0x0, 0xe2, 0x0, 0x0, 0x8, 0x3e,
    0xee, 0xee, 0xff, 0xe1, 0x0, 0x0, 0x0, 0x10,
    0x0, 0xe2, 0x0, 0xb, 0xba, 0x3, 0xd0, 0x0,
    0xe2, 0x0, 0x3, 0x5e, 0x0, 0x99, 0x0, 0xe2,
    0x0, 0x0, 0x2e, 0x0, 0x1d, 0x10, 0xe2, 0x0,
    0x0, 0x2e, 0x0, 0x0, 0x0, 0xe2, 0x0, 0x0,
    0x2e, 0x0, 0x1, 0x22, 0xf1, 0x0, 0x0, 0x7d,
    0x20, 0x4, 0xed, 0xa0, 0x0, 0xb, 0x70, 0xaa,
    0x53, 0x23, 0x35, 0x73, 0xa, 0x0, 0x4, 0xab,
    0xdd, 0xcc, 0xb2, 0x0, 0x0, 0x0, 0x0, 0x0,
    0x0, 0x0,

    /* U+8FD4 "返" */
    0x1, 0x0, 0x0, 0x0, 0x1, 0x47, 0x10, 0xd,
    0x60, 0xb, 0xde, 0xfd, 0xb8, 0x30, 0x2, 0xe4,
    0xe, 0x30, 0x0, 0x0, 0x0, 0x0, 0x21, 0xe,
    0x54, 0x44, 0x44, 0x0, 0x0, 0x0, 0xf, 0xa9,
    0x99, 0xaf, 0x0, 0x6b, 0xb3, 0xf, 0x24, 0x0,
    0x99, 0x0, 0x23, 0xd4, 0x1e, 0x2d, 0x73, 0xe1,
    0x0, 0x0, 0xc4, 0x4c, 0x1, 0xcf, 0x60, 0x0,
    0x0, 0xc4, 0xa7, 0x3, 0xdc, 0xc1, 0x0, 0x0,
    0xc6, 0xe3, 0xae, 0x40, 0x8d, 0x10, 0x3, 0xe8,
    0x20, 0x70, 0x0, 0x5, 0x0, 0x3e, 0x4a, 0xb5,
    0x21, 0x11, 0x24, 0x70, 0x75, 0x0, 0x4a, 0xde,
    0xee, 0xed, 0xb0, 0x0, 0x0, 0x0, 0x0, 0x0,
    0x0, 0x0,

    /* U+8FD8 "还" */
    0x7, 0x10, 0x0, 0x0, 0x0, 0x0, 0x0, 0x7,
    0xe1, 0x7f, 0xff, 0xff, 0xff, 0xe0, 0x0, 0x9c,
    0x1, 0x11, 0x9b, 0x11, 0x10, 0x0, 0x1, 0x0,
    0x3, 0xf3, 0x0, 0x0, 0x0, 0x0, 0x0, 0xd,
    0xf2, 0x20, 0x0, 0x9f, 0xf3, 0x0, 0xbc, 0xf5,
    0xe3, 0x0, 0x0, 0xc3, 0x1d, 0xd1, 0xf1, 0x4e,
    0x30, 0x0, 0xc4, 0xeb, 0x10, 0xf1, 0x5, 0xe0,
    0x0, 0xc3, 0x20, 0x0, 0xf1, 0x0, 0x10, 0x0,
    0xc3, 0x0, 0x0, 0xf1, 0x0, 0x0, 0x3, 0xe8,
    0x0, 0x0, 0xe1, 0x0, 0x0, 0x4f, 0x6b, 0xb5,
    0x10, 0x0, 0x1, 0x32, 0xa7, 0x0, 0x6c, 0xff,
    0xff, 0xff, 0xf5, 0x0, 0x0, 0x0, 0x0, 0x10,
    0x0, 0x0,

    /* U+8FD9 "这" */
    0x0, 0x0, 0x0, 0x0, 0x0, 0x0, 0x0, 0x2,
    0x0, 0x0, 0x3, 0xd0, 0x0, 0x0, 0x9, 0xc0,
    0x0, 0x0, 0xd6, 0x0, 0x0, 0x0, 0xaa, 0x8c,
    0xcc, 0xed, 0xcc, 0xc5, 0x0, 0x2, 0x23, 0x33,
    0x33, 0xa9, 0x31, 0x0, 0x0, 0x8, 0x10, 0x0,
    0xe3, 0x0, 0x4, 0x43, 0x7, 0xd3, 0x5, 0xd0,
    0x0, 0xb, 0xcb, 0x0, 0x4e, 0x7d, 0x40, 0x0,
    0x0, 0x4b, 0x0, 0x1, 0xfe, 0x0, 0x0, 0x0,
    0x4b, 0x0, 0x1b, 0xb9, 0xd2, 0x0, 0x0, 0x4b,
    0x18, 0xe8, 0x0, 0x7e, 0x30, 0x0, 0x5c, 0x6a,
    0x20, 0x0, 0x5, 0x80, 0x6, 0xfd, 0xc5, 0x10,
    0x0, 0x1, 0x22, 0x1e, 0x30, 0x5b, 0xff, 0xff,
    0xff, 0xf7, 0x0, 0x0, 0x0, 0x0, 0x10, 0x0,
    0x0,

    /* U+8FDB "进" */
    0x4, 0x60, 0x0, 0xf, 0x0, 0xe1, 0x0, 0x1,
    0xe4, 0x0, 0xf, 0x0, 0xe1, 0x0, 0x0, 0x4e,
    0x10, 0x1f, 0x0, 0xe2, 0x0, 0x0, 0x5, 0xf,
    0xff, 0xff, 0xff, 0xe0, 0x0, 0x0, 0x0, 0xf,
    0x0, 0xe1, 0x0, 0xc, 0xca, 0x0, 0xf, 0x0,
    0xe1, 0x0, 0x0, 0x3e, 0x1e, 0xef, 0xee, 0xfe,
    0xe3, 0x0, 0x2e, 0x1, 0x6b, 0x11, 0xe3, 0x10,
    0x0, 0x2e, 0x0, 0xc6, 0x0, 0xe1, 0x0, 0x0,
    0x2e, 0x9, 0xc0, 0x0, 0xe1, 0x0, 0x1, 0xdf,
    0x73, 0x10, 0x0, 0x50, 0x0, 0xb, 0xb4, 0xeb,
    0x31, 0x0, 0x12, 0x32, 0x1c, 0x0, 0x17, 0xcd,
    0xee, 0xee, 0xd3, 0x0, 0x0, 0x0, 0x0, 0x0,
    0x0, 0x0,

    /* U+8FDC "远" */
    0x0, 0x0, 0x0, 0x0, 0x0, 0x0, 0x0, 0x9,
    0xa1, 0x4, 0xff, 0xff, 0xff, 0xc0, 0x0, 0x9e,
    0x10, 0x0, 0x0, 0x0, 0x0, 0x0, 0x3, 0x0,
    0x0, 0x0, 0x0, 0x0, 0x0, 0x0, 0x4d, 0xdd,
    0xdd, 0xdd, 0xd8, 0x2e, 0xeb, 0x1, 0x1d, 0x33,
    0xe1, 0x11, 0x0, 0x5b, 0x0, 0xf, 0x1, 0xd0,
    0x0, 0x0, 0x4b, 0x0, 0x2e, 0x1, 0xd0, 0x0,
    0x0, 0x4b, 0x0, 0x99, 0x1, 0xd0, 0x37, 0x0,
    0x4b, 0x6, 0xe1, 0x1, 0xe1, 0x69, 0x0, 0x4c,
    0x6b, 0x20, 0x0, 0xbd, 0xd3, 0x5, 0xc6, 0xb5,
    0x10, 0x0, 0x0, 0x12, 0xd, 0x10, 0x18, 0xdf,
    0xee, 0xff, 0xfb, 0x0, 0x0, 0x0, 0x0, 0x0,
    0x0, 0x0,

    /* U+9009 "选" */
    0x3, 0x10, 0x0, 0x43, 0x1e, 0x0, 0x0, 0x8,
    0xd1, 0x0, 0xd5, 0x1e, 0x0, 0x0, 0x0, 0x9c,
    0x4, 0xfe, 0xef, 0xee, 0xe0, 0x0, 0x5, 0xd,
    0x60, 0x1e, 0x0, 0x0, 0x0, 0x0, 0x5, 0x0,
    0x1e, 0x0, 0x0, 0x2, 0x22, 0x2b, 0xbb, 0xbf,
    0xbb, 0xb6, 0xc, 0xdb, 0x14, 0x4c, 0x95, 0xf4,
    0x42, 0x0, 0x4b, 0x0, 0xe, 0x30, 0xe0, 0x0,
    0x0, 0x4b, 0x0, 0x5d, 0x0, 0xe0, 0x25, 0x0,
    0x4b, 0x6, 0xf4, 0x0, 0xf1, 0x6a, 0x0, 0x4c,
    0x5c, 0x30, 0x0, 0xbe, 0xe4, 0x2, 0xcd, 0xc5,
    0x10, 0x0, 0x0, 0x1, 0xd, 0x60, 0x39, 0xef,
    0xee, 0xff, 0xfa, 0x0, 0x0, 0x0, 0x0, 0x11,
    0x0, 0x0,

    /* U+9053 "道" */
    0x0, 0x0, 0x0, 0x64, 0x0, 0x54, 0x0, 0x9,
    0xa0, 0x0, 0x3c, 0x0, 0xd1, 0x0, 0x0, 0xb8,
    0x4d, 0xde, 0xee, 0xfd, 0xd3, 0x0, 0x16, 0x0,
    0x0, 0xc3, 0x0, 0x0, 0x0, 0x0, 0x2, 0xdc,
    0xec, 0xcd, 0x10, 0xc, 0xca, 0x2, 0xc0, 0x0,
    0xe, 0x10, 0x3, 0x5e, 0x2, 0xfb, 0xbb, 0xbf,
    0x10, 0x0, 0x1e, 0x2, 0xc0, 0x0, 0xe, 0x10,
    0x0, 0x1e, 0x2, 0xfb, 0xbb, 0xbf, 0x10, 0x0,
    0x1e, 0x2, 0xc0, 0x0, 0xe, 0x10, 0x0, 0x3e,
    0x2, 0xcc, 0xcc, 0xcc, 0x10, 0x5, 0xc7, 0xc5,
    0x0, 0x0, 0x0, 0x11, 0xd, 0x10, 0x29, 0xee,
    0xee, 0xef, 0xf4, 0x0, 0x0, 0x0, 0x0, 0x0,
    0x0, 0x0,

    /* U+906E "遮" */
    0x0, 0x0, 0x0, 0x0, 0x80, 0x0, 0x0, 0x1c,
    0x20, 0x2, 0x22, 0xc6, 0x22, 0x20, 0x4, 0xe3,
    0x2f, 0xbd, 0xbb, 0xdb, 0xb3, 0x0, 0x41, 0x2c,
    0xd, 0x10, 0xc2, 0x0, 0x0, 0x0, 0x2f, 0xdf,
    0xdd, 0xfd, 0xd3, 0x7e, 0xe4, 0x3b, 0xd, 0x10,
    0xc2, 0x0, 0x0, 0xb4, 0x5a, 0xd, 0x43, 0xd2,
    0x0, 0x0, 0xb4, 0x78, 0x8, 0x99, 0x91, 0x0,
    0x0, 0xb4, 0xc4, 0x73, 0x36, 0xb, 0x10, 0x0,
    0xb9, 0xe1, 0xc5, 0x79, 0x37, 0xa0, 0x0, 0xc9,
    0x35, 0x53, 0x84, 0x70, 0xb1, 0x1d, 0x78, 0xb4,
    0x0, 0x0, 0x1, 0x31, 0x77, 0x0, 0x39, 0xde,
    0xee, 0xed, 0xd3, 0x0, 0x0, 0x0, 0x0, 0x0,
    0x0, 0x0,

    /* U+91CC "里" */
    0x0, 0xaf, 0xff, 0xff, 0xff, 0xff, 0x30, 0x0,
    0xa5, 0x0, 0x4b, 0x0, 0xd, 0x30, 0x0, 0xad,
    0xbb, 0xce, 0xbb, 0xbf, 0x30, 0x0, 0xa7, 0x22,
    0x6c, 0x22, 0x2e, 0x30, 0x0, 0xa5, 0x0, 0x4b,
    0x0, 0xd, 0x30, 0x0, 0xaf, 0xee, 0xff, 0xee,
    0xef, 0x30, 0x0, 0x0, 0x0, 0x5c, 0x0, 0x0,
    0x0, 0x0, 0x0, 0x0, 0x5c, 0x0, 0x0, 0x0,
    0x1, 0xee, 0xee, 0xff, 0xee, 0xee, 0xa0, 0x0,
    0x0, 0x0, 0x5c, 0x0, 0x0, 0x0, 0x0, 0x0,
    0x0, 0x5c, 0x0, 0x0, 0x0, 0x1f, 0xff, 0xff,
    0xff, 0xff, 0xff, 0xf6,

    /* U+91CF "量" */
    0x0, 0x5e, 0x99, 0x99, 0x99, 0xca, 0x0, 0x0,
    0x5e, 0x99, 0x99, 0x99, 0xba, 0x0, 0x0, 0x5d,
    0x77, 0x77, 0x77, 0xaa, 0x0, 0x1, 0x25, 0x55,
    0x55, 0x55, 0x54, 0x10, 0xb, 0xbb, 0xbb, 0xbb,
    0xbb, 0xbb, 0xb5, 0x0, 0x7a, 0x88, 0x9b, 0x88,
    0x8c, 0x10, 0x0, 0x9c, 0x99, 0xbd, 0x99, 0x9f,
    0x10, 0x0, 0x98, 0x22, 0x7b, 0x22, 0x2f, 0x10,
    0x0, 0x47, 0x77, 0xad, 0x77, 0x77, 0x0, 0x0,
    0xbb, 0xbb, 0xde, 0xbb, 0xbb, 0x40, 0x0, 0x0,
    0x0, 0x5a, 0x0, 0x0, 0x0, 0x2c, 0xcc, 0xcc,
    0xef, 0xcc, 0xcc, 0xc7,

    /* U+949F "钟" */
    0x0, 0xa4, 0x0, 0x0, 0xe, 0x10, 0x0, 0x1,
    0xf2, 0x0, 0x0, 0xe, 0x10, 0x0, 0xa, 0xfe,
    0xed, 0x0, 0xe, 0x10, 0x0, 0x3d, 0x10, 0x0,
    0x8c, 0xcf, 0xcc, 0xc1, 0x8, 0xdd, 0xd7, 0xa4,
    0xe, 0x20, 0xe1, 0x0, 0x3e, 0x10, 0xa3, 0xe,
    0x10, 0xe1, 0x0, 0x2d, 0x0, 0xa3, 0xe, 0x10,
    0xe1, 0xa, 0xbf, 0xaa, 0xa6, 0x3f, 0x53, 0xf1,
    0x5, 0x7e, 0x55, 0xad, 0xcf, 0xcc, 0xf1, 0x0,
    0x2d, 0x0, 0x41, 0xe, 0x10, 0x50, 0x0, 0x2d,
    0x28, 0x0, 0xe, 0x10, 0x0, 0x0, 0x5f, 0xd5,
    0x0, 0xe, 0x10, 0x0, 0x0, 0x86, 0x0, 0x0,
    0xe, 0x10, 0x0,

    /* U+94B5 "钵" */
    0x0, 0x0, 0x0, 0x0, 0x0, 0x0, 0x0, 0x0,
    0xb3, 0x0, 0x0, 0xc, 0x30, 0x0, 0x1, 0xf2,
    0x0, 0x0, 0xc, 0x30, 0x0, 0x9, 0xff, 0xfc,
    0x0, 0xc, 0x30, 0x0, 0x3e, 0x10, 0x0, 0xac,
    0xdf, 0xec, 0xc6, 0x18, 0xdd, 0xd6, 0x0, 0xbf,
    0xe2, 0x0, 0x0, 0x1f, 0x10, 0x1, 0xdc, 0x98,
    0x0, 0x0, 0xe, 0x0, 0x6, 0x8c, 0x4d, 0x0,
    0x1e, 0xff, 0xec, 0xc, 0x2c, 0x3b, 0x30, 0x0,
    0xe, 0x0, 0x4c, 0xc, 0x35, 0xb0, 0x0, 0xe,
    0x0, 0xd4, 0xc, 0x30, 0xd5, 0x0, 0xe, 0x18,
    0x9a, 0xef, 0xfe, 0x48, 0x0, 0x3f, 0xd4, 0x0,
    0xc, 0x30, 0x0, 0x0, 0x77, 0x0, 0x0, 0xc,
    0x30, 0x0,

    /* U+957F "长" */
    0x0, 0x8, 0x80, 0x0, 0x0, 0x21, 0x0, 0x0,
    0x8, 0x80, 0x0, 0x3, 0xe5, 0x0, 0x0, 0x8,
    0x80, 0x0, 0x7e, 0x40, 0x0, 0x0, 0x8, 0x80,
    0x5d, 0xc2, 0x0, 0x0, 0x0, 0x8, 0x82, 0xe6,
    0x0, 0x0, 0x0, 0x1, 0x19, 0x91, 0x11, 0x11,
    0x11, 0x10, 0x3f, 0xff, 0xff, 0xff, 0xff, 0xff,
    0xf3, 0x0, 0x8, 0x80, 0xe, 0x20, 0x0, 0x0,
    0x0, 0x8, 0x80, 0x7, 0xb0, 0x0, 0x0, 0x0,
    0x8, 0x80, 0x0, 0xc9, 0x0, 0x0, 0x0, 0x8,
    0x80, 0x1, 0x1d, 0xa1, 0x0, 0x0, 0x9, 0xb9,
    0xde, 0x1, 0xbe, 0x81, 0x0, 0xe, 0xc7, 0x30,
    0x0, 0x4, 0xb2, 0x0, 0x1, 0x0, 0x0, 0x0,
    0x0, 0x0,

    /* U+95ED "闭" */
    0x33, 0x0, 0x0, 0x0, 0x0, 0x0, 0x3e, 0x30,
    0xff, 0xff, 0xff, 0xfd, 0x7, 0x90, 0x0, 0x0,
    0x0, 0x3d, 0xa1, 0x0, 0x0, 0x3b, 0x0, 0x3d,
    0xe1, 0x0, 0x0, 0x4c, 0x0, 0x3d, 0xe1, 0xef,
    0xff, 0xff, 0xf9, 0x3d, 0xe1, 0x0, 0x5, 0xfc,
    0x0, 0x3d, 0xe1, 0x0, 0x3e, 0x7c, 0x0, 0x3d,
    0xe1, 0x6, 0xe3, 0x3c, 0x0, 0x3d, 0xe3, 0xbc,
    0x20, 0x3c, 0x0, 0x3d, 0xe3, 0x60, 0x0, 0x5c,
    0x0, 0x3d, 0xe1, 0x0, 0x1e, 0xe7, 0x0, 0x3d,
    0xe1, 0x0, 0x0, 0x0, 0x1f, 0xe8, 0x0, 0x0,
    0x0, 0x0, 0x0, 0x0,

    /* U+95F4 "间" */
    0x33, 0x0, 0x0, 0x0, 0x0, 0x0, 0x3e, 0x30,
    0xff, 0xff, 0xff, 0xfc, 0x5, 0x70, 0x0, 0x0,
    0x0, 0x4c, 0xa1, 0x0, 0x0, 0x0, 0x0, 0x4c,
    0xe2, 0xc, 0xdd, 0xdd, 0x30, 0x4c, 0xe2, 0xd,
    0x10, 0xb, 0x30, 0x4c, 0xe2, 0xd, 0x10, 0xb,
    0x30, 0x4c, 0xe2, 0xd, 0xee, 0xef, 0x30, 0x4c,
    0xe2, 0xd, 0x10, 0xb, 0x30, 0x4c, 0xe2, 0xd,
    0x10, 0xc, 0x30, 0x4c, 0xe2, 0xb, 0xdd, 0xdd,
    0x30, 0x4c, 0xe2, 0x0, 0x0, 0x0, 0x0, 0x4c,
    0xe2, 0x0, 0x0, 0x0, 0xe, 0xe7,

    /* U+95F7 "闷" */
    0x4, 0x0, 0x0, 0x0, 0x0, 0x0, 0x1d, 0x52,
    0xff, 0xff, 0xff, 0xfc, 0x11, 0xd1, 0x2, 0x0,
    0x0, 0x4c, 0xe1, 0x0, 0xd, 0x10, 0x0, 0x4c,
    0xe1, 0x0, 0x46, 0x90, 0x20, 0x4c, 0xe1, 0x73,
    0xe0, 0xd0, 0xd1, 0x4c, 0xe1, 0xb2, 0xe0, 0x40,
    0x87, 0x4c, 0xe1, 0xd0, 0xe0, 0x1, 0x3c, 0x4c,
    0xe6, 0xa0, 0xe0, 0x9, 0x3f, 0x4c, 0xe4, 0x30,
    0xe0, 0xb, 0x13, 0x4c, 0xe1, 0x0, 0xad, 0xdb,
    0x0, 0x4c, 0xe1, 0x0, 0x0, 0x0, 0x0, 0x4c,
    0xe1, 0x0, 0x0, 0x0, 0x9e, 0xe7,

    /* U+96E8 "雨" */
    0x1f, 0xff, 0xff, 0xff, 0xff, 0xff, 0xf7, 0x0,
    0x0, 0x0, 0x6a, 0x0, 0x0, 0x0, 0x0, 0x0,
    0x0, 0x6a, 0x0, 0x0, 0x0, 0x6, 0xff, 0xff,
    0xff, 0xff, 0xff, 0xd0, 0x6, 0x90, 0x0, 0x6a,
    0x10, 0x3, 0xd0, 0x6, 0x97, 0xb2, 0x6a, 0x7c,
    0x33, 0xd0, 0x6, 0x90, 0x3c, 0x6a, 0x3, 0xc4,
    0xd0, 0x6, 0x94, 0x0, 0x6a, 0x40, 0x3, 0xd0,
    0x6, 0x96, 0xd4, 0x6a, 0x6d, 0x53, 0xd0, 0x6,
    0x90, 0x29, 0x6a, 0x1, 0x93, 0xd0, 0x6, 0x90,
    0x0, 0x6a, 0x0, 0x4, 0xd0, 0x6, 0x90, 0x0,
    0x58, 0x4, 0xed, 0x70,

    /* U+96F7 "雷" */
    0x1d, 0xdd, 0xdf, 0xed, 0xdd, 0xd3, 0x2, 0x22,
    0x22, 0xd6, 0x22, 0x22, 0x20, 0xea, 0xaa, 0xae,
    0xca, 0xaa, 0xaf, 0x1e, 0x26, 0x63, 0xc3, 0x66,
    0x63, 0xd1, 0xd1, 0x44, 0x2c, 0x34, 0x44, 0x2c,
    0x10, 0x7b, 0xb6, 0xc3, 0xbb, 0xb9, 0x0, 0x1,
    0x22, 0x26, 0x32, 0x22, 0x20, 0x0, 0xcc, 0xaa,
    0xec, 0xaa, 0xbe, 0x0, 0xc, 0x41, 0x1c, 0x51,
    0x13, 0xe0, 0x0, 0xcc, 0xbb, 0xfc, 0xbb, 0xce,
    0x0, 0xc, 0x30, 0xc, 0x30, 0x1, 0xe0, 0x0,
    0xcd, 0xdd, 0xdd, 0xdd, 0xdd, 0x0,

    /* U+97F3 "音" */
    0x0, 0x0, 0x0, 0x0, 0x0, 0x0, 0x0, 0x0,
    0x0, 0x0, 0xb6, 0x0, 0x0, 0x0, 0x4, 0xbb,
    0xbb, 0xde, 0xbb, 0xbb, 0x60, 0x1, 0x37, 0x93,
    0x33, 0x39, 0x93, 0x20, 0x0, 0x3, 0xe0, 0x0,
    0xd, 0x50, 0x0, 0x0, 0x0, 0xe3, 0x0, 0x3e,
    0x0, 0x0, 0x3f, 0xff, 0xff, 0xff, 0xff, 0xff,
    0xf3, 0x0, 0x0, 0x0, 0x0, 0x0, 0x0, 0x0,
    0x0, 0x4f, 0xee, 0xee, 0xee, 0xf7, 0x0, 0x0,
    0x4b, 0x0, 0x0, 0x0, 0xa7, 0x0, 0x0, 0x4f,
    0xdd, 0xdd, 0xdd, 0xf7, 0x0, 0x0, 0x4b, 0x0,
    0x0, 0x0, 0xa7, 0x0, 0x0, 0x4c, 0x11, 0x11,
    0x11, 0xa7, 0x0, 0x0, 0x4f, 0xdd, 0xdd, 0xdd,
    0xe7, 0x0,

    /* U+97F5 "韵" */
    0x0, 0x0, 0x0, 0x0, 0x0, 0x0, 0x0, 0x0,
    0xc, 0x10, 0x0, 0x59, 0x0, 0x0, 0x6, 0x6c,
    0xa6, 0x50, 0xb5, 0x0, 0x0, 0x8, 0xb7, 0x8c,
    0x62, 0xfc, 0xcc, 0xc2, 0x1, 0xd0, 0x3c, 0xc,
    0x73, 0x33, 0xe2, 0x0, 0xc0, 0x77, 0x2c, 0x10,
    0x0, 0xe1, 0x4e, 0xee, 0xff, 0xd1, 0xd4, 0x0,
    0xe1, 0x0, 0x0, 0x0, 0x0, 0x2e, 0x50, 0xf0,
    0x8, 0xed, 0xdf, 0x50, 0x2, 0x21, 0xf0, 0x8,
    0x60, 0x9, 0x50, 0x5, 0xc8, 0xf0, 0x8, 0xed,
    0xdf, 0x58, 0xe9, 0x22, 0xe0, 0x8, 0x60, 0x9,
    0x56, 0x10, 0x4, 0xc0, 0x8, 0xca, 0xae, 0x50,
    0x0, 0x8, 0xa0, 0x8, 0x83, 0x33, 0x10, 0xf,
    0xfe, 0x30, 0x0, 0x0, 0x0, 0x0, 0x0, 0x0,
    0x0,

    /* U+9882 "颂" */
    0x0, 0x20, 0x0, 0x0, 0x0, 0x0, 0x0, 0x4,
    0xc0, 0xe0, 0x9e, 0xef, 0xfe, 0xe2, 0x8, 0x70,
    0xb4, 0x0, 0xe, 0x10, 0x0, 0xe, 0x20, 0x5a,
    0x2f, 0xff, 0xff, 0x90, 0x6b, 0x0, 0x1e, 0x2c,
    0x1, 0x15, 0xa0, 0x83, 0x6a, 0x9, 0x3c, 0xb,
    0x34, 0xa0, 0x0, 0xa5, 0x0, 0x2c, 0xb, 0x34,
    0xa0, 0x0, 0xe1, 0x90, 0x2c, 0xb, 0x34, 0xa0,
    0x5, 0xa0, 0xc3, 0x2c, 0xc, 0x24, 0xa0, 0xb,
    0x40, 0x69, 0x19, 0xe, 0x3, 0x70, 0x4f, 0xbd,
    0xee, 0x0, 0x89, 0xa5, 0x0, 0x48, 0x41, 0xa,
    0x28, 0xd0, 0x1c, 0x80, 0x0, 0x0, 0x0, 0x88,
    0x0, 0x0, 0xa1,

    /* U+9891 "频" */
    0x0, 0x4, 0xa0, 0x0, 0x0, 0x0, 0x0, 0x2,
    0x24, 0xa0, 0xb, 0xef, 0xfe, 0xe4, 0x6, 0x74,
    0xfe, 0xa0, 0x3, 0xc0, 0x0, 0x6, 0x74, 0xa0,
    0x2, 0x6b, 0xb6, 0x60, 0x18, 0x96, 0xb2, 0x26,
    0xc7, 0x78, 0xe0, 0x5c, 0xce, 0xdc, 0xc6, 0x82,
    0x80, 0xe0, 0x1, 0x28, 0x60, 0x45, 0x83, 0xa0,
    0xe0, 0x7, 0x88, 0x65, 0xa5, 0x84, 0xa0, 0xe0,
    0xd, 0x28, 0x6b, 0x45, 0x85, 0x80, 0xe0, 0x38,
    0x8, 0xcc, 0x5, 0x88, 0x50, 0xe0, 0x0, 0x3,
    0xe2, 0x0, 0x1d, 0x83, 0x0, 0x1, 0x7e, 0x30,
    0x1, 0xb7, 0x2c, 0x60, 0x1e, 0x81, 0x0, 0x6d,
    0x70, 0x0, 0xb4, 0x0, 0x0, 0x0, 0x0, 0x0,
    0x0, 0x0,

    /* U+98CE "风" */
    0x0, 0xdf, 0xff, 0xff, 0xff, 0xfc, 0x0, 0x0,
    0xd3, 0x0, 0x0, 0x0, 0x4c, 0x0, 0x0, 0xd3,
    0x30, 0x0, 0x94, 0x3c, 0x0, 0x0, 0xd3, 0xb8,
    0x1, 0xe0, 0x3c, 0x0, 0x0, 0xe3, 0x1d, 0x68,
    0x80, 0x3c, 0x0, 0x0, 0xf2, 0x2, 0xee, 0x10,
    0x3c, 0x0, 0x0, 0xf1, 0x0, 0xbf, 0x10, 0x2d,
    0x0, 0x1, 0xf0, 0x6, 0xd9, 0xc0, 0x2d, 0x0,
    0x4, 0xc0, 0x5f, 0x30, 0xc8, 0xe, 0x0, 0x9,
    0x86, 0xf4, 0x0, 0x2f, 0x2f, 0x19, 0x1f, 0x31,
    0x30, 0x0, 0x2, 0xb, 0x79, 0x4a, 0x0, 0x0,
    0x0, 0x0, 0x4, 0xe5, 0x0, 0x0, 0x0, 0x0,
    0x0, 0x0, 0x0,

    /* U+9E23 "鸣" */
    0x0, 0x0, 0x0, 0x0, 0x0, 0x0, 0x0, 0x0,
    0x0, 0x0, 0x6a, 0x0, 0x0, 0xbc, 0xcb, 0xa,
    0xae, 0xca, 0xa1, 0xe, 0x44, 0xe0, 0xf2, 0x32,
    0x2d, 0x20, 0xe0, 0x1e, 0xf, 0x1c, 0x30, 0xd1,
    0xe, 0x1, 0xe0, 0xf0, 0x1a, 0xf, 0x0, 0xe0,
    0x1e, 0xf, 0x0, 0x6a, 0xc0, 0xe, 0x1, 0xe0,
    0xf0, 0x1, 0x30, 0x0, 0xe0, 0x1e, 0xf, 0xdd,
    0xdd, 0xdd, 0xe, 0x88, 0xe0, 0x0, 0x0, 0x0,
    0xf0, 0xe7, 0x76, 0x5b, 0xbb, 0xbb, 0x5f, 0x9,
    0x0, 0x1, 0x22, 0x22, 0x23, 0xd0, 0x0, 0x0,
    0x0, 0x0, 0x0, 0x4c, 0x0, 0x0, 0x0, 0x0,
    0x3, 0xdd, 0x50, 0x0, 0x0, 0x0, 0x0, 0x0,
    0x0, 0x0,

    /* U+FF0C "，" */
    0x0, 0x0, 0x9, 0xf3, 0x6, 0xe7, 0x0, 0xb4,
    0x9, 0xa0, 0x5, 0x0
};


/*---------------------
 *  GLYPH DESCRIPTION
 *--------------------*/

static const lv_font_fmt_txt_glyph_dsc_t glyph_dsc[] = {
    {.bitmap_index = 0, .adv_w = 0, .box_w = 0, .box_h = 0, .ofs_x = 0, .ofs_y = 0} /* id = 0 reserved */,
    {.bitmap_index = 0, .adv_w = 50, .box_w = 0, .box_h = 0, .ofs_x = 0, .ofs_y = 0},
    {.bitmap_index = 0, .adv_w = 72, .box_w = 3, .box_h = 11, .ofs_x = 1, .ofs_y = 0},
    {.bitmap_index = 17, .adv_w = 106, .box_w = 5, .box_h = 5, .ofs_x = 1, .ofs_y = 6},
    {.bitmap_index = 30, .adv_w = 124, .box_w = 8, .box_h = 11, .ofs_x = 0, .ofs_y = 0},
    {.bitmap_index = 74, .adv_w = 124, .box_w = 7, .box_h = 14, .ofs_x = 0, .ofs_y = -2},
    {.bitmap_index = 123, .adv_w = 206, .box_w = 13, .box_h = 11, .ofs_x = 0, .ofs_y = 0},
    {.bitmap_index = 195, .adv_w = 152, .box_w = 10, .box_h = 11, .ofs_x = 0, .ofs_y = 0},
    {.bitmap_index = 250, .adv_w = 62, .box_w = 2, .box_h = 5, .ofs_x = 1, .ofs_y = 6},
    {.bitmap_index = 255, .adv_w = 76, .box_w = 4, .box_h = 15, .ofs_x = 1, .ofs_y = -3},
    {.bitmap_index = 285, .adv_w = 76, .box_w = 4, .box_h = 15, .ofs_x = 0, .ofs_y = -3},
    {.bitmap_index = 315, .adv_w = 105, .box_w = 6, .box_h = 5, .ofs_x = 0, .ofs_y = 6},
    {.bitmap_index = 330, .adv_w = 124, .box_w = 8, .box_h = 8, .ofs_x = 0, .ofs_y = 2},
    {.bitmap_index = 362, .adv_w = 62, .box_w = 4, .box_h = 5, .ofs_x = 0, .ofs_y = -3},
    {.bitmap_index = 372, .adv_w = 78, .box_w = 5, .box_h = 2, .ofs_x = 0, .ofs_y = 3},
    {.bitmap_index = 377, .adv_w = 62, .box_w = 2, .box_h = 2, .ofs_x = 1, .ofs_y = 0},
    {.bitmap_index = 379, .adv_w = 88, .box_w = 6, .box_h = 14, .ofs_x = 0, .ofs_y = -3},
    {.bitmap_index = 421, .adv_w = 124, .box_w = 8, .box_h = 11, .ofs_x = 0, .ofs_y = 0},
    {.bitmap_index = 465, .adv_w = 124, .box_w = 6, .box_h = 11, .ofs_x = 1, .ofs_y = 0},
    {.bitmap_index = 498, .adv_w = 124, .box_w = 8, .box_h = 11, .ofs_x = 0, .ofs_y = 0},
    {.bitmap_index = 542, .adv_w = 124, .box_w = 7, .box_h = 11, .ofs_x = 0, .ofs_y = 0},
    {.bitmap_index = 581, .adv_w = 124, .box_w = 8, .box_h = 11, .ofs_x = 0, .ofs_y = 0},
    {.bitmap_index = 625, .adv_w = 124, .box_w = 8, .box_h = 11, .ofs_x = 0, .ofs_y = 0},
    {.bitmap_index = 669, .adv_w = 124, .box_w = 8, .box_h = 11, .ofs_x = 0, .ofs_y = 0},
    {.bitmap_index = 713, .adv_w = 124, .box_w = 8, .box_h = 11, .ofs_x = 0, .ofs_y = 0},
    {.bitmap_index = 757, .adv_w = 124, .box_w = 8, .box_h = 11, .ofs_x = 0, .ofs_y = 0},
    {.bitmap_index = 801, .adv_w = 124, .box_w = 8, .box_h = 11, .ofs_x = 0, .ofs_y = 0},
    {.bitmap_index = 845, .adv_w = 62, .box_w = 2, .box_h = 8, .ofs_x = 1, .ofs_y = 0},
    {.bitmap_index = 853, .adv_w = 62, .box_w = 4, .box_h = 11, .ofs_x = 0, .ofs_y = -3},
    {.bitmap_index = 875, .adv_w = 124, .box_w = 8, .box_h = 7, .ofs_x = 0, .ofs_y = 2},
    {.bitmap_index = 903, .adv_w = 124, .box_w = 8, .box_h = 4, .ofs_x = 0, .ofs_y = 4},
    {.bitmap_index = 919, .adv_w = 124, .box_w = 8, .box_h = 7, .ofs_x = 0, .ofs_y = 2},
    {.bitmap_index = 947, .adv_w = 106, .box_w = 6, .box_h = 11, .ofs_x = 0, .ofs_y = 0},
    {.bitmap_index = 980, .adv_w = 212, .box_w = 13, .box_h = 13, .ofs_x = 0, .ofs_y = -2},
    {.bitmap_index = 1065, .adv_w = 136, .box_w = 9, .box_h = 11, .ofs_x = 0, .ofs_y = 0},
    {.bitmap_index = 1115, .adv_w = 147, .box_w = 8, .box_h = 11, .ofs_x = 1, .ofs_y = 0},
    {.bitmap_index = 1159, .adv_w = 143, .box_w = 9, .box_h = 11, .ofs_x = 0, .ofs_y = 0},
    {.bitmap_index = 1209, .adv_w = 154, .box_w = 8, .box_h = 11, .ofs_x = 1, .ofs_y = 0},
    {.bitmap_index = 1253, .adv_w = 132, .box_w = 7, .box_h = 11, .ofs_x = 1, .ofs_y = 0},
    {.bitmap_index = 1292, .adv_w = 124, .box_w = 7, .box_h = 11, .ofs_x = 1, .ofs_y = 0},
    {.bitmap_index = 1331, .adv_w = 154, .box_w = 9, .box_h = 11, .ofs_x = 0, .ofs_y = 0},
    {.bitmap_index = 1381, .adv_w = 163, .box_w = 8, .box_h = 11, .ofs_x = 1, .ofs_y = 0},
    {.bitmap_index = 1425, .adv_w = 66, .box_w = 2, .box_h = 11, .ofs_x = 1, .ofs_y = 0},
    {.bitmap_index = 1436, .adv_w = 120, .box_w = 7, .box_h = 11, .ofs_x = 0, .ofs_y = 0},
    {.bitmap_index = 1475, .adv_w = 145, .box_w = 8, .box_h = 11, .ofs_x = 1, .ofs_y = 0},
    {.bitmap_index = 1519, .adv_w = 122, .box_w = 7, .box_h = 11, .ofs_x = 1, .ofs_y = 0},
    {.bitmap_index = 1558, .adv_w = 182, .box_w = 9, .box_h = 11, .ofs_x = 1, .ofs_y = 0},
    {.bitmap_index = 1608, .adv_w = 162, .box_w = 8, .box_h = 11, .ofs_x = 1, .ofs_y = 0},
    {.bitmap_index = 1652, .adv_w = 166, .box_w = 10, .box_h = 11, .ofs_x = 0, .ofs_y = 0},
    {.bitmap_index = 1707, .adv_w = 142, .box_w = 8, .box_h = 11, .ofs_x = 1, .ofs_y = 0},
    {.bitmap_index = 1751, .adv_w = 166, .box_w = 10, .box_h = 14, .ofs_x = 0, .ofs_y = -3},
    {.bitmap_index = 1821, .adv_w = 142, .box_w = 8, .box_h = 11, .ofs_x = 1, .ofs_y = 0},
    {.bitmap_index = 1865, .adv_w = 134, .box_w = 8, .box_h = 11, .ofs_x = 0, .ofs_y = 0},
    {.bitmap_index = 1909, .adv_w = 134, .box_w = 8, .box_h = 11, .ofs_x = 0, .ofs_y = 0},
    {.bitmap_index = 1953, .adv_w = 162, .box_w = 8, .box_h = 11, .ofs_x = 1, .ofs_y = 0},
    {.bitmap_index = 1997, .adv_w = 129, .box_w = 9, .box_h = 11, .ofs_x = 0, .ofs_y = 0},
    {.bitmap_index = 2047, .adv_w = 197, .box_w = 12, .box_h = 11, .ofs_x = 0, .ofs_y = 0},
    {.bitmap_index = 2113, .adv_w = 128, .box_w = 8, .box_h = 11, .ofs_x = 0, .ofs_y = 0},
    {.bitmap_index = 2157, .adv_w = 119, .box_w = 9, .box_h = 11, .ofs_x = -1, .ofs_y = 0},
    {.bitmap_index = 2207, .adv_w = 135, .box_w = 8, .box_h = 11, .ofs_x = 0, .ofs_y = 0},
    {.bitmap_index = 2251, .adv_w = 76, .box_w = 4, .box_h = 14, .ofs_x = 1, .ofs_y = -3},
    {.bitmap_index = 2279, .adv_w = 88, .box_w = 6, .box_h = 14, .ofs_x = 0, .ofs_y = -3},
    {.bitmap_index = 2321, .adv_w = 76, .box_w = 4, .box_h = 14, .ofs_x = 0, .ofs_y = -3},
    {.bitmap_index = 2349, .adv_w = 124, .box_w = 7, .box_h = 6, .ofs_x = 0, .ofs_y = 5},
    {.bitmap_index = 2370, .adv_w = 125, .box_w = 8, .box_h = 1, .ofs_x = 0, .ofs_y = -2},
    {.bitmap_index = 2374, .adv_w = 136, .box_w = 5, .box_h = 3, .ofs_x = 1, .ofs_y = 9},
    {.bitmap_index = 2382, .adv_w = 126, .box_w = 7, .box_h = 8, .ofs_x = 0, .ofs_y = 0},
    {.bitmap_index = 2410, .adv_w = 138, .box_w = 7, .box_h = 11, .ofs_x = 1, .ofs_y = 0},
    {.bitmap_index = 2449, .adv_w = 114, .box_w = 7, .box_h = 8, .ofs_x = 0, .ofs_y = 0},
    {.bitmap_index = 2477, .adv_w = 139, .box_w = 8, .box_h = 11, .ofs_x = 0, .ofs_y = 0},
    {.bitmap_index = 2521, .adv_w = 124, .box_w = 8, .box_h = 8, .ofs_x = 0, .ofs_y = 0},
    {.bitmap_index = 2553, .adv_w = 73, .box_w = 5, .box_h = 11, .ofs_x = 0, .ofs_y = 0},
    {.bitmap_index = 2581, .adv_w = 126, .box_w = 8, .box_h = 11, .ofs_x = 0, .ofs_y = -3},
    {.bitmap_index = 2625, .adv_w = 136, .box_w = 7, .box_h = 11, .ofs_x = 1, .ofs_y = 0},
    {.bitmap_index = 2664, .adv_w = 62, .box_w = 2, .box_h = 11, .ofs_x = 1, .ofs_y = 0},
    {.bitmap_index = 2675, .adv_w = 62, .box_w = 4, .box_h = 14, .ofs_x = -1, .ofs_y = -3},
    {.bitmap_index = 2703, .adv_w = 124, .box_w = 7, .box_h = 11, .ofs_x = 1, .ofs_y = 0},
    {.bitmap_index = 2742, .adv_w = 64, .box_w = 3, .box_h = 11, .ofs_x = 1, .ofs_y = 0},
    {.bitmap_index = 2759, .adv_w = 207, .box_w = 11, .box_h = 8, .ofs_x = 1, .ofs_y = 0},
    {.bitmap_index = 2803, .adv_w = 137, .box_w = 7, .box_h = 8, .ofs_x = 1, .ofs_y = 0},
    {.bitmap_index = 2831, .adv_w = 136, .box_w = 8, .box_h = 8, .ofs_x = 0, .ofs_y = 0},
    {.bitmap_index = 2863, .adv_w = 139, .box_w = 7, .box_h = 11, .ofs_x = 1, .ofs_y = -3},
    {.bitmap_index = 2902, .adv_w = 139, .box_w = 8, .box_h = 11, .ofs_x = 0, .ofs_y = -3},
    {.bitmap_index = 2946, .adv_w = 87, .box_w = 5, .box_h = 8, .ofs_x = 1, .ofs_y = 0},
    {.bitmap_index = 2966, .adv_w = 105, .box_w = 7, .box_h = 8, .ofs_x = 0, .ofs_y = 0},
    {.bitmap_index = 2994, .adv_w = 84, .box_w = 6, .box_h = 11, .ofs_x = 0, .ofs_y = 0},
    {.bitmap_index = 3027, .adv_w = 136, .box_w = 7, .box_h = 8, .ofs_x = 1, .ofs_y = 0},
    {.bitmap_index = 3055, .adv_w = 117, .box_w = 8, .box_h = 8, .ofs_x = 0, .ofs_y = 0},
    {.bitmap_index = 3087, .adv_w = 180, .box_w = 11, .box_h = 8, .ofs_x = 0, .ofs_y = 0},
    {.bitmap_index = 3131, .adv_w = 112, .box_w = 7, .box_h = 8, .ofs_x = 0, .ofs_y = 0},
    {.bitmap_index = 3159, .adv_w = 117, .box_w = 8, .box_h = 11, .ofs_x = 0, .ofs_y = -3},
    {.bitmap_index = 3203, .adv_w = 106, .box_w = 7, .box_h = 8, .ofs_x = 0, .ofs_y = 0},
    {.bitmap_index = 3231, .adv_w = 76, .box_w = 5, .box_h = 14, .ofs_x = 0, .ofs_y = -3},
    {.bitmap_index = 3266, .adv_w = 60, .box_w = 2, .box_h = 16, .ofs_x = 1, .ofs_y = -4},
    {.bitmap_index = 3282, .adv_w = 76, .box_w = 5, .box_h = 14, .ofs_x = 0, .ofs_y = -3},
    {.bitmap_index = 3317, .adv_w = 124, .box_w = 8, .box_h = 2, .ofs_x = 0, .ofs_y = 4},
    {.bitmap_index = 3325, .adv_w = 224, .box_w = 4, .box_h = 4, .ofs_x = 5, .ofs_y = 4},
    {.bitmap_index = 3333, .adv_w = 224, .box_w = 14, .box_h = 12, .ofs_x = 0, .ofs_y = 0},
    {.bitmap_index = 3417, .adv_w = 224, .box_w = 13, .box_h = 14, .ofs_x = 1, .ofs_y = -2},
    {.bitmap_index = 3508, .adv_w = 224, .box_w = 14, .box_h = 12, .ofs_x = 0, .ofs_y = -1},
    {.bitmap_index = 3592, .adv_w = 224, .box_w = 5, .box_h = 5, .ofs_x = 0, .ofs_y = -1},
    {.bitmap_index = 3605, .adv_w = 224, .box_w = 14, .box_h = 3, .ofs_x = 0, .ofs_y = 4},
    {.bitmap_index = 3626, .adv_w = 224, .box_w = 14, .box_h = 12, .ofs_x = 0, .ofs_y = -1},
    {.bitmap_index = 3710, .adv_w = 224, .box_w = 14, .box_h = 12, .ofs_x = 0, .ofs_y = -1},
    {.bitmap_index = 3794, .adv_w = 224, .box_w = 14, .box_h = 14, .ofs_x = 0, .ofs_y = -1},
    {.bitmap_index = 3892, .adv_w = 224, .box_w = 14, .box_h = 14, .ofs_x = 0, .ofs_y = -2},
    {.bitmap_index = 3990, .adv_w = 224, .box_w = 14, .box_h = 13, .ofs_x = 0, .ofs_y = -1},
    {.bitmap_index = 4081, .adv_w = 224, .box_w = 14, .box_h = 14, .ofs_x = 0, .ofs_y = -2},
    {.bitmap_index = 4179, .adv_w = 224, .box_w = 14, .box_h = 13, .ofs_x = 0, .ofs_y = -1},
    {.bitmap_index = 4270, .adv_w = 224, .box_w = 13, .box_h = 13, .ofs_x = 0, .ofs_y = -1},
    {.bitmap_index = 4355, .adv_w = 224, .box_w = 14, .box_h = 14, .ofs_x = 0, .ofs_y = -2},
    {.bitmap_index = 4453, .adv_w = 224, .box_w = 14, .box_h = 15, .ofs_x = 0, .ofs_y = -2},
    {.bitmap_index = 4558, .adv_w = 224, .box_w = 14, .box_h = 14, .ofs_x = 0, .ofs_y = -2},
    {.bitmap_index = 4656, .adv_w = 224, .box_w = 14, .box_h = 14, .ofs_x = 0, .ofs_y = -2},
    {.bitmap_index = 4754, .adv_w = 224, .box_w = 14, .box_h = 14, .ofs_x = 0, .ofs_y = -2},
    {.bitmap_index = 4852, .adv_w = 224, .box_w = 13, .box_h = 14, .ofs_x = 0, .ofs_y = -2},
    {.bitmap_index = 4943, .adv_w = 224, .box_w = 14, .box_h = 15, .ofs_x = 0, .ofs_y = -2},
    {.bitmap_index = 5048, .adv_w = 224, .box_w = 14, .box_h = 14, .ofs_x = 0, .ofs_y = -2},
    {.bitmap_index = 5146, .adv_w = 224, .box_w = 13, .box_h = 14, .ofs_x = 0, .ofs_y = -2},
    {.bitmap_index = 5237, .adv_w = 224, .box_w = 14, .box_h = 13, .ofs_x = 0, .ofs_y = -1},
    {.bitmap_index = 5328, .adv_w = 224, .box_w = 13, .box_h = 12, .ofs_x = 1, .ofs_y = -1},
    {.bitmap_index = 5406, .adv_w = 224, .box_w = 14, .box_h = 13, .ofs_x = 0, .ofs_y = -2},
    {.bitmap_index = 5497, .adv_w = 224, .box_w = 14, .box_h = 12, .ofs_x = 0, .ofs_y = -1},
    {.bitmap_index = 5581, .adv_w = 224, .box_w = 13, .box_h = 13, .ofs_x = 1, .ofs_y = -1},
    {.bitmap_index = 5666, .adv_w = 224, .box_w = 14, .box_h = 13, .ofs_x = 0, .ofs_y = -1},
    {.bitmap_index = 5757, .adv_w = 224, .box_w = 14, .box_h = 13, .ofs_x = 0, .ofs_y = -1},
    {.bitmap_index = 5848, .adv_w = 224, .box_w = 13, .box_h = 13, .ofs_x = 1, .ofs_y = -2},
    {.bitmap_index = 5933, .adv_w = 224, .box_w = 13, .box_h = 14, .ofs_x = 1, .ofs_y = -2},
    {.bitmap_index = 6024, .adv_w = 224, .box_w = 13, .box_h = 13, .ofs_x = 0, .ofs_y = -1},
    {.bitmap_index = 6109, .adv_w = 224, .box_w = 13, .box_h = 13, .ofs_x = 1, .ofs_y = -1},
    {.bitmap_index = 6194, .adv_w = 224, .box_w = 13, .box_h = 14, .ofs_x = 1, .ofs_y = -2},
    {.bitmap_index = 6285, .adv_w = 224, .box_w = 12, .box_h = 14, .ofs_x = 1, .ofs_y = -1},
    {.bitmap_index = 6369, .adv_w = 224, .box_w = 13, .box_h = 14, .ofs_x = 1, .ofs_y = -2},
    {.bitmap_index = 6460, .adv_w = 224, .box_w = 13, .box_h = 13, .ofs_x = 1, .ofs_y = -1},
    {.bitmap_index = 6545, .adv_w = 224, .box_w = 13, .box_h = 12, .ofs_x = 1, .ofs_y = -1},
    {.bitmap_index = 6623, .adv_w = 224, .box_w = 13, .box_h = 14, .ofs_x = 1, .ofs_y = -2},
    {.bitmap_index = 6714, .adv_w = 224, .box_w = 12, .box_h = 12, .ofs_x = 1, .ofs_y = -1},
    {.bitmap_index = 6786, .adv_w = 224, .box_w = 14, .box_h = 13, .ofs_x = 0, .ofs_y = -1},
    {.bitmap_index = 6877, .adv_w = 224, .box_w = 14, .box_h = 15, .ofs_x = 0, .ofs_y = -2},
    {.bitmap_index = 6982, .adv_w = 224, .box_w = 14, .box_h = 14, .ofs_x = 0, .ofs_y = -2},
    {.bitmap_index = 7080, .adv_w = 224, .box_w = 14, .box_h = 15, .ofs_x = 0, .ofs_y = -2},
    {.bitmap_index = 7185, .adv_w = 224, .box_w = 14, .box_h = 14, .ofs_x = 0, .ofs_y = -2},
    {.bitmap_index = 7283, .adv_w = 224, .box_w = 14, .box_h = 14, .ofs_x = 0, .ofs_y = -2},
    {.bitmap_index = 7381, .adv_w = 224, .box_w = 14, .box_h = 12, .ofs_x = 0, .ofs_y = -1},
    {.bitmap_index = 7465, .adv_w = 224, .box_w = 14, .box_h = 14, .ofs_x = 0, .ofs_y = -2},
    {.bitmap_index = 7563, .adv_w = 224, .box_w = 14, .box_h = 15, .ofs_x = 0, .ofs_y = -2},
    {.bitmap_index = 7668, .adv_w = 224, .box_w = 14, .box_h = 15, .ofs_x = 0, .ofs_y = -2},
    {.bitmap_index = 7773, .adv_w = 224, .box_w = 13, .box_h = 15, .ofs_x = 0, .ofs_y = -2},
    {.bitmap_index = 7871, .adv_w = 224, .box_w = 14, .box_h = 14, .ofs_x = 0, .ofs_y = -2},
    {.bitmap_index = 7969, .adv_w = 224, .box_w = 14, .box_h = 14, .ofs_x = 0, .ofs_y = -2},
    {.bitmap_index = 8067, .adv_w = 224, .box_w = 14, .box_h = 14, .ofs_x = 0, .ofs_y = -2},
    {.bitmap_index = 8165, .adv_w = 224, .box_w = 14, .box_h = 12, .ofs_x = 0, .ofs_y = -1},
    {.bitmap_index = 8249, .adv_w = 224, .box_w = 13, .box_h = 13, .ofs_x = 0, .ofs_y = -1},
    {.bitmap_index = 8334, .adv_w = 224, .box_w = 14, .box_h = 13, .ofs_x = 0, .ofs_y = -2},
    {.bitmap_index = 8425, .adv_w = 224, .box_w = 14, .box_h = 12, .ofs_x = 0, .ofs_y = -1},
    {.bitmap_index = 8509, .adv_w = 224, .box_w = 12, .box_h = 13, .ofs_x = 1, .ofs_y = -1},
    {.bitmap_index = 8587, .adv_w = 224, .box_w = 13, .box_h = 12, .ofs_x = 1, .ofs_y = -1},
    {.bitmap_index = 8665, .adv_w = 224, .box_w = 12, .box_h = 13, .ofs_x = 1, .ofs_y = -1},
    {.bitmap_index = 8743, .adv_w = 224, .box_w = 13, .box_h = 13, .ofs_x = 0, .ofs_y = -2},
    {.bitmap_index = 8828, .adv_w = 224, .box_w = 14, .box_h = 14, .ofs_x = 0, .ofs_y = -1},
    {.bitmap_index = 8926, .adv_w = 224, .box_w = 14, .box_h = 13, .ofs_x = 0, .ofs_y = -1},
    {.bitmap_index = 9017, .adv_w = 224, .box_w = 14, .box_h = 14, .ofs_x = 0, .ofs_y = -2},
    {.bitmap_index = 9115, .adv_w = 224, .box_w = 14, .box_h = 13, .ofs_x = 0, .ofs_y = -1},
    {.bitmap_index = 9206, .adv_w = 224, .box_w = 14, .box_h = 13, .ofs_x = 0, .ofs_y = -1},
    {.bitmap_index = 9297, .adv_w = 224, .box_w = 14, .box_h = 15, .ofs_x = 0, .ofs_y = -2},
    {.bitmap_index = 9402, .adv_w = 224, .box_w = 14, .box_h = 15, .ofs_x = 0, .ofs_y = -2},
    {.bitmap_index = 9507, .adv_w = 224, .box_w = 14, .box_h = 14, .ofs_x = 0, .ofs_y = -2},
    {.bitmap_index = 9605, .adv_w = 224, .box_w = 14, .box_h = 14, .ofs_x = 0, .ofs_y = -2},
    {.bitmap_index = 9703, .adv_w = 224, .box_w = 14, .box_h = 14, .ofs_x = 0, .ofs_y = -2},
    {.bitmap_index = 9801, .adv_w = 224, .box_w = 14, .box_h = 14, .ofs_x = 0, .ofs_y = -2},
    {.bitmap_index = 9899, .adv_w = 224, .box_w = 13, .box_h = 13, .ofs_x = 1, .ofs_y = -1},
    {.bitmap_index = 9984, .adv_w = 224, .box_w = 13, .box_h = 14, .ofs_x = 1, .ofs_y = -2},
    {.bitmap_index = 10075, .adv_w = 224, .box_w = 14, .box_h = 13, .ofs_x = 0, .ofs_y = -1},
    {.bitmap_index = 10166, .adv_w = 224, .box_w = 13, .box_h = 13, .ofs_x = 1, .ofs_y = -1},
    {.bitmap_index = 10251, .adv_w = 224, .box_w = 14, .box_h = 13, .ofs_x = 0, .ofs_y = -1},
    {.bitmap_index = 10342, .adv_w = 224, .box_w = 14, .box_h = 13, .ofs_x = 0, .ofs_y = -1},
    {.bitmap_index = 10433, .adv_w = 224, .box_w = 14, .box_h = 14, .ofs_x = 0, .ofs_y = -2},
    {.bitmap_index = 10531, .adv_w = 224, .box_w = 14, .box_h = 13, .ofs_x = 0, .ofs_y = -1},
    {.bitmap_index = 10622, .adv_w = 224, .box_w = 14, .box_h = 13, .ofs_x = 0, .ofs_y = -1},
    {.bitmap_index = 10713, .adv_w = 224, .box_w = 14, .box_h = 13, .ofs_x = 0, .ofs_y = -1},
    {.bitmap_index = 10804, .adv_w = 224, .box_w = 14, .box_h = 13, .ofs_x = 0, .ofs_y = -1},
    {.bitmap_index = 10895, .adv_w = 224, .box_w = 14, .box_h = 13, .ofs_x = 0, .ofs_y = -1},
    {.bitmap_index = 10986, .adv_w = 224, .box_w = 14, .box_h = 14, .ofs_x = 0, .ofs_y = -2},
    {.bitmap_index = 11084, .adv_w = 224, .box_w = 14, .box_h = 14, .ofs_x = 0, .ofs_y = -1},
    {.bitmap_index = 11182, .adv_w = 224, .box_w = 14, .box_h = 14, .ofs_x = 0, .ofs_y = -1},
    {.bitmap_index = 11280, .adv_w = 224, .box_w = 14, .box_h = 13, .ofs_x = 0, .ofs_y = -1},
    {.bitmap_index = 11371, .adv_w = 224, .box_w = 14, .box_h = 12, .ofs_x = 0, .ofs_y = -1},
    {.bitmap_index = 11455, .adv_w = 224, .box_w = 14, .box_h = 13, .ofs_x = 0, .ofs_y = -1},
    {.bitmap_index = 11546, .adv_w = 224, .box_w = 14, .box_h = 14, .ofs_x = 0, .ofs_y = -2},
    {.bitmap_index = 11644, .adv_w = 224, .box_w = 14, .box_h = 14, .ofs_x = 0, .ofs_y = -2},
    {.bitmap_index = 11742, .adv_w = 224, .box_w = 14, .box_h = 13, .ofs_x = 0, .ofs_y = -1},
    {.bitmap_index = 11833, .adv_w = 224, .box_w = 14, .box_h = 13, .ofs_x = 0, .ofs_y = -1},
    {.bitmap_index = 11924, .adv_w = 224, .box_w = 14, .box_h = 13, .ofs_x = 0, .ofs_y = -1},
    {.bitmap_index = 12015, .adv_w = 224, .box_w = 14, .box_h = 14, .ofs_x = 0, .ofs_y = -2},
    {.bitmap_index = 12113, .adv_w = 224, .box_w = 14, .box_h = 14, .ofs_x = 0, .ofs_y = -2},
    {.bitmap_index = 12211, .adv_w = 224, .box_w = 14, .box_h = 14, .ofs_x = 0, .ofs_y = -2},
    {.bitmap_index = 12309, .adv_w = 224, .box_w = 13, .box_h = 13, .ofs_x = 0, .ofs_y = -1},
    {.bitmap_index = 12394, .adv_w = 224, .box_w = 13, .box_h = 13, .ofs_x = 0, .ofs_y = -1},
    {.bitmap_index = 12479, .adv_w = 224, .box_w = 14, .box_h = 14, .ofs_x = 0, .ofs_y = -2},
    {.bitmap_index = 12577, .adv_w = 224, .box_w = 14, .box_h = 13, .ofs_x = 0, .ofs_y = -1},
    {.bitmap_index = 12668, .adv_w = 224, .box_w = 14, .box_h = 13, .ofs_x = 0, .ofs_y = -1},
    {.bitmap_index = 12759, .adv_w = 224, .box_w = 14, .box_h = 14, .ofs_x = 0, .ofs_y = -2},
    {.bitmap_index = 12857, .adv_w = 224, .box_w = 14, .box_h = 12, .ofs_x = 0, .ofs_y = -1},
    {.bitmap_index = 12941, .adv_w = 224, .box_w = 13, .box_h = 13, .ofs_x = 0, .ofs_y = -2},
    {.bitmap_index = 13026, .adv_w = 224, .box_w = 13, .box_h = 13, .ofs_x = 1, .ofs_y = -1},
    {.bitmap_index = 13111, .adv_w = 224, .box_w = 11, .box_h = 13, .ofs_x = 2, .ofs_y = -1},
    {.bitmap_index = 13183, .adv_w = 224, .box_w = 12, .box_h = 15, .ofs_x = 1, .ofs_y = -2},
    {.bitmap_index = 13273, .adv_w = 224, .box_w = 14, .box_h = 13, .ofs_x = 0, .ofs_y = -1},
    {.bitmap_index = 13364, .adv_w = 224, .box_w = 13, .box_h = 13, .ofs_x = 1, .ofs_y = -2},
    {.bitmap_index = 13449, .adv_w = 224, .box_w = 13, .box_h = 13, .ofs_x = 1, .ofs_y = -1},
    {.bitmap_index = 13534, .adv_w = 224, .box_w = 14, .box_h = 14, .ofs_x = 0, .ofs_y = -2},
    {.bitmap_index = 13632, .adv_w = 224, .box_w = 14, .box_h = 13, .ofs_x = 0, .ofs_y = -1},
    {.bitmap_index = 13723, .adv_w = 224, .box_w = 12, .box_h = 13, .ofs_x = 1, .ofs_y = -1},
    {.bitmap_index = 13801, .adv_w = 224, .box_w = 14, .box_h = 14, .ofs_x = 0, .ofs_y = -2},
    {.bitmap_index = 13899, .adv_w = 224, .box_w = 14, .box_h = 14, .ofs_x = 0, .ofs_y = -2},
    {.bitmap_index = 13997, .adv_w = 224, .box_w = 14, .box_h = 13, .ofs_x = 0, .ofs_y = -1},
    {.bitmap_index = 14088, .adv_w = 224, .box_w = 14, .box_h = 13, .ofs_x = 0, .ofs_y = -1},
    {.bitmap_index = 14179, .adv_w = 224, .box_w = 14, .box_h = 13, .ofs_x = 0, .ofs_y = -1},
    {.bitmap_index = 14270, .adv_w = 224, .box_w = 14, .box_h = 13, .ofs_x = 0, .ofs_y = -1},
    {.bitmap_index = 14361, .adv_w = 224, .box_w = 14, .box_h = 13, .ofs_x = 0, .ofs_y = -1},
    {.bitmap_index = 14452, .adv_w = 224, .box_w = 13, .box_h = 14, .ofs_x = 0, .ofs_y = -2},
    {.bitmap_index = 14543, .adv_w = 224, .box_w = 14, .box_h = 14, .ofs_x = 0, .ofs_y = -1},
    {.bitmap_index = 14641, .adv_w = 224, .box_w = 14, .box_h = 13, .ofs_x = 0, .ofs_y = -1},
    {.bitmap_index = 14732, .adv_w = 224, .box_w = 14, .box_h = 13, .ofs_x = 0, .ofs_y = -1},
    {.bitmap_index = 14823, .adv_w = 224, .box_w = 14, .box_h = 13, .ofs_x = 0, .ofs_y = -1},
    {.bitmap_index = 14914, .adv_w = 224, .box_w = 14, .box_h = 14, .ofs_x = 0, .ofs_y = -2},
    {.bitmap_index = 15012, .adv_w = 224, .box_w = 14, .box_h = 15, .ofs_x = 0, .ofs_y = -2},
    {.bitmap_index = 15117, .adv_w = 224, .box_w = 14, .box_h = 14, .ofs_x = 0, .ofs_y = -2},
    {.bitmap_index = 15215, .adv_w = 224, .box_w = 14, .box_h = 14, .ofs_x = 0, .ofs_y = -2},
    {.bitmap_index = 15313, .adv_w = 224, .box_w = 14, .box_h = 14, .ofs_x = 0, .ofs_y = -2},
    {.bitmap_index = 15411, .adv_w = 224, .box_w = 14, .box_h = 15, .ofs_x = 0, .ofs_y = -2},
    {.bitmap_index = 15516, .adv_w = 224, .box_w = 14, .box_h = 14, .ofs_x = 0, .ofs_y = -2},
    {.bitmap_index = 15614, .adv_w = 224, .box_w = 14, .box_h = 14, .ofs_x = 0, .ofs_y = -2},
    {.bitmap_index = 15712, .adv_w = 224, .box_w = 14, .box_h = 14, .ofs_x = 0, .ofs_y = -2},
    {.bitmap_index = 15810, .adv_w = 224, .box_w = 14, .box_h = 14, .ofs_x = 0, .ofs_y = -2},
    {.bitmap_index = 15908, .adv_w = 224, .box_w = 14, .box_h = 14, .ofs_x = 0, .ofs_y = -2},
    {.bitmap_index = 16006, .adv_w = 224, .box_w = 14, .box_h = 12, .ofs_x = 0, .ofs_y = -1},
    {.bitmap_index = 16090, .adv_w = 224, .box_w = 14, .box_h = 12, .ofs_x = 0, .ofs_y = -1},
    {.bitmap_index = 16174, .adv_w = 224, .box_w = 14, .box_h = 13, .ofs_x = 0, .ofs_y = -1},
    {.bitmap_index = 16265, .adv_w = 224, .box_w = 14, .box_h = 14, .ofs_x = 0, .ofs_y = -1},
    {.bitmap_index = 16363, .adv_w = 224, .box_w = 14, .box_h = 14, .ofs_x = 0, .ofs_y = -2},
    {.bitmap_index = 16461, .adv_w = 224, .box_w = 12, .box_h = 14, .ofs_x = 1, .ofs_y = -2},
    {.bitmap_index = 16545, .adv_w = 224, .box_w = 12, .box_h = 13, .ofs_x = 1, .ofs_y = -1},
    {.bitmap_index = 16623, .adv_w = 224, .box_w = 12, .box_h = 13, .ofs_x = 1, .ofs_y = -1},
    {.bitmap_index = 16701, .adv_w = 224, .box_w = 14, .box_h = 12, .ofs_x = 0, .ofs_y = -1},
    {.bitmap_index = 16785, .adv_w = 224, .box_w = 13, .box_h = 12, .ofs_x = 1, .ofs_y = -1},
    {.bitmap_index = 16863, .adv_w = 224, .box_w = 14, .box_h = 14, .ofs_x = 0, .ofs_y = -1},
    {.bitmap_index = 16961, .adv_w = 224, .box_w = 14, .box_h = 15, .ofs_x = 0, .ofs_y = -2},
    {.bitmap_index = 17066, .adv_w = 224, .box_w = 14, .box_h = 13, .ofs_x = 0, .ofs_y = -1},
    {.bitmap_index = 17157, .adv_w = 224, .box_w = 14, .box_h = 14, .ofs_x = 0, .ofs_y = -2},
    {.bitmap_index = 17255, .adv_w = 224, .box_w = 14, .box_h = 13, .ofs_x = 0, .ofs_y = -2},
    {.bitmap_index = 17346, .adv_w = 224, .box_w = 13, .box_h = 15, .ofs_x = 1, .ofs_y = -2},
    {.bitmap_index = 17444, .adv_w = 224, .box_w = 4, .box_h = 6, .ofs_x = 1, .ofs_y = -2}
};

/*---------------------
 *  CHARACTER MAPPING
 *--------------------*/

static const uint16_t unicode_list_1[] = {
    0x0, 0x24fb, 0x24ff, 0x2505, 0x2f4a, 0x4d49, 0x4d54, 0x4d56,
    0x4d64, 0x4e97, 0x4e98, 0x4ea2, 0x4ea5, 0x4f98, 0x4fa5, 0x508e,
    0x50ae, 0x50bc, 0x514f, 0x5179, 0x5196, 0x51f1, 0x5249, 0x529e,
    0x52bc, 0x531f, 0x5338, 0x5339, 0x534d, 0x5357, 0x5381, 0x53c5,
    0x53d5, 0x53de, 0x5416, 0x54b3, 0x54c1, 0x5568, 0x55b3, 0x55c5,
    0x5627, 0x5671, 0x5690, 0x56a0, 0x57cc, 0x5839, 0x584d, 0x5858,
    0x5865, 0x5898, 0x58c6, 0x58cb, 0x5ad2, 0x5ad5, 0x5ae3, 0x5b45,
    0x5b4f, 0x5b94, 0x5b98, 0x5bba, 0x5d3b, 0x5e5e, 0x5e7a, 0x5fb8,
    0x5fe9, 0x6159, 0x6194, 0x6232, 0x6252, 0x62ab, 0x62ee, 0x63f6,
    0x6487, 0x6502, 0x653f, 0x65a3, 0x65cb, 0x65df, 0x6652, 0x6671,
    0x6683, 0x668b, 0x66a8, 0x66e0, 0x671d, 0x673d, 0x67ef, 0x681e,
    0x69d9, 0x6aab, 0x6aac, 0x6b5d, 0x6b7d, 0x6bd2, 0x6be2, 0x6bea,
    0x6c2a, 0x6c8a, 0x6cb3, 0x6cc0, 0x6cd1, 0x6cf0, 0x6d59, 0x6df3,
    0x6fb4, 0x7002, 0x72f8, 0x7471, 0x747e, 0x75c6, 0x75cd, 0x763d,
    0x7669, 0x76aa, 0x77b7, 0x791b, 0x79c3, 0x7b26, 0x7bd2, 0x7e0f,
    0x7e1c, 0x81cb, 0x8292, 0x8325, 0x85b4, 0x8709, 0x8714, 0x87aa,
    0x8b40, 0x8b4c, 0x8eb1, 0x8f10, 0x8f1d, 0x8f21, 0x8f22, 0x8f24,
    0x8f25, 0x8f52, 0x8f9c, 0x8fb7, 0x9115, 0x9118, 0x93e8, 0x93fe,
    0x94c8, 0x9536, 0x953d, 0x9540, 0x9631, 0x9640, 0x973c, 0x973e,
    0x97cb, 0x97da, 0x9817, 0x9d6c, 0xfe55
};

/*Collect the unicode lists and glyph_id offsets*/
static const lv_font_fmt_txt_cmap_t cmaps[] =
{
    {
        .range_start = 32, .range_length = 95, .glyph_id_start = 1,
        .unicode_list = NULL, .glyph_id_ofs_list = NULL, .list_length = 0, .type = LV_FONT_FMT_TXT_CMAP_FORMAT0_TINY
    },
    {
        .range_start = 183, .range_length = 65110, .glyph_id_start = 96,
        .unicode_list = unicode_list_1, .glyph_id_ofs_list = NULL, .list_length = 157, .type = LV_FONT_FMT_TXT_CMAP_SPARSE_TINY
    }
};



/*--------------------
 *  ALL CUSTOM DATA
 *--------------------*/

#if LVGL_VERSION_MAJOR == 8
/*Store all the custom data of the font*/
static  lv_font_fmt_txt_glyph_cache_t cache;
#endif

#if LVGL_VERSION_MAJOR >= 8
static const lv_font_fmt_txt_dsc_t font_dsc = {
#else
static lv_font_fmt_txt_dsc_t font_dsc = {
#endif
    .glyph_bitmap = glyph_bitmap,
    .glyph_dsc = glyph_dsc,
    .cmaps = cmaps,
    .kern_dsc = NULL,
    .kern_scale = 0,
    .cmap_num = 2,
    .bpp = 4,
    .kern_classes = 0,
    .bitmap_format = 0,
#if LVGL_VERSION_MAJOR == 8
    .cache = &cache
#endif
};



/*-----------------
 *  PUBLIC FONT
 *----------------*/

/*Initialize a public general font descriptor*/
#if LVGL_VERSION_MAJOR >= 8
const lv_font_t as_zh14 = {
#else
lv_font_t as_zh14 = {
#endif
    .get_glyph_dsc = lv_font_get_glyph_dsc_fmt_txt,    /*Function pointer to get glyph's data*/
    .get_glyph_bitmap = lv_font_get_bitmap_fmt_txt,    /*Function pointer to get glyph's bitmap*/
    .line_height = 17,          /*The maximum line height required by the font*/
    .base_line = 4,             /*Baseline measured from the bottom of the line*/
#if !(LVGL_VERSION_MAJOR == 6 && LVGL_VERSION_MINOR == 0)
    .subpx = LV_FONT_SUBPX_NONE,
#endif
#if LV_VERSION_CHECK(7, 4, 0) || LVGL_VERSION_MAJOR >= 8
    .underline_position = -2,
    .underline_thickness = 1,
#endif
    .dsc = &font_dsc,          /*The custom font data. Will be accessed by `get_glyph_bitmap/dsc` */
#if LV_VERSION_CHECK(8, 2, 0) || LVGL_VERSION_MAJOR >= 9
    .fallback = NULL,
#endif
    .user_data = NULL,
};



#endif /*#if AS_ZH14*/

