/*******************************************************************************
 * Size: 18 px
 * Bpp: 4
 * Opts: --font SourceHanSansSC-Regular.otf --range 0x20-0x7E,0xB7,0x25B2,0x25B6,0x25BC,0x3001,0x4E00,0x4E0B,0x4E0D,0x4E1B,0x4F4E-0x4F4F,0x4F59,0x4F5C,0x504F,0x505C,0x5145,0x5165,0x5173,0x5206,0x5230,0x524D,0x52A8,0x5300,0x5355,0x5373,0x53D6,0x53EF-0x53F0,0x5404,0x540E,0x5438,0x547C,0x548C,0x5495,0x54CD,0x556A,0x5578,0x561F,0x566A,0x567C,0x56DE,0x5728,0x5747,0x5757,0x5883,0x58F0,0x5904,0x590F,0x591C,0x594F,0x597D,0x5982,0x5B89,0x5B8C,0x5B9A,0x5BFC,0x5C06,0x5C4B,0x5C4F,0x5C71,0x5DF2,0x5F15,0x5F31,0x606F,0x60A0,0x6210,0x624B,0x62E9,0x6309,0x6362,0x63A5,0x64AD,0x653E,0x65B9,0x65F6,0x665A,0x6682,0x6696,0x6709,0x6728,0x673A,0x6742,0x675F,0x6797,0x67D4,0x67F4,0x68A6,0x68D5,0x6A90,0x6B62-0x6B63,0x6C14,0x6C34,0x6C89,0x6C99,0x6CA1,0x6CE1,0x6D41,0x6D6A,0x6D77,0x6D88,0x6DA7,0x6E10,0x6EAA,0x706B,0x70B9,0x73AF,0x7528,0x7535,0x767D,0x7684,0x76F4,0x7720,0x7761,0x786E,0x79D2,0x7A7A,0x7BDD,0x7C89,0x7EC6,0x7ED3,0x8282,0x8349,0x83DC,0x866B,0x87C0,0x87CB,0x8861,0x8BF7,0x8C03,0x8F68,0x8FC7,0x8FD4,0x8FD8-0x8FD9,0x8FDB-0x8FDC,0x9009,0x9053,0x906E,0x91CC,0x91CF,0x949F,0x94B5,0x957F,0x95ED,0x95F4,0x95F7,0x96E8,0x96F7,0x97F3,0x97F5,0x9882,0x9891,0x98CE,0x9E23,0xFF0C --size 18 --bpp 4 --format lvgl --lv-font-name as_zh18 --lv-include lvgl.h --no-compress --no-kerning --output as_zh18.c
 ******************************************************************************/

#ifdef LV_LVGL_H_INCLUDE_SIMPLE
#include "lvgl.h"
#else
#include "lvgl.h"
#endif

#ifndef AS_ZH18
#define AS_ZH18 1
#endif

#if AS_ZH18

/*-----------------
 *    BITMAPS
 *----------------*/

/*Store the image of the glyphs*/
static LV_ATTRIBUTE_LARGE_CONST const uint8_t glyph_bitmap[] = {
    /* U+0020 " " */

    /* U+0021 "!" */
    0xe, 0xb0, 0xe, 0xb0, 0xd, 0xa0, 0xd, 0xa0,
    0xc, 0x90, 0xc, 0x90, 0xb, 0x80, 0xb, 0x80,
    0xa, 0x70, 0x4, 0x30, 0x5, 0x30, 0x2f, 0xf0,
    0xd, 0xa0,

    /* U+0022 "\"" */
    0x5f, 0x50, 0xde, 0x5f, 0x50, 0xdd, 0x4f, 0x30,
    0xbc, 0x2f, 0x20, 0xaa, 0x1f, 0x0, 0x89, 0x2,
    0x0, 0x11,

    /* U+0023 "#" */
    0x0, 0xa, 0x60, 0xe, 0x20, 0x0, 0xd, 0x30,
    0x1f, 0x0, 0x0, 0xf, 0x10, 0x3d, 0x0, 0xe,
    0xff, 0xff, 0xff, 0xf6, 0x1, 0x5d, 0x11, 0x8a,
    0x10, 0x0, 0x4c, 0x0, 0x98, 0x0, 0x0, 0x6a,
    0x0, 0xa6, 0x0, 0x0, 0x79, 0x0, 0xc5, 0x0,
    0x4f, 0xff, 0xff, 0xff, 0xf0, 0x2, 0xc7, 0x22,
    0xf3, 0x20, 0x0, 0xd3, 0x1, 0xf0, 0x0, 0x0,
    0xf1, 0x3, 0xd0, 0x0, 0x1, 0xf0, 0x5, 0xb0,
    0x0,

    /* U+0024 "$" */
    0x0, 0x8, 0xa0, 0x0, 0x0, 0x8, 0xa0, 0x0,
    0x1, 0xaf, 0xfb, 0x40, 0xd, 0xe7, 0x6a, 0xf3,
    0x4f, 0x50, 0x0, 0x40, 0x6f, 0x30, 0x0, 0x0,
    0x3f, 0x90, 0x0, 0x0, 0x9, 0xfb, 0x20, 0x0,
    0x0, 0x5f, 0xf7, 0x0, 0x0, 0x1, 0xaf, 0xb0,
    0x0, 0x0, 0x6, 0xf7, 0x0, 0x0, 0x0, 0xeb,
    0x21, 0x0, 0x0, 0xfa, 0xaf, 0x95, 0x6c, 0xf3,
    0x7, 0xcf, 0xfc, 0x30, 0x0, 0x8, 0xa0, 0x0,
    0x0, 0x8, 0xa0, 0x0,

    /* U+0025 "%" */
    0x1, 0xae, 0xd4, 0x0, 0x0, 0xe, 0x30, 0x0,
    0xb, 0xa1, 0x5f, 0x10, 0x0, 0x7a, 0x0, 0x0,
    0x1f, 0x20, 0xc, 0x70, 0x1, 0xe1, 0x0, 0x0,
    0x3f, 0x0, 0x9, 0xa0, 0x9, 0x80, 0x0, 0x0,
    0x3f, 0x0, 0x9, 0xa0, 0x2e, 0x0, 0x0, 0x0,
    0x1f, 0x20, 0xc, 0x70, 0xb6, 0x7, 0xdc, 0x50,
    0xb, 0xa1, 0x5f, 0x14, 0xd0, 0x7d, 0x34, 0xf3,
    0x1, 0xaf, 0xd4, 0xd, 0x40, 0xe5, 0x0, 0x9a,
    0x0, 0x0, 0x0, 0x6b, 0x0, 0xf2, 0x0, 0x6c,
    0x0, 0x0, 0x0, 0xe2, 0x0, 0xf2, 0x0, 0x6d,
    0x0, 0x0, 0x8, 0x90, 0x0, 0xe5, 0x0, 0x9a,
    0x0, 0x0, 0x2e, 0x10, 0x0, 0x8d, 0x13, 0xe4,
    0x0, 0x0, 0xa7, 0x0, 0x0, 0x9, 0xed, 0x60,

    /* U+0026 "&" */
    0x0, 0x5, 0xdf, 0xc2, 0x0, 0x0, 0x0, 0x3f,
    0x94, 0xcc, 0x0, 0x0, 0x0, 0x8f, 0x0, 0x6f,
    0x0, 0x0, 0x0, 0x8d, 0x0, 0x9b, 0x0, 0x0,
    0x0, 0x4f, 0x17, 0xe2, 0x0, 0x0, 0x0, 0xe,
    0xdc, 0x10, 0x0, 0x0, 0x0, 0x7f, 0xf5, 0x0,
    0x0, 0xe8, 0x9, 0xf6, 0xaf, 0x20, 0x5, 0xf2,
    0x2f, 0x90, 0xc, 0xe2, 0xd, 0xb0, 0x4f, 0x50,
    0x1, 0xcf, 0xaf, 0x20, 0x2f, 0x90, 0x0, 0x1e,
    0xfb, 0x0, 0xa, 0xfa, 0x57, 0xcf, 0xaf, 0xe7,
    0x0, 0x6d, 0xfd, 0xa2, 0x2, 0x99,

    /* U+0027 "'" */
    0x5f, 0x55, 0xf5, 0x4f, 0x32, 0xf2, 0x1f, 0x0,
    0x20,

    /* U+0028 "(" */
    0x0, 0x7, 0x10, 0x5, 0xe0, 0x0, 0xd7, 0x0,
    0x3f, 0x10, 0x9, 0xb0, 0x0, 0xd7, 0x0, 0x1f,
    0x40, 0x3, 0xf2, 0x0, 0x4f, 0x10, 0x5, 0xf0,
    0x0, 0x4f, 0x10, 0x3, 0xf2, 0x0, 0xf, 0x50,
    0x0, 0xd8, 0x0, 0x8, 0xc0, 0x0, 0x2f, 0x10,
    0x0, 0xc8, 0x0, 0x4, 0xf1, 0x0, 0x5, 0x0,

    /* U+0029 ")" */
    0x7, 0x0, 0x0, 0xd6, 0x0, 0x6, 0xe0, 0x0,
    0xf, 0x40, 0x0, 0xaa, 0x0, 0x6, 0xe0, 0x0,
    0x3f, 0x20, 0x0, 0xf4, 0x0, 0xf, 0x50, 0x0,
    0xf6, 0x0, 0xf, 0x50, 0x1, 0xf4, 0x0, 0x3f,
    0x10, 0x6, 0xe0, 0x0, 0xba, 0x0, 0x1f, 0x40,
    0x7, 0xd0, 0x0, 0xe5, 0x0, 0x5, 0x0, 0x0,

    /* U+002A "*" */
    0x0, 0x5b, 0x0, 0x2, 0x16, 0xc0, 0x30, 0x8f,
    0xff, 0xfd, 0x10, 0x3f, 0xf8, 0x0, 0x8, 0xd8,
    0xe0, 0x0, 0x92, 0x8, 0x20,

    /* U+002B "+" */
    0x0, 0x0, 0x0, 0x0, 0x0, 0x0, 0x0, 0xaa,
    0x0, 0x0, 0x0, 0x0, 0xaa, 0x0, 0x0, 0x0,
    0x0, 0xaa, 0x0, 0x0, 0x0, 0x0, 0xaa, 0x0,
    0x0, 0x4f, 0xff, 0xff, 0xff, 0xf5, 0x13, 0x33,
    0xbb, 0x33, 0x31, 0x0, 0x0, 0xaa, 0x0, 0x0,
    0x0, 0x0, 0xaa, 0x0, 0x0, 0x0, 0x0, 0xaa,
    0x0, 0x0,

    /* U+002C "," */
    0x0, 0x30, 0x7, 0xfa, 0x5, 0xfe, 0x0, 0x6d,
    0x1, 0xd7, 0xd, 0xa0, 0x2, 0x0,

    /* U+002D "-" */
    0x0, 0x0, 0x0, 0x2f, 0xff, 0xf6, 0x3, 0x33,
    0x31,

    /* U+002E "." */
    0x16, 0x19, 0xf9, 0x5e, 0x50,

    /* U+002F "/" */
    0x0, 0x0, 0x8, 0x90, 0x0, 0x0, 0xd5, 0x0,
    0x0, 0x2f, 0x0, 0x0, 0x7, 0xb0, 0x0, 0x0,
    0xc6, 0x0, 0x0, 0x1f, 0x10, 0x0, 0x6, 0xc0,
    0x0, 0x0, 0xb7, 0x0, 0x0, 0xf, 0x20, 0x0,
    0x5, 0xd0, 0x0, 0x0, 0xa8, 0x0, 0x0, 0xe,
    0x30, 0x0, 0x4, 0xe0, 0x0, 0x0, 0x9a, 0x0,
    0x0, 0xd, 0x50, 0x0, 0x2, 0xf0, 0x0, 0x0,
    0x7b, 0x0, 0x0, 0x5, 0x30, 0x0, 0x0,

    /* U+0030 "0" */
    0x0, 0x9, 0xee, 0x90, 0x0, 0x0, 0xce, 0x77,
    0xec, 0x0, 0x5, 0xf4, 0x0, 0x4f, 0x50, 0xb,
    0xd0, 0x0, 0xd, 0xb0, 0xe, 0xa0, 0x0, 0xa,
    0xe0, 0xf, 0x80, 0x0, 0x8, 0xf0, 0x1f, 0x80,
    0x0, 0x7, 0xf1, 0xf, 0x80, 0x0, 0x8, 0xf0,
    0xe, 0xa0, 0x0, 0xa, 0xe0, 0xb, 0xe0, 0x0,
    0xd, 0xb0, 0x5, 0xf4, 0x0, 0x4f, 0x50, 0x0,
    0xce, 0x77, 0xec, 0x0, 0x0, 0x9, 0xee, 0x90,
    0x0,

    /* U+0031 "1" */
    0x2, 0x6d, 0xf2, 0x0, 0xc, 0xff, 0xf2, 0x0,
    0x0, 0x7, 0xf2, 0x0, 0x0, 0x7, 0xf2, 0x0,
    0x0, 0x7, 0xf2, 0x0, 0x0, 0x7, 0xf2, 0x0,
    0x0, 0x7, 0xf2, 0x0, 0x0, 0x7, 0xf2, 0x0,
    0x0, 0x7, 0xf2, 0x0, 0x0, 0x7, 0xf2, 0x0,
    0x0, 0x7, 0xf2, 0x0, 0x25, 0x5a, 0xf7, 0x54,
    0x6f, 0xff, 0xff, 0xfc,

    /* U+0032 "2" */
    0x0, 0x6d, 0xfd, 0x80, 0x0, 0xa, 0xf9, 0x69,
    0xfb, 0x0, 0x8, 0x20, 0x0, 0x8f, 0x30, 0x0,
    0x0, 0x0, 0x3f, 0x60, 0x0, 0x0, 0x0, 0x4f,
    0x40, 0x0, 0x0, 0x0, 0x8f, 0x10, 0x0, 0x0,
    0x1, 0xf9, 0x0, 0x0, 0x0, 0xb, 0xe1, 0x0,
    0x0, 0x0, 0x8f, 0x40, 0x0, 0x0, 0x7, 0xf6,
    0x0, 0x0, 0x0, 0x8f, 0x60, 0x0, 0x0, 0xa,
    0xfb, 0x56, 0x66, 0x60, 0x3f, 0xff, 0xff, 0xff,
    0xf1,

    /* U+0033 "3" */
    0x0, 0x6b, 0xfe, 0xa3, 0x0, 0xae, 0x86, 0x9e,
    0xf2, 0x1, 0x10, 0x0, 0x4f, 0x70, 0x0, 0x0,
    0x4, 0xf6, 0x0, 0x0, 0x26, 0xeb, 0x0, 0x0,
    0xcf, 0xf9, 0x0, 0x0, 0x3, 0x59, 0xfc, 0x10,
    0x0, 0x0, 0x3, 0xf9, 0x0, 0x0, 0x0, 0xc,
    0xe0, 0x0, 0x0, 0x0, 0xce, 0x1b, 0x10, 0x0,
    0x2f, 0xa2, 0xde, 0xa6, 0x8e, 0xf2, 0x0, 0x8d,
    0xfe, 0xa2, 0x0,

    /* U+0034 "4" */
    0x0, 0x0, 0x7, 0xfa, 0x0, 0x0, 0x0, 0x2f,
    0xfa, 0x0, 0x0, 0x0, 0xcb, 0xda, 0x0, 0x0,
    0x8, 0xf2, 0xda, 0x0, 0x0, 0x3f, 0x70, 0xda,
    0x0, 0x0, 0xdc, 0x0, 0xda, 0x0, 0x8, 0xf1,
    0x0, 0xda, 0x0, 0x3f, 0x60, 0x0, 0xeb, 0x0,
    0xaf, 0xff, 0xff, 0xff, 0xf6, 0x23, 0x33, 0x33,
    0xec, 0x31, 0x0, 0x0, 0x0, 0xda, 0x0, 0x0,
    0x0, 0x0, 0xda, 0x0, 0x0, 0x0, 0x0, 0xda,
    0x0,

    /* U+0035 "5" */
    0x0, 0xff, 0xff, 0xff, 0x60, 0x2, 0xfa, 0x66,
    0x66, 0x20, 0x3, 0xf4, 0x0, 0x0, 0x0, 0x4,
    0xf2, 0x0, 0x0, 0x0, 0x6, 0xfb, 0xff, 0xb3,
    0x0, 0x4, 0xd7, 0x46, 0xef, 0x20, 0x0, 0x0,
    0x0, 0x2f, 0xb0, 0x0, 0x0, 0x0, 0xc, 0xe0,
    0x0, 0x0, 0x0, 0xa, 0xf0, 0x0, 0x0, 0x0,
    0xd, 0xd0, 0x1a, 0x10, 0x0, 0x5f, 0x80, 0x3e,
    0xe9, 0x69, 0xfd, 0x0, 0x1, 0x9d, 0xfd, 0x80,
    0x0,

    /* U+0036 "6" */
    0x0, 0x3b, 0xed, 0xa1, 0x0, 0x6f, 0xc7, 0x7d,
    0xa0, 0xe, 0xa0, 0x0, 0x0, 0x7, 0xf2, 0x0,
    0x0, 0x0, 0xcc, 0x0, 0x0, 0x0, 0xe, 0xa3,
    0xbf, 0xd7, 0x0, 0xfd, 0xd6, 0x48, 0xf8, 0xe,
    0xd0, 0x0, 0xa, 0xf0, 0xcb, 0x0, 0x0, 0x6f,
    0x29, 0xe0, 0x0, 0x6, 0xf1, 0x2f, 0x60, 0x0,
    0xce, 0x0, 0x9f, 0x85, 0xaf, 0x50, 0x0, 0x7c,
    0xfc, 0x40, 0x0,

    /* U+0037 "7" */
    0x1f, 0xff, 0xff, 0xff, 0xf2, 0x6, 0x66, 0x66,
    0x6e, 0xc0, 0x0, 0x0, 0x0, 0x6f, 0x20, 0x0,
    0x0, 0x1, 0xe7, 0x0, 0x0, 0x0, 0x8, 0xe0,
    0x0, 0x0, 0x0, 0xe, 0x80, 0x0, 0x0, 0x0,
    0x5f, 0x20, 0x0, 0x0, 0x0, 0xae, 0x0, 0x0,
    0x0, 0x0, 0xdb, 0x0, 0x0, 0x0, 0x1, 0xf8,
    0x0, 0x0, 0x0, 0x3, 0xf7, 0x0, 0x0, 0x0,
    0x4, 0xf6, 0x0, 0x0, 0x0, 0x6, 0xf5, 0x0,
    0x0,

    /* U+0038 "8" */
    0x0, 0x2a, 0xee, 0xb3, 0x0, 0x1, 0xed, 0x54,
    0xbf, 0x20, 0x6, 0xf2, 0x0, 0xe, 0x80, 0x7,
    0xf0, 0x0, 0xc, 0xa0, 0x3, 0xf5, 0x0, 0xe,
    0x60, 0x0, 0x6f, 0x81, 0x8b, 0x0, 0x0, 0x4e,
    0xdf, 0xf3, 0x0, 0x5, 0xe4, 0x3, 0xcf, 0x40,
    0xe, 0x80, 0x0, 0xc, 0xe0, 0x1f, 0x50, 0x0,
    0x7, 0xf1, 0xf, 0x90, 0x0, 0xa, 0xf0, 0x7,
    0xfa, 0x44, 0x9f, 0x70, 0x0, 0x4c, 0xee, 0xc5,
    0x0,

    /* U+0039 "9" */
    0x0, 0x4c, 0xfc, 0x70, 0x0, 0x4, 0xfa, 0x58,
    0xfa, 0x0, 0xd, 0xc0, 0x0, 0x5f, 0x30, 0x1f,
    0x60, 0x0, 0xe, 0xa0, 0x2f, 0x60, 0x0, 0xa,
    0xd0, 0xf, 0x90, 0x0, 0xc, 0xf0, 0x9, 0xf5,
    0x13, 0xce, 0xf0, 0x1, 0xaf, 0xfe, 0x6a, 0xe0,
    0x0, 0x0, 0x20, 0xc, 0xc0, 0x0, 0x0, 0x0,
    0x1f, 0x70, 0x0, 0x0, 0x0, 0xaf, 0x10, 0xa,
    0xd7, 0x6b, 0xf6, 0x0, 0x1, 0x9d, 0xeb, 0x30,
    0x0,

    /* U+003A ":" */
    0x5e, 0x59, 0xf9, 0x16, 0x10, 0x0, 0x0, 0x0,
    0x0, 0x0, 0x1, 0x61, 0x9f, 0x95, 0xe5,

    /* U+003B ";" */
    0x5, 0xe5, 0x9, 0xf9, 0x1, 0x61, 0x0, 0x0,
    0x0, 0x0, 0x0, 0x0, 0x0, 0x0, 0x0, 0x30,
    0x7, 0xfa, 0x5, 0xfe, 0x0, 0x6d, 0x1, 0xd7,
    0xd, 0xa0, 0x2, 0x0,

    /* U+003C "<" */
    0x0, 0x0, 0x0, 0x0, 0x53, 0x0, 0x0, 0x2,
    0x9e, 0xf4, 0x0, 0x6, 0xcf, 0xc6, 0x0, 0x19,
    0xfe, 0x82, 0x0, 0x0, 0x4f, 0xc3, 0x0, 0x0,
    0x0, 0x4, 0xbf, 0xd7, 0x10, 0x0, 0x0, 0x1,
    0x7d, 0xfb, 0x50, 0x0, 0x0, 0x0, 0x4a, 0xf5,
    0x0, 0x0, 0x0, 0x0, 0x11,

    /* U+003D "=" */
    0x4f, 0xff, 0xff, 0xff, 0xf5, 0x13, 0x33, 0x33,
    0x33, 0x31, 0x0, 0x0, 0x0, 0x0, 0x0, 0x0,
    0x0, 0x0, 0x0, 0x0, 0x4f, 0xff, 0xff, 0xff,
    0xf5, 0x13, 0x33, 0x33, 0x33, 0x31,

    /* U+003E ">" */
    0x35, 0x0, 0x0, 0x0, 0x0, 0x3f, 0xe9, 0x30,
    0x0, 0x0, 0x0, 0x6c, 0xfc, 0x60, 0x0, 0x0,
    0x0, 0x28, 0xef, 0x91, 0x0, 0x0, 0x0, 0x3d,
    0xf5, 0x0, 0x1, 0x7d, 0xfb, 0x40, 0x5, 0xbf,
    0xd7, 0x10, 0x0, 0x4f, 0xa4, 0x0, 0x0, 0x0,
    0x11, 0x0, 0x0, 0x0, 0x0,

    /* U+003F "?" */
    0x1, 0x9d, 0xfc, 0x40, 0xd, 0xd7, 0x7d, 0xf2,
    0x2, 0x0, 0x4, 0xf7, 0x0, 0x0, 0x2, 0xf7,
    0x0, 0x0, 0x9, 0xf1, 0x0, 0x0, 0x6f, 0x50,
    0x0, 0x2, 0xf8, 0x0, 0x0, 0xa, 0xe0, 0x0,
    0x0, 0xc, 0xa0, 0x0, 0x0, 0x0, 0x0, 0x0,
    0x0, 0x4, 0x40, 0x0, 0x0, 0x1f, 0xf1, 0x0,
    0x0, 0xc, 0xc0, 0x0,

    /* U+0040 "@" */
    0x0, 0x0, 0x7, 0xce, 0xfc, 0xa4, 0x0, 0x0,
    0x0, 0x5e, 0xc6, 0x22, 0x58, 0xfa, 0x0, 0x0,
    0x7f, 0x70, 0x0, 0x0, 0x2, 0xca, 0x0, 0x5f,
    0x30, 0x0, 0x0, 0x0, 0x2, 0xf4, 0xe, 0x90,
    0x0, 0x9d, 0xd9, 0xb0, 0x9, 0xa5, 0xe0, 0x0,
    0xcb, 0x13, 0xf8, 0x0, 0x5c, 0xa9, 0x0, 0x6e,
    0x0, 0xe, 0x50, 0x3, 0xfd, 0x50, 0xc, 0x80,
    0x1, 0xf3, 0x0, 0x4d, 0xf4, 0x0, 0xf5, 0x0,
    0x3f, 0x0, 0x6, 0xbe, 0x50, 0xf, 0x60, 0x6,
    0xe0, 0x0, 0xd5, 0xd7, 0x0, 0xac, 0x5, 0xcf,
    0x31, 0xab, 0x9, 0xb0, 0x1, 0xbe, 0x90, 0x6d,
    0xd8, 0x0, 0x2f, 0x50, 0x0, 0x0, 0x0, 0x0,
    0x0, 0x0, 0x7e, 0x30, 0x0, 0x0, 0x0, 0x0,
    0x0, 0x0, 0x8f, 0x93, 0x10, 0x26, 0x80, 0x0,
    0x0, 0x0, 0x3a, 0xef, 0xff, 0xb4, 0x0, 0x0,
    0x0, 0x0, 0x0, 0x1, 0x0, 0x0, 0x0, 0x0,

    /* U+0041 "A" */
    0x0, 0x0, 0xaf, 0x80, 0x0, 0x0, 0x0, 0xf,
    0xde, 0x0, 0x0, 0x0, 0x5, 0xf4, 0xf3, 0x0,
    0x0, 0x0, 0xac, 0xe, 0x90, 0x0, 0x0, 0xf,
    0x70, 0x9e, 0x0, 0x0, 0x5, 0xf3, 0x5, 0xf4,
    0x0, 0x0, 0xbe, 0x0, 0xf, 0xa0, 0x0, 0x1f,
    0x90, 0x0, 0xbf, 0x0, 0x6, 0xff, 0xff, 0xff,
    0xf5, 0x0, 0xbe, 0x43, 0x33, 0x4f, 0xa0, 0x1f,
    0x90, 0x0, 0x0, 0xbf, 0x6, 0xf4, 0x0, 0x0,
    0x6, 0xf5, 0xce, 0x0, 0x0, 0x0, 0x1f, 0xb0,

    /* U+0042 "B" */
    0x2f, 0xff, 0xfe, 0xd8, 0x0, 0x2, 0xfa, 0x45,
    0x69, 0xfc, 0x0, 0x2f, 0x70, 0x0, 0x8, 0xf2,
    0x2, 0xf7, 0x0, 0x0, 0x7f, 0x10, 0x2f, 0x70,
    0x2, 0x6f, 0x90, 0x2, 0xff, 0xff, 0xff, 0xb1,
    0x0, 0x2f, 0x93, 0x34, 0x7e, 0xe3, 0x2, 0xf7,
    0x0, 0x0, 0x1e, 0xb0, 0x2f, 0x70, 0x0, 0x0,
    0xbf, 0x2, 0xf7, 0x0, 0x0, 0xc, 0xe0, 0x2f,
    0x70, 0x0, 0x3, 0xfa, 0x2, 0xfa, 0x55, 0x69,
    0xfe, 0x10, 0x2f, 0xff, 0xff, 0xc8, 0x10, 0x0,

    /* U+0043 "C" */
    0x0, 0x7, 0xbe, 0xda, 0x30, 0x1, 0xcf, 0xc8,
    0x9d, 0xf3, 0xb, 0xf5, 0x0, 0x0, 0x50, 0x5f,
    0x80, 0x0, 0x0, 0x0, 0xaf, 0x10, 0x0, 0x0,
    0x0, 0xce, 0x0, 0x0, 0x0, 0x0, 0xec, 0x0,
    0x0, 0x0, 0x0, 0xce, 0x0, 0x0, 0x0, 0x0,
    0xaf, 0x10, 0x0, 0x0, 0x0, 0x5f, 0x80, 0x0,
    0x0, 0x0, 0xc, 0xf5, 0x0, 0x0, 0x73, 0x2,
    0xdf, 0xc8, 0x9c, 0xf5, 0x0, 0x7, 0xbe, 0xda,
    0x30,

    /* U+0044 "D" */
    0x2f, 0xff, 0xec, 0x92, 0x0, 0x2, 0xfa, 0x56,
    0x9e, 0xf7, 0x0, 0x2f, 0x70, 0x0, 0x1c, 0xf3,
    0x2, 0xf7, 0x0, 0x0, 0x2f, 0xc0, 0x2f, 0x70,
    0x0, 0x0, 0xaf, 0x2, 0xf7, 0x0, 0x0, 0x8,
    0xf2, 0x2f, 0x70, 0x0, 0x0, 0x6f, 0x42, 0xf7,
    0x0, 0x0, 0x8, 0xf2, 0x2f, 0x70, 0x0, 0x0,
    0xaf, 0x2, 0xf7, 0x0, 0x0, 0x2f, 0xc0, 0x2f,
    0x70, 0x0, 0x1c, 0xf3, 0x2, 0xfa, 0x57, 0x9f,
    0xf6, 0x0, 0x2f, 0xff, 0xfc, 0x92, 0x0, 0x0,

    /* U+0045 "E" */
    0x2f, 0xff, 0xff, 0xff, 0x62, 0xfa, 0x66, 0x66,
    0x62, 0x2f, 0x70, 0x0, 0x0, 0x2, 0xf7, 0x0,
    0x0, 0x0, 0x2f, 0x81, 0x11, 0x10, 0x2, 0xff,
    0xff, 0xff, 0x70, 0x2f, 0xa4, 0x44, 0x42, 0x2,
    0xf7, 0x0, 0x0, 0x0, 0x2f, 0x70, 0x0, 0x0,
    0x2, 0xf7, 0x0, 0x0, 0x0, 0x2f, 0x70, 0x0,
    0x0, 0x2, 0xfb, 0x66, 0x66, 0x64, 0x2f, 0xff,
    0xff, 0xff, 0x90,

    /* U+0046 "F" */
    0x2f, 0xff, 0xff, 0xff, 0x62, 0xfa, 0x66, 0x66,
    0x62, 0x2f, 0x70, 0x0, 0x0, 0x2, 0xf7, 0x0,
    0x0, 0x0, 0x2f, 0x70, 0x0, 0x0, 0x2, 0xf8,
    0x11, 0x11, 0x0, 0x2f, 0xff, 0xff, 0xf8, 0x2,
    0xf9, 0x44, 0x44, 0x20, 0x2f, 0x70, 0x0, 0x0,
    0x2, 0xf7, 0x0, 0x0, 0x0, 0x2f, 0x70, 0x0,
    0x0, 0x2, 0xf7, 0x0, 0x0, 0x0, 0x2f, 0x70,
    0x0, 0x0, 0x0,

    /* U+0047 "G" */
    0x0, 0x6, 0xbe, 0xeb, 0x60, 0x0, 0x1c, 0xfc,
    0x98, 0xbf, 0x90, 0xb, 0xf6, 0x0, 0x0, 0x31,
    0x5, 0xf8, 0x0, 0x0, 0x0, 0x0, 0x9f, 0x10,
    0x0, 0x0, 0x0, 0xc, 0xe0, 0x0, 0x1, 0x11,
    0x10, 0xec, 0x0, 0x4, 0xff, 0xff, 0xc, 0xe0,
    0x0, 0x14, 0x49, 0xf0, 0xaf, 0x10, 0x0, 0x0,
    0x7f, 0x5, 0xf8, 0x0, 0x0, 0x7, 0xf0, 0xb,
    0xf5, 0x0, 0x0, 0x8f, 0x0, 0x2c, 0xfc, 0x98,
    0xbf, 0xd0, 0x0, 0x7, 0xbe, 0xeb, 0x70, 0x0,

    /* U+0048 "H" */
    0x2f, 0x70, 0x0, 0x0, 0x5f, 0x42, 0xf7, 0x0,
    0x0, 0x5, 0xf4, 0x2f, 0x70, 0x0, 0x0, 0x5f,
    0x42, 0xf7, 0x0, 0x0, 0x5, 0xf4, 0x2f, 0x81,
    0x11, 0x11, 0x7f, 0x42, 0xff, 0xff, 0xff, 0xff,
    0xf4, 0x2f, 0xa4, 0x44, 0x44, 0x9f, 0x42, 0xf7,
    0x0, 0x0, 0x5, 0xf4, 0x2f, 0x70, 0x0, 0x0,
    0x5f, 0x42, 0xf7, 0x0, 0x0, 0x5, 0xf4, 0x2f,
    0x70, 0x0, 0x0, 0x5f, 0x42, 0xf7, 0x0, 0x0,
    0x5, 0xf4, 0x2f, 0x70, 0x0, 0x0, 0x5f, 0x40,

    /* U+0049 "I" */
    0x2f, 0x72, 0xf7, 0x2f, 0x72, 0xf7, 0x2f, 0x72,
    0xf7, 0x2f, 0x72, 0xf7, 0x2f, 0x72, 0xf7, 0x2f,
    0x72, 0xf7, 0x2f, 0x70,

    /* U+004A "J" */
    0x0, 0x0, 0x0, 0xce, 0x0, 0x0, 0x0, 0xce,
    0x0, 0x0, 0x0, 0xce, 0x0, 0x0, 0x0, 0xce,
    0x0, 0x0, 0x0, 0xce, 0x0, 0x0, 0x0, 0xce,
    0x0, 0x0, 0x0, 0xce, 0x0, 0x0, 0x0, 0xce,
    0x0, 0x0, 0x0, 0xce, 0x0, 0x0, 0x0, 0xdd,
    0x9, 0x20, 0x2, 0xfa, 0xd, 0xe9, 0x8e, 0xf3,
    0x1, 0xae, 0xec, 0x30,

    /* U+004B "K" */
    0x2f, 0x70, 0x0, 0x6, 0xf7, 0x2, 0xf7, 0x0,
    0x4, 0xfa, 0x0, 0x2f, 0x70, 0x2, 0xec, 0x0,
    0x2, 0xf7, 0x1, 0xde, 0x10, 0x0, 0x2f, 0x70,
    0xbf, 0x30, 0x0, 0x2, 0xf7, 0x9f, 0xf2, 0x0,
    0x0, 0x2f, 0xdf, 0x9f, 0xb0, 0x0, 0x2, 0xff,
    0xa0, 0x8f, 0x40, 0x0, 0x2f, 0xc0, 0x0, 0xed,
    0x0, 0x2, 0xf7, 0x0, 0x5, 0xf7, 0x0, 0x2f,
    0x70, 0x0, 0xc, 0xf1, 0x2, 0xf7, 0x0, 0x0,
    0x3f, 0xa0, 0x2f, 0x70, 0x0, 0x0, 0x9f, 0x40,

    /* U+004C "L" */
    0x2f, 0x70, 0x0, 0x0, 0x2, 0xf7, 0x0, 0x0,
    0x0, 0x2f, 0x70, 0x0, 0x0, 0x2, 0xf7, 0x0,
    0x0, 0x0, 0x2f, 0x70, 0x0, 0x0, 0x2, 0xf7,
    0x0, 0x0, 0x0, 0x2f, 0x70, 0x0, 0x0, 0x2,
    0xf7, 0x0, 0x0, 0x0, 0x2f, 0x70, 0x0, 0x0,
    0x2, 0xf7, 0x0, 0x0, 0x0, 0x2f, 0x70, 0x0,
    0x0, 0x2, 0xfb, 0x66, 0x66, 0x61, 0x2f, 0xff,
    0xff, 0xff, 0x30,

    /* U+004D "M" */
    0x2f, 0xf0, 0x0, 0x0, 0x6, 0xfc, 0x2f, 0xf5,
    0x0, 0x0, 0xb, 0xfc, 0x2f, 0xbb, 0x0, 0x0,
    0x1f, 0xbc, 0x2f, 0x7f, 0x10, 0x0, 0x7d, 0xac,
    0x2f, 0x4e, 0x70, 0x0, 0xd7, 0xbc, 0x2f, 0x48,
    0xc0, 0x3, 0xf1, 0xbc, 0x2f, 0x42, 0xf2, 0x8,
    0xb0, 0xbc, 0x2f, 0x40, 0xd8, 0xe, 0x60, 0xbc,
    0x2f, 0x40, 0x7e, 0x3f, 0x0, 0xbc, 0x2f, 0x40,
    0x1f, 0xca, 0x0, 0xbc, 0x2f, 0x40, 0xb, 0xf4,
    0x0, 0xbc, 0x2f, 0x40, 0x4, 0xa0, 0x0, 0xbc,
    0x2f, 0x40, 0x0, 0x0, 0x0, 0xbc,

    /* U+004E "N" */
    0x2f, 0xc0, 0x0, 0x0, 0x6f, 0x32, 0xff, 0x60,
    0x0, 0x6, 0xf3, 0x2f, 0xbe, 0x10, 0x0, 0x6f,
    0x32, 0xf5, 0xe9, 0x0, 0x6, 0xf3, 0x2f, 0x47,
    0xf2, 0x0, 0x6f, 0x32, 0xf5, 0xd, 0xb0, 0x6,
    0xf3, 0x2f, 0x60, 0x5f, 0x50, 0x6f, 0x32, 0xf6,
    0x0, 0xbe, 0x5, 0xf3, 0x2f, 0x60, 0x2, 0xf7,
    0x4f, 0x32, 0xf6, 0x0, 0x9, 0xf4, 0xf3, 0x2f,
    0x60, 0x0, 0x1e, 0xbf, 0x32, 0xf6, 0x0, 0x0,
    0x6f, 0xf3, 0x2f, 0x60, 0x0, 0x0, 0xcf, 0x30,

    /* U+004F "O" */
    0x0, 0x8, 0xcf, 0xda, 0x20, 0x0, 0x2, 0xdf,
    0xb8, 0xae, 0xf6, 0x0, 0xd, 0xf4, 0x0, 0x1,
    0xcf, 0x20, 0x6f, 0x70, 0x0, 0x0, 0x2f, 0xb0,
    0xaf, 0x0, 0x0, 0x0, 0xa, 0xf0, 0xcd, 0x0,
    0x0, 0x0, 0x8, 0xf2, 0xec, 0x0, 0x0, 0x0,
    0x6, 0xf4, 0xce, 0x0, 0x0, 0x0, 0x8, 0xf2,
    0xaf, 0x10, 0x0, 0x0, 0xb, 0xf0, 0x5f, 0x70,
    0x0, 0x0, 0x2f, 0xb0, 0xc, 0xf4, 0x0, 0x1,
    0xcf, 0x20, 0x2, 0xdf, 0xb8, 0xae, 0xf6, 0x0,
    0x0, 0x8, 0xcf, 0xda, 0x20, 0x0,

    /* U+0050 "P" */
    0x2f, 0xff, 0xfe, 0xc7, 0x0, 0x2f, 0xa5, 0x56,
    0xaf, 0xc0, 0x2f, 0x70, 0x0, 0x7, 0xf4, 0x2f,
    0x70, 0x0, 0x3, 0xf7, 0x2f, 0x70, 0x0, 0x6,
    0xf4, 0x2f, 0x81, 0x12, 0x6f, 0xd0, 0x2f, 0xff,
    0xff, 0xfa, 0x10, 0x2f, 0x94, 0x42, 0x0, 0x0,
    0x2f, 0x70, 0x0, 0x0, 0x0, 0x2f, 0x70, 0x0,
    0x0, 0x0, 0x2f, 0x70, 0x0, 0x0, 0x0, 0x2f,
    0x70, 0x0, 0x0, 0x0, 0x2f, 0x70, 0x0, 0x0,
    0x0,

    /* U+0051 "Q" */
    0x0, 0x8, 0xcf, 0xda, 0x20, 0x0, 0x2, 0xdf,
    0xb8, 0xae, 0xf6, 0x0, 0xc, 0xf4, 0x0, 0x1,
    0xcf, 0x20, 0x5f, 0x70, 0x0, 0x0, 0x2f, 0xb0,
    0xaf, 0x10, 0x0, 0x0, 0xb, 0xf0, 0xce, 0x0,
    0x0, 0x0, 0x8, 0xf2, 0xec, 0x0, 0x0, 0x0,
    0x6, 0xf4, 0xdd, 0x0, 0x0, 0x0, 0x8, 0xf3,
    0xbf, 0x0, 0x0, 0x0, 0xa, 0xf0, 0x7f, 0x50,
    0x0, 0x0, 0xf, 0xc0, 0xe, 0xd1, 0x0, 0x0,
    0x8f, 0x50, 0x4, 0xfd, 0x52, 0x4a, 0xf9, 0x0,
    0x0, 0x3c, 0xff, 0xfe, 0x70, 0x0, 0x0, 0x0,
    0x1e, 0xe1, 0x0, 0x0, 0x0, 0x0, 0x5, 0xfd,
    0x62, 0x21, 0x0, 0x0, 0x0, 0x4c, 0xff, 0xf7,
    0x0, 0x0, 0x0, 0x0, 0x13, 0x30,

    /* U+0052 "R" */
    0x2f, 0xff, 0xff, 0xd8, 0x10, 0x2f, 0xa5, 0x56,
    0xaf, 0xd0, 0x2f, 0x70, 0x0, 0x6, 0xf5, 0x2f,
    0x70, 0x0, 0x2, 0xf7, 0x2f, 0x70, 0x0, 0x5,
    0xf6, 0x2f, 0x80, 0x12, 0x6e, 0xe0, 0x2f, 0xff,
    0xff, 0xfb, 0x20, 0x2f, 0x93, 0x4f, 0xd0, 0x0,
    0x2f, 0x70, 0x7, 0xf6, 0x0, 0x2f, 0x70, 0x0,
    0xde, 0x0, 0x2f, 0x70, 0x0, 0x5f, 0x80, 0x2f,
    0x70, 0x0, 0xc, 0xf1, 0x2f, 0x70, 0x0, 0x3,
    0xfa,

    /* U+0053 "S" */
    0x0, 0x8, 0xdf, 0xd9, 0x20, 0x0, 0xcf, 0xa7,
    0x9e, 0xf3, 0x5, 0xf6, 0x0, 0x0, 0x60, 0x7,
    0xf3, 0x0, 0x0, 0x0, 0x3, 0xfc, 0x10, 0x0,
    0x0, 0x0, 0x7f, 0xf9, 0x20, 0x0, 0x0, 0x2,
    0xaf, 0xfb, 0x20, 0x0, 0x0, 0x1, 0x8f, 0xf4,
    0x0, 0x0, 0x0, 0x2, 0xfc, 0x0, 0x0, 0x0,
    0x0, 0xce, 0x9, 0x70, 0x0, 0x2, 0xfb, 0x8,
    0xfd, 0xa7, 0x9f, 0xf2, 0x0, 0x3a, 0xef, 0xd9,
    0x20,

    /* U+0054 "T" */
    0x6f, 0xff, 0xff, 0xff, 0xff, 0x32, 0x66, 0x6a,
    0xf8, 0x66, 0x61, 0x0, 0x0, 0x7f, 0x30, 0x0,
    0x0, 0x0, 0x7, 0xf3, 0x0, 0x0, 0x0, 0x0,
    0x7f, 0x30, 0x0, 0x0, 0x0, 0x7, 0xf3, 0x0,
    0x0, 0x0, 0x0, 0x7f, 0x30, 0x0, 0x0, 0x0,
    0x7, 0xf3, 0x0, 0x0, 0x0, 0x0, 0x7f, 0x30,
    0x0, 0x0, 0x0, 0x7, 0xf3, 0x0, 0x0, 0x0,
    0x0, 0x7f, 0x30, 0x0, 0x0, 0x0, 0x7, 0xf3,
    0x0, 0x0, 0x0, 0x0, 0x7f, 0x30, 0x0, 0x0,

    /* U+0055 "U" */
    0x3f, 0x60, 0x0, 0x0, 0x5f, 0x33, 0xf6, 0x0,
    0x0, 0x5, 0xf3, 0x3f, 0x60, 0x0, 0x0, 0x5f,
    0x33, 0xf6, 0x0, 0x0, 0x5, 0xf3, 0x3f, 0x60,
    0x0, 0x0, 0x5f, 0x33, 0xf6, 0x0, 0x0, 0x5,
    0xf3, 0x3f, 0x60, 0x0, 0x0, 0x5f, 0x33, 0xf6,
    0x0, 0x0, 0x6, 0xf3, 0x1f, 0x80, 0x0, 0x0,
    0x7f, 0x10, 0xfb, 0x0, 0x0, 0xa, 0xf0, 0xa,
    0xf3, 0x0, 0x3, 0xfa, 0x0, 0x1e, 0xfa, 0x7a,
    0xfe, 0x10, 0x0, 0x19, 0xdf, 0xd9, 0x10, 0x0,

    /* U+0056 "V" */
    0xde, 0x0, 0x0, 0x0, 0x8f, 0x28, 0xf3, 0x0,
    0x0, 0xd, 0xd0, 0x3f, 0x70, 0x0, 0x2, 0xf8,
    0x0, 0xdc, 0x0, 0x0, 0x7f, 0x30, 0x8, 0xf1,
    0x0, 0xc, 0xd0, 0x0, 0x3f, 0x50, 0x1, 0xf8,
    0x0, 0x0, 0xea, 0x0, 0x6f, 0x30, 0x0, 0x9,
    0xe0, 0xb, 0xd0, 0x0, 0x0, 0x4f, 0x40, 0xf8,
    0x0, 0x0, 0x0, 0xf8, 0x4f, 0x30, 0x0, 0x0,
    0xa, 0xd9, 0xe0, 0x0, 0x0, 0x0, 0x5f, 0xf8,
    0x0, 0x0, 0x0, 0x0, 0xff, 0x30, 0x0, 0x0,

    /* U+0057 "W" */
    0x6f, 0x40, 0x0, 0xe, 0xd0, 0x0, 0x5, 0xf3,
    0x3f, 0x70, 0x0, 0x3f, 0xf1, 0x0, 0x9, 0xf0,
    0xf, 0xa0, 0x0, 0x7d, 0xf5, 0x0, 0xc, 0xc0,
    0xc, 0xd0, 0x0, 0xb8, 0xc9, 0x0, 0xf, 0x90,
    0x9, 0xf0, 0x0, 0xf5, 0x9d, 0x0, 0x3f, 0x50,
    0x5, 0xf3, 0x4, 0xf1, 0x5f, 0x10, 0x6f, 0x20,
    0x2, 0xf6, 0x8, 0xd0, 0x1f, 0x50, 0x9e, 0x0,
    0x0, 0xf9, 0xc, 0x90, 0xd, 0x90, 0xcb, 0x0,
    0x0, 0xbc, 0xf, 0x50, 0x9, 0xd0, 0xf8, 0x0,
    0x0, 0x8f, 0x3f, 0x10, 0x5, 0xf3, 0xf4, 0x0,
    0x0, 0x4f, 0x9d, 0x0, 0x1, 0xf9, 0xf1, 0x0,
    0x0, 0x1f, 0xf9, 0x0, 0x0, 0xdf, 0xe0, 0x0,
    0x0, 0xe, 0xf5, 0x0, 0x0, 0x9f, 0xa0, 0x0,

    /* U+0058 "X" */
    0x2f, 0xa0, 0x0, 0x4, 0xf7, 0x0, 0x9f, 0x30,
    0x0, 0xcd, 0x0, 0x1, 0xeb, 0x0, 0x5f, 0x50,
    0x0, 0x6, 0xf4, 0xd, 0xc0, 0x0, 0x0, 0xd,
    0xd5, 0xf3, 0x0, 0x0, 0x0, 0x4f, 0xfa, 0x0,
    0x0, 0x0, 0x0, 0xff, 0x40, 0x0, 0x0, 0x0,
    0x8e, 0xdc, 0x0, 0x0, 0x0, 0x2f, 0x74, 0xf6,
    0x0, 0x0, 0xa, 0xe0, 0xc, 0xe1, 0x0, 0x4,
    0xf6, 0x0, 0x3f, 0x90, 0x0, 0xdd, 0x0, 0x0,
    0xaf, 0x20, 0x6f, 0x50, 0x0, 0x1, 0xfb, 0x0,

    /* U+0059 "Y" */
    0xc, 0xe0, 0x0, 0x0, 0x6f, 0x50, 0x4f, 0x70,
    0x0, 0xd, 0xd0, 0x0, 0xce, 0x0, 0x4, 0xf5,
    0x0, 0x4, 0xf5, 0x0, 0xcd, 0x0, 0x0, 0xc,
    0xd0, 0x3f, 0x50, 0x0, 0x0, 0x4f, 0x4b, 0xd0,
    0x0, 0x0, 0x0, 0xcd, 0xf5, 0x0, 0x0, 0x0,
    0x4, 0xfd, 0x0, 0x0, 0x0, 0x0, 0xf, 0x90,
    0x0, 0x0, 0x0, 0x0, 0xf9, 0x0, 0x0, 0x0,
    0x0, 0xf, 0x90, 0x0, 0x0, 0x0, 0x0, 0xf9,
    0x0, 0x0, 0x0, 0x0, 0xf, 0x90, 0x0, 0x0,

    /* U+005A "Z" */
    0x7, 0xff, 0xff, 0xff, 0xfe, 0x0, 0x36, 0x66,
    0x66, 0x9f, 0x90, 0x0, 0x0, 0x0, 0xd, 0xe0,
    0x0, 0x0, 0x0, 0x8, 0xf4, 0x0, 0x0, 0x0,
    0x3, 0xf9, 0x0, 0x0, 0x0, 0x0, 0xce, 0x0,
    0x0, 0x0, 0x0, 0x7f, 0x40, 0x0, 0x0, 0x0,
    0x2f, 0xa0, 0x0, 0x0, 0x0, 0xc, 0xe1, 0x0,
    0x0, 0x0, 0x7, 0xf5, 0x0, 0x0, 0x0, 0x2,
    0xfa, 0x0, 0x0, 0x0, 0x0, 0xcf, 0x86, 0x66,
    0x66, 0x60, 0x1f, 0xff, 0xff, 0xff, 0xff, 0x0,

    /* U+005B "[" */
    0x1f, 0xff, 0x71, 0xf1, 0x0, 0x1f, 0x10, 0x1,
    0xf1, 0x0, 0x1f, 0x10, 0x1, 0xf1, 0x0, 0x1f,
    0x10, 0x1, 0xf1, 0x0, 0x1f, 0x10, 0x1, 0xf1,
    0x0, 0x1f, 0x10, 0x1, 0xf1, 0x0, 0x1f, 0x10,
    0x1, 0xf1, 0x0, 0x1f, 0x10, 0x1, 0xf1, 0x0,
    0x1f, 0xee, 0x60,

    /* U+005C "\\" */
    0x99, 0x0, 0x0, 0x4, 0xe0, 0x0, 0x0, 0xf,
    0x30, 0x0, 0x0, 0xa8, 0x0, 0x0, 0x5, 0xd0,
    0x0, 0x0, 0xf, 0x20, 0x0, 0x0, 0xb7, 0x0,
    0x0, 0x6, 0xc0, 0x0, 0x0, 0x1f, 0x10, 0x0,
    0x0, 0xc6, 0x0, 0x0, 0x8, 0xa0, 0x0, 0x0,
    0x3f, 0x0, 0x0, 0x0, 0xe4, 0x0, 0x0, 0x9,
    0x90, 0x0, 0x0, 0x4e, 0x0, 0x0, 0x0, 0xf3,
    0x0, 0x0, 0xa, 0x80, 0x0, 0x0, 0x36,

    /* U+005D "]" */
    0x5f, 0xff, 0x20, 0x0, 0xf2, 0x0, 0xf, 0x20,
    0x0, 0xf2, 0x0, 0xf, 0x20, 0x0, 0xf2, 0x0,
    0xf, 0x20, 0x0, 0xf2, 0x0, 0xf, 0x20, 0x0,
    0xf2, 0x0, 0xf, 0x20, 0x0, 0xf2, 0x0, 0xf,
    0x20, 0x0, 0xf2, 0x0, 0xf, 0x20, 0x0, 0xf2,
    0x5e, 0xef, 0x20,

    /* U+005E "^" */
    0x0, 0xe, 0xe0, 0x0, 0x0, 0x4f, 0xf4, 0x0,
    0x0, 0xb9, 0xaa, 0x0, 0x1, 0xf4, 0x4f, 0x10,
    0x7, 0xe0, 0xe, 0x60, 0xd, 0x80, 0x8, 0xd0,
    0x3f, 0x20, 0x3, 0xf3, 0x9d, 0x0, 0x0, 0xd9,

    /* U+005F "_" */
    0xbf, 0xff, 0xff, 0xff, 0xfc, 0x11, 0x11, 0x11,
    0x11, 0x11,

    /* U+0060 "`" */
    0x37, 0x40, 0x0, 0xb, 0xf2, 0x0, 0x0, 0xbd,
    0x0, 0x0, 0xc, 0xa0,

    /* U+0061 "a" */
    0x4, 0xad, 0xfc, 0x30, 0x4f, 0xb7, 0x7e, 0xf1,
    0x2, 0x0, 0x3, 0xf7, 0x0, 0x0, 0x2, 0xfa,
    0x1, 0x7c, 0xfe, 0xfa, 0x3e, 0xc5, 0x10, 0xea,
    0xbd, 0x0, 0x0, 0xea, 0xeb, 0x0, 0x3, 0xfa,
    0xaf, 0x96, 0x9e, 0xea, 0x1a, 0xed, 0x91, 0xba,

    /* U+0062 "b" */
    0x5f, 0x40, 0x0, 0x0, 0x0, 0x5f, 0x40, 0x0,
    0x0, 0x0, 0x5f, 0x40, 0x0, 0x0, 0x0, 0x5f,
    0x40, 0x0, 0x0, 0x0, 0x5f, 0x47, 0xce, 0xc4,
    0x0, 0x5f, 0xed, 0x88, 0xef, 0x40, 0x5f, 0x90,
    0x0, 0x1f, 0xc0, 0x5f, 0x40, 0x0, 0xa, 0xf0,
    0x5f, 0x40, 0x0, 0x8, 0xf2, 0x5f, 0x40, 0x0,
    0x9, 0xf1, 0x5f, 0x40, 0x0, 0xc, 0xe0, 0x5f,
    0x60, 0x0, 0x4f, 0x90, 0x5f, 0xea, 0x69, 0xfe,
    0x10, 0x5f, 0x19, 0xee, 0x91, 0x0,

    /* U+0063 "c" */
    0x0, 0x6, 0xcf, 0xd8, 0x0, 0xb, 0xfb, 0x78,
    0xe3, 0x6, 0xf7, 0x0, 0x0, 0x0, 0xce, 0x0,
    0x0, 0x0, 0xf, 0xb0, 0x0, 0x0, 0x0, 0xfb,
    0x0, 0x0, 0x0, 0xd, 0xe0, 0x0, 0x0, 0x0,
    0x7f, 0x60, 0x0, 0x0, 0x0, 0xcf, 0xa6, 0x8e,
    0x60, 0x0, 0x8c, 0xfd, 0x70,

    /* U+0064 "d" */
    0x0, 0x0, 0x0, 0x2, 0xf7, 0x0, 0x0, 0x0,
    0x2, 0xf7, 0x0, 0x0, 0x0, 0x2, 0xf7, 0x0,
    0x0, 0x0, 0x2, 0xf7, 0x0, 0x8, 0xde, 0xb4,
    0xf7, 0x0, 0xcf, 0xa7, 0x9f, 0xf7, 0x7, 0xf7,
    0x0, 0x4, 0xf7, 0xc, 0xe0, 0x0, 0x2, 0xf7,
    0xf, 0xb0, 0x0, 0x2, 0xf7, 0xf, 0xb0, 0x0,
    0x2, 0xf7, 0xd, 0xd0, 0x0, 0x2, 0xf7, 0x9,
    0xf4, 0x0, 0x6, 0xf7, 0x1, 0xef, 0x97, 0xbe,
    0xf7, 0x0, 0x1a, 0xed, 0x91, 0xe7,

    /* U+0065 "e" */
    0x0, 0x7, 0xdf, 0xc5, 0x0, 0x0, 0xce, 0x75,
    0x9f, 0x50, 0x6, 0xf2, 0x0, 0x9, 0xe0, 0xc,
    0xa0, 0x0, 0x4, 0xf1, 0xf, 0xff, 0xff, 0xff,
    0xf3, 0xf, 0xa2, 0x22, 0x22, 0x20, 0xc, 0xd0,
    0x0, 0x0, 0x0, 0x7, 0xf6, 0x0, 0x0, 0x0,
    0x0, 0xcf, 0xa5, 0x6a, 0x80, 0x0, 0x7, 0xcf,
    0xda, 0x20,

    /* U+0066 "f" */
    0x0, 0x2c, 0xfd, 0x30, 0xd, 0xf7, 0x60, 0x0,
    0xfa, 0x0, 0x0, 0x1f, 0x80, 0x0, 0x8f, 0xff,
    0xfa, 0x2, 0x6f, 0xb5, 0x30, 0x1, 0xf8, 0x0,
    0x0, 0x1f, 0x80, 0x0, 0x1, 0xf8, 0x0, 0x0,
    0x1f, 0x80, 0x0, 0x1, 0xf8, 0x0, 0x0, 0x1f,
    0x80, 0x0, 0x1, 0xf8, 0x0, 0x0, 0x1f, 0x80,
    0x0,

    /* U+0067 "g" */
    0x0, 0x3b, 0xef, 0xff, 0xfb, 0x3, 0xfb, 0x44,
    0xcf, 0x53, 0x9, 0xf0, 0x0, 0x2f, 0x60, 0x9,
    0xe0, 0x0, 0x1f, 0x60, 0x3, 0xf8, 0x1, 0xaf,
    0x20, 0x0, 0xae, 0xff, 0xd4, 0x0, 0x3, 0xf1,
    0x0, 0x0, 0x0, 0x7, 0xf0, 0x0, 0x0, 0x0,
    0x4, 0xfa, 0x55, 0x54, 0x0, 0x0, 0xde, 0xff,
    0xff, 0xf5, 0xa, 0xb0, 0x0, 0x3, 0xed, 0xf,
    0x70, 0x0, 0x0, 0xdb, 0xc, 0xe6, 0x22, 0x5c,
    0xe2, 0x0, 0x8d, 0xfe, 0xc8, 0x10,

    /* U+0068 "h" */
    0x5f, 0x40, 0x0, 0x0, 0x5, 0xf4, 0x0, 0x0,
    0x0, 0x5f, 0x40, 0x0, 0x0, 0x5, 0xf4, 0x0,
    0x0, 0x0, 0x5f, 0x45, 0xbf, 0xc3, 0x5, 0xfb,
    0xe9, 0x8f, 0xe0, 0x5f, 0xb1, 0x0, 0x7f, 0x55,
    0xf4, 0x0, 0x3, 0xf6, 0x5f, 0x40, 0x0, 0x2f,
    0x75, 0xf4, 0x0, 0x2, 0xf7, 0x5f, 0x40, 0x0,
    0x2f, 0x75, 0xf4, 0x0, 0x2, 0xf7, 0x5f, 0x40,
    0x0, 0x2f, 0x75, 0xf4, 0x0, 0x2, 0xf7,

    /* U+0069 "i" */
    0x5e, 0x46, 0xf5, 0x1, 0x0, 0x0, 0x5f, 0x45,
    0xf4, 0x5f, 0x45, 0xf4, 0x5f, 0x45, 0xf4, 0x5f,
    0x45, 0xf4, 0x5f, 0x45, 0xf4,

    /* U+006A "j" */
    0x0, 0x5e, 0x40, 0x6, 0xf6, 0x0, 0x1, 0x0,
    0x0, 0x0, 0x0, 0x5f, 0x40, 0x5, 0xf4, 0x0,
    0x5f, 0x40, 0x5, 0xf4, 0x0, 0x5f, 0x40, 0x5,
    0xf4, 0x0, 0x5f, 0x40, 0x5, 0xf4, 0x0, 0x5f,
    0x40, 0x5, 0xf4, 0x0, 0x5f, 0x40, 0x7, 0xf3,
    0x35, 0xdf, 0x9, 0xfd, 0x40,

    /* U+006B "k" */
    0x5f, 0x40, 0x0, 0x0, 0x5, 0xf4, 0x0, 0x0,
    0x0, 0x5f, 0x40, 0x0, 0x0, 0x5, 0xf4, 0x0,
    0x0, 0x0, 0x5f, 0x40, 0x0, 0xdd, 0x15, 0xf4,
    0x0, 0xbf, 0x20, 0x5f, 0x40, 0x7f, 0x40, 0x5,
    0xf4, 0x4f, 0x70, 0x0, 0x5f, 0x6e, 0xf5, 0x0,
    0x5, 0xff, 0xcb, 0xe0, 0x0, 0x5f, 0xe1, 0x2f,
    0x90, 0x5, 0xf5, 0x0, 0x8f, 0x30, 0x5f, 0x40,
    0x0, 0xec, 0x5, 0xf4, 0x0, 0x5, 0xf7,

    /* U+006C "l" */
    0x5f, 0x40, 0x5f, 0x40, 0x5f, 0x40, 0x5f, 0x40,
    0x5f, 0x40, 0x5f, 0x40, 0x5f, 0x40, 0x5f, 0x40,
    0x5f, 0x40, 0x5f, 0x40, 0x5f, 0x40, 0x5f, 0x50,
    0x2f, 0xa0, 0xb, 0xf3,

    /* U+006D "m" */
    0x5f, 0x6, 0xcf, 0xb1, 0x6, 0xde, 0xa1, 0x5,
    0xfb, 0xd8, 0xaf, 0xb9, 0xd8, 0xaf, 0xa0, 0x5f,
    0xb0, 0x0, 0xbf, 0xa0, 0x0, 0xcf, 0x5, 0xf4,
    0x0, 0x7, 0xf3, 0x0, 0x8, 0xf1, 0x5f, 0x40,
    0x0, 0x6f, 0x30, 0x0, 0x8f, 0x25, 0xf4, 0x0,
    0x6, 0xf3, 0x0, 0x7, 0xf2, 0x5f, 0x40, 0x0,
    0x6f, 0x30, 0x0, 0x7f, 0x25, 0xf4, 0x0, 0x6,
    0xf3, 0x0, 0x7, 0xf2, 0x5f, 0x40, 0x0, 0x6f,
    0x30, 0x0, 0x7f, 0x25, 0xf4, 0x0, 0x6, 0xf3,
    0x0, 0x7, 0xf2,

    /* U+006E "n" */
    0x5f, 0x5, 0xbf, 0xc3, 0x5, 0xfa, 0xe9, 0x8f,
    0xe0, 0x5f, 0xb1, 0x0, 0x7f, 0x55, 0xf4, 0x0,
    0x3, 0xf6, 0x5f, 0x40, 0x0, 0x2f, 0x75, 0xf4,
    0x0, 0x2, 0xf7, 0x5f, 0x40, 0x0, 0x2f, 0x75,
    0xf4, 0x0, 0x2, 0xf7, 0x5f, 0x40, 0x0, 0x2f,
    0x75, 0xf4, 0x0, 0x2, 0xf7,

    /* U+006F "o" */
    0x0, 0x7, 0xcf, 0xc6, 0x0, 0x0, 0xcf, 0xa7,
    0xaf, 0xa0, 0x7, 0xf6, 0x0, 0x7, 0xf5, 0xc,
    0xe0, 0x0, 0x0, 0xeb, 0xf, 0xb0, 0x0, 0x0,
    0xce, 0xf, 0xb0, 0x0, 0x0, 0xce, 0xc, 0xd0,
    0x0, 0x0, 0xeb, 0x7, 0xf6, 0x0, 0x7, 0xf5,
    0x0, 0xcf, 0x96, 0xaf, 0xa0, 0x0, 0x7, 0xdf,
    0xc6, 0x0,

    /* U+0070 "p" */
    0x5f, 0x17, 0xce, 0xc4, 0x0, 0x5f, 0xdd, 0x88,
    0xef, 0x40, 0x5f, 0x90, 0x0, 0x1f, 0xc0, 0x5f,
    0x40, 0x0, 0xa, 0xf0, 0x5f, 0x40, 0x0, 0x8,
    0xf2, 0x5f, 0x40, 0x0, 0x9, 0xf1, 0x5f, 0x40,
    0x0, 0xc, 0xe0, 0x5f, 0x60, 0x0, 0x4f, 0x90,
    0x5f, 0xfa, 0x69, 0xfe, 0x10, 0x5f, 0x59, 0xee,
    0x91, 0x0, 0x5f, 0x40, 0x0, 0x0, 0x0, 0x5f,
    0x40, 0x0, 0x0, 0x0, 0x5f, 0x40, 0x0, 0x0,
    0x0, 0x5f, 0x40, 0x0, 0x0, 0x0,

    /* U+0071 "q" */
    0x0, 0x8, 0xde, 0xb3, 0xe7, 0x0, 0xcf, 0xa7,
    0x9f, 0xf7, 0x7, 0xf7, 0x0, 0x4, 0xf7, 0xc,
    0xe0, 0x0, 0x2, 0xf7, 0xf, 0xb0, 0x0, 0x2,
    0xf7, 0xf, 0xb0, 0x0, 0x2, 0xf7, 0xd, 0xd0,
    0x0, 0x2, 0xf7, 0x9, 0xf4, 0x0, 0x6, 0xf7,
    0x1, 0xef, 0x97, 0xbe, 0xf7, 0x0, 0x1a, 0xee,
    0x92, 0xf7, 0x0, 0x0, 0x0, 0x2, 0xf7, 0x0,
    0x0, 0x0, 0x2, 0xf7, 0x0, 0x0, 0x0, 0x2,
    0xf7, 0x0, 0x0, 0x0, 0x2, 0xf7,

    /* U+0072 "r" */
    0x5f, 0x6, 0xee, 0x5, 0xf7, 0xe8, 0x60, 0x5f,
    0xe1, 0x0, 0x5, 0xf7, 0x0, 0x0, 0x5f, 0x40,
    0x0, 0x5, 0xf4, 0x0, 0x0, 0x5f, 0x40, 0x0,
    0x5, 0xf4, 0x0, 0x0, 0x5f, 0x40, 0x0, 0x5,
    0xf4, 0x0, 0x0,

    /* U+0073 "s" */
    0x0, 0x7d, 0xfc, 0x70, 0x8, 0xf9, 0x57, 0xd3,
    0xd, 0xc0, 0x0, 0x0, 0xa, 0xf4, 0x0, 0x0,
    0x1, 0xbf, 0xd5, 0x0, 0x0, 0x3, 0xbf, 0xd1,
    0x0, 0x0, 0x3, 0xf9, 0x2, 0x0, 0x0, 0xeb,
    0x2f, 0xa6, 0x5b, 0xf5, 0x3, 0xbe, 0xfc, 0x50,

    /* U+0074 "t" */
    0x0, 0xd9, 0x0, 0x0, 0xe, 0x90, 0x0, 0x0,
    0xf9, 0x0, 0x8, 0xff, 0xff, 0xf3, 0x25, 0xfb,
    0x55, 0x10, 0xf, 0x90, 0x0, 0x0, 0xf9, 0x0,
    0x0, 0xf, 0x90, 0x0, 0x0, 0xf9, 0x0, 0x0,
    0xf, 0x90, 0x0, 0x0, 0xfb, 0x0, 0x0, 0xb,
    0xf7, 0x62, 0x0, 0x2b, 0xfd, 0x40,

    /* U+0075 "u" */
    0x7f, 0x20, 0x0, 0x5f, 0x47, 0xf2, 0x0, 0x5,
    0xf4, 0x7f, 0x20, 0x0, 0x5f, 0x47, 0xf2, 0x0,
    0x5, 0xf4, 0x7f, 0x20, 0x0, 0x5f, 0x47, 0xf2,
    0x0, 0x5, 0xf4, 0x7f, 0x30, 0x0, 0x5f, 0x45,
    0xf6, 0x0, 0x1d, 0xf4, 0xf, 0xf8, 0x9e, 0x9f,
    0x40, 0x3c, 0xfb, 0x41, 0xf4,

    /* U+0076 "v" */
    0x9f, 0x10, 0x0, 0xa, 0xf0, 0x3f, 0x60, 0x0,
    0xe, 0x90, 0xe, 0xb0, 0x0, 0x4f, 0x40, 0x8,
    0xf1, 0x0, 0x9e, 0x0, 0x2, 0xf6, 0x0, 0xe9,
    0x0, 0x0, 0xdb, 0x4, 0xf3, 0x0, 0x0, 0x7f,
    0x9, 0xe0, 0x0, 0x0, 0x1f, 0x5e, 0x80, 0x0,
    0x0, 0xc, 0xdf, 0x30, 0x0, 0x0, 0x6, 0xfd,
    0x0, 0x0,

    /* U+0077 "w" */
    0x6f, 0x40, 0x0, 0xaf, 0x30, 0x0, 0xbd, 0x1f,
    0x80, 0x0, 0xef, 0x70, 0x0, 0xf9, 0xd, 0xc0,
    0x3, 0xf9, 0xb0, 0x3, 0xf4, 0x9, 0xf0, 0x7,
    0xc5, 0xf0, 0x7, 0xf0, 0x4, 0xf4, 0xb, 0x81,
    0xf4, 0xb, 0xc0, 0x0, 0xf8, 0xf, 0x40, 0xd8,
    0xf, 0x80, 0x0, 0xbc, 0x3f, 0x0, 0x9c, 0x2f,
    0x30, 0x0, 0x7f, 0x7c, 0x0, 0x5f, 0x7f, 0x0,
    0x0, 0x3f, 0xe7, 0x0, 0x1f, 0xdb, 0x0, 0x0,
    0xe, 0xf3, 0x0, 0xc, 0xf7, 0x0,

    /* U+0078 "x" */
    0x3f, 0x90, 0x0, 0x8f, 0x20, 0x8f, 0x30, 0x1f,
    0x80, 0x0, 0xec, 0xa, 0xe0, 0x0, 0x5, 0xf8,
    0xf5, 0x0, 0x0, 0xb, 0xfb, 0x0, 0x0, 0x0,
    0xef, 0xc0, 0x0, 0x0, 0x9e, 0x4f, 0x70, 0x0,
    0x3f, 0x60, 0xaf, 0x20, 0xc, 0xd0, 0x1, 0xfb,
    0x6, 0xf4, 0x0, 0x6, 0xf5,

    /* U+0079 "y" */
    0x9f, 0x10, 0x0, 0x9, 0xf0, 0x2f, 0x70, 0x0,
    0xe, 0x90, 0xc, 0xd0, 0x0, 0x4f, 0x40, 0x5,
    0xf3, 0x0, 0x9e, 0x0, 0x0, 0xe9, 0x0, 0xe9,
    0x0, 0x0, 0x9e, 0x3, 0xf3, 0x0, 0x0, 0x2f,
    0x48, 0xe0, 0x0, 0x0, 0xc, 0xad, 0x80, 0x0,
    0x0, 0x5, 0xff, 0x30, 0x0, 0x0, 0x0, 0xfd,
    0x0, 0x0, 0x0, 0x1, 0xf7, 0x0, 0x0, 0x0,
    0x9, 0xf1, 0x0, 0x0, 0x6, 0x9f, 0x70, 0x0,
    0x0, 0x2e, 0xd7, 0x0, 0x0, 0x0,

    /* U+007A "z" */
    0xc, 0xff, 0xff, 0xfd, 0x0, 0x45, 0x55, 0x9f,
    0x70, 0x0, 0x0, 0x1e, 0xc0, 0x0, 0x0, 0xa,
    0xf2, 0x0, 0x0, 0x5, 0xf7, 0x0, 0x0, 0x1,
    0xec, 0x0, 0x0, 0x0, 0xaf, 0x20, 0x0, 0x0,
    0x4f, 0x70, 0x0, 0x0, 0x1e, 0xe5, 0x55, 0x55,
    0x5, 0xff, 0xff, 0xff, 0xf0,

    /* U+007B "{" */
    0x0, 0x2c, 0xf7, 0x0, 0x9d, 0x0, 0x0, 0xb9,
    0x0, 0x0, 0xb9, 0x0, 0x0, 0xaa, 0x0, 0x0,
    0xaa, 0x0, 0x0, 0xaa, 0x0, 0x1, 0xe7, 0x0,
    0x4f, 0xc0, 0x0, 0x4, 0xf6, 0x0, 0x0, 0xaa,
    0x0, 0x0, 0xaa, 0x0, 0x0, 0xaa, 0x0, 0x0,
    0xb9, 0x0, 0x0, 0xb9, 0x0, 0x0, 0x9d, 0x0,
    0x0, 0x2c, 0xe6,

    /* U+007C "|" */
    0x2f, 0x2f, 0x2f, 0x2f, 0x2f, 0x2f, 0x2f, 0x2f,
    0x2f, 0x2f, 0x2f, 0x2f, 0x2f, 0x2f, 0x2f, 0x2f,
    0x2f, 0x2f, 0x2f, 0x2f,

    /* U+007D "}" */
    0x5f, 0xd3, 0x0, 0x0, 0xcb, 0x0, 0x0, 0x8d,
    0x0, 0x0, 0x8d, 0x0, 0x0, 0x8c, 0x0, 0x0,
    0x9b, 0x0, 0x0, 0x8b, 0x0, 0x0, 0x6f, 0x20,
    0x0, 0xb, 0xf6, 0x0, 0x4f, 0x50, 0x0, 0x8c,
    0x0, 0x0, 0x9b, 0x0, 0x0, 0x8c, 0x0, 0x0,
    0x8d, 0x0, 0x0, 0x8d, 0x0, 0x0, 0xcb, 0x0,
    0x5e, 0xc3, 0x0,

    /* U+007E "~" */
    0x0, 0x0, 0x0, 0x0, 0x0, 0x2, 0xce, 0x80,
    0x0, 0x40, 0xd, 0x95, 0xdb, 0x26, 0xe1, 0x7,
    0x0, 0x1b, 0xff, 0x40, 0x0, 0x0, 0x0, 0x10,
    0x0,

    /* U+00B7 "·" */
    0x2a, 0xa2, 0xcf, 0xfc, 0xdf, 0xfd, 0x4e, 0xe4,

    /* U+25B2 "▲" */
    0x0, 0x0, 0x0, 0x0, 0x33, 0x0, 0x0, 0x0,
    0x0, 0x0, 0x0, 0x0, 0x0, 0xcc, 0x0, 0x0,
    0x0, 0x0, 0x0, 0x0, 0x0, 0x5, 0xff, 0x50,
    0x0, 0x0, 0x0, 0x0, 0x0, 0x0, 0xe, 0xff,
    0xe0, 0x0, 0x0, 0x0, 0x0, 0x0, 0x0, 0x8f,
    0xff, 0xf8, 0x0, 0x0, 0x0, 0x0, 0x0, 0x2,
    0xff, 0xff, 0xff, 0x20, 0x0, 0x0, 0x0, 0x0,
    0xa, 0xff, 0xff, 0xff, 0xa0, 0x0, 0x0, 0x0,
    0x0, 0x4f, 0xff, 0xff, 0xff, 0xf4, 0x0, 0x0,
    0x0, 0x0, 0xdf, 0xff, 0xff, 0xff, 0xfd, 0x0,
    0x0, 0x0, 0x6, 0xff, 0xff, 0xff, 0xff, 0xff,
    0x60, 0x0, 0x0, 0x1e, 0xff, 0xff, 0xff, 0xff,
    0xff, 0xe1, 0x0, 0x0, 0x8f, 0xff, 0xff, 0xff,
    0xff, 0xff, 0xf8, 0x0, 0x2, 0xff, 0xff, 0xff,
    0xff, 0xff, 0xff, 0xff, 0x20, 0xb, 0xff, 0xff,
    0xff, 0xff, 0xff, 0xff, 0xff, 0xb0, 0x2c, 0xcc,
    0xcc, 0xcc, 0xcc, 0xcc, 0xcc, 0xcc, 0xc2,

    /* U+25B6 "▶" */
    0x0, 0x0, 0x0, 0x0, 0x0, 0x0, 0x0, 0xc,
    0x70, 0x0, 0x0, 0x0, 0x0, 0x0, 0x0, 0xcf,
    0xe5, 0x0, 0x0, 0x0, 0x0, 0x0, 0xc, 0xff,
    0xfc, 0x30, 0x0, 0x0, 0x0, 0x0, 0xcf, 0xff,
    0xff, 0x91, 0x0, 0x0, 0x0, 0xc, 0xff, 0xff,
    0xff, 0xf7, 0x0, 0x0, 0x0, 0xcf, 0xff, 0xff,
    0xff, 0xfd, 0x40, 0x0, 0xc, 0xff, 0xff, 0xff,
    0xff, 0xff, 0xb2, 0x0, 0xcf, 0xff, 0xff, 0xff,
    0xff, 0xff, 0xf8, 0xc, 0xff, 0xff, 0xff, 0xff,
    0xff, 0xff, 0xe5, 0xcf, 0xff, 0xff, 0xff, 0xff,
    0xff, 0x91, 0xc, 0xff, 0xff, 0xff, 0xff, 0xfb,
    0x20, 0x0, 0xcf, 0xff, 0xff, 0xff, 0xd4, 0x0,
    0x0, 0xc, 0xff, 0xff, 0xff, 0x70, 0x0, 0x0,
    0x0, 0xcf, 0xff, 0xf9, 0x10, 0x0, 0x0, 0x0,
    0xc, 0xff, 0xc3, 0x0, 0x0, 0x0, 0x0, 0x0,
    0xce, 0x50, 0x0, 0x0, 0x0, 0x0, 0x0, 0x5,
    0x0, 0x0, 0x0, 0x0, 0x0, 0x0, 0x0,

    /* U+25BC "▼" */
    0x27, 0x77, 0x77, 0x77, 0x77, 0x77, 0x77, 0x77,
    0x72, 0xd, 0xff, 0xff, 0xff, 0xff, 0xff, 0xff,
    0xff, 0xd0, 0x5, 0xff, 0xff, 0xff, 0xff, 0xff,
    0xff, 0xff, 0x50, 0x0, 0xbf, 0xff, 0xff, 0xff,
    0xff, 0xff, 0xfb, 0x0, 0x0, 0x2f, 0xff, 0xff,
    0xff, 0xff, 0xff, 0xf2, 0x0, 0x0, 0x9, 0xff,
    0xff, 0xff, 0xff, 0xff, 0x90, 0x0, 0x0, 0x1,
    0xef, 0xff, 0xff, 0xff, 0xfe, 0x10, 0x0, 0x0,
    0x0, 0x6f, 0xff, 0xff, 0xff, 0xf6, 0x0, 0x0,
    0x0, 0x0, 0xd, 0xff, 0xff, 0xff, 0xd0, 0x0,
    0x0, 0x0, 0x0, 0x4, 0xff, 0xff, 0xff, 0x40,
    0x0, 0x0, 0x0, 0x0, 0x0, 0xbf, 0xff, 0xfb,
    0x0, 0x0, 0x0, 0x0, 0x0, 0x0, 0x2f, 0xff,
    0xf2, 0x0, 0x0, 0x0, 0x0, 0x0, 0x0, 0x8,
    0xff, 0x80, 0x0, 0x0, 0x0, 0x0, 0x0, 0x0,
    0x0, 0xee, 0x0, 0x0, 0x0, 0x0, 0x0, 0x0,
    0x0, 0x0, 0x66, 0x0, 0x0, 0x0, 0x0, 0x0,
    0x0, 0x0, 0x0, 0x0, 0x0, 0x0, 0x0, 0x0,

    /* U+3001 "、" */
    0x0, 0x0, 0x0, 0x0, 0x7a, 0x0, 0x0, 0x8,
    0xfb, 0x0, 0x0, 0x6, 0xfb, 0x0, 0x0, 0x7,
    0xfb, 0x0, 0x0, 0x8, 0x80, 0x0, 0x0, 0x0,
    0x0,

    /* U+4E00 "一" */
    0x3f, 0xff, 0xff, 0xff, 0xff, 0xff, 0xff, 0xff,
    0xf4, 0x18, 0x88, 0x88, 0x88, 0x88, 0x88, 0x88,
    0x88, 0x82,

    /* U+4E0B "下" */
    0xf, 0xff, 0xff, 0xff, 0xff, 0xff, 0xff, 0xff,
    0xf0, 0x6, 0x66, 0x66, 0x66, 0xf9, 0x66, 0x66,
    0x66, 0x60, 0x0, 0x0, 0x0, 0x0, 0xf5, 0x0,
    0x0, 0x0, 0x0, 0x0, 0x0, 0x0, 0x0, 0xf5,
    0x0, 0x0, 0x0, 0x0, 0x0, 0x0, 0x0, 0x0,
    0xfb, 0x30, 0x0, 0x0, 0x0, 0x0, 0x0, 0x0,
    0x0, 0xfe, 0xfb, 0x30, 0x0, 0x0, 0x0, 0x0,
    0x0, 0x0, 0xf5, 0x4d, 0xfa, 0x10, 0x0, 0x0,
    0x0, 0x0, 0x0, 0xf5, 0x0, 0x6f, 0xf6, 0x0,
    0x0, 0x0, 0x0, 0x0, 0xf5, 0x0, 0x1, 0xba,
    0x0, 0x0, 0x0, 0x0, 0x0, 0xf5, 0x0, 0x0,
    0x0, 0x0, 0x0, 0x0, 0x0, 0x0, 0xf5, 0x0,
    0x0, 0x0, 0x0, 0x0, 0x0, 0x0, 0x0, 0xf5,
    0x0, 0x0, 0x0, 0x0, 0x0, 0x0, 0x0, 0x0,
    0xf5, 0x0, 0x0, 0x0, 0x0, 0x0, 0x0, 0x0,
    0x0, 0xf5, 0x0, 0x0, 0x0, 0x0, 0x0, 0x0,
    0x0, 0x0, 0xf5, 0x0, 0x0, 0x0, 0x0,

    /* U+4E0D "不" */
    0xe, 0xff, 0xff, 0xff, 0xff, 0xff, 0xff, 0xff,
    0x90, 0x6, 0x66, 0x66, 0x66, 0x8f, 0xc6, 0x66,
    0x66, 0x40, 0x0, 0x0, 0x0, 0x0, 0xaf, 0x20,
    0x0, 0x0, 0x0, 0x0, 0x0, 0x0, 0x5, 0xf9,
    0x0, 0x0, 0x0, 0x0, 0x0, 0x0, 0x0, 0x4f,
    0xf8, 0x43, 0x0, 0x0, 0x0, 0x0, 0x0, 0x4,
    0xfb, 0xe9, 0xaf, 0x80, 0x0, 0x0, 0x0, 0x0,
    0x6f, 0xa0, 0xe8, 0x5, 0xfd, 0x20, 0x0, 0x0,
    0x9, 0xf9, 0x0, 0xe8, 0x0, 0x2c, 0xf5, 0x0,
    0x5, 0xef, 0x60, 0x0, 0xe8, 0x0, 0x0, 0xaf,
    0x80, 0x1f, 0xa1, 0x0, 0x0, 0xe8, 0x0, 0x0,
    0x9, 0x90, 0x1, 0x0, 0x0, 0x0, 0xe8, 0x0,
    0x0, 0x0, 0x0, 0x0, 0x0, 0x0, 0x0, 0xe8,
    0x0, 0x0, 0x0, 0x0, 0x0, 0x0, 0x0, 0x0,
    0xe8, 0x0, 0x0, 0x0, 0x0, 0x0, 0x0, 0x0,
    0x0, 0xe8, 0x0, 0x0, 0x0, 0x0, 0x0, 0x0,
    0x0, 0x0, 0xe8, 0x0, 0x0, 0x0, 0x0,

    /* U+4E1B "丛" */
    0x0, 0x0, 0x1d, 0x40, 0x0, 0x5, 0xc0, 0x0,
    0x0, 0x0, 0x0, 0x3f, 0x30, 0x0, 0x7, 0xf0,
    0x0, 0x0, 0x0, 0x0, 0x4f, 0x20, 0x0, 0x9,
    0xd0, 0x0, 0x0, 0x0, 0x0, 0x5f, 0x0, 0x0,
    0xa, 0xc0, 0x0, 0x0, 0x0, 0x0, 0x7f, 0x0,
    0x0, 0xc, 0xd0, 0x0, 0x0, 0x0, 0x0, 0xaf,
    0x50, 0x0, 0xf, 0xf1, 0x0, 0x0, 0x0, 0x0,
    0xdf, 0xf2, 0x0, 0x3f, 0xf5, 0x0, 0x0, 0x0,
    0x0, 0xf6, 0xdc, 0x0, 0x7f, 0x9c, 0x0, 0x0,
    0x0, 0x5, 0xf1, 0x3f, 0x60, 0xd9, 0x2f, 0x20,
    0x0, 0x0, 0xb, 0xc0, 0x9, 0xe4, 0xf3, 0xc,
    0xb0, 0x0, 0x0, 0x2f, 0x60, 0x1, 0x4c, 0xd0,
    0x5, 0xf4, 0x0, 0x0, 0xde, 0x0, 0x0, 0x9f,
    0x50, 0x0, 0xbf, 0x30, 0x9, 0xf5, 0x0, 0x7,
    0xf9, 0x0, 0x0, 0x1e, 0xd0, 0x1, 0x60, 0x0,
    0x2, 0x90, 0x0, 0x0, 0x2, 0x30, 0x6, 0x66,
    0x66, 0x66, 0x66, 0x66, 0x66, 0x66, 0x60, 0xf,
    0xff, 0xff, 0xff, 0xff, 0xff, 0xff, 0xff, 0xf0,

    /* U+4F4E "低" */
    0x0, 0x0, 0x0, 0x0, 0x0, 0x0, 0x0, 0x0,
    0x0, 0x0, 0x0, 0x7c, 0x0, 0x0, 0x0, 0x48,
    0xdc, 0x0, 0x0, 0x0, 0xe8, 0x4, 0x7a, 0xdf,
    0xfc, 0x84, 0x0, 0x0, 0x6, 0xf1, 0x3f, 0xc9,
    0x66, 0xf1, 0x0, 0x0, 0x0, 0xe, 0x90, 0x3f,
    0x0, 0x2, 0xf2, 0x0, 0x0, 0x0, 0x7f, 0x40,
    0x3f, 0x0, 0x1, 0xf3, 0x0, 0x0, 0x2, 0xff,
    0x40, 0x3f, 0x0, 0x0, 0xf4, 0x0, 0x0, 0x1d,
    0xdf, 0x40, 0x3f, 0x33, 0x33, 0xf7, 0x33, 0x30,
    0x6e, 0x2f, 0x40, 0x3f, 0xff, 0xff, 0xff, 0xff,
    0xf1, 0x3, 0xf, 0x40, 0x3f, 0x10, 0x0, 0xc9,
    0x0, 0x0, 0x0, 0xf, 0x40, 0x3f, 0x0, 0x0,
    0x9b, 0x0, 0x0, 0x0, 0xf, 0x40, 0x3f, 0x0,
    0x0, 0x7e, 0x0, 0x0, 0x0, 0xf, 0x40, 0x3f,
    0x0, 0x0, 0x3f, 0x20, 0x0, 0x0, 0xf, 0x40,
    0x3f, 0x0, 0x59, 0xe, 0x60, 0x93, 0x0, 0xf,
    0x40, 0x3f, 0x1, 0x3e, 0x3a, 0xd0, 0xd3, 0x0,
    0xf, 0x40, 0x8f, 0xdf, 0x88, 0xa1, 0xfe, 0xe0,
    0x0, 0xf, 0x40, 0xbb, 0x61, 0x2, 0x80, 0x4c,
    0x60, 0x0, 0x0, 0x0, 0x0, 0x0, 0x0, 0x0,
    0x0, 0x0,

    /* U+4F4F "住" */
    0x0, 0x0, 0x3a, 0x0, 0x2, 0xd2, 0x0, 0x0,
    0x0, 0x0, 0x0, 0xbc, 0x0, 0x0, 0xcb, 0x0,
    0x0, 0x0, 0x0, 0x3, 0xf4, 0x0, 0x0, 0x5f,
    0x20, 0x0, 0x0, 0x0, 0xb, 0xd0, 0x55, 0x55,
    0x6a, 0x65, 0x55, 0x40, 0x0, 0x5f, 0x72, 0xee,
    0xee, 0xff, 0xee, 0xee, 0xb0, 0x1, 0xef, 0x60,
    0x0, 0x0, 0x5f, 0x0, 0x0, 0x0, 0x1d, 0xef,
    0x60, 0x0, 0x0, 0x5f, 0x0, 0x0, 0x0, 0x4f,
    0x3e, 0x60, 0x0, 0x0, 0x5f, 0x0, 0x0, 0x0,
    0x2, 0xe, 0x60, 0x24, 0x44, 0x8f, 0x44, 0x44,
    0x10, 0x0, 0xe, 0x60, 0x8f, 0xff, 0xff, 0xff,
    0xff, 0x40, 0x0, 0xe, 0x60, 0x0, 0x0, 0x5f,
    0x0, 0x0, 0x0, 0x0, 0xe, 0x60, 0x0, 0x0,
    0x5f, 0x0, 0x0, 0x0, 0x0, 0xe, 0x60, 0x0,
    0x0, 0x5f, 0x0, 0x0, 0x0, 0x0, 0xe, 0x60,
    0x0, 0x0, 0x5f, 0x0, 0x0, 0x0, 0x0, 0xe,
    0x63, 0x55, 0x55, 0x9f, 0x55, 0x55, 0x50, 0x0,
    0xe, 0x69, 0xff, 0xff, 0xff, 0xff, 0xff, 0xf1,

    /* U+4F59 "余" */
    0x0, 0x0, 0x0, 0x0, 0x0, 0x0, 0x0, 0x0,
    0x0, 0x0, 0x0, 0x0, 0x0, 0x4e, 0x10, 0x0,
    0x0, 0x0, 0x0, 0x0, 0x0, 0x3, 0xff, 0x90,
    0x0, 0x0, 0x0, 0x0, 0x0, 0x0, 0x5f, 0x72,
    0xea, 0x0, 0x0, 0x0, 0x0, 0x0, 0x8, 0xf6,
    0x0, 0x2d, 0xd3, 0x0, 0x0, 0x0, 0x3, 0xde,
    0x40, 0x0, 0x0, 0xaf, 0xa2, 0x0, 0x2, 0xaf,
    0xe7, 0x66, 0x66, 0x66, 0x69, 0xcf, 0xa2, 0x1e,
    0xc4, 0x6d, 0xdd, 0xef, 0xdd, 0xdc, 0x5, 0xd6,
    0x1, 0x0, 0x0, 0x0, 0x6f, 0x0, 0x0, 0x0,
    0x0, 0x0, 0x11, 0x11, 0x11, 0x7f, 0x11, 0x11,
    0x11, 0x0, 0x1, 0xff, 0xff, 0xff, 0xff, 0xff,
    0xff, 0xff, 0xa0, 0x0, 0x22, 0x23, 0x22, 0x8f,
    0x32, 0x22, 0x22, 0x10, 0x0, 0x0, 0x6e, 0x10,
    0x6f, 0x0, 0x97, 0x0, 0x0, 0x0, 0x5, 0xf6,
    0x0, 0x6f, 0x0, 0x4f, 0xa0, 0x0, 0x0, 0x8f,
    0x70, 0x0, 0x6f, 0x0, 0x2, 0xec, 0x10, 0x7,
    0xf5, 0x0, 0x44, 0xaf, 0x0, 0x0, 0x2e, 0x90,
    0x0, 0x10, 0x0, 0xef, 0xe8, 0x0, 0x0, 0x1,
    0x0, 0x0, 0x0, 0x0, 0x0, 0x0, 0x0, 0x0,
    0x0, 0x0,

    /* U+4F5C "作" */
    0x0, 0x0, 0x0, 0x0, 0x0, 0x0, 0x0, 0x0,
    0x0, 0x0, 0x0, 0x4e, 0x10, 0xc, 0x40, 0x0,
    0x0, 0x0, 0x0, 0x0, 0xcb, 0x0, 0x6f, 0x10,
    0x0, 0x0, 0x0, 0x0, 0x4, 0xf3, 0x0, 0xdb,
    0x11, 0x11, 0x11, 0x10, 0x0, 0xc, 0xc0, 0x4,
    0xff, 0xff, 0xff, 0xff, 0xf0, 0x0, 0x6f, 0x70,
    0xc, 0xb2, 0xe8, 0x22, 0x22, 0x20, 0x2, 0xff,
    0x60, 0x7f, 0x20, 0xe7, 0x0, 0x0, 0x0, 0x1d,
    0xdf, 0x63, 0xf7, 0x0, 0xe9, 0x33, 0x33, 0x20,
    0x4f, 0x2e, 0x63, 0xa0, 0x0, 0xef, 0xff, 0xff,
    0xa0, 0x2, 0xe, 0x60, 0x0, 0x0, 0xe7, 0x0,
    0x0, 0x0, 0x0, 0xe, 0x60, 0x0, 0x0, 0xe7,
    0x0, 0x0, 0x0, 0x0, 0xe, 0x60, 0x0, 0x0,
    0xe9, 0x33, 0x33, 0x30, 0x0, 0xe, 0x60, 0x0,
    0x0, 0xef, 0xff, 0xff, 0xd0, 0x0, 0xe, 0x60,
    0x0, 0x0, 0xe7, 0x0, 0x0, 0x0, 0x0, 0xe,
    0x60, 0x0, 0x0, 0xe7, 0x0, 0x0, 0x0, 0x0,
    0xe, 0x60, 0x0, 0x0, 0xe7, 0x0, 0x0, 0x0,
    0x0, 0xe, 0x60, 0x0, 0x0, 0xe7, 0x0, 0x0,
    0x0,

    /* U+504F "偏" */
    0x0, 0x0, 0x0, 0x0, 0x0, 0x0, 0x0, 0x0,
    0x0, 0x0, 0x5, 0xd0, 0x0, 0xd, 0x80, 0x0,
    0x0, 0x0, 0x0, 0xd9, 0x22, 0x22, 0x9f, 0x32,
    0x22, 0x10, 0x0, 0x5f, 0x2d, 0xff, 0xff, 0xff,
    0xff, 0xf6, 0x0, 0xd, 0xa0, 0xd6, 0x0, 0x0,
    0x0, 0xe, 0x60, 0x7, 0xf5, 0xd, 0x70, 0x0,
    0x0, 0x0, 0xe6, 0x3, 0xff, 0x50, 0xdf, 0xff,
    0xff, 0xff, 0xff, 0x62, 0xeb, 0xe5, 0xd, 0x60,
    0x0, 0x0, 0x0, 0x0, 0x2d, 0xe, 0x50, 0xda,
    0xcc, 0xcc, 0xcc, 0xcc, 0x80, 0x0, 0xe5, 0xe,
    0xac, 0x4c, 0x64, 0xf4, 0x9a, 0x0, 0xe, 0x50,
    0xf9, 0xb0, 0xb2, 0xe, 0x6, 0xa0, 0x0, 0xe5,
    0xf, 0x7b, 0xb, 0x20, 0xe0, 0x6a, 0x0, 0xe,
    0x53, 0xf6, 0xff, 0xff, 0xff, 0xff, 0xa0, 0x0,
    0xe5, 0x5d, 0x5c, 0x1c, 0x41, 0xf1, 0x7a, 0x0,
    0xe, 0x59, 0xa5, 0xb0, 0xb2, 0xe, 0x6, 0xa0,
    0x0, 0xe5, 0xd5, 0x5b, 0xb, 0x20, 0xe1, 0x8a,
    0x0, 0xe, 0x5a, 0x15, 0xb0, 0xb2, 0xe, 0x8d,
    0x50,

    /* U+505C "停" */
    0x0, 0x0, 0x59, 0x0, 0x0, 0x89, 0x0, 0x0,
    0x0, 0x0, 0xd, 0x94, 0x44, 0x48, 0xf5, 0x44,
    0x44, 0x0, 0x5, 0xf2, 0xdd, 0xdd, 0xdd, 0xdd,
    0xdd, 0xc0, 0x0, 0xda, 0x0, 0x12, 0x22, 0x22,
    0x22, 0x0, 0x0, 0x7f, 0x30, 0xa, 0xec, 0xcc,
    0xcc, 0xf6, 0x0, 0x3f, 0xf1, 0x0, 0xa7, 0x0,
    0x0, 0xe, 0x60, 0x1e, 0xef, 0x10, 0xa, 0xed,
    0xdd, 0xdd, 0xf6, 0x2, 0xd3, 0xf1, 0x0, 0x0,
    0x0, 0x0, 0x0, 0x0, 0x0, 0x2f, 0x14, 0xff,
    0xff, 0xff, 0xff, 0xff, 0xd0, 0x2, 0xf1, 0x4e,
    0x22, 0x22, 0x22, 0x22, 0x6e, 0x0, 0x2f, 0x14,
    0xe1, 0x22, 0x22, 0x22, 0x25, 0xe0, 0x2, 0xf1,
    0x0, 0xaf, 0xff, 0xff, 0xff, 0x40, 0x0, 0x2f,
    0x10, 0x0, 0x0, 0x4f, 0x0, 0x0, 0x0, 0x2,
    0xf1, 0x0, 0x0, 0x4, 0xf0, 0x0, 0x0, 0x0,
    0x2f, 0x10, 0x0, 0x22, 0x7f, 0x0, 0x0, 0x0,
    0x2, 0xf1, 0x0, 0xa, 0xff, 0xa0, 0x0, 0x0,
    0x0, 0x0, 0x0, 0x0, 0x0, 0x0, 0x0, 0x0,
    0x0,

    /* U+5145 "充" */
    0x0, 0x0, 0x0, 0x0, 0x0, 0x0, 0x0, 0x0,
    0x0, 0x0, 0x0, 0x1, 0xe8, 0x0, 0x0, 0x0,
    0x0, 0x0, 0x0, 0x0, 0x7, 0xf2, 0x0, 0x0,
    0x0, 0x2, 0x33, 0x33, 0x33, 0x4d, 0x63, 0x33,
    0x33, 0x30, 0xbf, 0xff, 0xff, 0xff, 0xff, 0xff,
    0xff, 0xfe, 0x0, 0x11, 0x13, 0xfc, 0x11, 0x12,
    0x11, 0x11, 0x10, 0x0, 0x0, 0xce, 0x10, 0x0,
    0xdb, 0x0, 0x0, 0x0, 0x0, 0xaf, 0x30, 0x0,
    0x2, 0xec, 0x10, 0x0, 0x0, 0x9f, 0x40, 0x1,
    0x12, 0x36, 0xfd, 0x10, 0x0, 0x8f, 0xff, 0xff,
    0xff, 0xff, 0xfe, 0xfd, 0x0, 0x3, 0x87, 0x5e,
    0xb3, 0x2a, 0xd0, 0x2, 0xe4, 0x0, 0x0, 0x0,
    0xf7, 0x0, 0x9c, 0x0, 0x0, 0x0, 0x0, 0x0,
    0x3f, 0x40, 0x9, 0xc0, 0x0, 0x0, 0x0, 0x0,
    0xb, 0xe0, 0x0, 0x9c, 0x0, 0x0, 0xd2, 0x0,
    0x8, 0xf6, 0x0, 0x9, 0xc0, 0x0, 0x1f, 0x30,
    0x3b, 0xf7, 0x0, 0x0, 0x9e, 0x54, 0x48, 0xf1,
    0xaf, 0xd5, 0x0, 0x0, 0x3, 0xdf, 0xff, 0xf8,
    0x1, 0x30, 0x0, 0x0, 0x0, 0x0, 0x0, 0x0,
    0x0,

    /* U+5165 "入" */
    0x0, 0x0, 0x1, 0x60, 0x0, 0x0, 0x0, 0x0,
    0x0, 0x0, 0x0, 0x6, 0xf8, 0x0, 0x0, 0x0,
    0x0, 0x0, 0x0, 0x0, 0x0, 0x6f, 0x70, 0x0,
    0x0, 0x0, 0x0, 0x0, 0x0, 0x0, 0x8, 0xf4,
    0x0, 0x0, 0x0, 0x0, 0x0, 0x0, 0x0, 0x0,
    0xed, 0x0, 0x0, 0x0, 0x0, 0x0, 0x0, 0x0,
    0x2, 0xff, 0x70, 0x0, 0x0, 0x0, 0x0, 0x0,
    0x0, 0x7, 0xfb, 0xe1, 0x0, 0x0, 0x0, 0x0,
    0x0, 0x0, 0xc, 0xd1, 0xf8, 0x0, 0x0, 0x0,
    0x0, 0x0, 0x0, 0x3f, 0x70, 0x7f, 0x20, 0x0,
    0x0, 0x0, 0x0, 0x0, 0xbf, 0x10, 0xe, 0xb0,
    0x0, 0x0, 0x0, 0x0, 0x3, 0xf7, 0x0, 0x7,
    0xf4, 0x0, 0x0, 0x0, 0x0, 0x1d, 0xd0, 0x0,
    0x0, 0xed, 0x0, 0x0, 0x0, 0x0, 0xcf, 0x40,
    0x0, 0x0, 0x3f, 0xb0, 0x0, 0x0, 0x1b, 0xf5,
    0x0, 0x0, 0x0, 0x7, 0xfa, 0x0, 0x4, 0xef,
    0x60, 0x0, 0x0, 0x0, 0x0, 0x9f, 0xd2, 0xd,
    0xe3, 0x0, 0x0, 0x0, 0x0, 0x0, 0x5, 0xe1,
    0x1, 0x10, 0x0, 0x0, 0x0, 0x0, 0x0, 0x0,
    0x0,

    /* U+5173 "关" */
    0x0, 0x0, 0x0, 0x0, 0x0, 0x0, 0x0, 0x0,
    0x0, 0x0, 0x0, 0x78, 0x0, 0x0, 0x0, 0x5d,
    0x10, 0x0, 0x0, 0x0, 0x4f, 0x40, 0x0, 0x0,
    0xdb, 0x0, 0x0, 0x0, 0x0, 0xa, 0xd0, 0x0,
    0x6, 0xf2, 0x0, 0x0, 0x0, 0x24, 0x47, 0xb4,
    0x44, 0x4e, 0xb4, 0x44, 0x0, 0x0, 0x9f, 0xff,
    0xff, 0xff, 0xff, 0xff, 0xff, 0x0, 0x0, 0x0,
    0x0, 0x0, 0xae, 0x0, 0x0, 0x0, 0x0, 0x0,
    0x0, 0x0, 0x0, 0x9e, 0x0, 0x0, 0x0, 0x0,
    0x0, 0x0, 0x0, 0x0, 0x9e, 0x0, 0x0, 0x0,
    0x0, 0xa, 0xff, 0xff, 0xff, 0xff, 0xff, 0xff,
    0xff, 0xe0, 0x4, 0x55, 0x55, 0x56, 0xff, 0xa5,
    0x55, 0x55, 0x50, 0x0, 0x0, 0x0, 0x6, 0xfc,
    0xe1, 0x0, 0x0, 0x0, 0x0, 0x0, 0x0, 0x3f,
    0xc0, 0xdb, 0x0, 0x0, 0x0, 0x0, 0x0, 0x4,
    0xee, 0x10, 0x3f, 0xb0, 0x0, 0x0, 0x0, 0x1,
    0x9f, 0xd2, 0x0, 0x3, 0xfe, 0x50, 0x0, 0x2,
    0x9f, 0xf8, 0x0, 0x0, 0x0, 0x2c, 0xfd, 0x81,
    0xa, 0xe8, 0x10, 0x0, 0x0, 0x0, 0x0, 0x5b,
    0xd0, 0x0, 0x0, 0x0, 0x0, 0x0, 0x0, 0x0,
    0x0, 0x0,

    /* U+5206 "分" */
    0x0, 0x0, 0x4, 0x91, 0x0, 0x8, 0x40, 0x0,
    0x0, 0x0, 0x0, 0xc, 0xc0, 0x0, 0xb, 0xc0,
    0x0, 0x0, 0x0, 0x0, 0x4f, 0x40, 0x0, 0x2,
    0xf6, 0x0, 0x0, 0x0, 0x0, 0xdc, 0x0, 0x0,
    0x0, 0x8f, 0x20, 0x0, 0x0, 0x9, 0xf2, 0x0,
    0x0, 0x0, 0xc, 0xd1, 0x0, 0x0, 0x7f, 0x50,
    0x0, 0x0, 0x0, 0x2, 0xec, 0x10, 0x8, 0xfc,
    0x44, 0x44, 0x44, 0x44, 0x44, 0x7f, 0xd1, 0xa,
    0x9a, 0xff, 0xff, 0xff, 0xff, 0xff, 0x94, 0x90,
    0x0, 0x0, 0x0, 0x4f, 0x20, 0x0, 0xe, 0x80,
    0x0, 0x0, 0x0, 0x0, 0x7e, 0x0, 0x0, 0xe,
    0x70, 0x0, 0x0, 0x0, 0x0, 0xcb, 0x0, 0x0,
    0xf, 0x60, 0x0, 0x0, 0x0, 0x4, 0xf4, 0x0,
    0x0, 0x1f, 0x50, 0x0, 0x0, 0x0, 0x1d, 0xc0,
    0x0, 0x0, 0x3f, 0x30, 0x0, 0x0, 0x1, 0xde,
    0x20, 0x0, 0x0, 0x6f, 0x10, 0x0, 0x1, 0x7e,
    0xe2, 0x0, 0x15, 0x45, 0xcd, 0x0, 0x0, 0x8,
    0xf9, 0x10, 0x0, 0xe, 0xff, 0xe4, 0x0, 0x0,
    0x0, 0x10, 0x0, 0x0, 0x0, 0x0, 0x0, 0x0,
    0x0,

    /* U+5230 "到" */
    0x0, 0x0, 0x0, 0x0, 0x0, 0x0, 0x0, 0x0,
    0x0, 0x22, 0x22, 0x22, 0x22, 0x20, 0x0, 0x1,
    0xf3, 0xe, 0xff, 0xff, 0xff, 0xff, 0x5b, 0x40,
    0x1f, 0x30, 0x0, 0x5f, 0x20, 0x30, 0x0, 0xe5,
    0x1, 0xf3, 0x0, 0xd, 0x80, 0x2f, 0x40, 0xe,
    0x50, 0x1f, 0x30, 0x6, 0xd0, 0x0, 0x6e, 0x10,
    0xe5, 0x1, 0xf3, 0x3, 0xfd, 0xbc, 0xdf, 0xfb,
    0xe, 0x50, 0x1f, 0x30, 0x2b, 0x97, 0x64, 0x22,
    0xe1, 0xe5, 0x1, 0xf3, 0x0, 0x0, 0xc, 0x50,
    0x0, 0xe, 0x50, 0x1f, 0x30, 0x0, 0x0, 0xe5,
    0x0, 0x0, 0xe5, 0x1, 0xf3, 0x6, 0xee, 0xef,
    0xfe, 0xee, 0xe, 0x50, 0x1f, 0x30, 0x14, 0x44,
    0xe8, 0x44, 0x40, 0xe5, 0x1, 0xf3, 0x0, 0x0,
    0xe, 0x50, 0x0, 0xe, 0x50, 0x1f, 0x30, 0x0,
    0x0, 0xe5, 0x4, 0x71, 0x10, 0x1, 0xf3, 0x0,
    0x14, 0x7f, 0xef, 0xfd, 0x20, 0x0, 0x1f, 0x30,
    0xef, 0xfd, 0xa7, 0x30, 0x0, 0x5, 0x46, 0xf2,
    0x5, 0x30, 0x0, 0x0, 0x0, 0x0, 0xcf, 0xea,
    0x0, 0x0, 0x0, 0x0, 0x0, 0x0, 0x0, 0x0,
    0x0,

    /* U+524D "前" */
    0x0, 0x0, 0x0, 0x0, 0x0, 0x0, 0x1, 0x0,
    0x0, 0x0, 0x0, 0xe8, 0x0, 0x0, 0x0, 0x5f,
    0x30, 0x0, 0x0, 0x0, 0x5f, 0x30, 0x0, 0x0,
    0xda, 0x0, 0x0, 0x4, 0x44, 0x4d, 0xa4, 0x44,
    0x49, 0xf5, 0x44, 0x40, 0xf, 0xff, 0xff, 0xff,
    0xff, 0xff, 0xff, 0xff, 0xf0, 0x0, 0x0, 0x0,
    0x0, 0x0, 0x0, 0x0, 0x0, 0x0, 0x0, 0x56,
    0x66, 0x66, 0x40, 0x3, 0x0, 0x5a, 0x0, 0x0,
    0xed, 0xbb, 0xbe, 0xa0, 0x1f, 0x10, 0x7d, 0x0,
    0x0, 0xe5, 0x0, 0xa, 0xa0, 0x1f, 0x10, 0x7d,
    0x0, 0x0, 0xea, 0x77, 0x7d, 0xa0, 0x1f, 0x10,
    0x7d, 0x0, 0x0, 0xeb, 0x99, 0x9d, 0xa0, 0x1f,
    0x10, 0x7d, 0x0, 0x0, 0xe5, 0x0, 0xa, 0xa0,
    0x1f, 0x10, 0x7d, 0x0, 0x0, 0xeb, 0x99, 0x9d,
    0xa0, 0x1f, 0x10, 0x7d, 0x0, 0x0, 0xea, 0x77,
    0x7c, 0xa0, 0x1f, 0x10, 0x7d, 0x0, 0x0, 0xe5,
    0x0, 0xa, 0xa0, 0x1, 0x0, 0x7d, 0x0, 0x0,
    0xe5, 0x2, 0x2c, 0xa0, 0x0, 0x44, 0xad, 0x0,
    0x0, 0xe5, 0xa, 0xfd, 0x50, 0x0, 0xef, 0xd6,
    0x0, 0x0, 0x0, 0x0, 0x0, 0x0, 0x0, 0x0,
    0x0, 0x0,

    /* U+52A8 "动" */
    0x0, 0x0, 0x0, 0x0, 0x0, 0x3, 0xc0, 0x0,
    0x0, 0x5, 0xdd, 0xdd, 0xdd, 0x70, 0x4, 0xf0,
    0x0, 0x0, 0x2, 0x55, 0x55, 0x55, 0x30, 0x4,
    0xf0, 0x0, 0x0, 0x0, 0x0, 0x0, 0x0, 0x0,
    0x5, 0xf1, 0x0, 0x0, 0x0, 0x0, 0x0, 0x0,
    0xd, 0xff, 0xff, 0xff, 0xf0, 0x4, 0x44, 0x44,
    0x44, 0x45, 0x6a, 0xf6, 0x69, 0xf0, 0xf, 0xff,
    0xff, 0xff, 0xd0, 0x7, 0xd0, 0x6, 0xf0, 0x0,
    0xb, 0xa0, 0x0, 0x0, 0x8, 0xc0, 0x6, 0xe0,
    0x0, 0xf, 0x50, 0x43, 0x0, 0xa, 0xa0, 0x7,
    0xd0, 0x0, 0x4f, 0x10, 0x7c, 0x0, 0xe, 0x70,
    0x8, 0xc0, 0x0, 0x9b, 0x0, 0x1f, 0x30, 0x1f,
    0x40, 0x9, 0xb0, 0x0, 0xe5, 0x3, 0x6e, 0x90,
    0x7f, 0x0, 0xa, 0xa0, 0x8, 0xfd, 0xff, 0xca,
    0xe0, 0xd9, 0x0, 0xc, 0x90, 0x9, 0xb7, 0x30,
    0x0, 0x87, 0xf3, 0x0, 0xe, 0x70, 0x0, 0x0,
    0x0, 0x0, 0x3f, 0xa1, 0x54, 0x8f, 0x30, 0x0,
    0x0, 0x0, 0x0, 0x6d, 0x0, 0xef, 0xf9, 0x0,
    0x0, 0x0, 0x0, 0x0, 0x0, 0x0, 0x0, 0x0,
    0x0,

    /* U+5300 "匀" */
    0x0, 0x0, 0x0, 0x0, 0x0, 0x0, 0x0, 0x0,
    0x0, 0x0, 0x0, 0xba, 0x0, 0x0, 0x0, 0x0,
    0x0, 0x0, 0x0, 0x2f, 0x50, 0x0, 0x0, 0x0,
    0x0, 0x0, 0x0, 0xa, 0xf2, 0x22, 0x22, 0x22,
    0x22, 0x20, 0x0, 0x3, 0xff, 0xff, 0xff, 0xff,
    0xff, 0xff, 0x20, 0x0, 0xdc, 0x32, 0x22, 0x22,
    0x22, 0x26, 0xf2, 0x0, 0x9f, 0x20, 0x0, 0x0,
    0x0, 0x0, 0x4f, 0x10, 0x7f, 0x62, 0xe7, 0x0,
    0x0, 0x0, 0x4, 0xf1, 0x2f, 0x80, 0x6, 0xed,
    0x40, 0x0, 0x0, 0x5f, 0x0, 0x30, 0x0, 0x1,
    0xaf, 0x80, 0x0, 0x6, 0xf0, 0x0, 0x0, 0x0,
    0x0, 0x42, 0x0, 0x0, 0x7e, 0x0, 0x0, 0x0,
    0x0, 0x0, 0x49, 0xa0, 0x8, 0xd0, 0x0, 0x0,
    0x1, 0x5a, 0xff, 0xb5, 0x0, 0xac, 0x0, 0x1,
    0x6b, 0xff, 0xb5, 0x0, 0x0, 0xc, 0xa0, 0x0,
    0x4f, 0xb6, 0x10, 0x0, 0x0, 0x0, 0xf7, 0x0,
    0x0, 0x0, 0x0, 0x0, 0x55, 0x54, 0xaf, 0x20,
    0x0, 0x0, 0x0, 0x0, 0x8, 0xff, 0xfe, 0x70,
    0x0, 0x0, 0x0, 0x0, 0x0, 0x0, 0x0, 0x0,
    0x0,

    /* U+5355 "单" */
    0x0, 0x0, 0x0, 0x0, 0x0, 0x0, 0x0, 0x0,
    0x0, 0x0, 0x0, 0x6c, 0x0, 0x0, 0x0, 0x8c,
    0x0, 0x0, 0x0, 0x0, 0x1e, 0x90, 0x0, 0x1,
    0xf7, 0x0, 0x0, 0x0, 0x0, 0x5, 0xf1, 0x0,
    0xb, 0xc0, 0x0, 0x0, 0x0, 0x5f, 0xff, 0xff,
    0xff, 0xff, 0xff, 0xf7, 0x0, 0x0, 0x5f, 0x22,
    0x22, 0xcb, 0x22, 0x22, 0xe7, 0x0, 0x0, 0x5f,
    0x0, 0x0, 0xba, 0x0, 0x0, 0xd7, 0x0, 0x0,
    0x5f, 0xff, 0xff, 0xff, 0xff, 0xff, 0xf7, 0x0,
    0x0, 0x5f, 0x22, 0x22, 0xcb, 0x22, 0x22, 0xe7,
    0x0, 0x0, 0x5f, 0x0, 0x0, 0xba, 0x0, 0x0,
    0xd7, 0x0, 0x0, 0x5f, 0xff, 0xff, 0xff, 0xff,
    0xff, 0xf7, 0x0, 0x0, 0x13, 0x33, 0x33, 0xcb,
    0x33, 0x33, 0x31, 0x0, 0x0, 0x0, 0x0, 0x0,
    0xca, 0x0, 0x0, 0x0, 0x0, 0xf, 0xff, 0xff,
    0xff, 0xff, 0xff, 0xff, 0xff, 0xf1, 0x3, 0x33,
    0x33, 0x33, 0xcb, 0x33, 0x33, 0x33, 0x30, 0x0,
    0x0, 0x0, 0x0, 0xba, 0x0, 0x0, 0x0, 0x0,
    0x0, 0x0, 0x0, 0x0, 0xba, 0x0, 0x0, 0x0,
    0x0,

    /* U+5373 "即" */
    0x2, 0x22, 0x22, 0x22, 0x0, 0x0, 0x0, 0x0,
    0xf, 0xff, 0xff, 0xfe, 0x6, 0xff, 0xff, 0xf6,
    0xf, 0x50, 0x0, 0x7e, 0x6, 0xf3, 0x33, 0xf6,
    0xf, 0x40, 0x0, 0x6e, 0x6, 0xe0, 0x0, 0xe6,
    0xf, 0x96, 0x66, 0xae, 0x6, 0xe0, 0x0, 0xe6,
    0xf, 0xed, 0xdd, 0xee, 0x6, 0xe0, 0x0, 0xe6,
    0xf, 0x40, 0x0, 0x6e, 0x6, 0xe0, 0x0, 0xe6,
    0xf, 0x40, 0x0, 0x6e, 0x6, 0xe0, 0x0, 0xe6,
    0xf, 0xff, 0xff, 0xfe, 0x6, 0xe0, 0x0, 0xe6,
    0xf, 0x74, 0x44, 0x43, 0x6, 0xe0, 0x0, 0xe6,
    0xf, 0x40, 0x19, 0x10, 0x6, 0xe0, 0x0, 0xe6,
    0xf, 0x40, 0xd, 0xa0, 0x6, 0xe0, 0x56, 0xf5,
    0xf, 0x40, 0x8, 0xf4, 0x6, 0xe0, 0xde, 0xb1,
    0x2f, 0x9a, 0xfe, 0xdc, 0x6, 0xe0, 0x0, 0x0,
    0xaf, 0xd8, 0x30, 0x3f, 0x36, 0xe0, 0x0, 0x0,
    0x23, 0x0, 0x0, 0x1, 0x6, 0xe0, 0x0, 0x0,

    /* U+53D6 "取" */
    0x4, 0x44, 0x44, 0x44, 0x40, 0x0, 0x0, 0x0,
    0x0, 0x2e, 0xff, 0xee, 0xff, 0xe2, 0x11, 0x11,
    0x11, 0x0, 0x0, 0xe5, 0x0, 0x9b, 0xe, 0xff,
    0xff, 0xff, 0xa0, 0x0, 0xe5, 0x0, 0x9b, 0x2,
    0xe6, 0x22, 0x2d, 0x70, 0x0, 0xe8, 0x44, 0xbb,
    0x0, 0xb7, 0x0, 0xf, 0x40, 0x0, 0xee, 0xdd,
    0xfb, 0x0, 0x7b, 0x0, 0x4f, 0x10, 0x0, 0xe5,
    0x0, 0x9b, 0x0, 0x4e, 0x0, 0x8c, 0x0, 0x0,
    0xe5, 0x0, 0x9b, 0x0, 0xf, 0x30, 0xd7, 0x0,
    0x0, 0xef, 0xff, 0xfb, 0x0, 0xa, 0x94, 0xf1,
    0x0, 0x0, 0xe8, 0x33, 0xbb, 0x0, 0x4, 0xfb,
    0xa0, 0x0, 0x0, 0xe5, 0x0, 0x9b, 0x0, 0x0,
    0xef, 0x30, 0x0, 0x0, 0xe6, 0x25, 0xce, 0xc3,
    0x0, 0xdf, 0x10, 0x0, 0x2b, 0xff, 0xfd, 0xed,
    0x51, 0xa, 0xed, 0xc0, 0x0, 0x8, 0x53, 0x0,
    0x9b, 0x0, 0x7f, 0x32, 0xfa, 0x0, 0x0, 0x0,
    0x0, 0x9b, 0xa, 0xf5, 0x0, 0x4f, 0xc1, 0x0,
    0x0, 0x0, 0x9b, 0x1c, 0x30, 0x0, 0x3, 0xb0,
    0x0, 0x0, 0x0, 0x0, 0x0, 0x0, 0x0, 0x0,
    0x0,

    /* U+53EF "可" */
    0xff, 0xff, 0xff, 0xff, 0xff, 0xff, 0xff, 0xff,
    0x6, 0x66, 0x66, 0x66, 0x66, 0x66, 0x6b, 0xe6,
    0x60, 0x0, 0x0, 0x0, 0x0, 0x0, 0x0, 0x8d,
    0x0, 0x0, 0x0, 0x0, 0x0, 0x0, 0x0, 0x8,
    0xd0, 0x0, 0x2, 0xff, 0xff, 0xff, 0xf3, 0x0,
    0x8d, 0x0, 0x0, 0x2f, 0x75, 0x55, 0x6f, 0x30,
    0x8, 0xd0, 0x0, 0x2, 0xf2, 0x0, 0x1, 0xf3,
    0x0, 0x8d, 0x0, 0x0, 0x2f, 0x20, 0x0, 0x1f,
    0x30, 0x8, 0xd0, 0x0, 0x2, 0xf2, 0x0, 0x1,
    0xf3, 0x0, 0x8d, 0x0, 0x0, 0x2f, 0x75, 0x55,
    0x6f, 0x30, 0x8, 0xd0, 0x0, 0x2, 0xff, 0xff,
    0xff, 0xf3, 0x0, 0x8d, 0x0, 0x0, 0x2f, 0x20,
    0x0, 0x0, 0x0, 0x8, 0xd0, 0x0, 0x0, 0x30,
    0x0, 0x0, 0x0, 0x0, 0x8d, 0x0, 0x0, 0x0,
    0x0, 0x0, 0x2, 0x76, 0x6c, 0xc0, 0x0, 0x0,
    0x0, 0x0, 0x0, 0x1f, 0xff, 0xc4, 0x0, 0x0,

    /* U+53F0 "台" */
    0x0, 0x0, 0x0, 0x0, 0x0, 0x0, 0x0, 0x0,
    0x0, 0x0, 0x2, 0xd4, 0x0, 0x0, 0x0, 0x0,
    0x0, 0x0, 0xc, 0xd0, 0x0, 0x0, 0x0, 0x0,
    0x0, 0x0, 0x9f, 0x20, 0x2, 0xb2, 0x0, 0x0,
    0x0, 0x6, 0xf4, 0x0, 0x0, 0xbe, 0x20, 0x0,
    0x0, 0x4f, 0x50, 0x0, 0x0, 0xb, 0xe2, 0x0,
    0x5, 0xf8, 0x23, 0x45, 0x56, 0x78, 0xfe, 0x10,
    0x2f, 0xff, 0xff, 0xff, 0xed, 0xcb, 0xae, 0xc0,
    0x5, 0x42, 0x11, 0x0, 0x0, 0x0, 0x3, 0xd2,
    0x0, 0x22, 0x22, 0x22, 0x22, 0x22, 0x21, 0x0,
    0x0, 0xef, 0xff, 0xff, 0xff, 0xff, 0xf8, 0x0,
    0x0, 0xe8, 0x22, 0x22, 0x22, 0x22, 0xe8, 0x0,
    0x0, 0xe7, 0x0, 0x0, 0x0, 0x0, 0xe8, 0x0,
    0x0, 0xe7, 0x0, 0x0, 0x0, 0x0, 0xe8, 0x0,
    0x0, 0xe7, 0x0, 0x0, 0x0, 0x0, 0xe8, 0x0,
    0x0, 0xef, 0xff, 0xff, 0xff, 0xff, 0xf8, 0x0,
    0x0, 0xea, 0x55, 0x55, 0x55, 0x55, 0xe7, 0x0,

    /* U+5404 "各" */
    0x0, 0x0, 0x0, 0x10, 0x0, 0x0, 0x0, 0x0,
    0x0, 0x0, 0x0, 0x0, 0xcb, 0x0, 0x0, 0x0,
    0x0, 0x0, 0x0, 0x0, 0x8, 0xf6, 0x33, 0x33,
    0x33, 0x0, 0x0, 0x0, 0x0, 0x7f, 0xff, 0xff,
    0xff, 0xff, 0x80, 0x0, 0x0, 0x8, 0xff, 0x30,
    0x0, 0x1, 0xdc, 0x0, 0x0, 0x2, 0xbe, 0x47,
    0xf4, 0x0, 0x2d, 0xd1, 0x0, 0x0, 0xa, 0xd2,
    0x0, 0x6f, 0x86, 0xfb, 0x10, 0x0, 0x0, 0x0,
    0x0, 0x0, 0x8, 0xff, 0xb0, 0x0, 0x0, 0x0,
    0x0, 0x0, 0x5, 0xcf, 0xb9, 0xfd, 0x60, 0x0,
    0x0, 0x0, 0x49, 0xef, 0xa2, 0x0, 0x19, 0xfe,
    0xa5, 0x10, 0x3f, 0xfc, 0x71, 0x0, 0x0, 0x0,
    0x17, 0xcf, 0xf2, 0x5, 0x15, 0xff, 0xff, 0xff,
    0xff, 0xff, 0x51, 0x30, 0x0, 0x5, 0xf3, 0x33,
    0x33, 0x33, 0x4f, 0x50, 0x0, 0x0, 0x5, 0xf0,
    0x0, 0x0, 0x0, 0x1f, 0x50, 0x0, 0x0, 0x5,
    0xf0, 0x0, 0x0, 0x0, 0x1f, 0x50, 0x0, 0x0,
    0x5, 0xf5, 0x55, 0x55, 0x55, 0x6f, 0x50, 0x0,
    0x0, 0x5, 0xfe, 0xee, 0xee, 0xee, 0xee, 0x40,
    0x0,

    /* U+540E "后" */
    0x0, 0x0, 0x0, 0x0, 0x0, 0x0, 0x0, 0x10,
    0x0, 0x0, 0x0, 0x0, 0x1, 0x34, 0x79, 0xbe,
    0xf8, 0x0, 0x0, 0x3c, 0xdf, 0xff, 0xfe, 0xdb,
    0x86, 0x30, 0x0, 0x0, 0x4f, 0x74, 0x31, 0x0,
    0x0, 0x0, 0x0, 0x0, 0x0, 0x4f, 0x10, 0x0,
    0x0, 0x0, 0x0, 0x0, 0x0, 0x0, 0x4f, 0x32,
    0x22, 0x22, 0x22, 0x22, 0x22, 0x20, 0x0, 0x4f,
    0xff, 0xff, 0xff, 0xff, 0xff, 0xff, 0xf2, 0x0,
    0x4f, 0x32, 0x22, 0x22, 0x22, 0x22, 0x22, 0x20,
    0x0, 0x5f, 0x0, 0x0, 0x0, 0x0, 0x0, 0x0,
    0x0, 0x0, 0x6f, 0x1, 0x44, 0x44, 0x44, 0x44,
    0x43, 0x0, 0x0, 0x7e, 0x6, 0xff, 0xff, 0xff,
    0xff, 0xfe, 0x0, 0x0, 0x9c, 0x6, 0xf0, 0x0,
    0x0, 0x0, 0x7e, 0x0, 0x0, 0xd9, 0x6, 0xf0,
    0x0, 0x0, 0x0, 0x7e, 0x0, 0x1, 0xf5, 0x6,
    0xf0, 0x0, 0x0, 0x0, 0x7e, 0x0, 0x7, 0xf1,
    0x6, 0xf0, 0x0, 0x0, 0x0, 0x7e, 0x0, 0x1e,
    0x90, 0x6, 0xff, 0xff, 0xff, 0xff, 0xfe, 0x0,
    0x2e, 0x10, 0x6, 0xf4, 0x44, 0x44, 0x44, 0xae,
    0x0, 0x0, 0x0, 0x0, 0x0, 0x0, 0x0, 0x0,
    0x0, 0x0,

    /* U+5438 "吸" */
    0x34, 0x44, 0x46, 0xdd, 0xdd, 0xdd, 0xd6, 0x0,
    0xc, 0xff, 0xfe, 0x36, 0xcc, 0x66, 0x7f, 0x30,
    0x0, 0xc5, 0x4, 0xe0, 0xb, 0x80, 0x5, 0xe0,
    0x0, 0xc, 0x50, 0x4e, 0x0, 0xc7, 0x0, 0x9a,
    0x0, 0x0, 0xc5, 0x4, 0xe0, 0xd, 0x60, 0xe,
    0x60, 0x0, 0xc, 0x50, 0x4e, 0x0, 0xe8, 0x3,
    0xff, 0xff, 0x30, 0xc5, 0x4, 0xe0, 0x1f, 0xe0,
    0x2, 0x27, 0xf0, 0xc, 0x50, 0x4e, 0x3, 0xff,
    0x40, 0x0, 0xaa, 0x0, 0xc5, 0x4, 0xe0, 0x6d,
    0x9b, 0x0, 0xf, 0x50, 0xc, 0x96, 0x8e, 0x9,
    0xa1, 0xf6, 0x8, 0xd0, 0x0, 0xce, 0xdd, 0xc0,
    0xf6, 0x8, 0xf3, 0xf4, 0x0, 0xc, 0x50, 0x0,
    0x5f, 0x10, 0xc, 0xfb, 0x0, 0x0, 0x62, 0x0,
    0xc, 0xb0, 0x1, 0xcf, 0xd2, 0x0, 0x0, 0x0,
    0x7, 0xf3, 0x3, 0xdd, 0x4c, 0xf6, 0x0, 0x0,
    0x2, 0xf9, 0x7, 0xfb, 0x10, 0x9, 0xfd, 0x0,
    0x0, 0x5, 0x0, 0x14, 0x0, 0x0, 0x2, 0x30,

    /* U+547C "呼" */
    0x0, 0x0, 0x0, 0x0, 0x0, 0x2, 0x59, 0x80,
    0x3, 0x33, 0x31, 0x48, 0xac, 0xef, 0xfe, 0xb8,
    0x10, 0xdf, 0xff, 0x43, 0x98, 0x76, 0xf4, 0x0,
    0x0, 0xd, 0x50, 0xe4, 0x6, 0x20, 0x1f, 0x30,
    0x2b, 0x20, 0xd5, 0xe, 0x40, 0xb9, 0x1, 0xf3,
    0x7, 0xe0, 0xd, 0x50, 0xe4, 0x5, 0xf0, 0x1f,
    0x30, 0xc8, 0x0, 0xd5, 0xe, 0x40, 0xf, 0x41,
    0xf3, 0x3f, 0x10, 0xd, 0x50, 0xe4, 0x0, 0xa4,
    0x1f, 0x37, 0x90, 0x0, 0xd5, 0xe, 0x45, 0x77,
    0x78, 0xf9, 0x77, 0x77, 0xd, 0x50, 0xe4, 0x9c,
    0xcc, 0xdf, 0xdc, 0xcc, 0xc0, 0xdf, 0xff, 0x40,
    0x0, 0x1, 0xf3, 0x0, 0x0, 0xd, 0x84, 0x41,
    0x0, 0x0, 0x1f, 0x30, 0x0, 0x0, 0xd5, 0x0,
    0x0, 0x0, 0x1, 0xf3, 0x0, 0x0, 0x1, 0x0,
    0x0, 0x0, 0x0, 0x1f, 0x30, 0x0, 0x0, 0x0,
    0x0, 0x0, 0x4, 0x46, 0xf2, 0x0, 0x0, 0x0,
    0x0, 0x0, 0x0, 0xbf, 0xea, 0x0, 0x0, 0x0,
    0x0, 0x0, 0x0, 0x0, 0x0, 0x0, 0x0, 0x0,
    0x0,

    /* U+548C "和" */
    0x0, 0x0, 0x2, 0x6b, 0x30, 0x0, 0x0, 0x0,
    0x0, 0x59, 0xbe, 0xfd, 0x83, 0x25, 0x55, 0x55,
    0x51, 0x7, 0x96, 0xbc, 0x0, 0x7, 0xff, 0xff,
    0xff, 0x30, 0x0, 0x8, 0xc0, 0x0, 0x7d, 0x0,
    0x1, 0xf3, 0x0, 0x0, 0x8c, 0x0, 0x7, 0xd0,
    0x0, 0x1f, 0x31, 0xff, 0xff, 0xff, 0xfe, 0x7d,
    0x0, 0x1, 0xf3, 0x4, 0x45, 0xfd, 0x44, 0x47,
    0xd0, 0x0, 0x1f, 0x30, 0x0, 0x7f, 0xf6, 0x0,
    0x7d, 0x0, 0x1, 0xf3, 0x0, 0xe, 0xee, 0xf4,
    0x7, 0xd0, 0x0, 0x1f, 0x30, 0x6, 0xd8, 0xc6,
    0xe2, 0x7d, 0x0, 0x1, 0xf3, 0x1, 0xe6, 0x8c,
    0xb, 0x97, 0xd0, 0x0, 0x1f, 0x30, 0xad, 0x8,
    0xc0, 0x11, 0x7d, 0x0, 0x1, 0xf3, 0x5f, 0x40,
    0x8c, 0x0, 0x7, 0xe2, 0x22, 0x3f, 0x31, 0x60,
    0x8, 0xc0, 0x0, 0x7f, 0xff, 0xff, 0xf3, 0x0,
    0x0, 0x8c, 0x0, 0x7, 0xe2, 0x22, 0x3f, 0x30,
    0x0, 0x8, 0xc0, 0x0, 0x5a, 0x0, 0x1, 0x92,

    /* U+5495 "咕" */
    0x0, 0x0, 0x0, 0x0, 0x0, 0x0, 0x0, 0x0,
    0x0, 0x0, 0x0, 0x0, 0x0, 0xb, 0xa0, 0x0,
    0x0, 0x22, 0x22, 0x20, 0x0, 0x0, 0xba, 0x0,
    0x0, 0xe, 0xff, 0xff, 0x50, 0x0, 0xb, 0xa0,
    0x0, 0x0, 0xe6, 0x11, 0xe5, 0x23, 0x33, 0xcb,
    0x33, 0x33, 0xe, 0x50, 0xe, 0x5a, 0xff, 0xff,
    0xff, 0xff, 0xf0, 0xe5, 0x0, 0xe5, 0x0, 0x0,
    0xba, 0x0, 0x0, 0xe, 0x50, 0xe, 0x50, 0x0,
    0xb, 0xa0, 0x0, 0x0, 0xe5, 0x0, 0xe5, 0x0,
    0x0, 0xba, 0x0, 0x0, 0xe, 0x50, 0xe, 0x50,
    0x0, 0xb, 0xa0, 0x0, 0x0, 0xe5, 0x0, 0xe5,
    0xe, 0xff, 0xff, 0xff, 0xf4, 0xe, 0x96, 0x6f,
    0x50, 0xe9, 0x44, 0x44, 0x6f, 0x40, 0xee, 0xee,
    0xe4, 0xe, 0x60, 0x0, 0x1, 0xf4, 0xe, 0x50,
    0x0, 0x0, 0xe6, 0x0, 0x0, 0x1f, 0x40, 0x41,
    0x0, 0x0, 0xe, 0x60, 0x0, 0x1, 0xf4, 0x0,
    0x0, 0x0, 0x0, 0xef, 0xff, 0xff, 0xff, 0x40,
    0x0, 0x0, 0x0, 0xe, 0x94, 0x44, 0x45, 0xd3,
    0x0,

    /* U+54CD "响" */
    0x0, 0x0, 0x0, 0x0, 0x0, 0x0, 0x0, 0x0,
    0x0, 0x0, 0x0, 0x0, 0x0, 0xf8, 0x0, 0x0,
    0x56, 0x66, 0x50, 0x0, 0x5, 0xf3, 0x0, 0x0,
    0xee, 0xde, 0xd0, 0x11, 0x1a, 0xc1, 0x11, 0x10,
    0xe4, 0x4, 0xd0, 0xff, 0xff, 0xff, 0xff, 0xf6,
    0xe4, 0x4, 0xd0, 0xf4, 0x11, 0x11, 0x11, 0xe6,
    0xe4, 0x4, 0xd0, 0xf3, 0x0, 0x0, 0x0, 0xe6,
    0xe4, 0x4, 0xd0, 0xf3, 0x1f, 0xff, 0xd0, 0xe6,
    0xe4, 0x4, 0xd0, 0xf3, 0x1e, 0x2, 0xd0, 0xe6,
    0xe4, 0x4, 0xd0, 0xf3, 0x1d, 0x1, 0xd0, 0xe6,
    0xe4, 0x4, 0xd0, 0xf3, 0x1d, 0x1, 0xd0, 0xe6,
    0xec, 0xac, 0xd0, 0xf3, 0x1d, 0x1, 0xd0, 0xe6,
    0xeb, 0x99, 0x70, 0xf3, 0x1f, 0xff, 0xd0, 0xe6,
    0xe4, 0x0, 0x0, 0xf3, 0x1e, 0x0, 0x0, 0xe6,
    0x41, 0x0, 0x0, 0xf3, 0x0, 0x0, 0x0, 0xe6,
    0x0, 0x0, 0x0, 0xf3, 0x0, 0x0, 0x12, 0xf6,
    0x0, 0x0, 0x0, 0xf3, 0x0, 0x0, 0x7f, 0xe2,
    0x0, 0x0, 0x0, 0x0, 0x0, 0x0, 0x0, 0x0,

    /* U+556A "啪" */
    0x0, 0x0, 0x0, 0x37, 0x0, 0x0, 0x72, 0x0,
    0x0, 0x0, 0x0, 0x5d, 0x0, 0x0, 0xf3, 0x0,
    0x88, 0x88, 0x0, 0x5d, 0x0, 0x3, 0xf0, 0x0,
    0xee, 0xef, 0x0, 0x5d, 0x0, 0x6, 0xc0, 0x0,
    0xe2, 0x1f, 0x14, 0x8e, 0x43, 0xbe, 0xeb, 0xb3,
    0xe2, 0x1f, 0x3f, 0xff, 0xf8, 0xf9, 0x99, 0xf4,
    0xe2, 0x1f, 0x0, 0x5d, 0x1, 0xf0, 0x0, 0xe4,
    0xe2, 0x1f, 0x0, 0x5d, 0x1, 0xf0, 0x0, 0xe4,
    0xe2, 0x1f, 0x0, 0x5d, 0x34, 0xf0, 0x0, 0xe4,
    0xe2, 0x1f, 0x1, 0x9f, 0xf8, 0xf2, 0x22, 0xe4,
    0xe2, 0x1f, 0x2f, 0xfe, 0x21, 0xff, 0xff, 0xf4,
    0xe7, 0x7f, 0x5, 0x6d, 0x1, 0xf0, 0x0, 0xe4,
    0xee, 0xdd, 0x0, 0x5d, 0x1, 0xf0, 0x0, 0xe4,
    0xe2, 0x0, 0x0, 0x5d, 0x1, 0xf0, 0x0, 0xe4,
    0x51, 0x0, 0x0, 0x5d, 0x1, 0xf0, 0x0, 0xe4,
    0x0, 0x0, 0x3, 0x8d, 0x1, 0xff, 0xff, 0xf4,
    0x0, 0x0, 0xd, 0xd6, 0x1, 0xf5, 0x55, 0xd3,

    /* U+5578 "啸" */
    0x0, 0x0, 0x0, 0x0, 0x2, 0x50, 0x0, 0x0,
    0x0, 0x0, 0x0, 0x0, 0x0, 0x5e, 0x0, 0x0,
    0x0, 0xdf, 0xff, 0x23, 0xcc, 0xcd, 0xfc, 0xcc,
    0xb0, 0xe, 0x52, 0xe2, 0x15, 0x55, 0x8f, 0x55,
    0x8e, 0x0, 0xe3, 0xe, 0x31, 0x11, 0x16, 0xe1,
    0x15, 0xe1, 0xe, 0x30, 0xe8, 0xff, 0xff, 0xff,
    0xff, 0xff, 0xf1, 0xe3, 0xe, 0x20, 0x0, 0x5,
    0xe0, 0x4, 0xe0, 0xe, 0x30, 0xe2, 0x14, 0x44,
    0x8f, 0x44, 0x7e, 0x0, 0xe3, 0xe, 0x25, 0xdd,
    0xde, 0xfd, 0xdd, 0xc0, 0xe, 0x30, 0xe2, 0x75,
    0x0, 0x5e, 0x0, 0x1b, 0x0, 0xe3, 0xe, 0x2b,
    0x72, 0x75, 0xe4, 0x52, 0xf0, 0xe, 0x52, 0xe2,
    0xc5, 0x69, 0x5e, 0x3a, 0x2f, 0x0, 0xef, 0xff,
    0x2d, 0x49, 0x65, 0xe0, 0xe2, 0xf0, 0xe, 0x30,
    0x0, 0xf3, 0xd2, 0x5e, 0xc, 0x5f, 0x0, 0x71,
    0x0, 0x3f, 0x4c, 0x5, 0xe0, 0x98, 0xf0, 0x0,
    0x0, 0xa, 0xa1, 0x40, 0x5e, 0x2, 0x3f, 0x0,
    0x0, 0x0, 0xd2, 0x0, 0x5, 0xe0, 0x2, 0xf0,
    0x0, 0x0, 0x0, 0x0, 0x0, 0x0, 0x0, 0x0,
    0x0,

    /* U+561F "嘟" */
    0x0, 0x0, 0x0, 0x11, 0x0, 0x0, 0x0, 0x0,
    0x0, 0x0, 0x0, 0x79, 0x0, 0x70, 0x0, 0x0,
    0xce, 0xec, 0x0, 0x79, 0x5, 0xcb, 0xee, 0xea,
    0xd7, 0x6d, 0x5f, 0xff, 0xfc, 0x6c, 0x85, 0xb9,
    0xd3, 0x2d, 0x2, 0x8a, 0x6f, 0xc, 0x40, 0xd4,
    0xd3, 0x2d, 0x0, 0x79, 0xc8, 0xc, 0x43, 0xe0,
    0xd3, 0x2d, 0xaf, 0xff, 0xff, 0xac, 0x49, 0x90,
    0xd3, 0x2d, 0x22, 0x7f, 0x52, 0x1c, 0x4e, 0x50,
    0xd3, 0x2d, 0x3, 0xf5, 0x0, 0xc, 0x47, 0xc0,
    0xd3, 0x2d, 0x5f, 0xff, 0xff, 0x2c, 0x40, 0xe4,
    0xd3, 0x2e, 0xec, 0xa2, 0x2e, 0x2c, 0x40, 0x98,
    0xd6, 0x6d, 0x8, 0x80, 0xd, 0x2c, 0x40, 0x6b,
    0xde, 0xec, 0x8, 0xff, 0xff, 0x2c, 0x40, 0x6b,
    0xd3, 0x0, 0x8, 0x91, 0x1e, 0x2c, 0x68, 0xd7,
    0x82, 0x0, 0x8, 0x80, 0xd, 0x2c, 0x58, 0x60,
    0x0, 0x0, 0x8, 0xff, 0xff, 0x2c, 0x40, 0x0,
    0x0, 0x0, 0x7, 0x82, 0x2e, 0x2c, 0x40, 0x0,

    /* U+566A "噪" */
    0x0, 0x0, 0x0, 0x3, 0x33, 0x33, 0x33, 0x0,
    0x4, 0x55, 0x51, 0x0, 0xed, 0xcc, 0xcd, 0xe0,
    0x0, 0xdf, 0xff, 0x20, 0xe, 0x40, 0x0, 0x5e,
    0x0, 0xd, 0x30, 0xe2, 0x0, 0xe9, 0x66, 0x6a,
    0xe0, 0x0, 0xd3, 0xe, 0x20, 0x6, 0x77, 0x77,
    0x76, 0x0, 0xd, 0x30, 0xe2, 0xcd, 0xdd, 0xa2,
    0xdd, 0xdd, 0x90, 0xd3, 0xe, 0x2e, 0x42, 0x6c,
    0x2f, 0x32, 0x7b, 0xd, 0x30, 0xe2, 0xe2, 0x4,
    0xc2, 0xf0, 0x6, 0xb0, 0xd3, 0xe, 0x2e, 0xdc,
    0xdd, 0x2f, 0xdc, 0xeb, 0xd, 0x30, 0xe2, 0x22,
    0x22, 0x7f, 0x22, 0x22, 0x20, 0xd6, 0x3f, 0x33,
    0x33, 0x37, 0xf3, 0x33, 0x33, 0xd, 0xff, 0xf6,
    0xee, 0xef, 0xff, 0xfe, 0xee, 0xe1, 0xd4, 0x0,
    0x0, 0x2, 0xcf, 0xfe, 0x90, 0x0, 0x8, 0x20,
    0x0, 0x6, 0xf9, 0x5f, 0x2d, 0xc3, 0x0, 0x0,
    0x0, 0x8e, 0xc4, 0x4, 0xf0, 0x8, 0xfb, 0x10,
    0x0, 0x7, 0x30, 0x0, 0x4f, 0x0, 0x1, 0x50,

    /* U+567C "噼" */
    0x0, 0x0, 0x0, 0x0, 0x0, 0x0, 0x0, 0x0,
    0x0, 0x0, 0x0, 0x22, 0x22, 0x20, 0x9, 0x90,
    0x0, 0x67, 0x77, 0x1d, 0xfe, 0xfc, 0x0, 0x6e,
    0x0, 0xe, 0xdc, 0xf2, 0xd3, 0x3, 0xc9, 0xff,
    0xff, 0xf0, 0xe4, 0xf, 0x2d, 0x30, 0x3c, 0x27,
    0x33, 0x76, 0xe, 0x40, 0xf2, 0xd3, 0x3, 0xc0,
    0xe2, 0xc, 0x70, 0xe4, 0xf, 0x2d, 0xff, 0xfc,
    0xb, 0x51, 0xf1, 0xe, 0x40, 0xf2, 0xe4, 0x11,
    0x10, 0x42, 0x6b, 0x0, 0xe4, 0xf, 0x2e, 0x20,
    0x0, 0xcf, 0xff, 0xff, 0x3e, 0x40, 0xf2, 0xf4,
    0x22, 0x24, 0x59, 0xe5, 0x51, 0xe4, 0xf, 0x2f,
    0xfe, 0xef, 0x0, 0x5d, 0x0, 0xe, 0x96, 0xf4,
    0xff, 0x0, 0xf1, 0x38, 0xe3, 0x30, 0xee, 0xdd,
    0x6c, 0xf0, 0xf, 0x6e, 0xff, 0xee, 0xe, 0x40,
    0x8, 0x9f, 0x0, 0xf0, 0x5, 0xd0, 0x0, 0x51,
    0x0, 0xd4, 0xf2, 0x1f, 0x0, 0x5d, 0x0, 0x0,
    0x0, 0x7, 0xf, 0xff, 0xf0, 0x5, 0xd0, 0x0,
    0x0, 0x0, 0x0, 0xf0, 0x0, 0x0, 0x5d, 0x0,
    0x0, 0x0, 0x0, 0x0, 0x0, 0x0, 0x1, 0x30,
    0x0,

    /* U+56DE "回" */
    0x25, 0x55, 0x55, 0x55, 0x55, 0x55, 0x55, 0x53,
    0x7f, 0xff, 0xff, 0xff, 0xff, 0xff, 0xff, 0xf8,
    0x7e, 0x0, 0x0, 0x0, 0x0, 0x0, 0x0, 0xe8,
    0x7e, 0x0, 0x0, 0x0, 0x0, 0x0, 0x0, 0xe8,
    0x7e, 0x0, 0x13, 0x33, 0x33, 0x31, 0x0, 0xe8,
    0x7e, 0x0, 0x5f, 0xff, 0xff, 0xf6, 0x0, 0xe8,
    0x7e, 0x0, 0x5e, 0x0, 0x0, 0xe6, 0x0, 0xe8,
    0x7e, 0x0, 0x5e, 0x0, 0x0, 0xe6, 0x0, 0xe8,
    0x7e, 0x0, 0x5e, 0x0, 0x0, 0xe6, 0x0, 0xe8,
    0x7e, 0x0, 0x5e, 0x0, 0x0, 0xe6, 0x0, 0xe8,
    0x7e, 0x0, 0x5f, 0xff, 0xff, 0xf6, 0x0, 0xe8,
    0x7e, 0x0, 0x13, 0x33, 0x33, 0x31, 0x0, 0xe8,
    0x7e, 0x0, 0x0, 0x0, 0x0, 0x0, 0x0, 0xe8,
    0x7e, 0x0, 0x0, 0x0, 0x0, 0x0, 0x0, 0xe8,
    0x7f, 0xff, 0xff, 0xff, 0xff, 0xff, 0xff, 0xf8,
    0x7f, 0x55, 0x55, 0x55, 0x55, 0x55, 0x55, 0xf8,

    /* U+5728 "在" */
    0x0, 0x0, 0x0, 0x0, 0x0, 0x0, 0x0, 0x0,
    0x0, 0x0, 0x0, 0x2, 0xf4, 0x0, 0x0, 0x0,
    0x0, 0x0, 0x0, 0x0, 0x7f, 0x0, 0x0, 0x0,
    0x0, 0x0, 0x45, 0x55, 0x5d, 0xc5, 0x55, 0x55,
    0x55, 0x54, 0xd, 0xff, 0xff, 0xff, 0xff, 0xff,
    0xff, 0xff, 0xe0, 0x0, 0x0, 0xcb, 0x0, 0x0,
    0x10, 0x0, 0x0, 0x0, 0x0, 0x6f, 0x20, 0x0,
    0x3f, 0x20, 0x0, 0x0, 0x0, 0x1f, 0x90, 0x0,
    0x3, 0xf2, 0x0, 0x0, 0x0, 0xb, 0xf1, 0x0,
    0x0, 0x3f, 0x20, 0x0, 0x0, 0xb, 0xfd, 0x1,
    0x66, 0x68, 0xf7, 0x66, 0x61, 0xb, 0xfd, 0xd0,
    0x3d, 0xdd, 0xef, 0xed, 0xdd, 0x31, 0xe5, 0x7d,
    0x0, 0x0, 0x3, 0xf2, 0x0, 0x0, 0x0, 0x7,
    0xd0, 0x0, 0x0, 0x3f, 0x20, 0x0, 0x0, 0x0,
    0x7d, 0x0, 0x0, 0x3, 0xf2, 0x0, 0x0, 0x0,
    0x7, 0xd0, 0x0, 0x0, 0x3f, 0x20, 0x0, 0x0,
    0x0, 0x7d, 0x4, 0x44, 0x46, 0xf5, 0x44, 0x43,
    0x0, 0x7, 0xd0, 0xff, 0xff, 0xff, 0xff, 0xff,
    0xe0,

    /* U+5747 "均" */
    0x0, 0x1, 0x0, 0x0, 0x3, 0x0, 0x0, 0x0,
    0x0, 0x0, 0xc7, 0x0, 0x2, 0xf4, 0x0, 0x0,
    0x0, 0x0, 0xc, 0x70, 0x0, 0x8e, 0x0, 0x0,
    0x0, 0x0, 0x0, 0xc7, 0x0, 0xd, 0xc5, 0x55,
    0x55, 0x54, 0x0, 0xc, 0x70, 0x5, 0xfe, 0xee,
    0xee, 0xef, 0xa0, 0xee, 0xff, 0xea, 0xdb, 0x0,
    0x0, 0x0, 0xba, 0x5, 0x5e, 0xa5, 0xbf, 0x44,
    0x0, 0x0, 0xb, 0xa0, 0x0, 0xc7, 0xc, 0x94,
    0xf9, 0x0, 0x0, 0xc9, 0x0, 0xc, 0x70, 0x0,
    0x3, 0xeb, 0x0, 0xc, 0x80, 0x0, 0xc7, 0x0,
    0x0, 0x2, 0xc2, 0x0, 0xd8, 0x0, 0xc, 0x70,
    0x0, 0x0, 0x0, 0x1, 0xe, 0x70, 0x0, 0xca,
    0x9d, 0x0, 0x4, 0x9e, 0x80, 0xe6, 0x16, 0xaf,
    0xfb, 0x65, 0xae, 0xfa, 0x50, 0xf, 0x53, 0xfb,
    0x61, 0x0, 0xfb, 0x61, 0x0, 0x1, 0xf4, 0x0,
    0x0, 0x0, 0x0, 0x0, 0x0, 0x0, 0x4f, 0x20,
    0x0, 0x0, 0x0, 0x0, 0x0, 0x55, 0x5c, 0xe0,
    0x0, 0x0, 0x0, 0x0, 0x0, 0xb, 0xff, 0xe5,
    0x0, 0x0, 0x0, 0x0, 0x0, 0x0, 0x0, 0x0,
    0x0,

    /* U+5757 "块" */
    0x0, 0x1, 0x0, 0x0, 0x0, 0x1, 0x0, 0x0,
    0x0, 0x0, 0xe, 0x60, 0x0, 0x0, 0x5e, 0x0,
    0x0, 0x0, 0x0, 0xe, 0x60, 0x0, 0x0, 0x5e,
    0x0, 0x0, 0x0, 0x0, 0xe, 0x60, 0x2, 0x33,
    0x8f, 0x33, 0x33, 0x0, 0x0, 0xe, 0x60, 0xa,
    0xff, 0xff, 0xff, 0xfe, 0x0, 0xf, 0xff, 0xff,
    0x50, 0x0, 0x6f, 0x0, 0x6e, 0x0, 0x5, 0x5e,
    0x95, 0x10, 0x0, 0x5e, 0x0, 0x5e, 0x0, 0x0,
    0xe, 0x60, 0x0, 0x0, 0x6e, 0x0, 0x5e, 0x0,
    0x0, 0xe, 0x60, 0x0, 0x0, 0x7e, 0x0, 0x5e,
    0x0, 0x0, 0xe, 0x60, 0x4f, 0xff, 0xff, 0xff,
    0xff, 0xf2, 0x0, 0xe, 0x61, 0x35, 0x55, 0xdf,
    0xd5, 0x55, 0x50, 0x0, 0xe, 0xcf, 0x90, 0x1,
    0xf8, 0xf2, 0x0, 0x0, 0x6, 0xcf, 0xd5, 0x0,
    0x8, 0xf1, 0xc9, 0x0, 0x0, 0x2f, 0xb4, 0x0,
    0x0, 0x2f, 0x70, 0x4f, 0x30, 0x0, 0x1, 0x0,
    0x0, 0x2, 0xec, 0x0, 0xa, 0xe3, 0x0, 0x0,
    0x0, 0x0, 0x7f, 0xc0, 0x0, 0x0, 0xcf, 0x60,
    0x0, 0x0, 0x8, 0xf8, 0x0, 0x0, 0x0, 0x1a,
    0xf3, 0x0, 0x0, 0x0, 0x20, 0x0, 0x0, 0x0,
    0x0, 0x20,

    /* U+5883 "境" */
    0x0, 0x0, 0x0, 0x0, 0x0, 0x4, 0x0, 0x0,
    0x0, 0x0, 0x1f, 0x20, 0x0, 0x0, 0xe, 0x70,
    0x0, 0x0, 0x0, 0x1f, 0x20, 0x9, 0xff, 0xff,
    0xff, 0xff, 0x60, 0x0, 0x1f, 0x20, 0x1, 0x3a,
    0x32, 0x26, 0x72, 0x10, 0x0, 0x1f, 0x20, 0x0,
    0xf, 0x40, 0xa, 0x90, 0x0, 0x8, 0x9f, 0x97,
    0x4, 0x4c, 0x94, 0x4f, 0x74, 0x40, 0x1c, 0xcf,
    0xcb, 0x2d, 0xdd, 0xdd, 0xdd, 0xdd, 0xc0, 0x0,
    0x1f, 0x20, 0x1, 0x33, 0x33, 0x33, 0x33, 0x0,
    0x0, 0x1f, 0x20, 0x4, 0xfb, 0xbb, 0xbb, 0xde,
    0x0, 0x0, 0x1f, 0x20, 0x4, 0xf1, 0x11, 0x11,
    0x6e, 0x0, 0x0, 0x1f, 0x20, 0x4, 0xfc, 0xcc,
    0xcc, 0xee, 0x0, 0x0, 0x1f, 0x20, 0x4, 0xf0,
    0x0, 0x0, 0x5e, 0x0, 0x0, 0x1f, 0x9d, 0x44,
    0xff, 0xff, 0xff, 0xfe, 0x0, 0x17, 0xcf, 0xc7,
    0x10, 0x9, 0xb0, 0x8b, 0x0, 0x0, 0x1d, 0x72,
    0x0, 0x0, 0x1e, 0x60, 0x8b, 0x0, 0x72, 0x0,
    0x0, 0x0, 0x5, 0xdc, 0x0, 0x7d, 0x11, 0xd4,
    0x0, 0x0, 0x4, 0xfe, 0x80, 0x0, 0x3d, 0xff,
    0xc1, 0x0, 0x0, 0x0, 0x20, 0x0, 0x0, 0x0,
    0x0, 0x0,

    /* U+58F0 "声" */
    0x0, 0x0, 0x0, 0x0, 0x52, 0x0, 0x0, 0x0,
    0x0, 0x0, 0x0, 0x0, 0xe, 0x70, 0x0, 0x0,
    0x0, 0xc, 0xdd, 0xdd, 0xdd, 0xfe, 0xdd, 0xdd,
    0xdd, 0x70, 0x55, 0x55, 0x55, 0x5f, 0xa5, 0x55,
    0x55, 0x53, 0x0, 0x0, 0x0, 0x0, 0xe7, 0x0,
    0x0, 0x0, 0x0, 0xb, 0xee, 0xee, 0xef, 0xfe,
    0xee, 0xee, 0xa0, 0x0, 0x34, 0x44, 0x44, 0x44,
    0x44, 0x44, 0x43, 0x0, 0x0, 0x11, 0x11, 0x11,
    0x11, 0x11, 0x11, 0x0, 0x0, 0x6f, 0xff, 0xff,
    0xff, 0xff, 0xff, 0xf6, 0x0, 0x6, 0xe0, 0x0,
    0xe, 0x70, 0x0, 0xf, 0x60, 0x0, 0x6e, 0x0,
    0x0, 0xd6, 0x0, 0x0, 0xf6, 0x0, 0x7, 0xe2,
    0x22, 0x2e, 0x82, 0x22, 0x2f, 0x60, 0x0, 0xaf,
    0xff, 0xff, 0xff, 0xff, 0xff, 0xf6, 0x0, 0xd,
    0x80, 0x0, 0x0, 0x0, 0x0, 0xd, 0x50, 0x3,
    0xf2, 0x0, 0x0, 0x0, 0x0, 0x0, 0x0, 0x0,
    0xcc, 0x0, 0x0, 0x0, 0x0, 0x0, 0x0, 0x0,
    0x7f, 0x20, 0x0, 0x0, 0x0, 0x0, 0x0, 0x0,
    0x0, 0x30, 0x0, 0x0, 0x0, 0x0, 0x0, 0x0,
    0x0,

    /* U+5904 "处" */
    0x0, 0x0, 0x0, 0x0, 0x0, 0x1, 0x0, 0x0,
    0x0, 0x0, 0x2, 0xe3, 0x0, 0x0, 0xe, 0x80,
    0x0, 0x0, 0x0, 0x6, 0xf1, 0x0, 0x0, 0xe,
    0x80, 0x0, 0x0, 0x0, 0xa, 0xf4, 0x33, 0x30,
    0xe, 0x80, 0x0, 0x0, 0x0, 0xd, 0xff, 0xff,
    0xf1, 0xe, 0x80, 0x0, 0x0, 0x0, 0x1f, 0x50,
    0x6, 0xf0, 0xe, 0xc3, 0x0, 0x0, 0x0, 0x6f,
    0x10, 0xa, 0xc0, 0xe, 0xfe, 0x10, 0x0, 0x0,
    0xdf, 0x50, 0xd, 0x80, 0xe, 0x8c, 0xd0, 0x0,
    0x4, 0xfc, 0xa0, 0x1f, 0x50, 0xe, 0x81, 0xea,
    0x0, 0xd, 0x94, 0xe0, 0x7f, 0x0, 0xe, 0x80,
    0x3f, 0x60, 0x2, 0x10, 0xe7, 0xda, 0x0, 0xe,
    0x80, 0x7, 0x50, 0x0, 0x0, 0x6f, 0xf3, 0x0,
    0xe, 0x80, 0x0, 0x0, 0x0, 0x0, 0x1f, 0xe0,
    0x0, 0xe, 0x80, 0x0, 0x0, 0x0, 0x0, 0xbf,
    0xfb, 0x0, 0xe, 0x80, 0x0, 0x0, 0x0, 0x9,
    0xf4, 0x3f, 0xd5, 0x2, 0x10, 0x0, 0x0, 0x1,
    0xbf, 0x60, 0x2, 0xbf, 0xea, 0x76, 0x65, 0x61,
    0x1e, 0xe5, 0x0, 0x0, 0x3, 0x8c, 0xef, 0xff,
    0xf0, 0x5, 0x10, 0x0, 0x0, 0x0, 0x0, 0x0,
    0x0, 0x0,

    /* U+590F "夏" */
    0x2, 0x22, 0x22, 0x22, 0x22, 0x22, 0x22, 0x22,
    0x10, 0xc, 0xff, 0xff, 0xff, 0xff, 0xff, 0xff,
    0xff, 0x60, 0x0, 0x0, 0x0, 0x3, 0xf2, 0x0,
    0x0, 0x0, 0x0, 0x0, 0x1f, 0xed, 0xdd, 0xdd,
    0xdd, 0xdf, 0xa0, 0x0, 0x0, 0x1f, 0x30, 0x0,
    0x0, 0x0, 0xa, 0xa0, 0x0, 0x0, 0x1f, 0xed,
    0xdd, 0xdd, 0xdd, 0xdf, 0xa0, 0x0, 0x0, 0x1f,
    0x40, 0x0, 0x0, 0x0, 0xb, 0xa0, 0x0, 0x0,
    0x1f, 0xdd, 0xdd, 0xdd, 0xdd, 0xdf, 0xa0, 0x0,
    0x0, 0x1f, 0x63, 0x33, 0x33, 0x33, 0x3c, 0xa0,
    0x0, 0x0, 0x7, 0x79, 0xfa, 0x77, 0x77, 0x77,
    0x50, 0x0, 0x0, 0x0, 0x5e, 0xfb, 0xbb, 0xbb,
    0xb9, 0x0, 0x0, 0x0, 0x4c, 0xef, 0x94, 0x44,
    0x48, 0xf7, 0x0, 0x0, 0x1e, 0xe7, 0x3, 0xe9,
    0x11, 0x8f, 0x70, 0x0, 0x0, 0x3, 0x0, 0x0,
    0x2e, 0xef, 0xd2, 0x0, 0x0, 0x0, 0x0, 0x24,
    0x7b, 0xfe, 0x9b, 0xfe, 0xa7, 0x43, 0x10, 0x5f,
    0xfd, 0xa7, 0x20, 0x0, 0x5, 0xac, 0xef, 0xd0,
    0x2, 0x0, 0x0, 0x0, 0x0, 0x0, 0x0, 0x1,
    0x10,

    /* U+591C "夜" */
    0x0, 0x0, 0x0, 0x0, 0x10, 0x0, 0x0, 0x0,
    0x0, 0x0, 0x0, 0x0, 0x1, 0xf6, 0x0, 0x0,
    0x0, 0x0, 0x1, 0x11, 0x11, 0x11, 0xae, 0x21,
    0x11, 0x11, 0x10, 0xe, 0xff, 0xff, 0xff, 0xff,
    0xff, 0xff, 0xff, 0xf0, 0x2, 0x22, 0x4e, 0x52,
    0x23, 0xe5, 0x22, 0x22, 0x20, 0x0, 0x0, 0x9e,
    0x0, 0x8, 0xe0, 0x0, 0x0, 0x0, 0x0, 0x3,
    0xf6, 0x0, 0x2f, 0xff, 0xff, 0xff, 0x40, 0x0,
    0xc, 0xd0, 0x0, 0xbc, 0x44, 0x33, 0x7f, 0x10,
    0x0, 0x8f, 0xc0, 0x8, 0xf2, 0xaa, 0x0, 0xba,
    0x0, 0x7, 0xfd, 0xc0, 0x7f, 0xf5, 0x1c, 0xa2,
    0xf3, 0x0, 0x4f, 0x68, 0xc3, 0xf5, 0x6e, 0x11,
    0x4c, 0xb0, 0x0, 0x3, 0x8, 0xc0, 0x20, 0xc,
    0xb0, 0x9d, 0x10, 0x0, 0x0, 0x8, 0xc0, 0x0,
    0x1, 0xed, 0xf3, 0x0, 0x0, 0x0, 0x8, 0xc0,
    0x0, 0x1, 0xbf, 0xd1, 0x0, 0x0, 0x0, 0x8,
    0xc0, 0x0, 0x5e, 0xd5, 0xde, 0x60, 0x0, 0x0,
    0x8, 0xc1, 0x7d, 0xf8, 0x0, 0x9, 0xfe, 0x71,
    0x0, 0x8, 0xc2, 0xd7, 0x10, 0x0, 0x0, 0x29,
    0xd1, 0x0, 0x0, 0x0, 0x0, 0x0, 0x0, 0x0,
    0x0, 0x0,

    /* U+594F "奏" */
    0x0, 0x0, 0x0, 0x0, 0x33, 0x0, 0x0, 0x0,
    0x0, 0x0, 0x0, 0x0, 0x0, 0xab, 0x0, 0x0,
    0x0, 0x0, 0x0, 0xae, 0xee, 0xee, 0xff, 0xee,
    0xee, 0xeb, 0x0, 0x0, 0x22, 0x22, 0x23, 0xf7,
    0x22, 0x22, 0x22, 0x0, 0x0, 0x2, 0x22, 0x25,
    0xf4, 0x22, 0x22, 0x20, 0x0, 0x0, 0xf, 0xff,
    0xff, 0xff, 0xff, 0xff, 0xf1, 0x0, 0x0, 0x0,
    0x0, 0x2f, 0x50, 0x0, 0x0, 0x0, 0x0, 0xf,
    0xff, 0xff, 0xff, 0xff, 0xff, 0xff, 0xff, 0xf0,
    0x2, 0x22, 0x2c, 0xe3, 0x22, 0x2d, 0xc2, 0x22,
    0x20, 0x0, 0x0, 0xbf, 0x71, 0x11, 0x15, 0xfb,
    0x0, 0x0, 0x0, 0x4d, 0xfa, 0xff, 0xff, 0xff,
    0xae, 0xd5, 0x0, 0x1c, 0xfb, 0x20, 0x0, 0xb9,
    0x0, 0x1, 0x9f, 0xe3, 0x7, 0x3a, 0xcc, 0xcc,
    0xfe, 0xcc, 0xcc, 0xa1, 0x60, 0x0, 0x3, 0x44,
    0x4c, 0xe5, 0x95, 0x44, 0x40, 0x0, 0x0, 0x0,
    0x0, 0x9f, 0x42, 0xdf, 0x92, 0x0, 0x0, 0x0,
    0x2, 0x8e, 0xd3, 0x0, 0x4, 0xcf, 0x91, 0x0,
    0x0, 0x6f, 0xc6, 0x0, 0x0, 0x0, 0x5, 0xeb,
    0x0, 0x0, 0x1, 0x0, 0x0, 0x0, 0x0, 0x0,
    0x1, 0x0,

    /* U+597D "好" */
    0x0, 0x9, 0xa0, 0x0, 0x0, 0x0, 0x0, 0x0,
    0x0, 0x0, 0xc, 0x80, 0x0, 0x4f, 0xff, 0xff,
    0xff, 0x90, 0x0, 0xf, 0x50, 0x0, 0x14, 0x44,
    0x44, 0xaf, 0x50, 0x4, 0x5f, 0x74, 0x53, 0x0,
    0x0, 0x2, 0xf9, 0x0, 0xf, 0xff, 0xff, 0xfc,
    0x0, 0x0, 0x1d, 0xb0, 0x0, 0x0, 0x8c, 0x0,
    0xa9, 0x0, 0x0, 0xcc, 0x0, 0x0, 0x0, 0xb9,
    0x0, 0xd6, 0x0, 0x0, 0xe7, 0x0, 0x0, 0x0,
    0xf5, 0x0, 0xf4, 0x55, 0x55, 0xea, 0x55, 0x52,
    0x4, 0xf1, 0x4, 0xf2, 0xff, 0xff, 0xff, 0xff,
    0xf7, 0x8, 0xf3, 0xa, 0xa0, 0x0, 0x0, 0xe7,
    0x0, 0x0, 0x0, 0x9f, 0x9f, 0x40, 0x0, 0x0,
    0xe7, 0x0, 0x0, 0x0, 0x4, 0xff, 0x20, 0x0,
    0x0, 0xe7, 0x0, 0x0, 0x0, 0x5, 0xfd, 0xe3,
    0x0, 0x0, 0xe7, 0x0, 0x0, 0x0, 0x4f, 0x80,
    0xbd, 0x0, 0x0, 0xe7, 0x0, 0x0, 0x9, 0xf9,
    0x0, 0x2, 0x2, 0x44, 0xf7, 0x0, 0x0, 0xb,
    0x40, 0x0, 0x0, 0x5, 0xff, 0xc2, 0x0, 0x0,
    0x0, 0x0, 0x0, 0x0, 0x0, 0x0, 0x0, 0x0,
    0x0,

    /* U+5982 "如" */
    0x0, 0x2, 0xf2, 0x0, 0x0, 0x0, 0x0, 0x0,
    0x0, 0x0, 0x4f, 0x0, 0x0, 0x0, 0x0, 0x0,
    0x0, 0x0, 0x7, 0xd0, 0x0, 0x5, 0xff, 0xff,
    0xff, 0x70, 0x44, 0xbc, 0x44, 0x52, 0x5f, 0x33,
    0x33, 0xe7, 0x1f, 0xff, 0xff, 0xff, 0x95, 0xe0,
    0x0, 0xe, 0x70, 0x1, 0xf3, 0x0, 0xd7, 0x5e,
    0x0, 0x0, 0xe7, 0x0, 0x5f, 0x0, 0x1f, 0x45,
    0xe0, 0x0, 0xe, 0x70, 0x9, 0xb0, 0x4, 0xf1,
    0x5e, 0x0, 0x0, 0xe7, 0x0, 0xe7, 0x0, 0x8e,
    0x5, 0xe0, 0x0, 0xe, 0x70, 0x1f, 0xa0, 0xe,
    0x90, 0x5e, 0x0, 0x0, 0xe7, 0x0, 0x3e, 0xd7,
    0xf3, 0x5, 0xe0, 0x0, 0xe, 0x70, 0x0, 0x1b,
    0xfc, 0x0, 0x5e, 0x0, 0x0, 0xe7, 0x0, 0x0,
    0x8f, 0xf8, 0x5, 0xe0, 0x0, 0xe, 0x70, 0x0,
    0x7f, 0x57, 0xf6, 0x5f, 0xdd, 0xdd, 0xf7, 0x2,
    0xaf, 0x70, 0x6, 0x5, 0xf6, 0x66, 0x6e, 0x70,
    0xde, 0x50, 0x0, 0x0, 0x5e, 0x0, 0x0, 0xa5,
    0x2, 0x0, 0x0, 0x0, 0x0, 0x0, 0x0, 0x0,
    0x0,

    /* U+5B89 "安" */
    0x0, 0x0, 0x0, 0x0, 0x0, 0x0, 0x0, 0x0,
    0x0, 0x0, 0x0, 0x3f, 0x30, 0x0, 0x0, 0x0,
    0x0, 0x0, 0x0, 0xd, 0xb0, 0x0, 0x0, 0x0,
    0x3f, 0xff, 0xff, 0xff, 0xff, 0xff, 0xff, 0xf6,
    0x3f, 0x53, 0x33, 0x33, 0x33, 0x33, 0x33, 0xf6,
    0x3f, 0x10, 0x0, 0x8c, 0x0, 0x0, 0x0, 0xf6,
    0x29, 0x10, 0x1, 0xf8, 0x0, 0x0, 0x0, 0x94,
    0x1, 0x11, 0x19, 0xf2, 0x11, 0x11, 0x11, 0x11,
    0xaf, 0xff, 0xff, 0xff, 0xff, 0xff, 0xff, 0xfe,
    0x23, 0x33, 0xdd, 0x33, 0x33, 0x7f, 0x63, 0x32,
    0x0, 0x6, 0xf4, 0x0, 0x0, 0xcc, 0x0, 0x0,
    0x0, 0x2f, 0xe4, 0x0, 0x6, 0xf4, 0x0, 0x0,
    0x0, 0x5, 0xbf, 0xe9, 0x6f, 0x80, 0x0, 0x0,
    0x0, 0x0, 0x1, 0x7f, 0xff, 0x60, 0x0, 0x0,
    0x0, 0x0, 0x5, 0xdf, 0x8b, 0xfe, 0x70, 0x0,
    0x1, 0x59, 0xdf, 0x91, 0x0, 0x3a, 0xfe, 0x60,
    0x2f, 0xfc, 0x72, 0x0, 0x0, 0x0, 0x3c, 0xf3,
    0x3, 0x10, 0x0, 0x0, 0x0, 0x0, 0x0, 0x20,

    /* U+5B8C "完" */
    0x0, 0x0, 0x0, 0x0, 0x20, 0x0, 0x0, 0x0,
    0x0, 0x0, 0x0, 0x0, 0x3, 0xf5, 0x0, 0x0,
    0x0, 0x0, 0x0, 0x0, 0x0, 0x0, 0xcd, 0x0,
    0x0, 0x0, 0x0, 0x8, 0xff, 0xff, 0xff, 0xff,
    0xff, 0xff, 0xff, 0x70, 0x8, 0xd3, 0x33, 0x33,
    0x33, 0x33, 0x33, 0x3e, 0x70, 0x8, 0xd0, 0x0,
    0x0, 0x0, 0x0, 0x0, 0xe, 0x70, 0x7, 0xc0,
    0xef, 0xff, 0xff, 0xff, 0xfd, 0xd, 0x70, 0x0,
    0x0, 0x44, 0x44, 0x44, 0x44, 0x43, 0x0, 0x0,
    0x0, 0x0, 0x0, 0x0, 0x0, 0x0, 0x0, 0x0,
    0x0, 0x4, 0x44, 0x44, 0x44, 0x44, 0x44, 0x44,
    0x44, 0x40, 0xf, 0xff, 0xff, 0xff, 0xff, 0xff,
    0xff, 0xff, 0xe0, 0x0, 0x0, 0x3, 0xf2, 0x0,
    0x9b, 0x0, 0x0, 0x0, 0x0, 0x0, 0x6, 0xf0,
    0x0, 0x9b, 0x0, 0x0, 0x0, 0x0, 0x0, 0xb,
    0xb0, 0x0, 0x9b, 0x0, 0x0, 0x40, 0x0, 0x0,
    0x6f, 0x40, 0x0, 0x9b, 0x0, 0x1, 0xf2, 0x0,
    0x3b, 0xf7, 0x0, 0x0, 0x9e, 0x43, 0x37, 0xf0,
    0xe, 0xfb, 0x30, 0x0, 0x0, 0x4e, 0xff, 0xff,
    0x80, 0x2, 0x0, 0x0, 0x0, 0x0, 0x0, 0x0,
    0x0, 0x0,

    /* U+5B9A "定" */
    0x0, 0x0, 0x0, 0x0, 0x1, 0x0, 0x0, 0x0,
    0x0, 0x0, 0x0, 0x0, 0x0, 0xe9, 0x0, 0x0,
    0x0, 0x0, 0x0, 0x11, 0x11, 0x11, 0x8f, 0x21,
    0x11, 0x11, 0x0, 0x6, 0xff, 0xff, 0xff, 0xff,
    0xff, 0xff, 0xff, 0x70, 0x6, 0xe2, 0x22, 0x22,
    0x22, 0x22, 0x22, 0x2e, 0x70, 0x6, 0xe0, 0x0,
    0x0, 0x0, 0x0, 0x0, 0xe, 0x70, 0x5, 0xc0,
    0x55, 0x55, 0x55, 0x55, 0x55, 0x3c, 0x60, 0x0,
    0x0, 0xff, 0xff, 0xff, 0xff, 0xff, 0x80, 0x0,
    0x0, 0x0, 0x0, 0x0, 0x7e, 0x0, 0x0, 0x0,
    0x0, 0x0, 0x0, 0x94, 0x0, 0x7e, 0x0, 0x0,
    0x0, 0x0, 0x0, 0x0, 0xf5, 0x0, 0x7f, 0x44,
    0x44, 0x41, 0x0, 0x0, 0x4, 0xf3, 0x0, 0x7f,
    0xff, 0xff, 0xf4, 0x0, 0x0, 0x9, 0xf8, 0x0,
    0x7e, 0x0, 0x0, 0x0, 0x0, 0x0, 0xe, 0xbf,
    0x30, 0x7e, 0x0, 0x0, 0x0, 0x0, 0x0, 0x8e,
    0x18, 0xf8, 0x8e, 0x0, 0x0, 0x0, 0x0, 0x4,
    0xf7, 0x0, 0x8f, 0xff, 0x87, 0x65, 0x55, 0x50,
    0xe, 0x90, 0x0, 0x2, 0x7b, 0xef, 0xff, 0xff,
    0xe0, 0x1, 0x0, 0x0, 0x0, 0x0, 0x0, 0x0,
    0x0, 0x0,

    /* U+5BFC "导" */
    0x2, 0x33, 0x33, 0x33, 0x33, 0x33, 0x33, 0x0,
    0x9, 0xff, 0xff, 0xff, 0xff, 0xff, 0xfd, 0x0,
    0x9, 0xd0, 0x0, 0x0, 0x0, 0x0, 0x7d, 0x0,
    0x9, 0xd4, 0x44, 0x44, 0x44, 0x44, 0x9d, 0x0,
    0x9, 0xff, 0xff, 0xff, 0xff, 0xff, 0xfd, 0x0,
    0x9, 0xd0, 0x0, 0x0, 0x0, 0x0, 0x0, 0x73,
    0x7, 0xf5, 0x22, 0x22, 0x22, 0x22, 0x25, 0xf5,
    0x0, 0x9d, 0xef, 0xff, 0xff, 0xff, 0xfe, 0x90,
    0x0, 0x0, 0x0, 0x0, 0x0, 0x39, 0x0, 0x0,
    0x33, 0x33, 0x33, 0x33, 0x33, 0x7f, 0x43, 0x33,
    0xef, 0xff, 0xff, 0xff, 0xff, 0xff, 0xff, 0xff,
    0x0, 0xd, 0x70, 0x0, 0x0, 0x5f, 0x0, 0x0,
    0x0, 0x4, 0xf8, 0x0, 0x0, 0x5f, 0x0, 0x0,
    0x0, 0x0, 0x3f, 0x60, 0x0, 0x5f, 0x0, 0x0,
    0x0, 0x0, 0x4, 0x12, 0x32, 0x8f, 0x0, 0x0,
    0x0, 0x0, 0x0, 0x7, 0xff, 0xe9, 0x0, 0x0,

    /* U+5C06 "将" */
    0x0, 0x0, 0x83, 0x0, 0x0, 0x6, 0x10, 0x0,
    0x0, 0x0, 0x0, 0xe6, 0x0, 0x0, 0x8f, 0x30,
    0x0, 0x0, 0x0, 0x0, 0xe6, 0x0, 0x9, 0xff,
    0xee, 0xee, 0x70, 0xa, 0x10, 0xe6, 0x4, 0xdd,
    0x43, 0x33, 0x9f, 0x20, 0xb, 0xd1, 0xe6, 0x6f,
    0x86, 0x50, 0x3, 0xf7, 0x0, 0x0, 0xda, 0xe6,
    0x2, 0x4, 0xf5, 0x6f, 0x80, 0x0, 0x0, 0x3b,
    0xf6, 0x0, 0x0, 0x8f, 0xf5, 0x0, 0x0, 0x0,
    0x0, 0xe6, 0x2, 0x6c, 0xf9, 0x23, 0x80, 0x0,
    0x0, 0x0, 0xe6, 0x5f, 0xd8, 0x20, 0x6, 0xe0,
    0x0, 0x0, 0x2, 0xf6, 0x37, 0x44, 0x44, 0x49,
    0xf4, 0x40, 0x0, 0x3e, 0xf6, 0xbf, 0xff, 0xff,
    0xff, 0xff, 0xf1, 0x6, 0xf8, 0xe6, 0x1, 0x70,
    0x0, 0x6, 0xe0, 0x0, 0x2f, 0x60, 0xe6, 0x1,
    0xea, 0x0, 0x6, 0xe0, 0x0, 0x1, 0x0, 0xe6,
    0x0, 0x2f, 0x70, 0x6, 0xe0, 0x0, 0x0, 0x0,
    0xe6, 0x0, 0x6, 0xa0, 0x6, 0xe0, 0x0, 0x0,
    0x0, 0xe6, 0x0, 0x0, 0x4, 0x39, 0xe0, 0x0,
    0x0, 0x0, 0xe6, 0x0, 0x0, 0xe, 0xfe, 0x70,
    0x0,

    /* U+5C4B "屋" */
    0x0, 0x2, 0x22, 0x22, 0x22, 0x22, 0x22, 0x22,
    0x0, 0x0, 0x4f, 0xff, 0xff, 0xff, 0xff, 0xff,
    0xff, 0x10, 0x0, 0x4f, 0x0, 0x0, 0x0, 0x0,
    0x0, 0x4f, 0x10, 0x0, 0x4f, 0x32, 0x22, 0x22,
    0x22, 0x22, 0x6f, 0x10, 0x0, 0x4f, 0xff, 0xff,
    0xff, 0xff, 0xff, 0xff, 0x10, 0x0, 0x5f, 0x0,
    0x0, 0x0, 0x0, 0x0, 0x0, 0x0, 0x0, 0x5f,
    0xdf, 0xff, 0xff, 0xff, 0xff, 0xff, 0xa0, 0x0,
    0x5f, 0x22, 0x2d, 0xd3, 0x22, 0xc7, 0x22, 0x10,
    0x0, 0x6f, 0x1, 0xbc, 0x10, 0x0, 0x6f, 0x80,
    0x0, 0x0, 0x7d, 0xe, 0xfe, 0xee, 0xff, 0xfe,
    0xfa, 0x0, 0x0, 0x9c, 0x7, 0x65, 0x37, 0xf0,
    0x0, 0x2d, 0x30, 0x0, 0xca, 0x2, 0x22, 0x27,
    0xf2, 0x22, 0x22, 0x0, 0x0, 0xf6, 0xf, 0xff,
    0xff, 0xff, 0xff, 0xfc, 0x0, 0x3, 0xf2, 0x0,
    0x0, 0x5, 0xf0, 0x0, 0x0, 0x0, 0xa, 0xd0,
    0x11, 0x11, 0x16, 0xf1, 0x11, 0x11, 0x10, 0x1f,
    0x66, 0xff, 0xff, 0xff, 0xff, 0xff, 0xff, 0xf3,
    0x4, 0x0, 0x0, 0x0, 0x0, 0x0, 0x0, 0x0,
    0x0,

    /* U+5C4F "屏" */
    0x0, 0x13, 0x33, 0x33, 0x33, 0x33, 0x33, 0x33,
    0x10, 0x0, 0x5f, 0xff, 0xff, 0xff, 0xff, 0xff,
    0xff, 0x50, 0x0, 0x5f, 0x0, 0x0, 0x0, 0x0,
    0x0, 0xf, 0x50, 0x0, 0x5f, 0x33, 0x33, 0x33,
    0x33, 0x33, 0x4f, 0x50, 0x0, 0x5f, 0xff, 0xff,
    0xff, 0xff, 0xff, 0xff, 0x50, 0x0, 0x5f, 0x0,
    0x3a, 0x0, 0x0, 0x7, 0x90, 0x0, 0x0, 0x5f,
    0x0, 0xe, 0x80, 0x0, 0x1f, 0x70, 0x0, 0x0,
    0x6f, 0x15, 0x59, 0x85, 0x55, 0x9f, 0x65, 0x40,
    0x0, 0x7f, 0x3c, 0xcd, 0xfc, 0xcc, 0xef, 0xcc,
    0x90, 0x0, 0x8e, 0x0, 0x5, 0xe0, 0x0, 0x6e,
    0x0, 0x0, 0x0, 0x9c, 0x0, 0x6, 0xe0, 0x0,
    0x6e, 0x0, 0x0, 0x0, 0xba, 0xaf, 0xff, 0xff,
    0xff, 0xff, 0xff, 0xf4, 0x0, 0xf6, 0x23, 0x3d,
    0xb3, 0x33, 0x8f, 0x33, 0x30, 0x4, 0xf2, 0x0,
    0x6f, 0x40, 0x0, 0x6e, 0x0, 0x0, 0xc, 0xb0,
    0x19, 0xf7, 0x0, 0x0, 0x6e, 0x0, 0x0, 0xc,
    0x30, 0x8c, 0x30, 0x0, 0x0, 0x6e, 0x0, 0x0,
    0x0, 0x0, 0x0, 0x0, 0x0, 0x0, 0x0, 0x0,
    0x0,

    /* U+5C71 "山" */
    0x0, 0x0, 0x0, 0xd, 0x70, 0x0, 0x0, 0x0,
    0x0, 0x0, 0x0, 0xe7, 0x0, 0x0, 0x0, 0x0,
    0x0, 0x0, 0xe, 0x70, 0x0, 0x0, 0x0, 0xb3,
    0x0, 0x0, 0xe7, 0x0, 0x0, 0x97, 0xf, 0x50,
    0x0, 0xe, 0x70, 0x0, 0xc, 0x90, 0xf5, 0x0,
    0x0, 0xe7, 0x0, 0x0, 0xc9, 0xf, 0x50, 0x0,
    0xe, 0x70, 0x0, 0xc, 0x90, 0xf5, 0x0, 0x0,
    0xe7, 0x0, 0x0, 0xc9, 0xf, 0x50, 0x0, 0xe,
    0x70, 0x0, 0xc, 0x90, 0xf5, 0x0, 0x0, 0xe7,
    0x0, 0x0, 0xc9, 0xf, 0x50, 0x0, 0xe, 0x70,
    0x0, 0xc, 0x90, 0xf5, 0x0, 0x0, 0xe7, 0x0,
    0x0, 0xc9, 0xf, 0x50, 0x0, 0xe, 0x70, 0x0,
    0xc, 0x90, 0xf8, 0x55, 0x55, 0xfa, 0x55, 0x55,
    0xd9, 0xf, 0xff, 0xff, 0xff, 0xff, 0xff, 0xff,
    0x90, 0x0, 0x0, 0x0, 0x0, 0x0, 0x0, 0xc9,

    /* U+5DF2 "已" */
    0x3f, 0xff, 0xff, 0xff, 0xff, 0xff, 0xfe, 0x0,
    0x1, 0x55, 0x55, 0x55, 0x55, 0x55, 0x5a, 0xe0,
    0x0, 0x0, 0x0, 0x0, 0x0, 0x0, 0x0, 0x7e,
    0x0, 0x0, 0x4d, 0x0, 0x0, 0x0, 0x0, 0x7,
    0xe0, 0x0, 0x5, 0xf0, 0x0, 0x0, 0x0, 0x0,
    0x7e, 0x0, 0x0, 0x5f, 0x0, 0x0, 0x0, 0x0,
    0x7, 0xe0, 0x0, 0x5, 0xff, 0xff, 0xff, 0xff,
    0xff, 0xfe, 0x0, 0x0, 0x5f, 0x55, 0x55, 0x55,
    0x55, 0x5a, 0xe0, 0x0, 0x5, 0xf0, 0x0, 0x0,
    0x0, 0x0, 0x24, 0x0, 0x0, 0x5f, 0x0, 0x0,
    0x0, 0x0, 0x0, 0x0, 0x0, 0x5, 0xf0, 0x0,
    0x0, 0x0, 0x0, 0x0, 0x3a, 0x10, 0x5f, 0x0,
    0x0, 0x0, 0x0, 0x0, 0x5, 0xf1, 0x5, 0xf0,
    0x0, 0x0, 0x0, 0x0, 0x0, 0x9e, 0x0, 0x2f,
    0xa5, 0x55, 0x55, 0x55, 0x55, 0x8f, 0x80, 0x0,
    0x6d, 0xff, 0xff, 0xff, 0xff, 0xfd, 0x80, 0x0,

    /* U+5F15 "引" */
    0x0, 0x0, 0x0, 0x0, 0x0, 0x0, 0x5, 0x20,
    0x44, 0x44, 0x44, 0x44, 0x0, 0x0, 0xe6, 0xe,
    0xff, 0xff, 0xff, 0xe0, 0x0, 0xe, 0x60, 0x0,
    0x0, 0x0, 0x6e, 0x0, 0x0, 0xe6, 0x0, 0x0,
    0x0, 0x6, 0xe0, 0x0, 0xe, 0x60, 0x13, 0x33,
    0x33, 0x8e, 0x0, 0x0, 0xe6, 0x6, 0xff, 0xff,
    0xff, 0xe0, 0x0, 0xe, 0x60, 0x9c, 0x0, 0x0,
    0x0, 0x0, 0x0, 0xe6, 0xb, 0x90, 0x0, 0x0,
    0x0, 0x0, 0xe, 0x60, 0xe8, 0x22, 0x22, 0x22,
    0x0, 0x0, 0xe6, 0x2f, 0xff, 0xff, 0xff, 0xf0,
    0x0, 0xe, 0x60, 0x11, 0x11, 0x11, 0x8d, 0x0,
    0x0, 0xe6, 0x0, 0x0, 0x0, 0x9, 0xc0, 0x0,
    0xe, 0x60, 0x0, 0x0, 0x0, 0xca, 0x0, 0x0,
    0xe6, 0x0, 0x0, 0x0, 0xf, 0x70, 0x0, 0xe,
    0x60, 0x0, 0x65, 0x59, 0xf3, 0x0, 0x0, 0xe6,
    0x0, 0xa, 0xff, 0xe8, 0x0, 0x0, 0xe, 0x60,

    /* U+5F31 "弱" */
    0x2, 0x44, 0x44, 0x44, 0x2, 0x44, 0x44, 0x44,
    0x10, 0x7e, 0xee, 0xee, 0xf2, 0x7e, 0xee, 0xef,
    0xf4, 0x0, 0x0, 0x0, 0x2f, 0x20, 0x0, 0x0,
    0xf, 0x40, 0x0, 0x0, 0x2, 0xf2, 0x0, 0x0,
    0x1, 0xf4, 0x0, 0xff, 0xff, 0xff, 0x20, 0xff,
    0xff, 0xff, 0x40, 0xf, 0x63, 0x33, 0x30, 0xf,
    0x63, 0x33, 0x30, 0x1, 0xf3, 0x0, 0x0, 0x1,
    0xf3, 0x0, 0x0, 0x0, 0x2f, 0x53, 0x33, 0x31,
    0x2f, 0x53, 0x33, 0x31, 0x3, 0xff, 0xff, 0xff,
    0x43, 0xff, 0xff, 0xff, 0x80, 0x7, 0x30, 0x1,
    0xf3, 0x7, 0x30, 0x0, 0xd7, 0x1, 0x9e, 0xd6,
    0x2f, 0x20, 0x9e, 0xd6, 0xe, 0x60, 0x0, 0x5,
    0x97, 0xf1, 0x0, 0x5, 0x95, 0xf5, 0x0, 0x27,
    0xbf, 0xdf, 0x0, 0x26, 0xbf, 0xbf, 0x30, 0xcf,
    0xb5, 0x18, 0xd0, 0x9f, 0xb5, 0x3, 0xf1, 0x2,
    0x1, 0x23, 0xe9, 0x1, 0x10, 0x0, 0x8e, 0x0,
    0x0, 0x4f, 0xfd, 0x20, 0x0, 0x8f, 0xff, 0x70,
    0x0, 0x0, 0x0, 0x0, 0x0, 0x0, 0x22, 0x10,
    0x0,

    /* U+606F "息" */
    0x0, 0x0, 0x0, 0x0, 0x0, 0x0, 0x0, 0x0,
    0x0, 0x0, 0x0, 0x0, 0xc, 0xb0, 0x0, 0x0,
    0x0, 0x0, 0x1, 0x33, 0x35, 0xf8, 0x33, 0x33,
    0x10, 0x0, 0x0, 0x5f, 0xdd, 0xdd, 0xdd, 0xdd,
    0xf6, 0x0, 0x0, 0x5, 0xe0, 0x0, 0x0, 0x0,
    0xe, 0x60, 0x0, 0x0, 0x5f, 0xff, 0xff, 0xff,
    0xff, 0xf6, 0x0, 0x0, 0x5, 0xe0, 0x0, 0x0,
    0x0, 0xe, 0x60, 0x0, 0x0, 0x5f, 0x33, 0x33,
    0x33, 0x33, 0xf6, 0x0, 0x0, 0x5, 0xfc, 0xcc,
    0xcc, 0xcc, 0xcf, 0x60, 0x0, 0x0, 0x5e, 0x0,
    0x0, 0x0, 0x0, 0xe6, 0x0, 0x0, 0x5, 0xff,
    0xff, 0xff, 0xff, 0xff, 0x60, 0x0, 0x0, 0x1,
    0x11, 0x3d, 0x41, 0x11, 0x10, 0x0, 0x0, 0x47,
    0x1b, 0x20, 0x8e, 0x20, 0x1, 0xe4, 0x0, 0xc,
    0x92, 0xf2, 0x0, 0xbc, 0x1, 0xa, 0xd0, 0x3,
    0xf3, 0x2f, 0x20, 0x1, 0x10, 0x7b, 0x1f, 0x70,
    0xcb, 0x1, 0xf7, 0x33, 0x33, 0x4c, 0x90, 0x9a,
    0x2, 0x20, 0x9, 0xff, 0xff, 0xff, 0xd2, 0x0,
    0x0,

    /* U+60A0 "悠" */
    0x0, 0x0, 0x0, 0x0, 0x0, 0x0, 0x0, 0x0,
    0x0, 0x0, 0x0, 0x9c, 0x0, 0x0, 0xc9, 0x0,
    0x0, 0x0, 0x0, 0x4, 0xf4, 0x0, 0x4, 0xf5,
    0x0, 0x0, 0x0, 0x0, 0x1e, 0x92, 0xf1, 0xc,
    0xff, 0xff, 0xff, 0xf1, 0x1, 0xdf, 0x52, 0xf1,
    0x8f, 0xc2, 0x22, 0xf8, 0x20, 0x1d, 0xef, 0x52,
    0xf7, 0xf9, 0xf2, 0x5, 0xf1, 0x0, 0x3d, 0x1e,
    0x52, 0xf6, 0x90, 0x8c, 0x1e, 0x90, 0x0, 0x0,
    0xe, 0x52, 0xf1, 0x0, 0xe, 0xed, 0x0, 0x0,
    0x0, 0xe, 0x52, 0xf1, 0x0, 0x1c, 0xfa, 0x0,
    0x0, 0x0, 0xe, 0x52, 0xf1, 0x18, 0xfc, 0x6e,
    0xd4, 0x0, 0x0, 0xe, 0x50, 0x20, 0xdd, 0x60,
    0x1, 0xaf, 0xe2, 0x0, 0x0, 0x0, 0x9, 0xc1,
    0x0, 0x0, 0x1, 0x50, 0x0, 0x39, 0x1f, 0x41,
    0xaf, 0x50, 0x3, 0xf3, 0x0, 0x0, 0x9c, 0xf,
    0x40, 0x6, 0xf6, 0x0, 0xad, 0x0, 0x1, 0xf5,
    0xf, 0x40, 0x0, 0x30, 0x4e, 0x1f, 0x80, 0xb,
    0xd0, 0xf, 0x83, 0x33, 0x33, 0xad, 0x7, 0xf1,
    0x5, 0x30, 0x8, 0xef, 0xff, 0xff, 0xe5, 0x0,
    0x50,

    /* U+6210 "成" */
    0x0, 0x0, 0x0, 0x0, 0x0, 0x10, 0x0, 0x0,
    0x0, 0x0, 0x0, 0x0, 0x0, 0x5, 0xf1, 0xb9,
    0x10, 0x0, 0x0, 0x0, 0x0, 0x0, 0x4, 0xf1,
    0x2b, 0xf5, 0x0, 0x0, 0x0, 0x0, 0x0, 0x5,
    0xf2, 0x1, 0x79, 0x0, 0x0, 0xdf, 0xff, 0xff,
    0xff, 0xff, 0xff, 0xff, 0xf0, 0x0, 0xda, 0x33,
    0x33, 0x35, 0xf6, 0x33, 0x33, 0x30, 0x0, 0xd8,
    0x0, 0x0, 0x0, 0xf5, 0x0, 0x21, 0x0, 0x0,
    0xdb, 0x55, 0x55, 0x10, 0xe7, 0x0, 0xca, 0x0,
    0x0, 0xdf, 0xee, 0xef, 0x20, 0xc9, 0x2, 0xf4,
    0x0, 0x0, 0xe8, 0x0, 0x2f, 0x20, 0xac, 0x9,
    0xd0, 0x0, 0x0, 0xf8, 0x0, 0x2f, 0x10, 0x6f,
    0x3f, 0x60, 0x0, 0x0, 0xf6, 0x0, 0x3f, 0x0,
    0x2f, 0xdc, 0x0, 0x0, 0x1, 0xf4, 0x0, 0x4f,
    0x0, 0xe, 0xf2, 0x0, 0x10, 0x5, 0xf2, 0x65,
    0xbd, 0x0, 0x7f, 0xe0, 0x1, 0xe0, 0x9, 0xd0,
    0xad, 0xc4, 0x9, 0xfa, 0xf7, 0x3, 0xf0, 0x1f,
    0x80, 0x0, 0x6, 0xed, 0x30, 0x9f, 0x8a, 0xc0,
    0x3e, 0x10, 0x0, 0x8, 0xa0, 0x0, 0x8, 0xee,
    0x40, 0x0, 0x0, 0x0, 0x0, 0x0, 0x0, 0x0,
    0x0, 0x0,

    /* U+624B "手" */
    0x0, 0x0, 0x0, 0x0, 0x0, 0x0, 0x1, 0x20,
    0x0, 0x0, 0x0, 0x0, 0x13, 0x46, 0x8a, 0xef,
    0xe1, 0x0, 0x0, 0xae, 0xff, 0xff, 0xff, 0xb9,
    0x63, 0x0, 0x0, 0x0, 0x35, 0x43, 0x20, 0xab,
    0x0, 0x0, 0x0, 0x0, 0x0, 0x0, 0x0, 0x0,
    0xab, 0x0, 0x0, 0x0, 0x0, 0x0, 0x0, 0x0,
    0x0, 0xab, 0x0, 0x0, 0x0, 0x0, 0x0, 0xef,
    0xff, 0xff, 0xff, 0xff, 0xff, 0xff, 0x10, 0x0,
    0x44, 0x44, 0x44, 0xcc, 0x44, 0x44, 0x44, 0x0,
    0x0, 0x0, 0x0, 0x0, 0xab, 0x0, 0x0, 0x0,
    0x0, 0x0, 0x0, 0x0, 0x0, 0xab, 0x0, 0x0,
    0x0, 0x0, 0x1f, 0xff, 0xff, 0xff, 0xff, 0xff,
    0xff, 0xff, 0xf2, 0x5, 0x55, 0x55, 0x55, 0xcd,
    0x55, 0x55, 0x55, 0x50, 0x0, 0x0, 0x0, 0x0,
    0xab, 0x0, 0x0, 0x0, 0x0, 0x0, 0x0, 0x0,
    0x0, 0xab, 0x0, 0x0, 0x0, 0x0, 0x0, 0x0,
    0x0, 0x0, 0xab, 0x0, 0x0, 0x0, 0x0, 0x0,
    0x0, 0x25, 0x55, 0xda, 0x0, 0x0, 0x0, 0x0,
    0x0, 0x0, 0x3f, 0xfe, 0xc3, 0x0, 0x0, 0x0,
    0x0,

    /* U+62E9 "择" */
    0x0, 0x5, 0x40, 0x0, 0x0, 0x0, 0x0, 0x0,
    0x0, 0x0, 0xb, 0x90, 0x2, 0x22, 0x22, 0x22,
    0x22, 0x0, 0x0, 0xb, 0x90, 0xc, 0xff, 0xff,
    0xff, 0xff, 0x10, 0x0, 0xb, 0x90, 0x0, 0x6d,
    0x10, 0x2, 0xe7, 0x0, 0x4, 0x4c, 0xb4, 0x30,
    0xc, 0x90, 0xc, 0xb0, 0x0, 0x1f, 0xff, 0xff,
    0xb0, 0x1, 0xd9, 0xcb, 0x0, 0x0, 0x0, 0xb,
    0x90, 0x0, 0x2, 0xaf, 0xf7, 0x10, 0x0, 0x0,
    0xb, 0x90, 0x28, 0xdf, 0x81, 0x3b, 0xfc, 0x82,
    0x0, 0xb, 0xb8, 0x8a, 0x50, 0xd, 0x60, 0x27,
    0xa0, 0x1, 0x6e, 0xff, 0x70, 0x0, 0xe, 0x60,
    0x0, 0x0, 0x2f, 0xff, 0xb1, 0x6, 0xff, 0xff,
    0xff, 0xfd, 0x0, 0x5, 0x1b, 0x90, 0x1, 0x44,
    0x4f, 0x94, 0x43, 0x0, 0x0, 0xb, 0x90, 0x0,
    0x0, 0xe, 0x60, 0x0, 0x0, 0x0, 0xb, 0x90,
    0x4f, 0xff, 0xff, 0xff, 0xff, 0xf2, 0x0, 0xb,
    0x90, 0x14, 0x44, 0x4f, 0x94, 0x44, 0x40, 0x2,
    0x4d, 0x90, 0x0, 0x0, 0xe, 0x60, 0x0, 0x0,
    0x7, 0xfd, 0x30, 0x0, 0x0, 0xe, 0x60, 0x0,
    0x0,

    /* U+6309 "按" */
    0x0, 0x5, 0x50, 0x0, 0x0, 0x7, 0x20, 0x0,
    0x0, 0x0, 0xa, 0xa0, 0x0, 0x0, 0xe, 0x80,
    0x0, 0x0, 0x0, 0xa, 0xa0, 0x0, 0x0, 0xa,
    0xc0, 0x0, 0x0, 0x0, 0xa, 0xa0, 0xc, 0xdd,
    0xde, 0xfd, 0xdd, 0xd2, 0x5, 0x5c, 0xc5, 0x3e,
    0xb8, 0x88, 0x88, 0x89, 0xf2, 0x1f, 0xff, 0xff,
    0x9e, 0x50, 0x49, 0x0, 0x1, 0xf2, 0x0, 0xa,
    0xa0, 0xa, 0x30, 0xbb, 0x0, 0x1, 0xa2, 0x0,
    0xa, 0xa0, 0x0, 0x2, 0xf6, 0x0, 0x0, 0x0,
    0x0, 0xa, 0xa0, 0x6f, 0xff, 0xff, 0xff, 0xff,
    0xf6, 0x0, 0xa, 0xb6, 0xa2, 0x3f, 0x82, 0x23,
    0xf7, 0x21, 0x4, 0x9e, 0xfc, 0x70, 0x7f, 0x10,
    0x5, 0xf1, 0x0, 0x2f, 0xbd, 0xa0, 0x1, 0xfa,
    0x0, 0xb, 0xc0, 0x0, 0x0, 0xa, 0xa0, 0x0,
    0x7e, 0xd5, 0x5f, 0x30, 0x0, 0x0, 0xa, 0xa0,
    0x0, 0x0, 0x7e, 0xfb, 0x0, 0x0, 0x0, 0xa,
    0xa0, 0x0, 0x1, 0x9f, 0xbf, 0xc3, 0x0, 0x2,
    0x3c, 0xa0, 0x16, 0xaf, 0xd3, 0x2, 0xbf, 0x80,
    0x8, 0xfe, 0x40, 0x1e, 0x94, 0x0, 0x0, 0x6,
    0xc1, 0x0, 0x0, 0x0, 0x0, 0x0, 0x0, 0x0,
    0x0, 0x0,

    /* U+6362 "换" */
    0x0, 0xe, 0x40, 0x0, 0x9, 0xa0, 0x0, 0x0,
    0x0, 0x0, 0xf, 0x40, 0x0, 0x3f, 0xa4, 0x44,
    0x40, 0x0, 0x0, 0xf, 0x40, 0x1, 0xde, 0xdd,
    0xdf, 0xe1, 0x0, 0x17, 0x8f, 0xa7, 0x1d, 0xd1,
    0x0, 0x5e, 0x30, 0x0, 0x18, 0x9f, 0xa8, 0xaf,
    0xdc, 0xcc, 0xfe, 0xca, 0x0, 0x0, 0xf, 0x40,
    0x1c, 0xb4, 0x4f, 0x84, 0xad, 0x0, 0x0, 0xf,
    0x40, 0xa, 0x90, 0xf, 0x40, 0x8d, 0x0, 0x0,
    0xf, 0x41, 0xa, 0x90, 0xf, 0x40, 0x8d, 0x0,
    0x0, 0x2f, 0xdf, 0x2a, 0x90, 0x1f, 0x30, 0x8d,
    0x0, 0x2d, 0xff, 0xb4, 0x3c, 0xb3, 0x5f, 0x43,
    0x9d, 0x30, 0x19, 0x5f, 0x40, 0xff, 0xff, 0xff,
    0xff, 0xff, 0xf1, 0x0, 0xf, 0x40, 0x0, 0x1,
    0xed, 0xb0, 0x0, 0x0, 0x0, 0xf, 0x40, 0x0,
    0xc, 0xc0, 0xc9, 0x0, 0x0, 0x0, 0xf, 0x40,
    0x2, 0xdd, 0x10, 0x1e, 0xa1, 0x0, 0x4, 0x6f,
    0x42, 0x9f, 0x90, 0x0, 0x2, 0xde, 0x71, 0x9,
    0xfb, 0x9, 0xc3, 0x0, 0x0, 0x0, 0x7, 0xc1,
    0x0, 0x0, 0x0, 0x0, 0x0, 0x0, 0x0, 0x0,
    0x0,

    /* U+63A5 "接" */
    0x0, 0x1e, 0x20, 0x0, 0x0, 0x68, 0x0, 0x0,
    0x0, 0x0, 0x1f, 0x20, 0x0, 0x0, 0x4f, 0x30,
    0x0, 0x0, 0x0, 0x1f, 0x20, 0x1f, 0xff, 0xff,
    0xff, 0xff, 0xa0, 0x14, 0x6f, 0x64, 0x1, 0x76,
    0x11, 0x15, 0x92, 0x10, 0x4f, 0xff, 0xfe, 0x0,
    0x4f, 0x10, 0xc, 0x90, 0x0, 0x0, 0x1f, 0x20,
    0x0, 0xa, 0x40, 0x5e, 0x10, 0x0, 0x0, 0x1f,
    0x20, 0xbf, 0xff, 0xff, 0xff, 0xff, 0xf2, 0x0,
    0x1f, 0x20, 0x12, 0x22, 0xc7, 0x22, 0x22, 0x20,
    0x0, 0x4f, 0xdd, 0x0, 0x4, 0xf1, 0x0, 0x0,
    0x0, 0x4e, 0xff, 0x82, 0xef, 0xff, 0xff, 0xff,
    0xff, 0xf5, 0x27, 0x4f, 0x20, 0x33, 0xae, 0x33,
    0x38, 0xf3, 0x31, 0x0, 0x1f, 0x20, 0x3, 0xf5,
    0x0, 0xd, 0x90, 0x0, 0x0, 0x1f, 0x20, 0x5,
    0xcf, 0xb6, 0xae, 0x10, 0x0, 0x0, 0x1f, 0x20,
    0x0, 0x1, 0xbf, 0xfb, 0x20, 0x0, 0x4, 0x6f,
    0x10, 0x47, 0x9e, 0xe7, 0x4b, 0xfb, 0x20, 0xb,
    0xfa, 0x0, 0xdc, 0x85, 0x0, 0x0, 0x3c, 0x60,
    0x0, 0x0, 0x0, 0x0, 0x0, 0x0, 0x0, 0x0,
    0x0,

    /* U+64AD "播" */
    0x0, 0x1, 0x0, 0x0, 0x0, 0x0, 0x0, 0x0,
    0x0, 0x0, 0xf, 0x40, 0x0, 0x23, 0x46, 0x8a,
    0xdd, 0x0, 0x0, 0xf, 0x40, 0x7f, 0xed, 0xcf,
    0xa7, 0x62, 0x0, 0x0, 0xf, 0x40, 0x4, 0x90,
    0xf, 0x20, 0xc8, 0x0, 0x15, 0x5f, 0x85, 0x12,
    0xf3, 0xf, 0x23, 0xf1, 0x0, 0x3f, 0xff, 0xff,
    0x53, 0xb7, 0x4f, 0x5a, 0xb3, 0x30, 0x0, 0xf,
    0x40, 0xbe, 0xef, 0xff, 0xff, 0xee, 0xe0, 0x0,
    0xf, 0x40, 0x0, 0x1c, 0xbf, 0xad, 0x20, 0x0,
    0x0, 0xf, 0x66, 0x3, 0xea, 0x1f, 0x27, 0xf6,
    0x0, 0x2, 0x7f, 0xfe, 0xce, 0x50, 0xe, 0x20,
    0x3d, 0xd3, 0x6f, 0xcf, 0x41, 0x9c, 0xbb, 0xbb,
    0xbb, 0xbc, 0x70, 0x13, 0xf, 0x40, 0xe, 0x74,
    0x5f, 0x54, 0x6f, 0x10, 0x0, 0xf, 0x40, 0xe,
    0x40, 0xf, 0x10, 0x2f, 0x10, 0x0, 0xf, 0x40,
    0xe, 0xff, 0xff, 0xff, 0xff, 0x10, 0x0, 0xf,
    0x40, 0xe, 0x40, 0x1f, 0x20, 0x2f, 0x10, 0x3,
    0x4f, 0x30, 0xe, 0x62, 0x3f, 0x42, 0x5f, 0x10,
    0xc, 0xfc, 0x0, 0xe, 0xed, 0xdd, 0xdd, 0xde,
    0x10, 0x0, 0x0, 0x0, 0x0, 0x0, 0x0, 0x0,
    0x0, 0x0,

    /* U+653E "放" */
    0x0, 0x0, 0x30, 0x0, 0x0, 0x4, 0x10, 0x0,
    0x0, 0x0, 0x0, 0xe6, 0x0, 0x0, 0x1f, 0x50,
    0x0, 0x0, 0x0, 0x0, 0x9c, 0x0, 0x0, 0x5f,
    0x10, 0x0, 0x0, 0x6, 0x66, 0x89, 0x66, 0x50,
    0x9d, 0x0, 0x0, 0x0, 0x1d, 0xdf, 0xed, 0xdd,
    0xc0, 0xdf, 0xff, 0xff, 0xf4, 0x0, 0xf, 0x50,
    0x0, 0x1, 0xf8, 0x44, 0x9f, 0x41, 0x0, 0xf,
    0x50, 0x0, 0x8, 0xf8, 0x0, 0x9b, 0x0, 0x0,
    0xf, 0x95, 0x55, 0x1e, 0xfb, 0x0, 0xc8, 0x0,
    0x0, 0xf, 0xee, 0xef, 0x9f, 0x7e, 0x0, 0xf4,
    0x0, 0x0, 0xf, 0x50, 0x3f, 0x77, 0xf, 0x45,
    0xf1, 0x0, 0x0, 0xf, 0x40, 0x4f, 0x0, 0xb,
    0xab, 0xa0, 0x0, 0x0, 0x3f, 0x20, 0x4f, 0x0,
    0x4, 0xff, 0x30, 0x0, 0x0, 0x6f, 0x0, 0x5f,
    0x0, 0x0, 0xed, 0x0, 0x0, 0x0, 0xcb, 0x0,
    0x6e, 0x0, 0xa, 0xff, 0x60, 0x0, 0x3, 0xf5,
    0x0, 0x7d, 0x0, 0xaf, 0x48, 0xf5, 0x0, 0xd,
    0xc0, 0x33, 0xca, 0x5e, 0xf4, 0x0, 0xaf, 0xa1,
    0x2d, 0x20, 0xbf, 0xe4, 0xcb, 0x10, 0x0, 0x6,
    0xe2, 0x0, 0x0, 0x0, 0x0, 0x0, 0x0, 0x0,
    0x0, 0x0,

    /* U+65B9 "方" */
    0x0, 0x0, 0x0, 0x0, 0x1, 0x0, 0x0, 0x0,
    0x0, 0x0, 0x0, 0x0, 0xc, 0xb0, 0x0, 0x0,
    0x0, 0x0, 0x0, 0x0, 0x0, 0x6f, 0x30, 0x0,
    0x0, 0x0, 0x0, 0x0, 0x0, 0x0, 0xd4, 0x0,
    0x0, 0x0, 0xb, 0xff, 0xff, 0xff, 0xff, 0xff,
    0xff, 0xff, 0xe0, 0x34, 0x44, 0x4d, 0xc4, 0x44,
    0x44, 0x44, 0x44, 0x0, 0x0, 0x0, 0xe9, 0x0,
    0x0, 0x0, 0x0, 0x0, 0x0, 0x0, 0xf, 0x70,
    0x0, 0x0, 0x0, 0x0, 0x0, 0x0, 0x1, 0xff,
    0xff, 0xff, 0xff, 0xf1, 0x0, 0x0, 0x0, 0x5f,
    0x75, 0x55, 0x55, 0x9f, 0x0, 0x0, 0x0, 0x9,
    0xe0, 0x0, 0x0, 0x6, 0xf0, 0x0, 0x0, 0x0,
    0xda, 0x0, 0x0, 0x0, 0x8d, 0x0, 0x0, 0x0,
    0x4f, 0x40, 0x0, 0x0, 0xa, 0xc0, 0x0, 0x0,
    0xd, 0xc0, 0x0, 0x0, 0x0, 0xc9, 0x0, 0x0,
    0xb, 0xe2, 0x0, 0x0, 0x0, 0xf, 0x70, 0x0,
    0x3c, 0xf4, 0x0, 0x1, 0x54, 0x49, 0xf2, 0x0,
    0xc, 0xc2, 0x0, 0x0, 0x1f, 0xff, 0xe7, 0x0,
    0x0, 0x0, 0x0, 0x0, 0x0, 0x0, 0x0, 0x0,
    0x0,

    /* U+65F6 "时" */
    0x0, 0x0, 0x0, 0x0, 0x0, 0x0, 0x1c, 0x30,
    0x2, 0x66, 0x66, 0x61, 0x0, 0x0, 0x1, 0xf4,
    0x0, 0x5f, 0xdd, 0xdf, 0x40, 0x0, 0x0, 0x1f,
    0x40, 0x5, 0xe0, 0x0, 0xf4, 0x55, 0x55, 0x56,
    0xf8, 0x52, 0x5e, 0x0, 0xf, 0x4d, 0xff, 0xff,
    0xff, 0xff, 0x75, 0xe0, 0x0, 0xf4, 0x0, 0x0,
    0x1, 0xf4, 0x0, 0x5f, 0x33, 0x3f, 0x40, 0x50,
    0x0, 0x1f, 0x40, 0x5, 0xff, 0xff, 0xf4, 0x1e,
    0x80, 0x1, 0xf4, 0x0, 0x5e, 0x0, 0xf, 0x40,
    0x5f, 0x40, 0x1f, 0x40, 0x5, 0xe0, 0x0, 0xf4,
    0x0, 0xad, 0x1, 0xf4, 0x0, 0x5e, 0x0, 0xf,
    0x40, 0x1, 0xf6, 0x1f, 0x40, 0x5, 0xe1, 0x11,
    0xf4, 0x0, 0x1, 0x1, 0xf4, 0x0, 0x5f, 0xff,
    0xff, 0x40, 0x0, 0x0, 0x1f, 0x40, 0x5, 0xe1,
    0x11, 0x10, 0x0, 0x0, 0x1, 0xf4, 0x0, 0x4b,
    0x0, 0x0, 0x0, 0x3, 0x55, 0x7f, 0x30, 0x0,
    0x0, 0x0, 0x0, 0x0, 0x6f, 0xfe, 0xa0, 0x0,

    /* U+665A "晚" */
    0x0, 0x0, 0x0, 0x0, 0xa9, 0x0, 0x0, 0x0,
    0x7, 0x88, 0x88, 0x0, 0x4f, 0x95, 0x55, 0x0,
    0x0, 0xdc, 0xab, 0xf1, 0xc, 0xec, 0xcd, 0xf3,
    0x0, 0xd, 0x60, 0x2f, 0x19, 0xe1, 0x0, 0xc8,
    0x0, 0x0, 0xd6, 0x2, 0xf9, 0xfb, 0x88, 0xbf,
    0x98, 0x83, 0xd, 0x60, 0x2f, 0xaf, 0x97, 0x7f,
    0xa7, 0x7f, 0x50, 0xde, 0xdd, 0xf1, 0xe4, 0x0,
    0xf4, 0x0, 0xe5, 0xd, 0x95, 0x7f, 0x1e, 0x40,
    0x2f, 0x20, 0xe, 0x50, 0xd6, 0x2, 0xf1, 0xe6,
    0x25, 0xf3, 0x22, 0xe5, 0xd, 0x60, 0x2f, 0x1e,
    0xff, 0xff, 0xff, 0xff, 0x50, 0xd6, 0x2, 0xf1,
    0x0, 0xc, 0xaf, 0x30, 0x0, 0xd, 0x84, 0x6f,
    0x10, 0x3, 0xf4, 0xf3, 0x0, 0x0, 0xdf, 0xff,
    0xf1, 0x1, 0xdb, 0xf, 0x30, 0x2, 0xd, 0x60,
    0x0, 0x2, 0xde, 0x10, 0xf3, 0x0, 0xf1, 0x73,
    0x0, 0x28, 0xfc, 0x10, 0xf, 0x73, 0x6f, 0x0,
    0x0, 0x3f, 0xd6, 0x0, 0x0, 0xaf, 0xff, 0x90,
    0x0, 0x0, 0x20, 0x0, 0x0, 0x0, 0x0, 0x0,
    0x0,

    /* U+6682 "暂" */
    0x0, 0x0, 0x10, 0x0, 0x0, 0x0, 0x0, 0x0,
    0x0, 0x0, 0x2, 0xf4, 0x0, 0x0, 0x1, 0x36,
    0x9c, 0x30, 0xf, 0xff, 0xff, 0xff, 0xf4, 0xdf,
    0xdb, 0x95, 0x10, 0x1, 0x6f, 0x33, 0x21, 0x10,
    0xd5, 0x0, 0x0, 0x0, 0x1, 0xe5, 0xc, 0x70,
    0x0, 0xd6, 0x11, 0x11, 0x10, 0xa, 0xff, 0xff,
    0xff, 0xf5, 0xef, 0xff, 0xff, 0xf1, 0x2, 0x22,
    0x2c, 0x82, 0x20, 0xf3, 0x3, 0xf0, 0x0, 0x0,
    0x2, 0x3d, 0xb8, 0xa4, 0xf1, 0x3, 0xf0, 0x0,
    0xe, 0xff, 0xef, 0xd8, 0x68, 0xd0, 0x3, 0xf0,
    0x0, 0x3, 0x20, 0xc, 0x70, 0xe, 0x60, 0x3,
    0xf0, 0x0, 0x0, 0x1, 0x18, 0x51, 0x15, 0x21,
    0x13, 0x90, 0x0, 0x0, 0xd, 0xff, 0xff, 0xff,
    0xff, 0xff, 0xe0, 0x0, 0x0, 0xd, 0x60, 0x0,
    0x0, 0x0, 0x6, 0xe0, 0x0, 0x0, 0xd, 0xfe,
    0xee, 0xee, 0xee, 0xef, 0xe0, 0x0, 0x0, 0xd,
    0x70, 0x0, 0x0, 0x0, 0x6, 0xe0, 0x0, 0x0,
    0xd, 0x71, 0x11, 0x11, 0x11, 0x17, 0xe0, 0x0,
    0x0, 0xd, 0xff, 0xff, 0xff, 0xff, 0xff, 0xe0,
    0x0,

    /* U+6696 "暖" */
    0x0, 0x0, 0x0, 0x0, 0x0, 0x0, 0x0, 0x10,
    0x0, 0x0, 0x0, 0x25, 0x67, 0x8a, 0xbd, 0xfe,
    0x10, 0xdf, 0xff, 0xe3, 0xba, 0x99, 0xa5, 0x44,
    0x40, 0xd, 0x83, 0x7e, 0x7, 0x80, 0x5c, 0x0,
    0x9c, 0x0, 0xd5, 0x4, 0xe0, 0x4e, 0x2, 0xf0,
    0x1f, 0x30, 0xd, 0x50, 0x4e, 0x3, 0xd4, 0x39,
    0x3a, 0xc2, 0x10, 0xd5, 0x4, 0xe3, 0xff, 0xff,
    0xff, 0xff, 0xf9, 0xd, 0xb9, 0xbe, 0x0, 0x1f,
    0x30, 0x0, 0x0, 0x0, 0xd9, 0x69, 0xeb, 0xef,
    0xff, 0xee, 0xee, 0xee, 0xd, 0x50, 0x4e, 0x23,
    0x8f, 0x33, 0x33, 0x33, 0x30, 0xd5, 0x4, 0xe0,
    0x9, 0xd1, 0x11, 0x12, 0x0, 0xd, 0x50, 0x4e,
    0x0, 0xef, 0xee, 0xee, 0xf9, 0x0, 0xd8, 0x47,
    0xe0, 0x4f, 0xe5, 0x0, 0x2f, 0x20, 0xd, 0xff,
    0xfe, 0xc, 0xb2, 0xe5, 0x1d, 0x80, 0x0, 0xd5,
    0x0, 0x7, 0xf2, 0x3, 0xfe, 0xa0, 0x0, 0x2,
    0x0, 0x7, 0xf7, 0x4, 0xbe, 0xcf, 0xa5, 0x10,
    0x0, 0x1, 0xe6, 0x2f, 0xe8, 0x10, 0x3a, 0xff,
    0x10, 0x0, 0x0, 0x0, 0x20, 0x0, 0x0, 0x0,
    0x20,

    /* U+6709 "有" */
    0x0, 0x0, 0x0, 0x2, 0x0, 0x0, 0x0, 0x0,
    0x0, 0x0, 0x0, 0x3, 0xf4, 0x0, 0x0, 0x0,
    0x0, 0x0, 0x0, 0x0, 0x8e, 0x0, 0x0, 0x0,
    0x0, 0x0, 0xcf, 0xff, 0xff, 0xff, 0xff, 0xff,
    0xff, 0xfe, 0x4, 0x44, 0x4a, 0xf5, 0x44, 0x44,
    0x44, 0x44, 0x40, 0x0, 0x1, 0xe9, 0x0, 0x0,
    0x0, 0x0, 0x0, 0x0, 0x0, 0x9f, 0x74, 0x44,
    0x44, 0x44, 0x30, 0x0, 0x0, 0x3f, 0xff, 0xff,
    0xff, 0xff, 0xfc, 0x0, 0x0, 0x2e, 0xfe, 0x0,
    0x0, 0x0, 0x8, 0xc0, 0x0, 0x2e, 0xd7, 0xf3,
    0x33, 0x33, 0x33, 0x9c, 0x0, 0x1e, 0xc1, 0x6f,
    0xff, 0xff, 0xff, 0xff, 0xc0, 0x0, 0x60, 0x6,
    0xe0, 0x0, 0x0, 0x0, 0x8c, 0x0, 0x0, 0x0,
    0x6f, 0x33, 0x33, 0x33, 0x39, 0xc0, 0x0, 0x0,
    0x6, 0xff, 0xff, 0xff, 0xff, 0xfc, 0x0, 0x0,
    0x0, 0x6e, 0x0, 0x0, 0x0, 0x8, 0xc0, 0x0,
    0x0, 0x6, 0xe0, 0x0, 0x2, 0x44, 0xbc, 0x0,
    0x0, 0x0, 0x6e, 0x0, 0x0, 0x4f, 0xfd, 0x50,
    0x0,

    /* U+6728 "木" */
    0x0, 0x0, 0x0, 0x0, 0x56, 0x0, 0x0, 0x0,
    0x0, 0x0, 0x0, 0x0, 0x0, 0x9c, 0x0, 0x0,
    0x0, 0x0, 0x0, 0x0, 0x0, 0x0, 0x9c, 0x0,
    0x0, 0x0, 0x0, 0x0, 0x0, 0x0, 0x0, 0x9c,
    0x0, 0x0, 0x0, 0x0, 0x0, 0x0, 0x0, 0x0,
    0x9c, 0x0, 0x0, 0x0, 0x0, 0xa, 0xee, 0xee,
    0xee, 0xff, 0xee, 0xee, 0xee, 0xd0, 0x4, 0x66,
    0x66, 0x6a, 0xff, 0xc6, 0x66, 0x66, 0x60, 0x0,
    0x0, 0x0, 0xd, 0xff, 0xf1, 0x0, 0x0, 0x0,
    0x0, 0x0, 0x0, 0x8d, 0xac, 0xbb, 0x0, 0x0,
    0x0, 0x0, 0x0, 0x4, 0xf3, 0x9c, 0x1e, 0x80,
    0x0, 0x0, 0x0, 0x0, 0x2f, 0x60, 0x9c, 0x3,
    0xf5, 0x0, 0x0, 0x0, 0x3, 0xeb, 0x0, 0x9c,
    0x0, 0x7f, 0x60, 0x0, 0x0, 0x4f, 0xc0, 0x0,
    0x9c, 0x0, 0x9, 0xf7, 0x0, 0x9, 0xfb, 0x0,
    0x0, 0x9c, 0x0, 0x0, 0x8f, 0xc2, 0x1d, 0x70,
    0x0, 0x0, 0x9c, 0x0, 0x0, 0x5, 0xd2, 0x0,
    0x0, 0x0, 0x0, 0x9c, 0x0, 0x0, 0x0, 0x0,
    0x0, 0x0, 0x0, 0x0, 0x9c, 0x0, 0x0, 0x0,
    0x0,

    /* U+673A "机" */
    0x0, 0x0, 0x82, 0x0, 0x0, 0x0, 0x0, 0x0,
    0x0, 0x0, 0x1, 0xf3, 0x0, 0x1, 0x11, 0x11,
    0x10, 0x0, 0x0, 0x1, 0xf3, 0x0, 0xf, 0xff,
    0xff, 0xf0, 0x0, 0x0, 0x1, 0xf3, 0x0, 0xf,
    0x62, 0x27, 0xf0, 0x0, 0x4, 0x45, 0xf7, 0x43,
    0xf, 0x40, 0x5, 0xf0, 0x0, 0xf, 0xff, 0xff,
    0xfe, 0xf, 0x40, 0x5, 0xf0, 0x0, 0x0, 0x7,
    0xf4, 0x0, 0xf, 0x40, 0x5, 0xf0, 0x0, 0x0,
    0xd, 0xf4, 0x0, 0xf, 0x40, 0x5, 0xf0, 0x0,
    0x0, 0x3f, 0xfe, 0x20, 0x1f, 0x30, 0x5, 0xf0,
    0x0, 0x0, 0x99, 0xfa, 0xe2, 0x1f, 0x30, 0x5,
    0xf0, 0x0, 0x1, 0xf3, 0xf3, 0xac, 0x3f, 0x10,
    0x5, 0xf0, 0x0, 0xa, 0xa1, 0xf3, 0x13, 0x6e,
    0x0, 0x5, 0xf0, 0x0, 0x4f, 0x11, 0xf3, 0x0,
    0xab, 0x0, 0x5, 0xf0, 0x12, 0x15, 0x1, 0xf3,
    0x0, 0xf5, 0x0, 0x5, 0xf0, 0x3c, 0x0, 0x1,
    0xf3, 0x7, 0xf0, 0x0, 0x5, 0xf0, 0x4c, 0x0,
    0x1, 0xf3, 0x2f, 0x60, 0x0, 0x4, 0xf5, 0x9a,
    0x0, 0x1, 0xf3, 0x5a, 0x0, 0x0, 0x1, 0xcf,
    0xe5, 0x0, 0x0, 0x0, 0x0, 0x0, 0x0, 0x0,
    0x0, 0x0,

    /* U+6742 "杂" */
    0x0, 0x0, 0x0, 0x1, 0x0, 0x0, 0x0, 0x0,
    0x0, 0x0, 0x0, 0x3, 0xf2, 0x0, 0x0, 0x0,
    0x0, 0x0, 0x0, 0x0, 0x5f, 0x0, 0x0, 0x0,
    0x0, 0x0, 0x2f, 0xff, 0xff, 0xff, 0xff, 0xfd,
    0x0, 0x0, 0x0, 0x44, 0x46, 0xf8, 0x44, 0x4a,
    0xd0, 0x0, 0x0, 0x0, 0x0, 0xbe, 0x0, 0x0,
    0x7d, 0x0, 0x37, 0x0, 0x4, 0xdf, 0x30, 0x0,
    0x7, 0xd0, 0x5, 0xd1, 0x8d, 0xfc, 0x30, 0x1,
    0x10, 0x5f, 0xed, 0xf9, 0xc, 0xb5, 0x0, 0x0,
    0xd8, 0x0, 0x46, 0x65, 0x0, 0x10, 0x0, 0x0,
    0xd, 0x80, 0x0, 0x0, 0x0, 0xe, 0xff, 0xff,
    0xff, 0xff, 0xff, 0xff, 0xff, 0x70, 0x33, 0x34,
    0x33, 0x3e, 0xa3, 0x33, 0x33, 0x31, 0x0, 0x0,
    0xcb, 0x0, 0xd8, 0x4, 0xc2, 0x0, 0x0, 0x0,
    0xbe, 0x20, 0xd, 0x80, 0xa, 0xe4, 0x0, 0x3,
    0xde, 0x30, 0x0, 0xd8, 0x0, 0x8, 0xf4, 0x0,
    0x8c, 0x20, 0x24, 0x4e, 0x80, 0x0, 0x9, 0x70,
    0x0, 0x0, 0x3, 0xff, 0xd3, 0x0, 0x0, 0x0,
    0x0,

    /* U+675F "束" */
    0x0, 0x0, 0x0, 0x0, 0x47, 0x0, 0x0, 0x0,
    0x0, 0x0, 0x0, 0x0, 0x0, 0x7e, 0x0, 0x0,
    0x0, 0x0, 0x1, 0x33, 0x33, 0x33, 0x9e, 0x33,
    0x33, 0x33, 0x30, 0x6, 0xff, 0xff, 0xff, 0xff,
    0xff, 0xff, 0xff, 0xe0, 0x0, 0x0, 0x0, 0x0,
    0x8e, 0x0, 0x0, 0x0, 0x0, 0x0, 0x0, 0x0,
    0x0, 0x7e, 0x0, 0x0, 0x0, 0x0, 0x0, 0x2f,
    0xff, 0xff, 0xff, 0xff, 0xff, 0xfa, 0x0, 0x0,
    0x2f, 0x53, 0x33, 0x9e, 0x33, 0x33, 0xca, 0x0,
    0x0, 0x2f, 0x10, 0x0, 0x7e, 0x0, 0x0, 0xba,
    0x0, 0x0, 0x2f, 0x10, 0x0, 0x7e, 0x0, 0x0,
    0xba, 0x0, 0x0, 0x2f, 0xff, 0xff, 0xff, 0xff,
    0xff, 0xfa, 0x0, 0x0, 0x3, 0x33, 0x3b, 0xff,
    0xf5, 0x33, 0x32, 0x0, 0x0, 0x0, 0x0, 0xae,
    0xae, 0x9e, 0x30, 0x0, 0x0, 0x0, 0x0, 0x4d,
    0xc1, 0x7e, 0x6, 0xf8, 0x0, 0x0, 0x0, 0x3b,
    0xf8, 0x0, 0x7e, 0x0, 0x3d, 0xe7, 0x10, 0xb,
    0xf9, 0x20, 0x0, 0x7e, 0x0, 0x0, 0x6d, 0xf4,
    0x2, 0x20, 0x0, 0x0, 0x7e, 0x0, 0x0, 0x0,
    0x40,

    /* U+6797 "林" */
    0x0, 0x0, 0x64, 0x0, 0x0, 0x0, 0x83, 0x0,
    0x0, 0x0, 0x0, 0xc8, 0x0, 0x0, 0x0, 0xe6,
    0x0, 0x0, 0x0, 0x0, 0xc8, 0x0, 0x0, 0x0,
    0xe6, 0x0, 0x0, 0x0, 0x0, 0xc8, 0x0, 0x0,
    0x0, 0xe6, 0x0, 0x0, 0x3, 0x33, 0xda, 0x33,
    0x3, 0x33, 0xf9, 0x33, 0x30, 0xf, 0xff, 0xff,
    0xff, 0x3f, 0xff, 0xff, 0xff, 0xd0, 0x0, 0x4,
    0xfb, 0x0, 0x0, 0x6, 0xff, 0x10, 0x0, 0x0,
    0x9, 0xff, 0x90, 0x0, 0xb, 0xff, 0x50, 0x0,
    0x0, 0x1f, 0xea, 0xf7, 0x0, 0x2f, 0xfe, 0xb0,
    0x0, 0x0, 0x7b, 0xc8, 0x4f, 0x30, 0xa9, 0xe8,
    0xf2, 0x0, 0x1, 0xe4, 0xc8, 0x6, 0x3, 0xf1,
    0xe6, 0xaa, 0x0, 0xa, 0xc0, 0xc8, 0x0, 0xd,
    0x90, 0xe6, 0x3f, 0x30, 0x4f, 0x30, 0xc8, 0x0,
    0xbe, 0x10, 0xe6, 0xb, 0xd1, 0x6, 0x0, 0xc8,
    0x3, 0xf4, 0x0, 0xe6, 0x2, 0xd2, 0x0, 0x0,
    0xc8, 0x0, 0x20, 0x0, 0xe6, 0x0, 0x0, 0x0,
    0x0, 0xc8, 0x0, 0x0, 0x0, 0xe6, 0x0, 0x0,
    0x0, 0x0, 0xc8, 0x0, 0x0, 0x0, 0xe6, 0x0,
    0x0,

    /* U+67D4 "柔" */
    0x0, 0x2, 0x22, 0x22, 0x22, 0x22, 0x23, 0x0,
    0x0, 0x0, 0x1e, 0xee, 0xee, 0xee, 0xee, 0xff,
    0x60, 0x0, 0x0, 0x0, 0x1, 0x74, 0x11, 0x7d,
    0xb3, 0x0, 0x0, 0x0, 0x0, 0x1, 0x69, 0xdf,
    0xf5, 0x0, 0x0, 0x0, 0x9, 0xff, 0xff, 0xff,
    0xff, 0xff, 0xff, 0xff, 0x80, 0x1, 0x22, 0x23,
    0xce, 0x8f, 0x32, 0x22, 0xcd, 0x0, 0x0, 0x0,
    0x7f, 0xb1, 0x4f, 0x10, 0xa, 0xe2, 0x0, 0x4,
    0xaf, 0xc5, 0x23, 0x7f, 0x0, 0x18, 0x10, 0x0,
    0x6, 0xa3, 0x0, 0x6c, 0xeb, 0x0, 0x0, 0x0,
    0x0, 0x0, 0x0, 0x0, 0x0, 0xaa, 0x0, 0x0,
    0x0, 0x0, 0xe, 0xee, 0xee, 0xee, 0xff, 0xee,
    0xee, 0xee, 0xe0, 0x4, 0x44, 0x44, 0x9f, 0xef,
    0xf8, 0x44, 0x44, 0x40, 0x0, 0x0, 0x8, 0xf6,
    0xaa, 0x6f, 0x80, 0x0, 0x0, 0x0, 0x17, 0xed,
    0x30, 0xaa, 0x3, 0xde, 0x82, 0x0, 0x1a, 0xfe,
    0x60, 0x0, 0xaa, 0x0, 0x5, 0xcf, 0xc1, 0x7,
    0x50, 0x0, 0x0, 0xaa, 0x0, 0x0, 0x3, 0x60,

    /* U+67F4 "柴" */
    0x0, 0x0, 0x5, 0x10, 0x0, 0x50, 0x0, 0x0,
    0x0, 0x0, 0x0, 0x2f, 0x30, 0x2, 0xf2, 0x0,
    0x0, 0x0, 0x0, 0x61, 0x2f, 0x30, 0x2, 0xf2,
    0x0, 0x58, 0x0, 0x1, 0xf3, 0x2f, 0xff, 0xd2,
    0xf8, 0xbf, 0xe8, 0x20, 0x1, 0xf3, 0x2f, 0x63,
    0x32, 0xfb, 0x73, 0x0, 0x0, 0x1, 0xf3, 0x2f,
    0x30, 0x2, 0xf2, 0x0, 0x1, 0x90, 0x1, 0xf3,
    0x2f, 0x55, 0x72, 0xf3, 0x0, 0x4, 0xf0, 0x28,
    0xfd, 0xef, 0xfe, 0xc1, 0xff, 0xdd, 0xdf, 0xb0,
    0x3c, 0xa7, 0x53, 0x0, 0xa7, 0x15, 0x66, 0x65,
    0x0, 0x0, 0x0, 0x0, 0x0, 0xc9, 0x0, 0x0,
    0x0, 0x0, 0x4, 0x55, 0x55, 0x55, 0xdb, 0x55,
    0x55, 0x55, 0x40, 0xe, 0xff, 0xff, 0xff, 0xff,
    0xff, 0xff, 0xff, 0xb0, 0x0, 0x0, 0x0, 0x8e,
    0xed, 0xf7, 0x0, 0x0, 0x0, 0x0, 0x0, 0x3c,
    0xd2, 0xc9, 0x3e, 0xb2, 0x0, 0x0, 0x0, 0x4a,
    0xf8, 0x0, 0xc9, 0x0, 0x9f, 0xa4, 0x0, 0x2d,
    0xf9, 0x20, 0x0, 0xc9, 0x0, 0x2, 0x9f, 0xd1,
    0x6, 0x10, 0x0, 0x0, 0xc9, 0x0, 0x0, 0x1,
    0x30,

    /* U+68A6 "梦" */
    0x0, 0x0, 0x0, 0x0, 0x0, 0x0, 0x0, 0x0,
    0x0, 0x0, 0x0, 0xb8, 0x0, 0x0, 0x0, 0xe5,
    0x0, 0x0, 0x2, 0x22, 0xc9, 0x22, 0x12, 0x22,
    0xe7, 0x22, 0x20, 0xf, 0xff, 0xff, 0xff, 0x7e,
    0xff, 0xff, 0xff, 0xf1, 0x0, 0x9, 0xff, 0x50,
    0x0, 0xb, 0xff, 0x50, 0x0, 0x0, 0x5e, 0xdb,
    0xe8, 0x0, 0x8d, 0xf9, 0xf3, 0x0, 0x6, 0xf4,
    0xb8, 0x2e, 0x3a, 0xe2, 0xe5, 0x6f, 0x60, 0x1e,
    0x50, 0xb8, 0x0, 0x5d, 0x20, 0xe5, 0x6, 0xf3,
    0x0, 0x0, 0x96, 0x5, 0xa1, 0x0, 0xb4, 0x0,
    0x10, 0x0, 0x0, 0x0, 0x6f, 0xc3, 0x33, 0x33,
    0x10, 0x0, 0x0, 0x0, 0x2b, 0xfe, 0xee, 0xee,
    0xef, 0xc0, 0x0, 0x0, 0x2a, 0xfc, 0x30, 0x0,
    0x0, 0x7f, 0x20, 0x0, 0x1, 0xed, 0x55, 0xb4,
    0x0, 0x6, 0xf6, 0x0, 0x0, 0x0, 0x10, 0x1,
    0x8f, 0xb3, 0xaf, 0x70, 0x0, 0x0, 0x0, 0x0,
    0x0, 0x3, 0xef, 0xd2, 0x0, 0x0, 0x0, 0x0,
    0x0, 0x16, 0xbf, 0xd7, 0x0, 0x0, 0x0, 0x0,
    0x4, 0xbe, 0xff, 0xa4, 0x0, 0x0, 0x0, 0x0,
    0x0, 0x1, 0xa6, 0x30, 0x0, 0x0, 0x0, 0x0,
    0x0, 0x0,

    /* U+68D5 "棕" */
    0x0, 0x7, 0x30, 0x0, 0x0, 0x16, 0x0, 0x0,
    0x0, 0x0, 0xd, 0x60, 0x0, 0x0, 0x2f, 0x30,
    0x0, 0x0, 0x0, 0xd, 0x60, 0x0, 0x0, 0xc,
    0xa0, 0x0, 0x0, 0x0, 0xd, 0x60, 0x3f, 0xff,
    0xff, 0xff, 0xff, 0xf0, 0x1b, 0xbf, 0xdb, 0x7f,
    0x43, 0x33, 0x33, 0x36, 0xf0, 0x18, 0x8f, 0xb8,
    0x6f, 0x0, 0x0, 0x0, 0x4, 0xf0, 0x0, 0x2f,
    0xa0, 0x1, 0xde, 0xee, 0xee, 0xea, 0x10, 0x0,
    0x7f, 0xf3, 0x0, 0x44, 0x44, 0x44, 0x43, 0x0,
    0x0, 0xcf, 0xcc, 0x0, 0x0, 0x0, 0x0, 0x0,
    0x0, 0x2, 0xfe, 0x7e, 0x53, 0x33, 0x33, 0x33,
    0x33, 0x30, 0x8, 0x9d, 0x64, 0x2f, 0xff, 0xff,
    0xff, 0xff, 0xf2, 0x1f, 0x3d, 0x60, 0x0, 0x0,
    0xb, 0x90, 0x0, 0x0, 0x6b, 0xd, 0x60, 0x0,
    0xc5, 0xb, 0x90, 0xd4, 0x0, 0x2, 0xd, 0x60,
    0x9, 0xe0, 0xb, 0x90, 0x7e, 0x10, 0x0, 0xd,
    0x60, 0x7f, 0x30, 0xb, 0x90, 0xb, 0xb0, 0x0,
    0xd, 0x60, 0xc5, 0x2, 0x3c, 0x90, 0x2, 0xa0,
    0x0, 0xd, 0x60, 0x0, 0x8, 0xfe, 0x40, 0x0,
    0x0,

    /* U+6A90 "檐" */
    0x0, 0x7, 0x30, 0x0, 0x7, 0x20, 0x0, 0x0,
    0x0, 0x0, 0xd, 0x50, 0x0, 0x7f, 0x30, 0x0,
    0x0, 0x0, 0x0, 0xd, 0x50, 0x1, 0xff, 0xff,
    0xff, 0x20, 0x0, 0x0, 0xd, 0x50, 0x1d, 0xe4,
    0x22, 0xbb, 0x22, 0x20, 0x2d, 0xdf, 0xed, 0xdf,
    0xdc, 0xcc, 0xcc, 0xcc, 0xc0, 0x15, 0x6f, 0x95,
    0x5f, 0x30, 0x8b, 0x7, 0xa2, 0x0, 0x0, 0x4f,
    0x90, 0xe, 0x4b, 0xb1, 0x50, 0x6e, 0x40, 0x0,
    0x9f, 0xf4, 0xe, 0x45, 0x0, 0xd5, 0x3, 0x10,
    0x0, 0xdf, 0x9d, 0xf, 0xab, 0xbb, 0xee, 0xbb,
    0xb0, 0x3, 0xdd, 0x5b, 0x5f, 0x42, 0x22, 0x22,
    0x22, 0x20, 0xa, 0x8d, 0x51, 0xf, 0x1a, 0xdd,
    0xdd, 0xdd, 0x30, 0x3f, 0x1d, 0x50, 0x2f, 0x3,
    0x44, 0x44, 0x44, 0x0, 0x17, 0xd, 0x50, 0x4e,
    0x6, 0x88, 0x88, 0x88, 0x10, 0x0, 0xd, 0x50,
    0x7a, 0xa, 0xbb, 0xbb, 0xbb, 0x40, 0x0, 0xd,
    0x50, 0xb6, 0xe, 0x62, 0x22, 0x2e, 0x50, 0x0,
    0xd, 0x52, 0xf1, 0xe, 0x50, 0x0, 0xe, 0x50,
    0x0, 0xd, 0x58, 0x80, 0xd, 0xed, 0xdd, 0xdd,
    0x40,

    /* U+6B62 "止" */
    0x0, 0x0, 0x0, 0x0, 0x3, 0x10, 0x0, 0x0,
    0x0, 0x0, 0x0, 0x0, 0x0, 0xf, 0x60, 0x0,
    0x0, 0x0, 0x0, 0x0, 0x0, 0x0, 0xf, 0x60,
    0x0, 0x0, 0x0, 0x0, 0x0, 0x0, 0x0, 0xf,
    0x60, 0x0, 0x0, 0x0, 0x0, 0x2, 0x30, 0x0,
    0xf, 0x60, 0x0, 0x0, 0x0, 0x0, 0x9, 0xc0,
    0x0, 0xf, 0x60, 0x0, 0x0, 0x0, 0x0, 0x9,
    0xc0, 0x0, 0xf, 0x71, 0x11, 0x11, 0x0, 0x0,
    0x9, 0xc0, 0x0, 0xf, 0xff, 0xff, 0xff, 0x40,
    0x0, 0x9, 0xc0, 0x0, 0xf, 0x84, 0x44, 0x44,
    0x10, 0x0, 0x9, 0xc0, 0x0, 0xf, 0x60, 0x0,
    0x0, 0x0, 0x0, 0x9, 0xc0, 0x0, 0xf, 0x60,
    0x0, 0x0, 0x0, 0x0, 0x9, 0xc0, 0x0, 0xf,
    0x60, 0x0, 0x0, 0x0, 0x0, 0x9, 0xc0, 0x0,
    0xf, 0x60, 0x0, 0x0, 0x0, 0x0, 0x9, 0xc0,
    0x0, 0xf, 0x60, 0x0, 0x0, 0x0, 0x0, 0x9,
    0xc0, 0x0, 0xf, 0x60, 0x0, 0x0, 0x0, 0x1f,
    0xff, 0xff, 0xff, 0xff, 0xff, 0xff, 0xff, 0xf1,
    0x6, 0x66, 0x66, 0x66, 0x66, 0x66, 0x66, 0x66,
    0x60,

    /* U+6B63 "正" */
    0x5, 0xff, 0xff, 0xff, 0xff, 0xff, 0xff, 0xff,
    0x70, 0x2, 0x66, 0x66, 0x66, 0x8f, 0x76, 0x66,
    0x66, 0x30, 0x0, 0x0, 0x0, 0x0, 0x3f, 0x20,
    0x0, 0x0, 0x0, 0x0, 0x0, 0x0, 0x0, 0x3f,
    0x20, 0x0, 0x0, 0x0, 0x0, 0x3, 0x40, 0x0,
    0x3f, 0x20, 0x0, 0x0, 0x0, 0x0, 0x9, 0xc0,
    0x0, 0x3f, 0x20, 0x0, 0x0, 0x0, 0x0, 0x9,
    0xc0, 0x0, 0x3f, 0xee, 0xee, 0xeb, 0x0, 0x0,
    0x9, 0xc0, 0x0, 0x3f, 0x86, 0x66, 0x65, 0x0,
    0x0, 0x9, 0xc0, 0x0, 0x3f, 0x20, 0x0, 0x0,
    0x0, 0x0, 0x9, 0xc0, 0x0, 0x3f, 0x20, 0x0,
    0x0, 0x0, 0x0, 0x9, 0xc0, 0x0, 0x3f, 0x20,
    0x0, 0x0, 0x0, 0x0, 0x9, 0xc0, 0x0, 0x3f,
    0x20, 0x0, 0x0, 0x0, 0x0, 0x9, 0xc0, 0x0,
    0x3f, 0x20, 0x0, 0x0, 0x0, 0xe, 0xef, 0xfe,
    0xee, 0xef, 0xee, 0xee, 0xee, 0xe1, 0x6, 0x66,
    0x66, 0x66, 0x66, 0x66, 0x66, 0x66, 0x60,

    /* U+6C14 "气" */
    0x0, 0x0, 0x0, 0x0, 0x0, 0x0, 0x0, 0x0,
    0x0, 0x0, 0x0, 0xd8, 0x0, 0x0, 0x0, 0x0,
    0x0, 0x0, 0x0, 0x5, 0xf5, 0x11, 0x11, 0x11,
    0x11, 0x11, 0x0, 0x0, 0xc, 0xff, 0xff, 0xff,
    0xff, 0xff, 0xff, 0x70, 0x0, 0x3f, 0x40, 0x0,
    0x0, 0x0, 0x0, 0x0, 0x0, 0x0, 0xdb, 0x8d,
    0xdd, 0xdd, 0xdd, 0xdd, 0xd1, 0x0, 0x9, 0xf2,
    0x34, 0x44, 0x44, 0x44, 0x44, 0x40, 0x0, 0x3f,
    0x50, 0x0, 0x0, 0x0, 0x0, 0x0, 0x0, 0x0,
    0x2, 0x3f, 0xff, 0xff, 0xff, 0xff, 0xfa, 0x0,
    0x0, 0x0, 0x1, 0x11, 0x11, 0x11, 0x11, 0xab,
    0x0, 0x0, 0x0, 0x0, 0x0, 0x0, 0x0, 0x0,
    0x8c, 0x0, 0x0, 0x0, 0x0, 0x0, 0x0, 0x0,
    0x0, 0x7e, 0x0, 0x0, 0x0, 0x0, 0x0, 0x0,
    0x0, 0x0, 0x5f, 0x10, 0x0, 0x0, 0x0, 0x0,
    0x0, 0x0, 0x0, 0x1f, 0x40, 0x40, 0x0, 0x0,
    0x0, 0x0, 0x0, 0x0, 0xe, 0x90, 0xe0, 0x0,
    0x0, 0x0, 0x0, 0x0, 0x0, 0x6, 0xf7, 0xe0,
    0x0, 0x0, 0x0, 0x0, 0x0, 0x0, 0x0, 0xaf,
    0x80,

    /* U+6C34 "水" */
    0x0, 0x0, 0x0, 0x0, 0x47, 0x0, 0x0, 0x0,
    0x0, 0x0, 0x0, 0x0, 0x0, 0x8e, 0x0, 0x0,
    0x0, 0x0, 0x0, 0x0, 0x0, 0x0, 0x8e, 0x0,
    0x0, 0x0, 0x0, 0x0, 0x0, 0x0, 0x0, 0x8e,
    0x0, 0x0, 0x0, 0x0, 0x0, 0x0, 0x0, 0x0,
    0x8e, 0x0, 0x0, 0x55, 0x0, 0x3, 0x66, 0x66,
    0x61, 0x8f, 0x10, 0x2, 0xfb, 0x0, 0x8, 0xff,
    0xff, 0xf5, 0x8f, 0x80, 0x1d, 0xc0, 0x0, 0x0,
    0x0, 0x5, 0xf0, 0x8f, 0xf2, 0xdc, 0x0, 0x0,
    0x0, 0x0, 0xa, 0xc0, 0x8e, 0xcf, 0xb0, 0x0,
    0x0, 0x0, 0x0, 0x1f, 0x50, 0x8e, 0x2f, 0x50,
    0x0, 0x0, 0x0, 0x0, 0x9d, 0x0, 0x8e, 0x7,
    0xf4, 0x0, 0x0, 0x0, 0x3, 0xf6, 0x0, 0x8e,
    0x0, 0xbf, 0x30, 0x0, 0x0, 0x2e, 0xa0, 0x0,
    0x8e, 0x0, 0xc, 0xf5, 0x0, 0x3, 0xed, 0x0,
    0x0, 0x8e, 0x0, 0x0, 0xaf, 0xa2, 0xc, 0xc1,
    0x0, 0x0, 0x8e, 0x0, 0x0, 0x6, 0xe4, 0x0,
    0x0, 0x0, 0x76, 0xcd, 0x0, 0x0, 0x0, 0x0,
    0x0, 0x0, 0x0, 0xdf, 0xe6, 0x0, 0x0, 0x0,
    0x0, 0x0, 0x0, 0x0, 0x0, 0x0, 0x0, 0x0,
    0x0, 0x0,

    /* U+6C89 "沉" */
    0x2, 0xa2, 0x0, 0x0, 0x0, 0x0, 0x0, 0x0,
    0x0, 0x1, 0xaf, 0x80, 0xef, 0xff, 0xff, 0xff,
    0xff, 0xe0, 0x0, 0x5, 0xe3, 0xe8, 0x44, 0x44,
    0x44, 0x49, 0xe0, 0x0, 0x0, 0x0, 0xe5, 0x0,
    0x0, 0x0, 0x6, 0xe0, 0x0, 0x0, 0x0, 0x93,
    0x0, 0x0, 0x0, 0x4, 0x90, 0x1a, 0x40, 0x0,
    0x0, 0x55, 0x55, 0x55, 0x10, 0x0, 0x19, 0xfc,
    0x30, 0x0, 0xdf, 0xee, 0xef, 0x40, 0x0, 0x0,
    0x2b, 0x40, 0x0, 0xd6, 0x0, 0xf, 0x40, 0x0,
    0x0, 0x0, 0x0, 0x0, 0xd6, 0x0, 0xf, 0x40,
    0x0, 0x0, 0x0, 0x40, 0x0, 0xe6, 0x0, 0xf,
    0x40, 0x0, 0x0, 0x1, 0xf5, 0x0, 0xf5, 0x0,
    0xf, 0x40, 0x0, 0x0, 0x9, 0xd0, 0x2, 0xf3,
    0x0, 0xf, 0x40, 0x10, 0x0, 0x3f, 0x50, 0x7,
    0xe0, 0x0, 0xf, 0x40, 0xa7, 0x0, 0xcc, 0x0,
    0x1f, 0x80, 0x0, 0xf, 0x40, 0xb7, 0x7, 0xf3,
    0x2, 0xdd, 0x0, 0x0, 0xf, 0x84, 0xe5, 0x8,
    0x90, 0xc, 0xc1, 0x0, 0x0, 0xa, 0xff, 0xd0,
    0x0, 0x0, 0x1, 0x0, 0x0, 0x0, 0x0, 0x0,
    0x0,

    /* U+6C99 "沙" */
    0x0, 0xb6, 0x0, 0x0, 0x0, 0x7e, 0x0, 0x0,
    0x0, 0x0, 0x8f, 0xd4, 0x0, 0x0, 0x7e, 0x0,
    0x0, 0x0, 0x0, 0x1, 0xb8, 0x0, 0x0, 0x7e,
    0x0, 0x30, 0x0, 0x0, 0x0, 0x0, 0x8, 0xc0,
    0x7e, 0x2, 0xf5, 0x0, 0x0, 0x0, 0x0, 0xd,
    0x90, 0x7e, 0x0, 0x9e, 0x0, 0xc, 0x70, 0x0,
    0x1f, 0x40, 0x7e, 0x0, 0x1e, 0x70, 0x6, 0xee,
    0x40, 0x7f, 0x0, 0x7e, 0x0, 0x8, 0xd0, 0x0,
    0x1a, 0x50, 0xe9, 0x0, 0x7e, 0x0, 0x2, 0xf2,
    0x0, 0x0, 0x6, 0xf2, 0x0, 0x7e, 0x0, 0x5a,
    0x0, 0x0, 0x0, 0x31, 0x60, 0x0, 0x7e, 0x0,
    0xda, 0x0, 0x0, 0x0, 0xd7, 0x0, 0x0, 0x6d,
    0x5, 0xf2, 0x0, 0x0, 0x6, 0xf1, 0x0, 0x0,
    0x0, 0x3f, 0x90, 0x0, 0x0, 0xe, 0x80, 0x0,
    0x0, 0x3, 0xfa, 0x0, 0x0, 0x0, 0x8e, 0x10,
    0x0, 0x1, 0x9f, 0xb0, 0x0, 0x0, 0x3, 0xf6,
    0x0, 0x4, 0x9f, 0xe5, 0x0, 0x0, 0x0, 0x5,
    0xd0, 0x5, 0xff, 0xc7, 0x0, 0x0, 0x0, 0x0,
    0x0, 0x0, 0x0, 0x61, 0x0, 0x0, 0x0, 0x0,
    0x0,

    /* U+6CA1 "没" */
    0x0, 0x81, 0x0, 0x0, 0x44, 0x44, 0x44, 0x0,
    0x0, 0x2, 0xcf, 0x70, 0x0, 0xff, 0xff, 0xff,
    0x30, 0x0, 0x0, 0x6, 0xf4, 0x0, 0xf5, 0x0,
    0x2f, 0x30, 0x0, 0x0, 0x0, 0x0, 0x1, 0xf3,
    0x0, 0x2f, 0x30, 0x0, 0x0, 0x0, 0x0, 0x7,
    0xf0, 0x0, 0x2f, 0x30, 0x0, 0x2f, 0x91, 0x0,
    0x5f, 0x80, 0x0, 0xf, 0xff, 0xf2, 0x5, 0xef,
    0x58, 0xfa, 0x0, 0x0, 0x2, 0x55, 0x50, 0x0,
    0x9, 0x31, 0x72, 0x22, 0x22, 0x22, 0x21, 0x0,
    0x0, 0x0, 0x0, 0xdf, 0xff, 0xff, 0xff, 0xfc,
    0x0, 0x0, 0x0, 0x30, 0x1d, 0x91, 0x11, 0x14,
    0xf4, 0x0, 0x0, 0x2, 0xf3, 0x4, 0xf3, 0x0,
    0xd, 0xc0, 0x0, 0x0, 0xa, 0xd0, 0x0, 0xae,
    0x20, 0xbe, 0x20, 0x0, 0x0, 0x2f, 0x50, 0x0,
    0xb, 0xec, 0xe2, 0x0, 0x0, 0x0, 0xbc, 0x0,
    0x0, 0x8, 0xff, 0xb1, 0x0, 0x0, 0x4, 0xf4,
    0x0, 0x49, 0xfe, 0x76, 0xef, 0xa4, 0x0, 0x7,
    0xb0, 0xe, 0xfc, 0x70, 0x0, 0x7, 0xdf, 0xf2,
    0x0, 0x0, 0x3, 0x10, 0x0, 0x0, 0x0, 0x2,
    0x30,

    /* U+6CE1 "泡" */
    0x0, 0x0, 0x0, 0x0, 0x21, 0x0, 0x0, 0x0,
    0x0, 0x2, 0xf9, 0x10, 0x0, 0xe9, 0x0, 0x0,
    0x0, 0x0, 0x0, 0x5d, 0xe3, 0x4, 0xf3, 0x0,
    0x0, 0x0, 0x0, 0x0, 0x0, 0x91, 0xa, 0xff,
    0xff, 0xff, 0xff, 0x70, 0x0, 0x0, 0x0, 0x2f,
    0x74, 0x44, 0x44, 0x4e, 0x70, 0x0, 0x0, 0x0,
    0xbd, 0x0, 0x0, 0x0, 0xe, 0x60, 0xb, 0x60,
    0x6, 0xf9, 0x55, 0x55, 0x50, 0xe, 0x60, 0x8,
    0xfd, 0x39, 0xbf, 0xed, 0xde, 0xf0, 0xf, 0x50,
    0x0, 0x1a, 0x30, 0x1f, 0x30, 0x4, 0xf0, 0xf,
    0x50, 0x0, 0x0, 0x0, 0x1f, 0x30, 0x4, 0xf0,
    0x1f, 0x40, 0x0, 0x0, 0x20, 0x1f, 0x97, 0x7a,
    0xf0, 0x2f, 0x30, 0x0, 0x3, 0xf2, 0x1f, 0xba,
    0xaa, 0xa0, 0x6f, 0x10, 0x0, 0xb, 0xb0, 0x1f,
    0x30, 0x0, 0x7f, 0xfb, 0x0, 0x0, 0x4f, 0x30,
    0x1f, 0x30, 0x0, 0x14, 0x40, 0x30, 0x0, 0xdb,
    0x0, 0x1f, 0x40, 0x0, 0x0, 0x0, 0xf3, 0x7,
    0xf2, 0x0, 0xf, 0xa4, 0x33, 0x33, 0x38, 0xf1,
    0x4, 0x70, 0x0, 0x7, 0xef, 0xff, 0xff, 0xfe,
    0x60,

    /* U+6D41 "流" */
    0x0, 0x0, 0x0, 0x0, 0x0, 0x11, 0x0, 0x0,
    0x0, 0x2, 0xd4, 0x0, 0x0, 0x0, 0xc9, 0x0,
    0x0, 0x0, 0x0, 0x8f, 0x90, 0x0, 0x0, 0x5f,
    0x10, 0x0, 0x0, 0x0, 0x4, 0xe6, 0xff, 0xff,
    0xff, 0xff, 0xff, 0xf0, 0x0, 0x0, 0x1, 0x44,
    0x5f, 0xa4, 0x47, 0x44, 0x40, 0x0, 0x0, 0x0,
    0x0, 0xad, 0x0, 0xd, 0xa0, 0x0, 0x1d, 0x81,
    0x0, 0x7, 0xf2, 0x0, 0x3, 0xf7, 0x0, 0x6,
    0xee, 0x40, 0xcf, 0xed, 0xef, 0xff, 0xff, 0x30,
    0x0, 0x1b, 0x50, 0xa9, 0x76, 0x43, 0x21, 0xa,
    0xc0, 0x0, 0x0, 0x0, 0x3, 0x20, 0x22, 0x1,
    0x41, 0x20, 0x0, 0x0, 0x10, 0xc, 0x60, 0x99,
    0x6, 0xd0, 0x0, 0x0, 0x0, 0xd5, 0xc, 0x60,
    0x99, 0x6, 0xd0, 0x0, 0x0, 0x7, 0xe1, 0xd,
    0x50, 0x99, 0x6, 0xd0, 0x0, 0x0, 0x1f, 0x70,
    0xf, 0x30, 0x99, 0x6, 0xd0, 0x20, 0x0, 0xad,
    0x0, 0x6e, 0x0, 0x99, 0x6, 0xd0, 0x95, 0x5,
    0xf4, 0x2, 0xe6, 0x0, 0x99, 0x6, 0xe1, 0xc4,
    0x6, 0xa0, 0xe, 0x80, 0x0, 0x88, 0x2, 0xdf,
    0xc0, 0x0, 0x0, 0x1, 0x0, 0x0, 0x0, 0x0,
    0x0, 0x0,

    /* U+6D6A "浪" */
    0x0, 0x0, 0x0, 0x0, 0x0, 0x20, 0x0, 0x0,
    0x0, 0x1, 0x70, 0x0, 0x0, 0x3, 0xf3, 0x0,
    0x0, 0x0, 0x3, 0xed, 0x20, 0x22, 0x22, 0xdb,
    0x22, 0x20, 0x0, 0x0, 0x1c, 0xd0, 0xef, 0xff,
    0xff, 0xff, 0xf6, 0x0, 0x0, 0x0, 0x30, 0xe7,
    0x0, 0x0, 0x0, 0xe6, 0x0, 0x0, 0x0, 0x0,
    0xe6, 0x0, 0x0, 0x0, 0xe6, 0x0, 0x1a, 0x30,
    0x0, 0xef, 0xff, 0xff, 0xff, 0xf6, 0x0, 0x19,
    0xfa, 0x10, 0xe8, 0x22, 0x22, 0x22, 0xe6, 0x0,
    0x0, 0x3b, 0x10, 0xe6, 0x0, 0x0, 0x0, 0xe6,
    0x0, 0x0, 0x0, 0x0, 0xef, 0xff, 0xff, 0xff,
    0xf6, 0x0, 0x0, 0x3, 0x20, 0xe9, 0x33, 0xda,
    0x33, 0x32, 0x0, 0x0, 0xb, 0xb0, 0xe6, 0x0,
    0x6f, 0x10, 0xae, 0x0, 0x0, 0x3f, 0x40, 0xe6,
    0x0, 0xe, 0xad, 0xc2, 0x0, 0x0, 0xad, 0x0,
    0xe6, 0x0, 0x4, 0xfa, 0x0, 0x0, 0x3, 0xf5,
    0x0, 0xe6, 0x3, 0x60, 0x8f, 0x60, 0x0, 0xc,
    0xc0, 0x1, 0xfc, 0xef, 0xb0, 0x8, 0xfc, 0x40,
    0x6, 0x40, 0x5, 0xfc, 0x71, 0x0, 0x0, 0x4c,
    0xa0, 0x0, 0x0, 0x0, 0x30, 0x0, 0x0, 0x0,
    0x0, 0x0,

    /* U+6D77 "海" */
    0x0, 0x0, 0x0, 0x0, 0x0, 0x0, 0x0, 0x0,
    0x0, 0x0, 0xa5, 0x0, 0x5, 0xf1, 0x0, 0x0,
    0x0, 0x0, 0x0, 0x8f, 0xc2, 0xc, 0xc1, 0x11,
    0x11, 0x11, 0x10, 0x0, 0x1, 0xb2, 0x3f, 0xff,
    0xff, 0xff, 0xff, 0xd0, 0x0, 0x0, 0x0, 0xcc,
    0x22, 0x22, 0x22, 0x22, 0x20, 0x0, 0x0, 0x7,
    0xf4, 0x11, 0x11, 0x11, 0x11, 0x0, 0x6, 0x10,
    0xc, 0x8b, 0xff, 0xff, 0xff, 0xff, 0x0, 0x1c,
    0xf7, 0x0, 0xd, 0x70, 0xb5, 0x0, 0x5f, 0x0,
    0x0, 0x6f, 0x30, 0xf, 0x50, 0x2e, 0x30, 0x5e,
    0x0, 0x0, 0x1, 0x4, 0x4f, 0x64, 0x48, 0xa4,
    0x8e, 0x41, 0x0, 0x1, 0xe, 0xff, 0xff, 0xff,
    0xff, 0xff, 0xf4, 0x0, 0x9, 0x90, 0x5e, 0x2,
    0xb1, 0x0, 0x8c, 0x0, 0x0, 0x1f, 0x50, 0x7c,
    0x0, 0x7d, 0x0, 0x9a, 0x0, 0x0, 0x7e, 0x0,
    0xab, 0x33, 0x3b, 0x63, 0xbb, 0x20, 0x0, 0xe7,
    0x0, 0xcf, 0xff, 0xff, 0xff, 0xff, 0xb0, 0x6,
    0xf1, 0x0, 0x0, 0x0, 0x2, 0x14, 0xf3, 0x0,
    0x4, 0x70, 0x0, 0x0, 0x0, 0xd, 0xff, 0xa0,
    0x0, 0x0, 0x0, 0x0, 0x0, 0x0, 0x0, 0x0,
    0x0, 0x0,

    /* U+6D88 "消" */
    0x0, 0x0, 0x0, 0x0, 0x0, 0x2, 0x0, 0x0,
    0x0, 0x1b, 0x40, 0x1, 0x40, 0x1, 0xf3, 0x0,
    0x53, 0x1, 0x9f, 0x90, 0x6f, 0x20, 0x1f, 0x30,
    0x1f, 0x70, 0x0, 0x4e, 0x30, 0xcb, 0x1, 0xf3,
    0x9, 0xe0, 0x0, 0x0, 0x0, 0x4, 0xf2, 0x1f,
    0x32, 0xf4, 0x0, 0x0, 0x0, 0x0, 0x2, 0x1,
    0xf3, 0x2, 0x0, 0x1e, 0x91, 0x0, 0x2f, 0xff,
    0xff, 0xff, 0xff, 0x10, 0x4d, 0xe4, 0x2, 0xf6,
    0x44, 0x44, 0x46, 0xf1, 0x0, 0x8, 0x30, 0x2f,
    0x20, 0x0, 0x0, 0x3f, 0x10, 0x0, 0x0, 0x2,
    0xff, 0xff, 0xff, 0xff, 0xf1, 0x0, 0x0, 0x50,
    0x2f, 0x53, 0x33, 0x33, 0x6f, 0x10, 0x0, 0x4f,
    0x22, 0xf2, 0x0, 0x0, 0x3, 0xf1, 0x0, 0xc,
    0xa0, 0x2f, 0xed, 0xdd, 0xdd, 0xef, 0x10, 0x4,
    0xf2, 0x2, 0xf6, 0x44, 0x44, 0x46, 0xf1, 0x0,
    0xda, 0x0, 0x2f, 0x20, 0x0, 0x0, 0x3f, 0x10,
    0x7f, 0x20, 0x2, 0xf2, 0x0, 0x4, 0x58, 0xf1,
    0x3, 0x70, 0x0, 0x2f, 0x20, 0x0, 0x7e, 0xd8,
    0x0,

    /* U+6DA7 "涧" */
    0x3, 0x70, 0x7, 0x70, 0x1, 0x22, 0x22, 0x22,
    0x0, 0x3d, 0xc1, 0x3e, 0x80, 0xdf, 0xff, 0xff,
    0xf5, 0x0, 0xa, 0x60, 0x2a, 0x1, 0x11, 0x11,
    0x1e, 0x50, 0x0, 0x0, 0xa4, 0x0, 0x0, 0x0,
    0x0, 0xe5, 0x1, 0x0, 0xe, 0x60, 0xbc, 0xcc,
    0xc3, 0xe, 0x53, 0xf8, 0x0, 0xe6, 0xe, 0x64,
    0x4f, 0x30, 0xe5, 0x4, 0xeb, 0xe, 0x60, 0xe2,
    0x0, 0xe3, 0xe, 0x50, 0x2, 0x70, 0xe6, 0xe,
    0x20, 0xe, 0x30, 0xe5, 0x0, 0x0, 0xe, 0x60,
    0xee, 0xee, 0xf3, 0xe, 0x50, 0x0, 0x30, 0xe6,
    0xe, 0x52, 0x2e, 0x30, 0xe5, 0x0, 0x1f, 0x3e,
    0x60, 0xe2, 0x0, 0xe3, 0xe, 0x50, 0x7, 0xe0,
    0xe6, 0xe, 0x20, 0xe, 0x30, 0xe5, 0x0, 0xe8,
    0xe, 0x60, 0xef, 0xee, 0xf3, 0xe, 0x50, 0x5f,
    0x10, 0xe6, 0x1, 0x11, 0x11, 0x0, 0xe5, 0xd,
    0xa0, 0xe, 0x60, 0x0, 0x0, 0x3, 0x3f, 0x50,
    0x83, 0x0, 0xe6, 0x0, 0x0, 0x0, 0xdf, 0xc1,

    /* U+6E10 "渐" */
    0x0, 0x0, 0x0, 0x0, 0x0, 0x0, 0x0, 0x0,
    0x0, 0x3, 0xb3, 0x0, 0x2f, 0x10, 0x0, 0x0,
    0x4a, 0x60, 0x2, 0xbf, 0x80, 0x4f, 0x0, 0x3,
    0xbe, 0xfc, 0x50, 0x0, 0x6, 0xae, 0xff, 0xff,
    0xd6, 0xe4, 0x10, 0x0, 0x0, 0x0, 0x4, 0xba,
    0x44, 0x36, 0xd0, 0x0, 0x0, 0x1, 0x0, 0x0,
    0xd6, 0x80, 0x6, 0xd0, 0x0, 0x0, 0x2f, 0xa2,
    0x1, 0xf3, 0xf1, 0x6, 0xfa, 0xaa, 0xa2, 0x4,
    0xef, 0x35, 0xc1, 0xf1, 0x6, 0xfb, 0xdf, 0xb2,
    0x0, 0x19, 0xb, 0xa5, 0xf5, 0x36, 0xd0, 0x4e,
    0x0, 0x0, 0x0, 0xe, 0xff, 0xff, 0xb7, 0xb0,
    0x4e, 0x0, 0x0, 0x0, 0x1, 0x1, 0xf1, 0x8,
    0xa0, 0x4e, 0x0, 0x0, 0xc, 0x50, 0x1, 0xf3,
    0x59, 0x90, 0x4e, 0x0, 0x0, 0x3f, 0x34, 0x7b,
    0xff, 0xbb, 0x80, 0x4e, 0x0, 0x0, 0xab, 0x1f,
    0xb8, 0xf1, 0xe, 0x50, 0x4e, 0x0, 0x2, 0xf5,
    0x0, 0x1, 0xf1, 0x2f, 0x10, 0x4e, 0x0, 0xa,
    0xd0, 0x0, 0x1, 0xf1, 0x9b, 0x0, 0x4e, 0x0,
    0x7, 0x50, 0x0, 0x1, 0xf1, 0xb3, 0x0, 0x4e,
    0x0, 0x0, 0x0, 0x0, 0x0, 0x0, 0x0, 0x0,
    0x0, 0x0,

    /* U+6EAA "溪" */
    0x0, 0x0, 0x0, 0x0, 0x0, 0x0, 0x0, 0x0,
    0x0, 0x1, 0xa3, 0x0, 0x0, 0x2, 0x35, 0x8a,
    0xea, 0x0, 0x1, 0xaf, 0x80, 0xdf, 0xff, 0xec,
    0xa8, 0x62, 0x0, 0x0, 0x5, 0xd1, 0x57, 0x0,
    0xb4, 0x0, 0xb7, 0x0, 0x0, 0x0, 0x0, 0x3f,
    0x20, 0x8c, 0x2, 0xf1, 0x0, 0x0, 0x0, 0x0,
    0xa, 0x54, 0x58, 0x7, 0x80, 0x0, 0x2e, 0x91,
    0x0, 0x0, 0x5e, 0x40, 0x72, 0x0, 0x0, 0x5,
    0xde, 0x40, 0x19, 0xe3, 0x1b, 0xd3, 0x0, 0x0,
    0x0, 0x8, 0x10, 0x8f, 0xff, 0xf8, 0x9, 0x70,
    0x0, 0x0, 0x0, 0x0, 0x12, 0x9d, 0x40, 0x3,
    0xf5, 0x0, 0x0, 0x2, 0x0, 0x8e, 0xfc, 0xde,
    0xff, 0xef, 0x20, 0x0, 0xa, 0xa0, 0xa9, 0x86,
    0xda, 0x10, 0x9, 0x40, 0x0, 0x1f, 0x52, 0x22,
    0x22, 0xe9, 0x22, 0x22, 0x20, 0x0, 0x8e, 0xc,
    0xff, 0xff, 0xff, 0xff, 0xff, 0xf1, 0x1, 0xf7,
    0x0, 0x0, 0x1d, 0xa8, 0xd1, 0x0, 0x0, 0x8,
    0xf1, 0x0, 0x5, 0xdd, 0x10, 0xae, 0x61, 0x0,
    0x9, 0x80, 0x2a, 0xef, 0x81, 0x0, 0x7, 0xef,
    0xc1, 0x0, 0x0, 0x7, 0x40, 0x0, 0x0, 0x0,
    0x4, 0x60,

    /* U+706B "火" */
    0x0, 0x0, 0x0, 0x0, 0xab, 0x0, 0x0, 0x0,
    0x0, 0x0, 0x0, 0x0, 0x0, 0xbc, 0x0, 0x0,
    0x0, 0x0, 0x0, 0x0, 0x0, 0x0, 0xcb, 0x0,
    0x0, 0x0, 0x0, 0x0, 0x1, 0x40, 0x0, 0xcb,
    0x0, 0x0, 0x4, 0x0, 0x0, 0x7, 0xf0, 0x0,
    0xca, 0x0, 0x0, 0x5f, 0x40, 0x0, 0xc, 0xa0,
    0x0, 0xe8, 0x0, 0x0, 0xcc, 0x0, 0x0, 0x3f,
    0x50, 0x0, 0xf7, 0x0, 0x4, 0xf4, 0x0, 0x0,
    0xcc, 0x0, 0x2, 0xfa, 0x0, 0xc, 0xb0, 0x0,
    0x3, 0xf4, 0x0, 0x6, 0xff, 0x10, 0x2f, 0x20,
    0x0, 0x0, 0x0, 0x0, 0xc, 0xce, 0x60, 0x0,
    0x0, 0x0, 0x0, 0x0, 0x0, 0x3f, 0x57, 0xe1,
    0x0, 0x0, 0x0, 0x0, 0x0, 0x0, 0xce, 0x0,
    0xea, 0x0, 0x0, 0x0, 0x0, 0x0, 0x9, 0xf3,
    0x0, 0x4f, 0x80, 0x0, 0x0, 0x0, 0x0, 0xaf,
    0x70, 0x0, 0x6, 0xfb, 0x10, 0x0, 0x0, 0x5d,
    0xf5, 0x0, 0x0, 0x0, 0x4e, 0xf9, 0x30, 0xb,
    0xfa, 0x20, 0x0, 0x0, 0x0, 0x1, 0x8e, 0xf1,
    0x2, 0x20, 0x0, 0x0, 0x0, 0x0, 0x0, 0x0,
    0x20,

    /* U+70B9 "点" */
    0x0, 0x0, 0x0, 0x0, 0x43, 0x0, 0x0, 0x0,
    0x0, 0x0, 0x0, 0x0, 0x0, 0xc8, 0x0, 0x0,
    0x0, 0x0, 0x0, 0x0, 0x0, 0x0, 0xca, 0x33,
    0x33, 0x33, 0x10, 0x0, 0x0, 0x0, 0x0, 0xcf,
    0xff, 0xff, 0xff, 0x50, 0x0, 0x0, 0x0, 0x0,
    0xc9, 0x0, 0x0, 0x0, 0x0, 0x0, 0x0, 0x0,
    0x0, 0xc8, 0x0, 0x0, 0x0, 0x0, 0x0, 0xd,
    0xdd, 0xdd, 0xfe, 0xdd, 0xdd, 0xd0, 0x0, 0x0,
    0xf, 0x96, 0x66, 0x66, 0x66, 0x69, 0xf0, 0x0,
    0x0, 0xf, 0x40, 0x0, 0x0, 0x0, 0x4, 0xf0,
    0x0, 0x0, 0xf, 0x40, 0x0, 0x0, 0x0, 0x4,
    0xf0, 0x0, 0x0, 0xf, 0x52, 0x22, 0x22, 0x22,
    0x26, 0xf0, 0x0, 0x0, 0xf, 0xff, 0xff, 0xff,
    0xff, 0xff, 0xf0, 0x0, 0x0, 0x1, 0x11, 0x11,
    0x11, 0x11, 0x11, 0x10, 0x0, 0x0, 0xa, 0x30,
    0x42, 0x0, 0x61, 0x2, 0xb1, 0x0, 0x0, 0x8e,
    0x0, 0xc8, 0x0, 0xd8, 0x0, 0xcb, 0x0, 0x2,
    0xf7, 0x0, 0xab, 0x0, 0x6e, 0x0, 0x2f, 0x60,
    0xe, 0xb0, 0x0, 0x8c, 0x0, 0x1f, 0x40, 0x9,
    0xd0, 0x3, 0x10, 0x0, 0x22, 0x0, 0x1, 0x0,
    0x1, 0x0,

    /* U+73AF "环" */
    0x0, 0x0, 0x0, 0x0, 0x0, 0x0, 0x0, 0x0,
    0x4, 0xff, 0xff, 0xf1, 0xff, 0xff, 0xff, 0xff,
    0xff, 0x14, 0x6f, 0x64, 0x4, 0x44, 0x4a, 0xf4,
    0x44, 0x40, 0x1, 0xf2, 0x0, 0x0, 0x0, 0xe9,
    0x0, 0x0, 0x0, 0x1f, 0x20, 0x0, 0x0, 0x5f,
    0x30, 0x0, 0x0, 0x1, 0xf2, 0x0, 0x0, 0xe,
    0xf7, 0x70, 0x0, 0xe, 0xef, 0xea, 0x0, 0x8,
    0xff, 0x7f, 0x50, 0x0, 0x56, 0xf6, 0x40, 0x5,
    0xf8, 0xf2, 0x7f, 0x30, 0x0, 0x1f, 0x20, 0x3,
    0xfa, 0x2f, 0x20, 0xae, 0x10, 0x1, 0xf2, 0x4,
    0xfc, 0x2, 0xf2, 0x0, 0xda, 0x0, 0x1f, 0x20,
    0x1a, 0x0, 0x2f, 0x20, 0x3, 0x30, 0x1, 0xf8,
    0xc0, 0x0, 0x2, 0xf2, 0x0, 0x0, 0x17, 0xcf,
    0xd7, 0x0, 0x0, 0x2f, 0x20, 0x0, 0x2, 0xe9,
    0x30, 0x0, 0x0, 0x2, 0xf2, 0x0, 0x0, 0x0,
    0x0, 0x0, 0x0, 0x0, 0x2f, 0x20, 0x0, 0x0,
    0x0, 0x0, 0x0, 0x0, 0x2, 0xf2, 0x0, 0x0,

    /* U+7528 "用" */
    0x0, 0x3f, 0xff, 0xff, 0xff, 0xff, 0xff, 0xfe,
    0x0, 0x3f, 0x65, 0x55, 0xaf, 0x55, 0x55, 0x9f,
    0x0, 0x3f, 0x10, 0x0, 0x7e, 0x0, 0x0, 0x5f,
    0x0, 0x3f, 0x10, 0x0, 0x7e, 0x0, 0x0, 0x5f,
    0x0, 0x3f, 0xee, 0xee, 0xff, 0xee, 0xee, 0xef,
    0x0, 0x3f, 0x76, 0x66, 0xaf, 0x66, 0x66, 0x9f,
    0x0, 0x4f, 0x10, 0x0, 0x7e, 0x0, 0x0, 0x5f,
    0x0, 0x4f, 0x0, 0x0, 0x7e, 0x0, 0x0, 0x5f,
    0x0, 0x5f, 0x54, 0x44, 0x9f, 0x44, 0x44, 0x8f,
    0x0, 0x7f, 0xff, 0xff, 0xff, 0xff, 0xff, 0xff,
    0x0, 0x9b, 0x0, 0x0, 0x7e, 0x0, 0x0, 0x5f,
    0x0, 0xe7, 0x0, 0x0, 0x7e, 0x0, 0x0, 0x5f,
    0x4, 0xf3, 0x0, 0x0, 0x7e, 0x0, 0x0, 0x5f,
    0xd, 0xc0, 0x0, 0x0, 0x7e, 0x2, 0x33, 0x8e,
    0x3e, 0x30, 0x0, 0x0, 0x7e, 0x5, 0xff, 0xe8,
    0x0, 0x0, 0x0, 0x0, 0x0, 0x0, 0x0, 0x0,

    /* U+7535 "电" */
    0x0, 0x0, 0x0, 0x31, 0x0, 0x0, 0x0, 0x0,
    0x0, 0x0, 0x0, 0xf5, 0x0, 0x0, 0x0, 0x0,
    0x0, 0x0, 0x0, 0xf5, 0x0, 0x0, 0x0, 0x0,
    0x56, 0x66, 0x66, 0xf9, 0x66, 0x66, 0x62, 0x0,
    0xef, 0xff, 0xff, 0xff, 0xff, 0xff, 0xf5, 0x0,
    0xe7, 0x0, 0x0, 0xf5, 0x0, 0x0, 0xf5, 0x0,
    0xe7, 0x0, 0x0, 0xf5, 0x0, 0x0, 0xf5, 0x0,
    0xea, 0x66, 0x66, 0xf9, 0x66, 0x66, 0xf5, 0x0,
    0xee, 0xdd, 0xde, 0xfe, 0xdd, 0xdd, 0xf5, 0x0,
    0xe7, 0x0, 0x0, 0xf5, 0x0, 0x0, 0xf5, 0x0,
    0xe7, 0x0, 0x0, 0xf5, 0x0, 0x0, 0xf5, 0x0,
    0xef, 0xff, 0xff, 0xff, 0xff, 0xff, 0xf5, 0x0,
    0xea, 0x55, 0x56, 0xf9, 0x55, 0x55, 0x53, 0x0,
    0xb6, 0x0, 0x0, 0xf5, 0x0, 0x0, 0x4, 0xd0,
    0x0, 0x0, 0x0, 0xf6, 0x0, 0x0, 0x6, 0xf0,
    0x0, 0x0, 0x0, 0xec, 0x65, 0x55, 0x6d, 0xb0,
    0x0, 0x0, 0x0, 0x5e, 0xff, 0xff, 0xfd, 0x30,

    /* U+767D "白" */
    0x0, 0x0, 0x0, 0x10, 0x0, 0x0, 0x0, 0x0,
    0x0, 0x3, 0xf7, 0x0, 0x0, 0x0, 0x0, 0x0,
    0x8, 0xf1, 0x0, 0x0, 0x0, 0x13, 0x33, 0x3e,
    0xc3, 0x33, 0x33, 0x31, 0x6f, 0xff, 0xff, 0xff,
    0xff, 0xff, 0xf6, 0x6f, 0x11, 0x11, 0x11, 0x11,
    0x11, 0xf6, 0x6e, 0x0, 0x0, 0x0, 0x0, 0x0,
    0xf6, 0x6e, 0x0, 0x0, 0x0, 0x0, 0x0, 0xf6,
    0x6e, 0x0, 0x0, 0x0, 0x0, 0x0, 0xf6, 0x6f,
    0xff, 0xff, 0xff, 0xff, 0xff, 0xf6, 0x6f, 0x55,
    0x55, 0x55, 0x55, 0x55, 0xf6, 0x6e, 0x0, 0x0,
    0x0, 0x0, 0x0, 0xf6, 0x6e, 0x0, 0x0, 0x0,
    0x0, 0x0, 0xf6, 0x6e, 0x0, 0x0, 0x0, 0x0,
    0x0, 0xf6, 0x6f, 0x33, 0x33, 0x33, 0x33, 0x33,
    0xf6, 0x6f, 0xff, 0xff, 0xff, 0xff, 0xff, 0xf6,
    0x6f, 0x11, 0x11, 0x11, 0x11, 0x11, 0xd6,

    /* U+7684 "的" */
    0x0, 0x1, 0x0, 0x0, 0x0, 0x10, 0x0, 0x0,
    0x0, 0xb, 0xb0, 0x0, 0x5, 0xf1, 0x0, 0x0,
    0x0, 0xf, 0x60, 0x0, 0xa, 0xc0, 0x0, 0x0,
    0x13, 0x6f, 0x43, 0x30, 0xe, 0xa4, 0x44, 0x44,
    0x5f, 0xff, 0xff, 0xe0, 0x4f, 0xff, 0xff, 0xfe,
    0x5e, 0x0, 0x4, 0xe0, 0xca, 0x0, 0x0, 0x6d,
    0x5e, 0x0, 0x4, 0xe5, 0xf3, 0x0, 0x0, 0x7d,
    0x5e, 0x0, 0x4, 0xe9, 0xa0, 0x0, 0x0, 0x7c,
    0x5f, 0x33, 0x37, 0xe0, 0xa, 0xa0, 0x0, 0x8b,
    0x5f, 0xff, 0xff, 0xe0, 0x2, 0xf7, 0x0, 0x9b,
    0x5e, 0x0, 0x4, 0xe0, 0x0, 0x6f, 0x20, 0xaa,
    0x5e, 0x0, 0x4, 0xe0, 0x0, 0xb, 0xc0, 0xb9,
    0x5e, 0x0, 0x4, 0xe0, 0x0, 0x1, 0x10, 0xc8,
    0x5e, 0x0, 0x4, 0xe0, 0x0, 0x0, 0x0, 0xe6,
    0x5f, 0xee, 0xee, 0xe0, 0x0, 0x0, 0x1, 0xf4,
    0x5f, 0x55, 0x55, 0x40, 0x0, 0x32, 0x19, 0xf0,
    0x5e, 0x0, 0x0, 0x0, 0x0, 0xbf, 0xff, 0x70,
    0x0, 0x0, 0x0, 0x0, 0x0, 0x2, 0x20, 0x0,

    /* U+76F4 "直" */
    0x0, 0x0, 0x0, 0x0, 0xb8, 0x0, 0x0, 0x0,
    0x0, 0x3, 0x55, 0x55, 0x55, 0xea, 0x55, 0x55,
    0x55, 0x30, 0x9, 0xdd, 0xdd, 0xde, 0xfe, 0xdd,
    0xdd, 0xdd, 0x80, 0x0, 0x0, 0x0, 0x3, 0xf1,
    0x0, 0x0, 0x0, 0x0, 0x0, 0x9, 0xff, 0xff,
    0xff, 0xff, 0xff, 0xa0, 0x0, 0x0, 0x9, 0xc3,
    0x33, 0x33, 0x33, 0x3b, 0xb0, 0x0, 0x0, 0x9,
    0xb1, 0x11, 0x11, 0x11, 0x1a, 0xb0, 0x0, 0x0,
    0x9, 0xff, 0xff, 0xff, 0xff, 0xff, 0xb0, 0x0,
    0x0, 0x9, 0xb0, 0x0, 0x0, 0x0, 0xa, 0xb0,
    0x0, 0x0, 0x9, 0xff, 0xff, 0xff, 0xff, 0xff,
    0xb0, 0x0, 0x0, 0x9, 0xb1, 0x11, 0x11, 0x11,
    0x1a, 0xb0, 0x0, 0x0, 0x9, 0xb1, 0x11, 0x11,
    0x11, 0x1a, 0xb0, 0x0, 0x0, 0x9, 0xff, 0xff,
    0xff, 0xff, 0xff, 0xb0, 0x0, 0x0, 0x9, 0xb0,
    0x0, 0x0, 0x0, 0xa, 0xb0, 0x0, 0x4, 0x4b,
    0xc4, 0x44, 0x44, 0x44, 0x4b, 0xc4, 0x40, 0x2f,
    0xff, 0xff, 0xff, 0xff, 0xff, 0xff, 0xff, 0xf3,

    /* U+7720 "眠" */
    0x0, 0x0, 0x0, 0x25, 0x55, 0x55, 0x55, 0x50,
    0xe, 0xff, 0xff, 0x5, 0xfe, 0xee, 0xee, 0xef,
    0x20, 0xe7, 0x36, 0xf0, 0x5e, 0x0, 0x0, 0x2,
    0xf2, 0xe, 0x50, 0x3f, 0x5, 0xe0, 0x0, 0x0,
    0x2f, 0x20, 0xe7, 0x36, 0xf0, 0x5f, 0x77, 0x77,
    0x78, 0xf2, 0xe, 0xff, 0xff, 0x5, 0xfc, 0xce,
    0xfc, 0xcc, 0x10, 0xe5, 0x3, 0xf0, 0x5e, 0x0,
    0x6e, 0x0, 0x0, 0xe, 0x50, 0x3f, 0x5, 0xe0,
    0x5, 0xe0, 0x0, 0x0, 0xe9, 0x58, 0xf0, 0x5f,
    0x66, 0x8f, 0x66, 0x66, 0x1e, 0xec, 0xdf, 0x5,
    0xfd, 0xde, 0xfe, 0xdd, 0xd2, 0xe5, 0x3, 0xf0,
    0x5e, 0x0, 0xe, 0x40, 0x0, 0xe, 0x50, 0x3f,
    0x5, 0xe0, 0x0, 0xb7, 0x0, 0x0, 0xef, 0xff,
    0xf0, 0x5e, 0x0, 0x7, 0xc0, 0x7, 0x1e, 0x83,
    0x33, 0x6, 0xe0, 0x2, 0x2f, 0x30, 0xf5, 0xe5,
    0x0, 0x0, 0xbf, 0x9e, 0xf3, 0x9d, 0x7f, 0x20,
    0x0, 0x0, 0x3f, 0xc8, 0x40, 0x0, 0x9e, 0xa0,
    0x0, 0x0, 0x0, 0x10, 0x0, 0x0, 0x0, 0x0,
    0x0,

    /* U+7761 "睡" */
    0x0, 0x0, 0x0, 0x1, 0x23, 0x57, 0x9c, 0x40,
    0xdf, 0xff, 0x40, 0xef, 0xff, 0xfc, 0xa7, 0x30,
    0xd6, 0x3d, 0x40, 0x10, 0x1, 0xf3, 0x0, 0x0,
    0xd4, 0xc, 0x40, 0x0, 0x1, 0xf3, 0x0, 0x0,
    0xd6, 0x3d, 0x47, 0xdd, 0xde, 0xfe, 0xdd, 0xd8,
    0xdf, 0xff, 0x43, 0x7f, 0x77, 0xf8, 0x6f, 0x84,
    0xd4, 0xc, 0x40, 0x1f, 0x1, 0xf3, 0xf, 0x20,
    0xd4, 0xc, 0x43, 0x5f, 0x55, 0xf7, 0x4f, 0x64,
    0xd8, 0x5d, 0x4d, 0xff, 0xff, 0xff, 0xff, 0xff,
    0xdd, 0xcf, 0x40, 0x2f, 0x12, 0xf4, 0xf, 0x30,
    0xd4, 0xc, 0x40, 0x1f, 0x1, 0xf3, 0xf, 0x20,
    0xd4, 0xc, 0x49, 0xff, 0xff, 0xff, 0xef, 0xf8,
    0xdf, 0xff, 0x41, 0x22, 0x23, 0xf5, 0x22, 0x21,
    0xd7, 0x33, 0x10, 0x0, 0x1, 0xf3, 0x0, 0x0,
    0xd4, 0x0, 0x0, 0x33, 0x34, 0xf6, 0x33, 0x30,
    0x0, 0x0, 0x0, 0xff, 0xff, 0xff, 0xff, 0xf0,

    /* U+786E "确" */
    0x0, 0x0, 0x0, 0x0, 0x0, 0x40, 0x0, 0x0,
    0x0, 0x66, 0x66, 0x66, 0x0, 0x6e, 0x0, 0x0,
    0x0, 0xd, 0xdf, 0xed, 0xd1, 0xd, 0xfd, 0xdd,
    0xc1, 0x0, 0x0, 0xf4, 0x0, 0x5, 0xf5, 0x44,
    0xdd, 0x0, 0x0, 0x3f, 0x10, 0x1, 0xe8, 0x0,
    0x3f, 0x30, 0x0, 0x7, 0xd0, 0x0, 0xbf, 0x64,
    0x4c, 0xd4, 0x44, 0x0, 0xb9, 0x0, 0x7f, 0xfe,
    0xde, 0xfd, 0xde, 0xe0, 0x1f, 0xa6, 0x65, 0x5f,
    0x40, 0x4e, 0x0, 0x6e, 0x7, 0xfe, 0xdf, 0x70,
    0xf6, 0x25, 0xe2, 0x27, 0xe1, 0xef, 0x50, 0xa7,
    0xf, 0xfe, 0xff, 0xee, 0xfe, 0x3e, 0xe5, 0xa,
    0x70, 0xf4, 0x4, 0xe0, 0x6, 0xe0, 0x3c, 0x50,
    0xa7, 0x1f, 0x40, 0x4e, 0x0, 0x6e, 0x0, 0xc5,
    0xa, 0x73, 0xff, 0xff, 0xff, 0xff, 0xe0, 0xc,
    0x60, 0xa7, 0x4f, 0x11, 0x5e, 0x11, 0x7e, 0x0,
    0xcf, 0xff, 0x79, 0xa0, 0x4, 0xe0, 0x6, 0xe0,
    0xc, 0x72, 0x22, 0xe4, 0x0, 0x4e, 0x13, 0x8e,
    0x0, 0xa4, 0x0, 0xa8, 0x0, 0x4, 0xe3, 0xfe,
    0x80, 0x0, 0x0, 0x0, 0x0, 0x0, 0x0, 0x0,
    0x0,

    /* U+79D2 "秒" */
    0x0, 0x0, 0x0, 0x0, 0x0, 0x0, 0x10, 0x0,
    0x0, 0x0, 0x0, 0x26, 0xb2, 0x0, 0x5, 0xe0,
    0x0, 0x0, 0x6, 0xbe, 0xfe, 0x93, 0x0, 0x5,
    0xe0, 0x0, 0x0, 0x5, 0x75, 0xf4, 0x0, 0x0,
    0x5, 0xe0, 0x1, 0x0, 0x0, 0x1, 0xf4, 0x0,
    0x1f, 0x35, 0xe0, 0x9b, 0x0, 0x0, 0x1, 0xf4,
    0x0, 0x4f, 0x5, 0xe0, 0x2f, 0x30, 0x1f, 0xff,
    0xff, 0xfc, 0x7d, 0x5, 0xe0, 0xa, 0xa0, 0x3,
    0x38, 0xf7, 0x32, 0xb9, 0x5, 0xe0, 0x5, 0xf1,
    0x0, 0xd, 0xfe, 0x11, 0xf4, 0x5, 0xe0, 0x0,
    0xd3, 0x0, 0x4e, 0xfb, 0xc2, 0xb0, 0x5, 0xe0,
    0x7, 0x20, 0x0, 0xb7, 0xf4, 0xc7, 0x0, 0x5,
    0xe0, 0x5f, 0x20, 0x5, 0xe1, 0xf4, 0x31, 0x0,
    0x5, 0xe0, 0xd9, 0x0, 0x1e, 0x51, 0xf4, 0x0,
    0x0, 0x0, 0xb, 0xe1, 0x0, 0x9, 0x1, 0xf4,
    0x0, 0x0, 0x1, 0xbe, 0x20, 0x0, 0x0, 0x1,
    0xf4, 0x0, 0x0, 0x7f, 0xd2, 0x0, 0x0, 0x0,
    0x1, 0xf4, 0x5, 0xaf, 0xe6, 0x0, 0x0, 0x0,
    0x0, 0x1, 0xf4, 0x1d, 0xa4, 0x0, 0x0, 0x0,
    0x0,

    /* U+7A7A "空" */
    0x0, 0x0, 0x0, 0x1, 0x10, 0x0, 0x0, 0x0,
    0x0, 0x0, 0x0, 0xe, 0xa0, 0x0, 0x0, 0x0,
    0x0, 0x0, 0x0, 0x8, 0xf2, 0x0, 0x0, 0x0,
    0x6f, 0xff, 0xff, 0xff, 0xff, 0xff, 0xff, 0xfe,
    0x6f, 0x44, 0x44, 0x44, 0x44, 0x44, 0x44, 0x9e,
    0x6e, 0x0, 0x3, 0x50, 0x0, 0x60, 0x0, 0x7e,
    0x6e, 0x0, 0x7f, 0x90, 0x3, 0xee, 0x60, 0x49,
    0x1, 0x4c, 0xf6, 0x0, 0x0, 0x7, 0xfd, 0x40,
    0xc, 0xfa, 0x20, 0x0, 0x0, 0x0, 0x1a, 0xf7,
    0x7, 0x42, 0x22, 0x22, 0x22, 0x22, 0x22, 0x51,
    0x0, 0x7f, 0xff, 0xff, 0xff, 0xff, 0xff, 0x10,
    0x0, 0x0, 0x0, 0x8, 0xe0, 0x0, 0x0, 0x0,
    0x0, 0x0, 0x0, 0x7, 0xe0, 0x0, 0x0, 0x0,
    0x0, 0x0, 0x0, 0x7, 0xe0, 0x0, 0x0, 0x0,
    0x0, 0x0, 0x0, 0x7, 0xe0, 0x0, 0x0, 0x0,
    0x14, 0x44, 0x44, 0x4a, 0xf4, 0x44, 0x44, 0x43,
    0x5f, 0xff, 0xff, 0xff, 0xff, 0xff, 0xff, 0xfe,

    /* U+7BDD "篝" */
    0x0, 0x3, 0x10, 0x0, 0x0, 0x31, 0x0, 0x0,
    0x0, 0x0, 0x2f, 0x40, 0x0, 0x2, 0xf5, 0x0,
    0x0, 0x0, 0x0, 0xbf, 0xff, 0xff, 0xbb, 0xff,
    0xff, 0xff, 0xf3, 0x7, 0xe1, 0xaa, 0x0, 0x9e,
    0x10, 0xd8, 0x0, 0x0, 0x1d, 0x30, 0x3d, 0x73,
    0xc2, 0x6, 0x7b, 0x0, 0x0, 0x0, 0xac, 0xcd,
    0xfc, 0xcc, 0xcf, 0xdc, 0xcc, 0x10, 0x0, 0x11,
    0x16, 0xf1, 0x11, 0x1e, 0x71, 0x11, 0x0, 0x0,
    0x3e, 0xef, 0xfe, 0xee, 0xef, 0xfe, 0xe8, 0x0,
    0x0, 0x0, 0x5, 0xe0, 0x0, 0xe, 0x60, 0x0,
    0x0, 0xc, 0xee, 0xee, 0xee, 0xff, 0xee, 0xee,
    0xee, 0xc0, 0x0, 0x0, 0x11, 0x11, 0xab, 0x11,
    0x11, 0x0, 0x0, 0x0, 0xa, 0xec, 0xcc, 0xee,
    0xcc, 0xce, 0xb0, 0x0, 0x0, 0xa, 0xd6, 0x66,
    0xcd, 0x66, 0x6c, 0xb0, 0x0, 0x0, 0xa, 0xb3,
    0x33, 0xbb, 0x33, 0x3b, 0xb0, 0x0, 0xe, 0xef,
    0xfe, 0xee, 0xff, 0xee, 0xef, 0xfe, 0xe0, 0x0,
    0xa, 0xa0, 0x0, 0x0, 0x0, 0xa, 0xb0, 0x0,
    0x0, 0xa, 0xa0, 0x0, 0x0, 0x2f, 0xfe, 0x60,
    0x0, 0x0, 0x0, 0x0, 0x0, 0x0, 0x0, 0x0,
    0x0, 0x0,

    /* U+7C89 "粉" */
    0x0, 0x3, 0x70, 0x0, 0x0, 0x0, 0x1, 0x0,
    0x0, 0x1, 0x6, 0xd0, 0x20, 0x1, 0xf4, 0x1f,
    0x20, 0x0, 0xe, 0x16, 0xd0, 0xd6, 0x5, 0xf0,
    0xd, 0x60, 0x0, 0xb, 0x66, 0xd1, 0xf1, 0x9,
    0xb0, 0x9, 0xc0, 0x0, 0x7, 0xa6, 0xd6, 0xb0,
    0xd, 0x70, 0x3, 0xf2, 0x0, 0x4, 0xc6, 0xda,
    0x50, 0x5e, 0x10, 0x0, 0xdb, 0x0, 0x0, 0x6,
    0xd0, 0x1, 0xe6, 0x0, 0x0, 0x4f, 0x50, 0x2f,
    0xff, 0xff, 0xfe, 0xc0, 0x0, 0x0, 0x9, 0xf1,
    0x15, 0x5e, 0xe5, 0x57, 0xef, 0xff, 0xff, 0xfa,
    0x50, 0x0, 0x3f, 0xf3, 0x0, 0x34, 0xcb, 0x44,
    0xca, 0x0, 0x0, 0xae, 0xfe, 0x20, 0x0, 0xd6,
    0x0, 0xb9, 0x0, 0x2, 0xf8, 0xd7, 0xd1, 0x0,
    0xf4, 0x0, 0xc8, 0x0, 0xb, 0xa6, 0xd0, 0xa1,
    0x6, 0xe0, 0x0, 0xe6, 0x0, 0x4f, 0x16, 0xd0,
    0x0, 0xc, 0x90, 0x0, 0xf5, 0x0, 0x5, 0x6,
    0xd0, 0x0, 0x7e, 0x10, 0x2, 0xf3, 0x0, 0x0,
    0x6, 0xd0, 0x6, 0xf5, 0x3, 0x39, 0xf0, 0x0,
    0x0, 0x6, 0xd0, 0xb, 0x40, 0xa, 0xfe, 0x70,
    0x0, 0x0, 0x0, 0x0, 0x0, 0x0, 0x0, 0x0,
    0x0, 0x0,

    /* U+7EC6 "细" */
    0x0, 0x0, 0x0, 0x0, 0x0, 0x0, 0x0, 0x0,
    0x0, 0x0, 0xc, 0x80, 0x2, 0x22, 0x22, 0x22,
    0x22, 0x0, 0x4, 0xf3, 0x3, 0xff, 0xff, 0xff,
    0xff, 0xe0, 0x0, 0xcb, 0x0, 0x3f, 0x32, 0x7e,
    0x22, 0x7e, 0x0, 0x4f, 0x20, 0x3, 0xf0, 0x5,
    0xe0, 0x5, 0xe0, 0xd, 0x80, 0xc, 0x7f, 0x0,
    0x5e, 0x0, 0x5e, 0x9, 0xd1, 0x29, 0xe4, 0xf0,
    0x5, 0xe0, 0x5, 0xe4, 0xff, 0xff, 0xf4, 0x3f,
    0x0, 0x5e, 0x0, 0x5e, 0x7, 0x44, 0xe8, 0x3,
    0xf6, 0x69, 0xf6, 0x6a, 0xe0, 0x0, 0xc9, 0x0,
    0x3f, 0xdd, 0xef, 0xdd, 0xee, 0x0, 0xcb, 0x13,
    0x55, 0xf0, 0x5, 0xe0, 0x5, 0xe1, 0xdf, 0xff,
    0xfd, 0x7f, 0x0, 0x5e, 0x0, 0x5e, 0xb, 0x85,
    0x20, 0x3, 0xf0, 0x5, 0xe0, 0x5, 0xe0, 0x0,
    0x0, 0x0, 0x3f, 0x0, 0x5e, 0x0, 0x5e, 0x1,
    0x36, 0x9c, 0xf8, 0xf4, 0x48, 0xf4, 0x48, 0xe3,
    0xff, 0xda, 0x74, 0x4f, 0xff, 0xff, 0xff, 0xfe,
    0x3, 0x0, 0x0, 0x3, 0xf0, 0x0, 0x0, 0x5,
    0xc0,

    /* U+7ED3 "结" */
    0x0, 0x2, 0xa1, 0x0, 0x0, 0x7, 0xd0, 0x0,
    0x0, 0x0, 0x9e, 0x0, 0x0, 0x0, 0x7e, 0x0,
    0x0, 0x0, 0x1f, 0x70, 0x9, 0xee, 0xef, 0xfe,
    0xee, 0xe0, 0x7, 0xe0, 0x3, 0x35, 0x55, 0xae,
    0x55, 0x55, 0x1, 0xf5, 0x8, 0xf0, 0x0, 0x7,
    0xe0, 0x0, 0x0, 0xbc, 0x24, 0xf7, 0x0, 0x0,
    0x7e, 0x0, 0x0, 0x5f, 0xff, 0xfc, 0x1, 0x66,
    0x6b, 0xe6, 0x66, 0x40, 0x63, 0x7f, 0x20, 0x2e,
    0xee, 0xee, 0xee, 0xe9, 0x0, 0x2f, 0x60, 0x0,
    0x0, 0x0, 0x0, 0x0, 0x0, 0x1e, 0x92, 0x47,
    0x13, 0x44, 0x44, 0x44, 0x40, 0x2e, 0xff, 0xfe,
    0xb2, 0xbf, 0xff, 0xff, 0xff, 0x30, 0xb7, 0x41,
    0x0, 0xb, 0x90, 0x0, 0x2, 0xf3, 0x0, 0x0,
    0x0, 0x0, 0xb9, 0x0, 0x0, 0x2f, 0x30, 0x1,
    0x47, 0xad, 0x3b, 0x90, 0x0, 0x2, 0xf3, 0x3e,
    0xff, 0xd9, 0x61, 0xbb, 0x55, 0x55, 0x7f, 0x31,
    0x84, 0x10, 0x0, 0xb, 0xfd, 0xdd, 0xdd, 0xe3,

    /* U+8282 "节" */
    0x0, 0x0, 0x1, 0x10, 0x0, 0x1, 0x10, 0x0,
    0x0, 0x0, 0x0, 0xc, 0x90, 0x0, 0x9, 0xc0,
    0x0, 0x0, 0x1, 0x11, 0x1d, 0xa1, 0x11, 0x19,
    0xd1, 0x11, 0x10, 0xf, 0xff, 0xff, 0xff, 0xff,
    0xff, 0xff, 0xff, 0xf0, 0x3, 0x33, 0x3d, 0xa3,
    0x33, 0x3a, 0xd3, 0x33, 0x30, 0x0, 0x0, 0xc,
    0x90, 0x0, 0x9, 0xc0, 0x0, 0x0, 0x0, 0x0,
    0x1, 0x10, 0x0, 0x1, 0x10, 0x0, 0x0, 0x3,
    0xff, 0xff, 0xff, 0xff, 0xff, 0xff, 0xf4, 0x0,
    0x1, 0x55, 0x55, 0xaf, 0x55, 0x55, 0x56, 0xf4,
    0x0, 0x0, 0x0, 0x0, 0x8e, 0x0, 0x0, 0x1,
    0xf4, 0x0, 0x0, 0x0, 0x0, 0x8e, 0x0, 0x0,
    0x1, 0xf4, 0x0, 0x0, 0x0, 0x0, 0x8e, 0x0,
    0x0, 0x1, 0xf4, 0x0, 0x0, 0x0, 0x0, 0x8e,
    0x0, 0x0, 0x1, 0xf4, 0x0, 0x0, 0x0, 0x0,
    0x8e, 0x0, 0x26, 0x67, 0xf3, 0x0, 0x0, 0x0,
    0x0, 0x8e, 0x0, 0x2f, 0xfe, 0xa0, 0x0, 0x0,
    0x0, 0x0, 0x8e, 0x0, 0x0, 0x0, 0x0, 0x0,
    0x0, 0x0, 0x0, 0x8e, 0x0, 0x0, 0x0, 0x0,
    0x0,

    /* U+8349 "草" */
    0x0, 0x0, 0x32, 0x0, 0x0, 0x23, 0x0, 0x0,
    0x0, 0x0, 0xb, 0x80, 0x0, 0x9, 0xb0, 0x0,
    0x0, 0xdf, 0xff, 0xff, 0xff, 0xff, 0xff, 0xff,
    0xfe, 0x3, 0x44, 0x4d, 0xa4, 0x44, 0x4b, 0xc4,
    0x44, 0x30, 0x0, 0x0, 0x75, 0x0, 0x0, 0x67,
    0x0, 0x0, 0x0, 0xd, 0xff, 0xff, 0xff, 0xff,
    0xff, 0xe0, 0x0, 0x0, 0xe7, 0x11, 0x11, 0x11,
    0x11, 0x7e, 0x0, 0x0, 0xe, 0x60, 0x0, 0x0,
    0x0, 0x7, 0xe0, 0x0, 0x0, 0xef, 0xff, 0xff,
    0xff, 0xff, 0xfe, 0x0, 0x0, 0xe, 0x60, 0x0,
    0x0, 0x0, 0x6, 0xe0, 0x0, 0x0, 0xee, 0xcc,
    0xcc, 0xcc, 0xcc, 0xee, 0x0, 0x0, 0x3, 0x44,
    0x44, 0xcb, 0x44, 0x44, 0x30, 0x0, 0x0, 0x0,
    0x0, 0xb, 0x90, 0x0, 0x0, 0x0, 0xf, 0xff,
    0xff, 0xff, 0xff, 0xff, 0xff, 0xff, 0xf0, 0x44,
    0x44, 0x44, 0x4c, 0xb4, 0x44, 0x44, 0x44, 0x0,
    0x0, 0x0, 0x0, 0xb9, 0x0, 0x0, 0x0, 0x0,
    0x0, 0x0, 0x0, 0xb, 0x90, 0x0, 0x0, 0x0,
    0x0,

    /* U+83DC "菜" */
    0x0, 0x0, 0x2, 0x20, 0x0, 0x2, 0x20, 0x0,
    0x0, 0x0, 0x0, 0xb, 0xa0, 0x0, 0xa, 0xa0,
    0x0, 0x0, 0xd, 0xff, 0xff, 0xff, 0xff, 0xff,
    0xff, 0xff, 0xe0, 0x3, 0x33, 0x3c, 0xb3, 0x33,
    0x3c, 0xc3, 0x33, 0x30, 0x0, 0x0, 0x7, 0x70,
    0x0, 0x6, 0x97, 0x90, 0x0, 0x1, 0x45, 0x67,
    0x89, 0xac, 0xef, 0xff, 0xc4, 0x0, 0x3, 0xee,
    0xdc, 0xba, 0xa8, 0x64, 0x20, 0x10, 0x0, 0x0,
    0x3a, 0x0, 0x4, 0xe1, 0x0, 0x0, 0xe9, 0x0,
    0x0, 0xd, 0xa0, 0x0, 0xd8, 0x0, 0xa, 0xd0,
    0x0, 0x0, 0x4, 0xc1, 0x0, 0x97, 0x0, 0x3e,
    0x20, 0x0, 0x0, 0x0, 0x0, 0x0, 0xba, 0x0,
    0x0, 0x0, 0x0, 0xe, 0xff, 0xff, 0xff, 0xff,
    0xff, 0xff, 0xff, 0xf0, 0x4, 0x44, 0x44, 0x9f,
    0xfe, 0xf7, 0x44, 0x44, 0x40, 0x0, 0x0, 0x19,
    0xf5, 0xba, 0x6f, 0x80, 0x0, 0x0, 0x0, 0x28,
    0xfc, 0x20, 0xba, 0x3, 0xde, 0x83, 0x0, 0x1c,
    0xfc, 0x50, 0x0, 0xba, 0x0, 0x5, 0xcf, 0xd1,
    0x6, 0x30, 0x0, 0x0, 0xba, 0x0, 0x0, 0x3,
    0x50,

    /* U+866B "虫" */
    0x0, 0x0, 0x0, 0x0, 0x20, 0x0, 0x0, 0x0,
    0x0, 0x0, 0x0, 0x0, 0x1f, 0x50, 0x0, 0x0,
    0x0, 0x0, 0x0, 0x0, 0x1, 0xf5, 0x0, 0x0,
    0x0, 0x0, 0x3, 0x33, 0x33, 0x4f, 0x83, 0x33,
    0x33, 0x0, 0x0, 0xef, 0xff, 0xff, 0xff, 0xff,
    0xff, 0xf3, 0x0, 0xe, 0x81, 0x11, 0x2f, 0x71,
    0x11, 0x5f, 0x30, 0x0, 0xe7, 0x0, 0x1, 0xf5,
    0x0, 0x3, 0xf3, 0x0, 0xe, 0x70, 0x0, 0x1f,
    0x50, 0x0, 0x3f, 0x30, 0x0, 0xe7, 0x0, 0x1,
    0xf5, 0x0, 0x3, 0xf3, 0x0, 0xe, 0xa5, 0x55,
    0x6f, 0x95, 0x55, 0x8f, 0x30, 0x0, 0xef, 0xff,
    0xff, 0xff, 0xff, 0xff, 0xf3, 0x0, 0x0, 0x0,
    0x0, 0x1f, 0x50, 0x0, 0x0, 0x0, 0x0, 0x0,
    0x0, 0x1, 0xf5, 0x0, 0x8a, 0x0, 0x0, 0x0,
    0x0, 0x0, 0x1f, 0x50, 0x3, 0xf7, 0x0, 0x0,
    0x0, 0x0, 0x2, 0xf7, 0x34, 0x5b, 0xf4, 0x3,
    0xdd, 0xef, 0xff, 0xff, 0xff, 0xff, 0xee, 0xe1,
    0x19, 0x88, 0x76, 0x54, 0x32, 0x10, 0x0, 0x1f,
    0x90, 0x0, 0x0, 0x0, 0x0, 0x0, 0x0, 0x0,
    0x42,

    /* U+87C0 "蟀" */
    0x0, 0x1, 0x0, 0x0, 0x0, 0x1, 0x0, 0x0,
    0x0, 0x0, 0xe, 0x20, 0x0, 0x0, 0x5f, 0x10,
    0x0, 0x0, 0x0, 0xe, 0x20, 0x37, 0x77, 0x7f,
    0xb7, 0x77, 0x60, 0x0, 0xe, 0x20, 0x5a, 0xaa,
    0xbe, 0xba, 0xaa, 0x90, 0xd, 0xff, 0xff, 0x34,
    0x0, 0x4e, 0x10, 0x1, 0x50, 0xd, 0x4d, 0x2e,
    0x3e, 0x30, 0xc6, 0x21, 0xb, 0x90, 0xd, 0x1d,
    0xe, 0x16, 0xc8, 0xd2, 0xb8, 0x7c, 0x0, 0xd,
    0x1d, 0xe, 0x10, 0x2a, 0xce, 0xb0, 0x31, 0x0,
    0xd, 0x1d, 0xe, 0x10, 0x95, 0x3c, 0x37, 0x98,
    0x0, 0xd, 0x4e, 0x3f, 0x2b, 0xa4, 0xe5, 0x5e,
    0x2d, 0x60, 0xd, 0xff, 0xff, 0x68, 0xb, 0xbd,
    0xaa, 0x63, 0x80, 0xa, 0xe, 0x10, 0x0, 0x0,
    0xf, 0x50, 0x0, 0x0, 0x0, 0xe, 0x3c, 0x14,
    0x44, 0x4f, 0x84, 0x44, 0x40, 0x0, 0xe, 0x1e,
    0x9e, 0xee, 0xef, 0xfe, 0xee, 0xe0, 0x1, 0x3f,
    0x9e, 0x70, 0x0, 0xf, 0x50, 0x0, 0x0, 0x4f,
    0xca, 0x78, 0xb0, 0x0, 0xf, 0x50, 0x0, 0x0,
    0x0, 0x0, 0x0, 0x30, 0x0, 0xf, 0x50, 0x0,
    0x0,

    /* U+87CB "蟋" */
    0x0, 0x0, 0x0, 0x0, 0x0, 0x0, 0x0, 0x0,
    0x0, 0x0, 0xe, 0x20, 0x0, 0x0, 0x13, 0x58,
    0xcb, 0x0, 0x0, 0xe, 0x20, 0x6, 0xef, 0xff,
    0xe9, 0x62, 0x0, 0x0, 0xe, 0x20, 0x1, 0x85,
    0x9, 0x90, 0x6c, 0x0, 0xb, 0xcf, 0xdc, 0x30,
    0x4e, 0x9, 0x90, 0xe5, 0x0, 0xe, 0x6e, 0x6d,
    0x32, 0x3b, 0x4b, 0xb4, 0xa3, 0x20, 0xe, 0x1d,
    0x1c, 0x3b, 0xff, 0xff, 0xff, 0xff, 0xf0, 0xe,
    0x1d, 0x1c, 0x30, 0x2, 0xee, 0xee, 0x20, 0x0,
    0xe, 0x1d, 0x1c, 0x30, 0x2e, 0x89, 0x97, 0xe2,
    0x0, 0xe, 0x4e, 0x4d, 0x46, 0xfa, 0x9, 0x90,
    0x8f, 0x80, 0xe, 0xef, 0xee, 0x4b, 0x60, 0x1a,
    0x40, 0x5, 0xa0, 0x8, 0xe, 0x23, 0x0, 0x2,
    0x5d, 0xa0, 0x0, 0x0, 0x0, 0xe, 0x2c, 0x41,
    0xb7, 0xb0, 0xa7, 0x97, 0x0, 0x0, 0xe, 0x28,
    0x93, 0xc7, 0xb0, 0x0, 0x3f, 0x20, 0x26, 0x9f,
    0xef, 0xc6, 0x97, 0xb0, 0x2, 0x8a, 0x90, 0x5d,
    0xb8, 0x55, 0xea, 0x67, 0xc2, 0x27, 0xc4, 0xf0,
    0x0, 0x0, 0x0, 0x21, 0x13, 0xef, 0xff, 0x60,
    0x30,

    /* U+8861 "衡" */
    0x0, 0x2, 0x0, 0x2, 0x0, 0x0, 0x0, 0x0,
    0x0, 0x0, 0xe, 0x80, 0x1f, 0x30, 0x0, 0x1,
    0x11, 0x10, 0x0, 0x9e, 0x0, 0x7f, 0xdd, 0xc1,
    0xa, 0xff, 0xf0, 0x6, 0xf4, 0x0, 0xd8, 0x39,
    0xd0, 0x1, 0x22, 0x20, 0xf, 0x62, 0x68, 0xe0,
    0xc, 0x70, 0x0, 0x0, 0x0, 0x3, 0xa, 0xff,
    0xfe, 0xff, 0xfe, 0x20, 0x0, 0x0, 0x0, 0x2f,
    0x6b, 0xb0, 0x97, 0xe, 0x36, 0x66, 0x62, 0x0,
    0xcf, 0x4, 0xc2, 0x98, 0x2e, 0x3f, 0xff, 0xf6,
    0x8, 0xfe, 0x4, 0xfc, 0xee, 0xcf, 0x20, 0x4e,
    0x0, 0x3f, 0xbe, 0x4, 0xb0, 0x87, 0xe, 0x20,
    0x4e, 0x0, 0x5, 0x5e, 0x4, 0xfe, 0xff, 0xef,
    0x20, 0x4e, 0x0, 0x0, 0x5e, 0x0, 0x0, 0x86,
    0x0, 0x0, 0x4e, 0x0, 0x0, 0x5e, 0xb, 0xcc,
    0xfe, 0xcc, 0x70, 0x4e, 0x0, 0x0, 0x5e, 0x4,
    0x48, 0xfe, 0x64, 0x30, 0x4e, 0x0, 0x0, 0x5e,
    0x0, 0xd, 0x89, 0xe3, 0x0, 0x4e, 0x0, 0x0,
    0x5e, 0x5, 0xdb, 0x0, 0x6f, 0x14, 0x8e, 0x0,
    0x0, 0x5e, 0xa, 0x60, 0x0, 0x2, 0xc, 0xe8,
    0x0,

    /* U+8BF7 "请" */
    0x0, 0x0, 0x0, 0x0, 0x0, 0x5, 0x10, 0x0,
    0x0, 0x0, 0x86, 0x0, 0x0, 0x0, 0xf, 0x50,
    0x0, 0x0, 0x0, 0x4f, 0x70, 0x2e, 0xee, 0xef,
    0xfe, 0xee, 0xa0, 0x0, 0x4, 0xf5, 0x1, 0x11,
    0x1f, 0x61, 0x11, 0x10, 0x0, 0x0, 0x51, 0x8,
    0xbb, 0xbf, 0xdb, 0xbb, 0x10, 0x0, 0x0, 0x0,
    0x2, 0x33, 0x3f, 0x83, 0x33, 0x0, 0x5, 0x55,
    0x50, 0x12, 0x22, 0x2f, 0x72, 0x22, 0x20, 0x1f,
    0xff, 0xe0, 0x9d, 0xdd, 0xdd, 0xdd, 0xdd, 0xd3,
    0x0, 0x5, 0xe0, 0x0, 0x11, 0x11, 0x11, 0x11,
    0x0, 0x0, 0x5, 0xe0, 0x6, 0xff, 0xff, 0xff,
    0xfc, 0x0, 0x0, 0x5, 0xe0, 0x6, 0xd0, 0x0,
    0x0, 0x7c, 0x0, 0x0, 0x5, 0xe0, 0x6, 0xff,
    0xff, 0xff, 0xfc, 0x0, 0x0, 0x5, 0xe0, 0x6,
    0xd0, 0x0, 0x0, 0x7c, 0x0, 0x0, 0x5, 0xe2,
    0xa6, 0xd1, 0x11, 0x11, 0x8c, 0x0, 0x0, 0x7,
    0xfe, 0x96, 0xfd, 0xdd, 0xdd, 0xec, 0x0, 0x0,
    0x1e, 0xd3, 0x6, 0xd0, 0x0, 0x23, 0xac, 0x0,
    0x0, 0x7, 0x0, 0x6, 0xd0, 0x0, 0x9f, 0xd6,
    0x0,

    /* U+8C03 "调" */
    0x0, 0x70, 0x0, 0x3, 0x33, 0x33, 0x33, 0x33,
    0x10, 0x1d, 0xd1, 0x2, 0xff, 0xff, 0xff, 0xff,
    0xf4, 0x0, 0x1d, 0xd1, 0x2f, 0x0, 0x7, 0x0,
    0xe, 0x40, 0x0, 0x1b, 0x12, 0xf0, 0x1, 0xf1,
    0x0, 0xe4, 0x0, 0x0, 0x0, 0x2f, 0xf, 0xff,
    0xff, 0xe, 0x43, 0x77, 0x72, 0x2, 0xf0, 0x0,
    0xf0, 0x0, 0xe4, 0x6e, 0xef, 0x60, 0x2f, 0x11,
    0x1f, 0x11, 0xe, 0x40, 0x0, 0xe6, 0x2, 0xf5,
    0xff, 0xff, 0xf7, 0xe4, 0x0, 0xe, 0x60, 0x3f,
    0x0, 0x0, 0x0, 0xe, 0x40, 0x0, 0xe6, 0x3,
    0xf0, 0xee, 0xee, 0xc0, 0xe4, 0x0, 0xe, 0x60,
    0x4d, 0xf, 0x21, 0x4d, 0xe, 0x40, 0x0, 0xe6,
    0x7, 0xb0, 0xf0, 0x3, 0xd0, 0xe4, 0x0, 0xe,
    0x68, 0xa7, 0xf, 0x44, 0x6d, 0xe, 0x40, 0x1,
    0xff, 0xef, 0x30, 0xfc, 0xcc, 0xa0, 0xe4, 0x0,
    0xaf, 0x89, 0xc0, 0x2, 0x0, 0x3, 0x4f, 0x40,
    0x2, 0x20, 0xb4, 0x0, 0x0, 0x0, 0xef, 0xc1,
    0x0, 0x0, 0x0, 0x0, 0x0, 0x0, 0x0, 0x0,
    0x0,

    /* U+8F68 "轨" */
    0x0, 0x0, 0x0, 0x0, 0x0, 0x0, 0x0, 0x0,
    0x0, 0x0, 0x3, 0xf3, 0x0, 0x0, 0x5d, 0x0,
    0x0, 0x0, 0x0, 0x6, 0xf0, 0x0, 0x0, 0x5d,
    0x0, 0x0, 0x0, 0x1f, 0xff, 0xff, 0xff, 0x30,
    0x5d, 0x0, 0x0, 0x0, 0x4, 0x5f, 0x84, 0x44,
    0x35, 0x8e, 0x55, 0x50, 0x0, 0x0, 0x5f, 0x29,
    0x10, 0x6f, 0xff, 0xff, 0xf0, 0x0, 0x0, 0xaa,
    0x1f, 0x20, 0x0, 0x5d, 0x2, 0xf0, 0x0, 0x1,
    0xf4, 0x1f, 0x20, 0x0, 0x6c, 0x2, 0xf0, 0x0,
    0x9, 0xe4, 0x5f, 0x64, 0x10, 0x7b, 0x2, 0xf0,
    0x0, 0xb, 0xff, 0xff, 0xff, 0x30, 0xa9, 0x2,
    0xf0, 0x0, 0x0, 0x0, 0x1f, 0x20, 0x0, 0xc6,
    0x2, 0xf0, 0x0, 0x0, 0x0, 0x1f, 0x20, 0x10,
    0xf3, 0x2, 0xf0, 0x0, 0x0, 0x35, 0x9f, 0xef,
    0x74, 0xe0, 0x2, 0xf0, 0x0, 0x2f, 0xfe, 0xcf,
    0x62, 0xa, 0x90, 0x2, 0xf0, 0x50, 0x4, 0x10,
    0x1f, 0x20, 0x1f, 0x30, 0x2, 0xf0, 0xc5, 0x0,
    0x0, 0x1f, 0x20, 0xaa, 0x0, 0x2, 0xf3, 0xe3,
    0x0, 0x0, 0x1f, 0x22, 0xe1, 0x0, 0x0, 0xcf,
    0xc0, 0x0, 0x0, 0x0, 0x0, 0x0, 0x0, 0x0,
    0x0, 0x0,

    /* U+8FC7 "过" */
    0x0, 0x40, 0x0, 0x0, 0x0, 0x0, 0xc, 0x60,
    0x0, 0x1, 0xea, 0x0, 0x0, 0x0, 0x0, 0xe,
    0x70, 0x0, 0x0, 0x2e, 0xa0, 0x0, 0x0, 0x0,
    0xe, 0x70, 0x0, 0x0, 0x3, 0xd1, 0xdf, 0xff,
    0xff, 0xff, 0xff, 0xe0, 0x0, 0x0, 0x0, 0x44,
    0x44, 0x44, 0x4e, 0xa4, 0x40, 0x0, 0x0, 0x0,
    0x0, 0x0, 0x0, 0xe, 0x70, 0x0, 0x4, 0x44,
    0x40, 0xb, 0x80, 0x0, 0xe, 0x70, 0x0, 0xd,
    0xff, 0xe0, 0x3, 0xf5, 0x0, 0xe, 0x70, 0x0,
    0x0, 0x6, 0xe0, 0x0, 0x7e, 0x10, 0xe, 0x70,
    0x0, 0x0, 0x6, 0xe0, 0x0, 0xc, 0x50, 0xe,
    0x70, 0x0, 0x0, 0x6, 0xe0, 0x0, 0x0, 0x0,
    0xe, 0x70, 0x0, 0x0, 0x6, 0xe0, 0x0, 0x0,
    0x0, 0xe, 0x70, 0x0, 0x0, 0x8, 0xf0, 0x0,
    0x2, 0xff, 0xff, 0x30, 0x0, 0x0, 0xaf, 0xed,
    0x20, 0x0, 0x44, 0x41, 0x0, 0x0, 0xa, 0xf3,
    0x9, 0xfc, 0x76, 0x44, 0x55, 0x67, 0x94, 0xb,
    0x60, 0x0, 0x29, 0xde, 0xff, 0xff, 0xee, 0xd2,
    0x0, 0x0, 0x0, 0x0, 0x0, 0x0, 0x0, 0x0,
    0x0,

    /* U+8FD4 "返" */
    0x0, 0x30, 0x0, 0x0, 0x0, 0x12, 0x46, 0x9b,
    0x10, 0x6, 0xf4, 0x0, 0x1d, 0xef, 0xff, 0xfd,
    0xb8, 0x20, 0x0, 0x9f, 0x30, 0x1f, 0x73, 0x21,
    0x0, 0x0, 0x0, 0x0, 0xb, 0x90, 0x1f, 0x30,
    0x0, 0x0, 0x0, 0x0, 0x0, 0x0, 0x0, 0x1f,
    0x97, 0x77, 0x77, 0x76, 0x0, 0x0, 0x0, 0x0,
    0x2f, 0xdc, 0xcc, 0xcc, 0xec, 0x0, 0x15, 0x55,
    0x20, 0x3f, 0x20, 0x0, 0x0, 0xd6, 0x0, 0x3f,
    0xff, 0x60, 0x5f, 0x2d, 0x50, 0x6, 0xf1, 0x0,
    0x0, 0xe, 0x60, 0x6e, 0x7, 0xf8, 0x2f, 0x60,
    0x0, 0x0, 0xe, 0x60, 0xac, 0x0, 0x4e, 0xfb,
    0x0, 0x0, 0x0, 0xe, 0x60, 0xe7, 0x0, 0x2d,
    0xfd, 0x10, 0x0, 0x0, 0xe, 0x67, 0xf2, 0x6,
    0xfb, 0x2d, 0xe2, 0x0, 0x0, 0xe, 0x7d, 0x92,
    0xef, 0x70, 0x0, 0xce, 0x10, 0x0, 0x8f, 0xc3,
    0x0, 0x61, 0x0, 0x0, 0x5, 0x0, 0x1c, 0xd5,
    0x9f, 0xb7, 0x54, 0x33, 0x44, 0x56, 0x71, 0x2e,
    0x20, 0x2, 0x8c, 0xef, 0xff, 0xff, 0xfe, 0xd0,
    0x0, 0x0, 0x0, 0x0, 0x0, 0x0, 0x0, 0x0,
    0x0,

    /* U+8FD8 "还" */
    0x3, 0xb1, 0x0, 0x0, 0x0, 0x0, 0x0, 0x0,
    0x0, 0x1, 0xdd, 0x11, 0xff, 0xff, 0xff, 0xff,
    0xff, 0xb0, 0x0, 0x1e, 0xd1, 0x66, 0x66, 0x6e,
    0xd6, 0x66, 0x40, 0x0, 0x3, 0xa1, 0x0, 0x0,
    0x4f, 0x50, 0x0, 0x0, 0x0, 0x0, 0x0, 0x0,
    0x0, 0xdd, 0x0, 0x0, 0x0, 0x0, 0x0, 0x0,
    0x0, 0xa, 0xfd, 0x14, 0x0, 0x0, 0x4f, 0xff,
    0x60, 0x0, 0x8f, 0xdd, 0x6f, 0x50, 0x0, 0x14,
    0x4f, 0x60, 0x8, 0xf7, 0x8d, 0x7, 0xf5, 0x0,
    0x0, 0xe, 0x61, 0xaf, 0x70, 0x8d, 0x0, 0x8f,
    0x40, 0x0, 0xe, 0x69, 0xf5, 0x0, 0x8d, 0x0,
    0x9, 0xd0, 0x0, 0xe, 0x60, 0x20, 0x0, 0x8d,
    0x0, 0x0, 0x10, 0x0, 0xe, 0x60, 0x0, 0x0,
    0x8d, 0x0, 0x0, 0x0, 0x0, 0xe, 0x70, 0x0,
    0x0, 0x8d, 0x0, 0x0, 0x0, 0x2, 0xcf, 0xe5,
    0x0, 0x0, 0x69, 0x0, 0x0, 0x0, 0x2e, 0xd3,
    0x7f, 0xe9, 0x65, 0x44, 0x45, 0x56, 0x74, 0x3e,
    0x20, 0x1, 0x7d, 0xff, 0xff, 0xff, 0xff, 0xe4,
    0x1, 0x0, 0x0, 0x0, 0x0, 0x11, 0x0, 0x0,
    0x0,

    /* U+8FD9 "这" */
    0x0, 0x0, 0x0, 0x0, 0x0, 0x10, 0x0, 0x0,
    0x0, 0x1, 0x0, 0x0, 0x0, 0x7, 0xe1, 0x0,
    0x0, 0x0, 0xb, 0xc1, 0x0, 0x0, 0x0, 0xf8,
    0x0, 0x0, 0x0, 0x1, 0xdc, 0x4, 0x44, 0x44,
    0xbc, 0x44, 0x44, 0x40, 0x0, 0x2e, 0x5c, 0xff,
    0xff, 0xff, 0xff, 0xff, 0xd0, 0x0, 0x0, 0x0,
    0x0, 0x0, 0x0, 0x1f, 0x60, 0x0, 0x0, 0x0,
    0x0, 0xc6, 0x0, 0x0, 0x7f, 0x0, 0x0, 0x14,
    0x44, 0x10, 0x6f, 0xa1, 0x0, 0xd9, 0x0, 0x0,
    0x3f, 0xff, 0x50, 0x2, 0xde, 0x48, 0xe1, 0x0,
    0x0, 0x0, 0xe, 0x50, 0x0, 0x9, 0xff, 0x60,
    0x0, 0x0, 0x0, 0xe, 0x50, 0x0, 0x4, 0xff,
    0xb1, 0x0, 0x0, 0x0, 0xe, 0x50, 0x0, 0x8f,
    0x93, 0xee, 0x30, 0x0, 0x0, 0xe, 0x50, 0x6d,
    0xf6, 0x0, 0x1c, 0xf4, 0x0, 0x0, 0xe, 0x5a,
    0xf9, 0x20, 0x0, 0x0, 0xbe, 0x0, 0x0, 0x7f,
    0xc4, 0x20, 0x0, 0x0, 0x0, 0x1, 0x0, 0x1c,
    0xf7, 0xaf, 0xc8, 0x55, 0x44, 0x55, 0x67, 0x80,
    0x2e, 0x40, 0x3, 0x8d, 0xff, 0xff, 0xff, 0xff,
    0xc0, 0x1, 0x0, 0x0, 0x0, 0x0, 0x11, 0x10,
    0x0, 0x0,

    /* U+8FDB "进" */
    0x1, 0xb2, 0x0, 0x0, 0x3f, 0x10, 0xe, 0x60,
    0x0, 0x0, 0x9e, 0x30, 0x0, 0x3f, 0x10, 0xf,
    0x60, 0x0, 0x0, 0xa, 0xe1, 0x0, 0x4f, 0x20,
    0xf, 0x70, 0x0, 0x0, 0x0, 0x80, 0xcf, 0xff,
    0xff, 0xff, 0xff, 0xb0, 0x0, 0x0, 0x0, 0x23,
    0x6f, 0x43, 0x3f, 0x83, 0x20, 0x0, 0x0, 0x0,
    0x0, 0x3f, 0x10, 0xf, 0x60, 0x0, 0xb, 0xcc,
    0xb0, 0x0, 0x4f, 0x10, 0xf, 0x60, 0x0, 0x6,
    0x6a, 0xe0, 0x78, 0xaf, 0x98, 0x8f, 0xb8, 0x80,
    0x0, 0x6, 0xe0, 0xab, 0xdf, 0xbb, 0xbf, 0xdb,
    0xb0, 0x0, 0x6, 0xe0, 0x0, 0xba, 0x0, 0xf,
    0x60, 0x0, 0x0, 0x6, 0xe0, 0x1, 0xf5, 0x0,
    0xf, 0x60, 0x0, 0x0, 0x6, 0xe0, 0xa, 0xe1,
    0x0, 0xf, 0x60, 0x0, 0x0, 0x8, 0xf0, 0x6f,
    0x50, 0x0, 0xf, 0x60, 0x0, 0x0, 0x9f, 0xfc,
    0x23, 0x0, 0x0, 0x5, 0x20, 0x0, 0x9, 0xf4,
    0x1b, 0xfa, 0x54, 0x33, 0x34, 0x45, 0x73, 0xc,
    0x60, 0x0, 0x3a, 0xdf, 0xff, 0xff, 0xff, 0xe2,
    0x0, 0x0, 0x0, 0x0, 0x0, 0x0, 0x0, 0x0,
    0x0,

    /* U+8FDC "远" */
    0x0, 0x0, 0x0, 0x0, 0x0, 0x0, 0x0, 0x0,
    0x0, 0xa, 0xb1, 0x0, 0x4f, 0xff, 0xff, 0xff,
    0xfd, 0x0, 0x2, 0xcf, 0x50, 0x13, 0x33, 0x33,
    0x33, 0x33, 0x0, 0x0, 0x8, 0xb0, 0x0, 0x0,
    0x0, 0x0, 0x0, 0x0, 0x0, 0x0, 0x0, 0x11,
    0x11, 0x11, 0x11, 0x11, 0x10, 0x0, 0x0, 0x7,
    0xff, 0xff, 0xff, 0xff, 0xff, 0xe0, 0x5f, 0xff,
    0x50, 0x11, 0x7e, 0x11, 0xe6, 0x11, 0x10, 0x14,
    0x4f, 0x60, 0x0, 0x8c, 0x0, 0xe5, 0x0, 0x0,
    0x0, 0xe, 0x60, 0x0, 0xaa, 0x0, 0xe5, 0x0,
    0x0, 0x0, 0xe, 0x60, 0x0, 0xf6, 0x0, 0xe5,
    0x0, 0x0, 0x0, 0xe, 0x60, 0x6, 0xf1, 0x0,
    0xe5, 0x2, 0xd0, 0x0, 0xe, 0x60, 0x5f, 0x70,
    0x0, 0xe6, 0x4, 0xd0, 0x0, 0xe, 0x69, 0xf8,
    0x0, 0x0, 0xcf, 0xff, 0x90, 0x0, 0x7f, 0xd6,
    0x30, 0x0, 0x0, 0x3, 0x43, 0x0, 0xb, 0xe3,
    0x5e, 0xc7, 0x43, 0x22, 0x33, 0x45, 0x61, 0x2e,
    0x20, 0x0, 0x6c, 0xff, 0xff, 0xff, 0xff, 0xe0,
    0x1, 0x0, 0x0, 0x0, 0x0, 0x11, 0x0, 0x0,
    0x0,

    /* U+9009 "选" */
    0x0, 0x0, 0x0, 0x0, 0x0, 0x0, 0x0, 0x0,
    0x0, 0x4, 0x30, 0x0, 0x2, 0x80, 0x4f, 0x0,
    0x0, 0x0, 0x9, 0xf5, 0x0, 0x8, 0xd0, 0x4f,
    0x0, 0x0, 0x0, 0x0, 0x9f, 0x40, 0xe, 0xfd,
    0xef, 0xdd, 0xdd, 0x30, 0x0, 0xb, 0x70, 0x9e,
    0x55, 0x8f, 0x55, 0x55, 0x10, 0x0, 0x0, 0x1,
    0xe5, 0x0, 0x4f, 0x0, 0x0, 0x0, 0x0, 0x0,
    0x0, 0x10, 0x0, 0x4f, 0x0, 0x0, 0x0, 0x3,
    0x33, 0x15, 0xdd, 0xdd, 0xef, 0xdd, 0xdd, 0xd0,
    0x1f, 0xff, 0x52, 0x66, 0x7f, 0x76, 0xfa, 0x66,
    0x60, 0x0, 0xe, 0x50, 0x0, 0x5f, 0x0, 0xe6,
    0x0, 0x0, 0x0, 0xe, 0x50, 0x0, 0xac, 0x0,
    0xe6, 0x0, 0x0, 0x0, 0xe, 0x50, 0x3, 0xf5,
    0x0, 0xe6, 0x1, 0xd0, 0x0, 0xe, 0x50, 0x4f,
    0xb0, 0x0, 0xe7, 0x2, 0xf0, 0x0, 0xe, 0x59,
    0xfa, 0x0, 0x0, 0xcf, 0xff, 0xb0, 0x0, 0x2f,
    0xc6, 0x30, 0x0, 0x0, 0x4, 0x44, 0x10, 0x8,
    0xfa, 0x8e, 0xc7, 0x43, 0x33, 0x34, 0x45, 0x61,
    0x1e, 0x70, 0x1, 0x7c, 0xff, 0xff, 0xff, 0xff,
    0xe0, 0x1, 0x0, 0x0, 0x0, 0x0, 0x11, 0x0,
    0x0, 0x0,

    /* U+9053 "道" */
    0x0, 0x0, 0x0, 0x0, 0x30, 0x0, 0x0, 0x20,
    0x0, 0x1, 0x60, 0x0, 0x2, 0xf6, 0x0, 0x6,
    0xf1, 0x0, 0x3, 0xf8, 0x0, 0x0, 0x7d, 0x0,
    0x1e, 0x60, 0x0, 0x0, 0x5f, 0x53, 0xff, 0xff,
    0xff, 0xff, 0xff, 0xf6, 0x0, 0x9, 0xb0, 0x22,
    0x22, 0x9f, 0x32, 0x22, 0x21, 0x0, 0x0, 0x0,
    0x0, 0x0, 0xbb, 0x0, 0x0, 0x0, 0x0, 0x0,
    0x0, 0xe, 0xff, 0xff, 0xff, 0xfe, 0x0, 0xa,
    0xbb, 0xa0, 0xe, 0x50, 0x0, 0x0, 0x6e, 0x0,
    0x4, 0x59, 0xe0, 0xe, 0xdc, 0xcc, 0xcc, 0xee,
    0x0, 0x0, 0x5, 0xe0, 0xe, 0x72, 0x22, 0x22,
    0x7e, 0x0, 0x0, 0x5, 0xe0, 0xe, 0x50, 0x0,
    0x0, 0x6e, 0x0, 0x0, 0x5, 0xe0, 0xe, 0xff,
    0xff, 0xff, 0xfe, 0x0, 0x0, 0x5, 0xe0, 0xe,
    0x50, 0x0, 0x0, 0x6e, 0x0, 0x0, 0x6, 0xe0,
    0xe, 0xed, 0xdd, 0xdd, 0xee, 0x0, 0x0, 0x4e,
    0xf9, 0x2, 0x22, 0x22, 0x22, 0x22, 0x0, 0x5,
    0xf8, 0x4c, 0xe9, 0x43, 0x22, 0x22, 0x34, 0x54,
    0xc, 0x80, 0x0, 0x4a, 0xef, 0xff, 0xff, 0xff,
    0xf6, 0x1, 0x0, 0x0, 0x0, 0x0, 0x1, 0x10,
    0x0, 0x0,

    /* U+906E "遮" */
    0x0, 0x0, 0x0, 0x0, 0x0, 0x0, 0x0, 0x0,
    0x0, 0x0, 0x0, 0x0, 0x0, 0x0, 0x2f, 0x20,
    0x0, 0x0, 0xa, 0xc1, 0x0, 0x22, 0x22, 0x3d,
    0xa2, 0x22, 0x20, 0x0, 0xcd, 0x10, 0xef, 0xff,
    0xff, 0xff, 0xff, 0xd0, 0x0, 0xc, 0x50, 0xe4,
    0x4, 0xe0, 0x4, 0xe0, 0x0, 0x0, 0x0, 0x0,
    0xe5, 0x5, 0xe0, 0x5, 0xe0, 0x0, 0x0, 0x0,
    0x0, 0xff, 0xff, 0xff, 0xff, 0xff, 0xd0, 0x3e,
    0xee, 0x50, 0xf4, 0x5, 0xe0, 0x5, 0xe0, 0x0,
    0x4, 0x4f, 0x51, 0xf2, 0x4, 0xe0, 0x4, 0xe0,
    0x0, 0x0, 0xe, 0x52, 0xf1, 0x4, 0xfe, 0xee,
    0xe0, 0x0, 0x0, 0xe, 0x54, 0xf0, 0x0, 0x22,
    0x22, 0x20, 0x0, 0x0, 0xe, 0x58, 0xb0, 0x62,
    0x31, 0x22, 0x36, 0x0, 0x0, 0xe, 0x6e, 0x61,
    0xf2, 0x96, 0x79, 0x1e, 0x10, 0x0, 0xe, 0xbe,
    0x9, 0xb0, 0x87, 0x2e, 0x8, 0x90, 0x0, 0x4f,
    0xb4, 0xb, 0x20, 0x67, 0xb, 0x11, 0x90, 0x9,
    0xe3, 0x5d, 0xa5, 0x32, 0x12, 0x22, 0x34, 0x60,
    0x3e, 0x20, 0x0, 0x6c, 0xef, 0xff, 0xff, 0xfe,
    0xc0, 0x0, 0x0, 0x0, 0x0, 0x0, 0x0, 0x0,
    0x0, 0x0,

    /* U+91CC "里" */
    0x0, 0x14, 0x44, 0x44, 0x44, 0x44, 0x44, 0x42,
    0x0, 0x0, 0x3f, 0xff, 0xff, 0xff, 0xff, 0xff,
    0xf7, 0x0, 0x0, 0x3f, 0x10, 0x0, 0x9b, 0x0,
    0x0, 0xe7, 0x0, 0x0, 0x3f, 0x10, 0x0, 0x9b,
    0x0, 0x0, 0xe7, 0x0, 0x0, 0x3f, 0xff, 0xff,
    0xff, 0xff, 0xff, 0xf7, 0x0, 0x0, 0x3f, 0x42,
    0x22, 0xac, 0x22, 0x22, 0xe7, 0x0, 0x0, 0x3f,
    0x10, 0x0, 0x9b, 0x0, 0x0, 0xe7, 0x0, 0x0,
    0x3f, 0x54, 0x44, 0xbc, 0x44, 0x44, 0xe7, 0x0,
    0x0, 0x3e, 0xee, 0xee, 0xff, 0xee, 0xee, 0xe7,
    0x0, 0x0, 0x0, 0x0, 0x0, 0xac, 0x0, 0x0,
    0x0, 0x0, 0x0, 0x22, 0x22, 0x22, 0xbd, 0x22,
    0x22, 0x22, 0x0, 0x0, 0xcf, 0xff, 0xff, 0xff,
    0xff, 0xff, 0xff, 0x10, 0x0, 0x0, 0x0, 0x0,
    0xbc, 0x0, 0x0, 0x0, 0x0, 0x0, 0x0, 0x0,
    0x0, 0xac, 0x0, 0x0, 0x0, 0x0, 0x4, 0x44,
    0x44, 0x44, 0xcd, 0x44, 0x44, 0x44, 0x40, 0xf,
    0xff, 0xff, 0xff, 0xff, 0xff, 0xff, 0xff, 0xf0,

    /* U+91CF "量" */
    0x0, 0x9, 0xcc, 0xcc, 0xcc, 0xcc, 0xcc, 0x90,
    0x0, 0x0, 0xc, 0x80, 0x0, 0x0, 0x0, 0x9,
    0xc0, 0x0, 0x0, 0xc, 0xed, 0xdd, 0xdd, 0xdd,
    0xdf, 0xc0, 0x0, 0x0, 0xc, 0x70, 0x0, 0x0,
    0x0, 0x8, 0xc0, 0x0, 0x0, 0xa, 0xdc, 0xcc,
    0xcc, 0xcc, 0xcd, 0xa0, 0x0, 0x2, 0x22, 0x22,
    0x22, 0x22, 0x22, 0x22, 0x22, 0x20, 0xd, 0xdd,
    0xdd, 0xdd, 0xdd, 0xdd, 0xdd, 0xdd, 0xd1, 0x0,
    0x6, 0x66, 0x66, 0x66, 0x66, 0x66, 0x62, 0x0,
    0x0, 0x2f, 0x64, 0x44, 0xcb, 0x44, 0x45, 0xf4,
    0x0, 0x0, 0x2f, 0xdc, 0xcc, 0xee, 0xcc, 0xcc,
    0xf4, 0x0, 0x0, 0x2f, 0x20, 0x0, 0xa9, 0x0,
    0x0, 0xf4, 0x0, 0x0, 0x2f, 0xdd, 0xdd, 0xfe,
    0xdd, 0xdd, 0xf4, 0x0, 0x0, 0x0, 0x0, 0x0,
    0xa9, 0x0, 0x0, 0x0, 0x0, 0x0, 0x9f, 0xff,
    0xff, 0xff, 0xff, 0xff, 0xfa, 0x0, 0x0, 0x0,
    0x0, 0x0, 0xba, 0x0, 0x0, 0x0, 0x0, 0x2f,
    0xff, 0xff, 0xff, 0xff, 0xff, 0xff, 0xff, 0xf2,

    /* U+949F "钟" */
    0x0, 0x5, 0x10, 0x0, 0x0, 0x2, 0x80, 0x0,
    0x0, 0x3, 0xf4, 0x0, 0x0, 0x0, 0x3f, 0x10,
    0x0, 0x0, 0x9e, 0x0, 0x0, 0x0, 0x3, 0xf1,
    0x0, 0x0, 0x2f, 0xff, 0xff, 0x70, 0x0, 0x3f,
    0x10, 0x0, 0xd, 0xd3, 0x22, 0x21, 0x55, 0x58,
    0xf6, 0x55, 0x52, 0xe2, 0x0, 0x0, 0xe, 0xee,
    0xef, 0xee, 0xee, 0x2, 0xff, 0xff, 0xf1, 0xe4,
    0x3, 0xf1, 0x5, 0xe0, 0x4, 0x7f, 0x44, 0xe,
    0x40, 0x3f, 0x10, 0x5e, 0x0, 0x4, 0xf0, 0x0,
    0xe4, 0x3, 0xf1, 0x5, 0xe0, 0x56, 0x9f, 0x66,
    0x3e, 0x40, 0x3f, 0x10, 0x5e, 0xc, 0xde, 0xfd,
    0xd7, 0xef, 0xef, 0xff, 0xef, 0xe0, 0x0, 0x4f,
    0x0, 0xe, 0x85, 0x8f, 0x65, 0x9e, 0x0, 0x4,
    0xf0, 0x0, 0xa3, 0x3, 0xf1, 0x3, 0x80, 0x0,
    0x4f, 0x0, 0x10, 0x0, 0x3f, 0x10, 0x0, 0x0,
    0x6, 0xf7, 0xe8, 0x0, 0x3, 0xf1, 0x0, 0x0,
    0x0, 0xcf, 0xc4, 0x0, 0x0, 0x3f, 0x10, 0x0,
    0x0, 0xa, 0x40, 0x0, 0x0, 0x3, 0xf1, 0x0,
    0x0,

    /* U+94B5 "钵" */
    0x0, 0x15, 0x0, 0x0, 0x0, 0x4, 0x60, 0x0,
    0x0, 0x0, 0x8e, 0x0, 0x0, 0x0, 0x7, 0xc0,
    0x0, 0x0, 0x0, 0xd9, 0x0, 0x0, 0x0, 0x7,
    0xc0, 0x0, 0x0, 0x4, 0xff, 0xff, 0xf3, 0x0,
    0x7, 0xc0, 0x0, 0x0, 0xe, 0xb4, 0x44, 0x43,
    0x77, 0x7b, 0xe7, 0x77, 0x70, 0x6e, 0x10, 0x0,
    0x3, 0xaa, 0xdf, 0xfe, 0xaa, 0xa0, 0x16, 0xff,
    0xff, 0xb0, 0x0, 0xbe, 0xef, 0x0, 0x0, 0x0,
    0x38, 0xd3, 0x20, 0x1, 0xf9, 0xcc, 0x60, 0x0,
    0x0, 0x6, 0xc0, 0x0, 0x7, 0xb7, 0xc6, 0xc0,
    0x0, 0x2, 0x28, 0xd2, 0x20, 0xc, 0x67, 0xc1,
    0xf2, 0x0, 0x1f, 0xff, 0xff, 0xf3, 0x3f, 0x7,
    0xc0, 0xb9, 0x0, 0x0, 0x7, 0xc0, 0x0, 0xc9,
    0x7, 0xc0, 0x3f, 0x30, 0x0, 0x6, 0xc0, 0x7,
    0xf1, 0x7, 0xc0, 0xb, 0xd0, 0x0, 0x6, 0xc0,
    0x3f, 0x6e, 0xff, 0xff, 0xf4, 0xe3, 0x0, 0x7,
    0xdb, 0xe3, 0x4, 0x4a, 0xd4, 0x40, 0x10, 0x0,
    0xd, 0xf9, 0x10, 0x0, 0x7, 0xc0, 0x0, 0x0,
    0x0, 0x1a, 0x20, 0x0, 0x0, 0x7, 0xc0, 0x0,
    0x0,

    /* U+957F "长" */
    0x0, 0x0, 0x0, 0x0, 0x0, 0x0, 0x0, 0x0,
    0x0, 0x0, 0x8d, 0x0, 0x0, 0x0, 0x5, 0x60,
    0x0, 0x0, 0x8, 0xd0, 0x0, 0x0, 0x6, 0xf8,
    0x0, 0x0, 0x0, 0x8d, 0x0, 0x0, 0x9, 0xf8,
    0x0, 0x0, 0x0, 0x8, 0xd0, 0x0, 0x6e, 0xe5,
    0x0, 0x0, 0x0, 0x0, 0x8d, 0x4, 0xdf, 0xa1,
    0x0, 0x0, 0x0, 0x0, 0x8, 0xd0, 0x4c, 0x30,
    0x0, 0x0, 0x0, 0x1, 0x11, 0x9e, 0x11, 0x11,
    0x11, 0x11, 0x11, 0x10, 0xff, 0xff, 0xff, 0xff,
    0xff, 0xff, 0xff, 0xff, 0x4, 0x44, 0xae, 0x44,
    0x5f, 0x74, 0x44, 0x44, 0x40, 0x0, 0x8, 0xd0,
    0x0, 0xbc, 0x0, 0x0, 0x0, 0x0, 0x0, 0x8d,
    0x0, 0x3, 0xf6, 0x0, 0x0, 0x0, 0x0, 0x8,
    0xd0, 0x0, 0x8, 0xf4, 0x0, 0x0, 0x0, 0x0,
    0x8d, 0x0, 0x0, 0xb, 0xf5, 0x0, 0x0, 0x0,
    0x8, 0xd0, 0x15, 0x92, 0xa, 0xfa, 0x20, 0x0,
    0x0, 0xbf, 0xdf, 0xfb, 0x20, 0x7, 0xff, 0xb2,
    0x0, 0x1f, 0xd8, 0x40, 0x0, 0x0, 0x1, 0x7a,
    0x0, 0x0, 0x20, 0x0, 0x0, 0x0, 0x0, 0x0,
    0x0,

    /* U+95ED "闭" */
    0xa, 0x50, 0x1, 0x11, 0x11, 0x11, 0x11, 0x10,
    0x7, 0xf4, 0xa, 0xff, 0xff, 0xff, 0xff, 0xf6,
    0x0, 0x9e, 0x1, 0x11, 0x11, 0x11, 0x11, 0xe6,
    0x37, 0x3, 0x0, 0x0, 0x6, 0x40, 0x0, 0xe6,
    0x6e, 0x0, 0x0, 0x0, 0xd, 0x80, 0x0, 0xe6,
    0x6e, 0x2, 0x33, 0x33, 0x3e, 0xa3, 0x30, 0xe6,
    0x6e, 0xa, 0xff, 0xff, 0xff, 0xff, 0xf0, 0xe6,
    0x6e, 0x0, 0x0, 0x2, 0xef, 0x80, 0x0, 0xe6,
    0x6e, 0x0, 0x0, 0xb, 0xde, 0x80, 0x0, 0xe6,
    0x6e, 0x0, 0x0, 0xae, 0x1d, 0x80, 0x0, 0xe6,
    0x6e, 0x0, 0x1c, 0xe2, 0xd, 0x80, 0x0, 0xe6,
    0x6e, 0x5, 0xfc, 0x20, 0xd, 0x80, 0x0, 0xe6,
    0x6e, 0x3f, 0x80, 0x0, 0xd, 0x80, 0x0, 0xe6,
    0x6e, 0x1, 0x0, 0x35, 0x5f, 0x70, 0x0, 0xe6,
    0x6e, 0x0, 0x0, 0x5e, 0xec, 0x20, 0x34, 0xf6,
    0x6e, 0x0, 0x0, 0x0, 0x0, 0x0, 0xef, 0xc1,
    0x0, 0x0, 0x0, 0x0, 0x0, 0x0, 0x0, 0x0,

    /* U+95F4 "间" */
    0x9, 0x60, 0x1, 0x11, 0x11, 0x11, 0x11, 0x10,
    0x5, 0xf6, 0xa, 0xff, 0xff, 0xff, 0xff, 0xf6,
    0x0, 0x6e, 0x11, 0x22, 0x22, 0x22, 0x22, 0xf6,
    0x27, 0x0, 0x0, 0x0, 0x0, 0x0, 0x0, 0xf6,
    0x5f, 0x0, 0x0, 0x0, 0x0, 0x0, 0x0, 0xf6,
    0x5f, 0x0, 0x4f, 0xff, 0xff, 0xf5, 0x0, 0xf6,
    0x5f, 0x0, 0x4e, 0x22, 0x22, 0xe5, 0x0, 0xf6,
    0x5f, 0x0, 0x4e, 0x0, 0x0, 0xe5, 0x0, 0xf6,
    0x5f, 0x0, 0x4f, 0x33, 0x33, 0xf5, 0x0, 0xf6,
    0x5f, 0x0, 0x4f, 0xee, 0xee, 0xf5, 0x0, 0xf6,
    0x5f, 0x0, 0x4e, 0x0, 0x0, 0xe5, 0x0, 0xf6,
    0x5f, 0x0, 0x4e, 0x0, 0x0, 0xe5, 0x0, 0xf6,
    0x5f, 0x0, 0x4f, 0xff, 0xff, 0xf5, 0x0, 0xf6,
    0x5f, 0x0, 0x2, 0x22, 0x22, 0x20, 0x0, 0xf6,
    0x5f, 0x0, 0x0, 0x0, 0x0, 0x0, 0x34, 0xf6,
    0x5f, 0x0, 0x0, 0x0, 0x0, 0x0, 0xbf, 0xc2,

    /* U+95F7 "闷" */
    0x4, 0xa0, 0x2, 0x44, 0x44, 0x44, 0x44, 0x41,
    0x1, 0xcc, 0x7, 0xff, 0xff, 0xff, 0xff, 0xf6,
    0x0, 0x1d, 0x90, 0x1, 0x0, 0x0, 0x0, 0xe6,
    0x5f, 0x1, 0x0, 0xe, 0x30, 0x0, 0x0, 0xe6,
    0x5f, 0x0, 0x0, 0x8, 0xa0, 0x0, 0x0, 0xe6,
    0x5f, 0x0, 0x0, 0x31, 0xf1, 0x0, 0x0, 0xe6,
    0x5f, 0x2, 0x73, 0xe0, 0xb7, 0x1f, 0x0, 0xe6,
    0x5f, 0x5, 0xb3, 0xe0, 0x6a, 0xc, 0x50, 0xe6,
    0x5f, 0x8, 0x83, 0xe0, 0x0, 0x7, 0xb0, 0xe6,
    0x5f, 0xd, 0x53, 0xe0, 0x0, 0x12, 0xf0, 0xe6,
    0x5f, 0x2f, 0x13, 0xe0, 0x0, 0xe1, 0xe3, 0xe6,
    0x5f, 0x6b, 0x3, 0xe0, 0x0, 0xf0, 0x93, 0xe6,
    0x5f, 0x0, 0x3, 0xf3, 0x25, 0xe0, 0x0, 0xe6,
    0x5f, 0x0, 0x0, 0xbe, 0xed, 0x60, 0x0, 0xe6,
    0x5f, 0x0, 0x0, 0x0, 0x0, 0x2, 0x33, 0xf6,
    0x5f, 0x0, 0x0, 0x0, 0x0, 0xa, 0xff, 0xc1,

    /* U+96E8 "雨" */
    0xf, 0xff, 0xff, 0xff, 0xff, 0xff, 0xff, 0xff,
    0xf0, 0x5, 0x55, 0x55, 0x55, 0xdb, 0x55, 0x55,
    0x55, 0x50, 0x0, 0x0, 0x0, 0x0, 0xb9, 0x0,
    0x0, 0x0, 0x0, 0x0, 0x44, 0x44, 0x44, 0xdb,
    0x44, 0x44, 0x44, 0x10, 0x3, 0xff, 0xff, 0xff,
    0xff, 0xff, 0xff, 0xff, 0x30, 0x3, 0xf1, 0x0,
    0x0, 0xb9, 0x0, 0x0, 0xf, 0x30, 0x3, 0xf1,
    0xc7, 0x0, 0xb9, 0x6c, 0x30, 0xf, 0x30, 0x3,
    0xf1, 0x2c, 0xd4, 0xb9, 0x6, 0xfa, 0x2f, 0x30,
    0x3, 0xf1, 0x0, 0x63, 0xb9, 0x0, 0x18, 0x1f,
    0x30, 0x3, 0xf1, 0x71, 0x0, 0xb9, 0x64, 0x0,
    0xf, 0x30, 0x3, 0xf2, 0xae, 0x50, 0xb9, 0x5e,
    0xa1, 0xf, 0x30, 0x3, 0xf1, 0x4, 0xe6, 0xb9,
    0x1, 0x9d, 0x1f, 0x30, 0x3, 0xf1, 0x0, 0x10,
    0xb9, 0x0, 0x0, 0xf, 0x30, 0x3, 0xf1, 0x0,
    0x0, 0xb9, 0x0, 0x44, 0x6f, 0x30, 0x3, 0xf1,
    0x0, 0x0, 0x97, 0x0, 0xae, 0xd9, 0x0,

    /* U+96F7 "雷" */
    0x1, 0x22, 0x22, 0x22, 0x22, 0x22, 0x22, 0x10,
    0xb, 0xee, 0xee, 0xef, 0xfe, 0xee, 0xee, 0x70,
    0x11, 0x11, 0x11, 0x1f, 0x71, 0x11, 0x11, 0x10,
    0xdf, 0xff, 0xff, 0xff, 0xff, 0xff, 0xff, 0xf9,
    0xd6, 0x0, 0x0, 0xf, 0x60, 0x0, 0x0, 0xa9,
    0xd5, 0xcf, 0xff, 0x1e, 0x67, 0xff, 0xf7, 0xa9,
    0xb5, 0x0, 0x0, 0xe, 0x60, 0x0, 0x0, 0x88,
    0x2, 0xbb, 0xbb, 0x1e, 0x66, 0xbb, 0xba, 0x0,
    0x1, 0x55, 0x55, 0xe, 0x62, 0x55, 0x55, 0x0,
    0x4, 0xdd, 0xdd, 0xdd, 0xdd, 0xdd, 0xdd, 0x10,
    0x5, 0xe3, 0x33, 0x3f, 0x83, 0x33, 0x7f, 0x10,
    0x5, 0xe0, 0x0, 0xe, 0x60, 0x0, 0x4f, 0x10,
    0x5, 0xff, 0xff, 0xff, 0xff, 0xff, 0xff, 0x10,
    0x5, 0xe1, 0x11, 0x1f, 0x71, 0x11, 0x5f, 0x10,
    0x5, 0xe1, 0x11, 0x1f, 0x71, 0x11, 0x5f, 0x10,
    0x5, 0xff, 0xff, 0xff, 0xff, 0xff, 0xed, 0x10,

    /* U+97F3 "音" */
    0x0, 0x0, 0x0, 0x0, 0x0, 0x0, 0x0, 0x0,
    0x0, 0x0, 0x0, 0x0, 0x0, 0xe6, 0x0, 0x0,
    0x0, 0x0, 0x0, 0x44, 0x44, 0x44, 0xbe, 0x44,
    0x44, 0x44, 0x0, 0x0, 0xff, 0xff, 0xff, 0xff,
    0xff, 0xff, 0xff, 0x20, 0x0, 0x0, 0x4d, 0x10,
    0x0, 0x0, 0xd7, 0x0, 0x0, 0x0, 0x0, 0x1f,
    0x80, 0x0, 0x6, 0xf2, 0x0, 0x0, 0x3, 0x33,
    0x3b, 0xd3, 0x33, 0x3d, 0xc3, 0x33, 0x30, 0xf,
    0xff, 0xff, 0xff, 0xff, 0xff, 0xff, 0xff, 0xf0,
    0x0, 0x0, 0x0, 0x0, 0x0, 0x0, 0x0, 0x0,
    0x0, 0x0, 0x1, 0x33, 0x33, 0x33, 0x33, 0x33,
    0x20, 0x0, 0x0, 0x8, 0xfe, 0xee, 0xee, 0xee,
    0xef, 0xb0, 0x0, 0x0, 0x8, 0xc0, 0x0, 0x0,
    0x0, 0xa, 0xb0, 0x0, 0x0, 0x8, 0xd3, 0x33,
    0x33, 0x33, 0x3b, 0xb0, 0x0, 0x0, 0x8, 0xfd,
    0xdd, 0xdd, 0xdd, 0xdf, 0xb0, 0x0, 0x0, 0x8,
    0xc0, 0x0, 0x0, 0x0, 0xa, 0xb0, 0x0, 0x0,
    0x8, 0xd3, 0x33, 0x33, 0x33, 0x3b, 0xb0, 0x0,
    0x0, 0x8, 0xff, 0xff, 0xff, 0xff, 0xff, 0xb0,
    0x0,

    /* U+97F5 "韵" */
    0x0, 0x0, 0x10, 0x0, 0x0, 0x0, 0x0, 0x0,
    0x0, 0x0, 0xe, 0x40, 0x0, 0x0, 0xd6, 0x0,
    0x0, 0x1, 0x11, 0xaa, 0x11, 0x10, 0x4f, 0x20,
    0x0, 0x0, 0xcf, 0xff, 0xff, 0xfb, 0xa, 0xd4,
    0x44, 0x44, 0x0, 0x87, 0x0, 0x87, 0x3, 0xff,
    0xff, 0xff, 0xf0, 0x7, 0xc0, 0xe, 0x50, 0xdb,
    0x0, 0x0, 0x6e, 0x0, 0x3c, 0x3, 0xf0, 0x2d,
    0x40, 0x0, 0x6, 0xe1, 0xff, 0xff, 0xff, 0xfd,
    0xd, 0xb0, 0x0, 0x6d, 0x3, 0x33, 0x33, 0x33,
    0x30, 0x2d, 0xc0, 0x7, 0xd0, 0x3, 0x33, 0x33,
    0x30, 0x0, 0x2e, 0x80, 0x8c, 0x1, 0xfe, 0xdd,
    0xef, 0x20, 0x0, 0x20, 0x19, 0xb0, 0x1f, 0x20,
    0x1, 0xf2, 0x0, 0x5, 0xbd, 0xab, 0x1, 0xfe,
    0xdd, 0xdf, 0x22, 0x8e, 0xc4, 0xb, 0x90, 0x1f,
    0x53, 0x34, 0xf3, 0xea, 0x30, 0x0, 0xc8, 0x1,
    0xf2, 0x0, 0x1f, 0x20, 0x0, 0x0, 0xf, 0x60,
    0x1f, 0xdc, 0xcd, 0xf2, 0x0, 0x24, 0x49, 0xf2,
    0x1, 0xf6, 0x55, 0x55, 0x10, 0x6, 0xff, 0xe8,
    0x0, 0x0, 0x0, 0x0, 0x0, 0x0, 0x0, 0x0,
    0x0,

    /* U+9882 "颂" */
    0x0, 0x35, 0x3, 0x10, 0x23, 0x33, 0x33, 0x33,
    0x30, 0x0, 0xab, 0xb, 0x80, 0xaf, 0xff, 0xff,
    0xff, 0xf1, 0x0, 0xe6, 0x6, 0xd0, 0x0, 0x1,
    0xf4, 0x0, 0x0, 0x2, 0xf2, 0x1, 0xf3, 0x4,
    0x48, 0xf4, 0x44, 0x10, 0x9, 0xd0, 0x0, 0xc8,
    0xf, 0xff, 0xff, 0xff, 0x60, 0x1f, 0x60, 0x0,
    0x7d, 0xf, 0x10, 0x0, 0xd, 0x60, 0x6e, 0x6,
    0xc0, 0x3f, 0x1f, 0x10, 0xd4, 0xd, 0x60, 0x2,
    0xb, 0xa0, 0x0, 0xf, 0x10, 0xe4, 0xd, 0x60,
    0x0, 0xf, 0x50, 0x0, 0xf, 0x10, 0xe4, 0xd,
    0x60, 0x0, 0x4f, 0x19, 0x60, 0xf, 0x10, 0xf4,
    0xd, 0x60, 0x0, 0xaa, 0x7, 0xc0, 0xf, 0x10,
    0xf3, 0xd, 0x60, 0x1, 0xf3, 0x2, 0xf2, 0xf,
    0x12, 0xf1, 0xd, 0x60, 0x7, 0xd0, 0x25, 0xe8,
    0x4, 0x7, 0xc2, 0x3, 0x10, 0x2f, 0xff, 0xfe,
    0xdd, 0x0, 0x3f, 0x5a, 0xd2, 0x0, 0xb, 0x74,
    0x10, 0x3d, 0x4, 0xe9, 0x0, 0xae, 0x30, 0x0,
    0x0, 0x0, 0x0, 0x9f, 0x80, 0x0, 0x8, 0xe0,
    0x0, 0x0, 0x0, 0x0, 0x22, 0x0, 0x0, 0x0,
    0x20,

    /* U+9891 "频" */
    0x0, 0x0, 0x2e, 0x0, 0x0, 0x0, 0x0, 0x0,
    0x0, 0x0, 0x50, 0x3f, 0x0, 0x8, 0xdd, 0xdd,
    0xdd, 0xb0, 0x0, 0xf2, 0x3f, 0xff, 0x90, 0x11,
    0x6e, 0x11, 0x10, 0x0, 0xf2, 0x3f, 0x33, 0x20,
    0x0, 0xa9, 0x0, 0x0, 0x0, 0xf2, 0x3f, 0x0,
    0x2, 0xee, 0xff, 0xee, 0x50, 0x14, 0xf6, 0x7f,
    0x44, 0x43, 0xf4, 0x44, 0x4e, 0x50, 0x4e, 0xee,
    0xff, 0xee, 0xe3, 0xf0, 0x49, 0xd, 0x50, 0x0,
    0x0, 0x8a, 0x0, 0x3, 0xf0, 0x5c, 0xd, 0x50,
    0x0, 0xa4, 0x8a, 0x6, 0x93, 0xf0, 0x6b, 0xd,
    0x50, 0x2, 0xf1, 0x8a, 0xd, 0x73, 0xf0, 0x7a,
    0xd, 0x50, 0x9, 0xb0, 0x8a, 0x3f, 0x13, 0xf0,
    0x89, 0xd, 0x50, 0x1f, 0x20, 0x8b, 0xca, 0x3,
    0xf0, 0xa7, 0xd, 0x50, 0x1, 0x0, 0x3c, 0xe1,
    0x1, 0x80, 0xe4, 0x6, 0x20, 0x0, 0x0, 0x9f,
    0x40, 0x0, 0x7, 0xd9, 0xb1, 0x0, 0x0, 0x4c,
    0xe3, 0x0, 0x0, 0x8f, 0x40, 0xad, 0x20, 0xc,
    0xf9, 0x10, 0x0, 0x8e, 0xc3, 0x0, 0x9, 0xe0,
    0x4, 0x10, 0x0, 0x0, 0x33, 0x0, 0x0, 0x0,
    0x30,

    /* U+98CE "风" */
    0x0, 0x3, 0x33, 0x33, 0x33, 0x33, 0x33, 0x30,
    0x0, 0x0, 0x2f, 0xff, 0xff, 0xff, 0xff, 0xff,
    0xf0, 0x0, 0x0, 0x2f, 0x40, 0x0, 0x0, 0x0,
    0x5, 0xf0, 0x0, 0x0, 0x2f, 0x30, 0x0, 0x0,
    0x18, 0x4, 0xf0, 0x0, 0x0, 0x2f, 0x38, 0x90,
    0x0, 0x8c, 0x4, 0xf0, 0x0, 0x0, 0x2f, 0x33,
    0xf7, 0x0, 0xf5, 0x4, 0xf0, 0x0, 0x0, 0x2f,
    0x30, 0x6f, 0x47, 0xd0, 0x4, 0xf0, 0x0, 0x0,
    0x2f, 0x30, 0x9, 0xfe, 0x70, 0x4, 0xf0, 0x0,
    0x0, 0x3f, 0x20, 0x0, 0xcf, 0x10, 0x3, 0xf0,
    0x0, 0x0, 0x5f, 0x0, 0x3, 0xff, 0xa0, 0x3,
    0xf1, 0x0, 0x0, 0x7e, 0x0, 0x1e, 0xb4, 0xf6,
    0x2, 0xf2, 0x0, 0x0, 0xbb, 0x1, 0xce, 0x10,
    0x9f, 0x21, 0xf3, 0x0, 0x0, 0xf7, 0x2d, 0xe3,
    0x0, 0xd, 0xc0, 0xf5, 0x35, 0x5, 0xf2, 0x5d,
    0x20, 0x0, 0x4, 0x90, 0xc8, 0x59, 0xd, 0xb0,
    0x0, 0x0, 0x0, 0x0, 0x0, 0x7e, 0xb7, 0x1d,
    0x30, 0x0, 0x0, 0x0, 0x0, 0x0, 0xc, 0xe2,
    0x0, 0x0, 0x0, 0x0, 0x0, 0x0, 0x0, 0x0,
    0x0,

    /* U+9E23 "鸣" */
    0x0, 0x0, 0x0, 0x0, 0x0, 0xd6, 0x0, 0x0,
    0x55, 0x55, 0x50, 0x13, 0x37, 0xf4, 0x33, 0x20,
    0xdf, 0xef, 0xe0, 0x5f, 0xdd, 0xdd, 0xdf, 0x90,
    0xd6, 0x5, 0xe0, 0x5e, 0x3, 0x0, 0xb, 0x80,
    0xd6, 0x5, 0xe0, 0x5e, 0xb, 0xb0, 0xc, 0x70,
    0xd6, 0x5, 0xe0, 0x5e, 0x0, 0xb9, 0xd, 0x60,
    0xd6, 0x5, 0xe0, 0x5e, 0x0, 0x4, 0x4f, 0x30,
    0xd6, 0x5, 0xe0, 0x5e, 0x0, 0xc, 0xd9, 0x0,
    0xd6, 0x5, 0xe0, 0x5e, 0x11, 0x11, 0x11, 0x11,
    0xd6, 0x5, 0xe0, 0x5f, 0xff, 0xff, 0xff, 0xfa,
    0xd9, 0x48, 0xe0, 0x0, 0x0, 0x0, 0x0, 0xaa,
    0xdf, 0xff, 0xe0, 0x33, 0x33, 0x33, 0x31, 0xb9,
    0xd6, 0x0, 0x1, 0xff, 0xff, 0xff, 0xf7, 0xc8,
    0xa5, 0x0, 0x0, 0x0, 0x0, 0x0, 0x0, 0xe6,
    0x0, 0x0, 0x0, 0x0, 0x0, 0x1, 0x3, 0xf4,
    0x0, 0x0, 0x0, 0x0, 0x0, 0x8, 0xff, 0xb0,
    0x0, 0x0, 0x0, 0x0, 0x0, 0x0, 0x0, 0x0,

    /* U+FF0C "，" */
    0x0, 0x10, 0xa, 0xf7, 0xc, 0xfd, 0x1, 0x9d,
    0x0, 0xa9, 0x1a, 0xe1, 0x6a, 0x10, 0x0, 0x0
};


/*---------------------
 *  GLYPH DESCRIPTION
 *--------------------*/

static const lv_font_fmt_txt_glyph_dsc_t glyph_dsc[] = {
    {.bitmap_index = 0, .adv_w = 0, .box_w = 0, .box_h = 0, .ofs_x = 0, .ofs_y = 0} /* id = 0 reserved */,
    {.bitmap_index = 0, .adv_w = 65, .box_w = 0, .box_h = 0, .ofs_x = 0, .ofs_y = 0},
    {.bitmap_index = 0, .adv_w = 93, .box_w = 4, .box_h = 13, .ofs_x = 1, .ofs_y = 0},
    {.bitmap_index = 26, .adv_w = 137, .box_w = 6, .box_h = 6, .ofs_x = 1, .ofs_y = 8},
    {.bitmap_index = 44, .adv_w = 160, .box_w = 10, .box_h = 13, .ofs_x = 0, .ofs_y = 0},
    {.bitmap_index = 109, .adv_w = 160, .box_w = 8, .box_h = 17, .ofs_x = 1, .ofs_y = -2},
    {.bitmap_index = 177, .adv_w = 265, .box_w = 16, .box_h = 13, .ofs_x = 0, .ofs_y = 0},
    {.bitmap_index = 281, .adv_w = 196, .box_w = 12, .box_h = 13, .ofs_x = 0, .ofs_y = 0},
    {.bitmap_index = 359, .adv_w = 80, .box_w = 3, .box_h = 6, .ofs_x = 1, .ofs_y = 8},
    {.bitmap_index = 368, .adv_w = 97, .box_w = 5, .box_h = 19, .ofs_x = 1, .ofs_y = -4},
    {.bitmap_index = 416, .adv_w = 97, .box_w = 5, .box_h = 19, .ofs_x = 0, .ofs_y = -4},
    {.bitmap_index = 464, .adv_w = 134, .box_w = 7, .box_h = 6, .ofs_x = 1, .ofs_y = 8},
    {.bitmap_index = 485, .adv_w = 160, .box_w = 10, .box_h = 10, .ofs_x = 0, .ofs_y = 2},
    {.bitmap_index = 535, .adv_w = 80, .box_w = 4, .box_h = 7, .ofs_x = 0, .ofs_y = -4},
    {.bitmap_index = 549, .adv_w = 100, .box_w = 6, .box_h = 3, .ofs_x = 0, .ofs_y = 4},
    {.bitmap_index = 558, .adv_w = 80, .box_w = 3, .box_h = 3, .ofs_x = 1, .ofs_y = 0},
    {.bitmap_index = 563, .adv_w = 113, .box_w = 7, .box_h = 18, .ofs_x = 0, .ofs_y = -4},
    {.bitmap_index = 626, .adv_w = 160, .box_w = 10, .box_h = 13, .ofs_x = 0, .ofs_y = 0},
    {.bitmap_index = 691, .adv_w = 160, .box_w = 8, .box_h = 13, .ofs_x = 1, .ofs_y = 0},
    {.bitmap_index = 743, .adv_w = 160, .box_w = 10, .box_h = 13, .ofs_x = 0, .ofs_y = 0},
    {.bitmap_index = 808, .adv_w = 160, .box_w = 9, .box_h = 13, .ofs_x = 0, .ofs_y = 0},
    {.bitmap_index = 867, .adv_w = 160, .box_w = 10, .box_h = 13, .ofs_x = 0, .ofs_y = 0},
    {.bitmap_index = 932, .adv_w = 160, .box_w = 10, .box_h = 13, .ofs_x = 0, .ofs_y = 0},
    {.bitmap_index = 997, .adv_w = 160, .box_w = 9, .box_h = 13, .ofs_x = 1, .ofs_y = 0},
    {.bitmap_index = 1056, .adv_w = 160, .box_w = 10, .box_h = 13, .ofs_x = 0, .ofs_y = 0},
    {.bitmap_index = 1121, .adv_w = 160, .box_w = 10, .box_h = 13, .ofs_x = 0, .ofs_y = 0},
    {.bitmap_index = 1186, .adv_w = 160, .box_w = 10, .box_h = 13, .ofs_x = 0, .ofs_y = 0},
    {.bitmap_index = 1251, .adv_w = 80, .box_w = 3, .box_h = 10, .ofs_x = 1, .ofs_y = 0},
    {.bitmap_index = 1266, .adv_w = 80, .box_w = 4, .box_h = 14, .ofs_x = 0, .ofs_y = -4},
    {.bitmap_index = 1294, .adv_w = 160, .box_w = 10, .box_h = 9, .ofs_x = 0, .ofs_y = 2},
    {.bitmap_index = 1339, .adv_w = 160, .box_w = 10, .box_h = 6, .ofs_x = 0, .ofs_y = 4},
    {.bitmap_index = 1369, .adv_w = 160, .box_w = 10, .box_h = 9, .ofs_x = 0, .ofs_y = 2},
    {.bitmap_index = 1414, .adv_w = 137, .box_w = 8, .box_h = 13, .ofs_x = 0, .ofs_y = 0},
    {.bitmap_index = 1466, .adv_w = 272, .box_w = 15, .box_h = 17, .ofs_x = 1, .ofs_y = -4},
    {.bitmap_index = 1594, .adv_w = 175, .box_w = 11, .box_h = 13, .ofs_x = 0, .ofs_y = 0},
    {.bitmap_index = 1666, .adv_w = 189, .box_w = 11, .box_h = 13, .ofs_x = 1, .ofs_y = 0},
    {.bitmap_index = 1738, .adv_w = 184, .box_w = 10, .box_h = 13, .ofs_x = 1, .ofs_y = 0},
    {.bitmap_index = 1803, .adv_w = 198, .box_w = 11, .box_h = 13, .ofs_x = 1, .ofs_y = 0},
    {.bitmap_index = 1875, .adv_w = 170, .box_w = 9, .box_h = 13, .ofs_x = 1, .ofs_y = 0},
    {.bitmap_index = 1934, .adv_w = 159, .box_w = 9, .box_h = 13, .ofs_x = 1, .ofs_y = 0},
    {.bitmap_index = 1993, .adv_w = 198, .box_w = 11, .box_h = 13, .ofs_x = 1, .ofs_y = 0},
    {.bitmap_index = 2065, .adv_w = 210, .box_w = 11, .box_h = 13, .ofs_x = 1, .ofs_y = 0},
    {.bitmap_index = 2137, .adv_w = 84, .box_w = 3, .box_h = 13, .ofs_x = 1, .ofs_y = 0},
    {.bitmap_index = 2157, .adv_w = 154, .box_w = 8, .box_h = 13, .ofs_x = 0, .ofs_y = 0},
    {.bitmap_index = 2209, .adv_w = 186, .box_w = 11, .box_h = 13, .ofs_x = 1, .ofs_y = 0},
    {.bitmap_index = 2281, .adv_w = 156, .box_w = 9, .box_h = 13, .ofs_x = 1, .ofs_y = 0},
    {.bitmap_index = 2340, .adv_w = 234, .box_w = 12, .box_h = 13, .ofs_x = 1, .ofs_y = 0},
    {.bitmap_index = 2418, .adv_w = 208, .box_w = 11, .box_h = 13, .ofs_x = 1, .ofs_y = 0},
    {.bitmap_index = 2490, .adv_w = 214, .box_w = 12, .box_h = 13, .ofs_x = 1, .ofs_y = 0},
    {.bitmap_index = 2568, .adv_w = 182, .box_w = 10, .box_h = 13, .ofs_x = 1, .ofs_y = 0},
    {.bitmap_index = 2633, .adv_w = 214, .box_w = 12, .box_h = 17, .ofs_x = 1, .ofs_y = -4},
    {.bitmap_index = 2735, .adv_w = 183, .box_w = 10, .box_h = 13, .ofs_x = 1, .ofs_y = 0},
    {.bitmap_index = 2800, .adv_w = 172, .box_w = 10, .box_h = 13, .ofs_x = 0, .ofs_y = 0},
    {.bitmap_index = 2865, .adv_w = 173, .box_w = 11, .box_h = 13, .ofs_x = 0, .ofs_y = 0},
    {.bitmap_index = 2937, .adv_w = 208, .box_w = 11, .box_h = 13, .ofs_x = 1, .ofs_y = 0},
    {.bitmap_index = 3009, .adv_w = 166, .box_w = 11, .box_h = 13, .ofs_x = 0, .ofs_y = 0},
    {.bitmap_index = 3081, .adv_w = 253, .box_w = 16, .box_h = 13, .ofs_x = 0, .ofs_y = 0},
    {.bitmap_index = 3185, .adv_w = 165, .box_w = 11, .box_h = 13, .ofs_x = 0, .ofs_y = 0},
    {.bitmap_index = 3257, .adv_w = 153, .box_w = 11, .box_h = 13, .ofs_x = -1, .ofs_y = 0},
    {.bitmap_index = 3329, .adv_w = 174, .box_w = 11, .box_h = 13, .ofs_x = 0, .ofs_y = 0},
    {.bitmap_index = 3401, .adv_w = 97, .box_w = 5, .box_h = 17, .ofs_x = 1, .ofs_y = -3},
    {.bitmap_index = 3444, .adv_w = 113, .box_w = 7, .box_h = 18, .ofs_x = 0, .ofs_y = -4},
    {.bitmap_index = 3507, .adv_w = 97, .box_w = 5, .box_h = 17, .ofs_x = 0, .ofs_y = -3},
    {.bitmap_index = 3550, .adv_w = 160, .box_w = 8, .box_h = 8, .ofs_x = 1, .ofs_y = 6},
    {.bitmap_index = 3582, .adv_w = 161, .box_w = 10, .box_h = 2, .ofs_x = 0, .ofs_y = -3},
    {.bitmap_index = 3592, .adv_w = 175, .box_w = 6, .box_h = 4, .ofs_x = 2, .ofs_y = 11},
    {.bitmap_index = 3604, .adv_w = 162, .box_w = 8, .box_h = 10, .ofs_x = 1, .ofs_y = 0},
    {.bitmap_index = 3644, .adv_w = 178, .box_w = 10, .box_h = 14, .ofs_x = 1, .ofs_y = 0},
    {.bitmap_index = 3714, .adv_w = 147, .box_w = 9, .box_h = 10, .ofs_x = 0, .ofs_y = 0},
    {.bitmap_index = 3759, .adv_w = 179, .box_w = 10, .box_h = 14, .ofs_x = 0, .ofs_y = 0},
    {.bitmap_index = 3829, .adv_w = 160, .box_w = 10, .box_h = 10, .ofs_x = 0, .ofs_y = 0},
    {.bitmap_index = 3879, .adv_w = 94, .box_w = 7, .box_h = 14, .ofs_x = 0, .ofs_y = 0},
    {.bitmap_index = 3928, .adv_w = 162, .box_w = 10, .box_h = 14, .ofs_x = 0, .ofs_y = -4},
    {.bitmap_index = 3998, .adv_w = 175, .box_w = 9, .box_h = 14, .ofs_x = 1, .ofs_y = 0},
    {.bitmap_index = 4061, .adv_w = 79, .box_w = 3, .box_h = 14, .ofs_x = 1, .ofs_y = 0},
    {.bitmap_index = 4082, .adv_w = 79, .box_w = 5, .box_h = 18, .ofs_x = -1, .ofs_y = -4},
    {.bitmap_index = 4127, .adv_w = 159, .box_w = 9, .box_h = 14, .ofs_x = 1, .ofs_y = 0},
    {.bitmap_index = 4190, .adv_w = 82, .box_w = 4, .box_h = 14, .ofs_x = 1, .ofs_y = 0},
    {.bitmap_index = 4218, .adv_w = 267, .box_w = 15, .box_h = 10, .ofs_x = 1, .ofs_y = 0},
    {.bitmap_index = 4293, .adv_w = 176, .box_w = 9, .box_h = 10, .ofs_x = 1, .ofs_y = 0},
    {.bitmap_index = 4338, .adv_w = 175, .box_w = 10, .box_h = 10, .ofs_x = 0, .ofs_y = 0},
    {.bitmap_index = 4388, .adv_w = 179, .box_w = 10, .box_h = 14, .ofs_x = 1, .ofs_y = -4},
    {.bitmap_index = 4458, .adv_w = 179, .box_w = 10, .box_h = 14, .ofs_x = 0, .ofs_y = -4},
    {.bitmap_index = 4528, .adv_w = 112, .box_w = 7, .box_h = 10, .ofs_x = 1, .ofs_y = 0},
    {.bitmap_index = 4563, .adv_w = 135, .box_w = 8, .box_h = 10, .ofs_x = 0, .ofs_y = 0},
    {.bitmap_index = 4603, .adv_w = 109, .box_w = 7, .box_h = 13, .ofs_x = 0, .ofs_y = 0},
    {.bitmap_index = 4649, .adv_w = 175, .box_w = 9, .box_h = 10, .ofs_x = 1, .ofs_y = 0},
    {.bitmap_index = 4694, .adv_w = 150, .box_w = 10, .box_h = 10, .ofs_x = 0, .ofs_y = 0},
    {.bitmap_index = 4744, .adv_w = 231, .box_w = 14, .box_h = 10, .ofs_x = 0, .ofs_y = 0},
    {.bitmap_index = 4814, .adv_w = 143, .box_w = 9, .box_h = 10, .ofs_x = 0, .ofs_y = 0},
    {.bitmap_index = 4859, .adv_w = 150, .box_w = 10, .box_h = 14, .ofs_x = 0, .ofs_y = -4},
    {.bitmap_index = 4929, .adv_w = 137, .box_w = 9, .box_h = 10, .ofs_x = 0, .ofs_y = 0},
    {.bitmap_index = 4974, .adv_w = 97, .box_w = 6, .box_h = 17, .ofs_x = 0, .ofs_y = -3},
    {.bitmap_index = 5025, .adv_w = 78, .box_w = 2, .box_h = 20, .ofs_x = 1, .ofs_y = -5},
    {.bitmap_index = 5045, .adv_w = 97, .box_w = 6, .box_h = 17, .ofs_x = 0, .ofs_y = -3},
    {.bitmap_index = 5096, .adv_w = 160, .box_w = 10, .box_h = 5, .ofs_x = 0, .ofs_y = 4},
    {.bitmap_index = 5121, .adv_w = 288, .box_w = 4, .box_h = 4, .ofs_x = 7, .ofs_y = 5},
    {.bitmap_index = 5129, .adv_w = 288, .box_w = 18, .box_h = 15, .ofs_x = 0, .ofs_y = 0},
    {.bitmap_index = 5264, .adv_w = 288, .box_w = 15, .box_h = 18, .ofs_x = 2, .ofs_y = -2},
    {.bitmap_index = 5399, .adv_w = 288, .box_w = 18, .box_h = 16, .ofs_x = 0, .ofs_y = -2},
    {.bitmap_index = 5543, .adv_w = 288, .box_w = 7, .box_h = 7, .ofs_x = 0, .ofs_y = -2},
    {.bitmap_index = 5568, .adv_w = 288, .box_w = 18, .box_h = 2, .ofs_x = 0, .ofs_y = 6},
    {.bitmap_index = 5586, .adv_w = 288, .box_w = 18, .box_h = 15, .ofs_x = 0, .ofs_y = -1},
    {.bitmap_index = 5721, .adv_w = 288, .box_w = 18, .box_h = 15, .ofs_x = 0, .ofs_y = -1},
    {.bitmap_index = 5856, .adv_w = 288, .box_w = 18, .box_h = 16, .ofs_x = 0, .ofs_y = -1},
    {.bitmap_index = 6000, .adv_w = 288, .box_w = 18, .box_h = 18, .ofs_x = 0, .ofs_y = -2},
    {.bitmap_index = 6162, .adv_w = 288, .box_w = 18, .box_h = 16, .ofs_x = 0, .ofs_y = -1},
    {.bitmap_index = 6306, .adv_w = 288, .box_w = 18, .box_h = 18, .ofs_x = 0, .ofs_y = -2},
    {.bitmap_index = 6468, .adv_w = 288, .box_w = 18, .box_h = 17, .ofs_x = 0, .ofs_y = -1},
    {.bitmap_index = 6621, .adv_w = 288, .box_w = 17, .box_h = 17, .ofs_x = 0, .ofs_y = -1},
    {.bitmap_index = 6766, .adv_w = 288, .box_w = 17, .box_h = 17, .ofs_x = 0, .ofs_y = -2},
    {.bitmap_index = 6911, .adv_w = 288, .box_w = 17, .box_h = 18, .ofs_x = 1, .ofs_y = -2},
    {.bitmap_index = 7064, .adv_w = 288, .box_w = 18, .box_h = 17, .ofs_x = 0, .ofs_y = -2},
    {.bitmap_index = 7217, .adv_w = 288, .box_w = 18, .box_h = 18, .ofs_x = 0, .ofs_y = -2},
    {.bitmap_index = 7379, .adv_w = 288, .box_w = 18, .box_h = 17, .ofs_x = 0, .ofs_y = -2},
    {.bitmap_index = 7532, .adv_w = 288, .box_w = 17, .box_h = 18, .ofs_x = 0, .ofs_y = -2},
    {.bitmap_index = 7685, .adv_w = 288, .box_w = 18, .box_h = 18, .ofs_x = 0, .ofs_y = -2},
    {.bitmap_index = 7847, .adv_w = 288, .box_w = 18, .box_h = 17, .ofs_x = 0, .ofs_y = -2},
    {.bitmap_index = 8000, .adv_w = 288, .box_w = 17, .box_h = 18, .ofs_x = 0, .ofs_y = -2},
    {.bitmap_index = 8153, .adv_w = 288, .box_w = 18, .box_h = 17, .ofs_x = 0, .ofs_y = -1},
    {.bitmap_index = 8306, .adv_w = 288, .box_w = 16, .box_h = 16, .ofs_x = 1, .ofs_y = -1},
    {.bitmap_index = 8434, .adv_w = 288, .box_w = 18, .box_h = 17, .ofs_x = 0, .ofs_y = -2},
    {.bitmap_index = 8587, .adv_w = 288, .box_w = 17, .box_h = 15, .ofs_x = 1, .ofs_y = -1},
    {.bitmap_index = 8715, .adv_w = 288, .box_w = 16, .box_h = 17, .ofs_x = 1, .ofs_y = -1},
    {.bitmap_index = 8851, .adv_w = 288, .box_w = 18, .box_h = 17, .ofs_x = 0, .ofs_y = -1},
    {.bitmap_index = 9004, .adv_w = 288, .box_w = 18, .box_h = 18, .ofs_x = 0, .ofs_y = -2},
    {.bitmap_index = 9166, .adv_w = 288, .box_w = 17, .box_h = 16, .ofs_x = 1, .ofs_y = -2},
    {.bitmap_index = 9302, .adv_w = 288, .box_w = 17, .box_h = 17, .ofs_x = 1, .ofs_y = -2},
    {.bitmap_index = 9447, .adv_w = 288, .box_w = 17, .box_h = 16, .ofs_x = 0, .ofs_y = -1},
    {.bitmap_index = 9583, .adv_w = 288, .box_w = 17, .box_h = 17, .ofs_x = 1, .ofs_y = -1},
    {.bitmap_index = 9728, .adv_w = 288, .box_w = 16, .box_h = 18, .ofs_x = 1, .ofs_y = -2},
    {.bitmap_index = 9872, .adv_w = 288, .box_w = 16, .box_h = 17, .ofs_x = 1, .ofs_y = -1},
    {.bitmap_index = 10008, .adv_w = 288, .box_w = 17, .box_h = 18, .ofs_x = 1, .ofs_y = -2},
    {.bitmap_index = 10161, .adv_w = 288, .box_w = 16, .box_h = 17, .ofs_x = 1, .ofs_y = -1},
    {.bitmap_index = 10297, .adv_w = 288, .box_w = 17, .box_h = 16, .ofs_x = 1, .ofs_y = -1},
    {.bitmap_index = 10433, .adv_w = 288, .box_w = 17, .box_h = 18, .ofs_x = 1, .ofs_y = -2},
    {.bitmap_index = 10586, .adv_w = 288, .box_w = 16, .box_h = 16, .ofs_x = 1, .ofs_y = -1},
    {.bitmap_index = 10714, .adv_w = 288, .box_w = 17, .box_h = 17, .ofs_x = 0, .ofs_y = -1},
    {.bitmap_index = 10859, .adv_w = 288, .box_w = 17, .box_h = 18, .ofs_x = 0, .ofs_y = -2},
    {.bitmap_index = 11012, .adv_w = 288, .box_w = 18, .box_h = 18, .ofs_x = 0, .ofs_y = -2},
    {.bitmap_index = 11174, .adv_w = 288, .box_w = 18, .box_h = 18, .ofs_x = 0, .ofs_y = -2},
    {.bitmap_index = 11336, .adv_w = 288, .box_w = 17, .box_h = 18, .ofs_x = 0, .ofs_y = -2},
    {.bitmap_index = 11489, .adv_w = 288, .box_w = 18, .box_h = 18, .ofs_x = 0, .ofs_y = -2},
    {.bitmap_index = 11651, .adv_w = 288, .box_w = 18, .box_h = 17, .ofs_x = 0, .ofs_y = -2},
    {.bitmap_index = 11804, .adv_w = 288, .box_w = 18, .box_h = 18, .ofs_x = 0, .ofs_y = -2},
    {.bitmap_index = 11966, .adv_w = 288, .box_w = 18, .box_h = 18, .ofs_x = 0, .ofs_y = -2},
    {.bitmap_index = 12128, .adv_w = 288, .box_w = 18, .box_h = 17, .ofs_x = 0, .ofs_y = -2},
    {.bitmap_index = 12281, .adv_w = 288, .box_w = 17, .box_h = 17, .ofs_x = 0, .ofs_y = -2},
    {.bitmap_index = 12426, .adv_w = 288, .box_w = 16, .box_h = 18, .ofs_x = 1, .ofs_y = -2},
    {.bitmap_index = 12570, .adv_w = 288, .box_w = 18, .box_h = 18, .ofs_x = 0, .ofs_y = -2},
    {.bitmap_index = 12732, .adv_w = 288, .box_w = 18, .box_h = 18, .ofs_x = 0, .ofs_y = -2},
    {.bitmap_index = 12894, .adv_w = 288, .box_w = 16, .box_h = 16, .ofs_x = 1, .ofs_y = -1},
    {.bitmap_index = 13022, .adv_w = 288, .box_w = 18, .box_h = 17, .ofs_x = 0, .ofs_y = -1},
    {.bitmap_index = 13175, .adv_w = 288, .box_w = 18, .box_h = 17, .ofs_x = 0, .ofs_y = -2},
    {.bitmap_index = 13328, .adv_w = 288, .box_w = 18, .box_h = 17, .ofs_x = 0, .ofs_y = -2},
    {.bitmap_index = 13481, .adv_w = 288, .box_w = 15, .box_h = 16, .ofs_x = 1, .ofs_y = -1},
    {.bitmap_index = 13601, .adv_w = 288, .box_w = 17, .box_h = 15, .ofs_x = 1, .ofs_y = -1},
    {.bitmap_index = 13729, .adv_w = 288, .box_w = 15, .box_h = 17, .ofs_x = 1, .ofs_y = -1},
    {.bitmap_index = 13857, .adv_w = 288, .box_w = 17, .box_h = 17, .ofs_x = 0, .ofs_y = -2},
    {.bitmap_index = 14002, .adv_w = 288, .box_w = 17, .box_h = 17, .ofs_x = 0, .ofs_y = -1},
    {.bitmap_index = 14147, .adv_w = 288, .box_w = 18, .box_h = 17, .ofs_x = 0, .ofs_y = -1},
    {.bitmap_index = 14300, .adv_w = 288, .box_w = 18, .box_h = 18, .ofs_x = 0, .ofs_y = -2},
    {.bitmap_index = 14462, .adv_w = 288, .box_w = 18, .box_h = 17, .ofs_x = 0, .ofs_y = -1},
    {.bitmap_index = 14615, .adv_w = 288, .box_w = 18, .box_h = 17, .ofs_x = 0, .ofs_y = -1},
    {.bitmap_index = 14768, .adv_w = 288, .box_w = 18, .box_h = 18, .ofs_x = 0, .ofs_y = -2},
    {.bitmap_index = 14930, .adv_w = 288, .box_w = 18, .box_h = 17, .ofs_x = 0, .ofs_y = -2},
    {.bitmap_index = 15083, .adv_w = 288, .box_w = 18, .box_h = 17, .ofs_x = 0, .ofs_y = -2},
    {.bitmap_index = 15236, .adv_w = 288, .box_w = 18, .box_h = 18, .ofs_x = 0, .ofs_y = -2},
    {.bitmap_index = 15398, .adv_w = 288, .box_w = 18, .box_h = 18, .ofs_x = 0, .ofs_y = -2},
    {.bitmap_index = 15560, .adv_w = 288, .box_w = 17, .box_h = 18, .ofs_x = 0, .ofs_y = -2},
    {.bitmap_index = 15713, .adv_w = 288, .box_w = 17, .box_h = 16, .ofs_x = 1, .ofs_y = -1},
    {.bitmap_index = 15849, .adv_w = 288, .box_w = 17, .box_h = 17, .ofs_x = 1, .ofs_y = -2},
    {.bitmap_index = 15994, .adv_w = 288, .box_w = 18, .box_h = 17, .ofs_x = 0, .ofs_y = -1},
    {.bitmap_index = 16147, .adv_w = 288, .box_w = 17, .box_h = 18, .ofs_x = 1, .ofs_y = -2},
    {.bitmap_index = 16300, .adv_w = 288, .box_w = 17, .box_h = 17, .ofs_x = 0, .ofs_y = -1},
    {.bitmap_index = 16445, .adv_w = 288, .box_w = 18, .box_h = 17, .ofs_x = 0, .ofs_y = -1},
    {.bitmap_index = 16598, .adv_w = 288, .box_w = 18, .box_h = 18, .ofs_x = 0, .ofs_y = -2},
    {.bitmap_index = 16760, .adv_w = 288, .box_w = 17, .box_h = 17, .ofs_x = 0, .ofs_y = -1},
    {.bitmap_index = 16905, .adv_w = 288, .box_w = 18, .box_h = 17, .ofs_x = 0, .ofs_y = -1},
    {.bitmap_index = 17058, .adv_w = 288, .box_w = 18, .box_h = 17, .ofs_x = 0, .ofs_y = -1},
    {.bitmap_index = 17211, .adv_w = 288, .box_w = 18, .box_h = 16, .ofs_x = 0, .ofs_y = -1},
    {.bitmap_index = 17355, .adv_w = 288, .box_w = 18, .box_h = 17, .ofs_x = 0, .ofs_y = -1},
    {.bitmap_index = 17508, .adv_w = 288, .box_w = 18, .box_h = 18, .ofs_x = 0, .ofs_y = -2},
    {.bitmap_index = 17670, .adv_w = 288, .box_w = 18, .box_h = 17, .ofs_x = 0, .ofs_y = -1},
    {.bitmap_index = 17823, .adv_w = 288, .box_w = 18, .box_h = 17, .ofs_x = 0, .ofs_y = -1},
    {.bitmap_index = 17976, .adv_w = 288, .box_w = 18, .box_h = 17, .ofs_x = 0, .ofs_y = -1},
    {.bitmap_index = 18129, .adv_w = 288, .box_w = 18, .box_h = 15, .ofs_x = 0, .ofs_y = -1},
    {.bitmap_index = 18264, .adv_w = 288, .box_w = 18, .box_h = 17, .ofs_x = 0, .ofs_y = -1},
    {.bitmap_index = 18417, .adv_w = 288, .box_w = 18, .box_h = 18, .ofs_x = 0, .ofs_y = -2},
    {.bitmap_index = 18579, .adv_w = 288, .box_w = 18, .box_h = 17, .ofs_x = 0, .ofs_y = -2},
    {.bitmap_index = 18732, .adv_w = 288, .box_w = 18, .box_h = 17, .ofs_x = 0, .ofs_y = -2},
    {.bitmap_index = 18885, .adv_w = 288, .box_w = 18, .box_h = 17, .ofs_x = 0, .ofs_y = -2},
    {.bitmap_index = 19038, .adv_w = 288, .box_w = 18, .box_h = 17, .ofs_x = 0, .ofs_y = -1},
    {.bitmap_index = 19191, .adv_w = 288, .box_w = 18, .box_h = 18, .ofs_x = 0, .ofs_y = -2},
    {.bitmap_index = 19353, .adv_w = 288, .box_w = 18, .box_h = 18, .ofs_x = 0, .ofs_y = -2},
    {.bitmap_index = 19515, .adv_w = 288, .box_w = 18, .box_h = 18, .ofs_x = 0, .ofs_y = -2},
    {.bitmap_index = 19677, .adv_w = 288, .box_w = 17, .box_h = 17, .ofs_x = 0, .ofs_y = -1},
    {.bitmap_index = 19822, .adv_w = 288, .box_w = 17, .box_h = 16, .ofs_x = 0, .ofs_y = -1},
    {.bitmap_index = 19958, .adv_w = 288, .box_w = 18, .box_h = 18, .ofs_x = 0, .ofs_y = -2},
    {.bitmap_index = 20120, .adv_w = 288, .box_w = 18, .box_h = 18, .ofs_x = 0, .ofs_y = -2},
    {.bitmap_index = 20282, .adv_w = 288, .box_w = 18, .box_h = 17, .ofs_x = 0, .ofs_y = -2},
    {.bitmap_index = 20435, .adv_w = 288, .box_w = 18, .box_h = 18, .ofs_x = 0, .ofs_y = -2},
    {.bitmap_index = 20597, .adv_w = 288, .box_w = 17, .box_h = 16, .ofs_x = 0, .ofs_y = -1},
    {.bitmap_index = 20733, .adv_w = 288, .box_w = 16, .box_h = 16, .ofs_x = 0, .ofs_y = -2},
    {.bitmap_index = 20861, .adv_w = 288, .box_w = 16, .box_h = 17, .ofs_x = 2, .ofs_y = -1},
    {.bitmap_index = 20997, .adv_w = 288, .box_w = 14, .box_h = 17, .ofs_x = 2, .ofs_y = -1},
    {.bitmap_index = 21116, .adv_w = 288, .box_w = 16, .box_h = 18, .ofs_x = 1, .ofs_y = -2},
    {.bitmap_index = 21260, .adv_w = 288, .box_w = 18, .box_h = 16, .ofs_x = 0, .ofs_y = -1},
    {.bitmap_index = 21404, .adv_w = 288, .box_w = 17, .box_h = 17, .ofs_x = 1, .ofs_y = -2},
    {.bitmap_index = 21549, .adv_w = 288, .box_w = 16, .box_h = 16, .ofs_x = 1, .ofs_y = -1},
    {.bitmap_index = 21677, .adv_w = 288, .box_w = 17, .box_h = 18, .ofs_x = 0, .ofs_y = -2},
    {.bitmap_index = 21830, .adv_w = 288, .box_w = 18, .box_h = 17, .ofs_x = 0, .ofs_y = -1},
    {.bitmap_index = 21983, .adv_w = 288, .box_w = 16, .box_h = 17, .ofs_x = 1, .ofs_y = -1},
    {.bitmap_index = 22119, .adv_w = 288, .box_w = 18, .box_h = 18, .ofs_x = 0, .ofs_y = -2},
    {.bitmap_index = 22281, .adv_w = 288, .box_w = 18, .box_h = 18, .ofs_x = 0, .ofs_y = -2},
    {.bitmap_index = 22443, .adv_w = 288, .box_w = 17, .box_h = 17, .ofs_x = 0, .ofs_y = -1},
    {.bitmap_index = 22588, .adv_w = 288, .box_w = 17, .box_h = 16, .ofs_x = 0, .ofs_y = -1},
    {.bitmap_index = 22724, .adv_w = 288, .box_w = 18, .box_h = 17, .ofs_x = 0, .ofs_y = -1},
    {.bitmap_index = 22877, .adv_w = 288, .box_w = 17, .box_h = 17, .ofs_x = 1, .ofs_y = -1},
    {.bitmap_index = 23022, .adv_w = 288, .box_w = 18, .box_h = 17, .ofs_x = 0, .ofs_y = -1},
    {.bitmap_index = 23175, .adv_w = 288, .box_w = 17, .box_h = 18, .ofs_x = 0, .ofs_y = -2},
    {.bitmap_index = 23328, .adv_w = 288, .box_w = 18, .box_h = 17, .ofs_x = 0, .ofs_y = -1},
    {.bitmap_index = 23481, .adv_w = 288, .box_w = 18, .box_h = 17, .ofs_x = 0, .ofs_y = -1},
    {.bitmap_index = 23634, .adv_w = 288, .box_w = 18, .box_h = 17, .ofs_x = 0, .ofs_y = -1},
    {.bitmap_index = 23787, .adv_w = 288, .box_w = 18, .box_h = 17, .ofs_x = 0, .ofs_y = -1},
    {.bitmap_index = 23940, .adv_w = 288, .box_w = 17, .box_h = 17, .ofs_x = 0, .ofs_y = -2},
    {.bitmap_index = 24085, .adv_w = 288, .box_w = 18, .box_h = 18, .ofs_x = 0, .ofs_y = -2},
    {.bitmap_index = 24247, .adv_w = 288, .box_w = 18, .box_h = 17, .ofs_x = 0, .ofs_y = -2},
    {.bitmap_index = 24400, .adv_w = 288, .box_w = 18, .box_h = 17, .ofs_x = 0, .ofs_y = -2},
    {.bitmap_index = 24553, .adv_w = 288, .box_w = 18, .box_h = 17, .ofs_x = 0, .ofs_y = -2},
    {.bitmap_index = 24706, .adv_w = 288, .box_w = 18, .box_h = 18, .ofs_x = 0, .ofs_y = -2},
    {.bitmap_index = 24868, .adv_w = 288, .box_w = 18, .box_h = 17, .ofs_x = 0, .ofs_y = -2},
    {.bitmap_index = 25021, .adv_w = 288, .box_w = 18, .box_h = 17, .ofs_x = 0, .ofs_y = -2},
    {.bitmap_index = 25174, .adv_w = 288, .box_w = 18, .box_h = 18, .ofs_x = 0, .ofs_y = -2},
    {.bitmap_index = 25336, .adv_w = 288, .box_w = 18, .box_h = 18, .ofs_x = 0, .ofs_y = -2},
    {.bitmap_index = 25498, .adv_w = 288, .box_w = 18, .box_h = 18, .ofs_x = 0, .ofs_y = -2},
    {.bitmap_index = 25660, .adv_w = 288, .box_w = 18, .box_h = 16, .ofs_x = 0, .ofs_y = -1},
    {.bitmap_index = 25804, .adv_w = 288, .box_w = 18, .box_h = 16, .ofs_x = 0, .ofs_y = -1},
    {.bitmap_index = 25948, .adv_w = 288, .box_w = 17, .box_h = 17, .ofs_x = 0, .ofs_y = -1},
    {.bitmap_index = 26093, .adv_w = 288, .box_w = 18, .box_h = 17, .ofs_x = 0, .ofs_y = -1},
    {.bitmap_index = 26246, .adv_w = 288, .box_w = 17, .box_h = 18, .ofs_x = 1, .ofs_y = -2},
    {.bitmap_index = 26399, .adv_w = 288, .box_w = 16, .box_h = 17, .ofs_x = 1, .ofs_y = -2},
    {.bitmap_index = 26535, .adv_w = 288, .box_w = 16, .box_h = 16, .ofs_x = 1, .ofs_y = -1},
    {.bitmap_index = 26663, .adv_w = 288, .box_w = 16, .box_h = 16, .ofs_x = 1, .ofs_y = -1},
    {.bitmap_index = 26791, .adv_w = 288, .box_w = 18, .box_h = 15, .ofs_x = 0, .ofs_y = -1},
    {.bitmap_index = 26926, .adv_w = 288, .box_w = 16, .box_h = 16, .ofs_x = 1, .ofs_y = -1},
    {.bitmap_index = 27054, .adv_w = 288, .box_w = 18, .box_h = 17, .ofs_x = 0, .ofs_y = -1},
    {.bitmap_index = 27207, .adv_w = 288, .box_w = 17, .box_h = 18, .ofs_x = 0, .ofs_y = -2},
    {.bitmap_index = 27360, .adv_w = 288, .box_w = 18, .box_h = 17, .ofs_x = 0, .ofs_y = -2},
    {.bitmap_index = 27513, .adv_w = 288, .box_w = 18, .box_h = 17, .ofs_x = 0, .ofs_y = -2},
    {.bitmap_index = 27666, .adv_w = 288, .box_w = 18, .box_h = 17, .ofs_x = 0, .ofs_y = -2},
    {.bitmap_index = 27819, .adv_w = 288, .box_w = 16, .box_h = 17, .ofs_x = 1, .ofs_y = -2},
    {.bitmap_index = 27955, .adv_w = 288, .box_w = 4, .box_h = 8, .ofs_x = 2, .ofs_y = -3}
};

/*---------------------
 *  CHARACTER MAPPING
 *--------------------*/

static const uint16_t unicode_list_1[] = {
    0x0, 0x24fb, 0x24ff, 0x2505, 0x2f4a, 0x4d49, 0x4d54, 0x4d56,
    0x4d64, 0x4e97, 0x4e98, 0x4ea2, 0x4ea5, 0x4f98, 0x4fa5, 0x508e,
    0x50ae, 0x50bc, 0x514f, 0x5179, 0x5196, 0x51f1, 0x5249, 0x529e,
    0x52bc, 0x531f, 0x5338, 0x5339, 0x534d, 0x5357, 0x5381, 0x53c5,
    0x53d5, 0x53de, 0x5416, 0x54b3, 0x54c1, 0x5568, 0x55b3, 0x55c5,
    0x5627, 0x5671, 0x5690, 0x56a0, 0x57cc, 0x5839, 0x584d, 0x5858,
    0x5865, 0x5898, 0x58c6, 0x58cb, 0x5ad2, 0x5ad5, 0x5ae3, 0x5b45,
    0x5b4f, 0x5b94, 0x5b98, 0x5bba, 0x5d3b, 0x5e5e, 0x5e7a, 0x5fb8,
    0x5fe9, 0x6159, 0x6194, 0x6232, 0x6252, 0x62ab, 0x62ee, 0x63f6,
    0x6487, 0x6502, 0x653f, 0x65a3, 0x65cb, 0x65df, 0x6652, 0x6671,
    0x6683, 0x668b, 0x66a8, 0x66e0, 0x671d, 0x673d, 0x67ef, 0x681e,
    0x69d9, 0x6aab, 0x6aac, 0x6b5d, 0x6b7d, 0x6bd2, 0x6be2, 0x6bea,
    0x6c2a, 0x6c8a, 0x6cb3, 0x6cc0, 0x6cd1, 0x6cf0, 0x6d59, 0x6df3,
    0x6fb4, 0x7002, 0x72f8, 0x7471, 0x747e, 0x75c6, 0x75cd, 0x763d,
    0x7669, 0x76aa, 0x77b7, 0x791b, 0x79c3, 0x7b26, 0x7bd2, 0x7e0f,
    0x7e1c, 0x81cb, 0x8292, 0x8325, 0x85b4, 0x8709, 0x8714, 0x87aa,
    0x8b40, 0x8b4c, 0x8eb1, 0x8f10, 0x8f1d, 0x8f21, 0x8f22, 0x8f24,
    0x8f25, 0x8f52, 0x8f9c, 0x8fb7, 0x9115, 0x9118, 0x93e8, 0x93fe,
    0x94c8, 0x9536, 0x953d, 0x9540, 0x9631, 0x9640, 0x973c, 0x973e,
    0x97cb, 0x97da, 0x9817, 0x9d6c, 0xfe55
};

/*Collect the unicode lists and glyph_id offsets*/
static const lv_font_fmt_txt_cmap_t cmaps[] =
{
    {
        .range_start = 32, .range_length = 95, .glyph_id_start = 1,
        .unicode_list = NULL, .glyph_id_ofs_list = NULL, .list_length = 0, .type = LV_FONT_FMT_TXT_CMAP_FORMAT0_TINY
    },
    {
        .range_start = 183, .range_length = 65110, .glyph_id_start = 96,
        .unicode_list = unicode_list_1, .glyph_id_ofs_list = NULL, .list_length = 157, .type = LV_FONT_FMT_TXT_CMAP_SPARSE_TINY
    }
};



/*--------------------
 *  ALL CUSTOM DATA
 *--------------------*/

#if LVGL_VERSION_MAJOR == 8
/*Store all the custom data of the font*/
static  lv_font_fmt_txt_glyph_cache_t cache;
#endif

#if LVGL_VERSION_MAJOR >= 8
static const lv_font_fmt_txt_dsc_t font_dsc = {
#else
static lv_font_fmt_txt_dsc_t font_dsc = {
#endif
    .glyph_bitmap = glyph_bitmap,
    .glyph_dsc = glyph_dsc,
    .cmaps = cmaps,
    .kern_dsc = NULL,
    .kern_scale = 0,
    .cmap_num = 2,
    .bpp = 4,
    .kern_classes = 0,
    .bitmap_format = 0,
#if LVGL_VERSION_MAJOR == 8
    .cache = &cache
#endif
};



/*-----------------
 *  PUBLIC FONT
 *----------------*/

/*Initialize a public general font descriptor*/
#if LVGL_VERSION_MAJOR >= 8
const lv_font_t as_zh18 = {
#else
lv_font_t as_zh18 = {
#endif
    .get_glyph_dsc = lv_font_get_glyph_dsc_fmt_txt,    /*Function pointer to get glyph's data*/
    .get_glyph_bitmap = lv_font_get_bitmap_fmt_txt,    /*Function pointer to get glyph's bitmap*/
    .line_height = 21,          /*The maximum line height required by the font*/
    .base_line = 5,             /*Baseline measured from the bottom of the line*/
#if !(LVGL_VERSION_MAJOR == 6 && LVGL_VERSION_MINOR == 0)
    .subpx = LV_FONT_SUBPX_NONE,
#endif
#if LV_VERSION_CHECK(7, 4, 0) || LVGL_VERSION_MAJOR >= 8
    .underline_position = -2,
    .underline_thickness = 1,
#endif
    .dsc = &font_dsc,          /*The custom font data. Will be accessed by `get_glyph_bitmap/dsc` */
#if LV_VERSION_CHECK(8, 2, 0) || LVGL_VERSION_MAJOR >= 9
    .fallback = NULL,
#endif
    .user_data = NULL,
};



#endif /*#if AS_ZH18*/

