/*******************************************************************************
 * Size: 18 px
 * Bpp: 4
 * Opts: --font SourceHanSansSC-Regular.otf --range 0x20-0x7E,0xB7,0x25B2,0x25B6,0x25BC,0x25C0,0x4E09,0x4E0B,0x4E0D,0x4E2D,0x4EFB,0x4F4E,0x505C,0x5145,0x5165,0x516B,0x516D,0x5173,0x51FB,0x5206,0x52A8,0x5341,0x5373,0x53CA,0x53CC,0x53D6,0x53EF,0x53F7,0x540E,0x56DE,0x5757,0x594F,0x59CB,0x5B50,0x5B9A,0x5C06,0x5C0F,0x5C11,0x5DF2,0x5E7F,0x5E84,0x5E94,0x5F00,0x5FEB,0x6025,0x610F,0x62CD,0x62E9,0x6309,0x6572,0x6574,0x65F6,0x6700,0x6728,0x673A,0x677F,0x67D4,0x6B62,0x6D3B,0x6D4B,0x6D88,0x6F14,0x725B,0x7528,0x7535,0x7740,0x786E,0x7EC6,0x7F16,0x7F6E,0x81EA,0x81F3,0x8272,0x8282,0x884C,0x8BBE,0x8BF7,0x8C03,0x8DDF,0x8F91,0x8FC7,0x8FD4,0x8FDB,0x8FDE,0x9009,0x901F,0x91CD,0x91CF,0x94C3,0x952E,0x957F,0x9759,0x97F3,0x9891,0x9996,0xFF0C --size 18 --bpp 4 --format lvgl --lv-font-name mn_zh18 --lv-include lvgl.h --no-compress --no-kerning --output mn_zh18.c
 ******************************************************************************/

#ifdef LV_LVGL_H_INCLUDE_SIMPLE
#include "lvgl.h"
#else
#include "lvgl.h"
#endif

#ifndef MN_ZH18
#define MN_ZH18 1
#endif

#if MN_ZH18

/*-----------------
 *    BITMAPS
 *----------------*/

/*Store the image of the glyphs*/
static LV_ATTRIBUTE_LARGE_CONST const uint8_t glyph_bitmap[] = {
    /* U+0020 " " */

    /* U+0021 "!" */
    0xe, 0xb0, 0xe, 0xb0, 0xd, 0xa0, 0xd, 0xa0,
    0xc, 0x90, 0xc, 0x90, 0xb, 0x80, 0xb, 0x80,
    0xa, 0x70, 0x4, 0x30, 0x5, 0x30, 0x2f, 0xf0,
    0xd, 0xa0,

    /* U+0022 "\"" */
    0x5f, 0x50, 0xde, 0x5f, 0x50, 0xdd, 0x4f, 0x30,
    0xbc, 0x2f, 0x20, 0xaa, 0x1f, 0x0, 0x89, 0x2,
    0x0, 0x11,

    /* U+0023 "#" */
    0x0, 0xa, 0x60, 0xe, 0x20, 0x0, 0xd, 0x30,
    0x1f, 0x0, 0x0, 0xf, 0x10, 0x3d, 0x0, 0xe,
    0xff, 0xff, 0xff, 0xf6, 0x1, 0x5d, 0x11, 0x8a,
    0x10, 0x0, 0x4c, 0x0, 0x98, 0x0, 0x0, 0x6a,
    0x0, 0xa6, 0x0, 0x0, 0x79, 0x0, 0xc5, 0x0,
    0x4f, 0xff, 0xff, 0xff, 0xf0, 0x2, 0xc7, 0x22,
    0xf3, 0x20, 0x0, 0xd3, 0x1, 0xf0, 0x0, 0x0,
    0xf1, 0x3, 0xd0, 0x0, 0x1, 0xf0, 0x5, 0xb0,
    0x0,

    /* U+0024 "$" */
    0x0, 0x8, 0xa0, 0x0, 0x0, 0x8, 0xa0, 0x0,
    0x1, 0xaf, 0xfb, 0x40, 0xd, 0xe7, 0x6a, 0xf3,
    0x4f, 0x50, 0x0, 0x40, 0x6f, 0x30, 0x0, 0x0,
    0x3f, 0x90, 0x0, 0x0, 0x9, 0xfb, 0x20, 0x0,
    0x0, 0x5f, 0xf7, 0x0, 0x0, 0x1, 0xaf, 0xb0,
    0x0, 0x0, 0x6, 0xf7, 0x0, 0x0, 0x0, 0xeb,
    0x21, 0x0, 0x0, 0xfa, 0xaf, 0x95, 0x6c, 0xf3,
    0x7, 0xcf, 0xfc, 0x30, 0x0, 0x8, 0xa0, 0x0,
    0x0, 0x8, 0xa0, 0x0,

    /* U+0025 "%" */
    0x1, 0xae, 0xd4, 0x0, 0x0, 0xe, 0x30, 0x0,
    0xb, 0xa1, 0x5f, 0x10, 0x0, 0x7a, 0x0, 0x0,
    0x1f, 0x20, 0xc, 0x70, 0x1, 0xe1, 0x0, 0x0,
    0x3f, 0x0, 0x9, 0xa0, 0x9, 0x80, 0x0, 0x0,
    0x3f, 0x0, 0x9, 0xa0, 0x2e, 0x0, 0x0, 0x0,
    0x1f, 0x20, 0xc, 0x70, 0xb6, 0x7, 0xdc, 0x50,
    0xb, 0xa1, 0x5f, 0x14, 0xd0, 0x7d, 0x34, 0xf3,
    0x1, 0xaf, 0xd4, 0xd, 0x40, 0xe5, 0x0, 0x9a,
    0x0, 0x0, 0x0, 0x6b, 0x0, 0xf2, 0x0, 0x6c,
    0x0, 0x0, 0x0, 0xe2, 0x0, 0xf2, 0x0, 0x6d,
    0x0, 0x0, 0x8, 0x90, 0x0, 0xe5, 0x0, 0x9a,
    0x0, 0x0, 0x2e, 0x10, 0x0, 0x8d, 0x13, 0xe4,
    0x0, 0x0, 0xa7, 0x0, 0x0, 0x9, 0xed, 0x60,

    /* U+0026 "&" */
    0x0, 0x5, 0xdf, 0xc2, 0x0, 0x0, 0x0, 0x3f,
    0x94, 0xcc, 0x0, 0x0, 0x0, 0x8f, 0x0, 0x6f,
    0x0, 0x0, 0x0, 0x8d, 0x0, 0x9b, 0x0, 0x0,
    0x0, 0x4f, 0x17, 0xe2, 0x0, 0x0, 0x0, 0xe,
    0xdc, 0x10, 0x0, 0x0, 0x0, 0x7f, 0xf5, 0x0,
    0x0, 0xe8, 0x9, 0xf6, 0xaf, 0x20, 0x5, 0xf2,
    0x2f, 0x90, 0xc, 0xe2, 0xd, 0xb0, 0x4f, 0x50,
    0x1, 0xcf, 0xaf, 0x20, 0x2f, 0x90, 0x0, 0x1e,
    0xfb, 0x0, 0xa, 0xfa, 0x57, 0xcf, 0xaf, 0xe7,
    0x0, 0x6d, 0xfd, 0xa2, 0x2, 0x99,

    /* U+0027 "'" */
    0x5f, 0x55, 0xf5, 0x4f, 0x32, 0xf2, 0x1f, 0x0,
    0x20,

    /* U+0028 "(" */
    0x0, 0x7, 0x10, 0x5, 0xe0, 0x0, 0xd7, 0x0,
    0x3f, 0x10, 0x9, 0xb0, 0x0, 0xd7, 0x0, 0x1f,
    0x40, 0x3, 0xf2, 0x0, 0x4f, 0x10, 0x5, 0xf0,
    0x0, 0x4f, 0x10, 0x3, 0xf2, 0x0, 0xf, 0x50,
    0x0, 0xd8, 0x0, 0x8, 0xc0, 0x0, 0x2f, 0x10,
    0x0, 0xc8, 0x0, 0x4, 0xf1, 0x0, 0x5, 0x0,

    /* U+0029 ")" */
    0x7, 0x0, 0x0, 0xd6, 0x0, 0x6, 0xe0, 0x0,
    0xf, 0x40, 0x0, 0xaa, 0x0, 0x6, 0xe0, 0x0,
    0x3f, 0x20, 0x0, 0xf4, 0x0, 0xf, 0x50, 0x0,
    0xf6, 0x0, 0xf, 0x50, 0x1, 0xf4, 0x0, 0x3f,
    0x10, 0x6, 0xe0, 0x0, 0xba, 0x0, 0x1f, 0x40,
    0x7, 0xd0, 0x0, 0xe5, 0x0, 0x5, 0x0, 0x0,

    /* U+002A "*" */
    0x0, 0x5b, 0x0, 0x2, 0x16, 0xc0, 0x30, 0x8f,
    0xff, 0xfd, 0x10, 0x3f, 0xf8, 0x0, 0x8, 0xd8,
    0xe0, 0x0, 0x92, 0x8, 0x20,

    /* U+002B "+" */
    0x0, 0x0, 0x0, 0x0, 0x0, 0x0, 0x0, 0xaa,
    0x0, 0x0, 0x0, 0x0, 0xaa, 0x0, 0x0, 0x0,
    0x0, 0xaa, 0x0, 0x0, 0x0, 0x0, 0xaa, 0x0,
    0x0, 0x4f, 0xff, 0xff, 0xff, 0xf5, 0x13, 0x33,
    0xbb, 0x33, 0x31, 0x0, 0x0, 0xaa, 0x0, 0x0,
    0x0, 0x0, 0xaa, 0x0, 0x0, 0x0, 0x0, 0xaa,
    0x0, 0x0,

    /* U+002C "," */
    0x0, 0x30, 0x7, 0xfa, 0x5, 0xfe, 0x0, 0x6d,
    0x1, 0xd7, 0xd, 0xa0, 0x2, 0x0,

    /* U+002D "-" */
    0x0, 0x0, 0x0, 0x2f, 0xff, 0xf6, 0x3, 0x33,
    0x31,

    /* U+002E "." */
    0x16, 0x19, 0xf9, 0x5e, 0x50,

    /* U+002F "/" */
    0x0, 0x0, 0x8, 0x90, 0x0, 0x0, 0xd5, 0x0,
    0x0, 0x2f, 0x0, 0x0, 0x7, 0xb0, 0x0, 0x0,
    0xc6, 0x0, 0x0, 0x1f, 0x10, 0x0, 0x6, 0xc0,
    0x0, 0x0, 0xb7, 0x0, 0x0, 0xf, 0x20, 0x0,
    0x5, 0xd0, 0x0, 0x0, 0xa8, 0x0, 0x0, 0xe,
    0x30, 0x0, 0x4, 0xe0, 0x0, 0x0, 0x9a, 0x0,
    0x0, 0xd, 0x50, 0x0, 0x2, 0xf0, 0x0, 0x0,
    0x7b, 0x0, 0x0, 0x5, 0x30, 0x0, 0x0,

    /* U+0030 "0" */
    0x0, 0x9, 0xee, 0x90, 0x0, 0x0, 0xce, 0x77,
    0xec, 0x0, 0x5, 0xf4, 0x0, 0x4f, 0x50, 0xb,
    0xd0, 0x0, 0xd, 0xb0, 0xe, 0xa0, 0x0, 0xa,
    0xe0, 0xf, 0x80, 0x0, 0x8, 0xf0, 0x1f, 0x80,
    0x0, 0x7, 0xf1, 0xf, 0x80, 0x0, 0x8, 0xf0,
    0xe, 0xa0, 0x0, 0xa, 0xe0, 0xb, 0xe0, 0x0,
    0xd, 0xb0, 0x5, 0xf4, 0x0, 0x4f, 0x50, 0x0,
    0xce, 0x77, 0xec, 0x0, 0x0, 0x9, 0xee, 0x90,
    0x0,

    /* U+0031 "1" */
    0x2, 0x6d, 0xf2, 0x0, 0xc, 0xff, 0xf2, 0x0,
    0x0, 0x7, 0xf2, 0x0, 0x0, 0x7, 0xf2, 0x0,
    0x0, 0x7, 0xf2, 0x0, 0x0, 0x7, 0xf2, 0x0,
    0x0, 0x7, 0xf2, 0x0, 0x0, 0x7, 0xf2, 0x0,
    0x0, 0x7, 0xf2, 0x0, 0x0, 0x7, 0xf2, 0x0,
    0x0, 0x7, 0xf2, 0x0, 0x25, 0x5a, 0xf7, 0x54,
    0x6f, 0xff, 0xff, 0xfc,

    /* U+0032 "2" */
    0x0, 0x6d, 0xfd, 0x80, 0x0, 0xa, 0xf9, 0x69,
    0xfb, 0x0, 0x8, 0x20, 0x0, 0x8f, 0x30, 0x0,
    0x0, 0x0, 0x3f, 0x60, 0x0, 0x0, 0x0, 0x4f,
    0x40, 0x0, 0x0, 0x0, 0x8f, 0x10, 0x0, 0x0,
    0x1, 0xf9, 0x0, 0x0, 0x0, 0xb, 0xe1, 0x0,
    0x0, 0x0, 0x8f, 0x40, 0x0, 0x0, 0x7, 0xf6,
    0x0, 0x0, 0x0, 0x8f, 0x60, 0x0, 0x0, 0xa,
    0xfb, 0x56, 0x66, 0x60, 0x3f, 0xff, 0xff, 0xff,
    0xf1,

    /* U+0033 "3" */
    0x0, 0x6b, 0xfe, 0xa3, 0x0, 0xae, 0x86, 0x9e,
    0xf2, 0x1, 0x10, 0x0, 0x4f, 0x70, 0x0, 0x0,
    0x4, 0xf6, 0x0, 0x0, 0x26, 0xeb, 0x0, 0x0,
    0xcf, 0xf9, 0x0, 0x0, 0x3, 0x59, 0xfc, 0x10,
    0x0, 0x0, 0x3, 0xf9, 0x0, 0x0, 0x0, 0xc,
    0xe0, 0x0, 0x0, 0x0, 0xce, 0x1b, 0x10, 0x0,
    0x2f, 0xa2, 0xde, 0xa6, 0x8e, 0xf2, 0x0, 0x8d,
    0xfe, 0xa2, 0x0,

    /* U+0034 "4" */
    0x0, 0x0, 0x7, 0xfa, 0x0, 0x0, 0x0, 0x2f,
    0xfa, 0x0, 0x0, 0x0, 0xcb, 0xda, 0x0, 0x0,
    0x8, 0xf2, 0xda, 0x0, 0x0, 0x3f, 0x70, 0xda,
    0x0, 0x0, 0xdc, 0x0, 0xda, 0x0, 0x8, 0xf1,
    0x0, 0xda, 0x0, 0x3f, 0x60, 0x0, 0xeb, 0x0,
    0xaf, 0xff, 0xff, 0xff, 0xf6, 0x23, 0x33, 0x33,
    0xec, 0x31, 0x0, 0x0, 0x0, 0xda, 0x0, 0x0,
    0x0, 0x0, 0xda, 0x0, 0x0, 0x0, 0x0, 0xda,
    0x0,

    /* U+0035 "5" */
    0x0, 0xff, 0xff, 0xff, 0x60, 0x2, 0xfa, 0x66,
    0x66, 0x20, 0x3, 0xf4, 0x0, 0x0, 0x0, 0x4,
    0xf2, 0x0, 0x0, 0x0, 0x6, 0xfb, 0xff, 0xb3,
    0x0, 0x4, 0xd7, 0x46, 0xef, 0x20, 0x0, 0x0,
    0x0, 0x2f, 0xb0, 0x0, 0x0, 0x0, 0xc, 0xe0,
    0x0, 0x0, 0x0, 0xa, 0xf0, 0x0, 0x0, 0x0,
    0xd, 0xd0, 0x1a, 0x10, 0x0, 0x5f, 0x80, 0x3e,
    0xe9, 0x69, 0xfd, 0x0, 0x1, 0x9d, 0xfd, 0x80,
    0x0,

    /* U+0036 "6" */
    0x0, 0x3b, 0xed, 0xa1, 0x0, 0x6f, 0xc7, 0x7d,
    0xa0, 0xe, 0xa0, 0x0, 0x0, 0x7, 0xf2, 0x0,
    0x0, 0x0, 0xcc, 0x0, 0x0, 0x0, 0xe, 0xa3,
    0xbf, 0xd7, 0x0, 0xfd, 0xd6, 0x48, 0xf8, 0xe,
    0xd0, 0x0, 0xa, 0xf0, 0xcb, 0x0, 0x0, 0x6f,
    0x29, 0xe0, 0x0, 0x6, 0xf1, 0x2f, 0x60, 0x0,
    0xce, 0x0, 0x9f, 0x85, 0xaf, 0x50, 0x0, 0x7c,
    0xfc, 0x40, 0x0,

    /* U+0037 "7" */
    0x1f, 0xff, 0xff, 0xff, 0xf2, 0x6, 0x66, 0x66,
    0x6e, 0xc0, 0x0, 0x0, 0x0, 0x6f, 0x20, 0x0,
    0x0, 0x1, 0xe7, 0x0, 0x0, 0x0, 0x8, 0xe0,
    0x0, 0x0, 0x0, 0xe, 0x80, 0x0, 0x0, 0x0,
    0x5f, 0x20, 0x0, 0x0, 0x0, 0xae, 0x0, 0x0,
    0x0, 0x0, 0xdb, 0x0, 0x0, 0x0, 0x1, 0xf8,
    0x0, 0x0, 0x0, 0x3, 0xf7, 0x0, 0x0, 0x0,
    0x4, 0xf6, 0x0, 0x0, 0x0, 0x6, 0xf5, 0x0,
    0x0,

    /* U+0038 "8" */
    0x0, 0x2a, 0xee, 0xb3, 0x0, 0x1, 0xed, 0x54,
    0xbf, 0x20, 0x6, 0xf2, 0x0, 0xe, 0x80, 0x7,
    0xf0, 0x0, 0xc, 0xa0, 0x3, 0xf5, 0x0, 0xe,
    0x60, 0x0, 0x6f, 0x81, 0x8b, 0x0, 0x0, 0x4e,
    0xdf, 0xf3, 0x0, 0x5, 0xe4, 0x3, 0xcf, 0x40,
    0xe, 0x80, 0x0, 0xc, 0xe0, 0x1f, 0x50, 0x0,
    0x7, 0xf1, 0xf, 0x90, 0x0, 0xa, 0xf0, 0x7,
    0xfa, 0x44, 0x9f, 0x70, 0x0, 0x4c, 0xee, 0xc5,
    0x0,

    /* U+0039 "9" */
    0x0, 0x4c, 0xfc, 0x70, 0x0, 0x4, 0xfa, 0x58,
    0xfa, 0x0, 0xd, 0xc0, 0x0, 0x5f, 0x30, 0x1f,
    0x60, 0x0, 0xe, 0xa0, 0x2f, 0x60, 0x0, 0xa,
    0xd0, 0xf, 0x90, 0x0, 0xc, 0xf0, 0x9, 0xf5,
    0x13, 0xce, 0xf0, 0x1, 0xaf, 0xfe, 0x6a, 0xe0,
    0x0, 0x0, 0x20, 0xc, 0xc0, 0x0, 0x0, 0x0,
    0x1f, 0x70, 0x0, 0x0, 0x0, 0xaf, 0x10, 0xa,
    0xd7, 0x6b, 0xf6, 0x0, 0x1, 0x9d, 0xeb, 0x30,
    0x0,

    /* U+003A ":" */
    0x5e, 0x59, 0xf9, 0x16, 0x10, 0x0, 0x0, 0x0,
    0x0, 0x0, 0x1, 0x61, 0x9f, 0x95, 0xe5,

    /* U+003B ";" */
    0x5, 0xe5, 0x9, 0xf9, 0x1, 0x61, 0x0, 0x0,
    0x0, 0x0, 0x0, 0x0, 0x0, 0x0, 0x0, 0x30,
    0x7, 0xfa, 0x5, 0xfe, 0x0, 0x6d, 0x1, 0xd7,
    0xd, 0xa0, 0x2, 0x0,

    /* U+003C "<" */
    0x0, 0x0, 0x0, 0x0, 0x53, 0x0, 0x0, 0x2,
    0x9e, 0xf4, 0x0, 0x6, 0xcf, 0xc6, 0x0, 0x19,
    0xfe, 0x82, 0x0, 0x0, 0x4f, 0xc3, 0x0, 0x0,
    0x0, 0x4, 0xbf, 0xd7, 0x10, 0x0, 0x0, 0x1,
    0x7d, 0xfb, 0x50, 0x0, 0x0, 0x0, 0x4a, 0xf5,
    0x0, 0x0, 0x0, 0x0, 0x11,

    /* U+003D "=" */
    0x4f, 0xff, 0xff, 0xff, 0xf5, 0x13, 0x33, 0x33,
    0x33, 0x31, 0x0, 0x0, 0x0, 0x0, 0x0, 0x0,
    0x0, 0x0, 0x0, 0x0, 0x4f, 0xff, 0xff, 0xff,
    0xf5, 0x13, 0x33, 0x33, 0x33, 0x31,

    /* U+003E ">" */
    0x35, 0x0, 0x0, 0x0, 0x0, 0x3f, 0xe9, 0x30,
    0x0, 0x0, 0x0, 0x6c, 0xfc, 0x60, 0x0, 0x0,
    0x0, 0x28, 0xef, 0x91, 0x0, 0x0, 0x0, 0x3d,
    0xf5, 0x0, 0x1, 0x7d, 0xfb, 0x40, 0x5, 0xbf,
    0xd7, 0x10, 0x0, 0x4f, 0xa4, 0x0, 0x0, 0x0,
    0x11, 0x0, 0x0, 0x0, 0x0,

    /* U+003F "?" */
    0x1, 0x9d, 0xfc, 0x40, 0xd, 0xd7, 0x7d, 0xf2,
    0x2, 0x0, 0x4, 0xf7, 0x0, 0x0, 0x2, 0xf7,
    0x0, 0x0, 0x9, 0xf1, 0x0, 0x0, 0x6f, 0x50,
    0x0, 0x2, 0xf8, 0x0, 0x0, 0xa, 0xe0, 0x0,
    0x0, 0xc, 0xa0, 0x0, 0x0, 0x0, 0x0, 0x0,
    0x0, 0x4, 0x40, 0x0, 0x0, 0x1f, 0xf1, 0x0,
    0x0, 0xc, 0xc0, 0x0,

    /* U+0040 "@" */
    0x0, 0x0, 0x7, 0xce, 0xfc, 0xa4, 0x0, 0x0,
    0x0, 0x5e, 0xc6, 0x22, 0x58, 0xfa, 0x0, 0x0,
    0x7f, 0x70, 0x0, 0x0, 0x2, 0xca, 0x0, 0x5f,
    0x30, 0x0, 0x0, 0x0, 0x2, 0xf4, 0xe, 0x90,
    0x0, 0x9d, 0xd9, 0xb0, 0x9, 0xa5, 0xe0, 0x0,
    0xcb, 0x13, 0xf8, 0x0, 0x5c, 0xa9, 0x0, 0x6e,
    0x0, 0xe, 0x50, 0x3, 0xfd, 0x50, 0xc, 0x80,
    0x1, 0xf3, 0x0, 0x4d, 0xf4, 0x0, 0xf5, 0x0,
    0x3f, 0x0, 0x6, 0xbe, 0x50, 0xf, 0x60, 0x6,
    0xe0, 0x0, 0xd5, 0xd7, 0x0, 0xac, 0x5, 0xcf,
    0x31, 0xab, 0x9, 0xb0, 0x1, 0xbe, 0x90, 0x6d,
    0xd8, 0x0, 0x2f, 0x50, 0x0, 0x0, 0x0, 0x0,
    0x0, 0x0, 0x7e, 0x30, 0x0, 0x0, 0x0, 0x0,
    0x0, 0x0, 0x8f, 0x93, 0x10, 0x26, 0x80, 0x0,
    0x0, 0x0, 0x3a, 0xef, 0xff, 0xb4, 0x0, 0x0,
    0x0, 0x0, 0x0, 0x1, 0x0, 0x0, 0x0, 0x0,

    /* U+0041 "A" */
    0x0, 0x0, 0xaf, 0x80, 0x0, 0x0, 0x0, 0xf,
    0xde, 0x0, 0x0, 0x0, 0x5, 0xf4, 0xf3, 0x0,
    0x0, 0x0, 0xac, 0xe, 0x90, 0x0, 0x0, 0xf,
    0x70, 0x9e, 0x0, 0x0, 0x5, 0xf3, 0x5, 0xf4,
    0x0, 0x0, 0xbe, 0x0, 0xf, 0xa0, 0x0, 0x1f,
    0x90, 0x0, 0xbf, 0x0, 0x6, 0xff, 0xff, 0xff,
    0xf5, 0x0, 0xbe, 0x43, 0x33, 0x4f, 0xa0, 0x1f,
    0x90, 0x0, 0x0, 0xbf, 0x6, 0xf4, 0x0, 0x0,
    0x6, 0xf5, 0xce, 0x0, 0x0, 0x0, 0x1f, 0xb0,

    /* U+0042 "B" */
    0x2f, 0xff, 0xfe, 0xd8, 0x0, 0x2, 0xfa, 0x45,
    0x69, 0xfc, 0x0, 0x2f, 0x70, 0x0, 0x8, 0xf2,
    0x2, 0xf7, 0x0, 0x0, 0x7f, 0x10, 0x2f, 0x70,
    0x2, 0x6f, 0x90, 0x2, 0xff, 0xff, 0xff, 0xb1,
    0x0, 0x2f, 0x93, 0x34, 0x7e, 0xe3, 0x2, 0xf7,
    0x0, 0x0, 0x1e, 0xb0, 0x2f, 0x70, 0x0, 0x0,
    0xbf, 0x2, 0xf7, 0x0, 0x0, 0xc, 0xe0, 0x2f,
    0x70, 0x0, 0x3, 0xfa, 0x2, 0xfa, 0x55, 0x69,
    0xfe, 0x10, 0x2f, 0xff, 0xff, 0xc8, 0x10, 0x0,

    /* U+0043 "C" */
    0x0, 0x7, 0xbe, 0xda, 0x30, 0x1, 0xcf, 0xc8,
    0x9d, 0xf3, 0xb, 0xf5, 0x0, 0x0, 0x50, 0x5f,
    0x80, 0x0, 0x0, 0x0, 0xaf, 0x10, 0x0, 0x0,
    0x0, 0xce, 0x0, 0x0, 0x0, 0x0, 0xec, 0x0,
    0x0, 0x0, 0x0, 0xce, 0x0, 0x0, 0x0, 0x0,
    0xaf, 0x10, 0x0, 0x0, 0x0, 0x5f, 0x80, 0x0,
    0x0, 0x0, 0xc, 0xf5, 0x0, 0x0, 0x73, 0x2,
    0xdf, 0xc8, 0x9c, 0xf5, 0x0, 0x7, 0xbe, 0xda,
    0x30,

    /* U+0044 "D" */
    0x2f, 0xff, 0xec, 0x92, 0x0, 0x2, 0xfa, 0x56,
    0x9e, 0xf7, 0x0, 0x2f, 0x70, 0x0, 0x1c, 0xf3,
    0x2, 0xf7, 0x0, 0x0, 0x2f, 0xc0, 0x2f, 0x70,
    0x0, 0x0, 0xaf, 0x2, 0xf7, 0x0, 0x0, 0x8,
    0xf2, 0x2f, 0x70, 0x0, 0x0, 0x6f, 0x42, 0xf7,
    0x0, 0x0, 0x8, 0xf2, 0x2f, 0x70, 0x0, 0x0,
    0xaf, 0x2, 0xf7, 0x0, 0x0, 0x2f, 0xc0, 0x2f,
    0x70, 0x0, 0x1c, 0xf3, 0x2, 0xfa, 0x57, 0x9f,
    0xf6, 0x0, 0x2f, 0xff, 0xfc, 0x92, 0x0, 0x0,

    /* U+0045 "E" */
    0x2f, 0xff, 0xff, 0xff, 0x62, 0xfa, 0x66, 0x66,
    0x62, 0x2f, 0x70, 0x0, 0x0, 0x2, 0xf7, 0x0,
    0x0, 0x0, 0x2f, 0x81, 0x11, 0x10, 0x2, 0xff,
    0xff, 0xff, 0x70, 0x2f, 0xa4, 0x44, 0x42, 0x2,
    0xf7, 0x0, 0x0, 0x0, 0x2f, 0x70, 0x0, 0x0,
    0x2, 0xf7, 0x0, 0x0, 0x0, 0x2f, 0x70, 0x0,
    0x0, 0x2, 0xfb, 0x66, 0x66, 0x64, 0x2f, 0xff,
    0xff, 0xff, 0x90,

    /* U+0046 "F" */
    0x2f, 0xff, 0xff, 0xff, 0x62, 0xfa, 0x66, 0x66,
    0x62, 0x2f, 0x70, 0x0, 0x0, 0x2, 0xf7, 0x0,
    0x0, 0x0, 0x2f, 0x70, 0x0, 0x0, 0x2, 0xf8,
    0x11, 0x11, 0x0, 0x2f, 0xff, 0xff, 0xf8, 0x2,
    0xf9, 0x44, 0x44, 0x20, 0x2f, 0x70, 0x0, 0x0,
    0x2, 0xf7, 0x0, 0x0, 0x0, 0x2f, 0x70, 0x0,
    0x0, 0x2, 0xf7, 0x0, 0x0, 0x0, 0x2f, 0x70,
    0x0, 0x0, 0x0,

    /* U+0047 "G" */
    0x0, 0x6, 0xbe, 0xeb, 0x60, 0x0, 0x1c, 0xfc,
    0x98, 0xbf, 0x90, 0xb, 0xf6, 0x0, 0x0, 0x31,
    0x5, 0xf8, 0x0, 0x0, 0x0, 0x0, 0x9f, 0x10,
    0x0, 0x0, 0x0, 0xc, 0xe0, 0x0, 0x1, 0x11,
    0x10, 0xec, 0x0, 0x4, 0xff, 0xff, 0xc, 0xe0,
    0x0, 0x14, 0x49, 0xf0, 0xaf, 0x10, 0x0, 0x0,
    0x7f, 0x5, 0xf8, 0x0, 0x0, 0x7, 0xf0, 0xb,
    0xf5, 0x0, 0x0, 0x8f, 0x0, 0x2c, 0xfc, 0x98,
    0xbf, 0xd0, 0x0, 0x7, 0xbe, 0xeb, 0x70, 0x0,

    /* U+0048 "H" */
    0x2f, 0x70, 0x0, 0x0, 0x5f, 0x42, 0xf7, 0x0,
    0x0, 0x5, 0xf4, 0x2f, 0x70, 0x0, 0x0, 0x5f,
    0x42, 0xf7, 0x0, 0x0, 0x5, 0xf4, 0x2f, 0x81,
    0x11, 0x11, 0x7f, 0x42, 0xff, 0xff, 0xff, 0xff,
    0xf4, 0x2f, 0xa4, 0x44, 0x44, 0x9f, 0x42, 0xf7,
    0x0, 0x0, 0x5, 0xf4, 0x2f, 0x70, 0x0, 0x0,
    0x5f, 0x42, 0xf7, 0x0, 0x0, 0x5, 0xf4, 0x2f,
    0x70, 0x0, 0x0, 0x5f, 0x42, 0xf7, 0x0, 0x0,
    0x5, 0xf4, 0x2f, 0x70, 0x0, 0x0, 0x5f, 0x40,

    /* U+0049 "I" */
    0x2f, 0x72, 0xf7, 0x2f, 0x72, 0xf7, 0x2f, 0x72,
    0xf7, 0x2f, 0x72, 0xf7, 0x2f, 0x72, 0xf7, 0x2f,
    0x72, 0xf7, 0x2f, 0x70,

    /* U+004A "J" */
    0x0, 0x0, 0x0, 0xce, 0x0, 0x0, 0x0, 0xce,
    0x0, 0x0, 0x0, 0xce, 0x0, 0x0, 0x0, 0xce,
    0x0, 0x0, 0x0, 0xce, 0x0, 0x0, 0x0, 0xce,
    0x0, 0x0, 0x0, 0xce, 0x0, 0x0, 0x0, 0xce,
    0x0, 0x0, 0x0, 0xce, 0x0, 0x0, 0x0, 0xdd,
    0x9, 0x20, 0x2, 0xfa, 0xd, 0xe9, 0x8e, 0xf3,
    0x1, 0xae, 0xec, 0x30,

    /* U+004B "K" */
    0x2f, 0x70, 0x0, 0x6, 0xf7, 0x2, 0xf7, 0x0,
    0x4, 0xfa, 0x0, 0x2f, 0x70, 0x2, 0xec, 0x0,
    0x2, 0xf7, 0x1, 0xde, 0x10, 0x0, 0x2f, 0x70,
    0xbf, 0x30, 0x0, 0x2, 0xf7, 0x9f, 0xf2, 0x0,
    0x0, 0x2f, 0xdf, 0x9f, 0xb0, 0x0, 0x2, 0xff,
    0xa0, 0x8f, 0x40, 0x0, 0x2f, 0xc0, 0x0, 0xed,
    0x0, 0x2, 0xf7, 0x0, 0x5, 0xf7, 0x0, 0x2f,
    0x70, 0x0, 0xc, 0xf1, 0x2, 0xf7, 0x0, 0x0,
    0x3f, 0xa0, 0x2f, 0x70, 0x0, 0x0, 0x9f, 0x40,

    /* U+004C "L" */
    0x2f, 0x70, 0x0, 0x0, 0x2, 0xf7, 0x0, 0x0,
    0x0, 0x2f, 0x70, 0x0, 0x0, 0x2, 0xf7, 0x0,
    0x0, 0x0, 0x2f, 0x70, 0x0, 0x0, 0x2, 0xf7,
    0x0, 0x0, 0x0, 0x2f, 0x70, 0x0, 0x0, 0x2,
    0xf7, 0x0, 0x0, 0x0, 0x2f, 0x70, 0x0, 0x0,
    0x2, 0xf7, 0x0, 0x0, 0x0, 0x2f, 0x70, 0x0,
    0x0, 0x2, 0xfb, 0x66, 0x66, 0x61, 0x2f, 0xff,
    0xff, 0xff, 0x30,

    /* U+004D "M" */
    0x2f, 0xf0, 0x0, 0x0, 0x6, 0xfc, 0x2f, 0xf5,
    0x0, 0x0, 0xb, 0xfc, 0x2f, 0xbb, 0x0, 0x0,
    0x1f, 0xbc, 0x2f, 0x7f, 0x10, 0x0, 0x7d, 0xac,
    0x2f, 0x4e, 0x70, 0x0, 0xd7, 0xbc, 0x2f, 0x48,
    0xc0, 0x3, 0xf1, 0xbc, 0x2f, 0x42, 0xf2, 0x8,
    0xb0, 0xbc, 0x2f, 0x40, 0xd8, 0xe, 0x60, 0xbc,
    0x2f, 0x40, 0x7e, 0x3f, 0x0, 0xbc, 0x2f, 0x40,
    0x1f, 0xca, 0x0, 0xbc, 0x2f, 0x40, 0xb, 0xf4,
    0x0, 0xbc, 0x2f, 0x40, 0x4, 0xa0, 0x0, 0xbc,
    0x2f, 0x40, 0x0, 0x0, 0x0, 0xbc,

    /* U+004E "N" */
    0x2f, 0xc0, 0x0, 0x0, 0x6f, 0x32, 0xff, 0x60,
    0x0, 0x6, 0xf3, 0x2f, 0xbe, 0x10, 0x0, 0x6f,
    0x32, 0xf5, 0xe9, 0x0, 0x6, 0xf3, 0x2f, 0x47,
    0xf2, 0x0, 0x6f, 0x32, 0xf5, 0xd, 0xb0, 0x6,
    0xf3, 0x2f, 0x60, 0x5f, 0x50, 0x6f, 0x32, 0xf6,
    0x0, 0xbe, 0x5, 0xf3, 0x2f, 0x60, 0x2, 0xf7,
    0x4f, 0x32, 0xf6, 0x0, 0x9, 0xf4, 0xf3, 0x2f,
    0x60, 0x0, 0x1e, 0xbf, 0x32, 0xf6, 0x0, 0x0,
    0x6f, 0xf3, 0x2f, 0x60, 0x0, 0x0, 0xcf, 0x30,

    /* U+004F "O" */
    0x0, 0x8, 0xcf, 0xda, 0x20, 0x0, 0x2, 0xdf,
    0xb8, 0xae, 0xf6, 0x0, 0xd, 0xf4, 0x0, 0x1,
    0xcf, 0x20, 0x6f, 0x70, 0x0, 0x0, 0x2f, 0xb0,
    0xaf, 0x0, 0x0, 0x0, 0xa, 0xf0, 0xcd, 0x0,
    0x0, 0x0, 0x8, 0xf2, 0xec, 0x0, 0x0, 0x0,
    0x6, 0xf4, 0xce, 0x0, 0x0, 0x0, 0x8, 0xf2,
    0xaf, 0x10, 0x0, 0x0, 0xb, 0xf0, 0x5f, 0x70,
    0x0, 0x0, 0x2f, 0xb0, 0xc, 0xf4, 0x0, 0x1,
    0xcf, 0x20, 0x2, 0xdf, 0xb8, 0xae, 0xf6, 0x0,
    0x0, 0x8, 0xcf, 0xda, 0x20, 0x0,

    /* U+0050 "P" */
    0x2f, 0xff, 0xfe, 0xc7, 0x0, 0x2f, 0xa5, 0x56,
    0xaf, 0xc0, 0x2f, 0x70, 0x0, 0x7, 0xf4, 0x2f,
    0x70, 0x0, 0x3, 0xf7, 0x2f, 0x70, 0x0, 0x6,
    0xf4, 0x2f, 0x81, 0x12, 0x6f, 0xd0, 0x2f, 0xff,
    0xff, 0xfa, 0x10, 0x2f, 0x94, 0x42, 0x0, 0x0,
    0x2f, 0x70, 0x0, 0x0, 0x0, 0x2f, 0x70, 0x0,
    0x0, 0x0, 0x2f, 0x70, 0x0, 0x0, 0x0, 0x2f,
    0x70, 0x0, 0x0, 0x0, 0x2f, 0x70, 0x0, 0x0,
    0x0,

    /* U+0051 "Q" */
    0x0, 0x8, 0xcf, 0xda, 0x20, 0x0, 0x2, 0xdf,
    0xb8, 0xae, 0xf6, 0x0, 0xc, 0xf4, 0x0, 0x1,
    0xcf, 0x20, 0x5f, 0x70, 0x0, 0x0, 0x2f, 0xb0,
    0xaf, 0x10, 0x0, 0x0, 0xb, 0xf0, 0xce, 0x0,
    0x0, 0x0, 0x8, 0xf2, 0xec, 0x0, 0x0, 0x0,
    0x6, 0xf4, 0xdd, 0x0, 0x0, 0x0, 0x8, 0xf3,
    0xbf, 0x0, 0x0, 0x0, 0xa, 0xf0, 0x7f, 0x50,
    0x0, 0x0, 0xf, 0xc0, 0xe, 0xd1, 0x0, 0x0,
    0x8f, 0x50, 0x4, 0xfd, 0x52, 0x4a, 0xf9, 0x0,
    0x0, 0x3c, 0xff, 0xfe, 0x70, 0x0, 0x0, 0x0,
    0x1e, 0xe1, 0x0, 0x0, 0x0, 0x0, 0x5, 0xfd,
    0x62, 0x21, 0x0, 0x0, 0x0, 0x4c, 0xff, 0xf7,
    0x0, 0x0, 0x0, 0x0, 0x13, 0x30,

    /* U+0052 "R" */
    0x2f, 0xff, 0xff, 0xd8, 0x10, 0x2f, 0xa5, 0x56,
    0xaf, 0xd0, 0x2f, 0x70, 0x0, 0x6, 0xf5, 0x2f,
    0x70, 0x0, 0x2, 0xf7, 0x2f, 0x70, 0x0, 0x5,
    0xf6, 0x2f, 0x80, 0x12, 0x6e, 0xe0, 0x2f, 0xff,
    0xff, 0xfb, 0x20, 0x2f, 0x93, 0x4f, 0xd0, 0x0,
    0x2f, 0x70, 0x7, 0xf6, 0x0, 0x2f, 0x70, 0x0,
    0xde, 0x0, 0x2f, 0x70, 0x0, 0x5f, 0x80, 0x2f,
    0x70, 0x0, 0xc, 0xf1, 0x2f, 0x70, 0x0, 0x3,
    0xfa,

    /* U+0053 "S" */
    0x0, 0x8, 0xdf, 0xd9, 0x20, 0x0, 0xcf, 0xa7,
    0x9e, 0xf3, 0x5, 0xf6, 0x0, 0x0, 0x60, 0x7,
    0xf3, 0x0, 0x0, 0x0, 0x3, 0xfc, 0x10, 0x0,
    0x0, 0x0, 0x7f, 0xf9, 0x20, 0x0, 0x0, 0x2,
    0xaf, 0xfb, 0x20, 0x0, 0x0, 0x1, 0x8f, 0xf4,
    0x0, 0x0, 0x0, 0x2, 0xfc, 0x0, 0x0, 0x0,
    0x0, 0xce, 0x9, 0x70, 0x0, 0x2, 0xfb, 0x8,
    0xfd, 0xa7, 0x9f, 0xf2, 0x0, 0x3a, 0xef, 0xd9,
    0x20,

    /* U+0054 "T" */
    0x6f, 0xff, 0xff, 0xff, 0xff, 0x32, 0x66, 0x6a,
    0xf8, 0x66, 0x61, 0x0, 0x0, 0x7f, 0x30, 0x0,
    0x0, 0x0, 0x7, 0xf3, 0x0, 0x0, 0x0, 0x0,
    0x7f, 0x30, 0x0, 0x0, 0x0, 0x7, 0xf3, 0x0,
    0x0, 0x0, 0x0, 0x7f, 0x30, 0x0, 0x0, 0x0,
    0x7, 0xf3, 0x0, 0x0, 0x0, 0x0, 0x7f, 0x30,
    0x0, 0x0, 0x0, 0x7, 0xf3, 0x0, 0x0, 0x0,
    0x0, 0x7f, 0x30, 0x0, 0x0, 0x0, 0x7, 0xf3,
    0x0, 0x0, 0x0, 0x0, 0x7f, 0x30, 0x0, 0x0,

    /* U+0055 "U" */
    0x3f, 0x60, 0x0, 0x0, 0x5f, 0x33, 0xf6, 0x0,
    0x0, 0x5, 0xf3, 0x3f, 0x60, 0x0, 0x0, 0x5f,
    0x33, 0xf6, 0x0, 0x0, 0x5, 0xf3, 0x3f, 0x60,
    0x0, 0x0, 0x5f, 0x33, 0xf6, 0x0, 0x0, 0x5,
    0xf3, 0x3f, 0x60, 0x0, 0x0, 0x5f, 0x33, 0xf6,
    0x0, 0x0, 0x6, 0xf3, 0x1f, 0x80, 0x0, 0x0,
    0x7f, 0x10, 0xfb, 0x0, 0x0, 0xa, 0xf0, 0xa,
    0xf3, 0x0, 0x3, 0xfa, 0x0, 0x1e, 0xfa, 0x7a,
    0xfe, 0x10, 0x0, 0x19, 0xdf, 0xd9, 0x10, 0x0,

    /* U+0056 "V" */
    0xde, 0x0, 0x0, 0x0, 0x8f, 0x28, 0xf3, 0x0,
    0x0, 0xd, 0xd0, 0x3f, 0x70, 0x0, 0x2, 0xf8,
    0x0, 0xdc, 0x0, 0x0, 0x7f, 0x30, 0x8, 0xf1,
    0x0, 0xc, 0xd0, 0x0, 0x3f, 0x50, 0x1, 0xf8,
    0x0, 0x0, 0xea, 0x0, 0x6f, 0x30, 0x0, 0x9,
    0xe0, 0xb, 0xd0, 0x0, 0x0, 0x4f, 0x40, 0xf8,
    0x0, 0x0, 0x0, 0xf8, 0x4f, 0x30, 0x0, 0x0,
    0xa, 0xd9, 0xe0, 0x0, 0x0, 0x0, 0x5f, 0xf8,
    0x0, 0x0, 0x0, 0x0, 0xff, 0x30, 0x0, 0x0,

    /* U+0057 "W" */
    0x6f, 0x40, 0x0, 0xe, 0xd0, 0x0, 0x5, 0xf3,
    0x3f, 0x70, 0x0, 0x3f, 0xf1, 0x0, 0x9, 0xf0,
    0xf, 0xa0, 0x0, 0x7d, 0xf5, 0x0, 0xc, 0xc0,
    0xc, 0xd0, 0x0, 0xb8, 0xc9, 0x0, 0xf, 0x90,
    0x9, 0xf0, 0x0, 0xf5, 0x9d, 0x0, 0x3f, 0x50,
    0x5, 0xf3, 0x4, 0xf1, 0x5f, 0x10, 0x6f, 0x20,
    0x2, 0xf6, 0x8, 0xd0, 0x1f, 0x50, 0x9e, 0x0,
    0x0, 0xf9, 0xc, 0x90, 0xd, 0x90, 0xcb, 0x0,
    0x0, 0xbc, 0xf, 0x50, 0x9, 0xd0, 0xf8, 0x0,
    0x0, 0x8f, 0x3f, 0x10, 0x5, 0xf3, 0xf4, 0x0,
    0x0, 0x4f, 0x9d, 0x0, 0x1, 0xf9, 0xf1, 0x0,
    0x0, 0x1f, 0xf9, 0x0, 0x0, 0xdf, 0xe0, 0x0,
    0x0, 0xe, 0xf5, 0x0, 0x0, 0x9f, 0xa0, 0x0,

    /* U+0058 "X" */
    0x2f, 0xa0, 0x0, 0x4, 0xf7, 0x0, 0x9f, 0x30,
    0x0, 0xcd, 0x0, 0x1, 0xeb, 0x0, 0x5f, 0x50,
    0x0, 0x6, 0xf4, 0xd, 0xc0, 0x0, 0x0, 0xd,
    0xd5, 0xf3, 0x0, 0x0, 0x0, 0x4f, 0xfa, 0x0,
    0x0, 0x0, 0x0, 0xff, 0x40, 0x0, 0x0, 0x0,
    0x8e, 0xdc, 0x0, 0x0, 0x0, 0x2f, 0x74, 0xf6,
    0x0, 0x0, 0xa, 0xe0, 0xc, 0xe1, 0x0, 0x4,
    0xf6, 0x0, 0x3f, 0x90, 0x0, 0xdd, 0x0, 0x0,
    0xaf, 0x20, 0x6f, 0x50, 0x0, 0x1, 0xfb, 0x0,

    /* U+0059 "Y" */
    0xc, 0xe0, 0x0, 0x0, 0x6f, 0x50, 0x4f, 0x70,
    0x0, 0xd, 0xd0, 0x0, 0xce, 0x0, 0x4, 0xf5,
    0x0, 0x4, 0xf5, 0x0, 0xcd, 0x0, 0x0, 0xc,
    0xd0, 0x3f, 0x50, 0x0, 0x0, 0x4f, 0x4b, 0xd0,
    0x0, 0x0, 0x0, 0xcd, 0xf5, 0x0, 0x0, 0x0,
    0x4, 0xfd, 0x0, 0x0, 0x0, 0x0, 0xf, 0x90,
    0x0, 0x0, 0x0, 0x0, 0xf9, 0x0, 0x0, 0x0,
    0x0, 0xf, 0x90, 0x0, 0x0, 0x0, 0x0, 0xf9,
    0x0, 0x0, 0x0, 0x0, 0xf, 0x90, 0x0, 0x0,

    /* U+005A "Z" */
    0x7, 0xff, 0xff, 0xff, 0xfe, 0x0, 0x36, 0x66,
    0x66, 0x9f, 0x90, 0x0, 0x0, 0x0, 0xd, 0xe0,
    0x0, 0x0, 0x0, 0x8, 0xf4, 0x0, 0x0, 0x0,
    0x3, 0xf9, 0x0, 0x0, 0x0, 0x0, 0xce, 0x0,
    0x0, 0x0, 0x0, 0x7f, 0x40, 0x0, 0x0, 0x0,
    0x2f, 0xa0, 0x0, 0x0, 0x0, 0xc, 0xe1, 0x0,
    0x0, 0x0, 0x7, 0xf5, 0x0, 0x0, 0x0, 0x2,
    0xfa, 0x0, 0x0, 0x0, 0x0, 0xcf, 0x86, 0x66,
    0x66, 0x60, 0x1f, 0xff, 0xff, 0xff, 0xff, 0x0,

    /* U+005B "[" */
    0x1f, 0xff, 0x71, 0xf1, 0x0, 0x1f, 0x10, 0x1,
    0xf1, 0x0, 0x1f, 0x10, 0x1, 0xf1, 0x0, 0x1f,
    0x10, 0x1, 0xf1, 0x0, 0x1f, 0x10, 0x1, 0xf1,
    0x0, 0x1f, 0x10, 0x1, 0xf1, 0x0, 0x1f, 0x10,
    0x1, 0xf1, 0x0, 0x1f, 0x10, 0x1, 0xf1, 0x0,
    0x1f, 0xee, 0x60,

    /* U+005C "\\" */
    0x99, 0x0, 0x0, 0x4, 0xe0, 0x0, 0x0, 0xf,
    0x30, 0x0, 0x0, 0xa8, 0x0, 0x0, 0x5, 0xd0,
    0x0, 0x0, 0xf, 0x20, 0x0, 0x0, 0xb7, 0x0,
    0x0, 0x6, 0xc0, 0x0, 0x0, 0x1f, 0x10, 0x0,
    0x0, 0xc6, 0x0, 0x0, 0x8, 0xa0, 0x0, 0x0,
    0x3f, 0x0, 0x0, 0x0, 0xe4, 0x0, 0x0, 0x9,
    0x90, 0x0, 0x0, 0x4e, 0x0, 0x0, 0x0, 0xf3,
    0x0, 0x0, 0xa, 0x80, 0x0, 0x0, 0x36,

    /* U+005D "]" */
    0x5f, 0xff, 0x20, 0x0, 0xf2, 0x0, 0xf, 0x20,
    0x0, 0xf2, 0x0, 0xf, 0x20, 0x0, 0xf2, 0x0,
    0xf, 0x20, 0x0, 0xf2, 0x0, 0xf, 0x20, 0x0,
    0xf2, 0x0, 0xf, 0x20, 0x0, 0xf2, 0x0, 0xf,
    0x20, 0x0, 0xf2, 0x0, 0xf, 0x20, 0x0, 0xf2,
    0x5e, 0xef, 0x20,

    /* U+005E "^" */
    0x0, 0xe, 0xe0, 0x0, 0x0, 0x4f, 0xf4, 0x0,
    0x0, 0xb9, 0xaa, 0x0, 0x1, 0xf4, 0x4f, 0x10,
    0x7, 0xe0, 0xe, 0x60, 0xd, 0x80, 0x8, 0xd0,
    0x3f, 0x20, 0x3, 0xf3, 0x9d, 0x0, 0x0, 0xd9,

    /* U+005F "_" */
    0xbf, 0xff, 0xff, 0xff, 0xfc, 0x11, 0x11, 0x11,
    0x11, 0x11,

    /* U+0060 "`" */
    0x37, 0x40, 0x0, 0xb, 0xf2, 0x0, 0x0, 0xbd,
    0x0, 0x0, 0xc, 0xa0,

    /* U+0061 "a" */
    0x4, 0xad, 0xfc, 0x30, 0x4f, 0xb7, 0x7e, 0xf1,
    0x2, 0x0, 0x3, 0xf7, 0x0, 0x0, 0x2, 0xfa,
    0x1, 0x7c, 0xfe, 0xfa, 0x3e, 0xc5, 0x10, 0xea,
    0xbd, 0x0, 0x0, 0xea, 0xeb, 0x0, 0x3, 0xfa,
    0xaf, 0x96, 0x9e, 0xea, 0x1a, 0xed, 0x91, 0xba,

    /* U+0062 "b" */
    0x5f, 0x40, 0x0, 0x0, 0x0, 0x5f, 0x40, 0x0,
    0x0, 0x0, 0x5f, 0x40, 0x0, 0x0, 0x0, 0x5f,
    0x40, 0x0, 0x0, 0x0, 0x5f, 0x47, 0xce, 0xc4,
    0x0, 0x5f, 0xed, 0x88, 0xef, 0x40, 0x5f, 0x90,
    0x0, 0x1f, 0xc0, 0x5f, 0x40, 0x0, 0xa, 0xf0,
    0x5f, 0x40, 0x0, 0x8, 0xf2, 0x5f, 0x40, 0x0,
    0x9, 0xf1, 0x5f, 0x40, 0x0, 0xc, 0xe0, 0x5f,
    0x60, 0x0, 0x4f, 0x90, 0x5f, 0xea, 0x69, 0xfe,
    0x10, 0x5f, 0x19, 0xee, 0x91, 0x0,

    /* U+0063 "c" */
    0x0, 0x6, 0xcf, 0xd8, 0x0, 0xb, 0xfb, 0x78,
    0xe3, 0x6, 0xf7, 0x0, 0x0, 0x0, 0xce, 0x0,
    0x0, 0x0, 0xf, 0xb0, 0x0, 0x0, 0x0, 0xfb,
    0x0, 0x0, 0x0, 0xd, 0xe0, 0x0, 0x0, 0x0,
    0x7f, 0x60, 0x0, 0x0, 0x0, 0xcf, 0xa6, 0x8e,
    0x60, 0x0, 0x8c, 0xfd, 0x70,

    /* U+0064 "d" */
    0x0, 0x0, 0x0, 0x2, 0xf7, 0x0, 0x0, 0x0,
    0x2, 0xf7, 0x0, 0x0, 0x0, 0x2, 0xf7, 0x0,
    0x0, 0x0, 0x2, 0xf7, 0x0, 0x8, 0xde, 0xb4,
    0xf7, 0x0, 0xcf, 0xa7, 0x9f, 0xf7, 0x7, 0xf7,
    0x0, 0x4, 0xf7, 0xc, 0xe0, 0x0, 0x2, 0xf7,
    0xf, 0xb0, 0x0, 0x2, 0xf7, 0xf, 0xb0, 0x0,
    0x2, 0xf7, 0xd, 0xd0, 0x0, 0x2, 0xf7, 0x9,
    0xf4, 0x0, 0x6, 0xf7, 0x1, 0xef, 0x97, 0xbe,
    0xf7, 0x0, 0x1a, 0xed, 0x91, 0xe7,

    /* U+0065 "e" */
    0x0, 0x7, 0xdf, 0xc5, 0x0, 0x0, 0xce, 0x75,
    0x9f, 0x50, 0x6, 0xf2, 0x0, 0x9, 0xe0, 0xc,
    0xa0, 0x0, 0x4, 0xf1, 0xf, 0xff, 0xff, 0xff,
    0xf3, 0xf, 0xa2, 0x22, 0x22, 0x20, 0xc, 0xd0,
    0x0, 0x0, 0x0, 0x7, 0xf6, 0x0, 0x0, 0x0,
    0x0, 0xcf, 0xa5, 0x6a, 0x80, 0x0, 0x7, 0xcf,
    0xda, 0x20,

    /* U+0066 "f" */
    0x0, 0x2c, 0xfd, 0x30, 0xd, 0xf7, 0x60, 0x0,
    0xfa, 0x0, 0x0, 0x1f, 0x80, 0x0, 0x8f, 0xff,
    0xfa, 0x2, 0x6f, 0xb5, 0x30, 0x1, 0xf8, 0x0,
    0x0, 0x1f, 0x80, 0x0, 0x1, 0xf8, 0x0, 0x0,
    0x1f, 0x80, 0x0, 0x1, 0xf8, 0x0, 0x0, 0x1f,
    0x80, 0x0, 0x1, 0xf8, 0x0, 0x0, 0x1f, 0x80,
    0x0,

    /* U+0067 "g" */
    0x0, 0x3b, 0xef, 0xff, 0xfb, 0x3, 0xfb, 0x44,
    0xcf, 0x53, 0x9, 0xf0, 0x0, 0x2f, 0x60, 0x9,
    0xe0, 0x0, 0x1f, 0x60, 0x3, 0xf8, 0x1, 0xaf,
    0x20, 0x0, 0xae, 0xff, 0xd4, 0x0, 0x3, 0xf1,
    0x0, 0x0, 0x0, 0x7, 0xf0, 0x0, 0x0, 0x0,
    0x4, 0xfa, 0x55, 0x54, 0x0, 0x0, 0xde, 0xff,
    0xff, 0xf5, 0xa, 0xb0, 0x0, 0x3, 0xed, 0xf,
    0x70, 0x0, 0x0, 0xdb, 0xc, 0xe6, 0x22, 0x5c,
    0xe2, 0x0, 0x8d, 0xfe, 0xc8, 0x10,

    /* U+0068 "h" */
    0x5f, 0x40, 0x0, 0x0, 0x5, 0xf4, 0x0, 0x0,
    0x0, 0x5f, 0x40, 0x0, 0x0, 0x5, 0xf4, 0x0,
    0x0, 0x0, 0x5f, 0x45, 0xbf, 0xc3, 0x5, 0xfb,
    0xe9, 0x8f, 0xe0, 0x5f, 0xb1, 0x0, 0x7f, 0x55,
    0xf4, 0x0, 0x3, 0xf6, 0x5f, 0x40, 0x0, 0x2f,
    0x75, 0xf4, 0x0, 0x2, 0xf7, 0x5f, 0x40, 0x0,
    0x2f, 0x75, 0xf4, 0x0, 0x2, 0xf7, 0x5f, 0x40,
    0x0, 0x2f, 0x75, 0xf4, 0x0, 0x2, 0xf7,

    /* U+0069 "i" */
    0x5e, 0x46, 0xf5, 0x1, 0x0, 0x0, 0x5f, 0x45,
    0xf4, 0x5f, 0x45, 0xf4, 0x5f, 0x45, 0xf4, 0x5f,
    0x45, 0xf4, 0x5f, 0x45, 0xf4,

    /* U+006A "j" */
    0x0, 0x5e, 0x40, 0x6, 0xf6, 0x0, 0x1, 0x0,
    0x0, 0x0, 0x0, 0x5f, 0x40, 0x5, 0xf4, 0x0,
    0x5f, 0x40, 0x5, 0xf4, 0x0, 0x5f, 0x40, 0x5,
    0xf4, 0x0, 0x5f, 0x40, 0x5, 0xf4, 0x0, 0x5f,
    0x40, 0x5, 0xf4, 0x0, 0x5f, 0x40, 0x7, 0xf3,
    0x35, 0xdf, 0x9, 0xfd, 0x40,

    /* U+006B "k" */
    0x5f, 0x40, 0x0, 0x0, 0x5, 0xf4, 0x0, 0x0,
    0x0, 0x5f, 0x40, 0x0, 0x0, 0x5, 0xf4, 0x0,
    0x0, 0x0, 0x5f, 0x40, 0x0, 0xdd, 0x15, 0xf4,
    0x0, 0xbf, 0x20, 0x5f, 0x40, 0x7f, 0x40, 0x5,
    0xf4, 0x4f, 0x70, 0x0, 0x5f, 0x6e, 0xf5, 0x0,
    0x5, 0xff, 0xcb, 0xe0, 0x0, 0x5f, 0xe1, 0x2f,
    0x90, 0x5, 0xf5, 0x0, 0x8f, 0x30, 0x5f, 0x40,
    0x0, 0xec, 0x5, 0xf4, 0x0, 0x5, 0xf7,

    /* U+006C "l" */
    0x5f, 0x40, 0x5f, 0x40, 0x5f, 0x40, 0x5f, 0x40,
    0x5f, 0x40, 0x5f, 0x40, 0x5f, 0x40, 0x5f, 0x40,
    0x5f, 0x40, 0x5f, 0x40, 0x5f, 0x40, 0x5f, 0x50,
    0x2f, 0xa0, 0xb, 0xf3,

    /* U+006D "m" */
    0x5f, 0x6, 0xcf, 0xb1, 0x6, 0xde, 0xa1, 0x5,
    0xfb, 0xd8, 0xaf, 0xb9, 0xd8, 0xaf, 0xa0, 0x5f,
    0xb0, 0x0, 0xbf, 0xa0, 0x0, 0xcf, 0x5, 0xf4,
    0x0, 0x7, 0xf3, 0x0, 0x8, 0xf1, 0x5f, 0x40,
    0x0, 0x6f, 0x30, 0x0, 0x8f, 0x25, 0xf4, 0x0,
    0x6, 0xf3, 0x0, 0x7, 0xf2, 0x5f, 0x40, 0x0,
    0x6f, 0x30, 0x0, 0x7f, 0x25, 0xf4, 0x0, 0x6,
    0xf3, 0x0, 0x7, 0xf2, 0x5f, 0x40, 0x0, 0x6f,
    0x30, 0x0, 0x7f, 0x25, 0xf4, 0x0, 0x6, 0xf3,
    0x0, 0x7, 0xf2,

    /* U+006E "n" */
    0x5f, 0x5, 0xbf, 0xc3, 0x5, 0xfa, 0xe9, 0x8f,
    0xe0, 0x5f, 0xb1, 0x0, 0x7f, 0x55, 0xf4, 0x0,
    0x3, 0xf6, 0x5f, 0x40, 0x0, 0x2f, 0x75, 0xf4,
    0x0, 0x2, 0xf7, 0x5f, 0x40, 0x0, 0x2f, 0x75,
    0xf4, 0x0, 0x2, 0xf7, 0x5f, 0x40, 0x0, 0x2f,
    0x75, 0xf4, 0x0, 0x2, 0xf7,

    /* U+006F "o" */
    0x0, 0x7, 0xcf, 0xc6, 0x0, 0x0, 0xcf, 0xa7,
    0xaf, 0xa0, 0x7, 0xf6, 0x0, 0x7, 0xf5, 0xc,
    0xe0, 0x0, 0x0, 0xeb, 0xf, 0xb0, 0x0, 0x0,
    0xce, 0xf, 0xb0, 0x0, 0x0, 0xce, 0xc, 0xd0,
    0x0, 0x0, 0xeb, 0x7, 0xf6, 0x0, 0x7, 0xf5,
    0x0, 0xcf, 0x96, 0xaf, 0xa0, 0x0, 0x7, 0xdf,
    0xc6, 0x0,

    /* U+0070 "p" */
    0x5f, 0x17, 0xce, 0xc4, 0x0, 0x5f, 0xdd, 0x88,
    0xef, 0x40, 0x5f, 0x90, 0x0, 0x1f, 0xc0, 0x5f,
    0x40, 0x0, 0xa, 0xf0, 0x5f, 0x40, 0x0, 0x8,
    0xf2, 0x5f, 0x40, 0x0, 0x9, 0xf1, 0x5f, 0x40,
    0x0, 0xc, 0xe0, 0x5f, 0x60, 0x0, 0x4f, 0x90,
    0x5f, 0xfa, 0x69, 0xfe, 0x10, 0x5f, 0x59, 0xee,
    0x91, 0x0, 0x5f, 0x40, 0x0, 0x0, 0x0, 0x5f,
    0x40, 0x0, 0x0, 0x0, 0x5f, 0x40, 0x0, 0x0,
    0x0, 0x5f, 0x40, 0x0, 0x0, 0x0,

    /* U+0071 "q" */
    0x0, 0x8, 0xde, 0xb3, 0xe7, 0x0, 0xcf, 0xa7,
    0x9f, 0xf7, 0x7, 0xf7, 0x0, 0x4, 0xf7, 0xc,
    0xe0, 0x0, 0x2, 0xf7, 0xf, 0xb0, 0x0, 0x2,
    0xf7, 0xf, 0xb0, 0x0, 0x2, 0xf7, 0xd, 0xd0,
    0x0, 0x2, 0xf7, 0x9, 0xf4, 0x0, 0x6, 0xf7,
    0x1, 0xef, 0x97, 0xbe, 0xf7, 0x0, 0x1a, 0xee,
    0x92, 0xf7, 0x0, 0x0, 0x0, 0x2, 0xf7, 0x0,
    0x0, 0x0, 0x2, 0xf7, 0x0, 0x0, 0x0, 0x2,
    0xf7, 0x0, 0x0, 0x0, 0x2, 0xf7,

    /* U+0072 "r" */
    0x5f, 0x6, 0xee, 0x5, 0xf7, 0xe8, 0x60, 0x5f,
    0xe1, 0x0, 0x5, 0xf7, 0x0, 0x0, 0x5f, 0x40,
    0x0, 0x5, 0xf4, 0x0, 0x0, 0x5f, 0x40, 0x0,
    0x5, 0xf4, 0x0, 0x0, 0x5f, 0x40, 0x0, 0x5,
    0xf4, 0x0, 0x0,

    /* U+0073 "s" */
    0x0, 0x7d, 0xfc, 0x70, 0x8, 0xf9, 0x57, 0xd3,
    0xd, 0xc0, 0x0, 0x0, 0xa, 0xf4, 0x0, 0x0,
    0x1, 0xbf, 0xd5, 0x0, 0x0, 0x3, 0xbf, 0xd1,
    0x0, 0x0, 0x3, 0xf9, 0x2, 0x0, 0x0, 0xeb,
    0x2f, 0xa6, 0x5b, 0xf5, 0x3, 0xbe, 0xfc, 0x50,

    /* U+0074 "t" */
    0x0, 0xd9, 0x0, 0x0, 0xe, 0x90, 0x0, 0x0,
    0xf9, 0x0, 0x8, 0xff, 0xff, 0xf3, 0x25, 0xfb,
    0x55, 0x10, 0xf, 0x90, 0x0, 0x0, 0xf9, 0x0,
    0x0, 0xf, 0x90, 0x0, 0x0, 0xf9, 0x0, 0x0,
    0xf, 0x90, 0x0, 0x0, 0xfb, 0x0, 0x0, 0xb,
    0xf7, 0x62, 0x0, 0x2b, 0xfd, 0x40,

    /* U+0075 "u" */
    0x7f, 0x20, 0x0, 0x5f, 0x47, 0xf2, 0x0, 0x5,
    0xf4, 0x7f, 0x20, 0x0, 0x5f, 0x47, 0xf2, 0x0,
    0x5, 0xf4, 0x7f, 0x20, 0x0, 0x5f, 0x47, 0xf2,
    0x0, 0x5, 0xf4, 0x7f, 0x30, 0x0, 0x5f, 0x45,
    0xf6, 0x0, 0x1d, 0xf4, 0xf, 0xf8, 0x9e, 0x9f,
    0x40, 0x3c, 0xfb, 0x41, 0xf4,

    /* U+0076 "v" */
    0x9f, 0x10, 0x0, 0xa, 0xf0, 0x3f, 0x60, 0x0,
    0xe, 0x90, 0xe, 0xb0, 0x0, 0x4f, 0x40, 0x8,
    0xf1, 0x0, 0x9e, 0x0, 0x2, 0xf6, 0x0, 0xe9,
    0x0, 0x0, 0xdb, 0x4, 0xf3, 0x0, 0x0, 0x7f,
    0x9, 0xe0, 0x0, 0x0, 0x1f, 0x5e, 0x80, 0x0,
    0x0, 0xc, 0xdf, 0x30, 0x0, 0x0, 0x6, 0xfd,
    0x0, 0x0,

    /* U+0077 "w" */
    0x6f, 0x40, 0x0, 0xaf, 0x30, 0x0, 0xbd, 0x1f,
    0x80, 0x0, 0xef, 0x70, 0x0, 0xf9, 0xd, 0xc0,
    0x3, 0xf9, 0xb0, 0x3, 0xf4, 0x9, 0xf0, 0x7,
    0xc5, 0xf0, 0x7, 0xf0, 0x4, 0xf4, 0xb, 0x81,
    0xf4, 0xb, 0xc0, 0x0, 0xf8, 0xf, 0x40, 0xd8,
    0xf, 0x80, 0x0, 0xbc, 0x3f, 0x0, 0x9c, 0x2f,
    0x30, 0x0, 0x7f, 0x7c, 0x0, 0x5f, 0x7f, 0x0,
    0x0, 0x3f, 0xe7, 0x0, 0x1f, 0xdb, 0x0, 0x0,
    0xe, 0xf3, 0x0, 0xc, 0xf7, 0x0,

    /* U+0078 "x" */
    0x3f, 0x90, 0x0, 0x8f, 0x20, 0x8f, 0x30, 0x1f,
    0x80, 0x0, 0xec, 0xa, 0xe0, 0x0, 0x5, 0xf8,
    0xf5, 0x0, 0x0, 0xb, 0xfb, 0x0, 0x0, 0x0,
    0xef, 0xc0, 0x0, 0x0, 0x9e, 0x4f, 0x70, 0x0,
    0x3f, 0x60, 0xaf, 0x20, 0xc, 0xd0, 0x1, 0xfb,
    0x6, 0xf4, 0x0, 0x6, 0xf5,

    /* U+0079 "y" */
    0x9f, 0x10, 0x0, 0x9, 0xf0, 0x2f, 0x70, 0x0,
    0xe, 0x90, 0xc, 0xd0, 0x0, 0x4f, 0x40, 0x5,
    0xf3, 0x0, 0x9e, 0x0, 0x0, 0xe9, 0x0, 0xe9,
    0x0, 0x0, 0x9e, 0x3, 0xf3, 0x0, 0x0, 0x2f,
    0x48, 0xe0, 0x0, 0x0, 0xc, 0xad, 0x80, 0x0,
    0x0, 0x5, 0xff, 0x30, 0x0, 0x0, 0x0, 0xfd,
    0x0, 0x0, 0x0, 0x1, 0xf7, 0x0, 0x0, 0x0,
    0x9, 0xf1, 0x0, 0x0, 0x6, 0x9f, 0x70, 0x0,
    0x0, 0x2e, 0xd7, 0x0, 0x0, 0x0,

    /* U+007A "z" */
    0xc, 0xff, 0xff, 0xfd, 0x0, 0x45, 0x55, 0x9f,
    0x70, 0x0, 0x0, 0x1e, 0xc0, 0x0, 0x0, 0xa,
    0xf2, 0x0, 0x0, 0x5, 0xf7, 0x0, 0x0, 0x1,
    0xec, 0x0, 0x0, 0x0, 0xaf, 0x20, 0x0, 0x0,
    0x4f, 0x70, 0x0, 0x0, 0x1e, 0xe5, 0x55, 0x55,
    0x5, 0xff, 0xff, 0xff, 0xf0,

    /* U+007B "{" */
    0x0, 0x2c, 0xf7, 0x0, 0x9d, 0x0, 0x0, 0xb9,
    0x0, 0x0, 0xb9, 0x0, 0x0, 0xaa, 0x0, 0x0,
    0xaa, 0x0, 0x0, 0xaa, 0x0, 0x1, 0xe7, 0x0,
    0x4f, 0xc0, 0x0, 0x4, 0xf6, 0x0, 0x0, 0xaa,
    0x0, 0x0, 0xaa, 0x0, 0x0, 0xaa, 0x0, 0x0,
    0xb9, 0x0, 0x0, 0xb9, 0x0, 0x0, 0x9d, 0x0,
    0x0, 0x2c, 0xe6,

    /* U+007C "|" */
    0x2f, 0x2f, 0x2f, 0x2f, 0x2f, 0x2f, 0x2f, 0x2f,
    0x2f, 0x2f, 0x2f, 0x2f, 0x2f, 0x2f, 0x2f, 0x2f,
    0x2f, 0x2f, 0x2f, 0x2f,

    /* U+007D "}" */
    0x5f, 0xd3, 0x0, 0x0, 0xcb, 0x0, 0x0, 0x8d,
    0x0, 0x0, 0x8d, 0x0, 0x0, 0x8c, 0x0, 0x0,
    0x9b, 0x0, 0x0, 0x8b, 0x0, 0x0, 0x6f, 0x20,
    0x0, 0xb, 0xf6, 0x0, 0x4f, 0x50, 0x0, 0x8c,
    0x0, 0x0, 0x9b, 0x0, 0x0, 0x8c, 0x0, 0x0,
    0x8d, 0x0, 0x0, 0x8d, 0x0, 0x0, 0xcb, 0x0,
    0x5e, 0xc3, 0x0,

    /* U+007E "~" */
    0x0, 0x0, 0x0, 0x0, 0x0, 0x2, 0xce, 0x80,
    0x0, 0x40, 0xd, 0x95, 0xdb, 0x26, 0xe1, 0x7,
    0x0, 0x1b, 0xff, 0x40, 0x0, 0x0, 0x0, 0x10,
    0x0,

    /* U+00B7 "·" */
    0x2a, 0xa2, 0xcf, 0xfc, 0xdf, 0xfd, 0x4e, 0xe4,

    /* U+25B2 "▲" */
    0x0, 0x0, 0x0, 0x0, 0x33, 0x0, 0x0, 0x0,
    0x0, 0x0, 0x0, 0x0, 0x0, 0xcc, 0x0, 0x0,
    0x0, 0x0, 0x0, 0x0, 0x0, 0x5, 0xff, 0x50,
    0x0, 0x0, 0x0, 0x0, 0x0, 0x0, 0xe, 0xff,
    0xe0, 0x0, 0x0, 0x0, 0x0, 0x0, 0x0, 0x8f,
    0xff, 0xf8, 0x0, 0x0, 0x0, 0x0, 0x0, 0x2,
    0xff, 0xff, 0xff, 0x20, 0x0, 0x0, 0x0, 0x0,
    0xa, 0xff, 0xff, 0xff, 0xa0, 0x0, 0x0, 0x0,
    0x0, 0x4f, 0xff, 0xff, 0xff, 0xf4, 0x0, 0x0,
    0x0, 0x0, 0xdf, 0xff, 0xff, 0xff, 0xfd, 0x0,
    0x0, 0x0, 0x6, 0xff, 0xff, 0xff, 0xff, 0xff,
    0x60, 0x0, 0x0, 0x1e, 0xff, 0xff, 0xff, 0xff,
    0xff, 0xe1, 0x0, 0x0, 0x8f, 0xff, 0xff, 0xff,
    0xff, 0xff, 0xf8, 0x0, 0x2, 0xff, 0xff, 0xff,
    0xff, 0xff, 0xff, 0xff, 0x20, 0xb, 0xff, 0xff,
    0xff, 0xff, 0xff, 0xff, 0xff, 0xb0, 0x2c, 0xcc,
    0xcc, 0xcc, 0xcc, 0xcc, 0xcc, 0xcc, 0xc2,

    /* U+25B6 "▶" */
    0x0, 0x0, 0x0, 0x0, 0x0, 0x0, 0x0, 0xc,
    0x70, 0x0, 0x0, 0x0, 0x0, 0x0, 0x0, 0xcf,
    0xe5, 0x0, 0x0, 0x0, 0x0, 0x0, 0xc, 0xff,
    0xfc, 0x30, 0x0, 0x0, 0x0, 0x0, 0xcf, 0xff,
    0xff, 0x91, 0x0, 0x0, 0x0, 0xc, 0xff, 0xff,
    0xff, 0xf7, 0x0, 0x0, 0x0, 0xcf, 0xff, 0xff,
    0xff, 0xfd, 0x40, 0x0, 0xc, 0xff, 0xff, 0xff,
    0xff, 0xff, 0xb2, 0x0, 0xcf, 0xff, 0xff, 0xff,
    0xff, 0xff, 0xf8, 0xc, 0xff, 0xff, 0xff, 0xff,
    0xff, 0xff, 0xe5, 0xcf, 0xff, 0xff, 0xff, 0xff,
    0xff, 0x91, 0xc, 0xff, 0xff, 0xff, 0xff, 0xfb,
    0x20, 0x0, 0xcf, 0xff, 0xff, 0xff, 0xd4, 0x0,
    0x0, 0xc, 0xff, 0xff, 0xff, 0x70, 0x0, 0x0,
    0x0, 0xcf, 0xff, 0xf9, 0x10, 0x0, 0x0, 0x0,
    0xc, 0xff, 0xc3, 0x0, 0x0, 0x0, 0x0, 0x0,
    0xce, 0x50, 0x0, 0x0, 0x0, 0x0, 0x0, 0x5,
    0x0, 0x0, 0x0, 0x0, 0x0, 0x0, 0x0,

    /* U+25BC "▼" */
    0x27, 0x77, 0x77, 0x77, 0x77, 0x77, 0x77, 0x77,
    0x72, 0xd, 0xff, 0xff, 0xff, 0xff, 0xff, 0xff,
    0xff, 0xd0, 0x5, 0xff, 0xff, 0xff, 0xff, 0xff,
    0xff, 0xff, 0x50, 0x0, 0xbf, 0xff, 0xff, 0xff,
    0xff, 0xff, 0xfb, 0x0, 0x0, 0x2f, 0xff, 0xff,
    0xff, 0xff, 0xff, 0xf2, 0x0, 0x0, 0x9, 0xff,
    0xff, 0xff, 0xff, 0xff, 0x90, 0x0, 0x0, 0x1,
    0xef, 0xff, 0xff, 0xff, 0xfe, 0x10, 0x0, 0x0,
    0x0, 0x6f, 0xff, 0xff, 0xff, 0xf6, 0x0, 0x0,
    0x0, 0x0, 0xd, 0xff, 0xff, 0xff, 0xd0, 0x0,
    0x0, 0x0, 0x0, 0x4, 0xff, 0xff, 0xff, 0x40,
    0x0, 0x0, 0x0, 0x0, 0x0, 0xbf, 0xff, 0xfb,
    0x0, 0x0, 0x0, 0x0, 0x0, 0x0, 0x2f, 0xff,
    0xf2, 0x0, 0x0, 0x0, 0x0, 0x0, 0x0, 0x8,
    0xff, 0x80, 0x0, 0x0, 0x0, 0x0, 0x0, 0x0,
    0x0, 0xee, 0x0, 0x0, 0x0, 0x0, 0x0, 0x0,
    0x0, 0x0, 0x66, 0x0, 0x0, 0x0, 0x0, 0x0,
    0x0, 0x0, 0x0, 0x0, 0x0, 0x0, 0x0, 0x0,

    /* U+25C0 "◀" */
    0x0, 0x0, 0x0, 0x0, 0x0, 0x0, 0x0, 0x0,
    0x0, 0x0, 0x0, 0x0, 0x0, 0x0, 0x7c, 0x0,
    0x0, 0x0, 0x0, 0x0, 0x5, 0xef, 0xc0, 0x0,
    0x0, 0x0, 0x0, 0x3c, 0xff, 0xfc, 0x0, 0x0,
    0x0, 0x1, 0x9f, 0xff, 0xff, 0xc0, 0x0, 0x0,
    0x7, 0xff, 0xff, 0xff, 0xfc, 0x0, 0x0, 0x4d,
    0xff, 0xff, 0xff, 0xff, 0xc0, 0x2, 0xbf, 0xff,
    0xff, 0xff, 0xff, 0xfc, 0x8, 0xff, 0xff, 0xff,
    0xff, 0xff, 0xff, 0xc5, 0xef, 0xff, 0xff, 0xff,
    0xff, 0xff, 0xfc, 0x1, 0x9f, 0xff, 0xff, 0xff,
    0xff, 0xff, 0xc0, 0x0, 0x2b, 0xff, 0xff, 0xff,
    0xff, 0xfc, 0x0, 0x0, 0x4, 0xdf, 0xff, 0xff,
    0xff, 0xc0, 0x0, 0x0, 0x0, 0x7f, 0xff, 0xff,
    0xfc, 0x0, 0x0, 0x0, 0x0, 0x19, 0xff, 0xff,
    0xc0, 0x0, 0x0, 0x0, 0x0, 0x3, 0xcf, 0xfc,
    0x0, 0x0, 0x0, 0x0, 0x0, 0x0, 0x5e, 0xc0,
    0x0, 0x0, 0x0, 0x0, 0x0, 0x0, 0x5,

    /* U+4E09 "三" */
    0x5, 0x55, 0x55, 0x55, 0x55, 0x55, 0x55, 0x40,
    0xd, 0xff, 0xff, 0xff, 0xff, 0xff, 0xff, 0xb0,
    0x0, 0x0, 0x0, 0x0, 0x0, 0x0, 0x0, 0x0,
    0x0, 0x0, 0x0, 0x0, 0x0, 0x0, 0x0, 0x0,
    0x0, 0x0, 0x0, 0x0, 0x0, 0x0, 0x0, 0x0,
    0x0, 0x0, 0x0, 0x0, 0x0, 0x0, 0x0, 0x0,
    0x0, 0x46, 0x66, 0x66, 0x66, 0x66, 0x62, 0x0,
    0x0, 0xaf, 0xff, 0xff, 0xff, 0xff, 0xf5, 0x0,
    0x0, 0x0, 0x0, 0x0, 0x0, 0x0, 0x0, 0x0,
    0x0, 0x0, 0x0, 0x0, 0x0, 0x0, 0x0, 0x0,
    0x0, 0x0, 0x0, 0x0, 0x0, 0x0, 0x0, 0x0,
    0x0, 0x0, 0x0, 0x0, 0x0, 0x0, 0x0, 0x0,
    0x33, 0x33, 0x33, 0x33, 0x33, 0x33, 0x33, 0x32,
    0xef, 0xff, 0xff, 0xff, 0xff, 0xff, 0xff, 0xfb,
    0x11, 0x11, 0x11, 0x11, 0x11, 0x11, 0x11, 0x11,

    /* U+4E0B "下" */
    0xf, 0xff, 0xff, 0xff, 0xff, 0xff, 0xff, 0xff,
    0xf0, 0x6, 0x66, 0x66, 0x66, 0xf9, 0x66, 0x66,
    0x66, 0x60, 0x0, 0x0, 0x0, 0x0, 0xf5, 0x0,
    0x0, 0x0, 0x0, 0x0, 0x0, 0x0, 0x0, 0xf5,
    0x0, 0x0, 0x0, 0x0, 0x0, 0x0, 0x0, 0x0,
    0xfb, 0x30, 0x0, 0x0, 0x0, 0x0, 0x0, 0x0,
    0x0, 0xfe, 0xfb, 0x30, 0x0, 0x0, 0x0, 0x0,
    0x0, 0x0, 0xf5, 0x4d, 0xfa, 0x10, 0x0, 0x0,
    0x0, 0x0, 0x0, 0xf5, 0x0, 0x6f, 0xf6, 0x0,
    0x0, 0x0, 0x0, 0x0, 0xf5, 0x0, 0x1, 0xba,
    0x0, 0x0, 0x0, 0x0, 0x0, 0xf5, 0x0, 0x0,
    0x0, 0x0, 0x0, 0x0, 0x0, 0x0, 0xf5, 0x0,
    0x0, 0x0, 0x0, 0x0, 0x0, 0x0, 0x0, 0xf5,
    0x0, 0x0, 0x0, 0x0, 0x0, 0x0, 0x0, 0x0,
    0xf5, 0x0, 0x0, 0x0, 0x0, 0x0, 0x0, 0x0,
    0x0, 0xf5, 0x0, 0x0, 0x0, 0x0, 0x0, 0x0,
    0x0, 0x0, 0xf5, 0x0, 0x0, 0x0, 0x0,

    /* U+4E0D "不" */
    0xe, 0xff, 0xff, 0xff, 0xff, 0xff, 0xff, 0xff,
    0x90, 0x6, 0x66, 0x66, 0x66, 0x8f, 0xc6, 0x66,
    0x66, 0x40, 0x0, 0x0, 0x0, 0x0, 0xaf, 0x20,
    0x0, 0x0, 0x0, 0x0, 0x0, 0x0, 0x5, 0xf9,
    0x0, 0x0, 0x0, 0x0, 0x0, 0x0, 0x0, 0x4f,
    0xf8, 0x43, 0x0, 0x0, 0x0, 0x0, 0x0, 0x4,
    0xfb, 0xe9, 0xaf, 0x80, 0x0, 0x0, 0x0, 0x0,
    0x6f, 0xa0, 0xe8, 0x5, 0xfd, 0x20, 0x0, 0x0,
    0x9, 0xf9, 0x0, 0xe8, 0x0, 0x2c, 0xf5, 0x0,
    0x5, 0xef, 0x60, 0x0, 0xe8, 0x0, 0x0, 0xaf,
    0x80, 0x1f, 0xa1, 0x0, 0x0, 0xe8, 0x0, 0x0,
    0x9, 0x90, 0x1, 0x0, 0x0, 0x0, 0xe8, 0x0,
    0x0, 0x0, 0x0, 0x0, 0x0, 0x0, 0x0, 0xe8,
    0x0, 0x0, 0x0, 0x0, 0x0, 0x0, 0x0, 0x0,
    0xe8, 0x0, 0x0, 0x0, 0x0, 0x0, 0x0, 0x0,
    0x0, 0xe8, 0x0, 0x0, 0x0, 0x0, 0x0, 0x0,
    0x0, 0x0, 0xe8, 0x0, 0x0, 0x0, 0x0,

    /* U+4E2D "中" */
    0x0, 0x0, 0x0, 0x8, 0x40, 0x0, 0x0, 0x0,
    0x0, 0x0, 0x0, 0xe7, 0x0, 0x0, 0x0, 0x0,
    0x0, 0x0, 0xe, 0x70, 0x0, 0x0, 0x0, 0x0,
    0x0, 0x0, 0xe7, 0x0, 0x0, 0x0, 0x4f, 0xff,
    0xff, 0xff, 0xff, 0xff, 0xff, 0xc4, 0xf6, 0x55,
    0x55, 0xfa, 0x55, 0x55, 0xbc, 0x4f, 0x10, 0x0,
    0xe, 0x70, 0x0, 0x9, 0xc4, 0xf1, 0x0, 0x0,
    0xe7, 0x0, 0x0, 0x9c, 0x4f, 0x10, 0x0, 0xe,
    0x70, 0x0, 0x9, 0xc4, 0xf1, 0x0, 0x0, 0xe7,
    0x0, 0x0, 0x9c, 0x4f, 0xff, 0xff, 0xff, 0xff,
    0xff, 0xff, 0xc4, 0xf6, 0x55, 0x55, 0xfa, 0x55,
    0x55, 0xbc, 0x29, 0x0, 0x0, 0xe, 0x70, 0x0,
    0x4, 0x60, 0x0, 0x0, 0x0, 0xe7, 0x0, 0x0,
    0x0, 0x0, 0x0, 0x0, 0xe, 0x70, 0x0, 0x0,
    0x0, 0x0, 0x0, 0x0, 0xe7, 0x0, 0x0, 0x0,
    0x0, 0x0, 0x0, 0xe, 0x70, 0x0, 0x0, 0x0,

    /* U+4EFB "任" */
    0x0, 0x0, 0x0, 0x0, 0x0, 0x0, 0x0, 0x0,
    0x0, 0x0, 0x0, 0xc, 0x70, 0x0, 0x0, 0x0,
    0x37, 0x0, 0x0, 0x0, 0x5f, 0x30, 0x2, 0x58,
    0xbf, 0xfd, 0x40, 0x0, 0x0, 0xdb, 0x8d, 0xff,
    0xff, 0xa5, 0x20, 0x0, 0x0, 0x5, 0xf4, 0x46,
    0x31, 0x1f, 0x40, 0x0, 0x0, 0x0, 0x1e, 0xe0,
    0x0, 0x0, 0x1f, 0x40, 0x0, 0x0, 0x0, 0xbf,
    0xe0, 0x0, 0x0, 0x1f, 0x40, 0x0, 0x0, 0x9,
    0xfb, 0xe0, 0x0, 0x0, 0x1f, 0x40, 0x0, 0x0,
    0x3f, 0x76, 0xe2, 0x55, 0x55, 0x6f, 0x85, 0x55,
    0x52, 0x5, 0x6, 0xe5, 0xff, 0xff, 0xff, 0xff,
    0xff, 0xf5, 0x0, 0x6, 0xe0, 0x0, 0x0, 0x1f,
    0x40, 0x0, 0x0, 0x0, 0x6, 0xe0, 0x0, 0x0,
    0x1f, 0x40, 0x0, 0x0, 0x0, 0x6, 0xe0, 0x0,
    0x0, 0x1f, 0x40, 0x0, 0x0, 0x0, 0x6, 0xe0,
    0x0, 0x0, 0x1f, 0x40, 0x0, 0x0, 0x0, 0x6,
    0xe0, 0x0, 0x0, 0x1f, 0x40, 0x0, 0x0, 0x0,
    0x6, 0xe0, 0x45, 0x55, 0x6f, 0x85, 0x55, 0x50,
    0x0, 0x6, 0xe0, 0xbe, 0xee, 0xee, 0xee, 0xee,
    0xe1,

    /* U+4F4E "低" */
    0x0, 0x0, 0x0, 0x0, 0x0, 0x0, 0x0, 0x0,
    0x0, 0x0, 0x0, 0x7c, 0x0, 0x0, 0x0, 0x48,
    0xdc, 0x0, 0x0, 0x0, 0xe8, 0x4, 0x7a, 0xdf,
    0xfc, 0x84, 0x0, 0x0, 0x6, 0xf1, 0x3f, 0xc9,
    0x66, 0xf1, 0x0, 0x0, 0x0, 0xe, 0x90, 0x3f,
    0x0, 0x2, 0xf2, 0x0, 0x0, 0x0, 0x7f, 0x40,
    0x3f, 0x0, 0x1, 0xf3, 0x0, 0x0, 0x2, 0xff,
    0x40, 0x3f, 0x0, 0x0, 0xf4, 0x0, 0x0, 0x1d,
    0xdf, 0x40, 0x3f, 0x33, 0x33, 0xf7, 0x33, 0x30,
    0x6e, 0x2f, 0x40, 0x3f, 0xff, 0xff, 0xff, 0xff,
    0xf1, 0x3, 0xf, 0x40, 0x3f, 0x10, 0x0, 0xc9,
    0x0, 0x0, 0x0, 0xf, 0x40, 0x3f, 0x0, 0x0,
    0x9b, 0x0, 0x0, 0x0, 0xf, 0x40, 0x3f, 0x0,
    0x0, 0x7e, 0x0, 0x0, 0x0, 0xf, 0x40, 0x3f,
    0x0, 0x0, 0x3f, 0x20, 0x0, 0x0, 0xf, 0x40,
    0x3f, 0x0, 0x59, 0xe, 0x60, 0x93, 0x0, 0xf,
    0x40, 0x3f, 0x1, 0x3e, 0x3a, 0xd0, 0xd3, 0x0,
    0xf, 0x40, 0x8f, 0xdf, 0x88, 0xa1, 0xfe, 0xe0,
    0x0, 0xf, 0x40, 0xbb, 0x61, 0x2, 0x80, 0x4c,
    0x60, 0x0, 0x0, 0x0, 0x0, 0x0, 0x0, 0x0,
    0x0, 0x0,

    /* U+505C "停" */
    0x0, 0x0, 0x59, 0x0, 0x0, 0x89, 0x0, 0x0,
    0x0, 0x0, 0xd, 0x94, 0x44, 0x48, 0xf5, 0x44,
    0x44, 0x0, 0x5, 0xf2, 0xdd, 0xdd, 0xdd, 0xdd,
    0xdd, 0xc0, 0x0, 0xda, 0x0, 0x12, 0x22, 0x22,
    0x22, 0x0, 0x0, 0x7f, 0x30, 0xa, 0xec, 0xcc,
    0xcc, 0xf6, 0x0, 0x3f, 0xf1, 0x0, 0xa7, 0x0,
    0x0, 0xe, 0x60, 0x1e, 0xef, 0x10, 0xa, 0xed,
    0xdd, 0xdd, 0xf6, 0x2, 0xd3, 0xf1, 0x0, 0x0,
    0x0, 0x0, 0x0, 0x0, 0x0, 0x2f, 0x14, 0xff,
    0xff, 0xff, 0xff, 0xff, 0xd0, 0x2, 0xf1, 0x4e,
    0x22, 0x22, 0x22, 0x22, 0x6e, 0x0, 0x2f, 0x14,
    0xe1, 0x22, 0x22, 0x22, 0x25, 0xe0, 0x2, 0xf1,
    0x0, 0xaf, 0xff, 0xff, 0xff, 0x40, 0x0, 0x2f,
    0x10, 0x0, 0x0, 0x4f, 0x0, 0x0, 0x0, 0x2,
    0xf1, 0x0, 0x0, 0x4, 0xf0, 0x0, 0x0, 0x0,
    0x2f, 0x10, 0x0, 0x22, 0x7f, 0x0, 0x0, 0x0,
    0x2, 0xf1, 0x0, 0xa, 0xff, 0xa0, 0x0, 0x0,
    0x0, 0x0, 0x0, 0x0, 0x0, 0x0, 0x0, 0x0,
    0x0,

    /* U+5145 "充" */
    0x0, 0x0, 0x0, 0x0, 0x0, 0x0, 0x0, 0x0,
    0x0, 0x0, 0x0, 0x1, 0xe8, 0x0, 0x0, 0x0,
    0x0, 0x0, 0x0, 0x0, 0x7, 0xf2, 0x0, 0x0,
    0x0, 0x2, 0x33, 0x33, 0x33, 0x4d, 0x63, 0x33,
    0x33, 0x30, 0xbf, 0xff, 0xff, 0xff, 0xff, 0xff,
    0xff, 0xfe, 0x0, 0x11, 0x13, 0xfc, 0x11, 0x12,
    0x11, 0x11, 0x10, 0x0, 0x0, 0xce, 0x10, 0x0,
    0xdb, 0x0, 0x0, 0x0, 0x0, 0xaf, 0x30, 0x0,
    0x2, 0xec, 0x10, 0x0, 0x0, 0x9f, 0x40, 0x1,
    0x12, 0x36, 0xfd, 0x10, 0x0, 0x8f, 0xff, 0xff,
    0xff, 0xff, 0xfe, 0xfd, 0x0, 0x3, 0x87, 0x5e,
    0xb3, 0x2a, 0xd0, 0x2, 0xe4, 0x0, 0x0, 0x0,
    0xf7, 0x0, 0x9c, 0x0, 0x0, 0x0, 0x0, 0x0,
    0x3f, 0x40, 0x9, 0xc0, 0x0, 0x0, 0x0, 0x0,
    0xb, 0xe0, 0x0, 0x9c, 0x0, 0x0, 0xd2, 0x0,
    0x8, 0xf6, 0x0, 0x9, 0xc0, 0x0, 0x1f, 0x30,
    0x3b, 0xf7, 0x0, 0x0, 0x9e, 0x54, 0x48, 0xf1,
    0xaf, 0xd5, 0x0, 0x0, 0x3, 0xdf, 0xff, 0xf8,
    0x1, 0x30, 0x0, 0x0, 0x0, 0x0, 0x0, 0x0,
    0x0,

    /* U+5165 "入" */
    0x0, 0x0, 0x1, 0x60, 0x0, 0x0, 0x0, 0x0,
    0x0, 0x0, 0x0, 0x6, 0xf8, 0x0, 0x0, 0x0,
    0x0, 0x0, 0x0, 0x0, 0x0, 0x6f, 0x70, 0x0,
    0x0, 0x0, 0x0, 0x0, 0x0, 0x0, 0x8, 0xf4,
    0x0, 0x0, 0x0, 0x0, 0x0, 0x0, 0x0, 0x0,
    0xed, 0x0, 0x0, 0x0, 0x0, 0x0, 0x0, 0x0,
    0x2, 0xff, 0x70, 0x0, 0x0, 0x0, 0x0, 0x0,
    0x0, 0x7, 0xfb, 0xe1, 0x0, 0x0, 0x0, 0x0,
    0x0, 0x0, 0xc, 0xd1, 0xf8, 0x0, 0x0, 0x0,
    0x0, 0x0, 0x0, 0x3f, 0x70, 0x7f, 0x20, 0x0,
    0x0, 0x0, 0x0, 0x0, 0xbf, 0x10, 0xe, 0xb0,
    0x0, 0x0, 0x0, 0x0, 0x3, 0xf7, 0x0, 0x7,
    0xf4, 0x0, 0x0, 0x0, 0x0, 0x1d, 0xd0, 0x0,
    0x0, 0xed, 0x0, 0x0, 0x0, 0x0, 0xcf, 0x40,
    0x0, 0x0, 0x3f, 0xb0, 0x0, 0x0, 0x1b, 0xf5,
    0x0, 0x0, 0x0, 0x7, 0xfa, 0x0, 0x4, 0xef,
    0x60, 0x0, 0x0, 0x0, 0x0, 0x9f, 0xd2, 0xd,
    0xe3, 0x0, 0x0, 0x0, 0x0, 0x0, 0x5, 0xe1,
    0x1, 0x10, 0x0, 0x0, 0x0, 0x0, 0x0, 0x0,
    0x0,

    /* U+516B "八" */
    0x0, 0x0, 0x3, 0x40, 0x0, 0x4a, 0x0, 0x0,
    0x0, 0x0, 0x0, 0x9, 0xd0, 0x0, 0x5f, 0x0,
    0x0, 0x0, 0x0, 0x0, 0xb, 0xc0, 0x0, 0x3f,
    0x10, 0x0, 0x0, 0x0, 0x0, 0xd, 0xa0, 0x0,
    0x1f, 0x30, 0x0, 0x0, 0x0, 0x0, 0xe, 0x80,
    0x0, 0xf, 0x60, 0x0, 0x0, 0x0, 0x0, 0x2f,
    0x40, 0x0, 0xc, 0x90, 0x0, 0x0, 0x0, 0x0,
    0x5f, 0x10, 0x0, 0x8, 0xd0, 0x0, 0x0, 0x0,
    0x0, 0x8d, 0x0, 0x0, 0x4, 0xf2, 0x0, 0x0,
    0x0, 0x0, 0xd9, 0x0, 0x0, 0x0, 0xe7, 0x0,
    0x0, 0x0, 0x4, 0xf4, 0x0, 0x0, 0x0, 0x9e,
    0x0, 0x0, 0x0, 0xa, 0xd0, 0x0, 0x0, 0x0,
    0x2f, 0x60, 0x0, 0x0, 0x2f, 0x60, 0x0, 0x0,
    0x0, 0xb, 0xe1, 0x0, 0x0, 0xbe, 0x0, 0x0,
    0x0, 0x0, 0x2, 0xfa, 0x0, 0x9, 0xf4, 0x0,
    0x0, 0x0, 0x0, 0x0, 0x6f, 0x90, 0x2f, 0x60,
    0x0, 0x0, 0x0, 0x0, 0x0, 0x7, 0xf3, 0x2,
    0x0, 0x0, 0x0, 0x0, 0x0, 0x0, 0x0, 0x20,

    /* U+516D "六" */
    0x0, 0x0, 0x0, 0x0, 0x0, 0x0, 0x0, 0x0,
    0x0, 0x0, 0x0, 0x0, 0x6, 0xd0, 0x0, 0x0,
    0x0, 0x0, 0x0, 0x0, 0x0, 0x2, 0xf7, 0x0,
    0x0, 0x0, 0x0, 0x0, 0x0, 0x0, 0x0, 0xbe,
    0x0, 0x0, 0x0, 0x0, 0x0, 0x0, 0x0, 0x0,
    0x4f, 0x40, 0x0, 0x0, 0x0, 0x5, 0x55, 0x55,
    0x55, 0x56, 0x55, 0x55, 0x55, 0x50, 0xf, 0xff,
    0xff, 0xff, 0xff, 0xff, 0xff, 0xff, 0xf0, 0x0,
    0x0, 0x0, 0x0, 0x0, 0x0, 0x0, 0x0, 0x0,
    0x0, 0x0, 0x0, 0x0, 0x0, 0x0, 0x0, 0x0,
    0x0, 0x0, 0x0, 0x9, 0x80, 0x0, 0xb, 0x80,
    0x0, 0x0, 0x0, 0x0, 0x3f, 0x80, 0x0, 0x8,
    0xf3, 0x0, 0x0, 0x0, 0x0, 0xce, 0x0, 0x0,
    0x0, 0xdd, 0x0, 0x0, 0x0, 0x5, 0xf6, 0x0,
    0x0, 0x0, 0x3f, 0x90, 0x0, 0x0, 0x1e, 0xd0,
    0x0, 0x0, 0x0, 0x8, 0xf4, 0x0, 0x0, 0xaf,
    0x30, 0x0, 0x0, 0x0, 0x0, 0xdd, 0x0, 0x7,
    0xf8, 0x0, 0x0, 0x0, 0x0, 0x0, 0x4f, 0x80,
    0xd, 0xc0, 0x0, 0x0, 0x0, 0x0, 0x0, 0xb,
    0xc0, 0x0, 0x10, 0x0, 0x0, 0x0, 0x0, 0x0,
    0x0, 0x0,

    /* U+5173 "关" */
    0x0, 0x0, 0x0, 0x0, 0x0, 0x0, 0x0, 0x0,
    0x0, 0x0, 0x0, 0x78, 0x0, 0x0, 0x0, 0x5d,
    0x10, 0x0, 0x0, 0x0, 0x4f, 0x40, 0x0, 0x0,
    0xdb, 0x0, 0x0, 0x0, 0x0, 0xa, 0xd0, 0x0,
    0x6, 0xf2, 0x0, 0x0, 0x0, 0x24, 0x47, 0xb4,
    0x44, 0x4e, 0xb4, 0x44, 0x0, 0x0, 0x9f, 0xff,
    0xff, 0xff, 0xff, 0xff, 0xff, 0x0, 0x0, 0x0,
    0x0, 0x0, 0xae, 0x0, 0x0, 0x0, 0x0, 0x0,
    0x0, 0x0, 0x0, 0x9e, 0x0, 0x0, 0x0, 0x0,
    0x0, 0x0, 0x0, 0x0, 0x9e, 0x0, 0x0, 0x0,
    0x0, 0xa, 0xff, 0xff, 0xff, 0xff, 0xff, 0xff,
    0xff, 0xe0, 0x4, 0x55, 0x55, 0x56, 0xff, 0xa5,
    0x55, 0x55, 0x50, 0x0, 0x0, 0x0, 0x6, 0xfc,
    0xe1, 0x0, 0x0, 0x0, 0x0, 0x0, 0x0, 0x3f,
    0xc0, 0xdb, 0x0, 0x0, 0x0, 0x0, 0x0, 0x4,
    0xee, 0x10, 0x3f, 0xb0, 0x0, 0x0, 0x0, 0x1,
    0x9f, 0xd2, 0x0, 0x3, 0xfe, 0x50, 0x0, 0x2,
    0x9f, 0xf8, 0x0, 0x0, 0x0, 0x2c, 0xfd, 0x81,
    0xa, 0xe8, 0x10, 0x0, 0x0, 0x0, 0x0, 0x5b,
    0xd0, 0x0, 0x0, 0x0, 0x0, 0x0, 0x0, 0x0,
    0x0, 0x0,

    /* U+51FB "击" */
    0x0, 0x0, 0x0, 0x1, 0x20, 0x0, 0x0, 0x0,
    0x0, 0x0, 0x0, 0x9, 0xc0, 0x0, 0x0, 0x0,
    0x0, 0x0, 0x0, 0x9, 0xc0, 0x0, 0x0, 0x0,
    0x2, 0x55, 0x55, 0x5b, 0xd5, 0x55, 0x55, 0x30,
    0x6, 0xff, 0xff, 0xff, 0xff, 0xff, 0xff, 0xa0,
    0x0, 0x0, 0x0, 0x9, 0xd0, 0x0, 0x0, 0x0,
    0x0, 0x0, 0x0, 0x9, 0xc0, 0x0, 0x0, 0x0,
    0x12, 0x22, 0x22, 0x2a, 0xd2, 0x22, 0x22, 0x22,
    0xcf, 0xff, 0xff, 0xff, 0xff, 0xff, 0xff, 0xfe,
    0x23, 0x33, 0x33, 0x3a, 0xd3, 0x33, 0x33, 0x32,
    0x3, 0xd2, 0x0, 0x9, 0xc0, 0x0, 0xd, 0x50,
    0x4, 0xf2, 0x0, 0x9, 0xc0, 0x0, 0xf, 0x60,
    0x4, 0xf2, 0x0, 0x9, 0xc0, 0x0, 0xf, 0x60,
    0x4, 0xf2, 0x0, 0x9, 0xc0, 0x0, 0xf, 0x60,
    0x4, 0xf2, 0x0, 0x9, 0xc0, 0x0, 0xf, 0x60,
    0x4, 0xff, 0xff, 0xff, 0xff, 0xff, 0xff, 0x60,
    0x1, 0x55, 0x55, 0x55, 0x55, 0x55, 0x5f, 0x60,

    /* U+5206 "分" */
    0x0, 0x0, 0x4, 0x91, 0x0, 0x8, 0x40, 0x0,
    0x0, 0x0, 0x0, 0xc, 0xc0, 0x0, 0xb, 0xc0,
    0x0, 0x0, 0x0, 0x0, 0x4f, 0x40, 0x0, 0x2,
    0xf6, 0x0, 0x0, 0x0, 0x0, 0xdc, 0x0, 0x0,
    0x0, 0x8f, 0x20, 0x0, 0x0, 0x9, 0xf2, 0x0,
    0x0, 0x0, 0xc, 0xd1, 0x0, 0x0, 0x7f, 0x50,
    0x0, 0x0, 0x0, 0x2, 0xec, 0x10, 0x8, 0xfc,
    0x44, 0x44, 0x44, 0x44, 0x44, 0x7f, 0xd1, 0xa,
    0x9a, 0xff, 0xff, 0xff, 0xff, 0xff, 0x94, 0x90,
    0x0, 0x0, 0x0, 0x4f, 0x20, 0x0, 0xe, 0x80,
    0x0, 0x0, 0x0, 0x0, 0x7e, 0x0, 0x0, 0xe,
    0x70, 0x0, 0x0, 0x0, 0x0, 0xcb, 0x0, 0x0,
    0xf, 0x60, 0x0, 0x0, 0x0, 0x4, 0xf4, 0x0,
    0x0, 0x1f, 0x50, 0x0, 0x0, 0x0, 0x1d, 0xc0,
    0x0, 0x0, 0x3f, 0x30, 0x0, 0x0, 0x1, 0xde,
    0x20, 0x0, 0x0, 0x6f, 0x10, 0x0, 0x1, 0x7e,
    0xe2, 0x0, 0x15, 0x45, 0xcd, 0x0, 0x0, 0x8,
    0xf9, 0x10, 0x0, 0xe, 0xff, 0xe4, 0x0, 0x0,
    0x0, 0x10, 0x0, 0x0, 0x0, 0x0, 0x0, 0x0,
    0x0,

    /* U+52A8 "动" */
    0x0, 0x0, 0x0, 0x0, 0x0, 0x3, 0xc0, 0x0,
    0x0, 0x5, 0xdd, 0xdd, 0xdd, 0x70, 0x4, 0xf0,
    0x0, 0x0, 0x2, 0x55, 0x55, 0x55, 0x30, 0x4,
    0xf0, 0x0, 0x0, 0x0, 0x0, 0x0, 0x0, 0x0,
    0x5, 0xf1, 0x0, 0x0, 0x0, 0x0, 0x0, 0x0,
    0xd, 0xff, 0xff, 0xff, 0xf0, 0x4, 0x44, 0x44,
    0x44, 0x45, 0x6a, 0xf6, 0x69, 0xf0, 0xf, 0xff,
    0xff, 0xff, 0xd0, 0x7, 0xd0, 0x6, 0xf0, 0x0,
    0xb, 0xa0, 0x0, 0x0, 0x8, 0xc0, 0x6, 0xe0,
    0x0, 0xf, 0x50, 0x43, 0x0, 0xa, 0xa0, 0x7,
    0xd0, 0x0, 0x4f, 0x10, 0x7c, 0x0, 0xe, 0x70,
    0x8, 0xc0, 0x0, 0x9b, 0x0, 0x1f, 0x30, 0x1f,
    0x40, 0x9, 0xb0, 0x0, 0xe5, 0x3, 0x6e, 0x90,
    0x7f, 0x0, 0xa, 0xa0, 0x8, 0xfd, 0xff, 0xca,
    0xe0, 0xd9, 0x0, 0xc, 0x90, 0x9, 0xb7, 0x30,
    0x0, 0x87, 0xf3, 0x0, 0xe, 0x70, 0x0, 0x0,
    0x0, 0x0, 0x3f, 0xa1, 0x54, 0x8f, 0x30, 0x0,
    0x0, 0x0, 0x0, 0x6d, 0x0, 0xef, 0xf9, 0x0,
    0x0, 0x0, 0x0, 0x0, 0x0, 0x0, 0x0, 0x0,
    0x0,

    /* U+5341 "十" */
    0x0, 0x0, 0x0, 0x0, 0x66, 0x0, 0x0, 0x0,
    0x0, 0x0, 0x0, 0x0, 0x0, 0xbb, 0x0, 0x0,
    0x0, 0x0, 0x0, 0x0, 0x0, 0x0, 0xbb, 0x0,
    0x0, 0x0, 0x0, 0x0, 0x0, 0x0, 0x0, 0xbb,
    0x0, 0x0, 0x0, 0x0, 0x0, 0x0, 0x0, 0x0,
    0xbb, 0x0, 0x0, 0x0, 0x0, 0x0, 0x0, 0x0,
    0x0, 0xbb, 0x0, 0x0, 0x0, 0x0, 0x0, 0x0,
    0x0, 0x0, 0xbb, 0x0, 0x0, 0x0, 0x0, 0x6,
    0x66, 0x66, 0x66, 0xdd, 0x66, 0x66, 0x66, 0x60,
    0xf, 0xff, 0xff, 0xff, 0xff, 0xff, 0xff, 0xff,
    0xf2, 0x0, 0x0, 0x0, 0x0, 0xbb, 0x0, 0x0,
    0x0, 0x0, 0x0, 0x0, 0x0, 0x0, 0xbb, 0x0,
    0x0, 0x0, 0x0, 0x0, 0x0, 0x0, 0x0, 0xbb,
    0x0, 0x0, 0x0, 0x0, 0x0, 0x0, 0x0, 0x0,
    0xbb, 0x0, 0x0, 0x0, 0x0, 0x0, 0x0, 0x0,
    0x0, 0xbb, 0x0, 0x0, 0x0, 0x0, 0x0, 0x0,
    0x0, 0x0, 0xbb, 0x0, 0x0, 0x0, 0x0, 0x0,
    0x0, 0x0, 0x0, 0xbb, 0x0, 0x0, 0x0, 0x0,
    0x0, 0x0, 0x0, 0x0, 0xbb, 0x0, 0x0, 0x0,
    0x0,

    /* U+5373 "即" */
    0x2, 0x22, 0x22, 0x22, 0x0, 0x0, 0x0, 0x0,
    0xf, 0xff, 0xff, 0xfe, 0x6, 0xff, 0xff, 0xf6,
    0xf, 0x50, 0x0, 0x7e, 0x6, 0xf3, 0x33, 0xf6,
    0xf, 0x40, 0x0, 0x6e, 0x6, 0xe0, 0x0, 0xe6,
    0xf, 0x96, 0x66, 0xae, 0x6, 0xe0, 0x0, 0xe6,
    0xf, 0xed, 0xdd, 0xee, 0x6, 0xe0, 0x0, 0xe6,
    0xf, 0x40, 0x0, 0x6e, 0x6, 0xe0, 0x0, 0xe6,
    0xf, 0x40, 0x0, 0x6e, 0x6, 0xe0, 0x0, 0xe6,
    0xf, 0xff, 0xff, 0xfe, 0x6, 0xe0, 0x0, 0xe6,
    0xf, 0x74, 0x44, 0x43, 0x6, 0xe0, 0x0, 0xe6,
    0xf, 0x40, 0x19, 0x10, 0x6, 0xe0, 0x0, 0xe6,
    0xf, 0x40, 0xd, 0xa0, 0x6, 0xe0, 0x56, 0xf5,
    0xf, 0x40, 0x8, 0xf4, 0x6, 0xe0, 0xde, 0xb1,
    0x2f, 0x9a, 0xfe, 0xdc, 0x6, 0xe0, 0x0, 0x0,
    0xaf, 0xd8, 0x30, 0x3f, 0x36, 0xe0, 0x0, 0x0,
    0x23, 0x0, 0x0, 0x1, 0x6, 0xe0, 0x0, 0x0,

    /* U+53CA "及" */
    0x1, 0x22, 0x22, 0x22, 0x22, 0x22, 0x10, 0x0,
    0x0, 0x7, 0xff, 0xff, 0xff, 0xff, 0xff, 0x70,
    0x0, 0x0, 0x1, 0x33, 0x7f, 0x43, 0x33, 0x4f,
    0x40, 0x0, 0x0, 0x0, 0x0, 0x5f, 0x30, 0x0,
    0x5f, 0x0, 0x0, 0x0, 0x0, 0x0, 0x5f, 0x80,
    0x0, 0x9c, 0x0, 0x0, 0x0, 0x0, 0x0, 0x6f,
    0xd0, 0x0, 0xef, 0xff, 0xfe, 0x10, 0x0, 0x0,
    0x7f, 0xf4, 0x0, 0x55, 0x55, 0xbe, 0x0, 0x0,
    0x0, 0xac, 0x8c, 0x0, 0x0, 0x0, 0xf9, 0x0,
    0x0, 0x0, 0xda, 0x1f, 0x50, 0x0, 0x7, 0xf2,
    0x0, 0x0, 0x1, 0xf5, 0x9, 0xe1, 0x0, 0x1e,
    0xa0, 0x0, 0x0, 0x8, 0xf1, 0x0, 0xdb, 0x0,
    0xce, 0x10, 0x0, 0x0, 0xe, 0xa0, 0x0, 0x2e,
    0xba, 0xf4, 0x0, 0x0, 0x0, 0x8f, 0x20, 0x0,
    0x5, 0xff, 0x70, 0x0, 0x0, 0x3, 0xf9, 0x0,
    0x0, 0x6e, 0xee, 0xf8, 0x10, 0x0, 0x2f, 0xc0,
    0x2, 0x8d, 0xf8, 0x0, 0x8f, 0xfa, 0x50, 0x1b,
    0x10, 0xd, 0xe8, 0x20, 0x0, 0x1, 0x7d, 0xc0,
    0x0, 0x0, 0x1, 0x0, 0x0, 0x0, 0x0, 0x0,
    0x0,

    /* U+53CC "双" */
    0xc, 0xff, 0xff, 0xfe, 0x2f, 0xff, 0xff, 0xff,
    0x60, 0x4, 0x55, 0x55, 0x9e, 0xb, 0xc5, 0x55,
    0x5f, 0x50, 0x0, 0x0, 0x0, 0x8c, 0x7, 0xd0,
    0x0, 0x3f, 0x20, 0x2, 0x70, 0x0, 0xb9, 0x3,
    0xf0, 0x0, 0x7f, 0x0, 0x4, 0xf5, 0x0, 0xe6,
    0x0, 0xf3, 0x0, 0xbb, 0x0, 0x0, 0x8f, 0x23,
    0xf2, 0x0, 0xd7, 0x0, 0xf6, 0x0, 0x0, 0xc,
    0xd8, 0xd0, 0x0, 0x9d, 0x6, 0xf1, 0x0, 0x0,
    0x1, 0xef, 0x80, 0x0, 0x3f, 0x2d, 0xb0, 0x0,
    0x0, 0x0, 0x6f, 0x60, 0x0, 0xd, 0xcf, 0x40,
    0x0, 0x0, 0x0, 0xcf, 0xe1, 0x0, 0x7, 0xfb,
    0x0, 0x0, 0x0, 0x5, 0xf5, 0xe9, 0x0, 0x9,
    0xf9, 0x0, 0x0, 0x0, 0xe, 0xa0, 0x6f, 0x20,
    0x8f, 0xbf, 0x50, 0x0, 0x0, 0xaf, 0x10, 0x9,
    0x7, 0xf7, 0xa, 0xf3, 0x0, 0x9, 0xf4, 0x0,
    0x2, 0xcf, 0x80, 0x0, 0xcf, 0x70, 0x1e, 0x50,
    0x0, 0x6, 0xe4, 0x0, 0x0, 0x9, 0xe1, 0x0,
    0x0, 0x0, 0x0, 0x0, 0x0, 0x0, 0x0, 0x10,

    /* U+53D6 "取" */
    0x4, 0x44, 0x44, 0x44, 0x40, 0x0, 0x0, 0x0,
    0x0, 0x2e, 0xff, 0xee, 0xff, 0xe2, 0x11, 0x11,
    0x11, 0x0, 0x0, 0xe5, 0x0, 0x9b, 0xe, 0xff,
    0xff, 0xff, 0xa0, 0x0, 0xe5, 0x0, 0x9b, 0x2,
    0xe6, 0x22, 0x2d, 0x70, 0x0, 0xe8, 0x44, 0xbb,
    0x0, 0xb7, 0x0, 0xf, 0x40, 0x0, 0xee, 0xdd,
    0xfb, 0x0, 0x7b, 0x0, 0x4f, 0x10, 0x0, 0xe5,
    0x0, 0x9b, 0x0, 0x4e, 0x0, 0x8c, 0x0, 0x0,
    0xe5, 0x0, 0x9b, 0x0, 0xf, 0x30, 0xd7, 0x0,
    0x0, 0xef, 0xff, 0xfb, 0x0, 0xa, 0x94, 0xf1,
    0x0, 0x0, 0xe8, 0x33, 0xbb, 0x0, 0x4, 0xfb,
    0xa0, 0x0, 0x0, 0xe5, 0x0, 0x9b, 0x0, 0x0,
    0xef, 0x30, 0x0, 0x0, 0xe6, 0x25, 0xce, 0xc3,
    0x0, 0xdf, 0x10, 0x0, 0x2b, 0xff, 0xfd, 0xed,
    0x51, 0xa, 0xed, 0xc0, 0x0, 0x8, 0x53, 0x0,
    0x9b, 0x0, 0x7f, 0x32, 0xfa, 0x0, 0x0, 0x0,
    0x0, 0x9b, 0xa, 0xf5, 0x0, 0x4f, 0xc1, 0x0,
    0x0, 0x0, 0x9b, 0x1c, 0x30, 0x0, 0x3, 0xb0,
    0x0, 0x0, 0x0, 0x0, 0x0, 0x0, 0x0, 0x0,
    0x0,

    /* U+53EF "可" */
    0xff, 0xff, 0xff, 0xff, 0xff, 0xff, 0xff, 0xff,
    0x6, 0x66, 0x66, 0x66, 0x66, 0x66, 0x6b, 0xe6,
    0x60, 0x0, 0x0, 0x0, 0x0, 0x0, 0x0, 0x8d,
    0x0, 0x0, 0x0, 0x0, 0x0, 0x0, 0x0, 0x8,
    0xd0, 0x0, 0x2, 0xff, 0xff, 0xff, 0xf3, 0x0,
    0x8d, 0x0, 0x0, 0x2f, 0x75, 0x55, 0x6f, 0x30,
    0x8, 0xd0, 0x0, 0x2, 0xf2, 0x0, 0x1, 0xf3,
    0x0, 0x8d, 0x0, 0x0, 0x2f, 0x20, 0x0, 0x1f,
    0x30, 0x8, 0xd0, 0x0, 0x2, 0xf2, 0x0, 0x1,
    0xf3, 0x0, 0x8d, 0x0, 0x0, 0x2f, 0x75, 0x55,
    0x6f, 0x30, 0x8, 0xd0, 0x0, 0x2, 0xff, 0xff,
    0xff, 0xf3, 0x0, 0x8d, 0x0, 0x0, 0x2f, 0x20,
    0x0, 0x0, 0x0, 0x8, 0xd0, 0x0, 0x0, 0x30,
    0x0, 0x0, 0x0, 0x0, 0x8d, 0x0, 0x0, 0x0,
    0x0, 0x0, 0x2, 0x76, 0x6c, 0xc0, 0x0, 0x0,
    0x0, 0x0, 0x0, 0x1f, 0xff, 0xc4, 0x0, 0x0,

    /* U+53F7 "号" */
    0x0, 0x23, 0x33, 0x33, 0x33, 0x33, 0x32, 0x0,
    0x0, 0xbf, 0xff, 0xff, 0xff, 0xff, 0xf9, 0x0,
    0x0, 0xb9, 0x0, 0x0, 0x0, 0x0, 0xc9, 0x0,
    0x0, 0xb9, 0x0, 0x0, 0x0, 0x0, 0xc9, 0x0,
    0x0, 0xbf, 0xff, 0xff, 0xff, 0xff, 0xf9, 0x0,
    0x0, 0x23, 0x33, 0x33, 0x33, 0x33, 0x32, 0x0,
    0x0, 0x0, 0x0, 0x0, 0x0, 0x0, 0x0, 0x0,
    0xef, 0xff, 0xff, 0xff, 0xff, 0xff, 0xff, 0xfb,
    0x44, 0x48, 0xf6, 0x44, 0x44, 0x44, 0x44, 0x43,
    0x0, 0xa, 0xd0, 0x0, 0x0, 0x0, 0x0, 0x0,
    0x0, 0x1f, 0xfd, 0xdd, 0xdd, 0xdd, 0xd8, 0x0,
    0x0, 0x15, 0x55, 0x55, 0x55, 0x55, 0xf6, 0x0,
    0x0, 0x0, 0x0, 0x0, 0x0, 0x3, 0xf3, 0x0,
    0x0, 0x0, 0x0, 0x0, 0x0, 0x7, 0xf0, 0x0,
    0x0, 0x0, 0x0, 0x4, 0x33, 0x4e, 0xa0, 0x0,
    0x0, 0x0, 0x0, 0xb, 0xff, 0xfc, 0x10, 0x0,
    0x0, 0x0, 0x0, 0x0, 0x0, 0x0, 0x0, 0x0,

    /* U+540E "后" */
    0x0, 0x0, 0x0, 0x0, 0x0, 0x0, 0x0, 0x10,
    0x0, 0x0, 0x0, 0x0, 0x1, 0x34, 0x79, 0xbe,
    0xf8, 0x0, 0x0, 0x3c, 0xdf, 0xff, 0xfe, 0xdb,
    0x86, 0x30, 0x0, 0x0, 0x4f, 0x74, 0x31, 0x0,
    0x0, 0x0, 0x0, 0x0, 0x0, 0x4f, 0x10, 0x0,
    0x0, 0x0, 0x0, 0x0, 0x0, 0x0, 0x4f, 0x32,
    0x22, 0x22, 0x22, 0x22, 0x22, 0x20, 0x0, 0x4f,
    0xff, 0xff, 0xff, 0xff, 0xff, 0xff, 0xf2, 0x0,
    0x4f, 0x32, 0x22, 0x22, 0x22, 0x22, 0x22, 0x20,
    0x0, 0x5f, 0x0, 0x0, 0x0, 0x0, 0x0, 0x0,
    0x0, 0x0, 0x6f, 0x1, 0x44, 0x44, 0x44, 0x44,
    0x43, 0x0, 0x0, 0x7e, 0x6, 0xff, 0xff, 0xff,
    0xff, 0xfe, 0x0, 0x0, 0x9c, 0x6, 0xf0, 0x0,
    0x0, 0x0, 0x7e, 0x0, 0x0, 0xd9, 0x6, 0xf0,
    0x0, 0x0, 0x0, 0x7e, 0x0, 0x1, 0xf5, 0x6,
    0xf0, 0x0, 0x0, 0x0, 0x7e, 0x0, 0x7, 0xf1,
    0x6, 0xf0, 0x0, 0x0, 0x0, 0x7e, 0x0, 0x1e,
    0x90, 0x6, 0xff, 0xff, 0xff, 0xff, 0xfe, 0x0,
    0x2e, 0x10, 0x6, 0xf4, 0x44, 0x44, 0x44, 0xae,
    0x0, 0x0, 0x0, 0x0, 0x0, 0x0, 0x0, 0x0,
    0x0, 0x0,

    /* U+56DE "回" */
    0x25, 0x55, 0x55, 0x55, 0x55, 0x55, 0x55, 0x53,
    0x7f, 0xff, 0xff, 0xff, 0xff, 0xff, 0xff, 0xf8,
    0x7e, 0x0, 0x0, 0x0, 0x0, 0x0, 0x0, 0xe8,
    0x7e, 0x0, 0x0, 0x0, 0x0, 0x0, 0x0, 0xe8,
    0x7e, 0x0, 0x13, 0x33, 0x33, 0x31, 0x0, 0xe8,
    0x7e, 0x0, 0x5f, 0xff, 0xff, 0xf6, 0x0, 0xe8,
    0x7e, 0x0, 0x5e, 0x0, 0x0, 0xe6, 0x0, 0xe8,
    0x7e, 0x0, 0x5e, 0x0, 0x0, 0xe6, 0x0, 0xe8,
    0x7e, 0x0, 0x5e, 0x0, 0x0, 0xe6, 0x0, 0xe8,
    0x7e, 0x0, 0x5e, 0x0, 0x0, 0xe6, 0x0, 0xe8,
    0x7e, 0x0, 0x5f, 0xff, 0xff, 0xf6, 0x0, 0xe8,
    0x7e, 0x0, 0x13, 0x33, 0x33, 0x31, 0x0, 0xe8,
    0x7e, 0x0, 0x0, 0x0, 0x0, 0x0, 0x0, 0xe8,
    0x7e, 0x0, 0x0, 0x0, 0x0, 0x0, 0x0, 0xe8,
    0x7f, 0xff, 0xff, 0xff, 0xff, 0xff, 0xff, 0xf8,
    0x7f, 0x55, 0x55, 0x55, 0x55, 0x55, 0x55, 0xf8,

    /* U+5757 "块" */
    0x0, 0x1, 0x0, 0x0, 0x0, 0x1, 0x0, 0x0,
    0x0, 0x0, 0xe, 0x60, 0x0, 0x0, 0x5e, 0x0,
    0x0, 0x0, 0x0, 0xe, 0x60, 0x0, 0x0, 0x5e,
    0x0, 0x0, 0x0, 0x0, 0xe, 0x60, 0x2, 0x33,
    0x8f, 0x33, 0x33, 0x0, 0x0, 0xe, 0x60, 0xa,
    0xff, 0xff, 0xff, 0xfe, 0x0, 0xf, 0xff, 0xff,
    0x50, 0x0, 0x6f, 0x0, 0x6e, 0x0, 0x5, 0x5e,
    0x95, 0x10, 0x0, 0x5e, 0x0, 0x5e, 0x0, 0x0,
    0xe, 0x60, 0x0, 0x0, 0x6e, 0x0, 0x5e, 0x0,
    0x0, 0xe, 0x60, 0x0, 0x0, 0x7e, 0x0, 0x5e,
    0x0, 0x0, 0xe, 0x60, 0x4f, 0xff, 0xff, 0xff,
    0xff, 0xf2, 0x0, 0xe, 0x61, 0x35, 0x55, 0xdf,
    0xd5, 0x55, 0x50, 0x0, 0xe, 0xcf, 0x90, 0x1,
    0xf8, 0xf2, 0x0, 0x0, 0x6, 0xcf, 0xd5, 0x0,
    0x8, 0xf1, 0xc9, 0x0, 0x0, 0x2f, 0xb4, 0x0,
    0x0, 0x2f, 0x70, 0x4f, 0x30, 0x0, 0x1, 0x0,
    0x0, 0x2, 0xec, 0x0, 0xa, 0xe3, 0x0, 0x0,
    0x0, 0x0, 0x7f, 0xc0, 0x0, 0x0, 0xcf, 0x60,
    0x0, 0x0, 0x8, 0xf8, 0x0, 0x0, 0x0, 0x1a,
    0xf3, 0x0, 0x0, 0x0, 0x20, 0x0, 0x0, 0x0,
    0x0, 0x20,

    /* U+594F "奏" */
    0x0, 0x0, 0x0, 0x0, 0x33, 0x0, 0x0, 0x0,
    0x0, 0x0, 0x0, 0x0, 0x0, 0xab, 0x0, 0x0,
    0x0, 0x0, 0x0, 0xae, 0xee, 0xee, 0xff, 0xee,
    0xee, 0xeb, 0x0, 0x0, 0x22, 0x22, 0x23, 0xf7,
    0x22, 0x22, 0x22, 0x0, 0x0, 0x2, 0x22, 0x25,
    0xf4, 0x22, 0x22, 0x20, 0x0, 0x0, 0xf, 0xff,
    0xff, 0xff, 0xff, 0xff, 0xf1, 0x0, 0x0, 0x0,
    0x0, 0x2f, 0x50, 0x0, 0x0, 0x0, 0x0, 0xf,
    0xff, 0xff, 0xff, 0xff, 0xff, 0xff, 0xff, 0xf0,
    0x2, 0x22, 0x2c, 0xe3, 0x22, 0x2d, 0xc2, 0x22,
    0x20, 0x0, 0x0, 0xbf, 0x71, 0x11, 0x15, 0xfb,
    0x0, 0x0, 0x0, 0x4d, 0xfa, 0xff, 0xff, 0xff,
    0xae, 0xd5, 0x0, 0x1c, 0xfb, 0x20, 0x0, 0xb9,
    0x0, 0x1, 0x9f, 0xe3, 0x7, 0x3a, 0xcc, 0xcc,
    0xfe, 0xcc, 0xcc, 0xa1, 0x60, 0x0, 0x3, 0x44,
    0x4c, 0xe5, 0x95, 0x44, 0x40, 0x0, 0x0, 0x0,
    0x0, 0x9f, 0x42, 0xdf, 0x92, 0x0, 0x0, 0x0,
    0x2, 0x8e, 0xd3, 0x0, 0x4, 0xcf, 0x91, 0x0,
    0x0, 0x6f, 0xc6, 0x0, 0x0, 0x0, 0x5, 0xeb,
    0x0, 0x0, 0x1, 0x0, 0x0, 0x0, 0x0, 0x0,
    0x1, 0x0,

    /* U+59CB "始" */
    0x0, 0x0, 0x0, 0x0, 0x0, 0x0, 0x0, 0x0,
    0x0, 0x0, 0xb, 0x60, 0x0, 0x0, 0x1e, 0x50,
    0x0, 0x0, 0x0, 0xf, 0x40, 0x0, 0x0, 0x8f,
    0x10, 0x0, 0x0, 0x0, 0x1f, 0x20, 0x0, 0x1,
    0xf7, 0x0, 0x20, 0x0, 0x4, 0x7f, 0x54, 0x40,
    0x9, 0xd0, 0x6, 0xe1, 0x0, 0x2f, 0xff, 0xff,
    0xf0, 0x3f, 0x30, 0x0, 0xbb, 0x0, 0x0, 0xa8,
    0x5, 0xd0, 0xd8, 0x12, 0x34, 0x6f, 0x60, 0x0,
    0xe5, 0x8, 0xba, 0xff, 0xff, 0xff, 0xed, 0xe0,
    0x2, 0xf1, 0xa, 0x94, 0x64, 0x32, 0x0, 0x0,
    0xd3, 0x6, 0xd0, 0xd, 0x60, 0x0, 0x0, 0x0,
    0x0, 0x0, 0xa, 0xe2, 0x2f, 0x10, 0xdf, 0xff,
    0xff, 0xff, 0x50, 0x1, 0xbf, 0xbc, 0x0, 0xd9,
    0x44, 0x44, 0x4f, 0x50, 0x0, 0x8, 0xfa, 0x0,
    0xd6, 0x0, 0x0, 0xf, 0x50, 0x0, 0x6, 0xff,
    0x60, 0xd6, 0x0, 0x0, 0xf, 0x50, 0x0, 0x2f,
    0x68, 0xf2, 0xd6, 0x0, 0x0, 0xf, 0x50, 0x2,
    0xd9, 0x0, 0x70, 0xd9, 0x55, 0x55, 0x5f, 0x50,
    0xc, 0x50, 0x0, 0x0, 0xde, 0xdd, 0xdd, 0xdf,
    0x50,

    /* U+5B50 "子" */
    0x0, 0x0, 0x0, 0x0, 0x0, 0x0, 0x0, 0x0,
    0x0, 0x0, 0x4f, 0xff, 0xff, 0xff, 0xff, 0xff,
    0xf5, 0x0, 0x0, 0x15, 0x55, 0x55, 0x55, 0x55,
    0xbf, 0xb1, 0x0, 0x0, 0x0, 0x0, 0x0, 0x0,
    0x9, 0xf8, 0x0, 0x0, 0x0, 0x0, 0x0, 0x0,
    0x6, 0xed, 0x40, 0x0, 0x0, 0x0, 0x0, 0x0,
    0x0, 0x9f, 0x80, 0x0, 0x0, 0x0, 0x0, 0x0,
    0x0, 0x0, 0x9c, 0x0, 0x0, 0x0, 0x0, 0x1,
    0x11, 0x11, 0x11, 0xac, 0x11, 0x11, 0x11, 0x10,
    0x1f, 0xff, 0xff, 0xff, 0xff, 0xff, 0xff, 0xff,
    0xf2, 0x3, 0x33, 0x33, 0x33, 0xbd, 0x33, 0x33,
    0x33, 0x30, 0x0, 0x0, 0x0, 0x0, 0x9c, 0x0,
    0x0, 0x0, 0x0, 0x0, 0x0, 0x0, 0x0, 0x9c,
    0x0, 0x0, 0x0, 0x0, 0x0, 0x0, 0x0, 0x0,
    0x9c, 0x0, 0x0, 0x0, 0x0, 0x0, 0x0, 0x0,
    0x0, 0x9c, 0x0, 0x0, 0x0, 0x0, 0x0, 0x0,
    0x15, 0x55, 0xcb, 0x0, 0x0, 0x0, 0x0, 0x0,
    0x0, 0xe, 0xff, 0xd4, 0x0, 0x0, 0x0, 0x0,
    0x0, 0x0, 0x0, 0x0, 0x0, 0x0, 0x0, 0x0,
    0x0,

    /* U+5B9A "定" */
    0x0, 0x0, 0x0, 0x0, 0x1, 0x0, 0x0, 0x0,
    0x0, 0x0, 0x0, 0x0, 0x0, 0xe9, 0x0, 0x0,
    0x0, 0x0, 0x0, 0x11, 0x11, 0x11, 0x8f, 0x21,
    0x11, 0x11, 0x0, 0x6, 0xff, 0xff, 0xff, 0xff,
    0xff, 0xff, 0xff, 0x70, 0x6, 0xe2, 0x22, 0x22,
    0x22, 0x22, 0x22, 0x2e, 0x70, 0x6, 0xe0, 0x0,
    0x0, 0x0, 0x0, 0x0, 0xe, 0x70, 0x5, 0xc0,
    0x55, 0x55, 0x55, 0x55, 0x55, 0x3c, 0x60, 0x0,
    0x0, 0xff, 0xff, 0xff, 0xff, 0xff, 0x80, 0x0,
    0x0, 0x0, 0x0, 0x0, 0x7e, 0x0, 0x0, 0x0,
    0x0, 0x0, 0x0, 0x94, 0x0, 0x7e, 0x0, 0x0,
    0x0, 0x0, 0x0, 0x0, 0xf5, 0x0, 0x7f, 0x44,
    0x44, 0x41, 0x0, 0x0, 0x4, 0xf3, 0x0, 0x7f,
    0xff, 0xff, 0xf4, 0x0, 0x0, 0x9, 0xf8, 0x0,
    0x7e, 0x0, 0x0, 0x0, 0x0, 0x0, 0xe, 0xbf,
    0x30, 0x7e, 0x0, 0x0, 0x0, 0x0, 0x0, 0x8e,
    0x18, 0xf8, 0x8e, 0x0, 0x0, 0x0, 0x0, 0x4,
    0xf7, 0x0, 0x8f, 0xff, 0x87, 0x65, 0x55, 0x50,
    0xe, 0x90, 0x0, 0x2, 0x7b, 0xef, 0xff, 0xff,
    0xe0, 0x1, 0x0, 0x0, 0x0, 0x0, 0x0, 0x0,
    0x0, 0x0,

    /* U+5C06 "将" */
    0x0, 0x0, 0x83, 0x0, 0x0, 0x6, 0x10, 0x0,
    0x0, 0x0, 0x0, 0xe6, 0x0, 0x0, 0x8f, 0x30,
    0x0, 0x0, 0x0, 0x0, 0xe6, 0x0, 0x9, 0xff,
    0xee, 0xee, 0x70, 0xa, 0x10, 0xe6, 0x4, 0xdd,
    0x43, 0x33, 0x9f, 0x20, 0xb, 0xd1, 0xe6, 0x6f,
    0x86, 0x50, 0x3, 0xf7, 0x0, 0x0, 0xda, 0xe6,
    0x2, 0x4, 0xf5, 0x6f, 0x80, 0x0, 0x0, 0x3b,
    0xf6, 0x0, 0x0, 0x8f, 0xf5, 0x0, 0x0, 0x0,
    0x0, 0xe6, 0x2, 0x6c, 0xf9, 0x23, 0x80, 0x0,
    0x0, 0x0, 0xe6, 0x5f, 0xd8, 0x20, 0x6, 0xe0,
    0x0, 0x0, 0x2, 0xf6, 0x37, 0x44, 0x44, 0x49,
    0xf4, 0x40, 0x0, 0x3e, 0xf6, 0xbf, 0xff, 0xff,
    0xff, 0xff, 0xf1, 0x6, 0xf8, 0xe6, 0x1, 0x70,
    0x0, 0x6, 0xe0, 0x0, 0x2f, 0x60, 0xe6, 0x1,
    0xea, 0x0, 0x6, 0xe0, 0x0, 0x1, 0x0, 0xe6,
    0x0, 0x2f, 0x70, 0x6, 0xe0, 0x0, 0x0, 0x0,
    0xe6, 0x0, 0x6, 0xa0, 0x6, 0xe0, 0x0, 0x0,
    0x0, 0xe6, 0x0, 0x0, 0x4, 0x39, 0xe0, 0x0,
    0x0, 0x0, 0xe6, 0x0, 0x0, 0xe, 0xfe, 0x70,
    0x0,

    /* U+5C0F "小" */
    0x0, 0x0, 0x0, 0x0, 0x24, 0x0, 0x0, 0x0,
    0x0, 0x0, 0x0, 0x0, 0x0, 0x8e, 0x0, 0x0,
    0x0, 0x0, 0x0, 0x0, 0x0, 0x0, 0x8e, 0x0,
    0x0, 0x0, 0x0, 0x0, 0x0, 0x0, 0x0, 0x8e,
    0x0, 0x0, 0x0, 0x0, 0x0, 0x0, 0x0, 0x0,
    0x8e, 0x0, 0x0, 0x0, 0x0, 0x0, 0x6, 0xf1,
    0x0, 0x8e, 0x0, 0xe, 0x70, 0x0, 0x0, 0xb,
    0xd0, 0x0, 0x8e, 0x0, 0x9, 0xe1, 0x0, 0x0,
    0xf, 0x80, 0x0, 0x8e, 0x0, 0x1, 0xf8, 0x0,
    0x0, 0x4f, 0x30, 0x0, 0x8e, 0x0, 0x0, 0x9f,
    0x10, 0x0, 0xae, 0x0, 0x0, 0x8e, 0x0, 0x0,
    0x1f, 0x80, 0x2, 0xf7, 0x0, 0x0, 0x8e, 0x0,
    0x0, 0xb, 0xe0, 0xb, 0xe1, 0x0, 0x0, 0x8e,
    0x0, 0x0, 0x5, 0xf4, 0x1c, 0x50, 0x0, 0x0,
    0x8e, 0x0, 0x0, 0x0, 0xf8, 0x0, 0x0, 0x0,
    0x0, 0x8e, 0x0, 0x0, 0x0, 0x30, 0x0, 0x0,
    0x0, 0x0, 0x8e, 0x0, 0x0, 0x0, 0x0, 0x0,
    0x0, 0x5, 0x55, 0xcd, 0x0, 0x0, 0x0, 0x0,
    0x0, 0x0, 0xa, 0xff, 0xd5, 0x0, 0x0, 0x0,
    0x0, 0x0, 0x0, 0x0, 0x0, 0x0, 0x0, 0x0,
    0x0, 0x0,

    /* U+5C11 "少" */
    0x0, 0x0, 0x0, 0x0, 0x10, 0x0, 0x0, 0x0,
    0x0, 0x0, 0x0, 0x0, 0x0, 0xe6, 0x0, 0x0,
    0x0, 0x0, 0x0, 0x0, 0x0, 0x0, 0xe6, 0x0,
    0x0, 0x0, 0x0, 0x0, 0x0, 0x20, 0x0, 0xe6,
    0x0, 0x2, 0x0, 0x0, 0x0, 0x4, 0xf2, 0x0,
    0xe6, 0x0, 0x1f, 0x40, 0x0, 0x0, 0xb, 0xb0,
    0x0, 0xe6, 0x0, 0x8, 0xe0, 0x0, 0x0, 0x2f,
    0x30, 0x0, 0xe6, 0x0, 0x0, 0xd9, 0x0, 0x0,
    0xcb, 0x0, 0x0, 0xe6, 0x0, 0x0, 0x4f, 0x20,
    0x7, 0xf2, 0x0, 0x0, 0xe6, 0x0, 0x0, 0xc,
    0xb0, 0xa, 0x70, 0x0, 0x0, 0xe6, 0x0, 0x0,
    0x3, 0x90, 0x0, 0x0, 0x0, 0x0, 0xe6, 0x0,
    0x7, 0x60, 0x0, 0x0, 0x0, 0x0, 0x0, 0xe6,
    0x0, 0x7f, 0x40, 0x0, 0x0, 0x0, 0x0, 0x0,
    0x0, 0x7, 0xf6, 0x0, 0x0, 0x0, 0x0, 0x0,
    0x0, 0x4, 0xdf, 0x60, 0x0, 0x0, 0x0, 0x0,
    0x0, 0x16, 0xbf, 0xa1, 0x0, 0x0, 0x0, 0x0,
    0x25, 0x8c, 0xff, 0x93, 0x0, 0x0, 0x0, 0x0,
    0x2f, 0xff, 0xda, 0x50, 0x0, 0x0, 0x0, 0x0,
    0x0, 0x5, 0x30, 0x0, 0x0, 0x0, 0x0, 0x0,
    0x0, 0x0,

    /* U+5DF2 "已" */
    0x3f, 0xff, 0xff, 0xff, 0xff, 0xff, 0xfe, 0x0,
    0x1, 0x55, 0x55, 0x55, 0x55, 0x55, 0x5a, 0xe0,
    0x0, 0x0, 0x0, 0x0, 0x0, 0x0, 0x0, 0x7e,
    0x0, 0x0, 0x4d, 0x0, 0x0, 0x0, 0x0, 0x7,
    0xe0, 0x0, 0x5, 0xf0, 0x0, 0x0, 0x0, 0x0,
    0x7e, 0x0, 0x0, 0x5f, 0x0, 0x0, 0x0, 0x0,
    0x7, 0xe0, 0x0, 0x5, 0xff, 0xff, 0xff, 0xff,
    0xff, 0xfe, 0x0, 0x0, 0x5f, 0x55, 0x55, 0x55,
    0x55, 0x5a, 0xe0, 0x0, 0x5, 0xf0, 0x0, 0x0,
    0x0, 0x0, 0x24, 0x0, 0x0, 0x5f, 0x0, 0x0,
    0x0, 0x0, 0x0, 0x0, 0x0, 0x5, 0xf0, 0x0,
    0x0, 0x0, 0x0, 0x0, 0x3a, 0x10, 0x5f, 0x0,
    0x0, 0x0, 0x0, 0x0, 0x5, 0xf1, 0x5, 0xf0,
    0x0, 0x0, 0x0, 0x0, 0x0, 0x9e, 0x0, 0x2f,
    0xa5, 0x55, 0x55, 0x55, 0x55, 0x8f, 0x80, 0x0,
    0x6d, 0xff, 0xff, 0xff, 0xff, 0xfd, 0x80, 0x0,

    /* U+5E7F "广" */
    0x0, 0x0, 0x0, 0x0, 0x0, 0x0, 0x0, 0x0,
    0x0, 0x0, 0x0, 0x0, 0x6, 0xf1, 0x0, 0x0,
    0x0, 0x0, 0x0, 0x0, 0x0, 0x1f, 0x70, 0x0,
    0x0, 0x0, 0x2, 0x55, 0x55, 0x55, 0xec, 0x55,
    0x55, 0x55, 0x0, 0x6f, 0xff, 0xff, 0xff, 0xff,
    0xff, 0xff, 0xe0, 0x6, 0xf0, 0x0, 0x0, 0x0,
    0x0, 0x0, 0x0, 0x0, 0x6f, 0x0, 0x0, 0x0,
    0x0, 0x0, 0x0, 0x0, 0x6, 0xf0, 0x0, 0x0,
    0x0, 0x0, 0x0, 0x0, 0x0, 0x6f, 0x0, 0x0,
    0x0, 0x0, 0x0, 0x0, 0x0, 0x7, 0xf0, 0x0,
    0x0, 0x0, 0x0, 0x0, 0x0, 0x0, 0x8e, 0x0,
    0x0, 0x0, 0x0, 0x0, 0x0, 0x0, 0xa, 0xd0,
    0x0, 0x0, 0x0, 0x0, 0x0, 0x0, 0x0, 0xbb,
    0x0, 0x0, 0x0, 0x0, 0x0, 0x0, 0x0, 0xe,
    0x80, 0x0, 0x0, 0x0, 0x0, 0x0, 0x0, 0x3,
    0xf4, 0x0, 0x0, 0x0, 0x0, 0x0, 0x0, 0x0,
    0xae, 0x0, 0x0, 0x0, 0x0, 0x0, 0x0, 0x0,
    0x1f, 0x70, 0x0, 0x0, 0x0, 0x0, 0x0, 0x0,
    0x0, 0x50, 0x0, 0x0, 0x0, 0x0, 0x0, 0x0,
    0x0,

    /* U+5E84 "庄" */
    0x0, 0x0, 0x0, 0x0, 0x24, 0x0, 0x0, 0x0,
    0x0, 0x0, 0x0, 0x0, 0x7, 0xf1, 0x0, 0x0,
    0x0, 0x0, 0x0, 0x0, 0x0, 0xe, 0x70, 0x0,
    0x0, 0x0, 0xc, 0xee, 0xee, 0xee, 0xfe, 0xee,
    0xee, 0xec, 0x0, 0xda, 0x55, 0x55, 0x55, 0x55,
    0x55, 0x55, 0x40, 0xd, 0x70, 0x0, 0x0, 0x4a,
    0x0, 0x0, 0x0, 0x0, 0xd7, 0x0, 0x0, 0x6,
    0xe0, 0x0, 0x0, 0x0, 0xd, 0x70, 0x0, 0x0,
    0x6e, 0x0, 0x0, 0x0, 0x0, 0xd7, 0x1, 0x11,
    0x17, 0xf1, 0x11, 0x11, 0x0, 0xe, 0x72, 0xff,
    0xff, 0xff, 0xff, 0xff, 0xf1, 0x0, 0xe6, 0x3,
    0x33, 0x38, 0xf3, 0x33, 0x33, 0x0, 0xf, 0x40,
    0x0, 0x0, 0x6e, 0x0, 0x0, 0x0, 0x1, 0xf3,
    0x0, 0x0, 0x6, 0xe0, 0x0, 0x0, 0x0, 0x4f,
    0x0, 0x0, 0x0, 0x6e, 0x0, 0x0, 0x0, 0x8,
    0xd0, 0x0, 0x0, 0x6, 0xe0, 0x0, 0x0, 0x0,
    0xd9, 0x14, 0x44, 0x44, 0x9f, 0x44, 0x44, 0x44,
    0x3f, 0x36, 0xff, 0xff, 0xff, 0xff, 0xff, 0xff,
    0xf1, 0x80, 0x0, 0x0, 0x0, 0x0, 0x0, 0x0,
    0x0,

    /* U+5E94 "应" */
    0x0, 0x0, 0x0, 0x0, 0x14, 0x0, 0x0, 0x0,
    0x0, 0x0, 0x0, 0x0, 0x0, 0x5f, 0x20, 0x0,
    0x0, 0x0, 0x0, 0x0, 0x0, 0x0, 0xe, 0x90,
    0x0, 0x0, 0x0, 0x0, 0xdf, 0xff, 0xff, 0xff,
    0xff, 0xff, 0xff, 0xe0, 0x0, 0xda, 0x55, 0x55,
    0x55, 0x55, 0x55, 0x55, 0x40, 0x0, 0xd8, 0x0,
    0x0, 0x3, 0x0, 0x0, 0x22, 0x0, 0x0, 0xd8,
    0x4, 0x0, 0x3f, 0x10, 0x0, 0x9f, 0x0, 0x0,
    0xd8, 0x1f, 0x40, 0xf, 0x50, 0x0, 0xe9, 0x0,
    0x0, 0xd7, 0xc, 0x90, 0xb, 0xa0, 0x3, 0xf4,
    0x0, 0x0, 0xe7, 0x6, 0xf0, 0x7, 0xe0, 0x8,
    0xe0, 0x0, 0x0, 0xf6, 0x1, 0xf4, 0x3, 0xf2,
    0xd, 0x80, 0x0, 0x0, 0xf5, 0x0, 0xc9, 0x0,
    0xf4, 0x5f, 0x10, 0x0, 0x2, 0xf3, 0x0, 0x8b,
    0x0, 0x0, 0xd9, 0x0, 0x0, 0x5, 0xf0, 0x0,
    0x0, 0x0, 0x5, 0xf1, 0x0, 0x0, 0x9, 0xd0,
    0x0, 0x0, 0x0, 0xd, 0x90, 0x0, 0x0, 0xe,
    0x83, 0xee, 0xee, 0xee, 0xef, 0xfe, 0xee, 0xe2,
    0x3f, 0x21, 0x55, 0x55, 0x55, 0x55, 0x55, 0x55,
    0x50, 0x1, 0x0, 0x0, 0x0, 0x0, 0x0, 0x0,
    0x0, 0x0,

    /* U+5F00 "开" */
    0x5, 0xff, 0xff, 0xff, 0xff, 0xff, 0xff, 0xff,
    0x70, 0x2, 0x55, 0x5d, 0xc5, 0x55, 0x58, 0xf6,
    0x55, 0x20, 0x0, 0x0, 0xb, 0xa0, 0x0, 0x4,
    0xf0, 0x0, 0x0, 0x0, 0x0, 0xb, 0xa0, 0x0,
    0x4, 0xf0, 0x0, 0x0, 0x0, 0x0, 0xb, 0xa0,
    0x0, 0x4, 0xf0, 0x0, 0x0, 0x0, 0x0, 0xb,
    0xa0, 0x0, 0x4, 0xf0, 0x0, 0x0, 0x5, 0x55,
    0x5d, 0xc5, 0x55, 0x58, 0xf6, 0x55, 0x50, 0xf,
    0xff, 0xff, 0xff, 0xff, 0xff, 0xff, 0xff, 0xf1,
    0x0, 0x0, 0xe, 0x70, 0x0, 0x4, 0xf0, 0x0,
    0x0, 0x0, 0x0, 0x2f, 0x40, 0x0, 0x4, 0xf0,
    0x0, 0x0, 0x0, 0x0, 0x8e, 0x0, 0x0, 0x4,
    0xf0, 0x0, 0x0, 0x0, 0x2, 0xf8, 0x0, 0x0,
    0x4, 0xf0, 0x0, 0x0, 0x0, 0x1d, 0xd0, 0x0,
    0x0, 0x4, 0xf0, 0x0, 0x0, 0x4, 0xee, 0x20,
    0x0, 0x0, 0x4, 0xf0, 0x0, 0x0, 0x9, 0xb1,
    0x0, 0x0, 0x0, 0x4, 0xf0, 0x0, 0x0, 0x0,
    0x0, 0x0, 0x0, 0x0, 0x0, 0x0, 0x0, 0x0,

    /* U+5FEB "快" */
    0x0, 0x8, 0x30, 0x0, 0x0, 0x46, 0x0, 0x0,
    0x0, 0x0, 0xe, 0x60, 0x0, 0x0, 0x8c, 0x0,
    0x0, 0x0, 0x0, 0xe, 0x60, 0x0, 0x0, 0x8c,
    0x0, 0x0, 0x0, 0x0, 0xe, 0x61, 0x4, 0x44,
    0xad, 0x44, 0x43, 0x0, 0x5, 0x3e, 0xcb, 0x1f,
    0xff, 0xff, 0xff, 0xfd, 0x0, 0xb, 0x5e, 0x7e,
    0x30, 0x0, 0x9c, 0x0, 0x8d, 0x0, 0xd, 0x3e,
    0x69, 0x90, 0x0, 0x9c, 0x0, 0x8d, 0x0, 0x1f,
    0xe, 0x62, 0x20, 0x0, 0x9c, 0x0, 0x8d, 0x0,
    0x5c, 0xe, 0x60, 0x0, 0x0, 0xab, 0x0, 0x8d,
    0x0, 0x1, 0xe, 0x60, 0xff, 0xff, 0xff, 0xff,
    0xff, 0xf5, 0x0, 0xe, 0x60, 0x55, 0x55, 0xff,
    0xa5, 0x55, 0x52, 0x0, 0xe, 0x60, 0x0, 0x3,
    0xfb, 0xd0, 0x0, 0x0, 0x0, 0xe, 0x60, 0x0,
    0xa, 0xc1, 0xf6, 0x0, 0x0, 0x0, 0xe, 0x60,
    0x0, 0x5f, 0x40, 0x8f, 0x30, 0x0, 0x0, 0xe,
    0x60, 0x4, 0xf8, 0x0, 0xc, 0xf4, 0x0, 0x0,
    0xe, 0x61, 0x9f, 0x90, 0x0, 0x0, 0xcf, 0xa2,
    0x0, 0xe, 0x64, 0xe4, 0x0, 0x0, 0x0, 0x7,
    0xd1, 0x0, 0x0, 0x0, 0x0, 0x0, 0x0, 0x0,
    0x0, 0x0,

    /* U+6025 "急" */
    0x0, 0x0, 0x1, 0x30, 0x0, 0x0, 0x0, 0x0,
    0x0, 0x0, 0x0, 0xa, 0xd0, 0x0, 0x0, 0x0,
    0x0, 0x0, 0x0, 0x0, 0x5f, 0xff, 0xff, 0xff,
    0x80, 0x0, 0x0, 0x0, 0x4, 0xf7, 0x22, 0x22,
    0x7f, 0x30, 0x0, 0x0, 0x0, 0x5f, 0x90, 0x0,
    0x1, 0xe9, 0x0, 0x0, 0x0, 0x8, 0xff, 0xff,
    0xff, 0xff, 0xff, 0xff, 0xe0, 0x0, 0x3, 0x61,
    0x22, 0x22, 0x22, 0x22, 0x27, 0xe0, 0x0, 0x0,
    0x0, 0x11, 0x11, 0x11, 0x11, 0x17, 0xe0, 0x0,
    0x0, 0x6, 0xff, 0xff, 0xff, 0xff, 0xff, 0xe0,
    0x0, 0x0, 0x0, 0x0, 0x0, 0x0, 0x0, 0x6,
    0xe0, 0x0, 0x0, 0xd, 0xdd, 0xdd, 0xdd, 0xdd,
    0xde, 0xe0, 0x0, 0x0, 0x4, 0x44, 0x45, 0xa4,
    0x44, 0x44, 0x30, 0x0, 0x0, 0x11, 0x16, 0x2,
    0xe9, 0x0, 0x0, 0x96, 0x0, 0x0, 0x9c, 0x4f,
    0x0, 0x3f, 0x80, 0x0, 0x7f, 0x10, 0x2, 0xf5,
    0x4f, 0x0, 0x5, 0xc0, 0x4d, 0xd, 0x90, 0xb,
    0xd0, 0x3f, 0x53, 0x33, 0x33, 0xad, 0x6, 0xf1,
    0x5, 0x30, 0xb, 0xff, 0xff, 0xff, 0xe5, 0x0,
    0x30,

    /* U+610F "意" */
    0x0, 0x0, 0x0, 0x3, 0x30, 0x0, 0x0, 0x0,
    0x0, 0x0, 0x0, 0x9, 0xd0, 0x0, 0x0, 0x0,
    0xb, 0xff, 0xff, 0xff, 0xff, 0xff, 0xff, 0xf0,
    0x1, 0x22, 0xc7, 0x22, 0x22, 0x4f, 0x52, 0x20,
    0x0, 0x0, 0x9c, 0x0, 0x0, 0x9d, 0x0, 0x0,
    0x8f, 0xff, 0xff, 0xff, 0xff, 0xff, 0xff, 0xfe,
    0x11, 0x11, 0x11, 0x11, 0x11, 0x11, 0x11, 0x11,
    0x0, 0x6e, 0xee, 0xee, 0xee, 0xee, 0xec, 0x0,
    0x0, 0x7d, 0x0, 0x0, 0x0, 0x0, 0x8d, 0x0,
    0x0, 0x7f, 0xee, 0xee, 0xee, 0xee, 0xfd, 0x0,
    0x0, 0x7d, 0x0, 0x0, 0x0, 0x0, 0x8d, 0x0,
    0x0, 0x7f, 0xcc, 0xcc, 0xcc, 0xcc, 0xed, 0x0,
    0x0, 0x12, 0x22, 0x5e, 0x62, 0x22, 0x23, 0x0,
    0x0, 0xd4, 0x7c, 0x5, 0xe9, 0x0, 0x3f, 0x30,
    0x8, 0xe0, 0x8c, 0x0, 0x26, 0xc, 0x17, 0xe1,
    0x5f, 0x40, 0x7e, 0x22, 0x22, 0x5f, 0x10, 0xca,
    0x36, 0x0, 0x2d, 0xff, 0xff, 0xf9, 0x0, 0x11,

    /* U+62CD "拍" */
    0x0, 0x6, 0x50, 0x0, 0x0, 0x4, 0x50, 0x0,
    0x0, 0x0, 0xba, 0x0, 0x0, 0x0, 0xbc, 0x0,
    0x0, 0x0, 0xb, 0xa0, 0x0, 0x0, 0xe, 0x80,
    0x0, 0x0, 0x0, 0xba, 0x0, 0x0, 0x2, 0xf4,
    0x0, 0x0, 0x5, 0x5d, 0xc5, 0x44, 0xcc, 0xdf,
    0xdc, 0xcc, 0x51, 0xff, 0xff, 0xfb, 0x5f, 0x88,
    0x88, 0x88, 0xf7, 0x0, 0xb, 0xa0, 0x5, 0xf0,
    0x0, 0x0, 0xe, 0x70, 0x0, 0xba, 0x0, 0x5f,
    0x0, 0x0, 0x0, 0xe7, 0x0, 0xb, 0xa0, 0x5,
    0xf0, 0x0, 0x0, 0xe, 0x70, 0x0, 0xcd, 0xcc,
    0x5f, 0x55, 0x55, 0x55, 0xf7, 0x2b, 0xff, 0xe8,
    0x35, 0xff, 0xff, 0xff, 0xff, 0x71, 0xb6, 0xca,
    0x0, 0x5f, 0x0, 0x0, 0x0, 0xe7, 0x0, 0xb,
    0xa0, 0x5, 0xf0, 0x0, 0x0, 0xe, 0x70, 0x0,
    0xba, 0x0, 0x5f, 0x0, 0x0, 0x0, 0xe7, 0x0,
    0xb, 0xa0, 0x5, 0xf0, 0x0, 0x0, 0xe, 0x70,
    0x34, 0xd9, 0x0, 0x5f, 0xff, 0xff, 0xff, 0xf7,
    0x9, 0xfd, 0x40, 0x5, 0xf5, 0x55, 0x55, 0x5d,
    0x60, 0x0, 0x0, 0x0, 0x0, 0x0, 0x0, 0x0,
    0x0,

    /* U+62E9 "择" */
    0x0, 0x5, 0x40, 0x0, 0x0, 0x0, 0x0, 0x0,
    0x0, 0x0, 0xb, 0x90, 0x2, 0x22, 0x22, 0x22,
    0x22, 0x0, 0x0, 0xb, 0x90, 0xc, 0xff, 0xff,
    0xff, 0xff, 0x10, 0x0, 0xb, 0x90, 0x0, 0x6d,
    0x10, 0x2, 0xe7, 0x0, 0x4, 0x4c, 0xb4, 0x30,
    0xc, 0x90, 0xc, 0xb0, 0x0, 0x1f, 0xff, 0xff,
    0xb0, 0x1, 0xd9, 0xcb, 0x0, 0x0, 0x0, 0xb,
    0x90, 0x0, 0x2, 0xaf, 0xf7, 0x10, 0x0, 0x0,
    0xb, 0x90, 0x28, 0xdf, 0x81, 0x3b, 0xfc, 0x82,
    0x0, 0xb, 0xb8, 0x8a, 0x50, 0xd, 0x60, 0x27,
    0xa0, 0x1, 0x6e, 0xff, 0x70, 0x0, 0xe, 0x60,
    0x0, 0x0, 0x2f, 0xff, 0xb1, 0x6, 0xff, 0xff,
    0xff, 0xfd, 0x0, 0x5, 0x1b, 0x90, 0x1, 0x44,
    0x4f, 0x94, 0x43, 0x0, 0x0, 0xb, 0x90, 0x0,
    0x0, 0xe, 0x60, 0x0, 0x0, 0x0, 0xb, 0x90,
    0x4f, 0xff, 0xff, 0xff, 0xff, 0xf2, 0x0, 0xb,
    0x90, 0x14, 0x44, 0x4f, 0x94, 0x44, 0x40, 0x2,
    0x4d, 0x90, 0x0, 0x0, 0xe, 0x60, 0x0, 0x0,
    0x7, 0xfd, 0x30, 0x0, 0x0, 0xe, 0x60, 0x0,
    0x0,

    /* U+6309 "按" */
    0x0, 0x5, 0x50, 0x0, 0x0, 0x7, 0x20, 0x0,
    0x0, 0x0, 0xa, 0xa0, 0x0, 0x0, 0xe, 0x80,
    0x0, 0x0, 0x0, 0xa, 0xa0, 0x0, 0x0, 0xa,
    0xc0, 0x0, 0x0, 0x0, 0xa, 0xa0, 0xc, 0xdd,
    0xde, 0xfd, 0xdd, 0xd2, 0x5, 0x5c, 0xc5, 0x3e,
    0xb8, 0x88, 0x88, 0x89, 0xf2, 0x1f, 0xff, 0xff,
    0x9e, 0x50, 0x49, 0x0, 0x1, 0xf2, 0x0, 0xa,
    0xa0, 0xa, 0x30, 0xbb, 0x0, 0x1, 0xa2, 0x0,
    0xa, 0xa0, 0x0, 0x2, 0xf6, 0x0, 0x0, 0x0,
    0x0, 0xa, 0xa0, 0x6f, 0xff, 0xff, 0xff, 0xff,
    0xf6, 0x0, 0xa, 0xb6, 0xa2, 0x3f, 0x82, 0x23,
    0xf7, 0x21, 0x4, 0x9e, 0xfc, 0x70, 0x7f, 0x10,
    0x5, 0xf1, 0x0, 0x2f, 0xbd, 0xa0, 0x1, 0xfa,
    0x0, 0xb, 0xc0, 0x0, 0x0, 0xa, 0xa0, 0x0,
    0x7e, 0xd5, 0x5f, 0x30, 0x0, 0x0, 0xa, 0xa0,
    0x0, 0x0, 0x7e, 0xfb, 0x0, 0x0, 0x0, 0xa,
    0xa0, 0x0, 0x1, 0x9f, 0xbf, 0xc3, 0x0, 0x2,
    0x3c, 0xa0, 0x16, 0xaf, 0xd3, 0x2, 0xbf, 0x80,
    0x8, 0xfe, 0x40, 0x1e, 0x94, 0x0, 0x0, 0x6,
    0xc1, 0x0, 0x0, 0x0, 0x0, 0x0, 0x0, 0x0,
    0x0, 0x0,

    /* U+6572 "敲" */
    0x0, 0x0, 0x0, 0x0, 0x0, 0x0, 0x10, 0x0,
    0x0, 0x0, 0x0, 0x6e, 0x0, 0x0, 0x0, 0xe6,
    0x0, 0x0, 0x1, 0x11, 0x2f, 0x61, 0x11, 0x0,
    0xe6, 0x0, 0x0, 0x1f, 0xff, 0xff, 0xff, 0xfe,
    0x0, 0xeb, 0x88, 0x80, 0x0, 0x11, 0x11, 0x11,
    0x10, 0x0, 0xed, 0xbb, 0xb0, 0x0, 0xaf, 0xee,
    0xef, 0x70, 0x0, 0xe6, 0x0, 0x0, 0x0, 0xa8,
    0x0, 0xc, 0x70, 0x0, 0xe6, 0x0, 0x0, 0x0,
    0xa9, 0x22, 0x2d, 0x75, 0xbb, 0xfd, 0xbb, 0x60,
    0x0, 0x8c, 0xcc, 0xcc, 0x54, 0xcd, 0x88, 0x8e,
    0x60, 0x3, 0x55, 0x55, 0x55, 0x52, 0x4d, 0x0,
    0x1f, 0x20, 0x8, 0xc8, 0x88, 0x88, 0xe5, 0xe,
    0x40, 0x7d, 0x0, 0x8, 0x94, 0x99, 0x92, 0xc5,
    0x8, 0xd1, 0xf6, 0x0, 0x8, 0x96, 0x92, 0xc3,
    0xc5, 0x0, 0xee, 0xc0, 0x0, 0x8, 0x96, 0x70,
    0xb3, 0xc5, 0x0, 0x9f, 0x60, 0x0, 0x8, 0x96,
    0xec, 0xf3, 0xc5, 0x7, 0xfd, 0xe3, 0x0, 0x8,
    0x95, 0x60, 0x0, 0xd8, 0xbf, 0x60, 0xaf, 0x91,
    0x8, 0x90, 0x0, 0x8e, 0xc6, 0xc3, 0x0, 0x6,
    0xc1, 0x0, 0x0, 0x0, 0x0, 0x0, 0x0, 0x0,
    0x0, 0x0,

    /* U+6574 "整" */
    0x0, 0x0, 0x0, 0x0, 0x0, 0x0, 0x0, 0x0,
    0x0, 0x0, 0x0, 0x6c, 0x0, 0x0, 0xb, 0x80,
    0x0, 0x0, 0xe, 0xee, 0xff, 0xee, 0xe3, 0x2f,
    0x40, 0x0, 0x0, 0x1, 0x11, 0x7d, 0x11, 0x10,
    0x9f, 0xff, 0xff, 0xf2, 0x7, 0xfe, 0xff, 0xef,
    0xc5, 0xfc, 0x11, 0x9c, 0x10, 0x7, 0xa0, 0x6c,
    0x6, 0xcd, 0x9d, 0x51, 0xe5, 0x0, 0x7, 0xfe,
    0xff, 0xef, 0xc1, 0x3, 0xeb, 0xc0, 0x0, 0x0,
    0x6, 0xfd, 0xb4, 0x0, 0x0, 0xcf, 0x40, 0x0,
    0x0, 0x8e, 0x8c, 0x4e, 0x70, 0x3d, 0xda, 0xf6,
    0x0, 0x1e, 0xc2, 0x6c, 0x1, 0x2b, 0xf9, 0x0,
    0x6e, 0xe1, 0x3, 0x33, 0x56, 0x33, 0x36, 0x53,
    0x33, 0x34, 0x50, 0x0, 0xef, 0xff, 0xff, 0xff,
    0xff, 0xff, 0xff, 0x0, 0x0, 0x0, 0x20, 0x0,
    0xaa, 0x0, 0x0, 0x0, 0x0, 0x0, 0x2, 0xf1,
    0x0, 0xaf, 0xff, 0xff, 0xc0, 0x0, 0x0, 0x2,
    0xf1, 0x0, 0xaa, 0x11, 0x11, 0x10, 0x0, 0x2,
    0x25, 0xf3, 0x22, 0xbb, 0x22, 0x22, 0x22, 0x20,
    0x2f, 0xff, 0xff, 0xff, 0xff, 0xff, 0xff, 0xff,
    0xf2,

    /* U+65F6 "时" */
    0x0, 0x0, 0x0, 0x0, 0x0, 0x0, 0x1c, 0x30,
    0x2, 0x66, 0x66, 0x61, 0x0, 0x0, 0x1, 0xf4,
    0x0, 0x5f, 0xdd, 0xdf, 0x40, 0x0, 0x0, 0x1f,
    0x40, 0x5, 0xe0, 0x0, 0xf4, 0x55, 0x55, 0x56,
    0xf8, 0x52, 0x5e, 0x0, 0xf, 0x4d, 0xff, 0xff,
    0xff, 0xff, 0x75, 0xe0, 0x0, 0xf4, 0x0, 0x0,
    0x1, 0xf4, 0x0, 0x5f, 0x33, 0x3f, 0x40, 0x50,
    0x0, 0x1f, 0x40, 0x5, 0xff, 0xff, 0xf4, 0x1e,
    0x80, 0x1, 0xf4, 0x0, 0x5e, 0x0, 0xf, 0x40,
    0x5f, 0x40, 0x1f, 0x40, 0x5, 0xe0, 0x0, 0xf4,
    0x0, 0xad, 0x1, 0xf4, 0x0, 0x5e, 0x0, 0xf,
    0x40, 0x1, 0xf6, 0x1f, 0x40, 0x5, 0xe1, 0x11,
    0xf4, 0x0, 0x1, 0x1, 0xf4, 0x0, 0x5f, 0xff,
    0xff, 0x40, 0x0, 0x0, 0x1f, 0x40, 0x5, 0xe1,
    0x11, 0x10, 0x0, 0x0, 0x1, 0xf4, 0x0, 0x4b,
    0x0, 0x0, 0x0, 0x3, 0x55, 0x7f, 0x30, 0x0,
    0x0, 0x0, 0x0, 0x0, 0x6f, 0xfe, 0xa0, 0x0,

    /* U+6700 "最" */
    0x0, 0xa, 0xcc, 0xcc, 0xcc, 0xcc, 0xcc, 0xb0,
    0x0, 0x0, 0xd, 0x82, 0x22, 0x22, 0x22, 0x28,
    0xe0, 0x0, 0x0, 0xd, 0x81, 0x11, 0x11, 0x11,
    0x18, 0xe0, 0x0, 0x0, 0xd, 0xec, 0xcc, 0xcc,
    0xcc, 0xce, 0xe0, 0x0, 0x0, 0xd, 0x70, 0x0,
    0x0, 0x0, 0x7, 0xe0, 0x0, 0x0, 0xc, 0xff,
    0xff, 0xff, 0xff, 0xff, 0xd0, 0x0, 0x2, 0x22,
    0x22, 0x22, 0x22, 0x22, 0x22, 0x22, 0x20, 0x1f,
    0xff, 0xff, 0xff, 0xff, 0xff, 0xff, 0xff, 0xf1,
    0x0, 0x6d, 0x0, 0xd, 0x60, 0x0, 0x0, 0x0,
    0x0, 0x0, 0x6f, 0xff, 0xff, 0x6d, 0xff, 0xff,
    0xff, 0x50, 0x0, 0x6d, 0x0, 0xe, 0x61, 0xe5,
    0x0, 0x5e, 0x0, 0x0, 0x6f, 0xcc, 0xcf, 0x60,
    0x6d, 0x1, 0xd6, 0x0, 0x0, 0x6e, 0x33, 0x3e,
    0x60, 0xb, 0xbc, 0xa0, 0x0, 0x2, 0x8e, 0x78,
    0xaf, 0xe5, 0x4, 0xff, 0x40, 0x0, 0x1f, 0xdc,
    0xa8, 0x6e, 0x84, 0xaf, 0x78, 0xfb, 0x50, 0x0,
    0x0, 0x0, 0xd, 0x7b, 0x81, 0x0, 0x28, 0xc0,

    /* U+6728 "木" */
    0x0, 0x0, 0x0, 0x0, 0x56, 0x0, 0x0, 0x0,
    0x0, 0x0, 0x0, 0x0, 0x0, 0x9c, 0x0, 0x0,
    0x0, 0x0, 0x0, 0x0, 0x0, 0x0, 0x9c, 0x0,
    0x0, 0x0, 0x0, 0x0, 0x0, 0x0, 0x0, 0x9c,
    0x0, 0x0, 0x0, 0x0, 0x0, 0x0, 0x0, 0x0,
    0x9c, 0x0, 0x0, 0x0, 0x0, 0xa, 0xee, 0xee,
    0xee, 0xff, 0xee, 0xee, 0xee, 0xd0, 0x4, 0x66,
    0x66, 0x6a, 0xff, 0xc6, 0x66, 0x66, 0x60, 0x0,
    0x0, 0x0, 0xd, 0xff, 0xf1, 0x0, 0x0, 0x0,
    0x0, 0x0, 0x0, 0x8d, 0xac, 0xbb, 0x0, 0x0,
    0x0, 0x0, 0x0, 0x4, 0xf3, 0x9c, 0x1e, 0x80,
    0x0, 0x0, 0x0, 0x0, 0x2f, 0x60, 0x9c, 0x3,
    0xf5, 0x0, 0x0, 0x0, 0x3, 0xeb, 0x0, 0x9c,
    0x0, 0x7f, 0x60, 0x0, 0x0, 0x4f, 0xc0, 0x0,
    0x9c, 0x0, 0x9, 0xf7, 0x0, 0x9, 0xfb, 0x0,
    0x0, 0x9c, 0x0, 0x0, 0x8f, 0xc2, 0x1d, 0x70,
    0x0, 0x0, 0x9c, 0x0, 0x0, 0x5, 0xd2, 0x0,
    0x0, 0x0, 0x0, 0x9c, 0x0, 0x0, 0x0, 0x0,
    0x0, 0x0, 0x0, 0x0, 0x9c, 0x0, 0x0, 0x0,
    0x0,

    /* U+673A "机" */
    0x0, 0x0, 0x82, 0x0, 0x0, 0x0, 0x0, 0x0,
    0x0, 0x0, 0x1, 0xf3, 0x0, 0x1, 0x11, 0x11,
    0x10, 0x0, 0x0, 0x1, 0xf3, 0x0, 0xf, 0xff,
    0xff, 0xf0, 0x0, 0x0, 0x1, 0xf3, 0x0, 0xf,
    0x62, 0x27, 0xf0, 0x0, 0x4, 0x45, 0xf7, 0x43,
    0xf, 0x40, 0x5, 0xf0, 0x0, 0xf, 0xff, 0xff,
    0xfe, 0xf, 0x40, 0x5, 0xf0, 0x0, 0x0, 0x7,
    0xf4, 0x0, 0xf, 0x40, 0x5, 0xf0, 0x0, 0x0,
    0xd, 0xf4, 0x0, 0xf, 0x40, 0x5, 0xf0, 0x0,
    0x0, 0x3f, 0xfe, 0x20, 0x1f, 0x30, 0x5, 0xf0,
    0x0, 0x0, 0x99, 0xfa, 0xe2, 0x1f, 0x30, 0x5,
    0xf0, 0x0, 0x1, 0xf3, 0xf3, 0xac, 0x3f, 0x10,
    0x5, 0xf0, 0x0, 0xa, 0xa1, 0xf3, 0x13, 0x6e,
    0x0, 0x5, 0xf0, 0x0, 0x4f, 0x11, 0xf3, 0x0,
    0xab, 0x0, 0x5, 0xf0, 0x12, 0x15, 0x1, 0xf3,
    0x0, 0xf5, 0x0, 0x5, 0xf0, 0x3c, 0x0, 0x1,
    0xf3, 0x7, 0xf0, 0x0, 0x5, 0xf0, 0x4c, 0x0,
    0x1, 0xf3, 0x2f, 0x60, 0x0, 0x4, 0xf5, 0x9a,
    0x0, 0x1, 0xf3, 0x5a, 0x0, 0x0, 0x1, 0xcf,
    0xe5, 0x0, 0x0, 0x0, 0x0, 0x0, 0x0, 0x0,
    0x0, 0x0,

    /* U+677F "板" */
    0x0, 0x3, 0x70, 0x0, 0x0, 0x0, 0x0, 0x0,
    0x0, 0x0, 0x7, 0xc0, 0x0, 0x0, 0x0, 0x2,
    0x7e, 0x30, 0x0, 0x7, 0xc0, 0x1, 0x47, 0x9b,
    0xef, 0xfb, 0x40, 0x0, 0x7, 0xc0, 0x4, 0xfd,
    0xb8, 0x64, 0x0, 0x0, 0x8, 0x8c, 0xe8, 0x84,
    0xf0, 0x0, 0x0, 0x0, 0x0, 0x8, 0x8d, 0xe8,
    0x84, 0xf0, 0x0, 0x0, 0x0, 0x0, 0x0, 0xe,
    0xf2, 0x4, 0xff, 0xff, 0xff, 0xff, 0x30, 0x0,
    0x3f, 0xfc, 0x4, 0xf8, 0xe4, 0x44, 0x7f, 0x0,
    0x0, 0x8e, 0xcb, 0x75, 0xf1, 0xf2, 0x0, 0x8c,
    0x0, 0x0, 0xd8, 0xc3, 0xa6, 0xe0, 0xb8, 0x0,
    0xd7, 0x0, 0x6, 0xb7, 0xc0, 0x8, 0xc0, 0x6e,
    0x5, 0xf1, 0x0, 0x1e, 0x47, 0xc0, 0xa, 0xa0,
    0xd, 0x8e, 0x80, 0x0, 0x3c, 0x7, 0xc0, 0xd,
    0x70, 0x5, 0xfe, 0x0, 0x0, 0x1, 0x7, 0xc0,
    0x2f, 0x20, 0x8, 0xfe, 0x10, 0x0, 0x0, 0x7,
    0xc0, 0x8e, 0x0, 0x9f, 0x7d, 0xe2, 0x0, 0x0,
    0x7, 0xc1, 0xf7, 0x5e, 0xe4, 0x1, 0xdf, 0x81,
    0x0, 0x7, 0xc3, 0xc0, 0xa9, 0x10, 0x0, 0x7,
    0xd1, 0x0, 0x0, 0x0, 0x0, 0x0, 0x0, 0x0,
    0x0, 0x0,

    /* U+67D4 "柔" */
    0x0, 0x2, 0x22, 0x22, 0x22, 0x22, 0x23, 0x0,
    0x0, 0x0, 0x1e, 0xee, 0xee, 0xee, 0xee, 0xff,
    0x60, 0x0, 0x0, 0x0, 0x1, 0x74, 0x11, 0x7d,
    0xb3, 0x0, 0x0, 0x0, 0x0, 0x1, 0x69, 0xdf,
    0xf5, 0x0, 0x0, 0x0, 0x9, 0xff, 0xff, 0xff,
    0xff, 0xff, 0xff, 0xff, 0x80, 0x1, 0x22, 0x23,
    0xce, 0x8f, 0x32, 0x22, 0xcd, 0x0, 0x0, 0x0,
    0x7f, 0xb1, 0x4f, 0x10, 0xa, 0xe2, 0x0, 0x4,
    0xaf, 0xc5, 0x23, 0x7f, 0x0, 0x18, 0x10, 0x0,
    0x6, 0xa3, 0x0, 0x6c, 0xeb, 0x0, 0x0, 0x0,
    0x0, 0x0, 0x0, 0x0, 0x0, 0xaa, 0x0, 0x0,
    0x0, 0x0, 0xe, 0xee, 0xee, 0xee, 0xff, 0xee,
    0xee, 0xee, 0xe0, 0x4, 0x44, 0x44, 0x9f, 0xef,
    0xf8, 0x44, 0x44, 0x40, 0x0, 0x0, 0x8, 0xf6,
    0xaa, 0x6f, 0x80, 0x0, 0x0, 0x0, 0x17, 0xed,
    0x30, 0xaa, 0x3, 0xde, 0x82, 0x0, 0x1a, 0xfe,
    0x60, 0x0, 0xaa, 0x0, 0x5, 0xcf, 0xc1, 0x7,
    0x50, 0x0, 0x0, 0xaa, 0x0, 0x0, 0x3, 0x60,

    /* U+6B62 "止" */
    0x0, 0x0, 0x0, 0x0, 0x3, 0x10, 0x0, 0x0,
    0x0, 0x0, 0x0, 0x0, 0x0, 0xf, 0x60, 0x0,
    0x0, 0x0, 0x0, 0x0, 0x0, 0x0, 0xf, 0x60,
    0x0, 0x0, 0x0, 0x0, 0x0, 0x0, 0x0, 0xf,
    0x60, 0x0, 0x0, 0x0, 0x0, 0x2, 0x30, 0x0,
    0xf, 0x60, 0x0, 0x0, 0x0, 0x0, 0x9, 0xc0,
    0x0, 0xf, 0x60, 0x0, 0x0, 0x0, 0x0, 0x9,
    0xc0, 0x0, 0xf, 0x71, 0x11, 0x11, 0x0, 0x0,
    0x9, 0xc0, 0x0, 0xf, 0xff, 0xff, 0xff, 0x40,
    0x0, 0x9, 0xc0, 0x0, 0xf, 0x84, 0x44, 0x44,
    0x10, 0x0, 0x9, 0xc0, 0x0, 0xf, 0x60, 0x0,
    0x0, 0x0, 0x0, 0x9, 0xc0, 0x0, 0xf, 0x60,
    0x0, 0x0, 0x0, 0x0, 0x9, 0xc0, 0x0, 0xf,
    0x60, 0x0, 0x0, 0x0, 0x0, 0x9, 0xc0, 0x0,
    0xf, 0x60, 0x0, 0x0, 0x0, 0x0, 0x9, 0xc0,
    0x0, 0xf, 0x60, 0x0, 0x0, 0x0, 0x0, 0x9,
    0xc0, 0x0, 0xf, 0x60, 0x0, 0x0, 0x0, 0x1f,
    0xff, 0xff, 0xff, 0xff, 0xff, 0xff, 0xff, 0xf1,
    0x6, 0x66, 0x66, 0x66, 0x66, 0x66, 0x66, 0x66,
    0x60,

    /* U+6D3B "活" */
    0x0, 0x0, 0x0, 0x0, 0x0, 0x0, 0x0, 0x0,
    0x0, 0x1, 0xc6, 0x0, 0x0, 0x0, 0x13, 0x6a,
    0xee, 0x10, 0x0, 0x7e, 0xd4, 0x2a, 0xdf, 0xff,
    0xda, 0x62, 0x0, 0x0, 0x1, 0xa5, 0x18, 0x64,
    0x3f, 0x30, 0x0, 0x0, 0x0, 0x0, 0x0, 0x0,
    0x0, 0xf, 0x30, 0x0, 0x0, 0x0, 0x0, 0x0,
    0x0, 0x0, 0xf, 0x30, 0x0, 0x0, 0xd, 0x81,
    0x3, 0xff, 0xff, 0xff, 0xff, 0xff, 0xf3, 0x5,
    0xee, 0x51, 0x55, 0x55, 0x5f, 0x75, 0x55, 0x51,
    0x0, 0x1a, 0x60, 0x0, 0x0, 0xf, 0x30, 0x0,
    0x0, 0x0, 0x0, 0x0, 0x0, 0x0, 0xf, 0x30,
    0x0, 0x0, 0x0, 0x0, 0x10, 0x5, 0x55, 0x5f,
    0x75, 0x55, 0x0, 0x0, 0x0, 0xd5, 0xe, 0xee,
    0xee, 0xee, 0xef, 0x0, 0x0, 0x7, 0xf1, 0xe,
    0x40, 0x0, 0x0, 0x4f, 0x0, 0x0, 0x1f, 0x70,
    0xe, 0x40, 0x0, 0x0, 0x4f, 0x0, 0x0, 0xbd,
    0x0, 0xe, 0x40, 0x0, 0x0, 0x4f, 0x0, 0x6,
    0xf4, 0x0, 0xe, 0x85, 0x55, 0x55, 0x8f, 0x0,
    0x5, 0x90, 0x0, 0xe, 0xed, 0xdd, 0xdd, 0xde,
    0x0,

    /* U+6D4B "测" */
    0x0, 0x0, 0x0, 0x0, 0x0, 0x0, 0x0, 0x0,
    0x10, 0x1e, 0x80, 0x4, 0x44, 0x44, 0x30, 0x0,
    0x2e, 0x0, 0x5e, 0xd5, 0xfc, 0xcc, 0xde, 0x9,
    0x22, 0xe0, 0x0, 0x19, 0x3e, 0x0, 0x2, 0xe0,
    0xd3, 0x2e, 0x0, 0x0, 0x2, 0xe0, 0xd1, 0x2e,
    0xd, 0x32, 0xe0, 0x10, 0x0, 0x2e, 0xe, 0x12,
    0xe0, 0xd3, 0x2e, 0xd, 0xc3, 0x2, 0xe0, 0xe1,
    0x2e, 0xd, 0x32, 0xe0, 0x1a, 0xf6, 0x2e, 0xe,
    0x12, 0xe0, 0xd3, 0x2e, 0x0, 0x5, 0x12, 0xe0,
    0xe1, 0x2e, 0xd, 0x32, 0xe0, 0x0, 0x0, 0x2e,
    0xe, 0x12, 0xe0, 0xd3, 0x2e, 0x0, 0x2, 0x2,
    0xe0, 0xe1, 0x2e, 0xd, 0x32, 0xe0, 0x0, 0xaa,
    0x2e, 0xf, 0x2, 0xe0, 0xd3, 0x2e, 0x0, 0x1f,
    0x52, 0xe2, 0xe0, 0x2e, 0xd, 0x32, 0xe0, 0x7,
    0xe0, 0x0, 0x8a, 0x30, 0x0, 0x10, 0x2e, 0x0,
    0xe8, 0x0, 0x2f, 0x3b, 0x90, 0x0, 0x2, 0xe0,
    0x6f, 0x10, 0x4e, 0x70, 0xb, 0x90, 0x12, 0x5e,
    0x4, 0x70, 0xc, 0x50, 0x0, 0x1b, 0x19, 0xfe,
    0x80, 0x0, 0x0, 0x0, 0x0, 0x0, 0x0, 0x0,
    0x0,

    /* U+6D88 "消" */
    0x0, 0x0, 0x0, 0x0, 0x0, 0x2, 0x0, 0x0,
    0x0, 0x1b, 0x40, 0x1, 0x40, 0x1, 0xf3, 0x0,
    0x53, 0x1, 0x9f, 0x90, 0x6f, 0x20, 0x1f, 0x30,
    0x1f, 0x70, 0x0, 0x4e, 0x30, 0xcb, 0x1, 0xf3,
    0x9, 0xe0, 0x0, 0x0, 0x0, 0x4, 0xf2, 0x1f,
    0x32, 0xf4, 0x0, 0x0, 0x0, 0x0, 0x2, 0x1,
    0xf3, 0x2, 0x0, 0x1e, 0x91, 0x0, 0x2f, 0xff,
    0xff, 0xff, 0xff, 0x10, 0x4d, 0xe4, 0x2, 0xf6,
    0x44, 0x44, 0x46, 0xf1, 0x0, 0x8, 0x30, 0x2f,
    0x20, 0x0, 0x0, 0x3f, 0x10, 0x0, 0x0, 0x2,
    0xff, 0xff, 0xff, 0xff, 0xf1, 0x0, 0x0, 0x50,
    0x2f, 0x53, 0x33, 0x33, 0x6f, 0x10, 0x0, 0x4f,
    0x22, 0xf2, 0x0, 0x0, 0x3, 0xf1, 0x0, 0xc,
    0xa0, 0x2f, 0xed, 0xdd, 0xdd, 0xef, 0x10, 0x4,
    0xf2, 0x2, 0xf6, 0x44, 0x44, 0x46, 0xf1, 0x0,
    0xda, 0x0, 0x2f, 0x20, 0x0, 0x0, 0x3f, 0x10,
    0x7f, 0x20, 0x2, 0xf2, 0x0, 0x4, 0x58, 0xf1,
    0x3, 0x70, 0x0, 0x2f, 0x20, 0x0, 0x7e, 0xd8,
    0x0,

    /* U+6F14 "演" */
    0x0, 0x63, 0x0, 0x0, 0x0, 0xc7, 0x0, 0x0,
    0x0, 0x0, 0xbf, 0xa2, 0x22, 0x22, 0xae, 0x32,
    0x22, 0x20, 0x0, 0x4, 0xc6, 0xff, 0xff, 0xff,
    0xff, 0xff, 0xd0, 0x0, 0x0, 0x4, 0xe0, 0x0,
    0x0, 0x0, 0x7, 0xd0, 0x0, 0x0, 0x3, 0xbd,
    0xdd, 0xdd, 0xdd, 0xdb, 0xa0, 0xd, 0xa1, 0x0,
    0x4, 0x44, 0x8f, 0x44, 0x41, 0x0, 0x4, 0xdf,
    0x10, 0x11, 0x11, 0x6e, 0x11, 0x11, 0x0, 0x0,
    0x6, 0x0, 0xbf, 0xff, 0xff, 0xff, 0xff, 0x20,
    0x0, 0x0, 0x0, 0xb8, 0x0, 0x5e, 0x0, 0x1f,
    0x20, 0x0, 0x1, 0x60, 0xbe, 0xcc, 0xef, 0xcc,
    0xdf, 0x20, 0x0, 0x8, 0xe0, 0xb9, 0x22, 0x7e,
    0x22, 0x4f, 0x20, 0x0, 0xe, 0x70, 0xb8, 0x0,
    0x6e, 0x0, 0x2f, 0x20, 0x0, 0x6f, 0x10, 0xbf,
    0xff, 0xff, 0xff, 0xff, 0x20, 0x0, 0xda, 0x0,
    0x0, 0x67, 0x0, 0x3a, 0x20, 0x0, 0x5, 0xf3,
    0x0, 0x5c, 0xe4, 0x0, 0x19, 0xf9, 0x0, 0x4,
    0xa0, 0xc, 0xf8, 0x10, 0x0, 0x0, 0x3d, 0xc0,
    0x0, 0x0, 0x1, 0x10, 0x0, 0x0, 0x0, 0x0,
    0x10,

    /* U+725B "牛" */
    0x0, 0x0, 0x0, 0x0, 0x48, 0x0, 0x0, 0x0,
    0x0, 0x0, 0x0, 0xe5, 0x0, 0x7e, 0x0, 0x0,
    0x0, 0x0, 0x0, 0x5, 0xf2, 0x0, 0x7e, 0x0,
    0x0, 0x0, 0x0, 0x0, 0xb, 0xd0, 0x0, 0x7e,
    0x0, 0x0, 0x0, 0x0, 0x0, 0x1f, 0xff, 0xff,
    0xff, 0xff, 0xff, 0xff, 0x10, 0x0, 0x9e, 0x55,
    0x55, 0xaf, 0x55, 0x55, 0x55, 0x0, 0x3, 0xf6,
    0x0, 0x0, 0x7e, 0x0, 0x0, 0x0, 0x0, 0xc,
    0xc0, 0x0, 0x0, 0x7e, 0x0, 0x0, 0x0, 0x0,
    0x1, 0x20, 0x0, 0x0, 0x7e, 0x0, 0x0, 0x0,
    0x0, 0x3, 0x33, 0x33, 0x33, 0x9f, 0x33, 0x33,
    0x33, 0x30, 0xf, 0xff, 0xff, 0xff, 0xff, 0xff,
    0xff, 0xff, 0xf1, 0x1, 0x11, 0x11, 0x11, 0x8e,
    0x11, 0x11, 0x11, 0x10, 0x0, 0x0, 0x0, 0x0,
    0x7e, 0x0, 0x0, 0x0, 0x0, 0x0, 0x0, 0x0,
    0x0, 0x7e, 0x0, 0x0, 0x0, 0x0, 0x0, 0x0,
    0x0, 0x0, 0x7e, 0x0, 0x0, 0x0, 0x0, 0x0,
    0x0, 0x0, 0x0, 0x7e, 0x0, 0x0, 0x0, 0x0,
    0x0, 0x0, 0x0, 0x0, 0x7e, 0x0, 0x0, 0x0,
    0x0,

    /* U+7528 "用" */
    0x0, 0x3f, 0xff, 0xff, 0xff, 0xff, 0xff, 0xfe,
    0x0, 0x3f, 0x65, 0x55, 0xaf, 0x55, 0x55, 0x9f,
    0x0, 0x3f, 0x10, 0x0, 0x7e, 0x0, 0x0, 0x5f,
    0x0, 0x3f, 0x10, 0x0, 0x7e, 0x0, 0x0, 0x5f,
    0x0, 0x3f, 0xee, 0xee, 0xff, 0xee, 0xee, 0xef,
    0x0, 0x3f, 0x76, 0x66, 0xaf, 0x66, 0x66, 0x9f,
    0x0, 0x4f, 0x10, 0x0, 0x7e, 0x0, 0x0, 0x5f,
    0x0, 0x4f, 0x0, 0x0, 0x7e, 0x0, 0x0, 0x5f,
    0x0, 0x5f, 0x54, 0x44, 0x9f, 0x44, 0x44, 0x8f,
    0x0, 0x7f, 0xff, 0xff, 0xff, 0xff, 0xff, 0xff,
    0x0, 0x9b, 0x0, 0x0, 0x7e, 0x0, 0x0, 0x5f,
    0x0, 0xe7, 0x0, 0x0, 0x7e, 0x0, 0x0, 0x5f,
    0x4, 0xf3, 0x0, 0x0, 0x7e, 0x0, 0x0, 0x5f,
    0xd, 0xc0, 0x0, 0x0, 0x7e, 0x2, 0x33, 0x8e,
    0x3e, 0x30, 0x0, 0x0, 0x7e, 0x5, 0xff, 0xe8,
    0x0, 0x0, 0x0, 0x0, 0x0, 0x0, 0x0, 0x0,

    /* U+7535 "电" */
    0x0, 0x0, 0x0, 0x31, 0x0, 0x0, 0x0, 0x0,
    0x0, 0x0, 0x0, 0xf5, 0x0, 0x0, 0x0, 0x0,
    0x0, 0x0, 0x0, 0xf5, 0x0, 0x0, 0x0, 0x0,
    0x56, 0x66, 0x66, 0xf9, 0x66, 0x66, 0x62, 0x0,
    0xef, 0xff, 0xff, 0xff, 0xff, 0xff, 0xf5, 0x0,
    0xe7, 0x0, 0x0, 0xf5, 0x0, 0x0, 0xf5, 0x0,
    0xe7, 0x0, 0x0, 0xf5, 0x0, 0x0, 0xf5, 0x0,
    0xea, 0x66, 0x66, 0xf9, 0x66, 0x66, 0xf5, 0x0,
    0xee, 0xdd, 0xde, 0xfe, 0xdd, 0xdd, 0xf5, 0x0,
    0xe7, 0x0, 0x0, 0xf5, 0x0, 0x0, 0xf5, 0x0,
    0xe7, 0x0, 0x0, 0xf5, 0x0, 0x0, 0xf5, 0x0,
    0xef, 0xff, 0xff, 0xff, 0xff, 0xff, 0xf5, 0x0,
    0xea, 0x55, 0x56, 0xf9, 0x55, 0x55, 0x53, 0x0,
    0xb6, 0x0, 0x0, 0xf5, 0x0, 0x0, 0x4, 0xd0,
    0x0, 0x0, 0x0, 0xf6, 0x0, 0x0, 0x6, 0xf0,
    0x0, 0x0, 0x0, 0xec, 0x65, 0x55, 0x6d, 0xb0,
    0x0, 0x0, 0x0, 0x5e, 0xff, 0xff, 0xfd, 0x30,

    /* U+7740 "着" */
    0x0, 0x0, 0x1, 0x0, 0x0, 0x0, 0x0, 0x0,
    0x0, 0x0, 0x6, 0xf2, 0x0, 0x0, 0x3f, 0x50,
    0x0, 0x0, 0x0, 0x1d, 0xb0, 0x0, 0xc, 0xb0,
    0x0, 0x0, 0x1f, 0xff, 0xff, 0xff, 0xff, 0xff,
    0xff, 0xe0, 0x0, 0x0, 0x0, 0xa, 0xc0, 0x0,
    0x0, 0x0, 0x0, 0x3, 0xee, 0xee, 0xff, 0xee,
    0xee, 0xee, 0x10, 0x0, 0x1, 0x11, 0x9e, 0x11,
    0x11, 0x11, 0x10, 0x0, 0x23, 0x33, 0x3e, 0xb3,
    0x33, 0x33, 0x33, 0x32, 0xd, 0xee, 0xef, 0xfe,
    0xee, 0xee, 0xee, 0xee, 0xa0, 0x0, 0x3, 0xf8,
    0x11, 0x11, 0x11, 0x11, 0x0, 0x0, 0x1, 0xef,
    0xff, 0xff, 0xff, 0xff, 0xf0, 0x0, 0x1, 0xcf,
    0xf1, 0x0, 0x0, 0x0, 0x5f, 0x0, 0x3, 0xee,
    0x5f, 0xdd, 0xdd, 0xdd, 0xde, 0xf0, 0x4, 0xfd,
    0x23, 0xf1, 0x0, 0x0, 0x0, 0x5f, 0x0, 0x7,
    0x0, 0x3f, 0xed, 0xdd, 0xdd, 0xde, 0xf0, 0x0,
    0x0, 0x3, 0xf2, 0x11, 0x11, 0x11, 0x6f, 0x0,
    0x0, 0x0, 0x3f, 0xff, 0xff, 0xff, 0xff, 0xf0,
    0x0,

    /* U+786E "确" */
    0x0, 0x0, 0x0, 0x0, 0x0, 0x40, 0x0, 0x0,
    0x0, 0x66, 0x66, 0x66, 0x0, 0x6e, 0x0, 0x0,
    0x0, 0xd, 0xdf, 0xed, 0xd1, 0xd, 0xfd, 0xdd,
    0xc1, 0x0, 0x0, 0xf4, 0x0, 0x5, 0xf5, 0x44,
    0xdd, 0x0, 0x0, 0x3f, 0x10, 0x1, 0xe8, 0x0,
    0x3f, 0x30, 0x0, 0x7, 0xd0, 0x0, 0xbf, 0x64,
    0x4c, 0xd4, 0x44, 0x0, 0xb9, 0x0, 0x7f, 0xfe,
    0xde, 0xfd, 0xde, 0xe0, 0x1f, 0xa6, 0x65, 0x5f,
    0x40, 0x4e, 0x0, 0x6e, 0x7, 0xfe, 0xdf, 0x70,
    0xf6, 0x25, 0xe2, 0x27, 0xe1, 0xef, 0x50, 0xa7,
    0xf, 0xfe, 0xff, 0xee, 0xfe, 0x3e, 0xe5, 0xa,
    0x70, 0xf4, 0x4, 0xe0, 0x6, 0xe0, 0x3c, 0x50,
    0xa7, 0x1f, 0x40, 0x4e, 0x0, 0x6e, 0x0, 0xc5,
    0xa, 0x73, 0xff, 0xff, 0xff, 0xff, 0xe0, 0xc,
    0x60, 0xa7, 0x4f, 0x11, 0x5e, 0x11, 0x7e, 0x0,
    0xcf, 0xff, 0x79, 0xa0, 0x4, 0xe0, 0x6, 0xe0,
    0xc, 0x72, 0x22, 0xe4, 0x0, 0x4e, 0x13, 0x8e,
    0x0, 0xa4, 0x0, 0xa8, 0x0, 0x4, 0xe3, 0xfe,
    0x80, 0x0, 0x0, 0x0, 0x0, 0x0, 0x0, 0x0,
    0x0,

    /* U+7EC6 "细" */
    0x0, 0x0, 0x0, 0x0, 0x0, 0x0, 0x0, 0x0,
    0x0, 0x0, 0xc, 0x80, 0x2, 0x22, 0x22, 0x22,
    0x22, 0x0, 0x4, 0xf3, 0x3, 0xff, 0xff, 0xff,
    0xff, 0xe0, 0x0, 0xcb, 0x0, 0x3f, 0x32, 0x7e,
    0x22, 0x7e, 0x0, 0x4f, 0x20, 0x3, 0xf0, 0x5,
    0xe0, 0x5, 0xe0, 0xd, 0x80, 0xc, 0x7f, 0x0,
    0x5e, 0x0, 0x5e, 0x9, 0xd1, 0x29, 0xe4, 0xf0,
    0x5, 0xe0, 0x5, 0xe4, 0xff, 0xff, 0xf4, 0x3f,
    0x0, 0x5e, 0x0, 0x5e, 0x7, 0x44, 0xe8, 0x3,
    0xf6, 0x69, 0xf6, 0x6a, 0xe0, 0x0, 0xc9, 0x0,
    0x3f, 0xdd, 0xef, 0xdd, 0xee, 0x0, 0xcb, 0x13,
    0x55, 0xf0, 0x5, 0xe0, 0x5, 0xe1, 0xdf, 0xff,
    0xfd, 0x7f, 0x0, 0x5e, 0x0, 0x5e, 0xb, 0x85,
    0x20, 0x3, 0xf0, 0x5, 0xe0, 0x5, 0xe0, 0x0,
    0x0, 0x0, 0x3f, 0x0, 0x5e, 0x0, 0x5e, 0x1,
    0x36, 0x9c, 0xf8, 0xf4, 0x48, 0xf4, 0x48, 0xe3,
    0xff, 0xda, 0x74, 0x4f, 0xff, 0xff, 0xff, 0xfe,
    0x3, 0x0, 0x0, 0x3, 0xf0, 0x0, 0x0, 0x5,
    0xc0,

    /* U+7F16 "编" */
    0x0, 0x0, 0x0, 0x0, 0x0, 0x1, 0x0, 0x0,
    0x0, 0x0, 0x5d, 0x0, 0x0, 0x1, 0xf5, 0x0,
    0x0, 0x0, 0xb, 0xa0, 0x1, 0x22, 0x2b, 0xc2,
    0x22, 0x0, 0x1, 0xf3, 0x0, 0x8f, 0xff, 0xff,
    0xff, 0xf5, 0x0, 0x8b, 0x2, 0x8, 0xa0, 0x0,
    0x0, 0xe, 0x50, 0x1e, 0x20, 0xe5, 0x8b, 0x11,
    0x11, 0x11, 0xe5, 0x9, 0xb3, 0x9d, 0x8, 0xff,
    0xff, 0xff, 0xff, 0x52, 0xff, 0xff, 0x40, 0x9a,
    0x0, 0x0, 0x0, 0x0, 0x6, 0x3a, 0xa0, 0x9,
    0xb3, 0x33, 0x33, 0x33, 0x10, 0x5, 0xe1, 0x0,
    0xae, 0xfe, 0xfe, 0xfe, 0xf8, 0x2, 0xf7, 0x47,
    0xb, 0xdb, 0xe, 0xc, 0x18, 0x81, 0xef, 0xfb,
    0x70, 0xdb, 0xb0, 0xe0, 0xc1, 0x88, 0x7, 0x30,
    0x0, 0x1f, 0x8f, 0xdf, 0xdf, 0xee, 0x80, 0x0,
    0x39, 0xf6, 0xf5, 0xc3, 0xf3, 0xd4, 0xa8, 0x17,
    0xdf, 0x93, 0xab, 0x5b, 0xe, 0xc, 0x18, 0x81,
    0xc6, 0x0, 0x1f, 0x55, 0xb0, 0xe0, 0xc2, 0x88,
    0x0, 0x0, 0x1, 0xb0, 0x5b, 0xe, 0xc, 0x8f,
    0x50, 0x0, 0x0, 0x0, 0x0, 0x0, 0x0, 0x0,
    0x0,

    /* U+7F6E "置" */
    0x3, 0x33, 0x33, 0x33, 0x33, 0x33, 0x33, 0x30,
    0x0, 0xed, 0xbb, 0xee, 0xbb, 0xee, 0xbb, 0xcf,
    0x10, 0xe, 0x60, 0xb, 0x80, 0x8, 0xb0, 0x3,
    0xf1, 0x0, 0xed, 0xcc, 0xfe, 0xcc, 0xef, 0xcc,
    0xdf, 0x10, 0x1, 0x11, 0x11, 0x1e, 0x81, 0x11,
    0x11, 0x10, 0xb, 0xff, 0xff, 0xff, 0xff, 0xff,
    0xff, 0xff, 0x90, 0x11, 0x11, 0x11, 0x5f, 0x21,
    0x11, 0x11, 0x11, 0x0, 0x7, 0xcc, 0xcd, 0xfc,
    0xcc, 0xcc, 0x60, 0x0, 0x0, 0x9c, 0x22, 0x22,
    0x22, 0x22, 0xd8, 0x0, 0x0, 0x9, 0xfc, 0xcc,
    0xcc, 0xcc, 0xcf, 0x80, 0x0, 0x0, 0x9b, 0x0,
    0x0, 0x0, 0x0, 0xc8, 0x0, 0x0, 0x9, 0xfc,
    0xcc, 0xcc, 0xcc, 0xcf, 0x80, 0x0, 0x0, 0x9b,
    0x0, 0x0, 0x0, 0x0, 0xc8, 0x0, 0x0, 0x9,
    0xfc, 0xcc, 0xcc, 0xcc, 0xcf, 0x80, 0x0, 0x0,
    0x9b, 0x0, 0x0, 0x0, 0x0, 0xc8, 0x0, 0xf,
    0xff, 0xff, 0xff, 0xff, 0xff, 0xff, 0xff, 0xf0,

    /* U+81EA "自" */
    0x0, 0x0, 0x0, 0x42, 0x0, 0x0, 0x0, 0x0,
    0x0, 0x1, 0xf7, 0x0, 0x0, 0x0, 0x0, 0x0,
    0x5, 0xf1, 0x0, 0x0, 0x0, 0xd, 0xdd, 0xde,
    0xfd, 0xdd, 0xdd, 0xd5, 0xf, 0x96, 0x66, 0x66,
    0x66, 0x67, 0xf5, 0xf, 0x40, 0x0, 0x0, 0x0,
    0x0, 0xf5, 0xf, 0x40, 0x0, 0x0, 0x0, 0x0,
    0xf5, 0xf, 0xee, 0xee, 0xee, 0xee, 0xee, 0xf5,
    0xf, 0x96, 0x66, 0x66, 0x66, 0x66, 0xf5, 0xf,
    0x40, 0x0, 0x0, 0x0, 0x0, 0xf5, 0xf, 0x40,
    0x0, 0x0, 0x0, 0x0, 0xf5, 0xf, 0xff, 0xff,
    0xff, 0xff, 0xff, 0xf5, 0xf, 0x84, 0x44, 0x44,
    0x44, 0x45, 0xf5, 0xf, 0x40, 0x0, 0x0, 0x0,
    0x0, 0xf5, 0xf, 0x40, 0x0, 0x0, 0x0, 0x0,
    0xf5, 0xf, 0xff, 0xff, 0xff, 0xff, 0xff, 0xf5,
    0xf, 0x85, 0x55, 0x55, 0x55, 0x55, 0xe5,

    /* U+81F3 "至" */
    0x1, 0x11, 0x11, 0x11, 0x11, 0x11, 0x11, 0x11,
    0x0, 0x9, 0xff, 0xff, 0xff, 0xff, 0xff, 0xff,
    0xff, 0x70, 0x1, 0x22, 0x24, 0xfa, 0x22, 0x22,
    0x22, 0x22, 0x10, 0x0, 0x0, 0x1d, 0xc0, 0x0,
    0x1d, 0x60, 0x0, 0x0, 0x0, 0x0, 0xbd, 0x10,
    0x0, 0x5, 0xf9, 0x0, 0x0, 0x0, 0xb, 0xe3,
    0x23, 0x34, 0x55, 0xaf, 0xb0, 0x0, 0x0, 0xaf,
    0xff, 0xff, 0xfe, 0xed, 0xcb, 0xeb, 0x0, 0x0,
    0x35, 0x32, 0x10, 0x22, 0x0, 0x0, 0x4d, 0x10,
    0x0, 0x0, 0x0, 0x0, 0xba, 0x0, 0x0, 0x0,
    0x0, 0x0, 0x1, 0x11, 0x11, 0xcb, 0x11, 0x11,
    0x11, 0x0, 0x0, 0x7f, 0xff, 0xff, 0xff, 0xff,
    0xff, 0xf8, 0x0, 0x0, 0x1, 0x11, 0x11, 0xcb,
    0x11, 0x11, 0x11, 0x0, 0x0, 0x0, 0x0, 0x0,
    0xba, 0x0, 0x0, 0x0, 0x0, 0x0, 0x0, 0x0,
    0x0, 0xba, 0x0, 0x0, 0x0, 0x0, 0x5, 0x55,
    0x55, 0x55, 0xcc, 0x55, 0x55, 0x55, 0x50, 0xf,
    0xff, 0xff, 0xff, 0xff, 0xff, 0xff, 0xff, 0xf0,

    /* U+8272 "色" */
    0x0, 0x0, 0x0, 0xc5, 0x0, 0x0, 0x0, 0x0,
    0x0, 0x0, 0x0, 0x8, 0xf6, 0x44, 0x45, 0x10,
    0x0, 0x0, 0x0, 0x0, 0x5f, 0xee, 0xee, 0xef,
    0x80, 0x0, 0x0, 0x0, 0x5, 0xf7, 0x0, 0x0,
    0xbb, 0x0, 0x0, 0x0, 0x0, 0x7f, 0x92, 0x22,
    0x2a, 0xe3, 0x22, 0x20, 0x0, 0x1b, 0xff, 0xff,
    0xff, 0xff, 0xff, 0xff, 0xf6, 0x0, 0xb, 0x3e,
    0x72, 0x22, 0x7e, 0x22, 0x22, 0xe6, 0x0, 0x0,
    0xe, 0x50, 0x0, 0x6e, 0x0, 0x0, 0xe6, 0x0,
    0x0, 0xe, 0x50, 0x0, 0x6e, 0x0, 0x0, 0xe6,
    0x0, 0x0, 0xe, 0xff, 0xff, 0xff, 0xff, 0xff,
    0xf6, 0x0, 0x0, 0xe, 0x95, 0x55, 0x55, 0x55,
    0x55, 0xf6, 0x0, 0x0, 0xe, 0x50, 0x0, 0x0,
    0x0, 0x0, 0x52, 0x0, 0x0, 0xe, 0x50, 0x0,
    0x0, 0x0, 0x0, 0x1, 0xc2, 0x0, 0xe, 0x60,
    0x0, 0x0, 0x0, 0x0, 0x4, 0xf1, 0x0, 0xc,
    0xc5, 0x43, 0x33, 0x33, 0x34, 0x5d, 0xc0, 0x0,
    0x2, 0xbe, 0xff, 0xff, 0xff, 0xff, 0xeb, 0x20,

    /* U+8282 "节" */
    0x0, 0x0, 0x1, 0x10, 0x0, 0x1, 0x10, 0x0,
    0x0, 0x0, 0x0, 0xc, 0x90, 0x0, 0x9, 0xc0,
    0x0, 0x0, 0x1, 0x11, 0x1d, 0xa1, 0x11, 0x19,
    0xd1, 0x11, 0x10, 0xf, 0xff, 0xff, 0xff, 0xff,
    0xff, 0xff, 0xff, 0xf0, 0x3, 0x33, 0x3d, 0xa3,
    0x33, 0x3a, 0xd3, 0x33, 0x30, 0x0, 0x0, 0xc,
    0x90, 0x0, 0x9, 0xc0, 0x0, 0x0, 0x0, 0x0,
    0x1, 0x10, 0x0, 0x1, 0x10, 0x0, 0x0, 0x3,
    0xff, 0xff, 0xff, 0xff, 0xff, 0xff, 0xf4, 0x0,
    0x1, 0x55, 0x55, 0xaf, 0x55, 0x55, 0x56, 0xf4,
    0x0, 0x0, 0x0, 0x0, 0x8e, 0x0, 0x0, 0x1,
    0xf4, 0x0, 0x0, 0x0, 0x0, 0x8e, 0x0, 0x0,
    0x1, 0xf4, 0x0, 0x0, 0x0, 0x0, 0x8e, 0x0,
    0x0, 0x1, 0xf4, 0x0, 0x0, 0x0, 0x0, 0x8e,
    0x0, 0x0, 0x1, 0xf4, 0x0, 0x0, 0x0, 0x0,
    0x8e, 0x0, 0x26, 0x67, 0xf3, 0x0, 0x0, 0x0,
    0x0, 0x8e, 0x0, 0x2f, 0xfe, 0xa0, 0x0, 0x0,
    0x0, 0x0, 0x8e, 0x0, 0x0, 0x0, 0x0, 0x0,
    0x0, 0x0, 0x0, 0x8e, 0x0, 0x0, 0x0, 0x0,
    0x0,

    /* U+884C "行" */
    0x0, 0x0, 0x0, 0x0, 0x0, 0x0, 0x0, 0x0,
    0x0, 0x0, 0x0, 0x9d, 0x0, 0x0, 0x0, 0x0,
    0x0, 0x0, 0x0, 0x8, 0xf4, 0x1, 0xff, 0xff,
    0xff, 0xff, 0xb0, 0x0, 0x9f, 0x50, 0x0, 0x33,
    0x33, 0x33, 0x33, 0x20, 0xc, 0xf4, 0x1, 0x0,
    0x0, 0x0, 0x0, 0x0, 0x0, 0x9, 0x20, 0x1e,
    0x90, 0x0, 0x0, 0x0, 0x0, 0x0, 0x0, 0x0,
    0xbe, 0x11, 0x11, 0x11, 0x11, 0x11, 0x10, 0x0,
    0x8, 0xf4, 0xe, 0xff, 0xff, 0xff, 0xff, 0xf3,
    0x0, 0x9f, 0xe0, 0x3, 0x33, 0x33, 0x3e, 0x93,
    0x30, 0xa, 0xfc, 0xe0, 0x0, 0x0, 0x0, 0xd,
    0x80, 0x0, 0x2e, 0x56, 0xe0, 0x0, 0x0, 0x0,
    0xd, 0x80, 0x0, 0x0, 0x6, 0xe0, 0x0, 0x0,
    0x0, 0xd, 0x80, 0x0, 0x0, 0x6, 0xe0, 0x0,
    0x0, 0x0, 0xd, 0x80, 0x0, 0x0, 0x6, 0xe0,
    0x0, 0x0, 0x0, 0xd, 0x80, 0x0, 0x0, 0x6,
    0xe0, 0x0, 0x0, 0x0, 0xd, 0x80, 0x0, 0x0,
    0x6, 0xe0, 0x0, 0x0, 0x54, 0x4e, 0x70, 0x0,
    0x0, 0x6, 0xe0, 0x0, 0x0, 0xdf, 0xfc, 0x20,
    0x0, 0x0, 0x0, 0x10, 0x0, 0x0, 0x0, 0x0,
    0x0, 0x0,

    /* U+8BBE "设" */
    0x0, 0x42, 0x0, 0x0, 0x14, 0x44, 0x44, 0x10,
    0x0, 0x0, 0xae, 0x30, 0x0, 0x5f, 0xff, 0xff,
    0x50, 0x0, 0x0, 0xa, 0xe2, 0x0, 0x5e, 0x0,
    0xe, 0x50, 0x0, 0x0, 0x0, 0xa3, 0x0, 0x7d,
    0x0, 0xe, 0x50, 0x0, 0x0, 0x0, 0x0, 0x0,
    0xc9, 0x0, 0xe, 0x50, 0x0, 0x25, 0x55, 0x20,
    0x8, 0xf2, 0x0, 0xd, 0xb7, 0x60, 0x6f, 0xff,
    0x60, 0xce, 0x40, 0x0, 0x5, 0xaa, 0x80, 0x0,
    0xe, 0x60, 0x43, 0x22, 0x22, 0x22, 0x21, 0x0,
    0x0, 0xe, 0x60, 0x4f, 0xff, 0xff, 0xff, 0xfc,
    0x0, 0x0, 0xe, 0x60, 0x6, 0xe2, 0x11, 0x12,
    0xf5, 0x0, 0x0, 0xe, 0x60, 0x0, 0xd8, 0x0,
    0x9, 0xd0, 0x0, 0x0, 0xe, 0x60, 0x0, 0x4f,
    0x50, 0x5f, 0x40, 0x0, 0x0, 0xe, 0x67, 0xa0,
    0x6, 0xf9, 0xf6, 0x0, 0x0, 0x0, 0xf, 0xee,
    0x40, 0x1, 0xdf, 0xd1, 0x0, 0x0, 0x0, 0x6f,
    0xc1, 0x3, 0x9f, 0xc7, 0xef, 0x83, 0x0, 0x0,
    0x69, 0x0, 0xcf, 0xc5, 0x0, 0x7, 0xef, 0xc0,
    0x0, 0x0, 0x0, 0x32, 0x0, 0x0, 0x0, 0x3,
    0x30,

    /* U+8BF7 "请" */
    0x0, 0x0, 0x0, 0x0, 0x0, 0x5, 0x10, 0x0,
    0x0, 0x0, 0x86, 0x0, 0x0, 0x0, 0xf, 0x50,
    0x0, 0x0, 0x0, 0x4f, 0x70, 0x2e, 0xee, 0xef,
    0xfe, 0xee, 0xa0, 0x0, 0x4, 0xf5, 0x1, 0x11,
    0x1f, 0x61, 0x11, 0x10, 0x0, 0x0, 0x51, 0x8,
    0xbb, 0xbf, 0xdb, 0xbb, 0x10, 0x0, 0x0, 0x0,
    0x2, 0x33, 0x3f, 0x83, 0x33, 0x0, 0x5, 0x55,
    0x50, 0x12, 0x22, 0x2f, 0x72, 0x22, 0x20, 0x1f,
    0xff, 0xe0, 0x9d, 0xdd, 0xdd, 0xdd, 0xdd, 0xd3,
    0x0, 0x5, 0xe0, 0x0, 0x11, 0x11, 0x11, 0x11,
    0x0, 0x0, 0x5, 0xe0, 0x6, 0xff, 0xff, 0xff,
    0xfc, 0x0, 0x0, 0x5, 0xe0, 0x6, 0xd0, 0x0,
    0x0, 0x7c, 0x0, 0x0, 0x5, 0xe0, 0x6, 0xff,
    0xff, 0xff, 0xfc, 0x0, 0x0, 0x5, 0xe0, 0x6,
    0xd0, 0x0, 0x0, 0x7c, 0x0, 0x0, 0x5, 0xe2,
    0xa6, 0xd1, 0x11, 0x11, 0x8c, 0x0, 0x0, 0x7,
    0xfe, 0x96, 0xfd, 0xdd, 0xdd, 0xec, 0x0, 0x0,
    0x1e, 0xd3, 0x6, 0xd0, 0x0, 0x23, 0xac, 0x0,
    0x0, 0x7, 0x0, 0x6, 0xd0, 0x0, 0x9f, 0xd6,
    0x0,

    /* U+8C03 "调" */
    0x0, 0x70, 0x0, 0x3, 0x33, 0x33, 0x33, 0x33,
    0x10, 0x1d, 0xd1, 0x2, 0xff, 0xff, 0xff, 0xff,
    0xf4, 0x0, 0x1d, 0xd1, 0x2f, 0x0, 0x7, 0x0,
    0xe, 0x40, 0x0, 0x1b, 0x12, 0xf0, 0x1, 0xf1,
    0x0, 0xe4, 0x0, 0x0, 0x0, 0x2f, 0xf, 0xff,
    0xff, 0xe, 0x43, 0x77, 0x72, 0x2, 0xf0, 0x0,
    0xf0, 0x0, 0xe4, 0x6e, 0xef, 0x60, 0x2f, 0x11,
    0x1f, 0x11, 0xe, 0x40, 0x0, 0xe6, 0x2, 0xf5,
    0xff, 0xff, 0xf7, 0xe4, 0x0, 0xe, 0x60, 0x3f,
    0x0, 0x0, 0x0, 0xe, 0x40, 0x0, 0xe6, 0x3,
    0xf0, 0xee, 0xee, 0xc0, 0xe4, 0x0, 0xe, 0x60,
    0x4d, 0xf, 0x21, 0x4d, 0xe, 0x40, 0x0, 0xe6,
    0x7, 0xb0, 0xf0, 0x3, 0xd0, 0xe4, 0x0, 0xe,
    0x68, 0xa7, 0xf, 0x44, 0x6d, 0xe, 0x40, 0x1,
    0xff, 0xef, 0x30, 0xfc, 0xcc, 0xa0, 0xe4, 0x0,
    0xaf, 0x89, 0xc0, 0x2, 0x0, 0x3, 0x4f, 0x40,
    0x2, 0x20, 0xb4, 0x0, 0x0, 0x0, 0xef, 0xc1,
    0x0, 0x0, 0x0, 0x0, 0x0, 0x0, 0x0, 0x0,
    0x0,

    /* U+8DDF "跟" */
    0x0, 0x33, 0x33, 0x32, 0x13, 0x22, 0x22, 0x22,
    0x0, 0x4, 0xff, 0xff, 0xfa, 0x5f, 0xff, 0xff,
    0xff, 0x50, 0x4, 0xe0, 0x0, 0xba, 0x5e, 0x0,
    0x0, 0xe, 0x50, 0x4, 0xe0, 0x0, 0xba, 0x5e,
    0x0, 0x0, 0xe, 0x50, 0x4, 0xe0, 0x0, 0xba,
    0x5f, 0xee, 0xee, 0xef, 0x50, 0x4, 0xff, 0xff,
    0xfa, 0x5e, 0x22, 0x22, 0x2e, 0x50, 0x0, 0x22,
    0xe6, 0x21, 0x5e, 0x0, 0x0, 0xe, 0x50, 0x0,
    0x10, 0xe4, 0x0, 0x5f, 0x88, 0x88, 0x8f, 0x50,
    0x3, 0xd0, 0xe7, 0x32, 0x5f, 0xac, 0xfa, 0xaa,
    0x30, 0x3, 0xd0, 0xef, 0xfb, 0x5e, 0x1, 0xf1,
    0x1, 0x70, 0x3, 0xd0, 0xe4, 0x0, 0x5e, 0x0,
    0xc7, 0x2d, 0xc1, 0x3, 0xd0, 0xe4, 0x0, 0x5e,
    0x0, 0x6e, 0xf7, 0x0, 0x3, 0xd0, 0xe4, 0x3,
    0x5e, 0x0, 0xe, 0x80, 0x0, 0x3, 0xe4, 0xfd,
    0xfe, 0x5e, 0x0, 0x6, 0xf4, 0x0, 0x1c, 0xff,
    0xc8, 0x40, 0x7f, 0x8b, 0xf2, 0x9f, 0x70, 0x8,
    0x51, 0x0, 0x0, 0xef, 0xd8, 0x40, 0x8, 0xf5,
    0x0, 0x0, 0x0, 0x0, 0x42, 0x0, 0x0, 0x0,
    0x20,

    /* U+8F91 "辑" */
    0x0, 0x0, 0x0, 0x0, 0x0, 0x0, 0x0, 0x0,
    0x0, 0x0, 0x9, 0xb0, 0x0, 0x28, 0x88, 0x88,
    0x88, 0x0, 0x0, 0xc, 0x80, 0x0, 0x5f, 0x77,
    0x77, 0x9f, 0x0, 0x2f, 0xff, 0xff, 0xf6, 0x5e,
    0x0, 0x0, 0x4f, 0x0, 0x4, 0x7f, 0x54, 0x42,
    0x5f, 0xbb, 0xbb, 0xcf, 0x0, 0x0, 0x8b, 0x56,
    0x0, 0x0, 0x0, 0x0, 0x0, 0x0, 0x0, 0xd6,
    0x9a, 0x5, 0xdd, 0xdd, 0xdd, 0xdd, 0xd2, 0x2,
    0xf0, 0x9a, 0x1, 0x6f, 0x54, 0x44, 0x8f, 0x40,
    0xa, 0xd8, 0xdd, 0x82, 0x2f, 0x10, 0x0, 0x5e,
    0x0, 0xa, 0xcc, 0xee, 0xc3, 0x2f, 0xff, 0xff,
    0xfe, 0x0, 0x0, 0x0, 0x9a, 0x0, 0x2f, 0x21,
    0x11, 0x6e, 0x0, 0x0, 0x0, 0x9a, 0x0, 0x2f,
    0x32, 0x22, 0x6e, 0x0, 0x0, 0x14, 0xce, 0xc9,
    0x2f, 0xee, 0xee, 0xee, 0x0, 0x2f, 0xfe, 0xed,
    0x62, 0x2f, 0x10, 0x0, 0x5e, 0x0, 0x3, 0x10,
    0x9a, 0x5, 0x8f, 0x9a, 0xbc, 0xef, 0xf4, 0x0,
    0x0, 0x9a, 0x6, 0x98, 0x76, 0x54, 0x7f, 0x0,
    0x0, 0x0, 0x9a, 0x0, 0x0, 0x0, 0x0, 0x5e,
    0x0, 0x0, 0x0, 0x0, 0x0, 0x0, 0x0, 0x0,
    0x0, 0x0,

    /* U+8FC7 "过" */
    0x0, 0x40, 0x0, 0x0, 0x0, 0x0, 0xc, 0x60,
    0x0, 0x1, 0xea, 0x0, 0x0, 0x0, 0x0, 0xe,
    0x70, 0x0, 0x0, 0x2e, 0xa0, 0x0, 0x0, 0x0,
    0xe, 0x70, 0x0, 0x0, 0x3, 0xd1, 0xdf, 0xff,
    0xff, 0xff, 0xff, 0xe0, 0x0, 0x0, 0x0, 0x44,
    0x44, 0x44, 0x4e, 0xa4, 0x40, 0x0, 0x0, 0x0,
    0x0, 0x0, 0x0, 0xe, 0x70, 0x0, 0x4, 0x44,
    0x40, 0xb, 0x80, 0x0, 0xe, 0x70, 0x0, 0xd,
    0xff, 0xe0, 0x3, 0xf5, 0x0, 0xe, 0x70, 0x0,
    0x0, 0x6, 0xe0, 0x0, 0x7e, 0x10, 0xe, 0x70,
    0x0, 0x0, 0x6, 0xe0, 0x0, 0xc, 0x50, 0xe,
    0x70, 0x0, 0x0, 0x6, 0xe0, 0x0, 0x0, 0x0,
    0xe, 0x70, 0x0, 0x0, 0x6, 0xe0, 0x0, 0x0,
    0x0, 0xe, 0x70, 0x0, 0x0, 0x8, 0xf0, 0x0,
    0x2, 0xff, 0xff, 0x30, 0x0, 0x0, 0xaf, 0xed,
    0x20, 0x0, 0x44, 0x41, 0x0, 0x0, 0xa, 0xf3,
    0x9, 0xfc, 0x76, 0x44, 0x55, 0x67, 0x94, 0xb,
    0x60, 0x0, 0x29, 0xde, 0xff, 0xff, 0xee, 0xd2,
    0x0, 0x0, 0x0, 0x0, 0x0, 0x0, 0x0, 0x0,
    0x0,

    /* U+8FD4 "返" */
    0x0, 0x30, 0x0, 0x0, 0x0, 0x12, 0x46, 0x9b,
    0x10, 0x6, 0xf4, 0x0, 0x1d, 0xef, 0xff, 0xfd,
    0xb8, 0x20, 0x0, 0x9f, 0x30, 0x1f, 0x73, 0x21,
    0x0, 0x0, 0x0, 0x0, 0xb, 0x90, 0x1f, 0x30,
    0x0, 0x0, 0x0, 0x0, 0x0, 0x0, 0x0, 0x1f,
    0x97, 0x77, 0x77, 0x76, 0x0, 0x0, 0x0, 0x0,
    0x2f, 0xdc, 0xcc, 0xcc, 0xec, 0x0, 0x15, 0x55,
    0x20, 0x3f, 0x20, 0x0, 0x0, 0xd6, 0x0, 0x3f,
    0xff, 0x60, 0x5f, 0x2d, 0x50, 0x6, 0xf1, 0x0,
    0x0, 0xe, 0x60, 0x6e, 0x7, 0xf8, 0x2f, 0x60,
    0x0, 0x0, 0xe, 0x60, 0xac, 0x0, 0x4e, 0xfb,
    0x0, 0x0, 0x0, 0xe, 0x60, 0xe7, 0x0, 0x2d,
    0xfd, 0x10, 0x0, 0x0, 0xe, 0x67, 0xf2, 0x6,
    0xfb, 0x2d, 0xe2, 0x0, 0x0, 0xe, 0x7d, 0x92,
    0xef, 0x70, 0x0, 0xce, 0x10, 0x0, 0x8f, 0xc3,
    0x0, 0x61, 0x0, 0x0, 0x5, 0x0, 0x1c, 0xd5,
    0x9f, 0xb7, 0x54, 0x33, 0x44, 0x56, 0x71, 0x2e,
    0x20, 0x2, 0x8c, 0xef, 0xff, 0xff, 0xfe, 0xd0,
    0x0, 0x0, 0x0, 0x0, 0x0, 0x0, 0x0, 0x0,
    0x0,

    /* U+8FDB "进" */
    0x1, 0xb2, 0x0, 0x0, 0x3f, 0x10, 0xe, 0x60,
    0x0, 0x0, 0x9e, 0x30, 0x0, 0x3f, 0x10, 0xf,
    0x60, 0x0, 0x0, 0xa, 0xe1, 0x0, 0x4f, 0x20,
    0xf, 0x70, 0x0, 0x0, 0x0, 0x80, 0xcf, 0xff,
    0xff, 0xff, 0xff, 0xb0, 0x0, 0x0, 0x0, 0x23,
    0x6f, 0x43, 0x3f, 0x83, 0x20, 0x0, 0x0, 0x0,
    0x0, 0x3f, 0x10, 0xf, 0x60, 0x0, 0xb, 0xcc,
    0xb0, 0x0, 0x4f, 0x10, 0xf, 0x60, 0x0, 0x6,
    0x6a, 0xe0, 0x78, 0xaf, 0x98, 0x8f, 0xb8, 0x80,
    0x0, 0x6, 0xe0, 0xab, 0xdf, 0xbb, 0xbf, 0xdb,
    0xb0, 0x0, 0x6, 0xe0, 0x0, 0xba, 0x0, 0xf,
    0x60, 0x0, 0x0, 0x6, 0xe0, 0x1, 0xf5, 0x0,
    0xf, 0x60, 0x0, 0x0, 0x6, 0xe0, 0xa, 0xe1,
    0x0, 0xf, 0x60, 0x0, 0x0, 0x8, 0xf0, 0x6f,
    0x50, 0x0, 0xf, 0x60, 0x0, 0x0, 0x9f, 0xfc,
    0x23, 0x0, 0x0, 0x5, 0x20, 0x0, 0x9, 0xf4,
    0x1b, 0xfa, 0x54, 0x33, 0x34, 0x45, 0x73, 0xc,
    0x60, 0x0, 0x3a, 0xdf, 0xff, 0xff, 0xff, 0xe2,
    0x0, 0x0, 0x0, 0x0, 0x0, 0x0, 0x0, 0x0,
    0x0,

    /* U+8FDE "连" */
    0x0, 0x0, 0x0, 0x0, 0x0, 0x0, 0x0, 0x0,
    0x0, 0x3, 0xa0, 0x0, 0x0, 0xc, 0x80, 0x0,
    0x0, 0x0, 0x1, 0xeb, 0x0, 0x33, 0x4f, 0x83,
    0x33, 0x33, 0x20, 0x0, 0x3f, 0x72, 0xff, 0xff,
    0xff, 0xff, 0xff, 0x80, 0x0, 0x7, 0xa0, 0x0,
    0xe7, 0x0, 0x0, 0x0, 0x0, 0x0, 0x0, 0x0,
    0x6, 0xf1, 0xd, 0x80, 0x0, 0x0, 0x0, 0x0,
    0x0, 0xd, 0x80, 0xd, 0x80, 0x0, 0x0, 0x4f,
    0xff, 0x50, 0x8f, 0xed, 0xdf, 0xed, 0xdd, 0x0,
    0x14, 0x4f, 0x50, 0x37, 0x66, 0x6e, 0xb6, 0x66,
    0x0, 0x0, 0xe, 0x50, 0x0, 0x0, 0xd, 0x80,
    0x0, 0x0, 0x0, 0xe, 0x50, 0x11, 0x11, 0x1e,
    0x91, 0x11, 0x10, 0x0, 0xe, 0x55, 0xff, 0xff,
    0xff, 0xff, 0xff, 0xe0, 0x0, 0xe, 0x50, 0x11,
    0x11, 0x1e, 0x91, 0x11, 0x10, 0x0, 0xe, 0x50,
    0x0, 0x0, 0xd, 0x80, 0x0, 0x0, 0x1, 0xbf,
    0xd4, 0x0, 0x0, 0xd, 0x80, 0x0, 0x0, 0x2e,
    0xd3, 0x8f, 0xd8, 0x65, 0x4b, 0x85, 0x56, 0x73,
    0x3e, 0x20, 0x2, 0x8d, 0xff, 0xff, 0xff, 0xff,
    0xe3, 0x1, 0x0, 0x0, 0x0, 0x0, 0x11, 0x0,
    0x0, 0x0,

    /* U+9009 "选" */
    0x0, 0x0, 0x0, 0x0, 0x0, 0x0, 0x0, 0x0,
    0x0, 0x4, 0x30, 0x0, 0x2, 0x80, 0x4f, 0x0,
    0x0, 0x0, 0x9, 0xf5, 0x0, 0x8, 0xd0, 0x4f,
    0x0, 0x0, 0x0, 0x0, 0x9f, 0x40, 0xe, 0xfd,
    0xef, 0xdd, 0xdd, 0x30, 0x0, 0xb, 0x70, 0x9e,
    0x55, 0x8f, 0x55, 0x55, 0x10, 0x0, 0x0, 0x1,
    0xe5, 0x0, 0x4f, 0x0, 0x0, 0x0, 0x0, 0x0,
    0x0, 0x10, 0x0, 0x4f, 0x0, 0x0, 0x0, 0x3,
    0x33, 0x15, 0xdd, 0xdd, 0xef, 0xdd, 0xdd, 0xd0,
    0x1f, 0xff, 0x52, 0x66, 0x7f, 0x76, 0xfa, 0x66,
    0x60, 0x0, 0xe, 0x50, 0x0, 0x5f, 0x0, 0xe6,
    0x0, 0x0, 0x0, 0xe, 0x50, 0x0, 0xac, 0x0,
    0xe6, 0x0, 0x0, 0x0, 0xe, 0x50, 0x3, 0xf5,
    0x0, 0xe6, 0x1, 0xd0, 0x0, 0xe, 0x50, 0x4f,
    0xb0, 0x0, 0xe7, 0x2, 0xf0, 0x0, 0xe, 0x59,
    0xfa, 0x0, 0x0, 0xcf, 0xff, 0xb0, 0x0, 0x2f,
    0xc6, 0x30, 0x0, 0x0, 0x4, 0x44, 0x10, 0x8,
    0xfa, 0x8e, 0xc7, 0x43, 0x33, 0x34, 0x45, 0x61,
    0x1e, 0x70, 0x1, 0x7c, 0xff, 0xff, 0xff, 0xff,
    0xe0, 0x1, 0x0, 0x0, 0x0, 0x0, 0x11, 0x0,
    0x0, 0x0,

    /* U+901F "速" */
    0x0, 0x0, 0x0, 0x0, 0x0, 0x1, 0x0, 0x0,
    0x0, 0x0, 0x20, 0x0, 0x0, 0x0, 0x4f, 0x0,
    0x0, 0x0, 0x5, 0xf5, 0x0, 0x33, 0x33, 0x7f,
    0x33, 0x33, 0x30, 0x0, 0x6f, 0x51, 0xff, 0xff,
    0xff, 0xff, 0xff, 0xf2, 0x0, 0x7, 0xe0, 0x0,
    0x0, 0x4f, 0x0, 0x0, 0x0, 0x0, 0x0, 0x0,
    0x4c, 0xcc, 0xdf, 0xcc, 0xcc, 0x40, 0x0, 0x0,
    0x0, 0x5f, 0x44, 0x7f, 0x44, 0x4f, 0x50, 0xc,
    0xcc, 0xb0, 0x5e, 0x0, 0x4f, 0x0, 0xf, 0x50,
    0x9, 0x9c, 0xe0, 0x5e, 0x11, 0x6f, 0x21, 0x1f,
    0x50, 0x0, 0x5, 0xe0, 0x5f, 0xff, 0xff, 0xff,
    0xff, 0x50, 0x0, 0x5, 0xe0, 0x0, 0x6, 0xff,
    0xe4, 0x0, 0x0, 0x0, 0x5, 0xe0, 0x0, 0x5f,
    0x8f, 0x6f, 0x90, 0x0, 0x0, 0x5, 0xe0, 0x8,
    0xf4, 0x4f, 0x2, 0xdc, 0x10, 0x0, 0x5, 0xe1,
    0xde, 0x40, 0x4f, 0x0, 0x1c, 0x90, 0x0, 0x2c,
    0xf6, 0x51, 0x0, 0x4f, 0x0, 0x0, 0x0, 0x6,
    0xf9, 0x5d, 0xd8, 0x43, 0x34, 0x23, 0x34, 0x52,
    0xd, 0x70, 0x0, 0x5a, 0xef, 0xff, 0xff, 0xff,
    0xe3, 0x1, 0x0, 0x0, 0x0, 0x0, 0x1, 0x0,
    0x0, 0x0,

    /* U+91CD "重" */
    0x0, 0x1, 0x12, 0x34, 0x56, 0x79, 0xbd, 0xc0,
    0x0, 0x0, 0x7f, 0xfe, 0xed, 0xfe, 0xa8, 0x74,
    0x20, 0x0, 0x0, 0x0, 0x0, 0x0, 0xb9, 0x0,
    0x0, 0x0, 0x0, 0xf, 0xff, 0xff, 0xff, 0xff,
    0xff, 0xff, 0xff, 0xf0, 0x0, 0x0, 0x0, 0x0,
    0xca, 0x0, 0x0, 0x0, 0x0, 0x0, 0x1e, 0xee,
    0xee, 0xff, 0xee, 0xee, 0xe3, 0x0, 0x0, 0x1f,
    0x30, 0x0, 0xba, 0x0, 0x2, 0xf3, 0x0, 0x0,
    0x1f, 0x52, 0x22, 0xca, 0x22, 0x24, 0xf3, 0x0,
    0x0, 0x1f, 0xcb, 0xbb, 0xee, 0xbb, 0xbc, 0xf3,
    0x0, 0x0, 0x1f, 0x30, 0x0, 0xba, 0x0, 0x2,
    0xf3, 0x0, 0x0, 0x1e, 0xee, 0xee, 0xff, 0xee,
    0xee, 0xe3, 0x0, 0x0, 0x0, 0x0, 0x0, 0xb9,
    0x0, 0x0, 0x0, 0x0, 0x0, 0xaf, 0xff, 0xff,
    0xff, 0xff, 0xff, 0xfe, 0x0, 0x0, 0x11, 0x11,
    0x11, 0xca, 0x11, 0x11, 0x11, 0x0, 0x2, 0x22,
    0x22, 0x22, 0xca, 0x22, 0x22, 0x22, 0x20, 0xf,
    0xff, 0xff, 0xff, 0xff, 0xff, 0xff, 0xff, 0xf1,

    /* U+91CF "量" */
    0x0, 0x9, 0xcc, 0xcc, 0xcc, 0xcc, 0xcc, 0x90,
    0x0, 0x0, 0xc, 0x80, 0x0, 0x0, 0x0, 0x9,
    0xc0, 0x0, 0x0, 0xc, 0xed, 0xdd, 0xdd, 0xdd,
    0xdf, 0xc0, 0x0, 0x0, 0xc, 0x70, 0x0, 0x0,
    0x0, 0x8, 0xc0, 0x0, 0x0, 0xa, 0xdc, 0xcc,
    0xcc, 0xcc, 0xcd, 0xa0, 0x0, 0x2, 0x22, 0x22,
    0x22, 0x22, 0x22, 0x22, 0x22, 0x20, 0xd, 0xdd,
    0xdd, 0xdd, 0xdd, 0xdd, 0xdd, 0xdd, 0xd1, 0x0,
    0x6, 0x66, 0x66, 0x66, 0x66, 0x66, 0x62, 0x0,
    0x0, 0x2f, 0x64, 0x44, 0xcb, 0x44, 0x45, 0xf4,
    0x0, 0x0, 0x2f, 0xdc, 0xcc, 0xee, 0xcc, 0xcc,
    0xf4, 0x0, 0x0, 0x2f, 0x20, 0x0, 0xa9, 0x0,
    0x0, 0xf4, 0x0, 0x0, 0x2f, 0xdd, 0xdd, 0xfe,
    0xdd, 0xdd, 0xf4, 0x0, 0x0, 0x0, 0x0, 0x0,
    0xa9, 0x0, 0x0, 0x0, 0x0, 0x0, 0x9f, 0xff,
    0xff, 0xff, 0xff, 0xff, 0xfa, 0x0, 0x0, 0x0,
    0x0, 0x0, 0xba, 0x0, 0x0, 0x0, 0x0, 0x2f,
    0xff, 0xff, 0xff, 0xff, 0xff, 0xff, 0xff, 0xf2,

    /* U+94C3 "铃" */
    0x0, 0x0, 0x0, 0x0, 0x0, 0x0, 0x0, 0x0,
    0x0, 0x0, 0xe, 0x40, 0x0, 0x0, 0x5, 0xe0,
    0x0, 0x0, 0x0, 0x7f, 0x10, 0x0, 0x0, 0xd,
    0xf4, 0x0, 0x0, 0x1, 0xef, 0xff, 0xf6, 0x0,
    0x7e, 0x8e, 0x10, 0x0, 0xc, 0xc3, 0x33, 0x31,
    0x3, 0xf5, 0xc, 0xa0, 0x0, 0x3e, 0x10, 0x0,
    0x0, 0x1e, 0xa0, 0x2, 0xf8, 0x0, 0x2, 0xff,
    0xff, 0xd2, 0xdb, 0x1e, 0x50, 0x5f, 0x90, 0x0,
    0x46, 0xf5, 0x3b, 0xb0, 0x5, 0xf3, 0x6, 0xe2,
    0x0, 0x3, 0xf1, 0x0, 0x0, 0x0, 0x61, 0x0,
    0x0, 0x2, 0x25, 0xf4, 0x21, 0x5b, 0xbb, 0xbb,
    0xb9, 0x0, 0xe, 0xff, 0xff, 0xf8, 0x48, 0x88,
    0x88, 0xec, 0x0, 0x0, 0x4, 0xf1, 0x0, 0x0,
    0x0, 0x3, 0xf3, 0x0, 0x0, 0x3, 0xf1, 0x0,
    0x0, 0x0, 0xd, 0xa0, 0x0, 0x0, 0x3, 0xf1,
    0x0, 0x5, 0xd3, 0x8e, 0x10, 0x0, 0x0, 0x4,
    0xf5, 0xba, 0x0, 0x8f, 0xf4, 0x0, 0x0, 0x0,
    0x9, 0xff, 0x91, 0x0, 0x5, 0xf9, 0x0, 0x0,
    0x0, 0x1f, 0xa2, 0x0, 0x0, 0x0, 0x3e, 0x80,
    0x0, 0x0, 0x1, 0x0, 0x0, 0x0, 0x0, 0x2,
    0x0, 0x0,

    /* U+952E "键" */
    0x0, 0x0, 0x0, 0x0, 0x0, 0x0, 0x0, 0x0,
    0x0, 0x0, 0x7d, 0x0, 0x1, 0x11, 0x0, 0x79,
    0x0, 0x0, 0x0, 0xd9, 0x11, 0xaf, 0xfe, 0x6a,
    0xde, 0xaa, 0x20, 0x3, 0xff, 0xff, 0x22, 0xb9,
    0x24, 0x9b, 0x4c, 0x40, 0xd, 0xa2, 0x22, 0x0,
    0xf3, 0x44, 0x9b, 0x4c, 0x71, 0x5f, 0x10, 0x0,
    0x6, 0xc0, 0xcc, 0xee, 0xcf, 0xd4, 0x9, 0xdd,
    0xdc, 0xd, 0x40, 0x0, 0x79, 0xb, 0x40, 0x2,
    0x5f, 0x64, 0x9f, 0xcb, 0x7c, 0xde, 0xce, 0x40,
    0x0, 0xf, 0x10, 0x55, 0x8c, 0x23, 0x9b, 0x33,
    0x10, 0x3, 0x4f, 0x53, 0x0, 0x5b, 0x46, 0xac,
    0x66, 0x30, 0x1f, 0xff, 0xff, 0x78, 0x89, 0x7a,
    0xdd, 0xaa, 0x50, 0x0, 0xf, 0x10, 0x3d, 0xb5,
    0x0, 0x79, 0x0, 0x0, 0x0, 0xf, 0x10, 0xd,
    0xf2, 0xdd, 0xef, 0xdd, 0xd0, 0x0, 0xf, 0x12,
    0x8, 0xe1, 0x33, 0x9b, 0x33, 0x30, 0x0, 0x1f,
    0x9f, 0x3e, 0xdc, 0x10, 0x79, 0x0, 0x0, 0x0,
    0x7f, 0xc3, 0xbb, 0xa, 0xf9, 0x87, 0x22, 0x20,
    0x0, 0x97, 0x9, 0xc1, 0x0, 0x39, 0xdf, 0xff,
    0xf2, 0x0, 0x0, 0x1, 0x0, 0x0, 0x0, 0x0,
    0x0, 0x0,

    /* U+957F "长" */
    0x0, 0x0, 0x0, 0x0, 0x0, 0x0, 0x0, 0x0,
    0x0, 0x0, 0x8d, 0x0, 0x0, 0x0, 0x5, 0x60,
    0x0, 0x0, 0x8, 0xd0, 0x0, 0x0, 0x6, 0xf8,
    0x0, 0x0, 0x0, 0x8d, 0x0, 0x0, 0x9, 0xf8,
    0x0, 0x0, 0x0, 0x8, 0xd0, 0x0, 0x6e, 0xe5,
    0x0, 0x0, 0x0, 0x0, 0x8d, 0x4, 0xdf, 0xa1,
    0x0, 0x0, 0x0, 0x0, 0x8, 0xd0, 0x4c, 0x30,
    0x0, 0x0, 0x0, 0x1, 0x11, 0x9e, 0x11, 0x11,
    0x11, 0x11, 0x11, 0x10, 0xff, 0xff, 0xff, 0xff,
    0xff, 0xff, 0xff, 0xff, 0x4, 0x44, 0xae, 0x44,
    0x5f, 0x74, 0x44, 0x44, 0x40, 0x0, 0x8, 0xd0,
    0x0, 0xbc, 0x0, 0x0, 0x0, 0x0, 0x0, 0x8d,
    0x0, 0x3, 0xf6, 0x0, 0x0, 0x0, 0x0, 0x8,
    0xd0, 0x0, 0x8, 0xf4, 0x0, 0x0, 0x0, 0x0,
    0x8d, 0x0, 0x0, 0xb, 0xf5, 0x0, 0x0, 0x0,
    0x8, 0xd0, 0x15, 0x92, 0xa, 0xfa, 0x20, 0x0,
    0x0, 0xbf, 0xdf, 0xfb, 0x20, 0x7, 0xff, 0xb2,
    0x0, 0x1f, 0xd8, 0x40, 0x0, 0x0, 0x1, 0x7a,
    0x0, 0x0, 0x20, 0x0, 0x0, 0x0, 0x0, 0x0,
    0x0,

    /* U+9759 "静" */
    0x0, 0x0, 0xa8, 0x0, 0x0, 0xc, 0x40, 0x0,
    0x0, 0x3, 0x44, 0xcb, 0x44, 0x30, 0x6f, 0x53,
    0x30, 0x0, 0x8, 0xbb, 0xee, 0xbb, 0x80, 0xee,
    0xde, 0xf2, 0x0, 0x1, 0x22, 0xba, 0x22, 0x1a,
    0xc0, 0x9, 0xa0, 0x0, 0x5, 0xcc, 0xee, 0xcc,
    0xaf, 0x31, 0x4f, 0x31, 0x0, 0x0, 0x0, 0xb9,
    0x0, 0x1c, 0xff, 0xff, 0xff, 0x40, 0x1f, 0xff,
    0xff, 0xff, 0xd0, 0x2, 0xf3, 0xe, 0x40, 0x0,
    0x22, 0x22, 0x22, 0x12, 0x24, 0xf5, 0x2e, 0x71,
    0x0, 0xfe, 0xdd, 0xef, 0x5f, 0xff, 0xff, 0xff,
    0xf6, 0x0, 0xf2, 0x0, 0x3f, 0x0, 0x1, 0xf2,
    0xe, 0x40, 0x0, 0xfe, 0xee, 0xff, 0x0, 0x12,
    0xf3, 0x1e, 0x40, 0x0, 0xf3, 0x0, 0x3f, 0xb,
    0xee, 0xfe, 0xef, 0x40, 0x0, 0xfd, 0xdd, 0xef,
    0x0, 0x1, 0xf2, 0xb, 0x30, 0x0, 0xf4, 0x11,
    0x4f, 0x0, 0x1, 0xf2, 0x0, 0x0, 0x0, 0xf2,
    0x1, 0x4f, 0x1, 0x35, 0xf2, 0x0, 0x0, 0x0,
    0xf2, 0xe, 0xfa, 0x4, 0xff, 0xb0, 0x0, 0x0,
    0x0, 0x0, 0x0, 0x0, 0x0, 0x0, 0x0, 0x0,
    0x0,

    /* U+97F3 "音" */
    0x0, 0x0, 0x0, 0x0, 0x0, 0x0, 0x0, 0x0,
    0x0, 0x0, 0x0, 0x0, 0x0, 0xe6, 0x0, 0x0,
    0x0, 0x0, 0x0, 0x44, 0x44, 0x44, 0xbe, 0x44,
    0x44, 0x44, 0x0, 0x0, 0xff, 0xff, 0xff, 0xff,
    0xff, 0xff, 0xff, 0x20, 0x0, 0x0, 0x4d, 0x10,
    0x0, 0x0, 0xd7, 0x0, 0x0, 0x0, 0x0, 0x1f,
    0x80, 0x0, 0x6, 0xf2, 0x0, 0x0, 0x3, 0x33,
    0x3b, 0xd3, 0x33, 0x3d, 0xc3, 0x33, 0x30, 0xf,
    0xff, 0xff, 0xff, 0xff, 0xff, 0xff, 0xff, 0xf0,
    0x0, 0x0, 0x0, 0x0, 0x0, 0x0, 0x0, 0x0,
    0x0, 0x0, 0x1, 0x33, 0x33, 0x33, 0x33, 0x33,
    0x20, 0x0, 0x0, 0x8, 0xfe, 0xee, 0xee, 0xee,
    0xef, 0xb0, 0x0, 0x0, 0x8, 0xc0, 0x0, 0x0,
    0x0, 0xa, 0xb0, 0x0, 0x0, 0x8, 0xd3, 0x33,
    0x33, 0x33, 0x3b, 0xb0, 0x0, 0x0, 0x8, 0xfd,
    0xdd, 0xdd, 0xdd, 0xdf, 0xb0, 0x0, 0x0, 0x8,
    0xc0, 0x0, 0x0, 0x0, 0xa, 0xb0, 0x0, 0x0,
    0x8, 0xd3, 0x33, 0x33, 0x33, 0x3b, 0xb0, 0x0,
    0x0, 0x8, 0xff, 0xff, 0xff, 0xff, 0xff, 0xb0,
    0x0,

    /* U+9891 "频" */
    0x0, 0x0, 0x2e, 0x0, 0x0, 0x0, 0x0, 0x0,
    0x0, 0x0, 0x50, 0x3f, 0x0, 0x8, 0xdd, 0xdd,
    0xdd, 0xb0, 0x0, 0xf2, 0x3f, 0xff, 0x90, 0x11,
    0x6e, 0x11, 0x10, 0x0, 0xf2, 0x3f, 0x33, 0x20,
    0x0, 0xa9, 0x0, 0x0, 0x0, 0xf2, 0x3f, 0x0,
    0x2, 0xee, 0xff, 0xee, 0x50, 0x14, 0xf6, 0x7f,
    0x44, 0x43, 0xf4, 0x44, 0x4e, 0x50, 0x4e, 0xee,
    0xff, 0xee, 0xe3, 0xf0, 0x49, 0xd, 0x50, 0x0,
    0x0, 0x8a, 0x0, 0x3, 0xf0, 0x5c, 0xd, 0x50,
    0x0, 0xa4, 0x8a, 0x6, 0x93, 0xf0, 0x6b, 0xd,
    0x50, 0x2, 0xf1, 0x8a, 0xd, 0x73, 0xf0, 0x7a,
    0xd, 0x50, 0x9, 0xb0, 0x8a, 0x3f, 0x13, 0xf0,
    0x89, 0xd, 0x50, 0x1f, 0x20, 0x8b, 0xca, 0x3,
    0xf0, 0xa7, 0xd, 0x50, 0x1, 0x0, 0x3c, 0xe1,
    0x1, 0x80, 0xe4, 0x6, 0x20, 0x0, 0x0, 0x9f,
    0x40, 0x0, 0x7, 0xd9, 0xb1, 0x0, 0x0, 0x4c,
    0xe3, 0x0, 0x0, 0x8f, 0x40, 0xad, 0x20, 0xc,
    0xf9, 0x10, 0x0, 0x8e, 0xc3, 0x0, 0x9, 0xe0,
    0x4, 0x10, 0x0, 0x0, 0x33, 0x0, 0x0, 0x0,
    0x30,

    /* U+9996 "首" */
    0x0, 0x0, 0x12, 0x0, 0x0, 0x0, 0x22, 0x0,
    0x0, 0x0, 0x0, 0x9e, 0x20, 0x0, 0x0, 0xdb,
    0x0, 0x0, 0x0, 0x0, 0xc, 0xb0, 0x0, 0x8,
    0xe1, 0x0, 0x0, 0xd, 0xdd, 0xde, 0xed, 0xdd,
    0xdf, 0xfd, 0xdd, 0xd1, 0x6, 0x66, 0x66, 0x66,
    0xed, 0x66, 0x66, 0x66, 0x60, 0x0, 0x0, 0x0,
    0x1, 0xf7, 0x0, 0x0, 0x0, 0x0, 0x0, 0xe,
    0xee, 0xee, 0xff, 0xee, 0xee, 0xe0, 0x0, 0x0,
    0xf, 0x84, 0x44, 0x44, 0x44, 0x49, 0xf0, 0x0,
    0x0, 0xf, 0x50, 0x0, 0x0, 0x0, 0x6, 0xf0,
    0x0, 0x0, 0xf, 0xfe, 0xee, 0xee, 0xee, 0xef,
    0xf0, 0x0, 0x0, 0xf, 0x72, 0x22, 0x22, 0x22,
    0x28, 0xf0, 0x0, 0x0, 0xf, 0x50, 0x0, 0x0,
    0x0, 0x6, 0xf0, 0x0, 0x0, 0xf, 0xff, 0xff,
    0xff, 0xff, 0xff, 0xf0, 0x0, 0x0, 0xf, 0x71,
    0x11, 0x11, 0x11, 0x17, 0xf0, 0x0, 0x0, 0xf,
    0x50, 0x0, 0x0, 0x0, 0x6, 0xf0, 0x0, 0x0,
    0xf, 0xff, 0xff, 0xff, 0xff, 0xff, 0xf0, 0x0,
    0x0, 0xf, 0x83, 0x33, 0x33, 0x33, 0x38, 0xf0,
    0x0,

    /* U+FF0C "，" */
    0x0, 0x10, 0xa, 0xf7, 0xc, 0xfd, 0x1, 0x9d,
    0x0, 0xa9, 0x1a, 0xe1, 0x6a, 0x10, 0x0, 0x0
};


/*---------------------
 *  GLYPH DESCRIPTION
 *--------------------*/

static const lv_font_fmt_txt_glyph_dsc_t glyph_dsc[] = {
    {.bitmap_index = 0, .adv_w = 0, .box_w = 0, .box_h = 0, .ofs_x = 0, .ofs_y = 0} /* id = 0 reserved */,
    {.bitmap_index = 0, .adv_w = 65, .box_w = 0, .box_h = 0, .ofs_x = 0, .ofs_y = 0},
    {.bitmap_index = 0, .adv_w = 93, .box_w = 4, .box_h = 13, .ofs_x = 1, .ofs_y = 0},
    {.bitmap_index = 26, .adv_w = 137, .box_w = 6, .box_h = 6, .ofs_x = 1, .ofs_y = 8},
    {.bitmap_index = 44, .adv_w = 160, .box_w = 10, .box_h = 13, .ofs_x = 0, .ofs_y = 0},
    {.bitmap_index = 109, .adv_w = 160, .box_w = 8, .box_h = 17, .ofs_x = 1, .ofs_y = -2},
    {.bitmap_index = 177, .adv_w = 265, .box_w = 16, .box_h = 13, .ofs_x = 0, .ofs_y = 0},
    {.bitmap_index = 281, .adv_w = 196, .box_w = 12, .box_h = 13, .ofs_x = 0, .ofs_y = 0},
    {.bitmap_index = 359, .adv_w = 80, .box_w = 3, .box_h = 6, .ofs_x = 1, .ofs_y = 8},
    {.bitmap_index = 368, .adv_w = 97, .box_w = 5, .box_h = 19, .ofs_x = 1, .ofs_y = -4},
    {.bitmap_index = 416, .adv_w = 97, .box_w = 5, .box_h = 19, .ofs_x = 0, .ofs_y = -4},
    {.bitmap_index = 464, .adv_w = 134, .box_w = 7, .box_h = 6, .ofs_x = 1, .ofs_y = 8},
    {.bitmap_index = 485, .adv_w = 160, .box_w = 10, .box_h = 10, .ofs_x = 0, .ofs_y = 2},
    {.bitmap_index = 535, .adv_w = 80, .box_w = 4, .box_h = 7, .ofs_x = 0, .ofs_y = -4},
    {.bitmap_index = 549, .adv_w = 100, .box_w = 6, .box_h = 3, .ofs_x = 0, .ofs_y = 4},
    {.bitmap_index = 558, .adv_w = 80, .box_w = 3, .box_h = 3, .ofs_x = 1, .ofs_y = 0},
    {.bitmap_index = 563, .adv_w = 113, .box_w = 7, .box_h = 18, .ofs_x = 0, .ofs_y = -4},
    {.bitmap_index = 626, .adv_w = 160, .box_w = 10, .box_h = 13, .ofs_x = 0, .ofs_y = 0},
    {.bitmap_index = 691, .adv_w = 160, .box_w = 8, .box_h = 13, .ofs_x = 1, .ofs_y = 0},
    {.bitmap_index = 743, .adv_w = 160, .box_w = 10, .box_h = 13, .ofs_x = 0, .ofs_y = 0},
    {.bitmap_index = 808, .adv_w = 160, .box_w = 9, .box_h = 13, .ofs_x = 0, .ofs_y = 0},
    {.bitmap_index = 867, .adv_w = 160, .box_w = 10, .box_h = 13, .ofs_x = 0, .ofs_y = 0},
    {.bitmap_index = 932, .adv_w = 160, .box_w = 10, .box_h = 13, .ofs_x = 0, .ofs_y = 0},
    {.bitmap_index = 997, .adv_w = 160, .box_w = 9, .box_h = 13, .ofs_x = 1, .ofs_y = 0},
    {.bitmap_index = 1056, .adv_w = 160, .box_w = 10, .box_h = 13, .ofs_x = 0, .ofs_y = 0},
    {.bitmap_index = 1121, .adv_w = 160, .box_w = 10, .box_h = 13, .ofs_x = 0, .ofs_y = 0},
    {.bitmap_index = 1186, .adv_w = 160, .box_w = 10, .box_h = 13, .ofs_x = 0, .ofs_y = 0},
    {.bitmap_index = 1251, .adv_w = 80, .box_w = 3, .box_h = 10, .ofs_x = 1, .ofs_y = 0},
    {.bitmap_index = 1266, .adv_w = 80, .box_w = 4, .box_h = 14, .ofs_x = 0, .ofs_y = -4},
    {.bitmap_index = 1294, .adv_w = 160, .box_w = 10, .box_h = 9, .ofs_x = 0, .ofs_y = 2},
    {.bitmap_index = 1339, .adv_w = 160, .box_w = 10, .box_h = 6, .ofs_x = 0, .ofs_y = 4},
    {.bitmap_index = 1369, .adv_w = 160, .box_w = 10, .box_h = 9, .ofs_x = 0, .ofs_y = 2},
    {.bitmap_index = 1414, .adv_w = 137, .box_w = 8, .box_h = 13, .ofs_x = 0, .ofs_y = 0},
    {.bitmap_index = 1466, .adv_w = 272, .box_w = 15, .box_h = 17, .ofs_x = 1, .ofs_y = -4},
    {.bitmap_index = 1594, .adv_w = 175, .box_w = 11, .box_h = 13, .ofs_x = 0, .ofs_y = 0},
    {.bitmap_index = 1666, .adv_w = 189, .box_w = 11, .box_h = 13, .ofs_x = 1, .ofs_y = 0},
    {.bitmap_index = 1738, .adv_w = 184, .box_w = 10, .box_h = 13, .ofs_x = 1, .ofs_y = 0},
    {.bitmap_index = 1803, .adv_w = 198, .box_w = 11, .box_h = 13, .ofs_x = 1, .ofs_y = 0},
    {.bitmap_index = 1875, .adv_w = 170, .box_w = 9, .box_h = 13, .ofs_x = 1, .ofs_y = 0},
    {.bitmap_index = 1934, .adv_w = 159, .box_w = 9, .box_h = 13, .ofs_x = 1, .ofs_y = 0},
    {.bitmap_index = 1993, .adv_w = 198, .box_w = 11, .box_h = 13, .ofs_x = 1, .ofs_y = 0},
    {.bitmap_index = 2065, .adv_w = 210, .box_w = 11, .box_h = 13, .ofs_x = 1, .ofs_y = 0},
    {.bitmap_index = 2137, .adv_w = 84, .box_w = 3, .box_h = 13, .ofs_x = 1, .ofs_y = 0},
    {.bitmap_index = 2157, .adv_w = 154, .box_w = 8, .box_h = 13, .ofs_x = 0, .ofs_y = 0},
    {.bitmap_index = 2209, .adv_w = 186, .box_w = 11, .box_h = 13, .ofs_x = 1, .ofs_y = 0},
    {.bitmap_index = 2281, .adv_w = 156, .box_w = 9, .box_h = 13, .ofs_x = 1, .ofs_y = 0},
    {.bitmap_index = 2340, .adv_w = 234, .box_w = 12, .box_h = 13, .ofs_x = 1, .ofs_y = 0},
    {.bitmap_index = 2418, .adv_w = 208, .box_w = 11, .box_h = 13, .ofs_x = 1, .ofs_y = 0},
    {.bitmap_index = 2490, .adv_w = 214, .box_w = 12, .box_h = 13, .ofs_x = 1, .ofs_y = 0},
    {.bitmap_index = 2568, .adv_w = 182, .box_w = 10, .box_h = 13, .ofs_x = 1, .ofs_y = 0},
    {.bitmap_index = 2633, .adv_w = 214, .box_w = 12, .box_h = 17, .ofs_x = 1, .ofs_y = -4},
    {.bitmap_index = 2735, .adv_w = 183, .box_w = 10, .box_h = 13, .ofs_x = 1, .ofs_y = 0},
    {.bitmap_index = 2800, .adv_w = 172, .box_w = 10, .box_h = 13, .ofs_x = 0, .ofs_y = 0},
    {.bitmap_index = 2865, .adv_w = 173, .box_w = 11, .box_h = 13, .ofs_x = 0, .ofs_y = 0},
    {.bitmap_index = 2937, .adv_w = 208, .box_w = 11, .box_h = 13, .ofs_x = 1, .ofs_y = 0},
    {.bitmap_index = 3009, .adv_w = 166, .box_w = 11, .box_h = 13, .ofs_x = 0, .ofs_y = 0},
    {.bitmap_index = 3081, .adv_w = 253, .box_w = 16, .box_h = 13, .ofs_x = 0, .ofs_y = 0},
    {.bitmap_index = 3185, .adv_w = 165, .box_w = 11, .box_h = 13, .ofs_x = 0, .ofs_y = 0},
    {.bitmap_index = 3257, .adv_w = 153, .box_w = 11, .box_h = 13, .ofs_x = -1, .ofs_y = 0},
    {.bitmap_index = 3329, .adv_w = 174, .box_w = 11, .box_h = 13, .ofs_x = 0, .ofs_y = 0},
    {.bitmap_index = 3401, .adv_w = 97, .box_w = 5, .box_h = 17, .ofs_x = 1, .ofs_y = -3},
    {.bitmap_index = 3444, .adv_w = 113, .box_w = 7, .box_h = 18, .ofs_x = 0, .ofs_y = -4},
    {.bitmap_index = 3507, .adv_w = 97, .box_w = 5, .box_h = 17, .ofs_x = 0, .ofs_y = -3},
    {.bitmap_index = 3550, .adv_w = 160, .box_w = 8, .box_h = 8, .ofs_x = 1, .ofs_y = 6},
    {.bitmap_index = 3582, .adv_w = 161, .box_w = 10, .box_h = 2, .ofs_x = 0, .ofs_y = -3},
    {.bitmap_index = 3592, .adv_w = 175, .box_w = 6, .box_h = 4, .ofs_x = 2, .ofs_y = 11},
    {.bitmap_index = 3604, .adv_w = 162, .box_w = 8, .box_h = 10, .ofs_x = 1, .ofs_y = 0},
    {.bitmap_index = 3644, .adv_w = 178, .box_w = 10, .box_h = 14, .ofs_x = 1, .ofs_y = 0},
    {.bitmap_index = 3714, .adv_w = 147, .box_w = 9, .box_h = 10, .ofs_x = 0, .ofs_y = 0},
    {.bitmap_index = 3759, .adv_w = 179, .box_w = 10, .box_h = 14, .ofs_x = 0, .ofs_y = 0},
    {.bitmap_index = 3829, .adv_w = 160, .box_w = 10, .box_h = 10, .ofs_x = 0, .ofs_y = 0},
    {.bitmap_index = 3879, .adv_w = 94, .box_w = 7, .box_h = 14, .ofs_x = 0, .ofs_y = 0},
    {.bitmap_index = 3928, .adv_w = 162, .box_w = 10, .box_h = 14, .ofs_x = 0, .ofs_y = -4},
    {.bitmap_index = 3998, .adv_w = 175, .box_w = 9, .box_h = 14, .ofs_x = 1, .ofs_y = 0},
    {.bitmap_index = 4061, .adv_w = 79, .box_w = 3, .box_h = 14, .ofs_x = 1, .ofs_y = 0},
    {.bitmap_index = 4082, .adv_w = 79, .box_w = 5, .box_h = 18, .ofs_x = -1, .ofs_y = -4},
    {.bitmap_index = 4127, .adv_w = 159, .box_w = 9, .box_h = 14, .ofs_x = 1, .ofs_y = 0},
    {.bitmap_index = 4190, .adv_w = 82, .box_w = 4, .box_h = 14, .ofs_x = 1, .ofs_y = 0},
    {.bitmap_index = 4218, .adv_w = 267, .box_w = 15, .box_h = 10, .ofs_x = 1, .ofs_y = 0},
    {.bitmap_index = 4293, .adv_w = 176, .box_w = 9, .box_h = 10, .ofs_x = 1, .ofs_y = 0},
    {.bitmap_index = 4338, .adv_w = 175, .box_w = 10, .box_h = 10, .ofs_x = 0, .ofs_y = 0},
    {.bitmap_index = 4388, .adv_w = 179, .box_w = 10, .box_h = 14, .ofs_x = 1, .ofs_y = -4},
    {.bitmap_index = 4458, .adv_w = 179, .box_w = 10, .box_h = 14, .ofs_x = 0, .ofs_y = -4},
    {.bitmap_index = 4528, .adv_w = 112, .box_w = 7, .box_h = 10, .ofs_x = 1, .ofs_y = 0},
    {.bitmap_index = 4563, .adv_w = 135, .box_w = 8, .box_h = 10, .ofs_x = 0, .ofs_y = 0},
    {.bitmap_index = 4603, .adv_w = 109, .box_w = 7, .box_h = 13, .ofs_x = 0, .ofs_y = 0},
    {.bitmap_index = 4649, .adv_w = 175, .box_w = 9, .box_h = 10, .ofs_x = 1, .ofs_y = 0},
    {.bitmap_index = 4694, .adv_w = 150, .box_w = 10, .box_h = 10, .ofs_x = 0, .ofs_y = 0},
    {.bitmap_index = 4744, .adv_w = 231, .box_w = 14, .box_h = 10, .ofs_x = 0, .ofs_y = 0},
    {.bitmap_index = 4814, .adv_w = 143, .box_w = 9, .box_h = 10, .ofs_x = 0, .ofs_y = 0},
    {.bitmap_index = 4859, .adv_w = 150, .box_w = 10, .box_h = 14, .ofs_x = 0, .ofs_y = -4},
    {.bitmap_index = 4929, .adv_w = 137, .box_w = 9, .box_h = 10, .ofs_x = 0, .ofs_y = 0},
    {.bitmap_index = 4974, .adv_w = 97, .box_w = 6, .box_h = 17, .ofs_x = 0, .ofs_y = -3},
    {.bitmap_index = 5025, .adv_w = 78, .box_w = 2, .box_h = 20, .ofs_x = 1, .ofs_y = -5},
    {.bitmap_index = 5045, .adv_w = 97, .box_w = 6, .box_h = 17, .ofs_x = 0, .ofs_y = -3},
    {.bitmap_index = 5096, .adv_w = 160, .box_w = 10, .box_h = 5, .ofs_x = 0, .ofs_y = 4},
    {.bitmap_index = 5121, .adv_w = 288, .box_w = 4, .box_h = 4, .ofs_x = 7, .ofs_y = 5},
    {.bitmap_index = 5129, .adv_w = 288, .box_w = 18, .box_h = 15, .ofs_x = 0, .ofs_y = 0},
    {.bitmap_index = 5264, .adv_w = 288, .box_w = 15, .box_h = 18, .ofs_x = 2, .ofs_y = -2},
    {.bitmap_index = 5399, .adv_w = 288, .box_w = 18, .box_h = 16, .ofs_x = 0, .ofs_y = -2},
    {.bitmap_index = 5543, .adv_w = 288, .box_w = 15, .box_h = 18, .ofs_x = 1, .ofs_y = -2},
    {.bitmap_index = 5678, .adv_w = 288, .box_w = 16, .box_h = 15, .ofs_x = 1, .ofs_y = -1},
    {.bitmap_index = 5798, .adv_w = 288, .box_w = 18, .box_h = 15, .ofs_x = 0, .ofs_y = -1},
    {.bitmap_index = 5933, .adv_w = 288, .box_w = 18, .box_h = 15, .ofs_x = 0, .ofs_y = -1},
    {.bitmap_index = 6068, .adv_w = 288, .box_w = 15, .box_h = 17, .ofs_x = 1, .ofs_y = -1},
    {.bitmap_index = 6196, .adv_w = 288, .box_w = 18, .box_h = 17, .ofs_x = 0, .ofs_y = -1},
    {.bitmap_index = 6349, .adv_w = 288, .box_w = 18, .box_h = 18, .ofs_x = 0, .ofs_y = -2},
    {.bitmap_index = 6511, .adv_w = 288, .box_w = 17, .box_h = 17, .ofs_x = 0, .ofs_y = -2},
    {.bitmap_index = 6656, .adv_w = 288, .box_w = 17, .box_h = 18, .ofs_x = 1, .ofs_y = -2},
    {.bitmap_index = 6809, .adv_w = 288, .box_w = 18, .box_h = 17, .ofs_x = 0, .ofs_y = -2},
    {.bitmap_index = 6962, .adv_w = 288, .box_w = 18, .box_h = 16, .ofs_x = 0, .ofs_y = -2},
    {.bitmap_index = 7106, .adv_w = 288, .box_w = 18, .box_h = 18, .ofs_x = 0, .ofs_y = -2},
    {.bitmap_index = 7268, .adv_w = 288, .box_w = 18, .box_h = 18, .ofs_x = 0, .ofs_y = -2},
    {.bitmap_index = 7430, .adv_w = 288, .box_w = 16, .box_h = 17, .ofs_x = 1, .ofs_y = -1},
    {.bitmap_index = 7566, .adv_w = 288, .box_w = 18, .box_h = 17, .ofs_x = 0, .ofs_y = -2},
    {.bitmap_index = 7719, .adv_w = 288, .box_w = 18, .box_h = 17, .ofs_x = 0, .ofs_y = -2},
    {.bitmap_index = 7872, .adv_w = 288, .box_w = 18, .box_h = 17, .ofs_x = 0, .ofs_y = -1},
    {.bitmap_index = 8025, .adv_w = 288, .box_w = 16, .box_h = 16, .ofs_x = 1, .ofs_y = -1},
    {.bitmap_index = 8153, .adv_w = 288, .box_w = 18, .box_h = 17, .ofs_x = 0, .ofs_y = -2},
    {.bitmap_index = 8306, .adv_w = 288, .box_w = 18, .box_h = 16, .ofs_x = 0, .ofs_y = -2},
    {.bitmap_index = 8450, .adv_w = 288, .box_w = 18, .box_h = 17, .ofs_x = 0, .ofs_y = -2},
    {.bitmap_index = 8603, .adv_w = 288, .box_w = 17, .box_h = 15, .ofs_x = 1, .ofs_y = -1},
    {.bitmap_index = 8731, .adv_w = 288, .box_w = 16, .box_h = 17, .ofs_x = 1, .ofs_y = -2},
    {.bitmap_index = 8867, .adv_w = 288, .box_w = 18, .box_h = 18, .ofs_x = 0, .ofs_y = -2},
    {.bitmap_index = 9029, .adv_w = 288, .box_w = 16, .box_h = 16, .ofs_x = 1, .ofs_y = -1},
    {.bitmap_index = 9157, .adv_w = 288, .box_w = 18, .box_h = 18, .ofs_x = 0, .ofs_y = -2},
    {.bitmap_index = 9319, .adv_w = 288, .box_w = 18, .box_h = 18, .ofs_x = 0, .ofs_y = -2},
    {.bitmap_index = 9481, .adv_w = 288, .box_w = 18, .box_h = 17, .ofs_x = 0, .ofs_y = -1},
    {.bitmap_index = 9634, .adv_w = 288, .box_w = 18, .box_h = 17, .ofs_x = 0, .ofs_y = -2},
    {.bitmap_index = 9787, .adv_w = 288, .box_w = 18, .box_h = 18, .ofs_x = 0, .ofs_y = -2},
    {.bitmap_index = 9949, .adv_w = 288, .box_w = 18, .box_h = 17, .ofs_x = 0, .ofs_y = -1},
    {.bitmap_index = 10102, .adv_w = 288, .box_w = 18, .box_h = 18, .ofs_x = 0, .ofs_y = -2},
    {.bitmap_index = 10264, .adv_w = 288, .box_w = 18, .box_h = 18, .ofs_x = 0, .ofs_y = -2},
    {.bitmap_index = 10426, .adv_w = 288, .box_w = 17, .box_h = 15, .ofs_x = 1, .ofs_y = -1},
    {.bitmap_index = 10554, .adv_w = 288, .box_w = 17, .box_h = 18, .ofs_x = 0, .ofs_y = -2},
    {.bitmap_index = 10707, .adv_w = 288, .box_w = 17, .box_h = 18, .ofs_x = 0, .ofs_y = -2},
    {.bitmap_index = 10860, .adv_w = 288, .box_w = 18, .box_h = 18, .ofs_x = 0, .ofs_y = -2},
    {.bitmap_index = 11022, .adv_w = 288, .box_w = 18, .box_h = 16, .ofs_x = 0, .ofs_y = -2},
    {.bitmap_index = 11166, .adv_w = 288, .box_w = 18, .box_h = 18, .ofs_x = 0, .ofs_y = -2},
    {.bitmap_index = 11328, .adv_w = 288, .box_w = 18, .box_h = 17, .ofs_x = 0, .ofs_y = -1},
    {.bitmap_index = 11481, .adv_w = 288, .box_w = 16, .box_h = 17, .ofs_x = 1, .ofs_y = -1},
    {.bitmap_index = 11617, .adv_w = 288, .box_w = 17, .box_h = 18, .ofs_x = 0, .ofs_y = -2},
    {.bitmap_index = 11770, .adv_w = 288, .box_w = 18, .box_h = 17, .ofs_x = 0, .ofs_y = -1},
    {.bitmap_index = 11923, .adv_w = 288, .box_w = 18, .box_h = 18, .ofs_x = 0, .ofs_y = -2},
    {.bitmap_index = 12085, .adv_w = 288, .box_w = 18, .box_h = 18, .ofs_x = 0, .ofs_y = -2},
    {.bitmap_index = 12247, .adv_w = 288, .box_w = 18, .box_h = 17, .ofs_x = 0, .ofs_y = -1},
    {.bitmap_index = 12400, .adv_w = 288, .box_w = 17, .box_h = 16, .ofs_x = 1, .ofs_y = -1},
    {.bitmap_index = 12536, .adv_w = 288, .box_w = 18, .box_h = 16, .ofs_x = 0, .ofs_y = -1},
    {.bitmap_index = 12680, .adv_w = 288, .box_w = 18, .box_h = 17, .ofs_x = 0, .ofs_y = -1},
    {.bitmap_index = 12833, .adv_w = 288, .box_w = 18, .box_h = 18, .ofs_x = 0, .ofs_y = -2},
    {.bitmap_index = 12995, .adv_w = 288, .box_w = 18, .box_h = 18, .ofs_x = 0, .ofs_y = -2},
    {.bitmap_index = 13157, .adv_w = 288, .box_w = 18, .box_h = 16, .ofs_x = 0, .ofs_y = -1},
    {.bitmap_index = 13301, .adv_w = 288, .box_w = 18, .box_h = 17, .ofs_x = 0, .ofs_y = -1},
    {.bitmap_index = 13454, .adv_w = 288, .box_w = 18, .box_h = 17, .ofs_x = 0, .ofs_y = -1},
    {.bitmap_index = 13607, .adv_w = 288, .box_w = 17, .box_h = 18, .ofs_x = 0, .ofs_y = -2},
    {.bitmap_index = 13760, .adv_w = 288, .box_w = 17, .box_h = 17, .ofs_x = 0, .ofs_y = -1},
    {.bitmap_index = 13905, .adv_w = 288, .box_w = 18, .box_h = 17, .ofs_x = 0, .ofs_y = -2},
    {.bitmap_index = 14058, .adv_w = 288, .box_w = 18, .box_h = 17, .ofs_x = 0, .ofs_y = -1},
    {.bitmap_index = 14211, .adv_w = 288, .box_w = 16, .box_h = 16, .ofs_x = 0, .ofs_y = -2},
    {.bitmap_index = 14339, .adv_w = 288, .box_w = 16, .box_h = 17, .ofs_x = 2, .ofs_y = -1},
    {.bitmap_index = 14475, .adv_w = 288, .box_w = 17, .box_h = 17, .ofs_x = 0, .ofs_y = -1},
    {.bitmap_index = 14620, .adv_w = 288, .box_w = 17, .box_h = 18, .ofs_x = 0, .ofs_y = -2},
    {.bitmap_index = 14773, .adv_w = 288, .box_w = 17, .box_h = 17, .ofs_x = 0, .ofs_y = -1},
    {.bitmap_index = 14918, .adv_w = 288, .box_w = 17, .box_h = 18, .ofs_x = 0, .ofs_y = -2},
    {.bitmap_index = 15071, .adv_w = 288, .box_w = 17, .box_h = 16, .ofs_x = 1, .ofs_y = -1},
    {.bitmap_index = 15207, .adv_w = 288, .box_w = 14, .box_h = 17, .ofs_x = 2, .ofs_y = -1},
    {.bitmap_index = 15326, .adv_w = 288, .box_w = 18, .box_h = 16, .ofs_x = 0, .ofs_y = -1},
    {.bitmap_index = 15470, .adv_w = 288, .box_w = 18, .box_h = 16, .ofs_x = 0, .ofs_y = -1},
    {.bitmap_index = 15614, .adv_w = 288, .box_w = 18, .box_h = 17, .ofs_x = 0, .ofs_y = -1},
    {.bitmap_index = 15767, .adv_w = 288, .box_w = 18, .box_h = 18, .ofs_x = 0, .ofs_y = -2},
    {.bitmap_index = 15929, .adv_w = 288, .box_w = 18, .box_h = 17, .ofs_x = 0, .ofs_y = -2},
    {.bitmap_index = 16082, .adv_w = 288, .box_w = 18, .box_h = 17, .ofs_x = 0, .ofs_y = -1},
    {.bitmap_index = 16235, .adv_w = 288, .box_w = 17, .box_h = 17, .ofs_x = 0, .ofs_y = -2},
    {.bitmap_index = 16380, .adv_w = 288, .box_w = 18, .box_h = 17, .ofs_x = 0, .ofs_y = -2},
    {.bitmap_index = 16533, .adv_w = 288, .box_w = 18, .box_h = 18, .ofs_x = 0, .ofs_y = -2},
    {.bitmap_index = 16695, .adv_w = 288, .box_w = 18, .box_h = 17, .ofs_x = 0, .ofs_y = -2},
    {.bitmap_index = 16848, .adv_w = 288, .box_w = 18, .box_h = 17, .ofs_x = 0, .ofs_y = -2},
    {.bitmap_index = 17001, .adv_w = 288, .box_w = 18, .box_h = 17, .ofs_x = 0, .ofs_y = -2},
    {.bitmap_index = 17154, .adv_w = 288, .box_w = 18, .box_h = 18, .ofs_x = 0, .ofs_y = -2},
    {.bitmap_index = 17316, .adv_w = 288, .box_w = 18, .box_h = 18, .ofs_x = 0, .ofs_y = -2},
    {.bitmap_index = 17478, .adv_w = 288, .box_w = 18, .box_h = 18, .ofs_x = 0, .ofs_y = -2},
    {.bitmap_index = 17640, .adv_w = 288, .box_w = 18, .box_h = 16, .ofs_x = 0, .ofs_y = -1},
    {.bitmap_index = 17784, .adv_w = 288, .box_w = 18, .box_h = 16, .ofs_x = 0, .ofs_y = -1},
    {.bitmap_index = 17928, .adv_w = 288, .box_w = 18, .box_h = 18, .ofs_x = 0, .ofs_y = -2},
    {.bitmap_index = 18090, .adv_w = 288, .box_w = 18, .box_h = 18, .ofs_x = 0, .ofs_y = -2},
    {.bitmap_index = 18252, .adv_w = 288, .box_w = 17, .box_h = 18, .ofs_x = 1, .ofs_y = -2},
    {.bitmap_index = 18405, .adv_w = 288, .box_w = 18, .box_h = 17, .ofs_x = 0, .ofs_y = -2},
    {.bitmap_index = 18558, .adv_w = 288, .box_w = 18, .box_h = 17, .ofs_x = 0, .ofs_y = -1},
    {.bitmap_index = 18711, .adv_w = 288, .box_w = 18, .box_h = 17, .ofs_x = 0, .ofs_y = -2},
    {.bitmap_index = 18864, .adv_w = 288, .box_w = 18, .box_h = 17, .ofs_x = 0, .ofs_y = -1},
    {.bitmap_index = 19017, .adv_w = 288, .box_w = 4, .box_h = 8, .ofs_x = 2, .ofs_y = -3}
};

/*---------------------
 *  CHARACTER MAPPING
 *--------------------*/

static const uint16_t unicode_list_1[] = {
    0x0, 0x24fb, 0x24ff, 0x2505, 0x2509, 0x4d52, 0x4d54, 0x4d56,
    0x4d76, 0x4e44, 0x4e97, 0x4fa5, 0x508e, 0x50ae, 0x50b4, 0x50b6,
    0x50bc, 0x5144, 0x514f, 0x51f1, 0x528a, 0x52bc, 0x5313, 0x5315,
    0x531f, 0x5338, 0x5340, 0x5357, 0x5627, 0x56a0, 0x5898, 0x5914,
    0x5a99, 0x5ae3, 0x5b4f, 0x5b58, 0x5b5a, 0x5d3b, 0x5dc8, 0x5dcd,
    0x5ddd, 0x5e49, 0x5f34, 0x5f6e, 0x6058, 0x6216, 0x6232, 0x6252,
    0x64bb, 0x64bd, 0x653f, 0x6649, 0x6671, 0x6683, 0x66c8, 0x671d,
    0x6aab, 0x6c84, 0x6c94, 0x6cd1, 0x6e5d, 0x71a4, 0x7471, 0x747e,
    0x7689, 0x77b7, 0x7e0f, 0x7e5f, 0x7eb7, 0x8133, 0x813c, 0x81bb,
    0x81cb, 0x8795, 0x8b07, 0x8b40, 0x8b4c, 0x8d28, 0x8eda, 0x8f10,
    0x8f1d, 0x8f24, 0x8f27, 0x8f52, 0x8f68, 0x9116, 0x9118, 0x940c,
    0x9477, 0x94c8, 0x96a2, 0x973c, 0x97da, 0x98df, 0xfe55
};

/*Collect the unicode lists and glyph_id offsets*/
static const lv_font_fmt_txt_cmap_t cmaps[] =
{
    {
        .range_start = 32, .range_length = 95, .glyph_id_start = 1,
        .unicode_list = NULL, .glyph_id_ofs_list = NULL, .list_length = 0, .type = LV_FONT_FMT_TXT_CMAP_FORMAT0_TINY
    },
    {
        .range_start = 183, .range_length = 65110, .glyph_id_start = 96,
        .unicode_list = unicode_list_1, .glyph_id_ofs_list = NULL, .list_length = 95, .type = LV_FONT_FMT_TXT_CMAP_SPARSE_TINY
    }
};



/*--------------------
 *  ALL CUSTOM DATA
 *--------------------*/

#if LVGL_VERSION_MAJOR == 8
/*Store all the custom data of the font*/
static  lv_font_fmt_txt_glyph_cache_t cache;
#endif

#if LVGL_VERSION_MAJOR >= 8
static const lv_font_fmt_txt_dsc_t font_dsc = {
#else
static lv_font_fmt_txt_dsc_t font_dsc = {
#endif
    .glyph_bitmap = glyph_bitmap,
    .glyph_dsc = glyph_dsc,
    .cmaps = cmaps,
    .kern_dsc = NULL,
    .kern_scale = 0,
    .cmap_num = 2,
    .bpp = 4,
    .kern_classes = 0,
    .bitmap_format = 0,
#if LVGL_VERSION_MAJOR == 8
    .cache = &cache
#endif
};



/*-----------------
 *  PUBLIC FONT
 *----------------*/

/*Initialize a public general font descriptor*/
#if LVGL_VERSION_MAJOR >= 8
const lv_font_t mn_zh18 = {
#else
lv_font_t mn_zh18 = {
#endif
    .get_glyph_dsc = lv_font_get_glyph_dsc_fmt_txt,    /*Function pointer to get glyph's data*/
    .get_glyph_bitmap = lv_font_get_bitmap_fmt_txt,    /*Function pointer to get glyph's bitmap*/
    .line_height = 21,          /*The maximum line height required by the font*/
    .base_line = 5,             /*Baseline measured from the bottom of the line*/
#if !(LVGL_VERSION_MAJOR == 6 && LVGL_VERSION_MINOR == 0)
    .subpx = LV_FONT_SUBPX_NONE,
#endif
#if LV_VERSION_CHECK(7, 4, 0) || LVGL_VERSION_MAJOR >= 8
    .underline_position = -2,
    .underline_thickness = 1,
#endif
    .dsc = &font_dsc,          /*The custom font data. Will be accessed by `get_glyph_bitmap/dsc` */
#if LV_VERSION_CHECK(8, 2, 0) || LVGL_VERSION_MAJOR >= 9
    .fallback = NULL,
#endif
    .user_data = NULL,
};



#endif /*#if MN_ZH18*/

