/*******************************************************************************
 * Size: 14 px
 * Bpp: 4
 * Opts: --font SourceHanSansSC-Regular.otf --range 0x20-0x7E,0xB7,0xE0-0xE1,0xE8-0xE9,0xEC-0xED,0xF2-0xF3,0xF9-0xFA,0x101,0x113,0x11B,0x12B,0x14D,0x16B,0x1CE,0x1D0,0x1D2,0x1D4,0x1DA,0x201C-0x201D,0x2605,0x3001-0x3002,0x300A-0x300D,0x4E00,0x4E03,0x4E07-0x4E0B,0x4E0D-0x4E0E,0x4E11,0x4E1A,0x4E1C,0x4E1E,0x4E24-0x4E26,0x4E2A,0x4E2D,0x4E34,0x4E39-0x4E3B,0x4E3D-0x4E3E,0x4E43,0x4E45,0x4E49,0x4E4B,0x4E4E,0x4E50,0x4E58-0x4E59,0x4E5D,0x4E5F-0x4E60,0x4E66,0x4E86,0x4E8B-0x4E8C,0x4E8E,0x4E91,0x4E94-0x4E95,0x4EAC-0x4EAE,0x4EBA,0x4ECA-0x4ECB,0x4ECE,0x4EE4-0x4EE5,0x4EEA,0x4EFB,0x4F0F,0x4F17,0x4F1A,0x4F20,0x4F2F,0x4F4F,0x4F53,0x4F55,0x4F59,0x4F5B-0x4F5C,0x4F7F,0x4F83,0x4F86,0x4F8B,0x4F8D,0x4F9D,0x4FA3,0x4FA7,0x4FB6,0x4FD7,0x4FDD,0x4FE1,0x4FE8,0x4FEE-0x4FEF,0x4FF1,0x500D,0x502C,0x503C,0x5043,0x5048,0x5058,0x505C,0x5099,0x50B3,0x50E7,0x5100,0x513C,0x5143,0x5146,0x5148-0x5149,0x514B,0x5165,0x5167-0x5168,0x516B-0x516D,0x5171,0x5173-0x5174,0x5176-0x5179,0x517B-0x517D,0x5185,0x518D,0x5199,0x51A0,0x51B0,0x51B2,0x51C0,0x51D1,0x51E1,0x51ED,0x51FA-0x51FB,0x51FD,0x51FF,0x5206-0x5207,0x520D,0x5217,0x5219-0x521B,0x521D,0x5224,0x5229,0x522B,0x5230,0x523A-0x523B,0x5247,0x524D,0x525B,0x526A,0x5275,0x529B,0x529F-0x52A0,0x52A8-0x52AB,0x52B1-0x52B3,0x52BF,0x52C3,0x52CB,0x52D2,0x52D5,0x52DB,0x52DD-0x52DE,0x52E4,0x52F5,0x5300,0x5305,0x5316,0x5339,0x5341,0x5343,0x5347,0x534A,0x534E,0x5351,0x5355,0x5357,0x535A,0x535C,0x5361,0x5370,0x5373,0x5377,0x537F,0x5389,0x538C,0x539A,0x53A5,0x53AD,0x53B2,0x53BB,0x53C8,0x53CA,0x53CC-0x53CD,0x53D1,0x53D6-0x53D8,0x53E0,0x53E4,0x53E6,0x53EF-0x53F0,0x53F2-0x53F3,0x53F7,0x53F9,0x5408,0x540C-0x540E,0x5411,0x541E,0x542B,0x5433-0x5434,0x5458,0x547C-0x547D,0x54B8,0x54C1,0x54C9,0x54E1,0x5507,0x5510,0x5524,0x5544,0x554F,0x5584,0x559C,0x55C5,0x55DF,0x55E3,0x56B4,0x56CA,0x56DB,0x56DE,0x56E0,0x56E2,0x56F4,0x5706,0x570D,0x5713,0x5718,0x5723,0x5728,0x572D,0x5730,0x573A,0x574A,0x5760,0x5764,0x5782,0x57A2,0x57A4,0x57B2,0x57CE,0x57DF,0x57FA,0x5834,0x584F,0x5854,0x5875,0x589E,0x58A8,0x58D1,0x58E4,0x58EB-0x58EC,0x58EE-0x58F0,0x5904,0x5907,0x590D,0x5916,0x591A,0x591C,0x5922,0x5927,0x5929,0x592B,0x5934,0x5942,0x5949,0x5950-0x5951,0x5965,0x5967,0x596D,0x5973,0x5982,0x598A,0x5999,0x59CB,0x59D3,0x59FF,0x5A20,0x5A9A,0x5B50,0x5B57,0x5B5A,0x5B66,0x5B70,0x5B78,0x5B87,0x5B89,0x5B8C,0x5B97-0x5B98,0x5B9A-0x5B9E,0x5BA3,0x5BAB,0x5BAE,0x5BB6,0x5BB8-0x5BB9,0x5BBD-0x5BBF,0x5BC2,0x5BC6,0x5BD0,0x5BD3,0x5BE5-0x5BE6,0x5BEB,0x5BF6,0x5BF8-0x5BFB,0x5C01,0x5C06-0x5C07,0x5C0A-0x5C0B,0x5C0D,0x5C0F,0x5C14,0x5C16,0x5C18,0x5C1A,0x5C31,0x5C3A,0x5C3D-0x5C3E,0x5C42,0x5C45,0x5C4B,0x5C4F,0x5C55,0x5C64,0x5C6D,0x5C71,0x5C81-0x5C82,0x5C90-0x5C91,0x5CA9,0x5CB3,0x5CF0,0x5D07,0x5D1B,0x5D29,0x5DB7,0x5DD6,0x5DE5-0x5DE6,0x5DE8,0x5DF2,0x5E03,0x5E08,0x5E16,0x5E19,0x5E1D,0x5E2B,0x5E38,0x5E3D,0x5E55,0x5E72-0x5E74,0x5E76,0x5E79,0x5E7F-0x5E80,0x5E84,0x5E86,0x5E8F,0x5E93-0x5E95,0x5E9C,0x5E9F,0x5EA6-0x5EA7,0x5EAD,0x5EE2-0x5EE3,0x5EFA,0x5EFF-0x5F00,0x5F02,0x5F0F,0x5F18,0x5F25,0x5F27,0x5F37,0x5F3A,0x5F4C,0x5F52-0x5F53,0x5F55,0x5F62,0x5F64,0x5F71,0x5F7C,0x5F81,0x5F8C,0x5F90,0x5F92,0x5F97,0x5F9E,0x5FA9,0x5FAE,0x5FB5,0x5FB7,0x5FC3,0x5FCD,0x5FD7,0x5FF5,0x5FFD,0x6000,0x601D,0x6027,0x603B,0x6052,0x6069,0x606F,0x6073,0x6085,0x609F,0x60A6,0x60B2,0x60C5,0x60CA,0x60DF,0x60E7,0x60EC,0x60F3,0x610F,0x611B-0x611C,0x611F,0x613F,0x6148,0x6167,0x6176,0x6191,0x61C7,0x61C9,0x61F7,0x61FC,0x620A,0x620C,0x620F-0x6212,0x6216,0x6218,0x6230,0x6232,0x6234,0x6236-0x6237,0x6240,0x6243,0x624B,0x6258,0x6279,0x627F,0x6298,0x62AB,0x62B1,0x62C2,0x62D3-0x62D4,0x62E9,0x6301-0x6302,0x6307-0x6309,0x630D,0x6324,0x633A,0x6361-0x6362,0x6368,0x636E,0x637A,0x6388,0x638C,0x63A0,0x63A2,0x63CF-0x63D0,0x63D2,0x63E1,0x6460,0x6487,0x6491,0x64B0,0x64BF,0x64D0,0x6536,0x653E,0x6555,0x6559,0x655E,0x6563,0x656C,0x6570,0x6587,0x658B,0x65AD,0x65AF,0x65B7,0x65B9,0x65BC-0x65BD,0x65C1,0x65C3,0x65E0,0x65E2,0x65E5,0x65E8,0x65F6,0x6607,0x660E-0x660F,0x6614,0x6620,0x6625,0x6627,0x662D,0x662F,0x663C,0x6642-0x6643,0x6653,0x665D,0x666E-0x666F,0x667A-0x667B,0x66A2,0x66C9,0x66F0,0x66F8,0x66FF-0x6700,0x6703,0x6708-0x6709,0x6714,0x671B,0x671D,0x671F,0x6728,0x672A,0x672C-0x672D,0x6734,0x6742,0x674C,0x6750,0x6765,0x6768,0x6771,0x677E-0x677F,0x6784,0x6797,0x679C,0x67D3-0x67D4,0x6807,0x6811,0x6821,0x6831,0x683C,0x6846,0x6862,0x68A6,0x68B5,0x68EE,0x694A,0x695A,0x6968,0x696D,0x6979,0x697C,0x69CB,0x69DB,0x6A02,0x6A13,0x6A2A,0x6A39,0x6A50,0x6A80,0x6ABB,0x6B21-0x6B22,0x6B32,0x6B3B,0x6B4E,0x6B61-0x6B64,0x6B66,0x6B72,0x6B78,0x6B8A,0x6BCD,0x6BCF,0x6BD4,0x6BEB,0x6C0F,0x6C14,0x6C23,0x6C34,0x6C38,0x6C42,0x6C49,0x6C60,0x6C88,0x6C92,0x6C96,0x6C99,0x6CA1,0x6CA7,0x6CB3,0x6CCA,0x6CD5,0x6CDB,0x6CE2,0x6CE5,0x6CE8,0x6CEA,0x6D12,0x6D41,0x6D4D-0x6D4E,0x6D69,0x6D6E,0x6D77,0x6D88,0x6D9B,0x6DB5,0x6DDA,0x6DE8,0x6DF1,0x6E05,0x6E0E,0x6E10,0x6E29,0x6E38,0x6E90,0x6E9F,0x6EAB,0x6EC4-0x6EC5,0x6EDE-0x6EDF,0x6EE1,0x6EEF,0x6EFF,0x6F0F,0x6F22,0x6F5B-0x6F5C,0x6F84,0x6FAE,0x6FDF,0x6FE4,0x7006,0x7051,0x7069,0x706B,0x706D,0x706F,0x7075,0x7085,0x7089,0x70AF,0x70B3,0x70B9-0x70BA,0x70C8,0x70DF,0x70ED,0x7121,0x7136,0x7159,0x7167,0x718A,0x71B1,0x71C8,0x71D5,0x7231,0x7236,0x723D-0x723E,0x72B6,0x72B9,0x72C0,0x72EC,0x731B,0x7336,0x7378,0x7384,0x7389,0x738B,0x7395,0x73AF-0x73B0,0x73CD,0x73EE,0x73F0,0x73FE,0x7405-0x7406,0x7455,0x7469,0x7471,0x74A7,0x74AB,0x74B0,0x74D8,0x74F6,0x751F,0x7528,0x752B,0x7530-0x7531,0x753B,0x7545,0x754C,0x754E,0x7559-0x755A,0x756B,0x7570,0x7576,0x758A-0x758B,0x7591,0x75BE,0x75D5,0x767B-0x767C,0x767E,0x7684,0x7687,0x76C8,0x76D6,0x76D8,0x76DB,0x76E1,0x76E4,0x76EE,0x76F4,0x76F8,0x7708,0x771F,0x773E,0x7760,0x7779,0x77BB,0x77E3,0x77E5,0x77ED,0x77F3,0x780C,0x786E,0x7891,0x78A7,0x78D4,0x78E9,0x791D,0x793A,0x793C,0x7947,0x7955-0x7956,0x795E,0x7985,0x798F,0x79AA,0x79AE,0x79C0,0x79CB,0x79D2,0x79D8,0x79EF-0x79F0,0x79FB,0x7A0B,0x7A31,0x7A33,0x7A3D,0x7A4D,0x7A77,0x7A7A,0x7A83,0x7AA5,0x7AAE,0x7ABA,0x7ACA-0x7ACB,0x7AD6,0x7AE0,0x7AE5,0x7AED,0x7AEF,0x7B14,0x7B26,0x7B2C,0x7B46,0x7B49,0x7B51,0x7B56,0x7B80,0x7B93,0x7B97,0x7BC4,0x7BC7,0x7BC9,0x7C37,0x7C59,0x7C73,0x7C92,0x7C97,0x7CA4,0x7CB5,0x7CB9,0x7CBE,0x7D0D,0x7D14,0x7D27,0x7D55,0x7D79,0x7D93,0x7DB2,0x7DB7,0x7DEC,0x7E1B,0x7E41,0x7E44,0x7E5E,0x7E6A,0x7E7C,0x7E8C,0x7EA2,0x7EAF,0x7EB2-0x7EB3,0x7EBF,0x7EC3,0x7EC6,0x7ECF,0x7ED3,0x7ED5,0x7ED8,0x7EDD,0x7EE2,0x7EE7,0x7EED,0x7EF4,0x7F05,0x7F1A,0x7F51,0x7F55,0x7F57,0x7F6E,0x7F74,0x7F85-0x7F86,0x7FA4,0x7FA9,0x7FCA,0x7FD2,0x7FD5,0x7FFB-0x7FFC,0x8005,0x800C,0x8038,0x8054,0x8056,0x805A,0x805E,0x806F,0x8072-0x8073,0x807F,0x8087,0x8096,0x8098,0x80A9,0x80CE,0x80DC,0x80E4,0x80FD,0x811A,0x8123,0x8129,0x812B,0x8131,0x81E8,0x81EA,0x81F3,0x81FB,0x8207-0x8209,0x820D,0x8212,0x821F,0x822A,0x8272,0x82A5,0x82B1,0x82BB,0x82BD,0x82CD,0x82E5,0x82F1,0x82FE,0x8303,0x8332,0x8339,0x8349,0x8350,0x8364,0x8377,0x838A,0x83AB,0x83B2,0x83B9,0x83E9,0x83EF,0x840C,0x8424,0x8428,0x842C,0x843C-0x843D,0x8457,0x846C,0x8473,0x8477,0x847A,0x84BC,0x84C4,0x84CB,0x84EE,0x8514,0x8564,0x85A9,0x85CF,0x8655,0x865F,0x867D,0x8681,0x8695,0x86C7,0x87A2,0x87FB,0x8840,0x884C,0x8861-0x8863,0x8868,0x8877,0x88AD,0x88C1,0x88F1,0x8972,0x897F,0x8981,0x8986,0x898B,0x89A9,0x89BA,0x89C0-0x89C2,0x89C9,0x89D2,0x89E3,0x8A00,0x8A17-0x8A18,0x8A31,0x8A54,0x8A63,0x8A72,0x8A93,0x8A95,0x8AA0,0x8AA6,0x8AB0,0x8ACB,0x8AF8,0x8B02,0x8B1B,0x8B1D,0x8B2C,0x8B49,0x8B58,0x8B6C,0x8B70,0x8B8A,0x8BA1,0x8BAE,0x8BB0,0x8BB2,0x8BB8,0x8BBE,0x8BC0-0x8BC1,0x8BC6,0x8BCF,0x8BDA,0x8BDE,0x8BE3,0x8BE5,0x8BF5,0x8BF7-0x8BF8,0x8BFB,0x8C01,0x8C13,0x8C22,0x8C2C,0x8C48,0x8C61,0x8C6B,0x8C8C,0x8C9D-0x8C9E,0x8CA0-0x8CA1,0x8CC7,0x8CD3,0x8CDC,0x8CE2,0x8CEA,0x8D0A,0x8D14,0x8D1D-0x8D1F,0x8D22,0x8D24,0x8D28,0x8D44,0x8D50-0x8D51,0x8D5E,0x8D6B,0x8D70,0x8D75,0x8D77,0x8D85,0x8D99,0x8DAF,0x8DDD,0x8DEA,0x8DF3,0x8E0A,0x8E34,0x8E85,0x8EAB,0x8ECA,0x8F09,0x8F14,0x8F1D,0x8F2A,0x8F2F,0x8F66,0x8F6C,0x8F6E,0x8F74,0x8F7B,0x8F7D,0x8F85,0x8F89,0x8F91,0x8FB0,0x8FBE,0x8FC1,0x8FC7,0x8FCE,0x8FD0-0x8FD1,0x8FD4,0x8FD8,0x8FDB-0x8FDD,0x8FE6,0x8FF7,0x8FF9,0x9006,0x9009,0x9010,0x9012,0x901A,0x9020,0x9022,0x9032,0x903E,0x9042,0x904A-0x904B,0x904D-0x904E,0x9053-0x9055,0x9057,0x905E,0x9060,0x9063,0x9077-0x9078,0x907A,0x9084,0x90AA,0x90CE,0x90E8,0x90FD,0x9192,0x91CA-0x91CB,0x91CD,0x91D1,0x9274,0x9280,0x9285,0x92D2,0x9322,0x932B,0x939A,0x93AE,0x93E1,0x940D,0x9438,0x9452,0x946A,0x947D,0x947F,0x949F,0x94A9,0x94B1,0x94BB,0x94CE,0x94DC,0x94F6,0x950B,0x9510,0x9521,0x9524,0x952E,0x9547,0x955C,0x957F-0x9580,0x958B,0x95DC,0x95E8,0x95EE,0x95F4,0x95FB,0x9633-0x9634,0x9636,0x9644,0x9648,0x964D,0x965B,0x9664,0x9670,0x9673,0x967D,0x968E,0x9690,0x96B1,0x96BE,0x96C4-0x96C6,0x96D6,0x96DC,0x96E3,0x96E8,0x96EA,0x96F2,0x9732,0x9748,0x9759,0x975C,0x975E,0x9762,0x97F3,0x9802,0x9806,0x9808,0x9810,0x9813,0x984C-0x984D,0x984F,0x9858,0x9875-0x9876,0x987A-0x987B,0x987F,0x9882,0x9884,0x9898,0x989C-0x989D,0x98D8,0x98DB,0x98DE-0x98DF,0x98FE,0x990A,0x9918,0x9970-0x9971,0x9996,0x9999,0x99D0,0x9A45,0x9A57,0x9A5A,0x9A71,0x9A7B,0x9A8C,0x9AD4,0x9AD8,0x9AEB,0x9AEE,0x9C81,0x9CE5,0x9D6C,0x9DC7,0x9DD9,0x9DF2,0x9E1F,0x9E37,0x9E4F,0x9E6B,0x9E97,0x9EC3-0x9EC4,0x9ED8,0x9F4B,0x9F52,0x9F54,0x9F7F-0x9F80,0x9F8D,0x9F99,0xFF08-0xFF09,0xFF0C,0xFF1A-0xFF1B --size 14 --bpp 4 --format lvgl --lv-font-name yz_zh14 --lv-include lvgl.h --no-compress --no-kerning --output yz_zh14.c
 ******************************************************************************/

#ifdef LV_LVGL_H_INCLUDE_SIMPLE
#include "lvgl.h"
#else
#include "lvgl.h"
#endif

#ifndef YZ_ZH14
#define YZ_ZH14 1
#endif

#if YZ_ZH14

/*-----------------
 *    BITMAPS
 *----------------*/

/*Store the image of the glyphs*/
static LV_ATTRIBUTE_LARGE_CONST const uint8_t glyph_bitmap[] = {
    /* U+0020 " " */

    /* U+0021 "!" */
    0x6e, 0x5, 0xd0, 0x5d, 0x4, 0xd0, 0x4c, 0x3,
    0xc0, 0x3b, 0x1, 0x60, 0x0, 0x6, 0xd0, 0x6d,
    0x0,

    /* U+0022 "\"" */
    0xb9, 0xf, 0x5b, 0x90, 0xf5, 0x97, 0xd, 0x38,
    0x60, 0xc1, 0x10, 0x1, 0x0,

    /* U+0023 "#" */
    0x0, 0x66, 0x7, 0x50, 0x0, 0x84, 0x9, 0x30,
    0x0, 0xa2, 0xb, 0x10, 0x1e, 0xfe, 0xef, 0xe4,
    0x0, 0xd0, 0xd, 0x0, 0x0, 0xd0, 0xc, 0x0,
    0x0, 0xc0, 0x2b, 0x0, 0x6e, 0xfd, 0xef, 0xd0,
    0x4, 0x80, 0x57, 0x0, 0x6, 0x60, 0x75, 0x0,
    0x8, 0x40, 0x93, 0x0,

    /* U+0024 "$" */
    0x0, 0x8, 0x60, 0x0, 0x1, 0xa9, 0x10, 0x2,
    0xed, 0xce, 0x40, 0xab, 0x0, 0x31, 0xb, 0x90,
    0x0, 0x0, 0x4f, 0x70, 0x0, 0x0, 0x3d, 0xd2,
    0x0, 0x0, 0x9, 0xf3, 0x0, 0x0, 0xa, 0xb0,
    0x0, 0x0, 0x8c, 0xd, 0x61, 0x4e, 0x70, 0x4c,
    0xff, 0x90, 0x0, 0x8, 0x60, 0x0, 0x0, 0x43,
    0x0,

    /* U+0025 "%" */
    0x6, 0xdc, 0x30, 0x0, 0x67, 0x0, 0x1, 0xd0,
    0x2d, 0x0, 0xc, 0x0, 0x0, 0x59, 0x0, 0xd1,
    0x7, 0x60, 0x0, 0x6, 0x80, 0xc, 0x20, 0xc0,
    0x0, 0x0, 0x5a, 0x0, 0xe1, 0x76, 0x3c, 0xc3,
    0x1, 0xe1, 0x4c, 0x1c, 0xd, 0x22, 0xd0, 0x4,
    0xcb, 0x28, 0x52, 0xc0, 0xb, 0x30, 0x0, 0x1,
    0xc0, 0x4a, 0x0, 0xa5, 0x0, 0x0, 0x85, 0x3,
    0xb0, 0xb, 0x30, 0x0, 0x1c, 0x0, 0xd, 0x11,
    0xe0, 0x0, 0x9, 0x40, 0x0, 0x4d, 0xd4, 0x0,

    /* U+0026 "&" */
    0x0, 0x3d, 0xe8, 0x0, 0x0, 0x0, 0xe6, 0x1f,
    0x20, 0x0, 0x1, 0xf0, 0xe, 0x20, 0x0, 0x0,
    0xf3, 0x9b, 0x0, 0x0, 0x0, 0xae, 0xb0, 0x0,
    0x0, 0x2, 0xef, 0x20, 0x2, 0xd0, 0x1e, 0x78,
    0xd0, 0x8, 0xa0, 0x6e, 0x0, 0xcc, 0x2f, 0x30,
    0x6d, 0x0, 0xc, 0xf9, 0x0, 0x2f, 0x81, 0x3b,
    0xee, 0x60, 0x3, 0xcf, 0xd8, 0x5, 0xd1,

    /* U+0027 "'" */
    0xb9, 0xb9, 0x97, 0x86, 0x10,

    /* U+0028 "(" */
    0x0, 0x80, 0x3, 0xc0, 0xa, 0x50, 0x1e, 0x0,
    0x5b, 0x0, 0x89, 0x0, 0xa7, 0x0, 0xb6, 0x0,
    0xa7, 0x0, 0x99, 0x0, 0x5b, 0x0, 0x1e, 0x0,
    0xb, 0x50, 0x3, 0xb0, 0x0, 0x90,

    /* U+0029 ")" */
    0x26, 0x0, 0x1e, 0x0, 0xa, 0x60, 0x3, 0xd0,
    0x0, 0xf1, 0x0, 0xd4, 0x0, 0xb5, 0x0, 0xa6,
    0x0, 0xb5, 0x0, 0xd4, 0x0, 0xf1, 0x3, 0xd0,
    0x9, 0x60, 0xe, 0x0, 0x26, 0x0,

    /* U+002A "*" */
    0x0, 0x2a, 0x0, 0x8, 0x7d, 0x74, 0x5, 0xdf,
    0x91, 0x1, 0xea, 0x80, 0x2, 0x40, 0x60,

    /* U+002B "+" */
    0x0, 0x2, 0x10, 0x0, 0x0, 0x9, 0x60, 0x0,
    0x0, 0x9, 0x60, 0x0, 0x0, 0x9, 0x60, 0x0,
    0x7f, 0xff, 0xff, 0xf3, 0x0, 0x9, 0x60, 0x0,
    0x0, 0x9, 0x60, 0x0, 0x0, 0x9, 0x60, 0x0,

    /* U+002C "," */
    0x8, 0x80, 0xb, 0xf0, 0x0, 0xe0, 0xa, 0x70,
    0x15, 0x0,

    /* U+002D "-" */
    0x5e, 0xee, 0x30, 0x11, 0x10,

    /* U+002E "." */
    0xb9, 0xb9,

    /* U+002F "/" */
    0x0, 0x0, 0xc2, 0x0, 0x1, 0xd0, 0x0, 0x6,
    0x80, 0x0, 0xb, 0x30, 0x0, 0xe, 0x0, 0x0,
    0x4a, 0x0, 0x0, 0x95, 0x0, 0x0, 0xd0, 0x0,
    0x3, 0xb0, 0x0, 0x7, 0x60, 0x0, 0xc, 0x20,
    0x0, 0x1d, 0x0, 0x0, 0x68, 0x0, 0x0, 0xb3,
    0x0, 0x0,

    /* U+0030 "0" */
    0x0, 0x8e, 0xd5, 0x0, 0x7, 0xd2, 0x4f, 0x30,
    0xd, 0x50, 0x9, 0xa0, 0x1f, 0x10, 0x4, 0xe0,
    0x3f, 0x0, 0x3, 0xf0, 0x4f, 0x0, 0x2, 0xf0,
    0x3f, 0x0, 0x3, 0xf0, 0x1f, 0x10, 0x5, 0xe0,
    0xd, 0x60, 0x9, 0xa0, 0x7, 0xe3, 0x4f, 0x30,
    0x0, 0x8e, 0xd5, 0x0,

    /* U+0031 "1" */
    0x17, 0xdc, 0x0, 0x3a, 0xdc, 0x0, 0x0, 0x7c,
    0x0, 0x0, 0x7c, 0x0, 0x0, 0x7c, 0x0, 0x0,
    0x7c, 0x0, 0x0, 0x7c, 0x0, 0x0, 0x7c, 0x0,
    0x0, 0x7c, 0x0, 0x11, 0x8d, 0x11, 0xcf, 0xff,
    0xfd,

    /* U+0032 "2" */
    0x3, 0xbf, 0xd4, 0x0, 0x2e, 0x51, 0x7f, 0x20,
    0x1, 0x0, 0xe, 0x70, 0x0, 0x0, 0xc, 0x80,
    0x0, 0x0, 0xe, 0x50, 0x0, 0x0, 0x6e, 0x0,
    0x0, 0x1, 0xe6, 0x0, 0x0, 0xc, 0xa0, 0x0,
    0x0, 0xac, 0x0, 0x0, 0xb, 0xd2, 0x22, 0x20,
    0x6f, 0xff, 0xff, 0xf0,

    /* U+0033 "3" */
    0x4, 0xbf, 0xd6, 0x0, 0xd6, 0x26, 0xf4, 0x0,
    0x0, 0xc, 0x90, 0x0, 0x0, 0xc8, 0x0, 0x2,
    0x8d, 0x10, 0x8, 0xff, 0x30, 0x0, 0x1, 0x5e,
    0x60, 0x0, 0x0, 0x6e, 0x0, 0x0, 0x6, 0xe5,
    0xd5, 0x24, 0xe8, 0x6, 0xbf, 0xd8, 0x0,

    /* U+0034 "4" */
    0x0, 0x0, 0xbf, 0x0, 0x0, 0x5, 0xef, 0x0,
    0x0, 0xe, 0x8f, 0x0, 0x0, 0x8c, 0x3f, 0x0,
    0x2, 0xf3, 0x3f, 0x0, 0xa, 0x90, 0x3f, 0x0,
    0x4e, 0x0, 0x3f, 0x0, 0xbf, 0xee, 0xff, 0xe5,
    0x11, 0x11, 0x5f, 0x10, 0x0, 0x0, 0x3f, 0x0,
    0x0, 0x0, 0x3f, 0x0,

    /* U+0035 "5" */
    0x7, 0xff, 0xff, 0x80, 0x8, 0xa1, 0x11, 0x10,
    0x9, 0x80, 0x0, 0x0, 0xb, 0x70, 0x0, 0x0,
    0xc, 0xce, 0xe9, 0x0, 0x5, 0x40, 0x3e, 0x80,
    0x0, 0x0, 0x7, 0xe0, 0x0, 0x0, 0x5, 0xf0,
    0x0, 0x0, 0x8, 0xd0, 0x6d, 0x52, 0x6f, 0x50,
    0x6, 0xbf, 0xd6, 0x0,

    /* U+0036 "6" */
    0x0, 0x3c, 0xfc, 0x40, 0x2, 0xf7, 0x25, 0x80,
    0xa, 0x90, 0x0, 0x0, 0xf, 0x30, 0x0, 0x0,
    0x1f, 0x4c, 0xeb, 0x10, 0x2f, 0xc2, 0x1b, 0xb0,
    0x2f, 0x10, 0x2, 0xf0, 0xf, 0x20, 0x1, 0xf2,
    0xc, 0x70, 0x3, 0xf0, 0x4, 0xe4, 0x1c, 0x90,
    0x0, 0x5d, 0xe9, 0x0,

    /* U+0037 "7" */
    0x4f, 0xff, 0xff, 0xf1, 0x1, 0x11, 0x1a, 0xa0,
    0x0, 0x0, 0x2e, 0x10, 0x0, 0x0, 0xa8, 0x0,
    0x0, 0x1, 0xf2, 0x0, 0x0, 0x6, 0xc0, 0x0,
    0x0, 0xa, 0x90, 0x0, 0x0, 0xd, 0x60, 0x0,
    0x0, 0xf, 0x40, 0x0, 0x0, 0x1f, 0x30, 0x0,
    0x0, 0x3f, 0x20, 0x0,

    /* U+0038 "8" */
    0x0, 0x9e, 0xe8, 0x0, 0x8, 0xc2, 0x2d, 0x60,
    0xc, 0x60, 0x7, 0xb0, 0xa, 0x90, 0x7, 0x80,
    0x2, 0xea, 0x3d, 0x20, 0x0, 0xcd, 0xfa, 0x0,
    0xc, 0x60, 0x5e, 0x80, 0x3e, 0x0, 0x4, 0xf0,
    0x4e, 0x0, 0x2, 0xf1, 0xe, 0x80, 0x2b, 0xb0,
    0x2, 0xbe, 0xe9, 0x10,

    /* U+0039 "9" */
    0x1, 0xbf, 0xc3, 0x0, 0xc, 0x91, 0x5f, 0x20,
    0x3f, 0x0, 0xa, 0x90, 0x5d, 0x0, 0x5, 0xd0,
    0x4f, 0x10, 0x5, 0xf0, 0xe, 0x80, 0x4e, 0xf0,
    0x3, 0xce, 0xa6, 0xd0, 0x0, 0x0, 0x6, 0xb0,
    0x0, 0x0, 0xc, 0x60, 0xa, 0x42, 0x9d, 0x0,
    0x6, 0xde, 0xa1, 0x0,

    /* U+003A ":" */
    0xb9, 0xb9, 0x0, 0x0, 0x0, 0x0, 0xb9, 0xb9,

    /* U+003B ";" */
    0xb, 0x90, 0xb, 0x90, 0x0, 0x0, 0x0, 0x0,
    0x0, 0x0, 0x0, 0x0, 0x8, 0x80, 0xb, 0xf0,
    0x0, 0xe0, 0xa, 0x70, 0x15, 0x0,

    /* U+003C "<" */
    0x0, 0x0, 0x0, 0x42, 0x0, 0x1, 0x7d, 0xd2,
    0x3, 0xae, 0xa3, 0x0, 0x7f, 0x70, 0x0, 0x0,
    0x29, 0xea, 0x40, 0x0, 0x0, 0x6, 0xce, 0x81,
    0x0, 0x0, 0x3, 0x93,

    /* U+003D "=" */
    0x7f, 0xff, 0xff, 0xf3, 0x0, 0x0, 0x0, 0x0,
    0x0, 0x0, 0x0, 0x0, 0x7f, 0xff, 0xff, 0xf3,

    /* U+003E ">" */
    0x32, 0x0, 0x0, 0x0, 0x5e, 0xc5, 0x0, 0x0,
    0x0, 0x5b, 0xe8, 0x20, 0x0, 0x0, 0x19, 0xf3,
    0x0, 0x5, 0xbe, 0x70, 0x29, 0xfb, 0x40, 0x0,
    0x68, 0x10, 0x0, 0x0,

    /* U+003F "?" */
    0x6, 0xcf, 0xb1, 0x2c, 0x43, 0xda, 0x0, 0x0,
    0x7d, 0x0, 0x0, 0xa9, 0x0, 0x4, 0xe1, 0x0,
    0xe, 0x50, 0x0, 0x5d, 0x0, 0x0, 0x57, 0x0,
    0x0, 0x0, 0x0, 0x0, 0x8c, 0x0, 0x0, 0x9c,
    0x0,

    /* U+0040 "@" */
    0x0, 0x0, 0x4b, 0xee, 0xc8, 0x0, 0x0, 0x0,
    0x9c, 0x40, 0x2, 0x8d, 0x10, 0x0, 0x99, 0x0,
    0x0, 0x0, 0x6a, 0x0, 0x3d, 0x0, 0x5b, 0xbb,
    0x10, 0xd1, 0xc, 0x40, 0x4c, 0x14, 0xf0, 0x9,
    0x40, 0xf0, 0xc, 0x40, 0x3c, 0x0, 0x76, 0x2d,
    0x0, 0xf0, 0x5, 0xa0, 0x9, 0x42, 0xc0, 0x1e,
    0x0, 0x78, 0x0, 0xc1, 0xe, 0x0, 0xe3, 0x2d,
    0x90, 0x78, 0x0, 0xc4, 0x4, 0xc9, 0x1a, 0xc7,
    0x0, 0x3, 0xd0, 0x0, 0x0, 0x0, 0x0, 0x0,
    0x7, 0xd5, 0x10, 0x16, 0x0, 0x0, 0x0, 0x2,
    0xac, 0xdc, 0x70, 0x0, 0x0,

    /* U+0041 "A" */
    0x0, 0xa, 0xf2, 0x0, 0x0, 0x0, 0xec, 0x70,
    0x0, 0x0, 0x4e, 0x6c, 0x0, 0x0, 0x9, 0x92,
    0xf1, 0x0, 0x0, 0xe5, 0xe, 0x60, 0x0, 0x3f,
    0x10, 0xab, 0x0, 0x8, 0xd0, 0x5, 0xf0, 0x0,
    0xdf, 0xee, 0xff, 0x50, 0x2f, 0x41, 0x11, 0xca,
    0x7, 0xd0, 0x0, 0x6, 0xf0, 0xc8, 0x0, 0x0,
    0x1f, 0x40,

    /* U+0042 "B" */
    0x9f, 0xff, 0xe8, 0x0, 0x9b, 0x1, 0x4d, 0x90,
    0x9b, 0x0, 0x6, 0xe0, 0x9b, 0x0, 0x5, 0xd0,
    0x9b, 0x0, 0x2d, 0x70, 0x9f, 0xef, 0xfc, 0x0,
    0x9b, 0x11, 0x39, 0xe2, 0x9b, 0x0, 0x0, 0xd7,
    0x9b, 0x0, 0x0, 0xd7, 0x9b, 0x1, 0x29, 0xf2,
    0x9f, 0xff, 0xeb, 0x30,

    /* U+0043 "C" */
    0x0, 0x8, 0xdf, 0xb3, 0x0, 0xc, 0xd5, 0x37,
    0xd0, 0x7, 0xe1, 0x0, 0x0, 0x0, 0xe7, 0x0,
    0x0, 0x0, 0xf, 0x40, 0x0, 0x0, 0x2, 0xf2,
    0x0, 0x0, 0x0, 0xf, 0x40, 0x0, 0x0, 0x0,
    0xe7, 0x0, 0x0, 0x0, 0x7, 0xe1, 0x0, 0x1,
    0x0, 0xc, 0xd5, 0x37, 0xe2, 0x0, 0x8, 0xdf,
    0xb4, 0x0,

    /* U+0044 "D" */
    0x9f, 0xfe, 0xb5, 0x0, 0x9b, 0x13, 0x7f, 0x80,
    0x9b, 0x0, 0x4, 0xf2, 0x9b, 0x0, 0x0, 0xd8,
    0x9b, 0x0, 0x0, 0xaa, 0x9b, 0x0, 0x0, 0x9c,
    0x9b, 0x0, 0x0, 0xaa, 0x9b, 0x0, 0x0, 0xd8,
    0x9b, 0x0, 0x5, 0xf2, 0x9b, 0x13, 0x7f, 0x80,
    0x9f, 0xfe, 0xb5, 0x0,

    /* U+0045 "E" */
    0x9f, 0xff, 0xff, 0x59, 0xb1, 0x11, 0x10, 0x9b,
    0x0, 0x0, 0x9, 0xb0, 0x0, 0x0, 0x9b, 0x0,
    0x0, 0x9, 0xff, 0xff, 0x90, 0x9b, 0x22, 0x21,
    0x9, 0xb0, 0x0, 0x0, 0x9b, 0x0, 0x0, 0x9,
    0xb2, 0x22, 0x21, 0x9f, 0xff, 0xff, 0x70,

    /* U+0046 "F" */
    0x9f, 0xff, 0xff, 0x59, 0xb1, 0x11, 0x10, 0x9b,
    0x0, 0x0, 0x9, 0xb0, 0x0, 0x0, 0x9b, 0x0,
    0x0, 0x9, 0xff, 0xff, 0x90, 0x9b, 0x22, 0x21,
    0x9, 0xb0, 0x0, 0x0, 0x9b, 0x0, 0x0, 0x9,
    0xb0, 0x0, 0x0, 0x9b, 0x0, 0x0, 0x0,

    /* U+0047 "G" */
    0x0, 0x7, 0xcf, 0xc6, 0x0, 0xc, 0xe6, 0x35,
    0xd3, 0x7, 0xe1, 0x0, 0x0, 0x0, 0xd7, 0x0,
    0x0, 0x0, 0xf, 0x40, 0x0, 0x0, 0x2, 0xf2,
    0x0, 0xbf, 0xf9, 0xf, 0x40, 0x1, 0x2a, 0x90,
    0xe7, 0x0, 0x0, 0x99, 0x7, 0xe1, 0x0, 0x9,
    0x90, 0xc, 0xe6, 0x35, 0xe9, 0x0, 0x8, 0xcf,
    0xc7, 0x0,

    /* U+0048 "H" */
    0x9b, 0x0, 0x0, 0x8c, 0x9b, 0x0, 0x0, 0x8c,
    0x9b, 0x0, 0x0, 0x8c, 0x9b, 0x0, 0x0, 0x8c,
    0x9b, 0x0, 0x0, 0x8c, 0x9f, 0xff, 0xff, 0xfc,
    0x9c, 0x22, 0x22, 0x9c, 0x9b, 0x0, 0x0, 0x8c,
    0x9b, 0x0, 0x0, 0x8c, 0x9b, 0x0, 0x0, 0x8c,
    0x9b, 0x0, 0x0, 0x8c,

    /* U+0049 "I" */
    0x9b, 0x9b, 0x9b, 0x9b, 0x9b, 0x9b, 0x9b, 0x9b,
    0x9b, 0x9b, 0x9b,

    /* U+004A "J" */
    0x0, 0x0, 0x2f, 0x20, 0x0, 0x2, 0xf2, 0x0,
    0x0, 0x2f, 0x20, 0x0, 0x2, 0xf2, 0x0, 0x0,
    0x2f, 0x20, 0x0, 0x2, 0xf2, 0x0, 0x0, 0x2f,
    0x20, 0x0, 0x2, 0xf2, 0x1, 0x0, 0x4f, 0x3,
    0xe5, 0x3c, 0xb0, 0x5, 0xce, 0xb1, 0x0,

    /* U+004B "K" */
    0x9b, 0x0, 0x5, 0xf2, 0x9b, 0x0, 0x2f, 0x50,
    0x9b, 0x0, 0xd9, 0x0, 0x9b, 0xb, 0xc0, 0x0,
    0x9b, 0x7f, 0x70, 0x0, 0x9e, 0xfa, 0xe1, 0x0,
    0x9f, 0x70, 0xd8, 0x0, 0x9c, 0x0, 0x5f, 0x10,
    0x9b, 0x0, 0xc, 0xa0, 0x9b, 0x0, 0x4, 0xf2,
    0x9b, 0x0, 0x0, 0xbb,

    /* U+004C "L" */
    0x9b, 0x0, 0x0, 0x9, 0xb0, 0x0, 0x0, 0x9b,
    0x0, 0x0, 0x9, 0xb0, 0x0, 0x0, 0x9b, 0x0,
    0x0, 0x9, 0xb0, 0x0, 0x0, 0x9b, 0x0, 0x0,
    0x9, 0xb0, 0x0, 0x0, 0x9b, 0x0, 0x0, 0x9,
    0xb2, 0x22, 0x20, 0x9f, 0xff, 0xff, 0x30,

    /* U+004D "M" */
    0x9f, 0x20, 0x0, 0xc, 0xf9, 0xf7, 0x0, 0x1,
    0xff, 0x9b, 0xc0, 0x0, 0x6b, 0xf9, 0x8e, 0x20,
    0xc, 0x7f, 0x98, 0x97, 0x1, 0xe3, 0xf9, 0x94,
    0xc0, 0x69, 0x3f, 0x99, 0xe, 0x1c, 0x33, 0xf9,
    0x90, 0x98, 0xe0, 0x3f, 0x99, 0x3, 0xf9, 0x3,
    0xf9, 0x90, 0xc, 0x30, 0x3f, 0x99, 0x0, 0x0,
    0x3, 0xf0,

    /* U+004E "N" */
    0x9e, 0x10, 0x0, 0x8b, 0x9f, 0x80, 0x0, 0x8b,
    0x9a, 0xf1, 0x0, 0x8b, 0x98, 0xa9, 0x0, 0x8b,
    0x99, 0x2f, 0x20, 0x8b, 0x99, 0x9, 0xb0, 0x8b,
    0x99, 0x1, 0xf3, 0x7b, 0x99, 0x0, 0x8c, 0x7b,
    0x99, 0x0, 0xe, 0xab, 0x99, 0x0, 0x6, 0xfb,
    0x99, 0x0, 0x0, 0xdb,

    /* U+004F "O" */
    0x0, 0x9, 0xde, 0xb3, 0x0, 0x0, 0xdc, 0x54,
    0x9f, 0x50, 0x8, 0xe0, 0x0, 0x8, 0xd0, 0xe,
    0x70, 0x0, 0x1, 0xf4, 0xf, 0x40, 0x0, 0x0,
    0xd7, 0x2f, 0x20, 0x0, 0x0, 0xc8, 0xf, 0x40,
    0x0, 0x0, 0xe6, 0xe, 0x70, 0x0, 0x1, 0xf4,
    0x7, 0xe0, 0x0, 0x8, 0xd0, 0x0, 0xdd, 0x54,
    0x9f, 0x40, 0x0, 0x9, 0xde, 0xb3, 0x0,

    /* U+0050 "P" */
    0x9f, 0xff, 0xd8, 0x0, 0x9b, 0x11, 0x4d, 0xa0,
    0x9b, 0x0, 0x4, 0xf0, 0x9b, 0x0, 0x2, 0xf2,
    0x9b, 0x0, 0x4, 0xf0, 0x9b, 0x0, 0x2d, 0x90,
    0x9f, 0xef, 0xf9, 0x0, 0x9b, 0x11, 0x0, 0x0,
    0x9b, 0x0, 0x0, 0x0, 0x9b, 0x0, 0x0, 0x0,
    0x9b, 0x0, 0x0, 0x0,

    /* U+0051 "Q" */
    0x0, 0x19, 0xde, 0xb3, 0x0, 0x1, 0xdc, 0x54,
    0x9f, 0x50, 0x8, 0xd0, 0x0, 0x8, 0xe0, 0xe,
    0x60, 0x0, 0x1, 0xf4, 0x1f, 0x30, 0x0, 0x0,
    0xd7, 0x2f, 0x20, 0x0, 0x0, 0xc8, 0xf, 0x40,
    0x0, 0x0, 0xe6, 0xd, 0x80, 0x0, 0x2, 0xf3,
    0x6, 0xe2, 0x0, 0xa, 0xc0, 0x0, 0xae, 0x87,
    0xce, 0x20, 0x0, 0x4, 0xbf, 0x71, 0x0, 0x0,
    0x0, 0xe, 0xb2, 0x0, 0x0, 0x0, 0x1, 0xbf,
    0xfa, 0x0, 0x0, 0x0, 0x0, 0x10,

    /* U+0052 "R" */
    0x9f, 0xff, 0xea, 0x10, 0x9b, 0x11, 0x3b, 0xc0,
    0x9b, 0x0, 0x2, 0xf1, 0x9b, 0x0, 0x2, 0xf1,
    0x9b, 0x0, 0x1b, 0xd0, 0x9f, 0xef, 0xf9, 0x10,
    0x9b, 0x15, 0xf2, 0x0, 0x9b, 0x0, 0xba, 0x0,
    0x9b, 0x0, 0x3f, 0x30, 0x9b, 0x0, 0xb, 0xb0,
    0x9b, 0x0, 0x3, 0xf3,

    /* U+0053 "S" */
    0x0, 0x7d, 0xfc, 0x50, 0x7, 0xe6, 0x36, 0xe2,
    0xc, 0x80, 0x0, 0x0, 0xb, 0xc0, 0x0, 0x0,
    0x3, 0xfd, 0x50, 0x0, 0x0, 0x1a, 0xfe, 0x40,
    0x0, 0x0, 0x2a, 0xf4, 0x0, 0x0, 0x0, 0xda,
    0x3, 0x0, 0x0, 0xaa, 0x1e, 0xa5, 0x48, 0xf4,
    0x1, 0x9d, 0xfc, 0x40,

    /* U+0054 "T" */
    0x8f, 0xff, 0xff, 0xff, 0x11, 0x18, 0xd1, 0x11,
    0x0, 0x7, 0xd0, 0x0, 0x0, 0x7, 0xd0, 0x0,
    0x0, 0x7, 0xd0, 0x0, 0x0, 0x7, 0xd0, 0x0,
    0x0, 0x7, 0xd0, 0x0, 0x0, 0x7, 0xd0, 0x0,
    0x0, 0x7, 0xd0, 0x0, 0x0, 0x7, 0xd0, 0x0,
    0x0, 0x7, 0xd0, 0x0,

    /* U+0055 "U" */
    0x9a, 0x0, 0x0, 0x8b, 0x9a, 0x0, 0x0, 0x8b,
    0x9a, 0x0, 0x0, 0x8b, 0x9a, 0x0, 0x0, 0x8b,
    0x9a, 0x0, 0x0, 0x8b, 0x9a, 0x0, 0x0, 0x8b,
    0x9a, 0x0, 0x0, 0x8b, 0x7c, 0x0, 0x0, 0xa9,
    0x5f, 0x10, 0x0, 0xe6, 0xd, 0xc4, 0x3b, 0xe0,
    0x1, 0xae, 0xeb, 0x20,

    /* U+0056 "V" */
    0xd8, 0x0, 0x0, 0x6e, 0x8, 0xc0, 0x0, 0xb,
    0x90, 0x4f, 0x0, 0x0, 0xf4, 0x0, 0xf4, 0x0,
    0x4f, 0x0, 0xa, 0x90, 0x9, 0xa0, 0x0, 0x6d,
    0x0, 0xd6, 0x0, 0x1, 0xf1, 0x2f, 0x10, 0x0,
    0xc, 0x66, 0xc0, 0x0, 0x0, 0x8a, 0xa7, 0x0,
    0x0, 0x3, 0xee, 0x20, 0x0, 0x0, 0xe, 0xd0,
    0x0, 0x0,

    /* U+0057 "W" */
    0x8c, 0x0, 0x8, 0xe0, 0x0, 0x6c, 0x5f, 0x0,
    0xc, 0xf2, 0x0, 0x99, 0x2f, 0x20, 0xf, 0xb5,
    0x0, 0xc6, 0xf, 0x40, 0x4c, 0x89, 0x0, 0xf3,
    0xc, 0x70, 0x88, 0x4d, 0x2, 0xf0, 0x9, 0xa0,
    0xc5, 0x1f, 0x15, 0xd0, 0x6, 0xd0, 0xf1, 0xd,
    0x48, 0xa0, 0x2, 0xf3, 0xd0, 0x9, 0x7b, 0x70,
    0x0, 0xf8, 0x90, 0x6, 0xad, 0x30, 0x0, 0xce,
    0x60, 0x2, 0xef, 0x0, 0x0, 0x9f, 0x20, 0x0,
    0xed, 0x0,

    /* U+0058 "X" */
    0x4f, 0x20, 0x1, 0xf5, 0xc, 0x90, 0x8, 0xc0,
    0x3, 0xf2, 0xe, 0x40, 0x0, 0xb9, 0x7c, 0x0,
    0x0, 0x3f, 0xe3, 0x0, 0x0, 0xe, 0xe0, 0x0,
    0x0, 0x6c, 0xe5, 0x0, 0x0, 0xe5, 0x6e, 0x0,
    0x7, 0xd0, 0xe, 0x70, 0xe, 0x50, 0x6, 0xe0,
    0x8d, 0x0, 0x0, 0xd8,

    /* U+0059 "Y" */
    0xc, 0x90, 0x0, 0x1f, 0x30, 0x5f, 0x0, 0x8,
    0xc0, 0x0, 0xd6, 0x0, 0xe4, 0x0, 0x6, 0xd0,
    0x6d, 0x0, 0x0, 0xe, 0x4d, 0x60, 0x0, 0x0,
    0x8d, 0xe0, 0x0, 0x0, 0x1, 0xf7, 0x0, 0x0,
    0x0, 0xe, 0x50, 0x0, 0x0, 0x0, 0xe5, 0x0,
    0x0, 0x0, 0xe, 0x50, 0x0, 0x0, 0x0, 0xe5,
    0x0, 0x0,

    /* U+005A "Z" */
    0xc, 0xff, 0xff, 0xfb, 0x1, 0x11, 0x14, 0xf4,
    0x0, 0x0, 0xb, 0xb0, 0x0, 0x0, 0x4f, 0x20,
    0x0, 0x0, 0xd8, 0x0, 0x0, 0x7, 0xd0, 0x0,
    0x0, 0x2f, 0x40, 0x0, 0x0, 0xbb, 0x0, 0x0,
    0x4, 0xf2, 0x0, 0x0, 0xd, 0x92, 0x22, 0x21,
    0x4f, 0xff, 0xff, 0xfc,

    /* U+005B "[" */
    0x8d, 0xc3, 0x86, 0x0, 0x86, 0x0, 0x86, 0x0,
    0x86, 0x0, 0x86, 0x0, 0x86, 0x0, 0x86, 0x0,
    0x86, 0x0, 0x86, 0x0, 0x86, 0x0, 0x86, 0x0,
    0x86, 0x0, 0x7c, 0xb2,

    /* U+005C "\\" */
    0xa4, 0x0, 0x0, 0x59, 0x0, 0x0, 0x1d, 0x0,
    0x0, 0xc, 0x20, 0x0, 0x7, 0x70, 0x0, 0x2,
    0xc0, 0x0, 0x0, 0xd1, 0x0, 0x0, 0x85, 0x0,
    0x0, 0x4a, 0x0, 0x0, 0xe, 0x0, 0x0, 0xa,
    0x40, 0x0, 0x5, 0x90, 0x0, 0x1, 0xd0, 0x0,
    0x0, 0xc2,

    /* U+005D "]" */
    0x6c, 0xe4, 0x0, 0xb4, 0x0, 0xb4, 0x0, 0xb4,
    0x0, 0xb4, 0x0, 0xb4, 0x0, 0xb4, 0x0, 0xb4,
    0x0, 0xb4, 0x0, 0xb4, 0x0, 0xb4, 0x0, 0xb4,
    0x0, 0xb4, 0x6b, 0xd3,

    /* U+005E "^" */
    0x0, 0xe, 0xa0, 0x0, 0x4, 0xce, 0x10, 0x0,
    0xa5, 0x97, 0x0, 0x1e, 0x3, 0xd0, 0x7, 0x90,
    0xd, 0x30, 0xd3, 0x0, 0x7a,

    /* U+005F "_" */
    0xbd, 0xdd, 0xdd, 0xd8,

    /* U+0060 "`" */
    0x7, 0x50, 0x0, 0x3e, 0x40, 0x0, 0x3d, 0x20,

    /* U+0061 "a" */
    0x2, 0xad, 0xe9, 0x0, 0x87, 0x23, 0xe6, 0x0,
    0x0, 0xa, 0xa0, 0x4, 0xad, 0xec, 0x9, 0xc4,
    0x8, 0xc1, 0xf2, 0x0, 0x8c, 0xf, 0x72, 0x6e,
    0xc0, 0x6e, 0xe8, 0x6c,

    /* U+0062 "b" */
    0xb9, 0x0, 0x0, 0xb, 0x90, 0x0, 0x0, 0xb9,
    0x0, 0x0, 0xb, 0x98, 0xed, 0x70, 0xbf, 0x72,
    0x6f, 0x5b, 0x90, 0x0, 0x9b, 0xb9, 0x0, 0x6,
    0xeb, 0x90, 0x0, 0x7d, 0xb9, 0x0, 0xb, 0xab,
    0xe5, 0x28, 0xf2, 0xb7, 0xae, 0xc4, 0x0,

    /* U+0063 "c" */
    0x0, 0x6d, 0xfb, 0x20, 0x7f, 0x62, 0x62, 0xf,
    0x60, 0x0, 0x2, 0xf1, 0x0, 0x0, 0x3f, 0x10,
    0x0, 0x0, 0xf6, 0x0, 0x0, 0x8, 0xe5, 0x26,
    0x50, 0x7, 0xdf, 0xb2,

    /* U+0064 "d" */
    0x0, 0x0, 0x0, 0xe6, 0x0, 0x0, 0x0, 0xe6,
    0x0, 0x0, 0x0, 0xe6, 0x0, 0x7e, 0xe8, 0xe6,
    0x8, 0xe5, 0x28, 0xf6, 0xf, 0x60, 0x0, 0xe6,
    0x2f, 0x20, 0x0, 0xe6, 0x3f, 0x10, 0x0, 0xe6,
    0x1f, 0x50, 0x0, 0xe6, 0xa, 0xe4, 0x3a, 0xf6,
    0x0, 0x9e, 0xd6, 0xb6,

    /* U+0065 "e" */
    0x0, 0x7d, 0xea, 0x10, 0x7, 0xc4, 0x1a, 0xb0,
    0xf, 0x20, 0x2, 0xf0, 0x2f, 0xee, 0xee, 0xf2,
    0x2f, 0x10, 0x0, 0x0, 0xf, 0x50, 0x0, 0x0,
    0x7, 0xe5, 0x13, 0x50, 0x0, 0x6d, 0xfc, 0x50,

    /* U+0066 "f" */
    0x0, 0xbf, 0xb0, 0x6f, 0x21, 0x7, 0xc0, 0x9,
    0xff, 0xf5, 0x8, 0xc0, 0x0, 0x7c, 0x0, 0x7,
    0xc0, 0x0, 0x7c, 0x0, 0x7, 0xc0, 0x0, 0x7c,
    0x0, 0x7, 0xc0, 0x0,

    /* U+0067 "g" */
    0x1, 0xad, 0xff, 0xf8, 0xb, 0x90, 0xe, 0x50,
    0xe, 0x50, 0xa, 0x90, 0xa, 0xb1, 0x3f, 0x50,
    0x3, 0xed, 0xd7, 0x0, 0xb, 0x60, 0x0, 0x0,
    0xc, 0x91, 0x10, 0x0, 0x6, 0xff, 0xff, 0xd3,
    0x1e, 0x10, 0x1, 0xca, 0x2f, 0x30, 0x4, 0xe5,
    0x6, 0xdf, 0xeb, 0x50,

    /* U+0068 "h" */
    0xb9, 0x0, 0x0, 0xb, 0x90, 0x0, 0x0, 0xb9,
    0x0, 0x0, 0xb, 0x87, 0xde, 0x60, 0xbf, 0x93,
    0x8f, 0x1b, 0xa0, 0x0, 0xf4, 0xb9, 0x0, 0xe,
    0x5b, 0x90, 0x0, 0xe5, 0xb9, 0x0, 0xe, 0x5b,
    0x90, 0x0, 0xe5, 0xb9, 0x0, 0xe, 0x50,

    /* U+0069 "i" */
    0xb8, 0x75, 0x0, 0xb9, 0xb9, 0xb9, 0xb9, 0xb9,
    0xb9, 0xb9, 0xb9,

    /* U+006A "j" */
    0x0, 0xb9, 0x0, 0x75, 0x0, 0x0, 0x0, 0xb9,
    0x0, 0xb9, 0x0, 0xb9, 0x0, 0xb9, 0x0, 0xb9,
    0x0, 0xb9, 0x0, 0xb9, 0x0, 0xb9, 0x0, 0xb9,
    0x2, 0xe6, 0x6f, 0xb0,

    /* U+006B "k" */
    0xb8, 0x0, 0x0, 0xb, 0x80, 0x0, 0x0, 0xb8,
    0x0, 0x0, 0xb, 0x80, 0x8, 0xd0, 0xb8, 0x5,
    0xe2, 0xb, 0x82, 0xe4, 0x0, 0xb9, 0xce, 0x0,
    0xb, 0xfa, 0xd7, 0x0, 0xbd, 0x3, 0xf2, 0xb,
    0x80, 0xa, 0xb0, 0xb8, 0x0, 0x1f, 0x40,

    /* U+006C "l" */
    0xb9, 0xb, 0x90, 0xb9, 0xb, 0x90, 0xb9, 0xb,
    0x90, 0xb9, 0xb, 0x90, 0xb9, 0xa, 0xa0, 0x4e,
    0x40,

    /* U+006D "m" */
    0xb6, 0x7e, 0xc4, 0x1a, 0xeb, 0x1b, 0xe8, 0x3a,
    0xec, 0x53, 0xe8, 0xba, 0x0, 0x3f, 0x30, 0x9,
    0xbb, 0x90, 0x1, 0xf2, 0x0, 0x8c, 0xb9, 0x0,
    0x1f, 0x20, 0x7, 0xcb, 0x90, 0x1, 0xf2, 0x0,
    0x7c, 0xb9, 0x0, 0x1f, 0x20, 0x7, 0xcb, 0x90,
    0x1, 0xf2, 0x0, 0x7c,

    /* U+006E "n" */
    0xb6, 0x7d, 0xe6, 0xb, 0xe9, 0x38, 0xf1, 0xba,
    0x0, 0xf, 0x4b, 0x90, 0x0, 0xe5, 0xb9, 0x0,
    0xe, 0x5b, 0x90, 0x0, 0xe5, 0xb9, 0x0, 0xe,
    0x5b, 0x90, 0x0, 0xe5,

    /* U+006F "o" */
    0x0, 0x7d, 0xeb, 0x20, 0x7, 0xe5, 0x2a, 0xe0,
    0xf, 0x50, 0x0, 0xd7, 0x2f, 0x10, 0x0, 0x9a,
    0x2f, 0x10, 0x0, 0x9a, 0xf, 0x50, 0x0, 0xd7,
    0x7, 0xe4, 0x29, 0xe1, 0x0, 0x7d, 0xfb, 0x20,

    /* U+0070 "p" */
    0xb7, 0x8e, 0xd7, 0xb, 0xf7, 0x26, 0xf5, 0xb9,
    0x0, 0x9, 0xbb, 0x90, 0x0, 0x6e, 0xb9, 0x0,
    0x7, 0xdb, 0x90, 0x0, 0xba, 0xbe, 0x52, 0x8f,
    0x2b, 0xaa, 0xfc, 0x40, 0xb9, 0x0, 0x0, 0xb,
    0x90, 0x0, 0x0, 0xb9, 0x0, 0x0, 0x0,

    /* U+0071 "q" */
    0x0, 0x7e, 0xea, 0xc6, 0x8, 0xd2, 0x5, 0xf6,
    0xf, 0x50, 0x0, 0xe6, 0x2f, 0x10, 0x0, 0xe6,
    0x3f, 0x20, 0x0, 0xe6, 0x1f, 0x50, 0x0, 0xe6,
    0xa, 0xe4, 0x3a, 0xf6, 0x0, 0x9e, 0xd6, 0xd6,
    0x0, 0x0, 0x0, 0xe6, 0x0, 0x0, 0x0, 0xe6,
    0x0, 0x0, 0x0, 0xe6,

    /* U+0072 "r" */
    0xb6, 0x7e, 0x4b, 0xda, 0x30, 0xbd, 0x0, 0xb,
    0x90, 0x0, 0xb9, 0x0, 0xb, 0x90, 0x0, 0xb9,
    0x0, 0xb, 0x90, 0x0,

    /* U+0073 "s" */
    0x4, 0xdf, 0xc4, 0x0, 0xf7, 0x14, 0x40, 0xf,
    0x50, 0x0, 0x0, 0x6f, 0xa2, 0x0, 0x0, 0x18,
    0xf8, 0x0, 0x0, 0x5, 0xf0, 0x39, 0x21, 0x9d,
    0x0, 0x8d, 0xfc, 0x20,

    /* U+0074 "t" */
    0x4, 0xc0, 0x0, 0x5, 0xc0, 0x0, 0x6, 0xc0,
    0x0, 0x9f, 0xff, 0xd0, 0x8, 0xc0, 0x0, 0x7,
    0xc0, 0x0, 0x7, 0xc0, 0x0, 0x7, 0xc0, 0x0,
    0x7, 0xd0, 0x0, 0x5, 0xf4, 0x20, 0x0, 0xaf,
    0xc0,

    /* U+0075 "u" */
    0xd7, 0x0, 0xf, 0x3d, 0x70, 0x0, 0xf3, 0xd7,
    0x0, 0xf, 0x3d, 0x70, 0x0, 0xf3, 0xd7, 0x0,
    0xf, 0x3c, 0x80, 0x2, 0xf3, 0x9e, 0x35, 0xcf,
    0x31, 0xbf, 0xb2, 0xe3,

    /* U+0076 "v" */
    0xaa, 0x0, 0x4, 0xe0, 0x4f, 0x0, 0x9, 0x90,
    0xe, 0x40, 0xe, 0x40, 0x9, 0x90, 0x4e, 0x0,
    0x4, 0xe0, 0x99, 0x0, 0x0, 0xe3, 0xe4, 0x0,
    0x0, 0x9b, 0xe0, 0x0, 0x0, 0x3f, 0x90, 0x0,

    /* U+0077 "w" */
    0x7c, 0x0, 0x1f, 0x60, 0x7, 0xb3, 0xf0, 0x5,
    0xda, 0x0, 0xb7, 0xf, 0x40, 0x96, 0xe0, 0xf,
    0x30, 0xb8, 0xd, 0x1e, 0x23, 0xf0, 0x7, 0xc2,
    0xd0, 0xa6, 0x7b, 0x0, 0x2f, 0x69, 0x6, 0xaa,
    0x70, 0x0, 0xec, 0x50, 0x2e, 0xd3, 0x0, 0xa,
    0xf1, 0x0, 0xee, 0x0,

    /* U+0078 "x" */
    0x4f, 0x10, 0x1f, 0x40, 0xba, 0x9, 0xa0, 0x1,
    0xf5, 0xf2, 0x0, 0x7, 0xf8, 0x0, 0x0, 0xae,
    0x90, 0x0, 0x4e, 0x2f, 0x30, 0xd, 0x50, 0x8d,
    0x7, 0xd0, 0x0, 0xe7,

    /* U+0079 "y" */
    0x9b, 0x0, 0x4, 0xe0, 0x3f, 0x10, 0x9, 0x90,
    0xd, 0x60, 0xe, 0x30, 0x6, 0xc0, 0x4e, 0x0,
    0x1, 0xf2, 0x98, 0x0, 0x0, 0xa7, 0xd3, 0x0,
    0x0, 0x3e, 0xd0, 0x0, 0x0, 0xd, 0x80, 0x0,
    0x0, 0x1f, 0x20, 0x0, 0x2, 0xb9, 0x0, 0x0,
    0x5f, 0xb1, 0x0, 0x0,

    /* U+007A "z" */
    0x1f, 0xff, 0xff, 0x10, 0x0, 0x1c, 0x90, 0x0,
    0x6, 0xe1, 0x0, 0x1, 0xf5, 0x0, 0x0, 0xba,
    0x0, 0x0, 0x5e, 0x10, 0x0, 0x1e, 0x60, 0x0,
    0x7, 0xff, 0xff, 0xf3,

    /* U+007B "{" */
    0x0, 0xbd, 0x30, 0x3e, 0x0, 0x3, 0xc0, 0x0,
    0x3d, 0x0, 0x2, 0xd0, 0x0, 0x5c, 0x0, 0x6f,
    0x30, 0x0, 0x6b, 0x0, 0x2, 0xd0, 0x0, 0x2d,
    0x0, 0x3, 0xc0, 0x0, 0x4c, 0x0, 0x2, 0xf1,
    0x0, 0x9, 0xd2,

    /* U+007C "|" */
    0x85, 0x85, 0x85, 0x85, 0x85, 0x85, 0x85, 0x85,
    0x85, 0x85, 0x85, 0x85, 0x85, 0x85, 0x85, 0x85,

    /* U+007D "}" */
    0x6e, 0x70, 0x0, 0x3f, 0x0, 0x0, 0xf0, 0x0,
    0x1f, 0x0, 0x1, 0xe0, 0x0, 0xf, 0x20, 0x0,
    0x7f, 0x20, 0xf, 0x20, 0x1, 0xe0, 0x0, 0x1e,
    0x0, 0x1, 0xf0, 0x0, 0x1f, 0x0, 0x4, 0xe0,
    0x6, 0xd5, 0x0,

    /* U+007E "~" */
    0xa, 0xea, 0x51, 0x60, 0x15, 0x16, 0xbe, 0x80,

    /* U+00B7 "·" */
    0x0, 0x0, 0x1d, 0xd1, 0x6f, 0xf6, 0x1c, 0xc1,

    /* U+00E0 "à" */
    0x0, 0xbb, 0x0, 0x0, 0x0, 0xa9, 0x0, 0x0,
    0x0, 0x71, 0x0, 0x0, 0x0, 0x0, 0x2, 0xad,
    0xe9, 0x0, 0x87, 0x23, 0xe6, 0x0, 0x0, 0xa,
    0xa0, 0x4, 0xad, 0xec, 0x9, 0xc4, 0x8, 0xc1,
    0xf2, 0x0, 0x8c, 0xf, 0x72, 0x6e, 0xc0, 0x6e,
    0xe8, 0x6c,

    /* U+00E1 "á" */
    0x0, 0x0, 0x6e, 0x20, 0x0, 0x3d, 0x20, 0x0,
    0x6, 0x20, 0x0, 0x0, 0x0, 0x0, 0x2, 0xad,
    0xe9, 0x0, 0x87, 0x23, 0xe6, 0x0, 0x0, 0xa,
    0xa0, 0x4, 0xad, 0xec, 0x9, 0xc4, 0x8, 0xc1,
    0xf2, 0x0, 0x8c, 0xf, 0x72, 0x6e, 0xc0, 0x6e,
    0xe8, 0x6c,

    /* U+00E8 "è" */
    0x0, 0xbb, 0x0, 0x0, 0x0, 0xb, 0x80, 0x0,
    0x0, 0x0, 0x71, 0x0, 0x0, 0x0, 0x0, 0x0,
    0x0, 0x7d, 0xea, 0x10, 0x7, 0xc4, 0x1a, 0xb0,
    0xf, 0x20, 0x2, 0xf0, 0x2f, 0xee, 0xee, 0xf2,
    0x2f, 0x10, 0x0, 0x0, 0xf, 0x50, 0x0, 0x0,
    0x7, 0xe5, 0x13, 0x50, 0x0, 0x6d, 0xfc, 0x50,

    /* U+00E9 "é" */
    0x0, 0x0, 0x7e, 0x20, 0x0, 0x4, 0xd2, 0x0,
    0x0, 0x7, 0x10, 0x0, 0x0, 0x0, 0x0, 0x0,
    0x0, 0x7d, 0xea, 0x10, 0x7, 0xc4, 0x1a, 0xb0,
    0xf, 0x20, 0x2, 0xf0, 0x2f, 0xee, 0xee, 0xf2,
    0x2f, 0x10, 0x0, 0x0, 0xf, 0x50, 0x0, 0x0,
    0x7, 0xe5, 0x13, 0x50, 0x0, 0x6d, 0xfc, 0x50,

    /* U+00EC "ì" */
    0x2e, 0x70, 0x0, 0x3e, 0x20, 0x0, 0x5c, 0x0,
    0x0, 0x0, 0x0, 0xb9, 0x0, 0xb, 0x90, 0x0,
    0xb9, 0x0, 0xb, 0x90, 0x0, 0xb9, 0x0, 0xb,
    0x90, 0x0, 0xb9, 0x0, 0xb, 0x90,

    /* U+00ED "í" */
    0x0, 0x9d, 0x0, 0x4e, 0x20, 0x1d, 0x30, 0x0,
    0x0, 0x0, 0xb, 0x90, 0x0, 0xb9, 0x0, 0xb,
    0x90, 0x0, 0xb9, 0x0, 0xb, 0x90, 0x0, 0xb9,
    0x0, 0xb, 0x90, 0x0, 0xb9, 0x0,

    /* U+00F2 "ò" */
    0x0, 0xac, 0x0, 0x0, 0x0, 0x9, 0xa0, 0x0,
    0x0, 0x0, 0x61, 0x0, 0x0, 0x0, 0x0, 0x0,
    0x0, 0x7d, 0xeb, 0x20, 0x7, 0xe5, 0x2a, 0xe0,
    0xf, 0x50, 0x0, 0xd7, 0x2f, 0x10, 0x0, 0x9a,
    0x2f, 0x10, 0x0, 0x9a, 0xf, 0x50, 0x0, 0xd7,
    0x7, 0xe4, 0x29, 0xe1, 0x0, 0x7d, 0xfb, 0x20,

    /* U+00F3 "ó" */
    0x0, 0x0, 0x5e, 0x30, 0x0, 0x3, 0xe3, 0x0,
    0x0, 0x6, 0x20, 0x0, 0x0, 0x0, 0x0, 0x0,
    0x0, 0x7d, 0xeb, 0x20, 0x7, 0xe5, 0x2a, 0xe0,
    0xf, 0x50, 0x0, 0xd7, 0x2f, 0x10, 0x0, 0x9a,
    0x2f, 0x10, 0x0, 0x9a, 0xf, 0x50, 0x0, 0xd7,
    0x7, 0xe4, 0x29, 0xe1, 0x0, 0x7d, 0xfb, 0x20,

    /* U+00F9 "ù" */
    0xa, 0xc0, 0x0, 0x0, 0x9, 0xa0, 0x0, 0x0,
    0x6, 0x10, 0x0, 0x0, 0x0, 0x0, 0xd7, 0x0,
    0xf, 0x3d, 0x70, 0x0, 0xf3, 0xd7, 0x0, 0xf,
    0x3d, 0x70, 0x0, 0xf3, 0xd7, 0x0, 0xf, 0x3c,
    0x80, 0x2, 0xf3, 0x9e, 0x35, 0xcf, 0x31, 0xbf,
    0xb2, 0xe3,

    /* U+00FA "ú" */
    0x0, 0x5, 0xe3, 0x0, 0x3, 0xe3, 0x0, 0x0,
    0x62, 0x0, 0x0, 0x0, 0x0, 0x0, 0xd7, 0x0,
    0xf, 0x3d, 0x70, 0x0, 0xf3, 0xd7, 0x0, 0xf,
    0x3d, 0x70, 0x0, 0xf3, 0xd7, 0x0, 0xf, 0x3c,
    0x80, 0x2, 0xf3, 0x9e, 0x35, 0xcf, 0x31, 0xbf,
    0xb2, 0xe3,

    /* U+0101 "ā" */
    0x0, 0xde, 0xee, 0x30, 0x0, 0x0, 0x0, 0x0,
    0x0, 0x0, 0x0, 0x2a, 0xde, 0x90, 0x8, 0x72,
    0x3e, 0x60, 0x0, 0x0, 0xaa, 0x0, 0x4a, 0xde,
    0xc0, 0x9c, 0x40, 0x8c, 0x1f, 0x20, 0x8, 0xc0,
    0xf7, 0x26, 0xec, 0x6, 0xee, 0x86, 0xc0,

    /* U+0113 "ē" */
    0x0, 0xee, 0xee, 0x30, 0x0, 0x0, 0x0, 0x0,
    0x0, 0x0, 0x0, 0x0, 0x0, 0x7d, 0xea, 0x10,
    0x7, 0xc4, 0x1a, 0xb0, 0xf, 0x20, 0x2, 0xf0,
    0x2f, 0xee, 0xee, 0xf2, 0x2f, 0x10, 0x0, 0x0,
    0xf, 0x50, 0x0, 0x0, 0x7, 0xe5, 0x13, 0x50,
    0x0, 0x6d, 0xfc, 0x50,

    /* U+011B "ě" */
    0x3, 0xd2, 0xb, 0x60, 0x0, 0x4d, 0xc8, 0x0,
    0x0, 0x5, 0x60, 0x0, 0x0, 0x0, 0x0, 0x0,
    0x0, 0x7d, 0xea, 0x10, 0x7, 0xc4, 0x1a, 0xb0,
    0xf, 0x20, 0x2, 0xf0, 0x2f, 0xee, 0xee, 0xf2,
    0x2f, 0x10, 0x0, 0x0, 0xf, 0x50, 0x0, 0x0,
    0x7, 0xe5, 0x13, 0x50, 0x0, 0x6d, 0xfc, 0x50,

    /* U+012B "ī" */
    0x2e, 0xee, 0xe0, 0x0, 0x0, 0x0, 0x0, 0x0,
    0xb, 0x90, 0x0, 0xb9, 0x0, 0xb, 0x90, 0x0,
    0xb9, 0x0, 0xb, 0x90, 0x0, 0xb9, 0x0, 0xb,
    0x90, 0x0, 0xb9, 0x0,

    /* U+014D "ō" */
    0x0, 0xce, 0xee, 0x40, 0x0, 0x0, 0x0, 0x0,
    0x0, 0x0, 0x0, 0x0, 0x0, 0x7d, 0xeb, 0x20,
    0x7, 0xe5, 0x2a, 0xe0, 0xf, 0x50, 0x0, 0xd7,
    0x2f, 0x10, 0x0, 0x9a, 0x2f, 0x10, 0x0, 0x9a,
    0xf, 0x50, 0x0, 0xd7, 0x7, 0xe4, 0x29, 0xe1,
    0x0, 0x7d, 0xfb, 0x20,

    /* U+016B "ū" */
    0xc, 0xee, 0xe4, 0x0, 0x0, 0x0, 0x0, 0x0,
    0x0, 0x0, 0xd, 0x70, 0x0, 0xf3, 0xd7, 0x0,
    0xf, 0x3d, 0x70, 0x0, 0xf3, 0xd7, 0x0, 0xf,
    0x3d, 0x70, 0x0, 0xf3, 0xc8, 0x0, 0x2f, 0x39,
    0xe3, 0x5c, 0xf3, 0x1b, 0xfb, 0x2e, 0x30,

    /* U+01CE "ǎ" */
    0x2, 0xd2, 0xa, 0x70, 0x3, 0xeb, 0x90, 0x0,
    0x4, 0x70, 0x0, 0x0, 0x0, 0x0, 0x2, 0xad,
    0xe9, 0x0, 0x87, 0x23, 0xe6, 0x0, 0x0, 0xa,
    0xa0, 0x4, 0xad, 0xec, 0x9, 0xc4, 0x8, 0xc1,
    0xf2, 0x0, 0x8c, 0xf, 0x72, 0x6e, 0xc0, 0x6e,
    0xe8, 0x6c,

    /* U+01D0 "ǐ" */
    0x6a, 0x0, 0xc4, 0xb, 0x9b, 0x80, 0x1, 0xed,
    0x0, 0x0, 0x0, 0x0, 0x0, 0xb9, 0x0, 0x0,
    0xb9, 0x0, 0x0, 0xb9, 0x0, 0x0, 0xb9, 0x0,
    0x0, 0xb9, 0x0, 0x0, 0xb9, 0x0, 0x0, 0xb9,
    0x0, 0x0, 0xb9, 0x0,

    /* U+01D2 "ǒ" */
    0x1, 0xd3, 0x9, 0x80, 0x0, 0x3e, 0xba, 0x0,
    0x0, 0x4, 0x70, 0x0, 0x0, 0x0, 0x0, 0x0,
    0x0, 0x7d, 0xeb, 0x20, 0x7, 0xe5, 0x2a, 0xe0,
    0xf, 0x50, 0x0, 0xd7, 0x2f, 0x10, 0x0, 0x9a,
    0x2f, 0x10, 0x0, 0x9a, 0xf, 0x50, 0x0, 0xd7,
    0x7, 0xe4, 0x29, 0xe1, 0x0, 0x7d, 0xfb, 0x20,

    /* U+01D4 "ǔ" */
    0x1d, 0x30, 0x98, 0x0, 0x3e, 0xba, 0x0, 0x0,
    0x47, 0x0, 0x0, 0x0, 0x0, 0x0, 0xd7, 0x0,
    0xf, 0x3d, 0x70, 0x0, 0xf3, 0xd7, 0x0, 0xf,
    0x3d, 0x70, 0x0, 0xf3, 0xd7, 0x0, 0xf, 0x3c,
    0x80, 0x2, 0xf3, 0x9e, 0x35, 0xcf, 0x31, 0xbf,
    0xb2, 0xe3,

    /* U+01DA "ǚ" */
    0x8, 0x95, 0xb3, 0x0, 0x4, 0x71, 0x0, 0xd,
    0x50, 0xd5, 0x0, 0x61, 0x5, 0x10, 0x0, 0x0,
    0x0, 0xd, 0x70, 0x0, 0xf3, 0xd7, 0x0, 0xf,
    0x3d, 0x70, 0x0, 0xf3, 0xd7, 0x0, 0xf, 0x3d,
    0x70, 0x0, 0xf3, 0xc8, 0x0, 0x2f, 0x39, 0xe3,
    0x5c, 0xf3, 0x1b, 0xfb, 0x2e, 0x30,

    /* U+201C "“" */
    0x0, 0x0, 0x0, 0x4, 0x70, 0x74, 0xb, 0x4,
    0x80, 0x3e, 0x78, 0xd3, 0xd, 0x83, 0xe4,

    /* U+201D "”" */
    0x3b, 0x27, 0xa0, 0x4f, 0x89, 0xf3, 0x7, 0x50,
    0xb1, 0x39, 0x7, 0x50, 0x0, 0x0, 0x0,

    /* U+2605 "★" */
    0x0, 0x0, 0x0, 0x0, 0x0, 0x0, 0x0, 0x0,
    0x0, 0x0, 0x55, 0x0, 0x0, 0x0, 0x0, 0x0,
    0x0, 0xaa, 0x0, 0x0, 0x0, 0x0, 0x0, 0x0,
    0xff, 0x0, 0x0, 0x0, 0x0, 0x0, 0x5, 0xff,
    0x50, 0x0, 0x0, 0x1b, 0xcc, 0xce, 0xff, 0xec,
    0xcc, 0xb1, 0x1, 0xbf, 0xff, 0xff, 0xff, 0xfb,
    0x10, 0x0, 0x6, 0xff, 0xff, 0xff, 0x60, 0x0,
    0x0, 0x0, 0xaf, 0xff, 0xfa, 0x0, 0x0, 0x0,
    0x0, 0xef, 0xff, 0xfe, 0x0, 0x0, 0x0, 0x4,
    0xfe, 0x55, 0xef, 0x40, 0x0, 0x0, 0x9, 0xc1,
    0x0, 0x1c, 0x90, 0x0, 0x0, 0x6, 0x0, 0x0,
    0x0, 0x60, 0x0,

    /* U+3001 "、" */
    0x0, 0x0, 0x1, 0xd5, 0x0, 0x5, 0xf6, 0x0,
    0x5, 0xf5, 0x0, 0x6, 0x30,

    /* U+3002 "。" */
    0x4, 0x95, 0x4, 0xa3, 0xa5, 0x92, 0x1, 0xa7,
    0x60, 0x58, 0xa, 0xcb, 0x0,

    /* U+300A "《" */
    0x0, 0x8, 0x16, 0x30, 0x2, 0xb0, 0xc0, 0x0,
    0x94, 0x67, 0x0, 0x1c, 0xc, 0x0, 0x8, 0x55,
    0x80, 0x1, 0xc0, 0xc1, 0x0, 0x76, 0x39, 0x0,
    0x3, 0xa0, 0xc0, 0x0, 0xb, 0x28, 0x50, 0x0,
    0x49, 0x1c, 0x0, 0x0, 0xc1, 0x94, 0x0, 0x4,
    0x91, 0xc0, 0x0, 0xc, 0x19, 0x40, 0x0, 0x10,
    0x0,

    /* U+300B "》" */
    0x46, 0x18, 0x0, 0x0, 0xc0, 0xb1, 0x0, 0x7,
    0x64, 0x90, 0x0, 0x1c, 0xc, 0x10, 0x0, 0x85,
    0x58, 0x0, 0x1, 0xc0, 0xc1, 0x0, 0x9, 0x36,
    0x70, 0x0, 0xc0, 0xa3, 0x0, 0x58, 0x2b, 0x0,
    0xc, 0x1a, 0x30, 0x5, 0x82, 0xb0, 0x0, 0xc1,
    0x94, 0x0, 0x49, 0x1c, 0x0, 0x0, 0x0, 0x10,
    0x0,

    /* U+300C "「" */
    0xef, 0xff, 0x7e, 0x10, 0x0, 0xe1, 0x0, 0xe,
    0x10, 0x0, 0xe1, 0x0, 0xe, 0x10, 0x0, 0xe1,
    0x0, 0xe, 0x10, 0x0, 0xe1, 0x0, 0x0, 0x0,
    0x0,

    /* U+300D "」" */
    0x0, 0x0, 0x0, 0x0, 0x1e, 0x0, 0x1, 0xe0,
    0x0, 0x1e, 0x0, 0x1, 0xe0, 0x0, 0x1e, 0x0,
    0x1, 0xe0, 0x0, 0x1e, 0x0, 0x1, 0xe7, 0xff,
    0xfe,

    /* U+4E00 "一" */
    0x0, 0x0, 0x0, 0x0, 0x0, 0x0, 0x0, 0x2f,
    0xff, 0xff, 0xff, 0xff, 0xff, 0xfa, 0x1, 0x11,
    0x11, 0x11, 0x11, 0x11, 0x11,

    /* U+4E03 "七" */
    0x0, 0x0, 0x2e, 0x0, 0x0, 0x0, 0x0, 0x0,
    0x0, 0x2e, 0x0, 0x0, 0x0, 0x0, 0x0, 0x0,
    0x2e, 0x0, 0x0, 0x0, 0x0, 0x0, 0x0, 0x2e,
    0x0, 0x0, 0x2, 0x52, 0x0, 0x0, 0x3f, 0x57,
    0xad, 0xff, 0xd4, 0x17, 0xac, 0xff, 0xda, 0x75,
    0x20, 0x0, 0x1a, 0x85, 0x5e, 0x0, 0x0, 0x0,
    0x0, 0x0, 0x0, 0x2e, 0x0, 0x0, 0x0, 0x0,
    0x0, 0x0, 0x2e, 0x0, 0x0, 0x0, 0x0, 0x0,
    0x0, 0x2e, 0x0, 0x0, 0x1, 0xa0, 0x0, 0x0,
    0x2e, 0x0, 0x0, 0x3, 0xe0, 0x0, 0x0, 0x1f,
    0x53, 0x33, 0x3a, 0xa0, 0x0, 0x0, 0x6, 0xcd,
    0xdd, 0xdb, 0x20,

    /* U+4E07 "万" */
    0x1e, 0xee, 0xee, 0xee, 0xee, 0xee, 0xe2, 0x1,
    0x11, 0x6c, 0x11, 0x11, 0x11, 0x10, 0x0, 0x0,
    0x6a, 0x0, 0x0, 0x0, 0x0, 0x0, 0x0, 0x79,
    0x0, 0x0, 0x0, 0x0, 0x0, 0x0, 0x9f, 0xff,
    0xff, 0xfc, 0x0, 0x0, 0x0, 0xc6, 0x0, 0x0,
    0x5c, 0x0, 0x0, 0x0, 0xf2, 0x0, 0x0, 0x5b,
    0x0, 0x0, 0x5, 0xd0, 0x0, 0x0, 0x6a, 0x0,
    0x0, 0xd, 0x70, 0x0, 0x0, 0x88, 0x0, 0x0,
    0x6d, 0x0, 0x0, 0x0, 0xa6, 0x0, 0x6, 0xf3,
    0x0, 0x0, 0x1, 0xe3, 0x0, 0x3d, 0x30, 0x0,
    0x1f, 0xff, 0xa0, 0x0, 0x0, 0x0, 0x0, 0x0,
    0x0, 0x0, 0x0,

    /* U+4E08 "丈" */
    0x0, 0x0, 0x0, 0x0, 0xf1, 0x0, 0x0, 0x0,
    0x0, 0x0, 0x0, 0xf1, 0x0, 0x0, 0x0, 0x0,
    0x0, 0x1, 0xf1, 0x0, 0x0, 0x1f, 0xff, 0xff,
    0xff, 0xff, 0xff, 0xf1, 0x0, 0x3, 0x0, 0x2,
    0xf0, 0x0, 0x0, 0x0, 0xe, 0x20, 0x4, 0xd0,
    0x0, 0x0, 0x0, 0x8, 0x80, 0x6, 0xb0, 0x0,
    0x0, 0x0, 0x2, 0xe1, 0xa, 0x80, 0x0, 0x0,
    0x0, 0x0, 0x8b, 0x1f, 0x20, 0x0, 0x0, 0x0,
    0x0, 0xc, 0xea, 0x0, 0x0, 0x0, 0x0, 0x0,
    0x3c, 0xfc, 0x40, 0x0, 0x0, 0x1, 0x5a, 0xf7,
    0x6, 0xec, 0x74, 0x0, 0xc, 0xb6, 0x10, 0x0,
    0x6, 0x9d, 0xf1, 0x0, 0x0, 0x0, 0x0, 0x0,
    0x0, 0x0,

    /* U+4E09 "三" */
    0x0, 0x22, 0x22, 0x22, 0x22, 0x22, 0x0, 0x3,
    0xdd, 0xdd, 0xdd, 0xdd, 0xdd, 0x40, 0x0, 0x0,
    0x0, 0x0, 0x0, 0x0, 0x0, 0x0, 0x0, 0x0,
    0x0, 0x0, 0x0, 0x0, 0x0, 0x0, 0x0, 0x0,
    0x0, 0x0, 0x0, 0x0, 0x5f, 0xff, 0xff, 0xff,
    0xf3, 0x0, 0x0, 0x1, 0x11, 0x11, 0x11, 0x10,
    0x0, 0x0, 0x0, 0x0, 0x0, 0x0, 0x0, 0x0,
    0x0, 0x0, 0x0, 0x0, 0x0, 0x0, 0x0, 0x0,
    0x0, 0x0, 0x0, 0x0, 0x0, 0x0, 0x1f, 0xff,
    0xff, 0xff, 0xff, 0xff, 0xf1, 0x1, 0x11, 0x11,
    0x11, 0x11, 0x11, 0x10,

    /* U+4E0A "上" */
    0x0, 0x0, 0x0, 0xe2, 0x0, 0x0, 0x0, 0x0,
    0x0, 0x0, 0xe2, 0x0, 0x0, 0x0, 0x0, 0x0,
    0x0, 0xe2, 0x0, 0x0, 0x0, 0x0, 0x0, 0x0,
    0xe2, 0x0, 0x0, 0x0, 0x0, 0x0, 0x0, 0xe3,
    0x11, 0x11, 0x0, 0x0, 0x0, 0x0, 0xef, 0xff,
    0xff, 0x50, 0x0, 0x0, 0x0, 0xe2, 0x0, 0x0,
    0x0, 0x0, 0x0, 0x0, 0xe2, 0x0, 0x0, 0x0,
    0x0, 0x0, 0x0, 0xe2, 0x0, 0x0, 0x0, 0x0,
    0x0, 0x0, 0xe2, 0x0, 0x0, 0x0, 0x0, 0x0,
    0x0, 0xe2, 0x0, 0x0, 0x0, 0x1d, 0xdd, 0xdd,
    0xfd, 0xdd, 0xdd, 0xd6, 0x3, 0x33, 0x33, 0x33,
    0x33, 0x33, 0x31,

    /* U+4E0B "下" */
    0x3e, 0xee, 0xee, 0xee, 0xee, 0xee, 0xe3, 0x1,
    0x11, 0x11, 0xd5, 0x11, 0x11, 0x10, 0x0, 0x0,
    0x0, 0xd4, 0x0, 0x0, 0x0, 0x0, 0x0, 0x0,
    0xd9, 0x10, 0x0, 0x0, 0x0, 0x0, 0x0, 0xdc,
    0xe7, 0x0, 0x0, 0x0, 0x0, 0x0, 0xd4, 0x3c,
    0xe4, 0x0, 0x0, 0x0, 0x0, 0xd4, 0x0, 0x7f,
    0x30, 0x0, 0x0, 0x0, 0xd4, 0x0, 0x2, 0x0,
    0x0, 0x0, 0x0, 0xd4, 0x0, 0x0, 0x0, 0x0,
    0x0, 0x0, 0xd4, 0x0, 0x0, 0x0, 0x0, 0x0,
    0x0, 0xd4, 0x0, 0x0, 0x0, 0x0, 0x0, 0x0,
    0xd4, 0x0, 0x0, 0x0,

    /* U+4E0D "不" */
    0xf, 0xff, 0xff, 0xff, 0xff, 0xff, 0xf0, 0x1,
    0x11, 0x11, 0x3f, 0x51, 0x11, 0x10, 0x0, 0x0,
    0x0, 0xbb, 0x0, 0x0, 0x0, 0x0, 0x0, 0x8,
    0xf8, 0x40, 0x0, 0x0, 0x0, 0x0, 0x7e, 0xb9,
    0xad, 0x30, 0x0, 0x0, 0xa, 0xd1, 0x98, 0x6,
    0xf7, 0x0, 0x3, 0xdc, 0x10, 0x98, 0x0, 0x3e,
    0xa0, 0x2f, 0x70, 0x0, 0x98, 0x0, 0x1, 0xc2,
    0x0, 0x0, 0x0, 0x98, 0x0, 0x0, 0x0, 0x0,
    0x0, 0x0, 0x98, 0x0, 0x0, 0x0, 0x0, 0x0,
    0x0, 0x98, 0x0, 0x0, 0x0, 0x0, 0x0, 0x0,
    0x98, 0x0, 0x0, 0x0,

    /* U+4E0E "与" */
    0x0, 0x2, 0x60, 0x0, 0x0, 0x0, 0x0, 0x0,
    0x6a, 0x0, 0x0, 0x0, 0x0, 0x0, 0x9, 0xff,
    0xff, 0xff, 0xff, 0x50, 0x0, 0xd4, 0x0, 0x0,
    0x0, 0x0, 0x0, 0xf, 0x0, 0x0, 0x0, 0x0,
    0x0, 0x3, 0xe1, 0x11, 0x11, 0x11, 0x10, 0x0,
    0x6e, 0xee, 0xee, 0xee, 0xef, 0x80, 0x0, 0x0,
    0x0, 0x0, 0x0, 0xa6, 0x1, 0x11, 0x11, 0x11,
    0x11, 0xc, 0x41, 0xee, 0xee, 0xee, 0xee, 0x90,
    0xe2, 0x0, 0x0, 0x0, 0x0, 0x0, 0x2f, 0x0,
    0x0, 0x0, 0x0, 0x0, 0x9, 0xa0, 0x0, 0x0,
    0x0, 0xd, 0xff, 0xd2, 0x0, 0x0, 0x0, 0x0,
    0x0, 0x0, 0x0,

    /* U+4E11 "丑" */
    0x6, 0xff, 0xff, 0xff, 0xff, 0xf7, 0x0, 0x0,
    0x0, 0x1f, 0x10, 0x0, 0xb7, 0x0, 0x0, 0x0,
    0x2f, 0x0, 0x0, 0xc6, 0x0, 0x0, 0x0, 0x3d,
    0x0, 0x0, 0xc5, 0x0, 0x0, 0x0, 0x4c, 0x0,
    0x0, 0xd5, 0x0, 0x1, 0xff, 0xff, 0xff, 0xff,
    0xf4, 0x0, 0x0, 0x11, 0x7a, 0x11, 0x11, 0xf3,
    0x0, 0x0, 0x0, 0x88, 0x0, 0x0, 0xf2, 0x0,
    0x0, 0x0, 0xa7, 0x0, 0x1, 0xf1, 0x0, 0x0,
    0x0, 0xb5, 0x0, 0x2, 0xf0, 0x0, 0x0, 0x0,
    0xd4, 0x0, 0x4, 0xf0, 0x0, 0x2f, 0xff, 0xff,
    0xff, 0xff, 0xff, 0xf9,

    /* U+4E1A "业" */
    0x0, 0x0, 0x0, 0x0, 0x0, 0x0, 0x0, 0x0,
    0x0, 0x3d, 0x0, 0xc3, 0x0, 0x0, 0x0, 0x0,
    0x3d, 0x0, 0xc3, 0x0, 0x0, 0x0, 0x0, 0x3d,
    0x0, 0xc3, 0x0, 0x0, 0x8, 0x40, 0x3d, 0x0,
    0xc3, 0x3, 0x80, 0x6, 0xb0, 0x3d, 0x0, 0xc3,
    0x9, 0x80, 0x0, 0xe2, 0x3d, 0x0, 0xc3, 0x1e,
    0x10, 0x0, 0x98, 0x3d, 0x0, 0xc3, 0x89, 0x0,
    0x0, 0x3e, 0x4d, 0x0, 0xc5, 0xe1, 0x0, 0x0,
    0x4, 0x3d, 0x0, 0xc5, 0x40, 0x0, 0x0, 0x0,
    0x3d, 0x0, 0xc3, 0x0, 0x0, 0x0, 0x0, 0x3d,
    0x0, 0xc3, 0x0, 0x0, 0x2d, 0xdd, 0xef, 0xdd,
    0xfe, 0xdd, 0xd2, 0x2, 0x22, 0x22, 0x22, 0x22,
    0x22, 0x20,

    /* U+4E1C "东" */
    0x0, 0x0, 0x49, 0x0, 0x0, 0x0, 0x0, 0x0,
    0xb, 0x80, 0x0, 0x0, 0x0, 0xde, 0xee, 0xff,
    0xee, 0xee, 0xec, 0x0, 0x0, 0xc7, 0x0, 0x0,
    0x0, 0x0, 0x0, 0x6c, 0x0, 0xc2, 0x0, 0x0,
    0x0, 0x2e, 0x20, 0xe, 0x20, 0x0, 0x0, 0xc,
    0xff, 0xff, 0xff, 0xff, 0xf3, 0x0, 0x11, 0x0,
    0xe, 0x30, 0x0, 0x0, 0x0, 0x74, 0x0, 0xe2,
    0x46, 0x0, 0x0, 0x2f, 0x10, 0xe, 0x21, 0xd5,
    0x0, 0xc, 0x80, 0x0, 0xe2, 0x2, 0xe3, 0xa,
    0xb0, 0x1, 0x1e, 0x20, 0x6, 0xd0, 0x31, 0x0,
    0xcf, 0xc0, 0x0, 0x2, 0x0, 0x0, 0x0, 0x0,
    0x0, 0x0, 0x0,

    /* U+4E1E "丞" */
    0x0, 0x0, 0x0, 0x0, 0x0, 0x0, 0x0, 0x0,
    0x8e, 0xee, 0xee, 0xef, 0xd0, 0x0, 0x0, 0x0,
    0x0, 0x0, 0x8c, 0x20, 0x0, 0x0, 0x0, 0x0,
    0x2d, 0xc0, 0x1, 0x10, 0xd, 0xff, 0xf9, 0x8a,
    0xd0, 0xa, 0x90, 0x0, 0x0, 0xc4, 0x88, 0x86,
    0x7c, 0x0, 0x0, 0x5, 0xe0, 0x88, 0x1e, 0xc0,
    0x0, 0x0, 0xd, 0x60, 0x88, 0x8, 0xa0, 0x0,
    0x0, 0x9b, 0x0, 0x88, 0x0, 0xd8, 0x0, 0xa,
    0xd1, 0x0, 0x88, 0x0, 0x2d, 0xb0, 0x7, 0x0,
    0x9c, 0xf5, 0x0, 0x0, 0x60, 0x3, 0x33, 0x45,
    0x33, 0x33, 0x33, 0x30, 0xc, 0xcc, 0xcc, 0xcc,
    0xcc, 0xcc, 0xc0,

    /* U+4E24 "两" */
    0x2f, 0xff, 0xff, 0xff, 0xff, 0xff, 0xf2, 0x0,
    0x0, 0x5b, 0x0, 0xc4, 0x0, 0x0, 0x0, 0x0,
    0x5a, 0x0, 0xb4, 0x0, 0x0, 0x8, 0xee, 0xff,
    0xee, 0xff, 0xee, 0x90, 0x9, 0x70, 0x7a, 0x0,
    0xd3, 0x7, 0x90, 0x9, 0x70, 0x9a, 0x0, 0xf3,
    0x6, 0x90, 0x9, 0x70, 0xce, 0x52, 0xed, 0x16,
    0x90, 0x9, 0x72, 0xe3, 0xc9, 0x86, 0xb7, 0x90,
    0x9, 0x7b, 0x70, 0x4e, 0x10, 0xba, 0x90, 0x9,
    0x9a, 0x0, 0x75, 0x0, 0x6, 0x90, 0x9, 0x70,
    0x0, 0x0, 0x1, 0x8, 0x90, 0x9, 0x70, 0x0,
    0x0, 0xd, 0xfe, 0x40,

    /* U+4E25 "严" */
    0x4, 0xee, 0xef, 0xfe, 0xfe, 0xee, 0xd0, 0x0,
    0x42, 0xc, 0x30, 0xd2, 0x7, 0x0, 0x0, 0x5c,
    0xc, 0x30, 0xd2, 0x5d, 0x0, 0x0, 0xe, 0x2c,
    0x30, 0xd3, 0xd4, 0x0, 0x0, 0x26, 0x4d, 0x62,
    0xe5, 0x82, 0x20, 0x3, 0xfc, 0xcc, 0xcc, 0xcc,
    0xcc, 0xc1, 0x3, 0xd0, 0x0, 0x0, 0x0, 0x0,
    0x0, 0x3, 0xc0, 0x0, 0x0, 0x0, 0x0, 0x0,
    0x5, 0xa0, 0x0, 0x0, 0x0, 0x0, 0x0, 0x7,
    0x90, 0x0, 0x0, 0x0, 0x0, 0x0, 0xc, 0x50,
    0x0, 0x0, 0x0, 0x0, 0x0, 0x3e, 0x0, 0x0,
    0x0, 0x0, 0x0, 0x0, 0x1, 0x0, 0x0, 0x0,
    0x0, 0x0, 0x0,

    /* U+4E26 "並" */
    0x0, 0x6, 0x30, 0x0, 0x0, 0xa1, 0x0, 0x0,
    0x4, 0xd0, 0x0, 0x7, 0xc0, 0x0, 0x0, 0x0,
    0xb4, 0x0, 0xe, 0x30, 0x0, 0xa, 0xff, 0xff,
    0xff, 0xff, 0xff, 0xf1, 0x0, 0x11, 0x1e, 0x31,
    0xe3, 0x11, 0x10, 0x0, 0x70, 0xd, 0x20, 0xe2,
    0x8, 0x30, 0x0, 0xb5, 0xd, 0x20, 0xe2, 0xf,
    0x20, 0x0, 0x5b, 0xd, 0x20, 0xe2, 0x5c, 0x0,
    0x0, 0xf, 0xd, 0x20, 0xe2, 0xb6, 0x0, 0x0,
    0xb, 0x2d, 0x20, 0xe3, 0xc0, 0x0, 0x0, 0x0,
    0xd, 0x20, 0xe2, 0x0, 0x0, 0xc, 0xcc, 0xcf,
    0xdc, 0xfd, 0xcc, 0xc5, 0x4, 0x44, 0x44, 0x44,
    0x44, 0x44, 0x41,

    /* U+4E2A "个" */
    0x0, 0x0, 0x0, 0x67, 0x0, 0x0, 0x0, 0x0,
    0x0, 0x3, 0xfb, 0x0, 0x0, 0x0, 0x0, 0x0,
    0x2e, 0x5b, 0xa0, 0x0, 0x0, 0x0, 0x4, 0xe5,
    0x0, 0xbc, 0x10, 0x0, 0x0, 0x9f, 0x50, 0x93,
    0x9, 0xe6, 0x0, 0x5e, 0xb1, 0x0, 0xc4, 0x0,
    0x4e, 0xd1, 0x15, 0x0, 0x0, 0xc4, 0x0, 0x0,
    0x60, 0x0, 0x0, 0x0, 0xc4, 0x0, 0x0, 0x0,
    0x0, 0x0, 0x0, 0xc4, 0x0, 0x0, 0x0, 0x0,
    0x0, 0x0, 0xc4, 0x0, 0x0, 0x0, 0x0, 0x0,
    0x0, 0xc4, 0x0, 0x0, 0x0, 0x0, 0x0, 0x0,
    0xc4, 0x0, 0x0, 0x0, 0x0, 0x0, 0x0, 0xc4,
    0x0, 0x0, 0x0,

    /* U+4E2D "中" */
    0x0, 0x0, 0xe, 0x20, 0x0, 0x0, 0x0, 0x0,
    0xe, 0x20, 0x0, 0x0, 0x0, 0x0, 0xe, 0x30,
    0x0, 0x0, 0xdf, 0xff, 0xff, 0xff, 0xff, 0xf1,
    0xd2, 0x0, 0xe, 0x20, 0x0, 0xf1, 0xd2, 0x0,
    0xe, 0x20, 0x0, 0xf1, 0xd2, 0x0, 0xe, 0x20,
    0x0, 0xf1, 0xd6, 0x44, 0x4f, 0x64, 0x44, 0xf1,
    0xdc, 0xbb, 0xbf, 0xcb, 0xbb, 0xf1, 0x81, 0x0,
    0xe, 0x20, 0x0, 0x70, 0x0, 0x0, 0xe, 0x20,
    0x0, 0x0, 0x0, 0x0, 0xe, 0x20, 0x0, 0x0,
    0x0, 0x0, 0xe, 0x20, 0x0, 0x0,

    /* U+4E34 "临" */
    0x0, 0x0, 0x0, 0x20, 0x0, 0x0, 0x0, 0xc3,
    0x0, 0xe3, 0x0, 0x0, 0x0, 0xc3, 0x5, 0xf1,
    0x11, 0x11, 0xe1, 0xc3, 0xa, 0xff, 0xff, 0xff,
    0xe1, 0xc3, 0x3f, 0x23, 0x10, 0x0, 0xe1, 0xc4,
    0xda, 0x7, 0xd2, 0x0, 0xe1, 0xc5, 0xa1, 0x0,
    0x6e, 0x0, 0xe1, 0xc3, 0x1, 0x11, 0x13, 0x11,
    0xe1, 0xc3, 0x1f, 0xef, 0xfe, 0xfe, 0xe1, 0xc3,
    0x1e, 0x1, 0xe0, 0x2e, 0xe1, 0xc3, 0x1e, 0x1,
    0xe0, 0x2e, 0xe1, 0xc3, 0x1e, 0x1, 0xe0, 0x2e,
    0x10, 0xc3, 0x1f, 0xdd, 0xfd, 0xde, 0x0, 0xc3,
    0x1e, 0x22, 0x22, 0x4e, 0x0, 0x0, 0x1, 0x0,
    0x0, 0x0,

    /* U+4E39 "丹" */
    0x0, 0xf, 0xff, 0xff, 0xff, 0xf8, 0x0, 0x0,
    0xf, 0x0, 0x20, 0x0, 0x78, 0x0, 0x0, 0xf,
    0x4, 0xe5, 0x0, 0x78, 0x0, 0x0, 0xf, 0x0,
    0x2e, 0x60, 0x78, 0x0, 0x0, 0xf, 0x0, 0x1,
    0x40, 0x78, 0x0, 0x1d, 0xdf, 0xdd, 0xdd, 0xdd,
    0xee, 0xd6, 0x2, 0x5d, 0x22, 0x22, 0x22, 0x99,
    0x21, 0x0, 0x69, 0x0, 0x0, 0x0, 0x78, 0x0,
    0x0, 0xa6, 0x0, 0x0, 0x0, 0x78, 0x0, 0x1,
    0xe2, 0x0, 0x0, 0x0, 0x78, 0x0, 0xa, 0xa0,
    0x0, 0x0, 0x0, 0x98, 0x0, 0x1b, 0x0, 0x0,
    0x2, 0xff, 0xd3, 0x0, 0x0, 0x0, 0x0, 0x0,
    0x0, 0x0, 0x0,

    /* U+4E3A "为" */
    0x1, 0x40, 0x1e, 0x0, 0x0, 0x0, 0x2, 0xe2,
    0x2e, 0x0, 0x0, 0x0, 0x0, 0x7a, 0x2e, 0x0,
    0x0, 0x0, 0x12, 0x33, 0x5e, 0x22, 0x22, 0x22,
    0x8d, 0xdd, 0xef, 0xdd, 0xdd, 0xed, 0x0, 0x0,
    0x7a, 0x0, 0x0, 0x4d, 0x0, 0x0, 0xa7, 0x31,
    0x0, 0x4c, 0x0, 0x1, 0xf2, 0x7c, 0x0, 0x5b,
    0x0, 0x8, 0xb0, 0xa, 0x90, 0x7a, 0x0, 0x3f,
    0x30, 0x1, 0x60, 0x89, 0x1, 0xd7, 0x0, 0x0,
    0x0, 0xa7, 0x3e, 0x80, 0x0, 0x1, 0x2, 0xe4,
    0x96, 0x0, 0x0, 0xb, 0xff, 0xb0, 0x0, 0x0,
    0x0, 0x0, 0x0, 0x0,

    /* U+4E3B "主" */
    0x0, 0x0, 0x4, 0x60, 0x0, 0x0, 0x0, 0x0,
    0x0, 0x2, 0xd9, 0x0, 0x0, 0x0, 0x0, 0x0,
    0x0, 0x1d, 0x60, 0x0, 0x0, 0x8, 0xff, 0xff,
    0xff, 0xff, 0xff, 0x80, 0x0, 0x0, 0x0, 0x99,
    0x0, 0x0, 0x0, 0x0, 0x0, 0x0, 0x98, 0x0,
    0x0, 0x0, 0x0, 0x0, 0x0, 0x98, 0x0, 0x0,
    0x0, 0x0, 0xef, 0xff, 0xff, 0xff, 0xff, 0x0,
    0x0, 0x0, 0x0, 0x99, 0x0, 0x0, 0x0, 0x0,
    0x0, 0x0, 0x98, 0x0, 0x0, 0x0, 0x0, 0x0,
    0x0, 0x98, 0x0, 0x0, 0x0, 0x2, 0x22, 0x22,
    0xaa, 0x22, 0x22, 0x20, 0x2d, 0xdd, 0xdd, 0xdd,
    0xdd, 0xdd, 0xd3,

    /* U+4E3D "丽" */
    0x1f, 0xff, 0xff, 0xff, 0xff, 0xff, 0xf7, 0x0,
    0x0, 0x0, 0x0, 0x0, 0x0, 0x0, 0x1, 0x33,
    0x33, 0x10, 0x33, 0x33, 0x20, 0x4, 0xeb, 0xbd,
    0x83, 0xeb, 0xbc, 0xc0, 0x4, 0xa0, 0x8, 0x83,
    0xb0, 0x3, 0xc0, 0x4, 0xa8, 0x8, 0x83, 0xb6,
    0x3, 0xc0, 0x4, 0xa8, 0x78, 0x83, 0xb6, 0x93,
    0xc0, 0x4, 0xa1, 0xe8, 0x83, 0xb0, 0xd5, 0xc0,
    0x4, 0xa0, 0x18, 0x83, 0xb0, 0x24, 0xc0, 0x4,
    0xa0, 0x8, 0x83, 0xb0, 0x3, 0xc0, 0x4, 0xa0,
    0x19, 0x83, 0xb0, 0x4, 0xc0, 0x4, 0xa0, 0xcd,
    0x43, 0xb0, 0xae, 0x70,

    /* U+4E3E "举" */
    0x0, 0x22, 0x2, 0x90, 0x0, 0x43, 0x0, 0x0,
    0x6d, 0x0, 0xd4, 0x1, 0xe3, 0x0, 0x0, 0xb,
    0x50, 0x45, 0xb, 0x70, 0x0, 0x3f, 0xff, 0xff,
    0xff, 0xff, 0xff, 0xf3, 0x0, 0x4, 0xc0, 0x11,
    0xb, 0x60, 0x0, 0x0, 0x2e, 0x20, 0x88, 0x1,
    0xe5, 0x0, 0x6, 0xd5, 0x11, 0x99, 0x11, 0x4d,
    0x90, 0x4b, 0x1a, 0xdd, 0xee, 0xdd, 0xb0, 0xa4,
    0x0, 0x0, 0x0, 0x88, 0x0, 0x0, 0x0, 0x9,
    0xdd, 0xdd, 0xee, 0xdd, 0xdd, 0xb0, 0x1, 0x22,
    0x22, 0x99, 0x22, 0x22, 0x20, 0x0, 0x0, 0x0,
    0x88, 0x0, 0x0, 0x0, 0x0, 0x0, 0x0, 0x88,
    0x0, 0x0, 0x0,

    /* U+4E43 "乃" */
    0x6, 0xff, 0xff, 0xff, 0xff, 0x80, 0x0, 0x1,
    0x4e, 0x11, 0x11, 0xe4, 0x0, 0x0, 0x3, 0xd0,
    0x0, 0x2f, 0x0, 0x0, 0x0, 0x4d, 0x0, 0x6,
    0xc0, 0x0, 0x0, 0x6, 0xb0, 0x0, 0xb8, 0x0,
    0x0, 0x0, 0x88, 0x0, 0xf, 0xff, 0xfd, 0x0,
    0xb, 0x60, 0x0, 0x0, 0x5, 0xc0, 0x1, 0xf1,
    0x0, 0x0, 0x0, 0x5b, 0x0, 0x7b, 0x0, 0x0,
    0x0, 0x7, 0xa0, 0x1e, 0x50, 0x0, 0x0, 0x0,
    0x98, 0xb, 0xc0, 0x0, 0x0, 0x10, 0x1d, 0x53,
    0xf2, 0x0, 0x0, 0xf, 0xff, 0xc0, 0x1, 0x0,
    0x0, 0x0, 0x0, 0x0, 0x0,

    /* U+4E45 "久" */
    0x0, 0x0, 0x34, 0x0, 0x0, 0x0, 0x0, 0x0,
    0x0, 0xc8, 0x0, 0x0, 0x0, 0x0, 0x0, 0x3,
    0xf6, 0x44, 0x40, 0x0, 0x0, 0x0, 0xa, 0xec,
    0xcc, 0xf6, 0x0, 0x0, 0x0, 0x3f, 0x20, 0x1,
    0xf1, 0x0, 0x0, 0x0, 0xd7, 0x0, 0x8, 0xa0,
    0x0, 0x0, 0xc, 0xb0, 0x0, 0xe, 0x60, 0x0,
    0x0, 0x3b, 0x0, 0x0, 0x8f, 0xb0, 0x0, 0x0,
    0x0, 0x0, 0x4, 0xf3, 0xd3, 0x0, 0x0, 0x0,
    0x0, 0x3e, 0x60, 0x3d, 0x10, 0x0, 0x0, 0x4,
    0xf7, 0x0, 0x9, 0xc1, 0x0, 0x1, 0x9f, 0x60,
    0x0, 0x0, 0xbd, 0x30, 0x2f, 0xc3, 0x0, 0x0,
    0x0, 0x8, 0xf4, 0x3, 0x0, 0x0, 0x0, 0x0,
    0x0, 0x20,

    /* U+4E49 "义" */
    0x0, 0x0, 0x0, 0x90, 0x0, 0x0, 0x0, 0x0,
    0x0, 0x0, 0xc4, 0x0, 0x9, 0x0, 0x0, 0xc5,
    0x0, 0x5b, 0x0, 0x7c, 0x0, 0x0, 0x4c, 0x0,
    0xb, 0x0, 0xd4, 0x0, 0x0, 0xd, 0x40, 0x0,
    0x5, 0xd0, 0x0, 0x0, 0x5, 0xd0, 0x0, 0xd,
    0x60, 0x0, 0x0, 0x0, 0xaa, 0x0, 0xaa, 0x0,
    0x0, 0x0, 0x0, 0xd, 0x76, 0xd0, 0x0, 0x0,
    0x0, 0x0, 0x2, 0xff, 0x30, 0x0, 0x0, 0x0,
    0x0, 0x7, 0xef, 0x80, 0x0, 0x0, 0x0, 0x2,
    0xbc, 0x22, 0xdc, 0x20, 0x0, 0x3, 0xae, 0x80,
    0x0, 0x9, 0xfa, 0x30, 0x4e, 0x70, 0x0, 0x0,
    0x0, 0x18, 0xe3, 0x0, 0x0, 0x0, 0x0, 0x0,
    0x0, 0x0,

    /* U+4E4B "之" */
    0x0, 0x0, 0x0, 0xa1, 0x0, 0x0, 0x0, 0x0,
    0x0, 0x0, 0x9a, 0x0, 0x0, 0x0, 0x0, 0x0,
    0x0, 0x1c, 0x10, 0x0, 0x0, 0x9, 0xff, 0xff,
    0xff, 0xff, 0xfd, 0x0, 0x0, 0x0, 0x0, 0x0,
    0x2, 0xe6, 0x0, 0x0, 0x0, 0x0, 0x0, 0xc,
    0x90, 0x0, 0x0, 0x0, 0x0, 0x0, 0xba, 0x0,
    0x0, 0x0, 0x0, 0x0, 0x1c, 0xb0, 0x0, 0x0,
    0x0, 0x0, 0x2, 0xd9, 0x0, 0x0, 0x0, 0x0,
    0x0, 0x5e, 0x70, 0x0, 0x0, 0x0, 0x0, 0x6c,
    0xd3, 0x0, 0x0, 0x0, 0x0, 0x9, 0xc8, 0xd8,
    0x32, 0x11, 0x23, 0x42, 0x1c, 0x10, 0x28, 0xce,
    0xee, 0xed, 0xd3, 0x0, 0x0, 0x0, 0x0, 0x0,
    0x0, 0x0,

    /* U+4E4E "乎" */
    0x0, 0x0, 0x0, 0x1, 0x36, 0x89, 0x0, 0x2,
    0xcd, 0xef, 0xff, 0xca, 0x74, 0x0, 0x0, 0x43,
    0x10, 0x5c, 0x0, 0x6, 0x0, 0x0, 0x79, 0x0,
    0x5c, 0x0, 0x5d, 0x0, 0x0, 0xe, 0x20, 0x5c,
    0x0, 0xc6, 0x0, 0x0, 0xa, 0x70, 0x5c, 0x3,
    0xd0, 0x0, 0x1, 0x13, 0x21, 0x7c, 0x12, 0x31,
    0x10, 0x1f, 0xff, 0xff, 0xff, 0xff, 0xff, 0xf6,
    0x0, 0x0, 0x0, 0x5c, 0x0, 0x0, 0x0, 0x0,
    0x0, 0x0, 0x5c, 0x0, 0x0, 0x0, 0x0, 0x0,
    0x0, 0x5c, 0x0, 0x0, 0x0, 0x0, 0x0, 0x0,
    0x6b, 0x0, 0x0, 0x0, 0x0, 0x3, 0xff, 0xe6,
    0x0, 0x0, 0x0,

    /* U+4E50 "乐" */
    0x0, 0x0, 0x0, 0x1, 0x35, 0x8a, 0x0, 0x0,
    0x7e, 0xff, 0xed, 0xca, 0x85, 0x10, 0x0, 0x98,
    0x0, 0x0, 0x0, 0x0, 0x0, 0x0, 0xb5, 0x0,
    0x2e, 0x0, 0x0, 0x0, 0x0, 0xd3, 0x0, 0x2e,
    0x0, 0x0, 0x0, 0x1, 0xf2, 0x11, 0x3e, 0x11,
    0x11, 0x10, 0x4, 0xff, 0xff, 0xff, 0xff, 0xff,
    0xf0, 0x0, 0x0, 0x0, 0x2e, 0x0, 0x0, 0x0,
    0x0, 0xb, 0x20, 0x2e, 0x0, 0xb2, 0x0, 0x0,
    0x8b, 0x0, 0x2e, 0x0, 0x6d, 0x10, 0x6, 0xe1,
    0x0, 0x2e, 0x0, 0x9, 0xb0, 0x1e, 0x20, 0x0,
    0x3e, 0x0, 0x0, 0xd4, 0x0, 0x0, 0x3f, 0xf9,
    0x0, 0x0, 0x0,

    /* U+4E58 "乘" */
    0x0, 0x0, 0x0, 0x12, 0x46, 0x85, 0x0, 0x1,
    0xde, 0xfe, 0xfe, 0xb9, 0x63, 0x0, 0x0, 0x10,
    0x0, 0x88, 0x0, 0x0, 0x0, 0x1f, 0xff, 0xff,
    0xff, 0xff, 0xff, 0xf1, 0x0, 0x0, 0x90, 0x88,
    0x9, 0x0, 0x0, 0x8, 0xbb, 0xf0, 0x88, 0xf,
    0x7e, 0x40, 0x1, 0x22, 0xf0, 0x88, 0xf, 0x61,
    0x0, 0x3, 0x58, 0xf0, 0xcc, 0xf, 0x0, 0x90,
    0xb, 0x85, 0xd9, 0xfe, 0x9b, 0xee, 0xc0, 0x0,
    0x0, 0xa9, 0x98, 0x99, 0x0, 0x0, 0x0, 0x3d,
    0x90, 0x88, 0x9, 0xc3, 0x0, 0x3c, 0xc4, 0x0,
    0x88, 0x0, 0x4d, 0xb2, 0x5, 0x0, 0x0, 0x88,
    0x0, 0x0, 0x50,

    /* U+4E59 "乙" */
    0xad, 0xdd, 0xdd, 0xdd, 0xdc, 0x0, 0x3, 0x33,
    0x33, 0x34, 0xbf, 0x40, 0x0, 0x0, 0x0, 0x0,
    0xae, 0x30, 0x0, 0x0, 0x0, 0x0, 0xbd, 0x10,
    0x0, 0x0, 0x0, 0x1, 0xcb, 0x0, 0x0, 0x0,
    0x0, 0x1, 0xda, 0x0, 0x0, 0x0, 0x0, 0x1,
    0xda, 0x0, 0x0, 0x0, 0x0, 0x0, 0xca, 0x0,
    0x0, 0x0, 0x0, 0x20, 0x7c, 0x0, 0x0, 0x0,
    0x0, 0x1f, 0xc, 0x60, 0x0, 0x0, 0x0, 0x3,
    0xd0, 0x9d, 0x65, 0x44, 0x44, 0x45, 0xb9, 0x0,
    0x7b, 0xcc, 0xcc, 0xcc, 0xc9, 0x10,

    /* U+4E5D "九" */
    0x0, 0x0, 0x1f, 0x10, 0x0, 0x0, 0x0, 0x0,
    0x0, 0x1f, 0x0, 0x0, 0x0, 0x0, 0x0, 0x0,
    0x1f, 0x0, 0x0, 0x0, 0x0, 0x1, 0x11, 0x3f,
    0x11, 0x11, 0x0, 0x0, 0xe, 0xff, 0xff, 0xff,
    0xff, 0x20, 0x0, 0x0, 0x0, 0x4d, 0x0, 0xe,
    0x20, 0x0, 0x0, 0x0, 0x6b, 0x0, 0xe, 0x20,
    0x0, 0x0, 0x0, 0x98, 0x0, 0xe, 0x20, 0x0,
    0x0, 0x0, 0xf3, 0x0, 0xe, 0x20, 0x0, 0x0,
    0x7, 0xd0, 0x0, 0xe, 0x20, 0x0, 0x0, 0x3f,
    0x30, 0x0, 0xe, 0x20, 0x39, 0x5, 0xe7, 0x0,
    0x0, 0xe, 0x30, 0x5a, 0x4e, 0x40, 0x0, 0x0,
    0x9, 0xff, 0xf4, 0x0, 0x0, 0x0, 0x0, 0x0,
    0x0, 0x0,

    /* U+4E5F "也" */
    0x0, 0x0, 0x0, 0xf, 0x0, 0x0, 0x0, 0x0,
    0xa, 0x0, 0xf, 0x0, 0x0, 0x0, 0x0, 0xf,
    0x0, 0xf, 0x0, 0x5, 0x0, 0x0, 0xf, 0x0,
    0xf, 0x6b, 0xef, 0x30, 0x0, 0xf, 0x48, 0xdf,
    0x84, 0xd, 0x30, 0x15, 0xaf, 0xb7, 0x3f, 0x0,
    0xe, 0x20, 0x5a, 0x5f, 0x0, 0xf, 0x0, 0xf,
    0x10, 0x0, 0xf, 0x0, 0xf, 0x0, 0x2e, 0x0,
    0x0, 0xf, 0x0, 0xf, 0x2d, 0xe7, 0x0, 0x0,
    0xf, 0x0, 0xd, 0x1, 0x0, 0x72, 0x0, 0xf,
    0x0, 0x0, 0x0, 0x0, 0xd3, 0x0, 0xe, 0x30,
    0x0, 0x0, 0x3, 0xe0, 0x0, 0x5, 0xdf, 0xff,
    0xff, 0xfe, 0x50,

    /* U+4E60 "习" */
    0x5e, 0xee, 0xee, 0xee, 0xee, 0xe6, 0x0, 0x0,
    0x0, 0x0, 0x0, 0xa6, 0x0, 0x55, 0x0, 0x0,
    0x0, 0xa6, 0x0, 0x3d, 0x90, 0x0, 0x0, 0xa6,
    0x0, 0x0, 0xac, 0x10, 0x0, 0xb5, 0x0, 0x0,
    0x8, 0x50, 0x0, 0xb5, 0x0, 0x0, 0x0, 0x4,
    0x90, 0xc4, 0x0, 0x0, 0x49, 0xec, 0x60, 0xc4,
    0x4, 0x9e, 0xd8, 0x20, 0x0, 0xd3, 0x6e, 0x93,
    0x0, 0x0, 0x0, 0xf2, 0x0, 0x0, 0x0, 0x0,
    0x3, 0xf0, 0x0, 0x0, 0x0, 0xd, 0xff, 0x70,
    0x0, 0x0, 0x0, 0x0, 0x0, 0x0,

    /* U+4E66 "书" */
    0x0, 0x0, 0x2, 0xe0, 0x0, 0x20, 0x0, 0x0,
    0x0, 0x2, 0xe0, 0x0, 0xbb, 0x10, 0x0, 0x11,
    0x13, 0xe1, 0x11, 0x19, 0xd0, 0x4, 0xee, 0xef,
    0xfe, 0xee, 0xf2, 0x40, 0x0, 0x0, 0x2, 0xe0,
    0x0, 0xe1, 0x0, 0x0, 0x0, 0x2, 0xe0, 0x0,
    0xe1, 0x0, 0x2b, 0xbb, 0xbc, 0xfb, 0xbb, 0xfc,
    0xb1, 0x4, 0x44, 0x45, 0xf4, 0x44, 0x44, 0xf0,
    0x0, 0x0, 0x2, 0xe0, 0x0, 0x1, 0xf0, 0x0,
    0x0, 0x2, 0xe0, 0x0, 0x3, 0xd0, 0x0, 0x0,
    0x2, 0xe0, 0x0, 0x7, 0xa0, 0x0, 0x0, 0x2,
    0xe0, 0x1e, 0xfe, 0x30, 0x0, 0x0, 0x2, 0xe0,
    0x0, 0x0, 0x0,

    /* U+4E86 "了" */
    0x6e, 0xee, 0xee, 0xee, 0xee, 0xe5, 0x12, 0x22,
    0x22, 0x22, 0x3d, 0xb0, 0x0, 0x0, 0x0, 0x2,
    0xda, 0x0, 0x0, 0x0, 0x0, 0x8e, 0x50, 0x0,
    0x0, 0x0, 0x4, 0xe1, 0x0, 0x0, 0x0, 0x0,
    0x4, 0xd0, 0x0, 0x0, 0x0, 0x0, 0x4, 0xd0,
    0x0, 0x0, 0x0, 0x0, 0x4, 0xd0, 0x0, 0x0,
    0x0, 0x0, 0x4, 0xd0, 0x0, 0x0, 0x0, 0x0,
    0x4, 0xd0, 0x0, 0x0, 0x0, 0x0, 0x6, 0xd0,
    0x0, 0x0, 0x0, 0xf, 0xfe, 0x70, 0x0, 0x0,

    /* U+4E8B "事" */
    0x0, 0x0, 0x0, 0x79, 0x0, 0x0, 0x0, 0xb,
    0xcc, 0xcc, 0xee, 0xcc, 0xcc, 0xc3, 0x2, 0x22,
    0x22, 0x9a, 0x22, 0x22, 0x20, 0x0, 0x8d, 0xbb,
    0xde, 0xbb, 0xcd, 0x0, 0x0, 0x96, 0x0, 0x79,
    0x0, 0x3d, 0x0, 0x0, 0x6b, 0xbb, 0xde, 0xbb,
    0xba, 0x0, 0x0, 0x55, 0x55, 0xab, 0x55, 0x55,
    0x0, 0x0, 0x44, 0x44, 0xab, 0x44, 0x4f, 0x10,
    0x1d, 0xdd, 0xdd, 0xee, 0xdd, 0xdf, 0xd7, 0x0,
    0x0, 0x0, 0x79, 0x0, 0xf, 0x10, 0x1, 0xcc,
    0xcc, 0xee, 0xcc, 0xcf, 0x10, 0x0, 0x0, 0x0,
    0x89, 0x0, 0x9, 0x10, 0x0, 0x0, 0x8d, 0xe5,
    0x0, 0x0, 0x0,

    /* U+4E8C "二" */
    0x0, 0xff, 0xff, 0xff, 0xff, 0xff, 0x0, 0x0,
    0x22, 0x22, 0x22, 0x22, 0x22, 0x0, 0x0, 0x0,
    0x0, 0x0, 0x0, 0x0, 0x0, 0x0, 0x0, 0x0,
    0x0, 0x0, 0x0, 0x0, 0x0, 0x0, 0x0, 0x0,
    0x0, 0x0, 0x0, 0x0, 0x0, 0x0, 0x0, 0x0,
    0x0, 0x0, 0x0, 0x0, 0x0, 0x0, 0x0, 0x0,
    0x0, 0x0, 0x0, 0x0, 0x0, 0x0, 0x0, 0x0,
    0x3, 0x33, 0x33, 0x33, 0x33, 0x33, 0x30, 0x3e,
    0xee, 0xee, 0xee, 0xee, 0xee, 0xe3,

    /* U+4E8E "于" */
    0x4, 0xff, 0xff, 0xff, 0xff, 0xff, 0x40, 0x0,
    0x11, 0x11, 0x7b, 0x11, 0x11, 0x0, 0x0, 0x0,
    0x0, 0x6a, 0x0, 0x0, 0x0, 0x0, 0x0, 0x0,
    0x6a, 0x0, 0x0, 0x0, 0x1, 0x11, 0x11, 0x7b,
    0x11, 0x11, 0x10, 0x3f, 0xff, 0xff, 0xff, 0xff,
    0xff, 0xf3, 0x0, 0x0, 0x0, 0x6a, 0x0, 0x0,
    0x0, 0x0, 0x0, 0x0, 0x6a, 0x0, 0x0, 0x0,
    0x0, 0x0, 0x0, 0x6a, 0x0, 0x0, 0x0, 0x0,
    0x0, 0x0, 0x6a, 0x0, 0x0, 0x0, 0x0, 0x0,
    0x11, 0x8a, 0x0, 0x0, 0x0, 0x0, 0x2, 0xff,
    0xe5, 0x0, 0x0, 0x0, 0x0, 0x0, 0x0, 0x0,
    0x0, 0x0, 0x0,

    /* U+4E91 "云" */
    0x0, 0x9d, 0xdd, 0xdd, 0xdd, 0xda, 0x0, 0x0,
    0x23, 0x33, 0x33, 0x33, 0x32, 0x0, 0x0, 0x0,
    0x0, 0x0, 0x0, 0x0, 0x0, 0x0, 0x0, 0x0,
    0x0, 0x0, 0x0, 0x0, 0x3e, 0xee, 0xee, 0xee,
    0xee, 0xee, 0xe3, 0x2, 0x22, 0x4f, 0x72, 0x22,
    0x22, 0x20, 0x0, 0x0, 0x9c, 0x0, 0x6, 0x0,
    0x0, 0x0, 0x3, 0xf3, 0x0, 0xd, 0x60, 0x0,
    0x0, 0xd, 0x80, 0x0, 0x3, 0xf2, 0x0, 0x0,
    0x9c, 0x12, 0x35, 0x67, 0xdc, 0x0, 0x4, 0xff,
    0xfe, 0xdc, 0xa9, 0x7d, 0x60, 0x0, 0x41, 0x0,
    0x0, 0x0, 0x4, 0x80,

    /* U+4E94 "五" */
    0x0, 0x22, 0x22, 0x22, 0x22, 0x22, 0x0, 0x4,
    0xdd, 0xde, 0xfd, 0xdd, 0xdd, 0x30, 0x0, 0x0,
    0x6, 0xb0, 0x0, 0x0, 0x0, 0x0, 0x0, 0x8,
    0x90, 0x0, 0x0, 0x0, 0x0, 0x1, 0x1b, 0x71,
    0x11, 0x10, 0x0, 0x0, 0x8e, 0xef, 0xee, 0xef,
    0xd0, 0x0, 0x0, 0x0, 0xf, 0x10, 0x5, 0xc0,
    0x0, 0x0, 0x0, 0x3e, 0x0, 0x6, 0xa0, 0x0,
    0x0, 0x0, 0x6b, 0x0, 0x8, 0x90, 0x0, 0x0,
    0x0, 0x97, 0x0, 0xa, 0x70, 0x0, 0x3e, 0xee,
    0xff, 0xee, 0xef, 0xfe, 0xe3, 0x1, 0x11, 0x11,
    0x11, 0x11, 0x11, 0x10,

    /* U+4E95 "井" */
    0x0, 0x0, 0xf1, 0x0, 0xf, 0x10, 0x0, 0x0,
    0x0, 0xf1, 0x0, 0xf, 0x10, 0x0, 0x0, 0x0,
    0xf1, 0x0, 0xf, 0x10, 0x0, 0xa, 0xff, 0xff,
    0xff, 0xff, 0xff, 0xd0, 0x1, 0x11, 0xf2, 0x11,
    0x1f, 0x21, 0x10, 0x0, 0x0, 0xf1, 0x0, 0xf,
    0x10, 0x0, 0x0, 0x0, 0xf1, 0x0, 0xf, 0x10,
    0x0, 0x4, 0x45, 0xf5, 0x44, 0x4f, 0x54, 0x40,
    0x1c, 0xcd, 0xfc, 0xcc, 0xcf, 0xcc, 0xc2, 0x0,
    0x8, 0xb0, 0x0, 0xf, 0x10, 0x0, 0x0, 0x1f,
    0x40, 0x0, 0xf, 0x10, 0x0, 0x1, 0xca, 0x0,
    0x0, 0xf, 0x10, 0x0, 0xa, 0xa0, 0x0, 0x0,
    0xf, 0x10, 0x0, 0x0, 0x0, 0x0, 0x0, 0x0,
    0x0, 0x0,

    /* U+4EAC "京" */
    0x0, 0x0, 0x0, 0xb1, 0x0, 0x0, 0x0, 0x0,
    0x0, 0x0, 0x99, 0x0, 0x0, 0x0, 0x1f, 0xff,
    0xff, 0xff, 0xff, 0xff, 0xf1, 0x0, 0x0, 0x0,
    0x0, 0x0, 0x0, 0x0, 0x0, 0x5e, 0xee, 0xee,
    0xee, 0xe7, 0x0, 0x0, 0x5a, 0x0, 0x0, 0x0,
    0x98, 0x0, 0x0, 0x5a, 0x0, 0x0, 0x0, 0x98,
    0x0, 0x0, 0x5f, 0xee, 0xee, 0xee, 0xf8, 0x0,
    0x0, 0x0, 0x0, 0x8a, 0x0, 0x0, 0x0, 0x0,
    0x2d, 0x10, 0x79, 0x2, 0xd1, 0x0, 0x1, 0xd6,
    0x0, 0x79, 0x0, 0x7d, 0x0, 0xc, 0x80, 0x0,
    0x89, 0x0, 0xa, 0xa0, 0x4, 0x0, 0xbf, 0xe5,
    0x0, 0x0, 0x50,

    /* U+4EAD "亭" */
    0x0, 0x0, 0x0, 0x93, 0x0, 0x0, 0x0, 0x18,
    0x88, 0x88, 0xce, 0x88, 0x88, 0x81, 0x5, 0x55,
    0x55, 0x55, 0x55, 0x55, 0x50, 0x0, 0x2d, 0xbb,
    0xbb, 0xbb, 0xd4, 0x0, 0x0, 0x3c, 0x0, 0x0,
    0x0, 0xc4, 0x0, 0x0, 0x2d, 0xbb, 0xbb, 0xbb,
    0xd4, 0x0, 0x0, 0x0, 0x0, 0x0, 0x0, 0x0,
    0x0, 0xf, 0xcc, 0xcc, 0xcc, 0xcc, 0xcc, 0xf0,
    0xf, 0x2, 0x22, 0x22, 0x22, 0x20, 0xf0, 0x7,
    0x2b, 0xbb, 0xcf, 0xbb, 0xb3, 0x70, 0x0, 0x0,
    0x0, 0x4c, 0x0, 0x0, 0x0, 0x0, 0x0, 0x0,
    0x5c, 0x0, 0x0, 0x0, 0x0, 0x0, 0xae, 0xe8,
    0x0, 0x0, 0x0,

    /* U+4EAE "亮" */
    0x0, 0x0, 0x0, 0x84, 0x0, 0x0, 0x0, 0x16,
    0x66, 0x66, 0xad, 0x66, 0x66, 0x60, 0x17, 0x77,
    0x77, 0x77, 0x77, 0x77, 0x70, 0x0, 0x2b, 0xbb,
    0xbb, 0xbb, 0xb3, 0x0, 0x0, 0x2d, 0x0, 0x0,
    0x0, 0xd4, 0x0, 0x0, 0x2f, 0xcc, 0xcc, 0xcc,
    0xe4, 0x0, 0x0, 0x0, 0x0, 0x0, 0x0, 0x0,
    0x0, 0xe, 0xdd, 0xdd, 0xdd, 0xdd, 0xdd, 0xd0,
    0xe, 0x10, 0x12, 0x22, 0x21, 0x2, 0xd0, 0x4,
    0x0, 0xdc, 0xbb, 0xdb, 0x0, 0x40, 0x0, 0x1,
    0xf1, 0x0, 0x6b, 0x0, 0x20, 0x0, 0x1b, 0xa0,
    0x0, 0x6b, 0x0, 0xe0, 0xc, 0xe8, 0x0, 0x0,
    0x2e, 0xee, 0xa0, 0x1, 0x0, 0x0, 0x0, 0x0,
    0x0, 0x0,

    /* U+4EBA "人" */
    0x0, 0x0, 0x0, 0xc6, 0x0, 0x0, 0x0, 0x0,
    0x0, 0x0, 0xd5, 0x0, 0x0, 0x0, 0x0, 0x0,
    0x0, 0xe5, 0x0, 0x0, 0x0, 0x0, 0x0, 0x1,
    0xf8, 0x0, 0x0, 0x0, 0x0, 0x0, 0x4, 0xfc,
    0x0, 0x0, 0x0, 0x0, 0x0, 0x7, 0xbe, 0x20,
    0x0, 0x0, 0x0, 0x0, 0xc, 0x6a, 0x70, 0x0,
    0x0, 0x0, 0x0, 0x3f, 0x13, 0xe0, 0x0, 0x0,
    0x0, 0x0, 0xc8, 0x0, 0xb8, 0x0, 0x0, 0x0,
    0x8, 0xd0, 0x0, 0x2e, 0x40, 0x0, 0x0, 0x7f,
    0x20, 0x0, 0x4, 0xf5, 0x0, 0x1b, 0xd3, 0x0,
    0x0, 0x0, 0x5e, 0xa1, 0x19, 0x0, 0x0, 0x0,
    0x0, 0x1, 0x80,

    /* U+4ECA "今" */
    0x0, 0x0, 0x0, 0x69, 0x0, 0x0, 0x0, 0x0,
    0x0, 0x4, 0xfe, 0x40, 0x0, 0x0, 0x0, 0x0,
    0x4e, 0x43, 0xe5, 0x0, 0x0, 0x0, 0x8, 0xe3,
    0x0, 0x2e, 0x90, 0x0, 0x4, 0xcc, 0x24, 0xd3,
    0x1, 0xbe, 0x50, 0x3f, 0x60, 0x0, 0x4e, 0x40,
    0x5, 0xe3, 0x0, 0x0, 0x0, 0x3, 0x60, 0x0,
    0x0, 0x0, 0xbf, 0xff, 0xff, 0xff, 0xfb, 0x0,
    0x0, 0x11, 0x11, 0x11, 0x15, 0xf3, 0x0, 0x0,
    0x0, 0x0, 0x0, 0x1e, 0x60, 0x0, 0x0, 0x0,
    0x0, 0x0, 0xc9, 0x0, 0x0, 0x0, 0x0, 0x0,
    0xa, 0xc0, 0x0, 0x0, 0x0, 0x0, 0x0, 0x3d,
    0x10, 0x0, 0x0, 0x0, 0x0, 0x0, 0x0, 0x0,
    0x0, 0x0,

    /* U+4ECB "介" */
    0x0, 0x0, 0x0, 0x68, 0x0, 0x0, 0x0, 0x0,
    0x0, 0x3, 0xee, 0x20, 0x0, 0x0, 0x0, 0x0,
    0x3e, 0x34, 0xd3, 0x0, 0x0, 0x0, 0x7, 0xe3,
    0x0, 0x3e, 0x70, 0x0, 0x4, 0xcd, 0x20, 0x0,
    0x3, 0xdd, 0x60, 0x5e, 0x71, 0x50, 0x0, 0x5,
    0x16, 0xd4, 0x0, 0x1, 0xf0, 0x0, 0xe, 0x20,
    0x0, 0x0, 0x2, 0xf0, 0x0, 0xe, 0x20, 0x0,
    0x0, 0x3, 0xe0, 0x0, 0xe, 0x20, 0x0, 0x0,
    0x7, 0xb0, 0x0, 0xe, 0x20, 0x0, 0x0, 0x1e,
    0x50, 0x0, 0xe, 0x20, 0x0, 0x2, 0xda, 0x0,
    0x0, 0xe, 0x20, 0x0, 0xa, 0x70, 0x0, 0x0,
    0xe, 0x20, 0x0,

    /* U+4ECE "从" */
    0x0, 0x0, 0x0, 0x0, 0x0, 0x0, 0x0, 0x0,
    0x5, 0xd0, 0x0, 0xf, 0x20, 0x0, 0x0, 0x6,
    0xb0, 0x0, 0xf, 0x10, 0x0, 0x0, 0x7, 0xa0,
    0x0, 0x1f, 0x0, 0x0, 0x0, 0x8, 0x90, 0x0,
    0x3e, 0x0, 0x0, 0x0, 0xa, 0xa0, 0x0, 0x6d,
    0x0, 0x0, 0x0, 0xd, 0xf5, 0x0, 0x9f, 0x0,
    0x0, 0x0, 0xf, 0x5e, 0x10, 0xcf, 0x40, 0x0,
    0x0, 0x3e, 0x8, 0xa1, 0xf7, 0xa0, 0x0, 0x0,
    0x89, 0x0, 0xc9, 0xb0, 0xe2, 0x0, 0x0, 0xe5,
    0x0, 0x1e, 0x50, 0x8b, 0x0, 0x8, 0xc0, 0x0,
    0xbb, 0x0, 0xe, 0x80, 0x2f, 0x30, 0x7, 0xe1,
    0x0, 0x3, 0xf4, 0x4, 0x0, 0x0, 0x20, 0x0,
    0x0, 0x20,

    /* U+4EE4 "令" */
    0x0, 0x0, 0x0, 0x16, 0x0, 0x0, 0x0, 0x0,
    0x0, 0x0, 0xce, 0x10, 0x0, 0x0, 0x0, 0x0,
    0x1c, 0x97, 0xd2, 0x0, 0x0, 0x0, 0x5, 0xe7,
    0x0, 0x5e, 0x60, 0x0, 0x2, 0xae, 0x42, 0xe3,
    0x3, 0xdc, 0x40, 0x3f, 0x80, 0x0, 0x4e, 0x30,
    0x6, 0xe5, 0x1, 0x1, 0x11, 0x15, 0x21, 0x10,
    0x0, 0x0, 0x9e, 0xee, 0xee, 0xef, 0xfa, 0x0,
    0x0, 0x0, 0x0, 0x0, 0x9, 0xc0, 0x0, 0x0,
    0x0, 0x25, 0x0, 0x9c, 0x10, 0x0, 0x0, 0x0,
    0x3d, 0xba, 0xc1, 0x0, 0x0, 0x0, 0x0, 0x0,
    0x9f, 0x60, 0x0, 0x0, 0x0, 0x0, 0x0, 0x5,
    0xf5, 0x0, 0x0, 0x0, 0x0, 0x0, 0x0, 0x20,
    0x0, 0x0,

    /* U+4EE5 "以" */
    0x0, 0x0, 0x0, 0x0, 0x0, 0x0, 0x0, 0x71,
    0x1, 0x0, 0x0, 0xa7, 0x0, 0xe, 0x30, 0xb7,
    0x0, 0xc, 0x60, 0x0, 0xe3, 0x1, 0xe3, 0x0,
    0xd4, 0x0, 0xe, 0x30, 0x7, 0xc0, 0xf, 0x20,
    0x0, 0xe3, 0x0, 0x5, 0x1, 0xf0, 0x0, 0xe,
    0x30, 0x0, 0x0, 0x6b, 0x0, 0x0, 0xe3, 0x0,
    0x0, 0xa, 0x60, 0x0, 0xe, 0x30, 0x34, 0x1,
    0xf2, 0x0, 0x0, 0xe7, 0xbe, 0x50, 0xbf, 0x80,
    0x0, 0x4f, 0xe6, 0x0, 0x6e, 0x3d, 0x80, 0x6,
    0x70, 0x0, 0x8f, 0x30, 0x2e, 0x60, 0x0, 0x1,
    0xeb, 0x20, 0x0, 0x4e, 0x10, 0x0, 0x2, 0x0,
    0x0, 0x0, 0x10,

    /* U+4EEA "仪" */
    0x0, 0x7, 0x40, 0x2, 0x30, 0x0, 0x0, 0x0,
    0x2f, 0x1b, 0x4, 0xd0, 0x9, 0x70, 0x0, 0x99,
    0xc, 0x40, 0xa7, 0xd, 0x30, 0x3, 0xf2, 0x8,
    0x80, 0x26, 0x1f, 0x0, 0x1d, 0xf1, 0x4, 0xc0,
    0x0, 0x5b, 0x0, 0xab, 0xe1, 0x0, 0xf1, 0x0,
    0xa7, 0x0, 0x61, 0xe1, 0x0, 0x99, 0x1, 0xe1,
    0x0, 0x0, 0xe1, 0x0, 0x1f, 0x19, 0x80, 0x0,
    0x0, 0xe1, 0x0, 0x9, 0xce, 0x0, 0x0, 0x0,
    0xe1, 0x0, 0x4, 0xf8, 0x0, 0x0, 0x0, 0xe1,
    0x0, 0x5e, 0x7f, 0x70, 0x0, 0x0, 0xe1, 0x3b,
    0xd2, 0x2, 0xec, 0x40, 0x0, 0xe3, 0xd6, 0x0,
    0x0, 0x7, 0xd1, 0x0, 0x0, 0x0, 0x0, 0x0,
    0x0, 0x0,

    /* U+4EFB "任" */
    0x0, 0x0, 0xc2, 0x0, 0x0, 0x4, 0x60, 0x0,
    0x6, 0xc2, 0x57, 0xad, 0xfc, 0x81, 0x0, 0xe,
    0x4a, 0xa8, 0x7e, 0x0, 0x0, 0x0, 0x8e, 0x0,
    0x0, 0x2e, 0x0, 0x0, 0x6, 0xfd, 0x0, 0x0,
    0x2e, 0x0, 0x0, 0x3f, 0x8d, 0x0, 0x0, 0x2e,
    0x0, 0x0, 0x16, 0x2d, 0x7f, 0xff, 0xff, 0xff,
    0xfd, 0x0, 0x2d, 0x0, 0x0, 0x3e, 0x0, 0x0,
    0x0, 0x2d, 0x0, 0x0, 0x2e, 0x0, 0x0, 0x0,
    0x2d, 0x0, 0x0, 0x2e, 0x0, 0x0, 0x0, 0x2d,
    0x0, 0x0, 0x2e, 0x0, 0x0, 0x0, 0x2d, 0x3,
    0x33, 0x5f, 0x33, 0x32, 0x0, 0x2d, 0xb, 0xcc,
    0xcc, 0xcc, 0xc8,

    /* U+4F0F "伏" */
    0x0, 0x0, 0x0, 0x0, 0x0, 0x0, 0x0, 0x0,
    0x9, 0x60, 0x1, 0xe0, 0x60, 0x0, 0x0, 0x1f,
    0x10, 0x1, 0xe0, 0x99, 0x0, 0x0, 0x99, 0x0,
    0x1, 0xe0, 0xd, 0x30, 0x2, 0xf4, 0x0, 0x2,
    0xe0, 0x2, 0x0, 0xc, 0xf4, 0xbd, 0xdd, 0xfd,
    0xdd, 0xd0, 0x9c, 0xc4, 0x22, 0x26, 0xf5, 0x22,
    0x20, 0x41, 0xc4, 0x0, 0x6, 0xf7, 0x0, 0x0,
    0x0, 0xc4, 0x0, 0xb, 0xac, 0x0, 0x0, 0x0,
    0xc4, 0x0, 0x1f, 0x2c, 0x30, 0x0, 0x0, 0xc4,
    0x0, 0x9a, 0x5, 0xb0, 0x0, 0x0, 0xc4, 0x4,
    0xf2, 0x0, 0xd7, 0x0, 0x0, 0xc4, 0x4f, 0x50,
    0x0, 0x3f, 0x80, 0x0, 0xc4, 0xb5, 0x0, 0x0,
    0x3, 0xc1,

    /* U+4F17 "众" */
    0x0, 0x0, 0x0, 0x48, 0x0, 0x0, 0x0, 0x0,
    0x0, 0x0, 0xec, 0x0, 0x0, 0x0, 0x0, 0x0,
    0xc, 0x97, 0xa0, 0x0, 0x0, 0x0, 0x2, 0xc9,
    0x0, 0x7c, 0x20, 0x0, 0x1, 0x8f, 0x80, 0x0,
    0x7, 0xf8, 0x20, 0x1f, 0xa4, 0x90, 0x0, 0x19,
    0x2a, 0xf2, 0x1, 0x5, 0xb0, 0x0, 0x3d, 0x0,
    0x0, 0x0, 0x8, 0xa0, 0x0, 0x6d, 0x0, 0x0,
    0x0, 0xd, 0xe9, 0x0, 0xbf, 0x30, 0x0, 0x0,
    0x2d, 0xb, 0xa1, 0xe6, 0xb0, 0x0, 0x0, 0xb7,
    0x0, 0x89, 0x90, 0xc6, 0x0, 0x7, 0xd0, 0x0,
    0x4e, 0x20, 0x2e, 0x70, 0x1c, 0x10, 0x0, 0xd3,
    0x0, 0x1, 0xb1, 0x0, 0x0, 0x0, 0x0, 0x0,
    0x0, 0x0,

    /* U+4F1A "会" */
    0x0, 0x0, 0x0, 0x15, 0x0, 0x0, 0x0, 0x0,
    0x0, 0x0, 0xbe, 0x0, 0x0, 0x0, 0x0, 0x0,
    0x1b, 0xa8, 0xc1, 0x0, 0x0, 0x0, 0x5, 0xd8,
    0x0, 0x6e, 0x60, 0x0, 0x3, 0xcf, 0x83, 0x33,
    0x35, 0xde, 0x60, 0x1e, 0x84, 0xcc, 0xcc, 0xcc,
    0x54, 0xc3, 0x0, 0x0, 0x0, 0x0, 0x0, 0x0,
    0x0, 0xa, 0xee, 0xee, 0xee, 0xee, 0xee, 0xd0,
    0x0, 0x11, 0x3e, 0x61, 0x14, 0x11, 0x10, 0x0,
    0x0, 0xc7, 0x0, 0x1d, 0x60, 0x0, 0x0, 0xb,
    0x90, 0x0, 0x14, 0xf5, 0x0, 0x0, 0xdf, 0xcd,
    0xef, 0xed, 0xce, 0x20, 0x0, 0x66, 0x42, 0x10,
    0x0, 0x6, 0x50,

    /* U+4F20 "传" */
    0x0, 0x4, 0x40, 0x0, 0x80, 0x0, 0x0, 0x0,
    0xe, 0x50, 0x3, 0xe0, 0x0, 0x0, 0x0, 0x7c,
    0x1e, 0xef, 0xfe, 0xee, 0xb0, 0x1, 0xe4, 0x0,
    0xb, 0x50, 0x0, 0x0, 0xc, 0xf1, 0x44, 0x4f,
    0x54, 0x44, 0x41, 0x9e, 0xf1, 0xbb, 0xde, 0xbb,
    0xbb, 0xb4, 0x62, 0xe1, 0x0, 0xa7, 0x0, 0x0,
    0x0, 0x0, 0xe1, 0x0, 0xff, 0xee, 0xef, 0x50,
    0x0, 0xe1, 0x0, 0x0, 0x0, 0xab, 0x0, 0x0,
    0xe1, 0x0, 0x4, 0x7, 0xc0, 0x0, 0x0, 0xe1,
    0x0, 0x1c, 0xdd, 0x10, 0x0, 0x0, 0xe1, 0x0,
    0x0, 0x8e, 0x30, 0x0, 0x0, 0xe1, 0x0, 0x0,
    0x5, 0xb0, 0x0, 0x0, 0x0, 0x0, 0x0, 0x0,
    0x0, 0x0,

    /* U+4F2F "伯" */
    0x0, 0x3, 0x30, 0x1, 0x70, 0x0, 0x0, 0x0,
    0xc5, 0x0, 0x6d, 0x0, 0x0, 0x0, 0x3e, 0x0,
    0xb, 0x70, 0x0, 0x0, 0xa, 0x71, 0xff, 0xff,
    0xff, 0xf1, 0x3, 0xf3, 0x1e, 0x0, 0x0, 0xf,
    0x11, 0xdf, 0x31, 0xe0, 0x0, 0x0, 0xf1, 0x89,
    0xd3, 0x1e, 0x0, 0x0, 0xf, 0x11, 0xd, 0x31,
    0xff, 0xff, 0xff, 0xf1, 0x0, 0xd3, 0x1f, 0x0,
    0x0, 0xf, 0x10, 0xd, 0x31, 0xe0, 0x0, 0x0,
    0xf1, 0x0, 0xd3, 0x1e, 0x0, 0x0, 0xf, 0x10,
    0xd, 0x31, 0xfd, 0xdd, 0xdd, 0xf1, 0x0, 0xd3,
    0x1f, 0x33, 0x33, 0x3e, 0x10, 0x0, 0x0, 0x0,
    0x0, 0x0, 0x0,

    /* U+4F4F "住" */
    0x0, 0x0, 0x90, 0x0, 0xa1, 0x0, 0x0, 0x0,
    0x6, 0xc0, 0x0, 0x99, 0x0, 0x0, 0x0, 0xd,
    0x50, 0x0, 0x2a, 0x0, 0x0, 0x0, 0x7d, 0xf,
    0xff, 0xff, 0xff, 0xf7, 0x3, 0xfc, 0x0, 0x0,
    0x4b, 0x0, 0x0, 0x1e, 0xcc, 0x0, 0x0, 0x4b,
    0x0, 0x0, 0x8, 0x4c, 0x0, 0x0, 0x4b, 0x0,
    0x0, 0x0, 0x4c, 0x8, 0xee, 0xff, 0xee, 0xe1,
    0x0, 0x4c, 0x0, 0x0, 0x5b, 0x0, 0x0, 0x0,
    0x4c, 0x0, 0x0, 0x4b, 0x0, 0x0, 0x0, 0x4c,
    0x0, 0x0, 0x4b, 0x0, 0x0, 0x0, 0x4c, 0x2,
    0x22, 0x6c, 0x22, 0x21, 0x0, 0x4c, 0x5d, 0xdd,
    0xdd, 0xdd, 0xd9,

    /* U+4F53 "体" */
    0x0, 0xc, 0x20, 0x0, 0xf0, 0x0, 0x0, 0x0,
    0x4e, 0x0, 0x0, 0xf0, 0x0, 0x0, 0x0, 0xa7,
    0x0, 0x0, 0xf0, 0x0, 0x0, 0x2, 0xf2, 0xff,
    0xff, 0xff, 0xff, 0xf3, 0xc, 0xf1, 0x0, 0x1d,
    0xfd, 0x10, 0x0, 0x7e, 0xf1, 0x0, 0x5a, 0xfa,
    0x50, 0x0, 0x64, 0xe1, 0x0, 0xc3, 0xf3, 0xc0,
    0x0, 0x0, 0xe1, 0x4, 0xb0, 0xf0, 0xb4, 0x0,
    0x0, 0xe1, 0x1d, 0x30, 0xf0, 0x3e, 0x10, 0x0,
    0xe1, 0xb9, 0x33, 0xf3, 0x3a, 0xb0, 0x0, 0xe5,
    0xa4, 0xbb, 0xfb, 0xb3, 0xb2, 0x0, 0xe1, 0x0,
    0x0, 0xf0, 0x0, 0x0, 0x0, 0xe1, 0x0, 0x0,
    0xe0, 0x0, 0x0,

    /* U+4F55 "何" */
    0x0, 0x4, 0x10, 0x0, 0x0, 0x0, 0x0, 0x0,
    0x1e, 0x32, 0x22, 0x22, 0x22, 0x20, 0x0, 0x7a,
    0x8d, 0xdd, 0xdd, 0xdf, 0xd1, 0x1, 0xe4, 0x0,
    0x0, 0x0, 0xf, 0x0, 0xb, 0xf3, 0x3, 0x33,
    0x30, 0xf, 0x0, 0x6e, 0xe3, 0x3f, 0xbb, 0xf2,
    0xf, 0x0, 0x43, 0xc3, 0x3c, 0x0, 0xc2, 0xf,
    0x0, 0x0, 0xc3, 0x3c, 0x0, 0xc2, 0xf, 0x0,
    0x0, 0xc3, 0x3e, 0xbb, 0xf2, 0xf, 0x0, 0x0,
    0xc3, 0x3d, 0x33, 0x30, 0xf, 0x0, 0x0, 0xc3,
    0x27, 0x0, 0x0, 0xf, 0x0, 0x0, 0xc3, 0x0,
    0x0, 0x0, 0x1f, 0x0, 0x0, 0xc3, 0x0, 0x0,
    0xaf, 0xfa, 0x0, 0x0, 0x0, 0x0, 0x0, 0x0,
    0x0, 0x0,

    /* U+4F59 "余" */
    0x0, 0x0, 0x0, 0x17, 0x0, 0x0, 0x0, 0x0,
    0x0, 0x1, 0xde, 0x40, 0x0, 0x0, 0x0, 0x0,
    0x2d, 0x52, 0xd7, 0x0, 0x0, 0x0, 0x6, 0xd3,
    0x0, 0x1c, 0xa2, 0x0, 0x4, 0xce, 0x53, 0x33,
    0x34, 0xae, 0x92, 0x3d, 0x55, 0xbb, 0xce, 0xbb,
    0x81, 0x86, 0x0, 0x0, 0x0, 0x5b, 0x0, 0x0,
    0x0, 0x8, 0xff, 0xff, 0xff, 0xff, 0xff, 0xe0,
    0x0, 0x0, 0x0, 0x5c, 0x0, 0x0, 0x0, 0x0,
    0x8, 0x90, 0x5b, 0x7, 0xb0, 0x0, 0x0, 0x7d,
    0x10, 0x5b, 0x0, 0x9c, 0x0, 0xa, 0xc1, 0x0,
    0x6b, 0x0, 0xa, 0xc0, 0x3, 0x0, 0x5f, 0xe6,
    0x0, 0x0, 0x30, 0x0, 0x0, 0x0, 0x0, 0x0,
    0x0, 0x0,

    /* U+4F5B "佛" */
    0x0, 0x0, 0x0, 0x0, 0x0, 0x0, 0x0, 0x0,
    0xa, 0x70, 0x2c, 0xd, 0x10, 0x0, 0x0, 0x2f,
    0x10, 0x2c, 0xd, 0x10, 0x0, 0x0, 0x99, 0x8e,
    0xef, 0xef, 0xee, 0xc0, 0x3, 0xf2, 0x0, 0x2c,
    0xd, 0x11, 0xd0, 0xd, 0xf1, 0x0, 0x2c, 0xd,
    0x11, 0xd0, 0xac, 0xf1, 0x5e, 0xef, 0xef, 0xee,
    0xd0, 0x81, 0xe1, 0x86, 0x2c, 0xd, 0x10, 0x0,
    0x0, 0xe1, 0xb3, 0x2c, 0xd, 0x10, 0x0, 0x0,
    0xe1, 0xde, 0xef, 0xef, 0xee, 0xf4, 0x0, 0xe1,
    0x0, 0x78, 0xd, 0x10, 0xb3, 0x0, 0xe1, 0x0,
    0xe2, 0xd, 0x10, 0xd2, 0x0, 0xe1, 0x1b, 0x80,
    0xd, 0x6d, 0xb0, 0x0, 0xe1, 0xc7, 0x0, 0xd,
    0x10, 0x0, 0x0, 0x0, 0x0, 0x0, 0x0, 0x0,
    0x0,

    /* U+4F5C "作" */
    0x0, 0x0, 0x50, 0x3, 0x10, 0x0, 0x0, 0x0,
    0x4, 0xd0, 0xe, 0x20, 0x0, 0x0, 0x0, 0xc,
    0x60, 0x6d, 0x33, 0x33, 0x31, 0x0, 0x4e, 0x0,
    0xdd, 0xfd, 0xcc, 0xc6, 0x1, 0xec, 0x7, 0xc0,
    0xe2, 0x0, 0x0, 0xc, 0xec, 0x3f, 0x20, 0xe4,
    0x22, 0x20, 0x1c, 0x5c, 0x25, 0x0, 0xed, 0xcc,
    0xc2, 0x0, 0x4c, 0x0, 0x0, 0xe2, 0x0, 0x0,
    0x0, 0x4c, 0x0, 0x0, 0xe3, 0x11, 0x10, 0x0,
    0x4c, 0x0, 0x0, 0xee, 0xee, 0xe5, 0x0, 0x4c,
    0x0, 0x0, 0xe2, 0x0, 0x0, 0x0, 0x4c, 0x0,
    0x0, 0xe2, 0x0, 0x0, 0x0, 0x4c, 0x0, 0x0,
    0xe2, 0x0, 0x0,

    /* U+4F7F "使" */
    0x0, 0x0, 0x0, 0x0, 0x0, 0x0, 0x0, 0x0,
    0xa, 0x40, 0x0, 0xf0, 0x0, 0x0, 0x0, 0x2f,
    0x10, 0x0, 0xf0, 0x0, 0x0, 0x0, 0xa9, 0xde,
    0xee, 0xfe, 0xee, 0xe1, 0x4, 0xf4, 0x0, 0x0,
    0xf0, 0x0, 0x0, 0x1e, 0xf3, 0x6e, 0xee, 0xfe,
    0xee, 0x80, 0xbb, 0xc3, 0x77, 0x0, 0xf0, 0x6,
    0x90, 0x50, 0xc3, 0x77, 0x0, 0xf0, 0x6, 0x90,
    0x0, 0xc3, 0x7f, 0xee, 0xfe, 0xef, 0x90, 0x0,
    0xc3, 0x28, 0x2, 0xd0, 0x0, 0x0, 0x0, 0xc3,
    0x9, 0x98, 0x80, 0x0, 0x0, 0x0, 0xc3, 0x0,
    0xcf, 0x50, 0x0, 0x0, 0x0, 0xc3, 0x29, 0xe7,
    0xcd, 0x74, 0x10, 0x0, 0xc5, 0xd7, 0x10, 0x3,
    0x8b, 0xc0,

    /* U+4F83 "侃" */
    0x0, 0x6, 0x30, 0x0, 0x0, 0x0, 0x0, 0x0,
    0x1f, 0x3f, 0xff, 0xff, 0xfd, 0x0, 0x0, 0x89,
    0x1e, 0x0, 0x0, 0x2d, 0x0, 0x2, 0xf2, 0x1e,
    0x0, 0x0, 0x2d, 0x0, 0xd, 0xf1, 0x1e, 0x0,
    0x0, 0x2d, 0x0, 0x9c, 0xe1, 0x1f, 0xdd, 0xdd,
    0xdd, 0x0, 0x61, 0xe1, 0x3, 0x22, 0x22, 0x32,
    0x0, 0x0, 0xe1, 0x9, 0x61, 0xe0, 0xb3, 0x0,
    0x0, 0xe1, 0x9, 0x61, 0xe0, 0xb3, 0x0, 0x0,
    0xe1, 0xc, 0x51, 0xe0, 0xb3, 0x0, 0x0, 0xe1,
    0xe, 0x11, 0xe0, 0xb3, 0x70, 0x0, 0xe1, 0x8b,
    0x1, 0xe0, 0xb4, 0xa1, 0x0, 0xe5, 0xd1, 0x0,
    0x70, 0x8e, 0xc0, 0x0, 0x0, 0x0, 0x0, 0x0,
    0x0, 0x0,

    /* U+4F86 "來" */
    0x0, 0x0, 0x0, 0x98, 0x0, 0x0, 0x0, 0x0,
    0x0, 0x0, 0x98, 0x0, 0x0, 0x0, 0xf, 0xff,
    0xff, 0xff, 0xff, 0xff, 0xf1, 0x0, 0x6, 0x40,
    0x98, 0x1, 0x91, 0x0, 0x0, 0xe, 0x20, 0x98,
    0x4, 0xd0, 0x0, 0x0, 0x5f, 0x40, 0x98, 0xa,
    0xd2, 0x0, 0x2, 0xe7, 0xe3, 0xaa, 0x5e, 0x6e,
    0x30, 0xd, 0x60, 0x36, 0xff, 0xb3, 0x4, 0xd0,
    0x2, 0x0, 0x4d, 0xbb, 0xd3, 0x0, 0x0, 0x0,
    0x5, 0xe2, 0x98, 0x3e, 0x40, 0x0, 0x1, 0x9e,
    0x30, 0x98, 0x3, 0xe9, 0x10, 0x3f, 0x90, 0x0,
    0x98, 0x0, 0x19, 0xf3, 0x2, 0x0, 0x0, 0x98,
    0x0, 0x0, 0x20,

    /* U+4F8B "例" */
    0x0, 0x0, 0x0, 0x0, 0x0, 0x0, 0x0, 0x3,
    0xb0, 0x0, 0x0, 0x0, 0xe, 0x0, 0x88, 0xdf,
    0xff, 0xf0, 0x0, 0xe0, 0xe, 0x30, 0x78, 0x0,
    0x59, 0xe, 0x5, 0xf0, 0xc, 0x40, 0x5, 0x90,
    0xe0, 0xdf, 0x0, 0xfe, 0xe9, 0x59, 0xe, 0x6d,
    0xf0, 0x5b, 0x17, 0x85, 0x90, 0xe2, 0x3f, 0xd,
    0x50, 0xa5, 0x59, 0xe, 0x0, 0xf5, 0xd7, 0x1e,
    0x25, 0x90, 0xe0, 0xf, 0x2, 0x6e, 0xc0, 0x59,
    0xe, 0x0, 0xf0, 0x0, 0xa6, 0x4, 0x70, 0xe0,
    0xf, 0x0, 0x3d, 0x0, 0x0, 0xe, 0x0, 0xf0,
    0x2e, 0x40, 0x0, 0x1, 0xe0, 0xf, 0xb, 0x50,
    0x0, 0xf, 0xf9, 0x0, 0x10, 0x0, 0x0, 0x0,
    0x0, 0x0,

    /* U+4F8D "侍" */
    0x0, 0x0, 0x0, 0x0, 0x0, 0x0, 0x0, 0x0,
    0xa, 0x50, 0x0, 0xd2, 0x0, 0x0, 0x0, 0x2f,
    0x10, 0x0, 0xd2, 0x0, 0x0, 0x0, 0xa9, 0x1f,
    0xff, 0xff, 0xff, 0x80, 0x3, 0xf3, 0x0, 0x0,
    0xd2, 0x0, 0x0, 0x1e, 0xf1, 0x0, 0x0, 0xd2,
    0x0, 0x0, 0xae, 0xf1, 0xef, 0xff, 0xff, 0xff,
    0xf4, 0x61, 0xe1, 0x0, 0x0, 0x0, 0xd3, 0x0,
    0x0, 0xe1, 0xbe, 0xee, 0xee, 0xfe, 0xe2, 0x0,
    0xe1, 0x3, 0x41, 0x11, 0xd4, 0x10, 0x0, 0xe1,
    0x3, 0xe1, 0x0, 0xd3, 0x0, 0x0, 0xe1, 0x0,
    0x8b, 0x0, 0xd3, 0x0, 0x0, 0xe1, 0x0, 0x4,
    0x0, 0xd3, 0x0, 0x0, 0xe1, 0x0, 0x0, 0xef,
    0xc0, 0x0,

    /* U+4F9D "依" */
    0x0, 0x5, 0x30, 0x2, 0x60, 0x0, 0x0, 0x0,
    0xe, 0x30, 0x0, 0xe1, 0x0, 0x0, 0x0, 0x7b,
    0x0, 0x0, 0x86, 0x0, 0x0, 0x1, 0xe4, 0xee,
    0xef, 0xfe, 0xee, 0xe0, 0xb, 0xf1, 0x0, 0x1d,
    0xe0, 0x0, 0x0, 0x6e, 0xf1, 0x0, 0xca, 0xc4,
    0x0, 0x80, 0x43, 0xe1, 0x1b, 0xd0, 0x6a, 0x1c,
    0x80, 0x0, 0xe5, 0xed, 0xb0, 0x1e, 0xd4, 0x0,
    0x0, 0xe7, 0x65, 0xb0, 0x9, 0x90, 0x0, 0x0,
    0xe1, 0x5, 0xb0, 0x2, 0xf3, 0x0, 0x0, 0xe1,
    0x5, 0xb0, 0x11, 0x6d, 0x20, 0x0, 0xe1, 0x8,
    0xdc, 0xd3, 0x9, 0xe2, 0x0, 0xe1, 0xc, 0x83,
    0x0, 0x0, 0x50, 0x0, 0x0, 0x0, 0x0, 0x0,
    0x0, 0x0,

    /* U+4FA3 "侣" */
    0x0, 0x5, 0x10, 0x0, 0x0, 0x0, 0x0, 0x3,
    0xf1, 0x8f, 0xff, 0xff, 0xe0, 0x0, 0xa8, 0x8,
    0x60, 0x0, 0x1e, 0x0, 0x1f, 0x20, 0x86, 0x0,
    0x1, 0xe0, 0xc, 0xf1, 0x8, 0x82, 0x22, 0x4e,
    0x7, 0xef, 0x10, 0x6c, 0xcc, 0xcc, 0xb0, 0x73,
    0xe1, 0x0, 0x0, 0x0, 0x0, 0x0, 0xe, 0x12,
    0xee, 0xee, 0xee, 0xe6, 0x0, 0xe1, 0x2e, 0x0,
    0x0, 0xa, 0x60, 0xe, 0x12, 0xe0, 0x0, 0x0,
    0xa6, 0x0, 0xe1, 0x2e, 0x0, 0x0, 0xa, 0x60,
    0xe, 0x12, 0xfd, 0xdd, 0xdd, 0xf6, 0x0, 0xe1,
    0x2d, 0x11, 0x11, 0x19, 0x50,

    /* U+4FA7 "侧" */
    0x0, 0x0, 0x0, 0x0, 0x0, 0x0, 0x0, 0x5,
    0xa0, 0x0, 0x0, 0x0, 0xe, 0x0, 0xa6, 0xdc,
    0xcc, 0xe0, 0x40, 0xe0, 0xe, 0x1d, 0x2, 0xd,
    0xd, 0xe, 0x5, 0xe0, 0xd0, 0xc0, 0xd0, 0xd0,
    0xe0, 0xde, 0xd, 0xc, 0xd, 0xd, 0xe, 0x5c,
    0xe0, 0xd0, 0xc0, 0xd0, 0xd0, 0xe4, 0x3e, 0xd,
    0xc, 0xd, 0xd, 0xe, 0x0, 0xe0, 0xd0, 0xc0,
    0xd0, 0xd0, 0xe0, 0xe, 0xd, 0xc, 0xd, 0xd,
    0xe, 0x0, 0xe0, 0xc2, 0xb0, 0xc0, 0xd0, 0xe0,
    0xe, 0x0, 0x87, 0x80, 0x0, 0xe, 0x0, 0xe0,
    0x3d, 0x8, 0x80, 0x0, 0xe0, 0xe, 0x1c, 0x10,
    0x9, 0x7, 0xeb, 0x0, 0x0, 0x0, 0x0, 0x0,
    0x0, 0x0,

    /* U+4FB6 "侶" */
    0x0, 0x4, 0x40, 0x0, 0x0, 0x0, 0x0, 0x0,
    0xe4, 0x9f, 0xff, 0xff, 0xf3, 0x0, 0x6c, 0x9,
    0x50, 0x0, 0xc, 0x30, 0x1e, 0x50, 0x95, 0x0,
    0x0, 0xc3, 0xb, 0xf3, 0x9, 0x60, 0x0, 0xd,
    0x38, 0xed, 0x30, 0x9e, 0xef, 0xfe, 0xe3, 0x93,
    0xc3, 0x0, 0x0, 0xe1, 0x0, 0x0, 0xc, 0x30,
    0x33, 0x5e, 0x33, 0x32, 0x0, 0xc3, 0x1f, 0xbb,
    0xbb, 0xbc, 0xc0, 0xc, 0x31, 0xe0, 0x0, 0x0,
    0x4c, 0x0, 0xc3, 0x1e, 0x0, 0x0, 0x4, 0xc0,
    0xc, 0x31, 0xf4, 0x44, 0x44, 0x7c, 0x0, 0xb3,
    0x1f, 0xbb, 0xbb, 0xbc, 0xb0,

    /* U+4FD7 "俗" */
    0x0, 0x4, 0x10, 0x23, 0x1, 0x20, 0x0, 0x0,
    0xe, 0x10, 0xc6, 0x4, 0xe3, 0x0, 0x0, 0x7a,
    0x8, 0xb0, 0x0, 0x4e, 0x20, 0x1, 0xe3, 0x8d,
    0x12, 0xf1, 0x6, 0xe0, 0xa, 0xf1, 0x41, 0xb,
    0xd8, 0x0, 0x20, 0x6e, 0xf1, 0x0, 0x8b, 0xc,
    0x60, 0x0, 0x83, 0xe1, 0x8, 0xd1, 0x1, 0xd8,
    0x0, 0x0, 0xe3, 0xcc, 0x10, 0x0, 0x1b, 0xd3,
    0x0, 0xe3, 0x7e, 0xff, 0xff, 0xfe, 0x72, 0x0,
    0xe1, 0xe, 0x10, 0x0, 0x1e, 0x0, 0x0, 0xe1,
    0xe, 0x10, 0x0, 0x1e, 0x0, 0x0, 0xe1, 0xe,
    0x43, 0x33, 0x4e, 0x0, 0x0, 0xe1, 0xe, 0xcb,
    0xbb, 0xcd, 0x0,

    /* U+4FDD "保" */
    0x0, 0x4, 0x30, 0x0, 0x0, 0x0, 0x0, 0x0,
    0xe, 0x3e, 0xff, 0xff, 0xff, 0x50, 0x0, 0x7a,
    0xe, 0x10, 0x0, 0xa, 0x50, 0x1, 0xe4, 0xe,
    0x10, 0x0, 0xa, 0x50, 0xc, 0xf3, 0xe, 0xdc,
    0xcc, 0xcf, 0x50, 0x9a, 0xc3, 0x2, 0x22, 0xd5,
    0x22, 0x0, 0x60, 0xc3, 0x0, 0x0, 0xd3, 0x0,
    0x0, 0x0, 0xc3, 0xde, 0xee, 0xff, 0xee, 0xe2,
    0x0, 0xc3, 0x0, 0x1d, 0xff, 0x40, 0x0, 0x0,
    0xc3, 0x0, 0xb8, 0xd6, 0xd1, 0x0, 0x0, 0xc3,
    0x1b, 0xa0, 0xd3, 0x5d, 0x30, 0x0, 0xc5, 0xe8,
    0x0, 0xd3, 0x5, 0xe3, 0x0, 0xc3, 0x20, 0x0,
    0xd3, 0x0, 0x20,

    /* U+4FE1 "信" */
    0x0, 0xb, 0x20, 0x6, 0x80, 0x0, 0x0, 0x0,
    0x4d, 0x0, 0x1, 0xe1, 0x0, 0x0, 0x0, 0xb6,
    0x9a, 0xaa, 0xca, 0xaa, 0xa0, 0x4, 0xf1, 0x33,
    0x33, 0x33, 0x33, 0x30, 0x1e, 0xf1, 0x9, 0xaa,
    0xaa, 0xaa, 0x0, 0x9a, 0xd1, 0x3, 0x33, 0x33,
    0x33, 0x0, 0x30, 0xd1, 0x9, 0xaa, 0xaa, 0xaa,
    0x0, 0x0, 0xd1, 0x2, 0x22, 0x22, 0x22, 0x0,
    0x0, 0xd1, 0x2, 0x22, 0x22, 0x22, 0x0, 0x0,
    0xd1, 0xf, 0xaa, 0xaa, 0xaf, 0x10, 0x0, 0xd1,
    0xd, 0x0, 0x0, 0xd, 0x10, 0x0, 0xd1, 0xd,
    0x11, 0x11, 0x1d, 0x10, 0x0, 0xd1, 0xf, 0xcc,
    0xcc, 0xce, 0x10, 0x0, 0x0, 0x0, 0x0, 0x0,
    0x0, 0x0,

    /* U+4FE8 "俨" */
    0x0, 0x5, 0x50, 0x0, 0x0, 0x0, 0x0, 0x0,
    0xe, 0x5e, 0xef, 0xef, 0xee, 0xe1, 0x0, 0x6c,
    0x4, 0xe, 0xd, 0x12, 0x20, 0x0, 0xe4, 0xa,
    0x1e, 0xd, 0x1b, 0x70, 0xa, 0xf1, 0x4, 0x7e,
    0xd, 0x4e, 0x0, 0x6e, 0xf1, 0x3, 0x3f, 0x3d,
    0x45, 0x31, 0x94, 0xe1, 0x2f, 0xbb, 0xbb, 0xbb,
    0xb5, 0x0, 0xe1, 0x2d, 0x0, 0x0, 0x0, 0x0,
    0x0, 0xe1, 0x3d, 0x0, 0x0, 0x0, 0x0, 0x0,
    0xe1, 0x5b, 0x0, 0x0, 0x0, 0x0, 0x0, 0xe1,
    0x89, 0x0, 0x0, 0x0, 0x0, 0x0, 0xe2, 0xe4,
    0x0, 0x0, 0x0, 0x0, 0x0, 0xe5, 0xa0, 0x0,
    0x0, 0x0, 0x0,

    /* U+4FEE "修" */
    0x0, 0x4, 0x0, 0x3, 0x30, 0x0, 0x0, 0x0,
    0x2c, 0x0, 0xd, 0x50, 0x0, 0x0, 0x0, 0x97,
    0x0, 0x7f, 0xdd, 0xdf, 0x80, 0x1, 0xf2, 0x6,
    0xec, 0x20, 0x2d, 0x10, 0xa, 0xf1, 0xb8, 0x21,
    0xc8, 0xd2, 0x0, 0x5e, 0xf1, 0xe0, 0x6, 0xdc,
    0xd6, 0x10, 0x83, 0xe1, 0xea, 0xd9, 0x23, 0x4a,
    0xe2, 0x0, 0xe1, 0xe0, 0x2, 0xaa, 0x0, 0x0,
    0x0, 0xe1, 0xe0, 0x7b, 0x40, 0xa5, 0x0, 0x0,
    0xe1, 0xe0, 0x2, 0x8c, 0x51, 0x60, 0x0, 0xe1,
    0xd0, 0x5b, 0x40, 0x4d, 0x60, 0x0, 0xe1, 0x0,
    0x14, 0x8d, 0xb2, 0x0, 0x0, 0xe1, 0x2, 0xd9,
    0x50, 0x0, 0x0,

    /* U+4FEF "俯" */
    0x0, 0x4, 0x0, 0x0, 0x61, 0x0, 0x0, 0x0,
    0x4a, 0x11, 0x11, 0x87, 0x11, 0x10, 0x0, 0xa5,
    0xdd, 0xdd, 0xdd, 0xdd, 0xd3, 0x1, 0xf0, 0xd1,
    0x8, 0x50, 0xe, 0x0, 0x9, 0xf0, 0xd1, 0xe,
    0x10, 0xe, 0x0, 0x3e, 0xf0, 0xd1, 0x5d, 0x8e,
    0xef, 0xe2, 0x45, 0xf0, 0xd2, 0xed, 0x0, 0xe,
    0x0, 0x0, 0xf0, 0xe6, 0xad, 0x2a, 0xe, 0x0,
    0x0, 0xf0, 0xe0, 0x1d, 0xb, 0x1e, 0x0, 0x0,
    0xf0, 0xe0, 0xd, 0x5, 0x6e, 0x0, 0x0, 0xf3,
    0xb0, 0xd, 0x0, 0xe, 0x0, 0x0, 0xf7, 0x70,
    0xd, 0x0, 0xe, 0x0, 0x0, 0xf7, 0x30, 0xd,
    0x3, 0xec, 0x0, 0x0, 0x0, 0x0, 0x0, 0x0,
    0x0, 0x0,

    /* U+4FF1 "俱" */
    0x0, 0x4, 0x10, 0x0, 0x0, 0x0, 0x0, 0x0,
    0xe, 0x1e, 0xed, 0xdd, 0xee, 0x0, 0x0, 0x7a,
    0xe, 0x10, 0x0, 0x1e, 0x0, 0x1, 0xe3, 0xe,
    0xcc, 0xcc, 0xce, 0x0, 0xb, 0xf1, 0xe, 0x10,
    0x0, 0x1e, 0x0, 0x8d, 0xf1, 0xe, 0xcc, 0xcc,
    0xce, 0x0, 0x92, 0xe1, 0xe, 0x10, 0x0, 0x1e,
    0x0, 0x0, 0xe1, 0xe, 0xcc, 0xcc, 0xce, 0x0,
    0x0, 0xe1, 0xe, 0x10, 0x0, 0x1e, 0x0, 0x0,
    0xe4, 0xee, 0xee, 0xee, 0xee, 0xe3, 0x0, 0xe1,
    0x0, 0x93, 0x3, 0xa1, 0x0, 0x0, 0xe1, 0x2c,
    0x90, 0x0, 0x7e, 0x40, 0x0, 0xe2, 0xd5, 0x0,
    0x0, 0x3, 0xc0, 0x0, 0x0, 0x0, 0x0, 0x0,
    0x0, 0x0,

    /* U+500D "倍" */
    0x0, 0x4, 0x20, 0x1, 0x80, 0x0, 0x0, 0x0,
    0xe, 0x20, 0x0, 0xe2, 0x0, 0x0, 0x0, 0x6b,
    0x5f, 0xff, 0xff, 0xff, 0xb0, 0x0, 0xe4, 0x2,
    0x90, 0x0, 0x85, 0x0, 0x9, 0xf1, 0x0, 0xe1,
    0x0, 0xe1, 0x0, 0x5f, 0xf1, 0x0, 0x83, 0x5,
    0xa0, 0x0, 0x74, 0xe1, 0xde, 0xee, 0xee, 0xee,
    0xe2, 0x0, 0xe1, 0x0, 0x0, 0x0, 0x0, 0x0,
    0x0, 0xe1, 0xb, 0xfe, 0xee, 0xfe, 0x0, 0x0,
    0xe1, 0xb, 0x40, 0x0, 0x1e, 0x0, 0x0, 0xe1,
    0xb, 0x40, 0x0, 0x1e, 0x0, 0x0, 0xe1, 0xb,
    0x73, 0x33, 0x5e, 0x0, 0x0, 0xe1, 0xb, 0xcb,
    0xbb, 0xbe, 0x0, 0x0, 0x0, 0x0, 0x0, 0x0,
    0x0, 0x0,

    /* U+502C "倬" */
    0x0, 0x9, 0x60, 0x1, 0xf0, 0x0, 0x0, 0x0,
    0x1f, 0x10, 0x1, 0xf3, 0x33, 0x30, 0x0, 0x8a,
    0x0, 0x1, 0xfa, 0xaa, 0xa0, 0x2, 0xf3, 0x2,
    0x23, 0xf2, 0x22, 0x0, 0xc, 0xf1, 0x1f, 0xaa,
    0xaa, 0xaf, 0x20, 0x8e, 0xf1, 0x1e, 0x0, 0x0,
    0xe, 0x20, 0x83, 0xe1, 0x1f, 0xbb, 0xbb, 0xbf,
    0x20, 0x0, 0xe1, 0x1e, 0x0, 0x0, 0xe, 0x20,
    0x0, 0xe1, 0x1d, 0xdd, 0xfd, 0xdd, 0x20, 0x0,
    0xe1, 0x0, 0x0, 0xf0, 0x0, 0x0, 0x0, 0xe4,
    0xff, 0xff, 0xff, 0xff, 0xf4, 0x0, 0xe1, 0x0,
    0x0, 0xf0, 0x0, 0x0, 0x0, 0xe1, 0x0, 0x0,
    0xf0, 0x0, 0x0,

    /* U+503C "值" */
    0x0, 0x0, 0x0, 0x0, 0x0, 0x0, 0x0, 0x0,
    0x9, 0x50, 0x0, 0xb5, 0x0, 0x0, 0x0, 0x1f,
    0x21, 0x11, 0xd5, 0x11, 0x10, 0x0, 0x8a, 0x6d,
    0xdd, 0xfd, 0xdd, 0xc0, 0x1, 0xe3, 0x0, 0x2,
    0xc0, 0x0, 0x0, 0xb, 0xf1, 0xb, 0xdd, 0xdd,
    0xdf, 0x10, 0x6e, 0xf1, 0xb, 0x30, 0x0, 0xd,
    0x10, 0x54, 0xe1, 0xb, 0xdc, 0xcc, 0xcf, 0x10,
    0x0, 0xe1, 0xb, 0x30, 0x0, 0xd, 0x10, 0x0,
    0xe1, 0xb, 0xdc, 0xcc, 0xcf, 0x10, 0x0, 0xe1,
    0xb, 0x30, 0x0, 0xd, 0x10, 0x0, 0xe1, 0xb,
    0xdc, 0xcc, 0xcf, 0x10, 0x0, 0xe1, 0xb, 0x30,
    0x0, 0xd, 0x10, 0x0, 0xe2, 0xef, 0xfe, 0xee,
    0xef, 0xe5,

    /* U+5043 "偃" */
    0x0, 0x8, 0x0, 0x0, 0x0, 0x0, 0x0, 0x0,
    0x5b, 0x3f, 0xee, 0xee, 0xee, 0xe1, 0x0, 0xb5,
    0x3b, 0x5, 0x55, 0x55, 0x0, 0x3, 0xf2, 0x3b,
    0x1d, 0x44, 0x4e, 0x10, 0xd, 0xf1, 0x3b, 0x1e,
    0x99, 0x9f, 0x10, 0x8b, 0xd1, 0x3b, 0x1e, 0x66,
    0x6e, 0x10, 0x61, 0xc1, 0x3b, 0x3, 0xa6, 0x33,
    0x0, 0x0, 0xc1, 0x3b, 0xbd, 0xfc, 0xdd, 0xc1,
    0x0, 0xc1, 0x3b, 0x9, 0x60, 0x94, 0x0, 0x0,
    0xc1, 0x3b, 0x7, 0xda, 0xc0, 0x0, 0x0, 0xc1,
    0x3b, 0x47, 0xca, 0xd8, 0x10, 0x0, 0xc1, 0x3b,
    0x87, 0x31, 0x28, 0x20, 0x0, 0xc1, 0x2d, 0xdd,
    0xdd, 0xdd, 0xd5,

    /* U+5048 "偈" */
    0x0, 0x4, 0x20, 0x0, 0x0, 0x0, 0x0, 0x0,
    0xe3, 0xbd, 0xcc, 0xcd, 0xf0, 0x0, 0x7b, 0xb,
    0x30, 0x0, 0xf, 0x0, 0x1e, 0x40, 0xbc, 0xbb,
    0xbb, 0xf0, 0xc, 0xf2, 0xb, 0x74, 0x44, 0x4f,
    0x8, 0xde, 0x20, 0x6d, 0x66, 0x66, 0x60, 0x31,
    0xd2, 0x8, 0xeb, 0xbb, 0xbb, 0x70, 0xd, 0x24,
    0xb2, 0x26, 0x32, 0x7a, 0x0, 0xd3, 0xd5, 0x0,
    0xe1, 0x6, 0x90, 0xd, 0x21, 0xe0, 0xaa, 0xb1,
    0x78, 0x0, 0xd2, 0xe, 0x47, 0x4, 0x58, 0x70,
    0xd, 0x20, 0xab, 0xbb, 0xba, 0xa5, 0x0, 0xd2,
    0x0, 0x0, 0x2, 0xcc, 0x10, 0x0, 0x0, 0x0,
    0x0, 0x0, 0x0,

    /* U+5058 "偘" */
    0x0, 0x5, 0x10, 0x0, 0x0, 0x0, 0x0, 0x2,
    0xe0, 0x9f, 0xff, 0xff, 0x90, 0x0, 0x99, 0x9,
    0x70, 0x0, 0x89, 0x0, 0x2f, 0x20, 0x97, 0x0,
    0x8, 0x90, 0xd, 0xf1, 0x9, 0x92, 0x22, 0x99,
    0x9, 0xdf, 0x10, 0x8d, 0xdd, 0xdd, 0x70, 0x51,
    0xe1, 0x0, 0x0, 0x0, 0x0, 0x0, 0xe, 0x1e,
    0xff, 0xf1, 0xff, 0xfe, 0x0, 0xe1, 0xe1, 0xe,
    0x1f, 0x1, 0xe0, 0xe, 0x1e, 0x10, 0xe1, 0xf0,
    0x1e, 0x0, 0xe1, 0xe1, 0xe, 0x1f, 0x1, 0xe0,
    0xe, 0x1e, 0xdd, 0xf1, 0xfd, 0xde, 0x0, 0xe1,
    0xe3, 0x2d, 0x1f, 0x23, 0xd0,

    /* U+505C "停" */
    0x0, 0x6, 0x30, 0x2, 0xa0, 0x0, 0x0, 0x0,
    0x1e, 0x77, 0x78, 0xf9, 0x77, 0x71, 0x0, 0x7a,
    0x46, 0x66, 0x66, 0x66, 0x61, 0x0, 0xe3, 0x9,
    0xcb, 0xbb, 0xbd, 0x0, 0x9, 0xf1, 0xa, 0x40,
    0x0, 0xf, 0x0, 0x4e, 0xe1, 0x9, 0xcc, 0xcc,
    0xcd, 0x0, 0x65, 0xe1, 0x0, 0x0, 0x0, 0x0,
    0x0, 0x0, 0xe1, 0xec, 0xcc, 0xcc, 0xcc, 0xf3,
    0x0, 0xe1, 0xe1, 0x22, 0x22, 0x22, 0xb3, 0x0,
    0xe1, 0x37, 0xbb, 0xfc, 0xba, 0x20, 0x0, 0xe1,
    0x0, 0x0, 0xe1, 0x0, 0x0, 0x0, 0xe1, 0x0,
    0x0, 0xe1, 0x0, 0x0, 0x0, 0xe1, 0x0, 0xce,
    0xd0, 0x0, 0x0, 0x0, 0x0, 0x0, 0x0, 0x0,
    0x0, 0x0,

    /* U+5099 "備" */
    0x0, 0x0, 0x0, 0x0, 0x0, 0x0, 0x0, 0x0,
    0xe, 0x10, 0x5a, 0x0, 0xf0, 0x0, 0x0, 0x5c,
    0x1, 0x6b, 0x11, 0xf1, 0x10, 0x0, 0xb6, 0x6d,
    0xef, 0xdd, 0xfd, 0xc0, 0x2, 0xf2, 0x0, 0x5a,
    0x0, 0xf0, 0x0, 0xc, 0xf1, 0xdf, 0xff, 0xff,
    0xff, 0xf4, 0x5e, 0xf1, 0x5, 0xd0, 0x0, 0x0,
    0x0, 0x45, 0xe2, 0x7f, 0xed, 0xee, 0xde, 0x90,
    0x0, 0xe8, 0xcd, 0x40, 0x86, 0x5, 0xa0, 0x0,
    0xe1, 0xb, 0xdc, 0xee, 0xce, 0xa0, 0x0, 0xe1,
    0xb, 0x40, 0x86, 0x5, 0xa0, 0x0, 0xe1, 0xb,
    0xdc, 0xee, 0xce, 0xa0, 0x0, 0xe1, 0xb, 0x40,
    0x86, 0x5, 0xa0, 0x0, 0xe1, 0xb, 0x40, 0x86,
    0x4d, 0x60,

    /* U+50B3 "傳" */
    0x0, 0x0, 0x0, 0x0, 0x0, 0x0, 0x0, 0x0,
    0xb, 0x40, 0x0, 0xe1, 0x0, 0x0, 0x0, 0x3f,
    0xbd, 0xdd, 0xfe, 0xdd, 0xd1, 0x0, 0xa9, 0x1,
    0x11, 0xe3, 0x11, 0x10, 0x3, 0xf3, 0x2e, 0xaa,
    0xfb, 0xad, 0x80, 0xd, 0xf1, 0x2e, 0x77, 0xf8,
    0x7b, 0x80, 0xac, 0xf1, 0x2c, 0x22, 0xe3, 0x28,
    0x80, 0x71, 0xe1, 0x2a, 0xaa, 0xfb, 0xde, 0x50,
    0x0, 0xe1, 0x56, 0x77, 0xf9, 0x9f, 0x70, 0x0,
    0xe1, 0x56, 0x55, 0x54, 0xd6, 0x81, 0x0, 0xe3,
    0xdd, 0xdd, 0xdd, 0xfe, 0xd3, 0x0, 0xe1, 0x5,
    0xa0, 0x0, 0xc3, 0x0, 0x0, 0xe1, 0x0, 0x99,
    0x0, 0xc3, 0x0, 0x0, 0xe1, 0x0, 0x1, 0x9e,
    0xd1, 0x0,

    /* U+50E7 "僧" */
    0x0, 0x8, 0x24, 0x60, 0x0, 0x57, 0x0, 0x2,
    0xe0, 0x1e, 0x30, 0x1e, 0x30, 0x0, 0x98, 0x9c,
    0xec, 0xce, 0xfc, 0x80, 0x2f, 0x2c, 0x45, 0xd,
    0x6, 0x5b, 0xc, 0xf1, 0xc3, 0xc1, 0xd2, 0xb4,
    0xb7, 0xdf, 0x1c, 0x23, 0x3d, 0x62, 0x4b, 0x53,
    0xe1, 0xbc, 0xcc, 0xec, 0xcd, 0xa0, 0xe, 0x10,
    0x0, 0x0, 0x0, 0x0, 0x0, 0xe1, 0xf, 0xdd,
    0xdd, 0xde, 0x0, 0xe, 0x10, 0xf4, 0x44, 0x45,
    0xe0, 0x0, 0xe1, 0xf, 0x66, 0x66, 0x7e, 0x0,
    0xe, 0x10, 0xfb, 0xaa, 0xab, 0xe0, 0x0, 0xe1,
    0xf, 0x32, 0x22, 0x4e, 0x0, 0x0, 0x0, 0x0,
    0x0, 0x0, 0x0,

    /* U+5100 "儀" */
    0x0, 0x7, 0x20, 0x90, 0x0, 0x73, 0x0, 0x0,
    0x1e, 0x45, 0xc9, 0x56, 0xf6, 0x50, 0x0, 0x98,
    0x46, 0x66, 0xf7, 0x66, 0x50, 0x2, 0xf2, 0x1b,
    0xbb, 0xfc, 0xbb, 0x50, 0xd, 0xf1, 0x0, 0x0,
    0xe1, 0x0, 0x0, 0x8c, 0xf2, 0xcc, 0xcc, 0xcc,
    0xcc, 0xc4, 0x41, 0xe1, 0x79, 0xbc, 0x3b, 0x3c,
    0x30, 0x0, 0xe1, 0x32, 0xe1, 0xa, 0x31, 0x80,
    0x0, 0xe3, 0xcc, 0xfc, 0xce, 0xdc, 0xc5, 0x0,
    0xe1, 0x0, 0xe5, 0x55, 0x98, 0x60, 0x0, 0xe3,
    0xcb, 0xf7, 0x41, 0xea, 0x0, 0x0, 0xe1, 0x0,
    0xd1, 0x3c, 0xe7, 0x36, 0x0, 0xe1, 0x2c, 0xd0,
    0x94, 0xb, 0xe3, 0x0, 0x0, 0x0, 0x0, 0x0,
    0x0, 0x0,

    /* U+513C "儼" */
    0x0, 0x7, 0x0, 0x0, 0x0, 0x0, 0x0, 0x0,
    0x5a, 0x6d, 0xbe, 0x2d, 0xbb, 0xe0, 0x0, 0xb4,
    0x69, 0x3c, 0x2d, 0x33, 0xe0, 0x2, 0xf0, 0x26,
    0x66, 0x15, 0x66, 0x60, 0xc, 0xf0, 0xdd, 0xcc,
    0xcc, 0xdd, 0xc5, 0x5d, 0xf0, 0xd5, 0x88, 0x80,
    0xc1, 0x0, 0x23, 0xe0, 0xd2, 0x26, 0xa0, 0xe7,
    0x72, 0x0, 0xe0, 0xeb, 0xcb, 0xfa, 0xc5, 0xd2,
    0x0, 0xe0, 0xe5, 0xa8, 0xfb, 0xd2, 0xa0, 0x0,
    0xe0, 0xe5, 0x72, 0xf5, 0x9a, 0x60, 0x0, 0xe4,
    0xb5, 0xca, 0xf0, 0x3f, 0x0, 0x0, 0xe8, 0x8a,
    0xba, 0xf6, 0x9c, 0x80, 0x0, 0xe7, 0x13, 0x10,
    0xf8, 0x40, 0x85, 0x0, 0x0, 0x0, 0x0, 0x0,
    0x0, 0x0,

    /* U+5143 "元" */
    0x0, 0xde, 0xee, 0xee, 0xee, 0xee, 0x0, 0x0,
    0x11, 0x11, 0x11, 0x11, 0x11, 0x0, 0x0, 0x0,
    0x0, 0x0, 0x0, 0x0, 0x0, 0x0, 0x0, 0x0,
    0x0, 0x0, 0x0, 0x0, 0x2f, 0xff, 0xff, 0xff,
    0xff, 0xff, 0xf2, 0x1, 0x11, 0xb7, 0x11, 0xd4,
    0x11, 0x10, 0x0, 0x0, 0xc5, 0x0, 0xd3, 0x0,
    0x0, 0x0, 0x0, 0xf2, 0x0, 0xd3, 0x0, 0x0,
    0x0, 0x5, 0xd0, 0x0, 0xd3, 0x0, 0x51, 0x0,
    0x1e, 0x60, 0x0, 0xd3, 0x0, 0xa5, 0x2, 0xca,
    0x0, 0x0, 0xd4, 0x0, 0xc3, 0x1e, 0x70, 0x0,
    0x0, 0x8f, 0xff, 0xc0, 0x0, 0x0, 0x0, 0x0,
    0x0, 0x0, 0x0,

    /* U+5146 "兆" */
    0x0, 0x0, 0x1e, 0x0, 0xf0, 0x0, 0x0, 0x6,
    0x50, 0x1e, 0x0, 0xf0, 0x7, 0x70, 0x3, 0xe1,
    0x1e, 0x0, 0xf0, 0x1e, 0x30, 0x0, 0x8a, 0x1e,
    0x0, 0xf0, 0x99, 0x0, 0x0, 0x1e, 0x3e, 0x0,
    0xf3, 0xd0, 0x0, 0x0, 0x0, 0x1e, 0x0, 0xf1,
    0x0, 0x0, 0x0, 0x0, 0x7d, 0x0, 0xfe, 0x70,
    0x0, 0x1, 0x8e, 0xdc, 0x0, 0xf2, 0xbd, 0x20,
    0x1f, 0xa2, 0x79, 0x0, 0xf0, 0x7, 0xf3, 0x1,
    0x0, 0xd4, 0x0, 0xf0, 0x0, 0x30, 0x0, 0x8,
    0xc0, 0x0, 0xf0, 0x0, 0x43, 0x0, 0x9e, 0x10,
    0x0, 0xf2, 0x0, 0xa6, 0xd, 0xb1, 0x0, 0x0,
    0x9f, 0xff, 0xd1, 0x1, 0x0, 0x0, 0x0, 0x0,
    0x0, 0x0,

    /* U+5148 "先" */
    0x0, 0x6, 0x30, 0x88, 0x0, 0x0, 0x0, 0x0,
    0xe, 0x30, 0x88, 0x0, 0x0, 0x0, 0x0, 0x4f,
    0xcc, 0xee, 0xcc, 0xcc, 0x10, 0x0, 0xc8, 0x33,
    0xaa, 0x33, 0x33, 0x0, 0x5, 0xd0, 0x0, 0x88,
    0x0, 0x0, 0x0, 0x0, 0x20, 0x0, 0x88, 0x0,
    0x0, 0x0, 0x2f, 0xff, 0xff, 0xff, 0xff, 0xff,
    0xf2, 0x0, 0x0, 0x98, 0x0, 0xb5, 0x0, 0x0,
    0x0, 0x0, 0xb5, 0x0, 0xb5, 0x0, 0x0, 0x0,
    0x1, 0xf1, 0x0, 0xb5, 0x0, 0x10, 0x0, 0x9,
    0xa0, 0x0, 0xb5, 0x0, 0xa4, 0x0, 0x9d, 0x10,
    0x0, 0xb6, 0x0, 0xc3, 0x1e, 0xa1, 0x0, 0x0,
    0x6f, 0xff, 0xc0, 0x1, 0x0, 0x0, 0x0, 0x0,
    0x0, 0x0,

    /* U+5149 "光" */
    0x0, 0x10, 0x0, 0x6a, 0x0, 0x3, 0x0, 0x0,
    0xb6, 0x0, 0x6a, 0x0, 0x1f, 0x20, 0x0, 0x3e,
    0x0, 0x6a, 0x0, 0x7a, 0x0, 0x0, 0xc, 0x60,
    0x6a, 0x0, 0xe2, 0x0, 0x0, 0x6, 0x70, 0x6a,
    0x3, 0x80, 0x0, 0x2, 0x22, 0x22, 0x8b, 0x22,
    0x22, 0x21, 0xc, 0xcc, 0xdf, 0xcc, 0xee, 0xcc,
    0xc5, 0x0, 0x0, 0x7a, 0x0, 0x96, 0x0, 0x0,
    0x0, 0x0, 0xa8, 0x0, 0x96, 0x0, 0x0, 0x0,
    0x0, 0xf3, 0x0, 0x96, 0x0, 0x0, 0x0, 0xa,
    0xc0, 0x0, 0x96, 0x0, 0x78, 0x4, 0xbd, 0x10,
    0x0, 0x97, 0x0, 0x97, 0x2d, 0x70, 0x0, 0x0,
    0x5f, 0xff, 0xe2, 0x0, 0x0, 0x0, 0x0, 0x0,
    0x0, 0x0,

    /* U+514B "克" */
    0x0, 0x0, 0x0, 0x97, 0x0, 0x0, 0x0, 0x2,
    0x22, 0x22, 0xa9, 0x22, 0x22, 0x20, 0xd, 0xdd,
    0xdd, 0xee, 0xdd, 0xdd, 0xd1, 0x0, 0x0, 0x0,
    0x97, 0x0, 0x0, 0x0, 0x0, 0x7e, 0xee, 0xff,
    0xee, 0xe8, 0x0, 0x0, 0x78, 0x0, 0x0, 0x0,
    0x88, 0x0, 0x0, 0x78, 0x0, 0x0, 0x0, 0x88,
    0x0, 0x0, 0x7e, 0xdd, 0xdd, 0xdd, 0xe8, 0x0,
    0x0, 0x1, 0x7c, 0x12, 0xf1, 0x10, 0x0, 0x0,
    0x0, 0xa8, 0x1, 0xf0, 0x0, 0x0, 0x0, 0x3,
    0xf1, 0x1, 0xf0, 0x0, 0x95, 0x1, 0x7f, 0x60,
    0x1, 0xf1, 0x0, 0xb4, 0x2f, 0xa3, 0x0, 0x0,
    0xbf, 0xff, 0xc0, 0x0, 0x0, 0x0, 0x0, 0x0,
    0x0, 0x0,

    /* U+5165 "入" */
    0x0, 0x0, 0x20, 0x0, 0x0, 0x0, 0x0, 0x0,
    0x0, 0x9c, 0x10, 0x0, 0x0, 0x0, 0x0, 0x0,
    0xa, 0xc0, 0x0, 0x0, 0x0, 0x0, 0x0, 0x0,
    0xd8, 0x0, 0x0, 0x0, 0x0, 0x0, 0x0, 0xdf,
    0x10, 0x0, 0x0, 0x0, 0x0, 0x2, 0xfa, 0x90,
    0x0, 0x0, 0x0, 0x0, 0x7, 0xb1, 0xf2, 0x0,
    0x0, 0x0, 0x0, 0xe, 0x50, 0x8b, 0x0, 0x0,
    0x0, 0x0, 0x8c, 0x0, 0x1f, 0x50, 0x0, 0x0,
    0x4, 0xf3, 0x0, 0x7, 0xe1, 0x0, 0x0, 0x3f,
    0x70, 0x0, 0x0, 0xbc, 0x10, 0x7, 0xf8, 0x0,
    0x0, 0x0, 0x1c, 0xe2, 0x2d, 0x50, 0x0, 0x0,
    0x0, 0x0, 0x92, 0x0, 0x0, 0x0, 0x0, 0x0,
    0x0, 0x0,

    /* U+5167 "內" */
    0x0, 0x1, 0x70, 0x0, 0x0, 0x0, 0x0, 0x0,
    0xba, 0x0, 0x0, 0x0, 0x0, 0x0, 0xd, 0x50,
    0x0, 0x0, 0x3d, 0xdd, 0xde, 0xfd, 0xdd, 0xdc,
    0x3d, 0x22, 0x2a, 0xf7, 0x22, 0x4e, 0x3c, 0x0,
    0xe, 0x8b, 0x0, 0x1e, 0x3c, 0x0, 0x6a, 0xe,
    0x30, 0x1e, 0x3c, 0x3, 0xf2, 0x7, 0xd1, 0x1e,
    0x3d, 0x7f, 0x50, 0x0, 0xae, 0x6e, 0x3c, 0x73,
    0x0, 0x0, 0x5, 0x4e, 0x3c, 0x0, 0x0, 0x0,
    0x0, 0x1e, 0x3c, 0x0, 0x0, 0x0, 0x1, 0x3e,
    0x3c, 0x0, 0x0, 0x0, 0x5f, 0xe8,

    /* U+5168 "全" */
    0x0, 0x0, 0x0, 0x0, 0x0, 0x0, 0x0, 0x0,
    0x0, 0x0, 0x9a, 0x0, 0x0, 0x0, 0x0, 0x0,
    0x6, 0xdd, 0x70, 0x0, 0x0, 0x0, 0x0, 0x6d,
    0x11, 0xd8, 0x0, 0x0, 0x0, 0x9, 0xd2, 0x0,
    0x1c, 0xa1, 0x0, 0x4, 0xda, 0x0, 0x0, 0x0,
    0x9e, 0x60, 0x5e, 0x8d, 0xcc, 0xcc, 0xcc, 0xc9,
    0xe6, 0x0, 0x1, 0x11, 0x99, 0x11, 0x10, 0x0,
    0x0, 0x0, 0x0, 0x88, 0x0, 0x0, 0x0, 0x0,
    0x1a, 0xaa, 0xdd, 0xaa, 0xa3, 0x0, 0x0, 0x3,
    0x33, 0xaa, 0x33, 0x31, 0x0, 0x0, 0x0, 0x0,
    0x88, 0x0, 0x0, 0x0, 0x0, 0x0, 0x0, 0x88,
    0x0, 0x0, 0x0, 0xe, 0xff, 0xff, 0xff, 0xff,
    0xff, 0xf0,

    /* U+516B "八" */
    0x0, 0x0, 0x50, 0x0, 0xa0, 0x0, 0x0, 0x0,
    0x0, 0xf1, 0x0, 0xe1, 0x0, 0x0, 0x0, 0x2,
    0xf0, 0x0, 0xc4, 0x0, 0x0, 0x0, 0x4, 0xd0,
    0x0, 0xa7, 0x0, 0x0, 0x0, 0x7, 0xa0, 0x0,
    0x6a, 0x0, 0x0, 0x0, 0xa, 0x70, 0x0, 0x3e,
    0x0, 0x0, 0x0, 0xe, 0x30, 0x0, 0xd, 0x40,
    0x0, 0x0, 0x4d, 0x0, 0x0, 0x7, 0xa0, 0x0,
    0x0, 0xb7, 0x0, 0x0, 0x1, 0xf2, 0x0, 0x4,
    0xf1, 0x0, 0x0, 0x0, 0x9b, 0x0, 0x2e, 0x50,
    0x0, 0x0, 0x0, 0xd, 0x90, 0x77, 0x0, 0x0,
    0x0, 0x0, 0x2, 0xd2, 0x0, 0x0, 0x0, 0x0,
    0x0, 0x0, 0x0,

    /* U+516C "公" */
    0x0, 0x0, 0x0, 0x0, 0x1, 0x0, 0x0, 0x0,
    0x0, 0xc6, 0x0, 0x7c, 0x0, 0x0, 0x0, 0x5,
    0xe0, 0x0, 0xd, 0x60, 0x0, 0x0, 0xd, 0x60,
    0x0, 0x4, 0xf2, 0x0, 0x0, 0xac, 0x0, 0x10,
    0x0, 0x9d, 0x0, 0x9, 0xd1, 0x0, 0xe6, 0x0,
    0xc, 0xc1, 0x1b, 0x20, 0x8, 0xd0, 0x0, 0x1,
    0xb2, 0x0, 0x0, 0x1f, 0x40, 0x0, 0x0, 0x0,
    0x0, 0x0, 0xba, 0x0, 0x2d, 0x10, 0x0, 0x0,
    0x6, 0xd0, 0x0, 0x9, 0xb0, 0x0, 0x0, 0x3e,
    0x20, 0x12, 0x34, 0xf7, 0x0, 0x0, 0xff, 0xff,
    0xfe, 0xdc, 0xbf, 0x20, 0x0, 0x43, 0x10, 0x0,
    0x0, 0x9, 0xa0, 0x0, 0x0, 0x0, 0x0, 0x0,
    0x0, 0x0,

    /* U+516D "六" */
    0x0, 0x0, 0x1, 0x80, 0x0, 0x0, 0x0, 0x0,
    0x0, 0x0, 0xe5, 0x0, 0x0, 0x0, 0x0, 0x0,
    0x0, 0x7d, 0x0, 0x0, 0x0, 0x0, 0x0, 0x0,
    0x27, 0x10, 0x0, 0x0, 0x3f, 0xff, 0xff, 0xff,
    0xff, 0xff, 0xf3, 0x0, 0x0, 0x0, 0x0, 0x0,
    0x0, 0x0, 0x0, 0x0, 0x30, 0x0, 0x13, 0x0,
    0x0, 0x0, 0x2, 0xf3, 0x0, 0x3f, 0x20, 0x0,
    0x0, 0xb, 0xa0, 0x0, 0x8, 0xc0, 0x0, 0x0,
    0x4f, 0x10, 0x0, 0x0, 0xd7, 0x0, 0x1, 0xe7,
    0x0, 0x0, 0x0, 0x3f, 0x20, 0xb, 0xc0, 0x0,
    0x0, 0x0, 0x9, 0xc0, 0x2c, 0x10, 0x0, 0x0,
    0x0, 0x1, 0xb1, 0x0, 0x0, 0x0, 0x0, 0x0,
    0x0, 0x0,

    /* U+5171 "共" */
    0x0, 0x0, 0xd3, 0x0, 0xc, 0x40, 0x0, 0x0,
    0x0, 0xd3, 0x0, 0xc, 0x40, 0x0, 0x0, 0x0,
    0xd3, 0x0, 0xc, 0x40, 0x0, 0x8, 0xff, 0xff,
    0xff, 0xff, 0xff, 0xf1, 0x0, 0x0, 0xd4, 0x0,
    0xc, 0x50, 0x0, 0x0, 0x0, 0xd3, 0x0, 0xc,
    0x40, 0x0, 0x0, 0x0, 0xd3, 0x0, 0xc, 0x40,
    0x0, 0x3, 0x33, 0xe6, 0x33, 0x3d, 0x73, 0x32,
    0x1c, 0xcc, 0xcc, 0xcc, 0xcc, 0xcc, 0xc7, 0x0,
    0x0, 0x22, 0x0, 0x3, 0x0, 0x0, 0x0, 0x2,
    0xe6, 0x0, 0x2e, 0x80, 0x0, 0x0, 0x5e, 0x60,
    0x0, 0x1, 0xbc, 0x10, 0x8, 0xe4, 0x0, 0x0,
    0x0, 0x9, 0xe1, 0x1, 0x0, 0x0, 0x0, 0x0,
    0x0, 0x20,

    /* U+5173 "关" */
    0x0, 0x7, 0x30, 0x0, 0x3, 0xa0, 0x0, 0x0,
    0x4, 0xe0, 0x0, 0xb, 0x70, 0x0, 0x0, 0x0,
    0xb3, 0x0, 0x4d, 0x0, 0x0, 0x2, 0xff, 0xff,
    0xff, 0xff, 0xff, 0x50, 0x0, 0x11, 0x11, 0x9a,
    0x11, 0x11, 0x0, 0x0, 0x0, 0x0, 0x8a, 0x0,
    0x0, 0x0, 0x1, 0x11, 0x11, 0x9a, 0x11, 0x11,
    0x10, 0xf, 0xff, 0xff, 0xff, 0xff, 0xff, 0xf1,
    0x0, 0x0, 0x1, 0xff, 0x40, 0x0, 0x0, 0x0,
    0x0, 0xa, 0xc4, 0xe1, 0x0, 0x0, 0x0, 0x1,
    0xae, 0x20, 0x8d, 0x20, 0x0, 0x0, 0x6e, 0xc2,
    0x0, 0x7, 0xf8, 0x20, 0x1e, 0xc5, 0x0, 0x0,
    0x0, 0x3b, 0xf2, 0x1, 0x0, 0x0, 0x0, 0x0,
    0x0, 0x0,

    /* U+5174 "兴" */
    0x0, 0x0, 0x4, 0x20, 0x0, 0x0, 0x0, 0x5,
    0x0, 0x8, 0xa0, 0x0, 0x4, 0xf1, 0xa, 0x80,
    0x1, 0xf1, 0x0, 0xc, 0x80, 0x1, 0xe2, 0x0,
    0xb6, 0x0, 0x4f, 0x10, 0x0, 0x8a, 0x0, 0x69,
    0x0, 0xd6, 0x0, 0x0, 0x1c, 0x0, 0x0, 0x7,
    0xc0, 0x0, 0x0, 0x0, 0x0, 0x0, 0x5, 0x20,
    0x0, 0x1f, 0xff, 0xff, 0xff, 0xff, 0xff, 0xf7,
    0x0, 0x0, 0x20, 0x0, 0x1, 0x0, 0x0, 0x0,
    0x3, 0xf3, 0x0, 0xd, 0x70, 0x0, 0x0, 0x2e,
    0x60, 0x0, 0x1, 0xd8, 0x0, 0x4, 0xe7, 0x0,
    0x0, 0x0, 0x1d, 0x80, 0xc, 0x50, 0x0, 0x0,
    0x0, 0x2, 0xd2, 0x0, 0x0, 0x0, 0x0, 0x0,
    0x0, 0x0,

    /* U+5176 "其" */
    0x0, 0x7, 0x80, 0x0, 0x3, 0xd0, 0x0, 0x0,
    0x8, 0x90, 0x0, 0x4, 0xd0, 0x0, 0xa, 0xef,
    0xfe, 0xee, 0xef, 0xfe, 0xe1, 0x0, 0x7, 0x80,
    0x0, 0x3, 0xd0, 0x0, 0x0, 0x7, 0xfe, 0xee,
    0xee, 0xd0, 0x0, 0x0, 0x7, 0x80, 0x0, 0x3,
    0xd0, 0x0, 0x0, 0x7, 0x91, 0x11, 0x14, 0xd0,
    0x0, 0x0, 0x7, 0xec, 0xcc, 0xcd, 0xd0, 0x0,
    0x0, 0x7, 0x80, 0x0, 0x3, 0xd0, 0x0, 0x1e,
    0xef, 0xfe, 0xee, 0xef, 0xfe, 0xe6, 0x0, 0x0,
    0x58, 0x0, 0x47, 0x10, 0x0, 0x0, 0x6c, 0xc4,
    0x0, 0x29, 0xe9, 0x20, 0xc, 0xa4, 0x0, 0x0,
    0x0, 0x7, 0xd1, 0x0, 0x0, 0x0, 0x0, 0x0,
    0x0, 0x0,

    /* U+5177 "具" */
    0x0, 0xd, 0xed, 0xdd, 0xdd, 0xf6, 0x0, 0x0,
    0xd, 0x20, 0x0, 0x0, 0xa6, 0x0, 0x0, 0xd,
    0xdc, 0xcc, 0xcc, 0xe6, 0x0, 0x0, 0xd, 0x20,
    0x0, 0x0, 0xa6, 0x0, 0x0, 0xd, 0xdc, 0xcc,
    0xcc, 0xe6, 0x0, 0x0, 0xd, 0x20, 0x0, 0x0,
    0xa6, 0x0, 0x0, 0xd, 0xdc, 0xcc, 0xcc, 0xe6,
    0x0, 0x0, 0xd, 0x20, 0x0, 0x0, 0xa6, 0x0,
    0x1f, 0xff, 0xff, 0xff, 0xff, 0xff, 0xf7, 0x0,
    0x1, 0xa5, 0x0, 0x1c, 0x60, 0x0, 0x1, 0x7e,
    0x80, 0x0, 0x3, 0xbd, 0x50, 0xd, 0xa2, 0x0,
    0x0, 0x0, 0x4, 0xe5, 0x0, 0x0, 0x0, 0x0,
    0x0, 0x0, 0x0,

    /* U+5178 "典" */
    0x0, 0x0, 0x3b, 0x3, 0xc0, 0x0, 0x0, 0x0,
    0x0, 0x4c, 0x3, 0xc0, 0x0, 0x0, 0x4, 0xfe,
    0xff, 0xef, 0xfe, 0xfe, 0x0, 0x4, 0xc0, 0x3b,
    0x3, 0xc0, 0x1e, 0x0, 0x4, 0xc0, 0x3b, 0x3,
    0xc0, 0x1e, 0x0, 0x4, 0xfe, 0xff, 0xef, 0xfe,
    0xfe, 0x0, 0x4, 0xc0, 0x4c, 0x3, 0xc0, 0x2e,
    0x0, 0x4, 0xc0, 0x3b, 0x3, 0xc0, 0x1e, 0x0,
    0x4, 0xc0, 0x4c, 0x3, 0xc0, 0x2f, 0x0, 0xae,
    0xee, 0xee, 0xee, 0xee, 0xee, 0xe3, 0x0, 0x1,
    0xa2, 0x0, 0x77, 0x0, 0x0, 0x1, 0x7e, 0x70,
    0x0, 0x19, 0xe6, 0x0, 0x3e, 0xa2, 0x0, 0x0,
    0x0, 0x3d, 0x90, 0x1, 0x0, 0x0, 0x0, 0x0,
    0x0, 0x0,

    /* U+5179 "兹" */
    0x0, 0xa, 0x40, 0x0, 0x6, 0xa0, 0x0, 0x0,
    0x5, 0xe0, 0x0, 0x1e, 0x30, 0x0, 0x1b, 0xbb,
    0xfb, 0xbb, 0xde, 0xbb, 0xb3, 0x3, 0x3b, 0x73,
    0x33, 0x3c, 0x63, 0x30, 0x0, 0x2d, 0x0, 0x0,
    0x4c, 0x0, 0x0, 0x0, 0xb4, 0x7, 0x30, 0xc2,
    0x8, 0x20, 0x6, 0x90, 0x3e, 0x18, 0x71, 0x6d,
    0x0, 0x1f, 0xfe, 0xf4, 0x3f, 0xfe, 0xf2, 0x0,
    0x1, 0x9, 0x90, 0x1, 0xb, 0x60, 0x0, 0x0,
    0x5b, 0x2a, 0x0, 0x89, 0xd, 0x0, 0x4, 0xd1,
    0x2d, 0x36, 0xb1, 0x2b, 0x80, 0x2f, 0xfd, 0xbb,
    0xdf, 0xfd, 0xb9, 0xe0, 0x2, 0x0, 0x1, 0x62,
    0x0, 0x0, 0x71,

    /* U+517B "养" */
    0x0, 0x2, 0x70, 0x0, 0x6, 0x30, 0x0, 0x0,
    0x0, 0xd3, 0x0, 0x2e, 0x10, 0x0, 0x7, 0xdd,
    0xdd, 0xff, 0xdd, 0xdd, 0x90, 0x0, 0x0, 0x0,
    0xa6, 0x0, 0x0, 0x0, 0x0, 0xbc, 0xcd, 0xfc,
    0xcc, 0xcc, 0x0, 0x0, 0x0, 0x9, 0xa0, 0x0,
    0x0, 0x0, 0x2c, 0xcc, 0xff, 0xcc, 0xef, 0xcc,
    0xc1, 0x0, 0x2a, 0xe2, 0x0, 0x2c, 0xa1, 0x0,
    0x3c, 0xe7, 0xc4, 0x0, 0x6a, 0x5e, 0xc2, 0x4,
    0x0, 0xd3, 0x0, 0x6a, 0x0, 0x40, 0x0, 0x4,
    0xe0, 0x0, 0x6a, 0x0, 0x0, 0x0, 0x5e, 0x50,
    0x0, 0x6a, 0x0, 0x0, 0x3, 0xd4, 0x0, 0x0,
    0x6a, 0x0, 0x0, 0x0, 0x0, 0x0, 0x0, 0x0,
    0x0, 0x0,

    /* U+517C "兼" */
    0x0, 0xa, 0x30, 0x0, 0x2, 0xb0, 0x0, 0x0,
    0x5, 0xe1, 0x0, 0xd, 0x70, 0x0, 0xe, 0xee,
    0xfe, 0xee, 0xef, 0xee, 0xe0, 0x0, 0x0, 0xf,
    0x1, 0xe0, 0x0, 0x0, 0x0, 0xcc, 0xcf, 0xcd,
    0xfc, 0xca, 0x0, 0x0, 0x0, 0xf, 0x1, 0xe0,
    0x2d, 0x0, 0x3d, 0xdd, 0xdf, 0xdd, 0xfd, 0xef,
    0xd3, 0x0, 0x0, 0x1f, 0x2, 0xe0, 0x3d, 0x0,
    0x0, 0x22, 0x3f, 0x24, 0xe2, 0x5d, 0x0, 0x1,
    0xaa, 0xff, 0xab, 0xfe, 0xa8, 0x0, 0x0, 0xa,
    0xbf, 0x1, 0xfa, 0xa0, 0x0, 0x6, 0xd7, 0x1f,
    0x1, 0xe0, 0x6d, 0x71, 0x29, 0x20, 0xf, 0x1,
    0xe0, 0x1, 0x81,

    /* U+517D "兽" */
    0x0, 0x0, 0x90, 0x0, 0x6, 0x40, 0x0, 0x0,
    0x0, 0x88, 0x0, 0x2e, 0x10, 0x0, 0x0, 0xec,
    0xcc, 0xcd, 0xcc, 0xbe, 0x30, 0x0, 0xf0, 0x0,
    0x5a, 0x0, 0xb, 0x40, 0x0, 0xfb, 0xbb, 0xce,
    0xbb, 0xbe, 0x40, 0x0, 0xf0, 0x0, 0x5a, 0x0,
    0xb, 0x40, 0x0, 0xbb, 0xbb, 0xbb, 0xbb, 0xbb,
    0x30, 0x7, 0x77, 0x77, 0x77, 0x77, 0x77, 0x73,
    0x4, 0x44, 0x44, 0x44, 0x44, 0x44, 0x42, 0x0,
    0x6e, 0xee, 0xee, 0xee, 0xec, 0x0, 0x0, 0x78,
    0x0, 0x0, 0x0, 0x2d, 0x0, 0x0, 0x7d, 0x99,
    0x99, 0x99, 0xad, 0x0, 0x0, 0x79, 0x22, 0x22,
    0x22, 0x4d, 0x0,

    /* U+5185 "内" */
    0x0, 0x0, 0xc, 0x40, 0x0, 0x0, 0x0, 0x0,
    0xc, 0x40, 0x0, 0x0, 0x12, 0x22, 0x2c, 0x62,
    0x22, 0x20, 0xde, 0xee, 0xef, 0xee, 0xee, 0xf5,
    0xd3, 0x0, 0xd, 0x30, 0x0, 0xb5, 0xd3, 0x0,
    0x1f, 0x20, 0x0, 0xb5, 0xd3, 0x0, 0x6e, 0xd2,
    0x0, 0xb5, 0xd3, 0x2, 0xe2, 0x5e, 0x20, 0xb5,
    0xd3, 0x3d, 0x70, 0x5, 0xe2, 0xb5, 0xd5, 0xe6,
    0x0, 0x0, 0x6a, 0xb5, 0xd3, 0x0, 0x0, 0x0,
    0x0, 0xb5, 0xd3, 0x0, 0x0, 0x0, 0x11, 0xc5,
    0xd3, 0x0, 0x0, 0x0, 0xff, 0xc1,

    /* U+518D "再" */
    0xb, 0xff, 0xff, 0xff, 0xff, 0xff, 0xf2, 0x0,
    0x0, 0x0, 0x5b, 0x0, 0x0, 0x0, 0x0, 0x6c,
    0xcc, 0xde, 0xcc, 0xcc, 0x0, 0x0, 0x89, 0x22,
    0x7c, 0x22, 0x3f, 0x0, 0x0, 0x87, 0x0, 0x5b,
    0x0, 0xf, 0x0, 0x0, 0x8f, 0xee, 0xff, 0xee,
    0xef, 0x0, 0x0, 0x87, 0x0, 0x5b, 0x0, 0xf,
    0x0, 0x0, 0x97, 0x0, 0x6b, 0x0, 0x1f, 0x0,
    0x3e, 0xff, 0xee, 0xee, 0xee, 0xff, 0xea, 0x0,
    0x87, 0x0, 0x0, 0x0, 0xf, 0x0, 0x0, 0x87,
    0x0, 0x0, 0x0, 0x1f, 0x0, 0x0, 0x87, 0x0,
    0x0, 0x4f, 0xfa, 0x0,

    /* U+5199 "写" */
    0xef, 0xff, 0xff, 0xff, 0xff, 0xfe, 0xe1, 0x9,
    0x10, 0x0, 0x0, 0x2e, 0xa1, 0x1f, 0x0, 0x0,
    0x0, 0x2a, 0x0, 0x4f, 0xee, 0xee, 0xee, 0x20,
    0x0, 0x79, 0x0, 0x0, 0x0, 0x0, 0x0, 0xb8,
    0x33, 0x33, 0x33, 0x10, 0x0, 0xab, 0xbb, 0xbb,
    0xbe, 0x70, 0x0, 0x0, 0x0, 0x0, 0xa, 0x50,
    0xbf, 0xff, 0xff, 0xff, 0x3c, 0x40, 0x0, 0x0,
    0x0, 0x0, 0xf, 0x10, 0x0, 0x0, 0x0, 0x0,
    0x5d, 0x0, 0x0, 0x0, 0x4, 0xff, 0xd4, 0x0,
    0x0, 0x0, 0x0, 0x0, 0x0, 0x0,

    /* U+51A0 "冠" */
    0xe, 0xff, 0xff, 0xff, 0xff, 0xff, 0xf2, 0xe,
    0x20, 0x0, 0x0, 0x0, 0x0, 0xe2, 0x6, 0x32,
    0x22, 0x10, 0x0, 0x1d, 0x60, 0x3, 0xcc, 0xcc,
    0x70, 0x0, 0x1e, 0x0, 0x0, 0x0, 0x0, 0x9,
    0xaa, 0xbf, 0xa5, 0x3d, 0xdd, 0xdd, 0xd4, 0x70,
    0x1e, 0x0, 0x1, 0xb6, 0x3d, 0x10, 0xd4, 0x1e,
    0x0, 0x0, 0xb4, 0x2d, 0x0, 0x5a, 0x1e, 0x0,
    0x0, 0xe3, 0x2d, 0x0, 0x0, 0x1e, 0x0, 0x2,
    0xe0, 0x2d, 0x0, 0x9, 0xdc, 0x47, 0xa, 0x80,
    0x2e, 0x0, 0x1, 0x10, 0x88, 0x4c, 0x0, 0xa,
    0xee, 0xee, 0xef, 0xd2, 0x0, 0x0, 0x0, 0x0,
    0x0, 0x0, 0x0,

    /* U+51B0 "冰" */
    0x0, 0x0, 0x0, 0x0, 0xf1, 0x0, 0x0, 0x29,
    0x10, 0x0, 0x0, 0xf1, 0x0, 0x0, 0x9, 0xe3,
    0x0, 0x0, 0xf1, 0x0, 0x0, 0x0, 0x75, 0x11,
    0x10, 0xf4, 0x2, 0xc0, 0x0, 0x1, 0xff, 0xf7,
    0xf9, 0x1d, 0x50, 0x0, 0x0, 0x0, 0xc3, 0xfd,
    0xd6, 0x0, 0x0, 0x12, 0x2, 0xf0, 0xfa, 0x80,
    0x0, 0x0, 0x89, 0x8, 0x90, 0xf3, 0xc0, 0x0,
    0x1, 0xf1, 0xe, 0x30, 0xf1, 0xa7, 0x0, 0xb,
    0x80, 0xa9, 0x0, 0xf1, 0x1e, 0x70, 0x3e, 0x7,
    0xc1, 0x0, 0xf1, 0x3, 0xe6, 0x1, 0x1, 0x10,
    0x11, 0xf1, 0x0, 0x20, 0x0, 0x0, 0x0, 0xcf,
    0xb0, 0x0, 0x0, 0x0, 0x0, 0x0, 0x0, 0x0,
    0x0, 0x0,

    /* U+51B2 "冲" */
    0x0, 0x0, 0x0, 0x0, 0xc4, 0x0, 0x0, 0xb,
    0x40, 0x0, 0x0, 0xc4, 0x0, 0x0, 0x4, 0xe5,
    0x1, 0x11, 0xc5, 0x11, 0x10, 0x0, 0x4c, 0x1f,
    0xff, 0xff, 0xff, 0xf2, 0x0, 0x0, 0x1e, 0x0,
    0xc4, 0x0, 0xe2, 0x0, 0x0, 0x1e, 0x0, 0xc4,
    0x0, 0xe2, 0x0, 0x5, 0x1e, 0x0, 0xc4, 0x0,
    0xe2, 0x0, 0x4d, 0x1f, 0xee, 0xff, 0xee, 0xf2,
    0x0, 0xc5, 0x1e, 0x11, 0xc5, 0x11, 0xe2, 0x6,
    0xd0, 0x3, 0x0, 0xc4, 0x0, 0x20, 0x1e, 0x50,
    0x0, 0x0, 0xc4, 0x0, 0x0, 0x7, 0x0, 0x0,
    0x0, 0xc4, 0x0, 0x0, 0x0, 0x0, 0x0, 0x0,
    0xc4, 0x0, 0x0,

    /* U+51C0 "净" */
    0x2, 0x0, 0x0, 0x96, 0x0, 0x0, 0x0, 0x1e,
    0x30, 0x2, 0xfd, 0xcc, 0x90, 0x0, 0x6, 0xd0,
    0xb, 0x72, 0x2b, 0x70, 0x0, 0x0, 0xd6, 0x8d,
    0x0, 0x3e, 0x0, 0x0, 0x0, 0x34, 0xde, 0xef,
    0xfe, 0xef, 0x50, 0x0, 0x0, 0x0, 0x2, 0xd0,
    0xa, 0x50, 0x0, 0x1, 0xee, 0xef, 0xfe, 0xef,
    0xf7, 0x0, 0x47, 0x0, 0x2, 0xd0, 0xa, 0x50,
    0x0, 0xb7, 0x0, 0x3, 0xe0, 0xb, 0x50, 0x2,
    0xf1, 0x4e, 0xee, 0xfe, 0xef, 0x50, 0x9, 0xa0,
    0x0, 0x2, 0xd0, 0x3, 0x10, 0x1f, 0x30, 0x0,
    0x2, 0xd0, 0x0, 0x0, 0x2, 0x0, 0x2, 0xff,
    0x90, 0x0, 0x0, 0x0, 0x0, 0x0, 0x0, 0x0,
    0x0, 0x0,

    /* U+51D1 "凑" */
    0x2, 0x0, 0x0, 0x2, 0xd0, 0x0, 0x0, 0x2e,
    0x20, 0x7a, 0xab, 0xea, 0xaa, 0x80, 0x7, 0xc0,
    0x23, 0x3a, 0x93, 0x33, 0x20, 0x0, 0xd5, 0x4c,
    0xcf, 0xdc, 0xcc, 0x40, 0x0, 0x10, 0x0, 0x5d,
    0x0, 0x0, 0x0, 0x0, 0x3, 0xdd, 0xff, 0xdd,
    0xdd, 0xd2, 0x0, 0x0, 0x1a, 0xb1, 0x13, 0xe5,
    0x10, 0x0, 0x65, 0xbc, 0xad, 0xdd, 0xac, 0xa2,
    0x0, 0xe4, 0x70, 0x3, 0xd0, 0x0, 0x61, 0x5,
    0xd0, 0xd, 0xde, 0xfd, 0xdd, 0x40, 0xc, 0x70,
    0x0, 0x5e, 0x58, 0x10, 0x0, 0x3f, 0x10, 0x18,
    0xe3, 0x17, 0xda, 0x20, 0x1, 0x0, 0xb8, 0x10,
    0x0, 0x6, 0x90,

    /* U+51E1 "凡" */
    0x0, 0xe, 0xff, 0xff, 0xff, 0x0, 0x0, 0x0,
    0xe, 0x30, 0x0, 0x1f, 0x0, 0x0, 0x0, 0xe,
    0x20, 0x0, 0xf, 0x0, 0x0, 0x0, 0xe, 0x23,
    0x0, 0xf, 0x0, 0x0, 0x0, 0xf, 0x4e, 0x40,
    0xf, 0x0, 0x0, 0x0, 0xf, 0x13, 0xe3, 0xf,
    0x0, 0x0, 0x0, 0x1f, 0x0, 0x5e, 0x2f, 0x0,
    0x0, 0x0, 0x4c, 0x0, 0x4, 0xf, 0x0, 0x0,
    0x0, 0x98, 0x0, 0x0, 0xf, 0x0, 0x61, 0x1,
    0xf2, 0x0, 0x0, 0xf, 0x0, 0xc3, 0xb, 0xa0,
    0x0, 0x0, 0xf, 0x10, 0xe1, 0x7c, 0x0, 0x0,
    0x0, 0xa, 0xff, 0xb0, 0x1, 0x0, 0x0, 0x0,
    0x0, 0x0, 0x0,

    /* U+51ED "凭" */
    0x0, 0x9, 0x40, 0x0, 0x24, 0x79, 0x0, 0x0,
    0x5d, 0x4d, 0xdc, 0xf9, 0x63, 0x0, 0x3, 0xe4,
    0x0, 0x0, 0xf0, 0x0, 0x0, 0x5e, 0xe3, 0xdd,
    0xdd, 0xfd, 0xdd, 0xd0, 0x64, 0xc3, 0x0, 0x1,
    0xf0, 0x0, 0x0, 0x0, 0xc3, 0x0, 0x0, 0xf0,
    0x0, 0x0, 0x0, 0xc3, 0x6e, 0xee, 0xee, 0xee,
    0xb0, 0x0, 0x41, 0x0, 0x0, 0x0, 0x0, 0x0,
    0x0, 0x8, 0xff, 0xff, 0xff, 0x0, 0x0, 0x0,
    0x9, 0x70, 0x0, 0xf, 0x0, 0x0, 0x0, 0xd,
    0x40, 0x0, 0xf, 0x0, 0x52, 0x2, 0xbb, 0x0,
    0x0, 0xf, 0x0, 0xb4, 0x5f, 0x80, 0x0, 0x0,
    0xc, 0xff, 0xd0, 0x0, 0x0, 0x0, 0x0, 0x0,
    0x0, 0x0,

    /* U+51FA "出" */
    0x0, 0x0, 0x3, 0xe0, 0x0, 0x0, 0x7, 0x40,
    0x3, 0xe0, 0x0, 0xa2, 0xa, 0x60, 0x3, 0xe0,
    0x0, 0xe2, 0xa, 0x60, 0x3, 0xe0, 0x0, 0xe2,
    0xa, 0x60, 0x3, 0xe0, 0x0, 0xe2, 0xa, 0xfe,
    0xee, 0xfe, 0xee, 0xf2, 0x1, 0x11, 0x15, 0xe1,
    0x11, 0x10, 0x4b, 0x0, 0x3, 0xe0, 0x0, 0x5a,
    0x5d, 0x0, 0x3, 0xe0, 0x0, 0x5b, 0x5d, 0x0,
    0x3, 0xe0, 0x0, 0x5b, 0x5d, 0x0, 0x3, 0xe0,
    0x0, 0x5b, 0x5f, 0xff, 0xff, 0xff, 0xff, 0xfb,
    0x1, 0x11, 0x11, 0x11, 0x11, 0x6b,

    /* U+51FB "击" */
    0x0, 0x0, 0x0, 0x79, 0x0, 0x0, 0x0, 0x0,
    0x0, 0x0, 0x79, 0x0, 0x0, 0x0, 0x0, 0xcc,
    0xcc, 0xee, 0xcc, 0xcc, 0x20, 0x0, 0x33, 0x33,
    0x9b, 0x33, 0x33, 0x0, 0x0, 0x0, 0x0, 0x79,
    0x0, 0x0, 0x0, 0x1, 0x11, 0x11, 0x8a, 0x11,
    0x11, 0x10, 0x1e, 0xee, 0xee, 0xff, 0xee, 0xee,
    0xe1, 0x0, 0x50, 0x0, 0x79, 0x0, 0x5, 0x0,
    0x0, 0xe2, 0x0, 0x79, 0x0, 0x2e, 0x0, 0x0,
    0xe2, 0x0, 0x79, 0x0, 0x2e, 0x0, 0x0, 0xe2,
    0x0, 0x79, 0x0, 0x2e, 0x0, 0x0, 0xee, 0xee,
    0xff, 0xee, 0xee, 0x0, 0x0, 0x11, 0x11, 0x11,
    0x11, 0x3e, 0x0,

    /* U+51FD "函" */
    0x0, 0x0, 0x0, 0x0, 0x0, 0x0, 0x9, 0xff,
    0xff, 0xff, 0xfd, 0x10, 0x0, 0x0, 0x0, 0x4c,
    0xa1, 0x0, 0xb1, 0x0, 0xb, 0xa2, 0x2, 0x1b,
    0xe2, 0xd2, 0xd, 0x20, 0x7b, 0x2e, 0xe1, 0x3d,
    0xd, 0x36, 0xc0, 0x2e, 0xe1, 0x2, 0x4f, 0xed,
    0x0, 0x2e, 0xe1, 0x1a, 0xae, 0x4d, 0x80, 0x2e,
    0xe5, 0xe6, 0xd, 0x20, 0xbb, 0x3e, 0xe3, 0x22,
    0x5e, 0x20, 0x7, 0x2e, 0xe1, 0x2, 0x86, 0x0,
    0x0, 0x2e, 0xed, 0xdd, 0xdd, 0xdd, 0xdd, 0xde,
    0x22, 0x22, 0x22, 0x22, 0x22, 0x4e,

    /* U+51FF "凿" */
    0x0, 0x60, 0x2c, 0x3, 0xc0, 0x24, 0x0, 0x0,
    0xb5, 0x2d, 0x3, 0xc0, 0xb6, 0x0, 0x0, 0x28,
    0x2d, 0x3, 0xc2, 0xa0, 0x0, 0x7c, 0xcc, 0xcf,
    0xcd, 0xfc, 0xcc, 0xc2, 0x23, 0x33, 0xa4, 0x33,
    0x85, 0x34, 0x30, 0x7, 0x80, 0x79, 0x3, 0xd1,
    0xf, 0x0, 0x7, 0x88, 0x9c, 0x9e, 0xc9, 0x3f,
    0x0, 0x7, 0x81, 0x11, 0xc5, 0x11, 0xf, 0x0,
    0x7, 0x88, 0xcc, 0xfd, 0xcc, 0x2f, 0x0, 0x7,
    0x80, 0x0, 0xb4, 0x0, 0xf, 0x0, 0x7, 0x80,
    0x0, 0x72, 0x0, 0xf, 0x0, 0x7, 0xff, 0xff,
    0xff, 0xff, 0xff, 0x0, 0x0, 0x0, 0x0, 0x0,
    0x0, 0xf, 0x0,

    /* U+5206 "分" */
    0x0, 0x0, 0x10, 0x0, 0x1, 0x0, 0x0, 0x0,
    0x0, 0xd6, 0x0, 0x4e, 0x0, 0x0, 0x0, 0x6,
    0xe0, 0x0, 0xa, 0x80, 0x0, 0x0, 0x1e, 0x60,
    0x0, 0x1, 0xf3, 0x0, 0x1, 0xca, 0x0, 0x0,
    0x0, 0x6e, 0x20, 0x1c, 0xe4, 0x33, 0x33, 0x33,
    0x4b, 0xe2, 0x19, 0x5c, 0xce, 0xdc, 0xcc, 0xf5,
    0x70, 0x0, 0x0, 0xd, 0x40, 0x0, 0xc4, 0x0,
    0x0, 0x0, 0x1f, 0x10, 0x0, 0xd3, 0x0, 0x0,
    0x0, 0x8a, 0x0, 0x0, 0xf2, 0x0, 0x0, 0x4,
    0xe3, 0x0, 0x1, 0xf0, 0x0, 0x0, 0x7f, 0x40,
    0x0, 0x6, 0xd0, 0x0, 0xd, 0xa2, 0x0, 0xe,
    0xff, 0x60, 0x0, 0x0, 0x0, 0x0, 0x0, 0x0,
    0x0, 0x0,

    /* U+5207 "切" */
    0x0, 0xe1, 0x3, 0xbb, 0xbb, 0xbb, 0xb0, 0x0,
    0xe1, 0x1, 0x44, 0xf4, 0x45, 0xf0, 0x0, 0xe4,
    0x67, 0x0, 0xf0, 0x1, 0xf0, 0x6c, 0xfd, 0x95,
    0x1, 0xe0, 0x2, 0xe0, 0x43, 0xe1, 0x0, 0x2,
    0xd0, 0x2, 0xe0, 0x0, 0xe1, 0x0, 0x5, 0xb0,
    0x3, 0xd0, 0x0, 0xe1, 0x0, 0x8, 0x80, 0x4,
    0xc0, 0x0, 0xe1, 0x5b, 0xc, 0x50, 0x5, 0xc0,
    0x1, 0xfe, 0xb4, 0x4e, 0x0, 0x6, 0xa0, 0x5,
    0xb3, 0x0, 0xc7, 0x0, 0x8, 0x90, 0x0, 0x0,
    0xa, 0xc0, 0x0, 0x1d, 0x60, 0x0, 0x0, 0x7c,
    0x10, 0x2f, 0xfc, 0x0, 0x0, 0x0, 0x0, 0x0,
    0x0, 0x0, 0x0,

    /* U+520D "刍" */
    0x0, 0x0, 0xa, 0x20, 0x0, 0x0, 0x0, 0x0,
    0x9, 0xc0, 0x0, 0x0, 0x0, 0x0, 0x5, 0xff,
    0xee, 0xee, 0xe1, 0x0, 0x5, 0xe4, 0x0, 0x0,
    0xa8, 0x0, 0x7, 0xe3, 0x0, 0x0, 0x6c, 0x0,
    0x3, 0xcd, 0xff, 0xff, 0xff, 0xff, 0xf4, 0x0,
    0x11, 0x11, 0x11, 0x11, 0x1d, 0x40, 0x0, 0x0,
    0x0, 0x0, 0x0, 0xc4, 0x0, 0x8f, 0xff, 0xff,
    0xff, 0xff, 0x40, 0x0, 0x0, 0x0, 0x0, 0x0,
    0xc4, 0x0, 0x0, 0x0, 0x0, 0x0, 0xc, 0x40,
    0x6f, 0xff, 0xff, 0xff, 0xff, 0xf4, 0x0, 0x11,
    0x11, 0x11, 0x11, 0x1d, 0x40,

    /* U+5217 "列" */
    0x0, 0x0, 0x0, 0x0, 0x0, 0x1, 0xe2, 0xff,
    0xff, 0xff, 0xf0, 0x0, 0x1e, 0x0, 0xf, 0x10,
    0x0, 0xf, 0x1, 0xe0, 0x5, 0xc0, 0x0, 0x0,
    0xf0, 0x1e, 0x0, 0xaf, 0xdd, 0xd6, 0xf, 0x1,
    0xe0, 0x1e, 0x31, 0x1b, 0x40, 0xf0, 0x1e, 0xa,
    0x90, 0x0, 0xe0, 0xf, 0x1, 0xe1, 0xe4, 0xa0,
    0x4c, 0x0, 0xf0, 0x1e, 0x0, 0x9, 0xdc, 0x40,
    0xf, 0x1, 0xe0, 0x0, 0x9, 0xc0, 0x0, 0xc0,
    0x1e, 0x0, 0x4, 0xe2, 0x0, 0x0, 0x1, 0xe0,
    0x7, 0xe3, 0x0, 0x0, 0x0, 0x2e, 0xa, 0xa1,
    0x0, 0x0, 0x0, 0xef, 0x90, 0x0, 0x0, 0x0,
    0x0, 0x0, 0x0,

    /* U+5219 "则" */
    0x0, 0x0, 0x0, 0x0, 0x0, 0xc, 0x40, 0xcf,
    0xff, 0xff, 0x10, 0x60, 0xc4, 0xc, 0x30, 0x10,
    0xe1, 0x1e, 0xc, 0x40, 0xc3, 0x1e, 0xe, 0x11,
    0xe0, 0xc4, 0xc, 0x31, 0xe0, 0xe1, 0x1e, 0xc,
    0x40, 0xc3, 0x1e, 0xe, 0x11, 0xe0, 0xc4, 0xc,
    0x31, 0xe0, 0xe1, 0x1e, 0xc, 0x40, 0xc3, 0x2d,
    0xe, 0x11, 0xe0, 0xc4, 0xc, 0x34, 0xb0, 0xe1,
    0x1e, 0xc, 0x40, 0x61, 0x97, 0x6, 0x1, 0xd0,
    0xc4, 0x0, 0x4e, 0x5c, 0x10, 0x0, 0xc, 0x40,
    0x6e, 0x40, 0x7d, 0x10, 0x0, 0xd4, 0x5c, 0x20,
    0x0, 0x60, 0xc, 0xfd, 0x10, 0x0, 0x0, 0x0,
    0x0, 0x0, 0x0,

    /* U+521A "刚" */
    0x0, 0x0, 0x0, 0x0, 0x0, 0x1e, 0xef, 0xee,
    0xee, 0xf1, 0x0, 0x1e, 0xe1, 0x0, 0x22, 0xd1,
    0xb2, 0x1e, 0xe5, 0x40, 0x94, 0xd1, 0xb2, 0x1e,
    0xe3, 0xd0, 0xd0, 0xd1, 0xb2, 0x1e, 0xe1, 0x99,
    0xa0, 0xd1, 0xb2, 0x1e, 0xe1, 0x1f, 0x50, 0xd1,
    0xb2, 0x1e, 0xe1, 0xe, 0x70, 0xd1, 0xb2, 0x1e,
    0xe1, 0x6a, 0xd0, 0xd1, 0xb2, 0x1e, 0xe1, 0xd2,
    0x95, 0xd1, 0x92, 0x1e, 0xe8, 0x90, 0x23, 0xd1,
    0x0, 0x1e, 0xe5, 0x10, 0x0, 0xe1, 0x0, 0x1e,
    0xe1, 0x0, 0xae, 0xc0, 0x5e, 0xe8, 0x0, 0x0,
    0x0, 0x0, 0x0, 0x0,

    /* U+521B "创" */
    0x0, 0x0, 0x10, 0x0, 0x0, 0x0, 0x0, 0x0,
    0xe, 0x30, 0x0, 0x0, 0x1e, 0x0, 0x7, 0xeb,
    0x0, 0x8, 0x1, 0xe0, 0x3, 0xe1, 0xaa, 0x0,
    0xf0, 0x1e, 0x2, 0xe5, 0x0, 0xc6, 0xf, 0x1,
    0xe2, 0xe7, 0x0, 0x2, 0xe1, 0xf0, 0x1e, 0x36,
    0xdd, 0xdd, 0xd3, 0xf, 0x1, 0xe0, 0xf, 0x11,
    0x1f, 0x0, 0xf0, 0x1e, 0x0, 0xf0, 0x1, 0xf0,
    0xf, 0x1, 0xe0, 0xf, 0x0, 0x4d, 0x0, 0xf0,
    0x1e, 0x0, 0xf0, 0xbd, 0x50, 0xa, 0x1, 0xe0,
    0xf, 0x0, 0x0, 0xb0, 0x0, 0x1e, 0x0, 0xf2,
    0x0, 0x3e, 0x0, 0x3, 0xe0, 0x8, 0xdd, 0xdd,
    0x60, 0x9f, 0xe8, 0x0, 0x0, 0x0, 0x0, 0x0,
    0x0, 0x0,

    /* U+521D "初" */
    0x0, 0x32, 0x0, 0x0, 0x0, 0x0, 0x0, 0x5,
    0xd0, 0x5, 0x55, 0x55, 0x55, 0x0, 0x1a, 0x21,
    0xaa, 0xfb, 0xab, 0xf2, 0xee, 0xef, 0x70, 0xe,
    0x20, 0x1e, 0x0, 0x1, 0xd1, 0x0, 0xf1, 0x1,
    0xe0, 0x0, 0xb6, 0x20, 0xf, 0x0, 0x2d, 0x0,
    0x7f, 0x6c, 0x3, 0xe0, 0x3, 0xd0, 0x7f, 0xff,
    0x20, 0x6a, 0x0, 0x3c, 0x4e, 0x5e, 0x5c, 0xa,
    0x70, 0x4, 0xb0, 0x22, 0xe0, 0x21, 0xf2, 0x0,
    0x6a, 0x0, 0x2e, 0x0, 0x8a, 0x0, 0x8, 0x80,
    0x2, 0xe0, 0x5f, 0x20, 0x0, 0xc5, 0x0, 0x2e,
    0xc, 0x40, 0x3f, 0xfc, 0x0, 0x0, 0x10, 0x0,
    0x0, 0x0, 0x0,

    /* U+5224 "判" */
    0x0, 0x0, 0xf0, 0x2, 0x0, 0x1, 0xe0, 0xc3,
    0xf, 0x5, 0xb0, 0x0, 0x1e, 0x5, 0xc0, 0xf0,
    0xb5, 0x1e, 0x1, 0xe0, 0xd, 0x3f, 0x3d, 0x1,
    0xe0, 0x1e, 0x7, 0x98, 0xf8, 0x95, 0x1e, 0x1,
    0xe0, 0x67, 0x8f, 0x77, 0x41, 0xe0, 0x1e, 0x0,
    0x1, 0xf0, 0x0, 0x1e, 0x1, 0xe0, 0x22, 0x4e,
    0x22, 0x21, 0xe0, 0x1e, 0x4d, 0xde, 0xfd, 0xdc,
    0x1e, 0x1, 0xe0, 0x0, 0xa7, 0x0, 0x1, 0xa0,
    0x1e, 0x0, 0x2f, 0x10, 0x0, 0x0, 0x1, 0xe0,
    0x1d, 0x80, 0x0, 0x0, 0x0, 0x3e, 0xa, 0x80,
    0x0, 0x0, 0x8, 0xfe, 0x80, 0x0, 0x0, 0x0,
    0x0, 0x0, 0x0,

    /* U+5229 "利" */
    0x0, 0x0, 0x0, 0x0, 0x0, 0x0, 0x0, 0x0,
    0x4, 0xaf, 0x20, 0x0, 0xf, 0x8, 0xcf, 0xfa,
    0x30, 0x0, 0x0, 0xf0, 0x75, 0x5d, 0x0, 0x7,
    0x80, 0xf, 0x0, 0x2, 0xd0, 0x0, 0x78, 0x0,
    0xf0, 0x77, 0x9e, 0x77, 0x47, 0x80, 0xf, 0x7,
    0x7b, 0xe7, 0x74, 0x78, 0x0, 0xf0, 0x0, 0xee,
    0x10, 0x7, 0x80, 0xf, 0x0, 0x6c, 0xfd, 0x30,
    0x78, 0x0, 0xf0, 0x1d, 0x4d, 0x3e, 0x37, 0x80,
    0xf, 0xc, 0x72, 0xd0, 0x31, 0x56, 0x0, 0xf3,
    0xa0, 0x2d, 0x0, 0x0, 0x0, 0xf, 0x0, 0x2,
    0xd0, 0x0, 0x0, 0x2, 0xf0, 0x0, 0x2d, 0x0,
    0x0, 0x5f, 0xf9, 0x0, 0x0, 0x0, 0x0, 0x0,
    0x0, 0x0,

    /* U+522B "别" */
    0x0, 0x0, 0x0, 0x0, 0x0, 0x3, 0xc0, 0xef,
    0xff, 0xfc, 0x0, 0x0, 0x3c, 0xe, 0x10, 0x3,
    0xc0, 0x3c, 0x3, 0xc0, 0xe1, 0x0, 0x3c, 0x3,
    0xc0, 0x3c, 0xe, 0x87, 0x79, 0xc0, 0x3c, 0x3,
    0xc0, 0x67, 0xa7, 0x75, 0x3, 0xc0, 0x3c, 0x0,
    0xe, 0x0, 0x0, 0x3c, 0x3, 0xc5, 0xff, 0xff,
    0xfe, 0x3, 0xc0, 0x3c, 0x0, 0x3d, 0x1, 0xe0,
    0x3c, 0x3, 0xc0, 0x8, 0x90, 0x2d, 0x2, 0x90,
    0x3c, 0x0, 0xd3, 0x4, 0xc0, 0x0, 0x3, 0xc0,
    0xaa, 0x1, 0x8a, 0x0, 0x0, 0x5c, 0x6a, 0x3,
    0xdc, 0x30, 0x6, 0xfe, 0x70, 0x0, 0x0, 0x0,
    0x0, 0x0, 0x0,

    /* U+5230 "到" */
    0x0, 0x0, 0x0, 0x0, 0x0, 0x1, 0xe0, 0xee,
    0xff, 0xee, 0xe2, 0x80, 0x1e, 0x0, 0x1e, 0x13,
    0x20, 0xf, 0x1, 0xe0, 0x9, 0x70, 0x3d, 0x0,
    0xf0, 0x1e, 0x5, 0xf7, 0x89, 0xe9, 0xf, 0x1,
    0xe0, 0x59, 0x76, 0x43, 0xc0, 0xf0, 0x1e, 0x0,
    0x0, 0xd1, 0x0, 0xf, 0x1, 0xe0, 0x47, 0x7e,
    0x87, 0x70, 0xf0, 0x1e, 0x4, 0x77, 0xe8, 0x77,
    0xf, 0x1, 0xe0, 0x0, 0xd, 0x10, 0x0, 0xf0,
    0x1e, 0x0, 0x0, 0xe6, 0x7b, 0x0, 0x1, 0xe0,
    0x8b, 0xee, 0xb8, 0x40, 0x0, 0x2e, 0x7, 0x51,
    0x0, 0x0, 0x2, 0xff, 0x80, 0x0, 0x0, 0x0,
    0x0, 0x0, 0x0,

    /* U+523A "刺" */
    0x0, 0x1, 0xd0, 0x0, 0x0, 0x1, 0xe0, 0x0,
    0x1d, 0x0, 0x0, 0x0, 0x1e, 0x3e, 0xef, 0xfe,
    0xee, 0x2d, 0x1, 0xe0, 0x0, 0x1e, 0x0, 0x2,
    0xd0, 0x1e, 0x8, 0xab, 0xfa, 0xa7, 0x2d, 0x1,
    0xe0, 0xd5, 0x5e, 0x36, 0xa2, 0xd0, 0x1e, 0xd,
    0x11, 0xd0, 0x3a, 0x2d, 0x1, 0xe0, 0xd1, 0x4d,
    0x5c, 0x92, 0xd0, 0x1e, 0x1, 0xd, 0xf4, 0x20,
    0x2d, 0x1, 0xe0, 0xa, 0x9e, 0xc9, 0x1, 0x90,
    0x1e, 0xa, 0xb1, 0xd0, 0x89, 0x0, 0x1, 0xe6,
    0xa0, 0x1d, 0x0, 0x0, 0x0, 0x3e, 0x0, 0x1,
    0xd0, 0x0, 0x3, 0xff, 0x80, 0x0, 0x0, 0x0,
    0x0, 0x0, 0x0,

    /* U+523B "刻" */
    0x0, 0x0, 0x10, 0x0, 0x0, 0x0, 0x0, 0x0,
    0x1, 0xf1, 0x0, 0x0, 0x0, 0xe1, 0x0, 0x0,
    0xa7, 0x0, 0x0, 0x0, 0xe1, 0x1e, 0xee, 0xff,
    0xee, 0x86, 0x90, 0xe1, 0x0, 0xa, 0x80, 0x0,
    0x6, 0x90, 0xe1, 0x0, 0x6b, 0x0, 0xa4, 0x6,
    0x90, 0xe1, 0x6, 0xf9, 0x9a, 0xc0, 0x6, 0x90,
    0xe1, 0x4, 0x75, 0x9e, 0x22, 0x6, 0x90, 0xe1,
    0x0, 0x5, 0xe3, 0x1e, 0x26, 0x90, 0xe1, 0x1,
    0x9d, 0x20, 0xc6, 0x6, 0x90, 0xe1, 0x9, 0x90,
    0xb, 0xb0, 0x5, 0x70, 0xe1, 0x0, 0x3, 0xd9,
    0xd6, 0x0, 0x0, 0xe1, 0x2, 0x9e, 0x50, 0x1d,
    0x60, 0x0, 0xf1, 0xb, 0x91, 0x0, 0x1, 0x10,
    0xef, 0xc0, 0x0, 0x0, 0x0, 0x0, 0x0, 0x0,
    0x0,

    /* U+5247 "則" */
    0x0, 0x0, 0x0, 0x0, 0x0, 0x3, 0xc0, 0xdf,
    0xee, 0xfc, 0x0, 0x0, 0x3c, 0xd, 0x10, 0x3,
    0xc0, 0xe1, 0x3, 0xc0, 0xd8, 0x77, 0x9c, 0xe,
    0x10, 0x3c, 0xd, 0x65, 0x58, 0xc0, 0xe1, 0x3,
    0xc0, 0xd1, 0x0, 0x3c, 0xe, 0x10, 0x3c, 0xd,
    0xed, 0xde, 0xc0, 0xe1, 0x3, 0xc0, 0xd1, 0x0,
    0x3c, 0xe, 0x10, 0x3c, 0xd, 0x54, 0x47, 0xc0,
    0xe1, 0x3, 0xc0, 0x9a, 0xaa, 0xa8, 0xa, 0x10,
    0x3c, 0x2, 0xc0, 0x1c, 0x10, 0x0, 0x3, 0xc1,
    0xc7, 0x0, 0x7b, 0x0, 0x0, 0x5c, 0x69, 0x0,
    0x0, 0x90, 0xc, 0xfe, 0x60, 0x0, 0x0, 0x0,
    0x0, 0x0, 0x0,

    /* U+524D "前" */
    0x0, 0x0, 0x0, 0x0, 0x0, 0x0, 0x0, 0x0,
    0x9, 0x70, 0x0, 0x1, 0xe2, 0x0, 0x0, 0x2,
    0xf2, 0x0, 0x9, 0xa0, 0x0, 0xc, 0xcc, 0xec,
    0xcc, 0xcf, 0xdc, 0xc5, 0x3, 0x33, 0x33, 0x33,
    0x33, 0x33, 0x31, 0x0, 0x33, 0x33, 0x30, 0x0,
    0x4, 0x40, 0x2, 0xfb, 0xbb, 0xe0, 0x59, 0x8,
    0x80, 0x2, 0xc0, 0x1, 0xe0, 0x59, 0x8, 0x80,
    0x2, 0xfd, 0xdd, 0xe0, 0x59, 0x8, 0x80, 0x2,
    0xc0, 0x1, 0xe0, 0x59, 0x8, 0x80, 0x2, 0xea,
    0xaa, 0xe0, 0x59, 0x8, 0x80, 0x2, 0xd2, 0x24,
    0xe0, 0x47, 0x8, 0x80, 0x2, 0xc0, 0x1, 0xe0,
    0x0, 0x8, 0x80, 0x2, 0xc0, 0xae, 0xa0, 0x7,
    0xfe, 0x40, 0x0, 0x0, 0x0, 0x0, 0x0, 0x0,
    0x0,

    /* U+525B "剛" */
    0x0, 0x0, 0x0, 0x0, 0x0, 0x1e, 0xdf, 0xee,
    0xee, 0xf6, 0x1, 0x1e, 0xd1, 0x60, 0x36, 0x86,
    0x1d, 0x1e, 0xd1, 0xb0, 0x96, 0x86, 0x1d, 0x1e,
    0xd1, 0x72, 0xd2, 0x86, 0x1d, 0x1e, 0xd6, 0xbe,
    0xbb, 0x86, 0x1d, 0x1e, 0xd1, 0x2b, 0x3, 0x86,
    0x1d, 0x1e, 0xd3, 0x7b, 0xa, 0x86, 0x1d, 0x1e,
    0xd3, 0x7b, 0xa, 0x86, 0x1d, 0x1e, 0xd3, 0x8b,
    0xa, 0x86, 0x1b, 0x1e, 0xd2, 0xbb, 0xb7, 0x86,
    0x0, 0x1e, 0xd1, 0x0, 0x0, 0x86, 0x0, 0x1e,
    0xd1, 0x0, 0x8e, 0xd3, 0xd, 0xe9, 0x10, 0x0,
    0x0, 0x0, 0x0, 0x0,

    /* U+526A "剪" */
    0x0, 0x5, 0x60, 0x0, 0x8, 0x40, 0x0, 0x5,
    0x56, 0xe5, 0x55, 0x6f, 0x65, 0x50, 0x7, 0x77,
    0x77, 0x77, 0x77, 0x77, 0x70, 0x1, 0xcb, 0xbb,
    0x90, 0x62, 0xe, 0x0, 0x1, 0xd4, 0x46, 0xb0,
    0xa3, 0xe, 0x0, 0x1, 0xd5, 0x57, 0xb0, 0xa3,
    0xe, 0x0, 0x1, 0xea, 0xab, 0xb0, 0xa3, 0xe,
    0x0, 0x1, 0xc0, 0x18, 0xa0, 0x2, 0x6e, 0x0,
    0x0, 0x30, 0x4, 0x10, 0x1, 0x63, 0x0, 0xb,
    0xdd, 0xde, 0xfd, 0xdd, 0xdf, 0x30, 0x0, 0x0,
    0xa, 0x70, 0x0, 0xe, 0x10, 0x0, 0x5, 0xcb,
    0x0, 0x0, 0x2e, 0x0, 0x1d, 0xda, 0x40, 0x0,
    0xcd, 0xe6, 0x0, 0x0, 0x0, 0x0, 0x0, 0x0,
    0x0, 0x0,

    /* U+5275 "創" */
    0x0, 0x0, 0xb4, 0x0, 0x0, 0x1, 0xe0, 0x0,
    0x9c, 0xd5, 0x0, 0x60, 0x1e, 0x1, 0xab, 0x82,
    0xb9, 0xf, 0x1, 0xe2, 0xea, 0x9, 0x60, 0x81,
    0xf0, 0x1e, 0x5, 0x99, 0xaa, 0x96, 0xf, 0x1,
    0xe0, 0xe, 0x33, 0x35, 0xb0, 0xf0, 0x1e, 0x0,
    0xfb, 0xbb, 0xcb, 0xf, 0x1, 0xe0, 0x2d, 0x44,
    0x46, 0xb0, 0xf0, 0x1e, 0x3, 0xc7, 0x77, 0x75,
    0xf, 0x1, 0xe0, 0x7a, 0xcc, 0xcc, 0xa0, 0x60,
    0x1e, 0xc, 0x6b, 0x0, 0x2c, 0x0, 0x1, 0xe5,
    0xb3, 0xea, 0xab, 0xc0, 0x0, 0x2e, 0x1, 0x3b,
    0x11, 0x3b, 0x3, 0xff, 0x80, 0x0, 0x0, 0x0,
    0x0, 0x0, 0x0,

    /* U+529B "力" */
    0x0, 0x0, 0x2, 0xe0, 0x0, 0x0, 0x0, 0x0,
    0x0, 0x2e, 0x0, 0x0, 0x0, 0x0, 0x0, 0x2,
    0xe0, 0x0, 0x0, 0x0, 0x8e, 0xee, 0xef, 0xee,
    0xee, 0xed, 0x1, 0x22, 0x26, 0xd2, 0x22, 0x24,
    0xe0, 0x0, 0x0, 0x6a, 0x0, 0x0, 0x3d, 0x0,
    0x0, 0xa, 0x80, 0x0, 0x4, 0xc0, 0x0, 0x0,
    0xf3, 0x0, 0x0, 0x6a, 0x0, 0x0, 0x6d, 0x0,
    0x0, 0x8, 0x90, 0x0, 0x2f, 0x40, 0x0, 0x0,
    0x97, 0x0, 0x1c, 0x90, 0x0, 0x0, 0xc, 0x40,
    0x2d, 0xc0, 0x0, 0x1, 0x3, 0xf1, 0xb, 0xa0,
    0x0, 0x0, 0xff, 0xf7, 0x0, 0x0, 0x0, 0x0,
    0x0, 0x0, 0x0,

    /* U+529F "功" */
    0x0, 0x0, 0x0, 0x0, 0x96, 0x0, 0x0, 0x17,
    0x77, 0x76, 0x0, 0xa6, 0x0, 0x0, 0x2a, 0xbf,
    0xa9, 0x0, 0xa6, 0x0, 0x0, 0x0, 0x2d, 0x0,
    0xbc, 0xed, 0xcc, 0xc2, 0x0, 0x2d, 0x0, 0x33,
    0xc7, 0x33, 0xe2, 0x0, 0x2d, 0x0, 0x0, 0xd3,
    0x0, 0xe2, 0x0, 0x2d, 0x0, 0x0, 0xf1, 0x0,
    0xe1, 0x0, 0x2d, 0x0, 0x3, 0xe0, 0x0, 0xf0,
    0x0, 0x3e, 0xae, 0x37, 0x90, 0x1, 0xf0, 0x3d,
    0xfb, 0x72, 0xe, 0x40, 0x2, 0xe0, 0x15, 0x0,
    0x0, 0x9b, 0x0, 0x4, 0xc0, 0x0, 0x0, 0x9,
    0xe2, 0x0, 0x9, 0x90, 0x0, 0x0, 0x5c, 0x10,
    0x1f, 0xfe, 0x20, 0x0, 0x0, 0x0, 0x0, 0x0,
    0x0, 0x0,

    /* U+52A0 "加" */
    0x0, 0x3c, 0x0, 0x0, 0x0, 0x0, 0x0, 0x3,
    0xc0, 0x0, 0x2, 0x22, 0x22, 0x0, 0x4c, 0x0,
    0x0, 0xef, 0xff, 0xe3, 0xff, 0xff, 0xfe, 0xe,
    0x10, 0x2e, 0x0, 0x4b, 0x2, 0xe0, 0xe0, 0x1,
    0xe0, 0x5, 0xa0, 0x2d, 0xe, 0x0, 0x1e, 0x0,
    0x69, 0x2, 0xd0, 0xe0, 0x1, 0xe0, 0x9, 0x70,
    0x3d, 0xe, 0x0, 0x1e, 0x0, 0xb4, 0x4, 0xc0,
    0xe0, 0x1, 0xe0, 0xf, 0x10, 0x4b, 0xe, 0x0,
    0x1e, 0x5, 0xb0, 0x6, 0xa0, 0xe1, 0x2, 0xe0,
    0xd5, 0x0, 0x98, 0xe, 0xff, 0xfe, 0x5b, 0x7,
    0xfe, 0x20, 0xe0, 0x1, 0xd0, 0x0, 0x0, 0x0,
    0x0, 0x0, 0x0,

    /* U+52A8 "动" */
    0x0, 0x0, 0x0, 0x0, 0xd, 0x20, 0x0, 0xa,
    0xdd, 0xdd, 0x80, 0xe, 0x20, 0x0, 0x1, 0x11,
    0x11, 0x10, 0xe, 0x20, 0x0, 0x0, 0x0, 0x0,
    0x7, 0x8f, 0x98, 0x81, 0x0, 0x0, 0x0, 0x9,
    0xaf, 0xaa, 0xf3, 0x3e, 0xef, 0xee, 0xd0, 0xf,
    0x0, 0xd2, 0x0, 0x78, 0x0, 0x0, 0x1e, 0x0,
    0xe2, 0x0, 0xc3, 0xb, 0x0, 0x4c, 0x0, 0xe1,
    0x1, 0xd0, 0xa, 0x40, 0x78, 0x0, 0xf0, 0x7,
    0x82, 0x5b, 0xa0, 0xc5, 0x0, 0xf0, 0xe, 0xfc,
    0x95, 0xe4, 0xe0, 0x2, 0xd0, 0x4, 0x0, 0x0,
    0x1d, 0x70, 0x7, 0xb0, 0x0, 0x0, 0x0, 0x5b,
    0xb, 0xfe, 0x40, 0x0, 0x0, 0x0, 0x0, 0x0,
    0x0, 0x0,

    /* U+52A9 "助" */
    0x0, 0x0, 0x0, 0x0, 0x3c, 0x0, 0x0, 0xbf,
    0xff, 0xe0, 0x3, 0xc0, 0x0, 0xb, 0x30, 0x1e,
    0x0, 0x3c, 0x0, 0x0, 0xb3, 0x1, 0xe5, 0x8a,
    0xe8, 0x87, 0xb, 0xfe, 0xfe, 0x47, 0xad, 0x78,
    0xd0, 0xb3, 0x1, 0xe0, 0x6, 0x90, 0x2d, 0xb,
    0x30, 0x1e, 0x0, 0x87, 0x3, 0xc0, 0xbf, 0xef,
    0xe0, 0xb, 0x40, 0x4c, 0xb, 0x30, 0x1e, 0x0,
    0xf0, 0x4, 0xb0, 0xb3, 0x3, 0xf6, 0x6b, 0x0,
    0x5a, 0x4d, 0xdf, 0xd9, 0x6e, 0x30, 0x7, 0x96,
    0x84, 0x10, 0x1d, 0x80, 0x0, 0xa6, 0x0, 0x0,
    0xa, 0x80, 0xe, 0xfd, 0x10, 0x0, 0x0, 0x0,
    0x0, 0x0, 0x0,

    /* U+52AA "努" */
    0x0, 0x5, 0x90, 0x0, 0x0, 0x0, 0x0, 0x0,
    0xa, 0x60, 0x6, 0xfe, 0xee, 0xf1, 0xe, 0xff,
    0xee, 0xf0, 0xe2, 0x4, 0xb0, 0x0, 0xb6, 0x6,
    0xa0, 0x7b, 0xc, 0x50, 0x1, 0xcb, 0x5e, 0x10,
    0xd, 0xc9, 0x0, 0x0, 0x8, 0xfe, 0x40, 0x5d,
    0xea, 0x20, 0x9, 0xda, 0x13, 0x69, 0xa2, 0x5,
    0xd5, 0x4, 0x0, 0x0, 0x88, 0x0, 0x0, 0x0,
    0x1, 0xee, 0xee, 0xff, 0xee, 0xee, 0x80, 0x0,
    0x0, 0x2, 0xe1, 0x0, 0xa, 0x70, 0x0, 0x0,
    0x1c, 0x70, 0x0, 0xc, 0x50, 0x0, 0x17, 0xe8,
    0x0, 0x0, 0x1f, 0x20, 0x9, 0xe9, 0x20, 0x0,
    0x7e, 0xe9, 0x0, 0x0, 0x0, 0x0, 0x0, 0x0,
    0x0, 0x0,

    /* U+52AB "劫" */
    0x0, 0x0, 0x10, 0x0, 0x0, 0x0, 0x0, 0x0,
    0x3, 0xc0, 0x0, 0xa, 0x50, 0x0, 0x0, 0x3,
    0xc0, 0x0, 0xa, 0x50, 0x0, 0x7, 0xbc, 0xfb,
    0xb0, 0xa, 0x50, 0x0, 0x2, 0x47, 0xd4, 0x45,
    0xce, 0xdc, 0xc3, 0x0, 0x3, 0xc0, 0x1, 0x2c,
    0x62, 0xd3, 0x0, 0x4, 0xc0, 0x0, 0xc, 0x30,
    0xc3, 0x1f, 0xff, 0xff, 0xf8, 0xd, 0x20, 0xd2,
    0x0, 0xe, 0x20, 0x0, 0xf, 0x0, 0xe1, 0x0,
    0x5a, 0x9, 0x60, 0x3d, 0x0, 0xe1, 0x0, 0xd2,
    0x2, 0xe0, 0x89, 0x0, 0xf0, 0x8, 0xea, 0xde,
    0xe4, 0xe3, 0x1, 0xe0, 0x8, 0x85, 0x20, 0x3a,
    0xc0, 0x5, 0xc0, 0x0, 0x0, 0x0, 0xd, 0x24,
    0xff, 0x50, 0x0, 0x0, 0x0, 0x0, 0x0, 0x0,
    0x0,

    /* U+52B1 "励" */
    0x0, 0x0, 0x0, 0x0, 0xb, 0x30, 0x0, 0xcf,
    0xff, 0xff, 0xb0, 0xb3, 0x0, 0xc, 0x20, 0x0,
    0x0, 0xc, 0x30, 0x0, 0xc6, 0x44, 0x44, 0x10,
    0xc4, 0x0, 0xc, 0xbd, 0xda, 0xa8, 0xef, 0xee,
    0xd0, 0xc2, 0x86, 0x0, 0x0, 0xe1, 0x2c, 0xd,
    0x29, 0xfe, 0xe0, 0xf, 0x3, 0xc0, 0xd1, 0xa4,
    0xe, 0x2, 0xe0, 0x3b, 0xe, 0xc, 0x10, 0xe0,
    0x4b, 0x4, 0xb0, 0xf0, 0xd0, 0xe, 0x8, 0x70,
    0x5a, 0x2d, 0x2c, 0x1, 0xc0, 0xe1, 0x6, 0x96,
    0x99, 0x60, 0x4a, 0x7a, 0x0, 0xa6, 0x84, 0xc1,
    0xdd, 0x5c, 0x17, 0xed, 0x10, 0x0, 0x0, 0x0,
    0x0, 0x0, 0x0,

    /* U+52B2 "劲" */
    0x0, 0x0, 0x0, 0x0, 0xc, 0x30, 0x0, 0xff,
    0xff, 0xf7, 0x0, 0xc3, 0x0, 0x0, 0x0, 0x3e,
    0x10, 0xc, 0x30, 0x0, 0x0, 0x2e, 0x60, 0x24,
    0xd6, 0x44, 0x0, 0x4e, 0xf8, 0x8, 0xbf, 0xcb,
    0xf2, 0xae, 0x50, 0x8d, 0x20, 0xd1, 0xf, 0x16,
    0x0, 0x0, 0x20, 0xf, 0x0, 0xf0, 0xff, 0xff,
    0xfa, 0x1, 0xe0, 0xf, 0x0, 0x9, 0x60, 0x0,
    0x4b, 0x1, 0xe0, 0x0, 0x96, 0x0, 0x8, 0x80,
    0x1e, 0x0, 0x9, 0x86, 0x80, 0xe2, 0x2, 0xd2,
    0x9c, 0xfd, 0xa6, 0xaa, 0x0, 0x5c, 0x28, 0x41,
    0x0, 0x7c, 0x0, 0xef, 0x60, 0x0, 0x0, 0x0,
    0x10, 0x0, 0x0,

    /* U+52B3 "劳" */
    0x0, 0x0, 0xf0, 0x0, 0xf, 0x0, 0x0, 0x3,
    0x33, 0xf4, 0x33, 0x4f, 0x33, 0x30, 0x1b, 0xbc,
    0xfc, 0xbb, 0xcf, 0xcb, 0xb2, 0x0, 0x0, 0xe0,
    0x0, 0xe, 0x0, 0x0, 0xc, 0xdd, 0xdd, 0xdd,
    0xdd, 0xdd, 0xb0, 0xe, 0x31, 0x12, 0x81, 0x11,
    0x14, 0xd0, 0x8, 0x10, 0x2, 0xe0, 0x0, 0x1,
    0x60, 0x1, 0xcc, 0xcd, 0xfc, 0xcc, 0xcb, 0x0,
    0x0, 0x33, 0x3a, 0x93, 0x33, 0x6d, 0x0, 0x0,
    0x0, 0x1e, 0x30, 0x0, 0x4c, 0x0, 0x0, 0x0,
    0xba, 0x0, 0x0, 0x6a, 0x0, 0x1, 0x6e, 0xa0,
    0x0, 0x0, 0xa8, 0x0, 0x1e, 0xb5, 0x0, 0x6,
    0xff, 0xe2, 0x0, 0x0, 0x0, 0x0, 0x0, 0x0,
    0x0, 0x0,

    /* U+52BF "势" */
    0x0, 0xf, 0x0, 0x0, 0xe1, 0x0, 0x0, 0x2,
    0x2f, 0x22, 0x22, 0xe3, 0x22, 0x0, 0xc, 0xcf,
    0xc9, 0xab, 0xfb, 0xcc, 0x0, 0x0, 0xf, 0x24,
    0x54, 0xc0, 0x2c, 0x0, 0x2b, 0xdf, 0xb8, 0x5e,
    0xb0, 0x2c, 0x0, 0x3, 0xf, 0x0, 0x3e, 0xad,
    0x3e, 0x55, 0x5, 0xae, 0x2, 0xd3, 0x4, 0xa,
    0xe3, 0x1, 0x20, 0x1, 0xe0, 0x0, 0x0, 0x0,
    0xa, 0xee, 0xef, 0xfe, 0xee, 0xee, 0x0, 0x0,
    0x0, 0xc, 0x50, 0x0, 0x1e, 0x0, 0x0, 0x0,
    0x8c, 0x0, 0x0, 0x4b, 0x0, 0x0, 0x4b, 0xc1,
    0x0, 0x0, 0x88, 0x0, 0x1e, 0xc6, 0x0, 0x6,
    0xee, 0xc2, 0x0, 0x1, 0x0, 0x0, 0x0, 0x0,
    0x0, 0x0,

    /* U+52C3 "勃" */
    0x0, 0x0, 0xf0, 0x0, 0x8, 0x50, 0x0, 0x2,
    0x22, 0xf2, 0x21, 0x9, 0x50, 0x0, 0xa, 0xbc,
    0xfb, 0xb7, 0x9, 0x50, 0x0, 0x0, 0x0, 0xf0,
    0x0, 0x5b, 0x95, 0x50, 0xf, 0xdd, 0xdd, 0xed,
    0xae, 0xca, 0xf1, 0xe, 0x0, 0x0, 0x2c, 0xb,
    0x40, 0xd1, 0x3, 0xdd, 0xdf, 0xd1, 0xc, 0x20,
    0xe0, 0x0, 0x0, 0xaa, 0x0, 0xe, 0x10, 0xf0,
    0x0, 0x14, 0xf6, 0x88, 0x1d, 0x0, 0xf0, 0x2f,
    0xdc, 0xf8, 0x63, 0x6a, 0x0, 0xe0, 0x0, 0x1,
    0xe0, 0x0, 0xc4, 0x2, 0xd0, 0x0, 0x1, 0xe0,
    0x6, 0xd0, 0x6, 0xb0, 0x0, 0xdf, 0xa0, 0xe,
    0x28, 0xef, 0x40, 0x0, 0x0, 0x0, 0x0, 0x0,
    0x0, 0x0,

    /* U+52CB "勋" */
    0x0, 0x0, 0x0, 0x0, 0xe, 0x10, 0x0, 0x7d,
    0xcc, 0xdb, 0x0, 0xe1, 0x0, 0x7, 0x60, 0x3,
    0xb0, 0xe, 0x10, 0x0, 0x6c, 0xcc, 0xc9, 0x8a,
    0xfa, 0xa8, 0x0, 0x0, 0x0, 0x5, 0x6f, 0x78,
    0xd0, 0xed, 0xdd, 0xdf, 0x0, 0xf0, 0x2d, 0xe,
    0x3, 0x10, 0xc0, 0xf, 0x2, 0xc0, 0xe0, 0xb3,
    0xc, 0x2, 0xd0, 0x3c, 0xe, 0xb, 0x30, 0xc0,
    0x5a, 0x3, 0xb0, 0xe0, 0xc2, 0xc, 0x8, 0x70,
    0x4b, 0x7, 0x3d, 0x41, 0x60, 0xe2, 0x6, 0xa0,
    0x4e, 0x47, 0xd3, 0x6b, 0x0, 0x98, 0x8c, 0x40,
    0x3, 0x4d, 0x28, 0xfe, 0x20, 0x0, 0x0, 0x0,
    0x0, 0x0, 0x0,

    /* U+52D2 "勒" */
    0x0, 0x0, 0x0, 0x0, 0x0, 0x0, 0x0, 0x0,
    0x94, 0x9, 0x50, 0xa, 0x50, 0x0, 0x2, 0xb6,
    0x2a, 0x71, 0xa, 0x50, 0x0, 0xa, 0xec, 0xad,
    0xc7, 0xa, 0x50, 0x0, 0x0, 0x97, 0x4b, 0x54,
    0x7d, 0xa7, 0x71, 0x0, 0x37, 0xe6, 0x24, 0x6d,
    0x86, 0xd3, 0x8, 0xdd, 0xfd, 0xd4, 0xc, 0x30,
    0xc3, 0xa, 0x31, 0xc0, 0x85, 0xe, 0x10, 0xd2,
    0xa, 0x42, 0xc0, 0x95, 0x1f, 0x0, 0xd2, 0x8,
    0xcd, 0xfc, 0xc4, 0x4b, 0x0, 0xe1, 0x1, 0x13,
    0xd1, 0x10, 0xa7, 0x0, 0xf0, 0x2d, 0xdd, 0xfd,
    0xdb, 0xf1, 0x0, 0xf0, 0x0, 0x2, 0xd0, 0xc,
    0x80, 0x4, 0xd0, 0x0, 0x2, 0xd0, 0x5a, 0x5,
    0xff, 0x60, 0x0, 0x0, 0x10, 0x0, 0x0, 0x0,
    0x0,

    /* U+52D5 "動" */
    0x0, 0x0, 0x0, 0x0, 0x0, 0x0, 0x0, 0x0,
    0x13, 0x69, 0xe3, 0xa, 0x60, 0x0, 0xb, 0xcc,
    0xe7, 0x51, 0xa, 0x50, 0x0, 0x16, 0x68, 0xe6,
    0x65, 0xa, 0x50, 0x0, 0x16, 0x68, 0xe6, 0x68,
    0x8d, 0xb8, 0x82, 0x8, 0xbc, 0xfb, 0xb8, 0x6d,
    0x96, 0xd4, 0xc, 0x12, 0xc0, 0x67, 0xd, 0x30,
    0xb4, 0xc, 0xbc, 0xfb, 0xd7, 0xf, 0x20, 0xc3,
    0xc, 0x56, 0xd4, 0x87, 0x1f, 0x0, 0xc3, 0x4,
    0x67, 0xe6, 0x63, 0x4c, 0x0, 0xd2, 0xa, 0xcd,
    0xfc, 0xc6, 0x97, 0x0, 0xe1, 0x0, 0x2, 0xc0,
    0x3, 0xe1, 0x0, 0xf0, 0x17, 0x9b, 0xfd, 0xef,
    0x70, 0x4, 0xd0, 0x7, 0x54, 0x20, 0x79, 0x3,
    0xff, 0x60, 0x0, 0x0, 0x0, 0x0, 0x0, 0x0,
    0x0,

    /* U+52DB "勛" */
    0x0, 0x0, 0x0, 0x0, 0xe, 0x20, 0x0, 0x9d,
    0xbb, 0xce, 0x0, 0xe1, 0x0, 0x9, 0x72, 0x24,
    0xe0, 0xe, 0x10, 0x0, 0x47, 0x77, 0x76, 0x5b,
    0xfb, 0xbb, 0xb, 0xcc, 0xcc, 0xc4, 0x4f, 0x44,
    0xf0, 0xe2, 0x11, 0x1d, 0x20, 0xf0, 0xe, 0xe,
    0xcc, 0xcc, 0xf2, 0x2e, 0x1, 0xe0, 0xe1, 0x0,
    0xc, 0x24, 0xc0, 0x1d, 0xe, 0xcc, 0xcc, 0xf2,
    0x69, 0x2, 0xd0, 0xe2, 0x11, 0x1d, 0x2a, 0x60,
    0x3c, 0x9, 0xdb, 0xad, 0xa3, 0xe0, 0x5, 0xa0,
    0x6d, 0x20, 0xa9, 0x99, 0x0, 0x88, 0x7a, 0x10,
    0x0, 0x6c, 0x5, 0xee, 0x20, 0x0, 0x0, 0x0,
    0x0, 0x0, 0x0,

    /* U+52DD "勝" */
    0x0, 0x0, 0x0, 0x20, 0x36, 0x2, 0x0, 0xc,
    0xff, 0xd1, 0xd3, 0x78, 0x3d, 0x0, 0xc, 0x11,
    0xd0, 0x36, 0x96, 0xa4, 0x0, 0xc, 0x11, 0xd4,
    0xee, 0xfe, 0xee, 0x70, 0xc, 0xdd, 0xd0, 0x2,
    0xd0, 0x0, 0x0, 0xd, 0x11, 0xdb, 0xef, 0xfe,
    0xee, 0xe2, 0xd, 0x33, 0xd0, 0x6c, 0x41, 0xa7,
    0x0, 0xd, 0xbb, 0xe9, 0xc1, 0xd2, 0xa, 0xb1,
    0xe, 0x1, 0xe6, 0xee, 0xfe, 0xed, 0x40, 0xd,
    0x1, 0xd0, 0x4, 0xc0, 0x1e, 0x0, 0x3c, 0x1,
    0xd0, 0xc, 0x60, 0x2d, 0x0, 0x69, 0x1, 0xd0,
    0x9c, 0x0, 0x5a, 0x0, 0x84, 0x6f, 0x99, 0x90,
    0x2d, 0xd4, 0x0, 0x0, 0x0, 0x0, 0x0, 0x0,
    0x0, 0x0,

    /* U+52DE "勞" */
    0x0, 0x14, 0xb0, 0x1, 0xb, 0x20, 0x10, 0x6,
    0x76, 0x98, 0x69, 0x4d, 0x7, 0xa0, 0xa, 0xb,
    0x86, 0x29, 0x3f, 0x39, 0x0, 0x1, 0x9c, 0xb9,
    0x3, 0xd7, 0xd9, 0x0, 0x2d, 0x80, 0x7, 0x3c,
    0x40, 0x8, 0xc0, 0xd, 0xee, 0xee, 0xee, 0xee,
    0xee, 0xd0, 0xe, 0x20, 0x1, 0x90, 0x0, 0x2,
    0xe0, 0x8, 0x10, 0x2, 0xf0, 0x0, 0x1, 0x80,
    0x1, 0xee, 0xef, 0xfe, 0xee, 0xfc, 0x0, 0x0,
    0x0, 0xa, 0x80, 0x0, 0x8b, 0x0, 0x0, 0x0,
    0x6e, 0x10, 0x0, 0xa9, 0x0, 0x1, 0x5c, 0xe3,
    0x0, 0x0, 0xe6, 0x0, 0x1e, 0xb6, 0x0, 0x8,
    0xff, 0xb1, 0x0, 0x0, 0x0, 0x0, 0x0, 0x0,
    0x0, 0x0,

    /* U+52E4 "勤" */
    0x0, 0x10, 0x1, 0x0, 0x0, 0x0, 0x0, 0x0,
    0xb2, 0xa, 0x40, 0x9, 0x60, 0x0, 0x2c, 0xfd,
    0xce, 0xdb, 0x9, 0x50, 0x0, 0x0, 0xb3, 0xa,
    0x40, 0xa, 0x50, 0x0, 0x0, 0x7b, 0xe9, 0x35,
    0xae, 0xca, 0xa3, 0x7, 0xbc, 0xeb, 0xb5, 0x4c,
    0x74, 0xc4, 0xa, 0x33, 0xb0, 0xa4, 0xc, 0x30,
    0xb4, 0xa, 0x99, 0xd7, 0xd4, 0xe, 0x20, 0xc3,
    0x3, 0x57, 0xd5, 0x51, 0xf, 0x0, 0xc3, 0xa,
    0xcd, 0xfc, 0xc6, 0x2c, 0x0, 0xd2, 0x0, 0x3,
    0xb0, 0x0, 0x79, 0x0, 0xe1, 0x7, 0xbc, 0xeb,
    0xb2, 0xd2, 0x0, 0xf0, 0x4, 0x58, 0xd8, 0x9b,
    0xb0, 0x3, 0xe0, 0x19, 0x76, 0x43, 0x3c, 0x11,
    0xff, 0x70, 0x0, 0x0, 0x0, 0x0, 0x0, 0x0,
    0x0,

    /* U+52F5 "勵" */
    0x0, 0x0, 0x0, 0x0, 0x3, 0xb0, 0x0, 0xc,
    0xdd, 0xdd, 0xdd, 0x43, 0xb0, 0x0, 0xc, 0x13,
    0x91, 0xc1, 0x3, 0xb0, 0x0, 0xc, 0x7a, 0xd9,
    0xe9, 0x46, 0xc3, 0x30, 0xc, 0x27, 0xa6, 0xb5,
    0x9d, 0xeb, 0xf2, 0xc, 0x5b, 0x4c, 0x4c, 0x5,
    0x90, 0xd1, 0xd, 0x5d, 0xae, 0xad, 0x7, 0x70,
    0xd1, 0xd, 0x4c, 0x8d, 0x8d, 0x9, 0x50, 0xe0,
    0xd, 0x24, 0x4c, 0x44, 0xb, 0x30, 0xe0, 0xd,
    0xab, 0xad, 0xad, 0x2e, 0x10, 0xf0, 0x4a, 0xa4,
    0x2c, 0xa9, 0x6c, 0x1, 0xe0, 0x76, 0xa6, 0x75,
    0x6a, 0xd6, 0x4, 0xc0, 0x42, 0xa3, 0x0, 0x8e,
    0xc1, 0xee, 0x50, 0x0, 0x0, 0x0, 0x0, 0x0,
    0x0, 0x0,

    /* U+5300 "匀" */
    0x0, 0x0, 0x60, 0x0, 0x0, 0x0, 0x0, 0x0,
    0x6d, 0x0, 0x0, 0x0, 0x0, 0x0, 0xd, 0x93,
    0x33, 0x33, 0x33, 0x10, 0x6, 0xfc, 0xcc, 0xcc,
    0xcc, 0xf6, 0x2, 0xe4, 0x0, 0x0, 0x0, 0xb,
    0x51, 0xd9, 0x49, 0x10, 0x0, 0x0, 0xb5, 0x7b,
    0x0, 0x8e, 0x60, 0x0, 0xc, 0x40, 0x0, 0x0,
    0x2c, 0x30, 0x0, 0xd3, 0x0, 0x0, 0x0, 0x3,
    0x70, 0xe, 0x20, 0x0, 0x4, 0x9e, 0xc7, 0x0,
    0xf1, 0x1, 0xaf, 0xd7, 0x20, 0x0, 0x2f, 0x0,
    0x7, 0x20, 0x0, 0x10, 0x8, 0xc0, 0x0, 0x0,
    0x0, 0xd, 0xff, 0xe3, 0x0, 0x0, 0x0, 0x0,
    0x0, 0x0, 0x0,

    /* U+5305 "包" */
    0x0, 0x0, 0xb4, 0x0, 0x0, 0x0, 0x0, 0x0,
    0x5, 0xe0, 0x0, 0x0, 0x0, 0x0, 0x0, 0xe,
    0xff, 0xff, 0xff, 0xff, 0x50, 0x0, 0xa9, 0x0,
    0x0, 0x0, 0xb, 0x50, 0xa, 0xd3, 0x33, 0x33,
    0x20, 0xc, 0x40, 0x1c, 0x3f, 0xbb, 0xbc, 0xd0,
    0xc, 0x30, 0x0, 0x1e, 0x0, 0x2, 0xd0, 0xd,
    0x20, 0x0, 0x1e, 0x11, 0x14, 0xd0, 0xf, 0x10,
    0x0, 0x1f, 0xbb, 0xbb, 0xa0, 0x2f, 0x0, 0x0,
    0x1e, 0x0, 0x0, 0xb, 0xe8, 0x0, 0x0, 0x1e,
    0x0, 0x0, 0x0, 0x0, 0x65, 0x0, 0xf, 0x30,
    0x0, 0x0, 0x1, 0xc6, 0x0, 0x8, 0xef, 0xff,
    0xff, 0xff, 0xb0,

    /* U+5316 "化" */
    0x0, 0x0, 0x10, 0x0, 0x0, 0x0, 0x0, 0x0,
    0x1, 0xf3, 0xe, 0x30, 0x0, 0x0, 0x0, 0x8,
    0xb0, 0xe, 0x30, 0x0, 0x0, 0x0, 0x1f, 0x30,
    0xe, 0x30, 0x7, 0xb0, 0x0, 0xaf, 0x0, 0xe,
    0x30, 0x3f, 0x40, 0x6, 0xff, 0x0, 0xe, 0x32,
    0xe6, 0x0, 0x3f, 0x6f, 0x0, 0xe, 0x6e, 0x80,
    0x0, 0x5, 0x1f, 0x0, 0xe, 0xf6, 0x0, 0x0,
    0x0, 0x1f, 0x0, 0x9f, 0x60, 0x0, 0x0, 0x0,
    0x1f, 0x3e, 0xbf, 0x30, 0x0, 0x0, 0x0, 0x1f,
    0x5, 0xe, 0x30, 0x0, 0xb3, 0x0, 0x1f, 0x0,
    0xe, 0x30, 0x0, 0xd3, 0x0, 0x1f, 0x0, 0xd,
    0x61, 0x2, 0xf1, 0x0, 0x1f, 0x0, 0x7, 0xff,
    0xff, 0x80,

    /* U+5339 "匹" */
    0xef, 0xff, 0xff, 0xff, 0xff, 0xfd, 0xe, 0x20,
    0x1f, 0x0, 0xd2, 0x0, 0x0, 0xe2, 0x1, 0xe0,
    0xd, 0x20, 0x0, 0xe, 0x20, 0x2d, 0x0, 0xd2,
    0x0, 0x0, 0xe2, 0x4, 0xb0, 0xd, 0x20, 0x0,
    0xe, 0x20, 0x79, 0x0, 0xd2, 0x0, 0x40, 0xe2,
    0xd, 0x40, 0xd, 0x20, 0x1d, 0xe, 0x26, 0xd0,
    0x0, 0xd7, 0x47, 0xb0, 0xe4, 0xd2, 0x0, 0x5,
    0xbb, 0xa3, 0xe, 0x20, 0x0, 0x0, 0x0, 0x0,
    0x0, 0xef, 0xff, 0xff, 0xff, 0xff, 0xff, 0x0,
    0x0, 0x0, 0x0, 0x0, 0x0, 0x0,

    /* U+5341 "十" */
    0x0, 0x0, 0x0, 0x6b, 0x0, 0x0, 0x0, 0x0,
    0x0, 0x0, 0x6b, 0x0, 0x0, 0x0, 0x0, 0x0,
    0x0, 0x6b, 0x0, 0x0, 0x0, 0x0, 0x0, 0x0,
    0x6b, 0x0, 0x0, 0x0, 0x0, 0x0, 0x0, 0x6b,
    0x0, 0x0, 0x0, 0x4, 0x44, 0x44, 0x9d, 0x44,
    0x44, 0x42, 0xc, 0xcc, 0xcc, 0xdf, 0xcc, 0xcc,
    0xc5, 0x0, 0x0, 0x0, 0x6b, 0x0, 0x0, 0x0,
    0x0, 0x0, 0x0, 0x6b, 0x0, 0x0, 0x0, 0x0,
    0x0, 0x0, 0x6b, 0x0, 0x0, 0x0, 0x0, 0x0,
    0x0, 0x6b, 0x0, 0x0, 0x0, 0x0, 0x0, 0x0,
    0x6b, 0x0, 0x0, 0x0, 0x0, 0x0, 0x0, 0x6b,
    0x0, 0x0, 0x0,

    /* U+5343 "千" */
    0x0, 0x0, 0x0, 0x0, 0x0, 0x33, 0x0, 0x0,
    0x1, 0x35, 0x79, 0xcf, 0xd8, 0x0, 0x2, 0xfe,
    0xca, 0xcc, 0x31, 0x0, 0x0, 0x0, 0x0, 0x0,
    0x6b, 0x0, 0x0, 0x0, 0x0, 0x0, 0x0, 0x6b,
    0x0, 0x0, 0x0, 0x1, 0x11, 0x11, 0x7b, 0x11,
    0x11, 0x10, 0x1f, 0xff, 0xff, 0xff, 0xff, 0xff,
    0xf7, 0x0, 0x0, 0x0, 0x6b, 0x0, 0x0, 0x0,
    0x0, 0x0, 0x0, 0x6b, 0x0, 0x0, 0x0, 0x0,
    0x0, 0x0, 0x6b, 0x0, 0x0, 0x0, 0x0, 0x0,
    0x0, 0x6b, 0x0, 0x0, 0x0, 0x0, 0x0, 0x0,
    0x6b, 0x0, 0x0, 0x0, 0x0, 0x0, 0x0, 0x6b,
    0x0, 0x0, 0x0,

    /* U+5347 "升" */
    0x0, 0x0, 0x0, 0x0, 0x0, 0x0, 0x0, 0x0,
    0x0, 0x2, 0xa9, 0x8, 0x70, 0x0, 0x0, 0x27,
    0xce, 0x81, 0x8, 0x70, 0x0, 0xb, 0xea, 0xf2,
    0x0, 0x8, 0x70, 0x0, 0x1, 0x0, 0xe2, 0x0,
    0x8, 0x70, 0x0, 0x0, 0x0, 0xe2, 0x0, 0x8,
    0x70, 0x0, 0x1, 0x11, 0xe3, 0x11, 0x19, 0x81,
    0x10, 0x1f, 0xff, 0xff, 0xff, 0xff, 0xff, 0xf8,
    0x0, 0x0, 0xf1, 0x0, 0x8, 0x70, 0x0, 0x0,
    0x2, 0xe0, 0x0, 0x8, 0x70, 0x0, 0x0, 0x8,
    0xa0, 0x0, 0x8, 0x70, 0x0, 0x0, 0x3f, 0x30,
    0x0, 0x8, 0x70, 0x0, 0x4, 0xe6, 0x0, 0x0,
    0x8, 0x70, 0x0, 0xc, 0x50, 0x0, 0x0, 0x8,
    0x70, 0x0, 0x0, 0x0, 0x0, 0x0, 0x0, 0x0,
    0x0,

    /* U+534A "半" */
    0x0, 0x33, 0x0, 0x6a, 0x0, 0x7, 0x0, 0x0,
    0x6c, 0x0, 0x6a, 0x0, 0x6d, 0x0, 0x0, 0xd,
    0x50, 0x6a, 0x0, 0xd4, 0x0, 0x0, 0x7, 0xa0,
    0x6a, 0x6, 0xb0, 0x0, 0x0, 0x11, 0x11, 0x7b,
    0x11, 0x21, 0x0, 0x2, 0xff, 0xff, 0xff, 0xff,
    0xff, 0x90, 0x0, 0x0, 0x0, 0x6a, 0x0, 0x0,
    0x0, 0x0, 0x0, 0x0, 0x6a, 0x0, 0x0, 0x0,
    0x1f, 0xff, 0xff, 0xff, 0xff, 0xff, 0xf6, 0x1,
    0x11, 0x11, 0x7b, 0x11, 0x11, 0x10, 0x0, 0x0,
    0x0, 0x6a, 0x0, 0x0, 0x0, 0x0, 0x0, 0x0,
    0x6a, 0x0, 0x0, 0x0, 0x0, 0x0, 0x0, 0x6a,
    0x0, 0x0, 0x0,

    /* U+534E "华" */
    0x0, 0x0, 0x0, 0x0, 0x0, 0x0, 0x0, 0x0,
    0x0, 0xa6, 0x6, 0xa0, 0x0, 0x0, 0x0, 0x7,
    0xc0, 0x6, 0xa0, 0x3c, 0xa0, 0x0, 0x6f, 0x50,
    0x6, 0xcb, 0xe7, 0x0, 0x8, 0xed, 0x54, 0xae,
    0xe6, 0x0, 0x0, 0x9, 0x2a, 0x55, 0x68, 0xa0,
    0x0, 0x51, 0x0, 0xa, 0x50, 0x5, 0xb0, 0x0,
    0xc3, 0x0, 0xa, 0x50, 0x2, 0xce, 0xee, 0xb0,
    0x0, 0x1, 0x0, 0x5a, 0x0, 0x0, 0x0, 0x0,
    0x0, 0x0, 0x6c, 0x0, 0x0, 0x0, 0x1f, 0xff,
    0xff, 0xff, 0xff, 0xff, 0xf7, 0x0, 0x0, 0x0,
    0x5b, 0x0, 0x0, 0x0, 0x0, 0x0, 0x0, 0x5b,
    0x0, 0x0, 0x0, 0x0, 0x0, 0x0, 0x5b, 0x0,
    0x0, 0x0,

    /* U+5351 "卑" */
    0x0, 0x0, 0x0, 0x0, 0x0, 0x0, 0x0, 0x0,
    0x0, 0x0, 0xc7, 0x0, 0x0, 0x0, 0x0, 0x6a,
    0xab, 0xfb, 0xaa, 0xaa, 0x10, 0x0, 0x98, 0x33,
    0x7b, 0x33, 0x3e, 0x20, 0x0, 0x96, 0x0, 0x5a,
    0x0, 0xe, 0x20, 0x0, 0x9e, 0xdd, 0xef, 0xdd,
    0xdf, 0x20, 0x0, 0x96, 0x0, 0x79, 0x0, 0xe,
    0x20, 0x0, 0x9e, 0xcc, 0xee, 0xcc, 0xcf, 0x20,
    0x0, 0x1, 0x2b, 0xa1, 0xb4, 0x11, 0x0, 0x0,
    0x39, 0xe7, 0x0, 0xd3, 0x0, 0x0, 0xb, 0xdf,
    0xcb, 0xbb, 0xfc, 0xbb, 0xb5, 0x3, 0x33, 0x33,
    0x33, 0xd6, 0x33, 0x31, 0x0, 0x0, 0x0, 0x0,
    0xd3, 0x0, 0x0, 0x0, 0x0, 0x0, 0x0, 0xd3,
    0x0, 0x0,

    /* U+5355 "单" */
    0x0, 0x1, 0x30, 0x0, 0x0, 0x50, 0x0, 0x0,
    0x2, 0xe2, 0x0, 0x7, 0xc0, 0x0, 0x0, 0x11,
    0x8a, 0x11, 0x3f, 0x41, 0x0, 0x0, 0xcd, 0xcc,
    0xde, 0xcc, 0xcf, 0x30, 0x0, 0xc4, 0x0, 0x6a,
    0x0, 0xd, 0x30, 0x0, 0xcd, 0xdd, 0xef, 0xdd,
    0xdf, 0x30, 0x0, 0xc4, 0x0, 0x6a, 0x0, 0xd,
    0x30, 0x0, 0xcd, 0xdd, 0xef, 0xdd, 0xdf, 0x30,
    0x0, 0x1, 0x11, 0x7b, 0x11, 0x11, 0x0, 0x2,
    0x22, 0x22, 0x7b, 0x22, 0x22, 0x21, 0x1c, 0xcc,
    0xcc, 0xef, 0xcc, 0xcc, 0xc5, 0x0, 0x0, 0x0,
    0x6a, 0x0, 0x0, 0x0, 0x0, 0x0, 0x0, 0x6a,
    0x0, 0x0, 0x0,

    /* U+5357 "南" */
    0x0, 0x0, 0x0, 0x99, 0x0, 0x0, 0x0, 0x2,
    0x22, 0x22, 0xaa, 0x22, 0x22, 0x20, 0x2d, 0xdd,
    0xdd, 0xff, 0xdd, 0xdd, 0xd2, 0x0, 0x0, 0x0,
    0x99, 0x0, 0x0, 0x0, 0x6, 0xff, 0xff, 0xff,
    0xff, 0xff, 0x60, 0x6, 0xa0, 0x45, 0x0, 0x65,
    0xa, 0x60, 0x6, 0xa0, 0x1d, 0x0, 0xd1, 0xa,
    0x60, 0x6, 0xa3, 0xde, 0xde, 0xfd, 0x4a, 0x60,
    0x6, 0xa0, 0x0, 0x87, 0x0, 0xa, 0x60, 0x6,
    0xa6, 0xaa, 0xdd, 0xaa, 0x6a, 0x60, 0x6, 0xa1,
    0x33, 0xa9, 0x33, 0x1a, 0x60, 0x6, 0xa0, 0x0,
    0x87, 0x0, 0xa, 0x60, 0x6, 0xa0, 0x0, 0x87,
    0xb, 0xee, 0x30, 0x0, 0x0, 0x0, 0x0, 0x0,
    0x0, 0x0,

    /* U+535A "博" */
    0x0, 0xb4, 0x0, 0x0, 0xb3, 0xa5, 0x0, 0x0,
    0xb4, 0x0, 0x0, 0xb4, 0x3d, 0x40, 0x0, 0xb4,
    0x4d, 0xdd, 0xfe, 0xdd, 0xd2, 0x0, 0xb5, 0x4,
    0x77, 0xd9, 0x77, 0x30, 0x6e, 0xff, 0xe8, 0x62,
    0xc6, 0x28, 0x70, 0x0, 0xb4, 0x8, 0xb9, 0xeb,
    0x9c, 0x70, 0x0, 0xb4, 0x8, 0xcb, 0xec, 0xbd,
    0x70, 0x0, 0xb4, 0x8, 0x40, 0xa3, 0x47, 0x70,
    0x0, 0xb4, 0x0, 0x0, 0x0, 0xe1, 0x0, 0x0,
    0xb4, 0x9e, 0xee, 0xee, 0xfe, 0xe4, 0x0, 0xb4,
    0x0, 0xc2, 0x0, 0xe1, 0x0, 0x0, 0xb4, 0x0,
    0x2c, 0x0, 0xe1, 0x0, 0x0, 0xb4, 0x0, 0x0,
    0x7e, 0xd0, 0x0,

    /* U+535C "卜" */
    0xe3, 0x0, 0x0, 0x0, 0xe3, 0x0, 0x0, 0x0,
    0xe3, 0x0, 0x0, 0x0, 0xe3, 0x0, 0x0, 0x0,
    0xe9, 0x30, 0x0, 0x0, 0xea, 0xfb, 0x30, 0x0,
    0xe3, 0x18, 0xfb, 0x30, 0xe3, 0x0, 0x1a, 0xf3,
    0xe3, 0x0, 0x0, 0x30, 0xe3, 0x0, 0x0, 0x0,
    0xe3, 0x0, 0x0, 0x0, 0xe3, 0x0, 0x0, 0x0,
    0xe3, 0x0, 0x0, 0x0,

    /* U+5361 "卡" */
    0x0, 0x0, 0x0, 0xb4, 0x0, 0x0, 0x0, 0x0,
    0x0, 0x0, 0xb4, 0x0, 0x0, 0x0, 0x0, 0x0,
    0x0, 0xbf, 0xff, 0xfd, 0x0, 0x0, 0x0, 0x0,
    0xb5, 0x0, 0x0, 0x0, 0x0, 0x0, 0x0, 0xb4,
    0x0, 0x0, 0x0, 0x1d, 0xdd, 0xdd, 0xfe, 0xdd,
    0xdd, 0xd6, 0x3, 0x33, 0x33, 0xc7, 0x33, 0x33,
    0x31, 0x0, 0x0, 0x0, 0xb5, 0x10, 0x0, 0x0,
    0x0, 0x0, 0x0, 0xb8, 0xea, 0x40, 0x0, 0x0,
    0x0, 0x0, 0xb5, 0x6, 0xdd, 0x50, 0x0, 0x0,
    0x0, 0xb5, 0x0, 0x5, 0x30, 0x0, 0x0, 0x0,
    0xb5, 0x0, 0x0, 0x0, 0x0, 0x0, 0x0, 0xb5,
    0x0, 0x0, 0x0,

    /* U+5370 "印" */
    0x0, 0x0, 0x56, 0x0, 0x0, 0x0, 0x0, 0x5a,
    0xec, 0x60, 0xef, 0xff, 0xfc, 0xc, 0x71, 0x0,
    0xe, 0x31, 0x15, 0xc0, 0xc4, 0x0, 0x0, 0xe1,
    0x0, 0x3c, 0xc, 0x40, 0x0, 0xe, 0x10, 0x3,
    0xc0, 0xcf, 0xff, 0xf2, 0xe1, 0x0, 0x3c, 0xc,
    0x50, 0x0, 0xe, 0x10, 0x3, 0xc0, 0xc4, 0x0,
    0x0, 0xe1, 0x0, 0x3c, 0xc, 0x40, 0x0, 0xe,
    0x10, 0x3, 0xc0, 0xd6, 0x59, 0xd2, 0xe1, 0x12,
    0x6c, 0x3f, 0xfa, 0x62, 0xe, 0x16, 0xfd, 0x60,
    0x40, 0x0, 0x0, 0xe1, 0x0, 0x0, 0x0, 0x0,
    0x0, 0xe, 0x10, 0x0, 0x0,

    /* U+5373 "即" */
    0x4f, 0xee, 0xef, 0x1c, 0xee, 0xee, 0x4, 0xc0,
    0x0, 0xe1, 0xd4, 0x1, 0xf0, 0x4c, 0x0, 0xe,
    0x1d, 0x30, 0xf, 0x4, 0xfe, 0xee, 0xf1, 0xd3,
    0x0, 0xf0, 0x4c, 0x0, 0xe, 0x1d, 0x30, 0xf,
    0x4, 0xc2, 0x22, 0xe1, 0xd3, 0x0, 0xf0, 0x4f,
    0xcc, 0xcc, 0x1d, 0x30, 0xf, 0x4, 0xc0, 0x17,
    0x0, 0xd3, 0x0, 0xf0, 0x4c, 0x0, 0xd3, 0xd,
    0x3b, 0xdd, 0x4, 0xd6, 0xbe, 0xc0, 0xd3, 0x12,
    0x0, 0xbf, 0xb5, 0xd, 0x3d, 0x30, 0x0, 0x3,
    0x10, 0x0, 0x10, 0xd3, 0x0, 0x0,

    /* U+5377 "卷" */
    0x0, 0x1, 0x0, 0x26, 0x0, 0x10, 0x0, 0x0,
    0xc, 0x50, 0x89, 0x3, 0xd0, 0x0, 0x0, 0x25,
    0xc2, 0xc7, 0x2c, 0x62, 0x0, 0x3, 0xcc, 0xcd,
    0xfc, 0xcc, 0xcc, 0x20, 0x0, 0x0, 0xc, 0x60,
    0x0, 0x0, 0x0, 0x1f, 0xff, 0xff, 0xff, 0xff,
    0xff, 0xf2, 0x0, 0xa, 0xb0, 0x0, 0x1d, 0x60,
    0x0, 0x5, 0xdd, 0xcb, 0xbb, 0xbc, 0xcb, 0x40,
    0x4e, 0x46, 0xa2, 0x22, 0x5d, 0x7, 0xf6, 0x0,
    0x6, 0x90, 0x0, 0x6b, 0x0, 0x10, 0x0, 0x6,
    0x90, 0x5c, 0xc3, 0x16, 0x0, 0x0, 0x6, 0xb0,
    0x0, 0x0, 0x5b, 0x0, 0x0, 0x1, 0xdf, 0xff,
    0xff, 0xe4, 0x0,

    /* U+537F "卿" */
    0x0, 0x3, 0x30, 0x0, 0x0, 0x0, 0x0, 0x6b,
    0xd4, 0xee, 0xed, 0x5f, 0xee, 0xe, 0x40, 0xe,
    0x0, 0xd5, 0x80, 0xe0, 0xe0, 0xb0, 0xe2, 0x2d,
    0x58, 0xe, 0xe, 0xd, 0xe, 0xbb, 0xd5, 0x80,
    0xe0, 0xe0, 0xd0, 0xe0, 0xd, 0x58, 0xe, 0xe,
    0xd, 0xe, 0xee, 0xd5, 0x80, 0xe0, 0xe0, 0xd0,
    0xe0, 0x0, 0x58, 0xe, 0xf, 0xde, 0xe, 0xc,
    0x15, 0x80, 0xe3, 0xb6, 0xa0, 0xe0, 0x77, 0x58,
    0xe, 0x0, 0x95, 0x1f, 0xbc, 0xd5, 0x8c, 0xa0,
    0x4c, 0x8, 0xa3, 0xc, 0x68, 0x0, 0x1b, 0x10,
    0x0, 0x0, 0x5, 0x80, 0x0, 0x0, 0x0, 0x0,
    0x0, 0x0, 0x0,

    /* U+5389 "厉" */
    0x0, 0xff, 0xff, 0xff, 0xff, 0xff, 0xf3, 0x0,
    0xf0, 0x0, 0x0, 0x0, 0x0, 0x0, 0x0, 0xf0,
    0x11, 0x11, 0x11, 0x11, 0x10, 0x0, 0xf5, 0xdd,
    0xfe, 0xdd, 0xdd, 0xd3, 0x0, 0xf0, 0x0, 0xd3,
    0x0, 0x0, 0x0, 0x1, 0xf0, 0x0, 0xf2, 0x0,
    0x0, 0x0, 0x2, 0xe0, 0x1, 0xfe, 0xee, 0xef,
    0x10, 0x3, 0xd0, 0x5, 0xc0, 0x0, 0xf, 0x0,
    0x6, 0xa0, 0xb, 0x70, 0x0, 0x2e, 0x0, 0x9,
    0x70, 0x3f, 0x10, 0x0, 0x5c, 0x0, 0xe, 0x22,
    0xe6, 0x0, 0x0, 0xa8, 0x0, 0x3b, 0xb, 0x70,
    0x0, 0xdf, 0xd2, 0x0, 0x0, 0x0, 0x0, 0x0,
    0x0, 0x0, 0x0,

    /* U+538C "厌" */
    0x0, 0xff, 0xff, 0xff, 0xff, 0xff, 0xf4, 0x0,
    0xf0, 0x0, 0x1, 0x60, 0x0, 0x0, 0x0, 0xf0,
    0x0, 0x2, 0xe0, 0xc4, 0x0, 0x0, 0xf0, 0x0,
    0x3, 0xd0, 0x2e, 0x20, 0x0, 0xf1, 0x33, 0x37,
    0xd3, 0x34, 0x30, 0x1, 0xf4, 0xbb, 0xbd, 0xfc,
    0xbb, 0xb2, 0x2, 0xf0, 0x0, 0xa, 0xf6, 0x0,
    0x0, 0x3, 0xd0, 0x0, 0xe, 0x4e, 0x0, 0x0,
    0x5, 0xb0, 0x0, 0x8a, 0x9, 0x70, 0x0, 0x8,
    0x80, 0x4, 0xe2, 0x1, 0xe3, 0x0, 0xd, 0x40,
    0x5e, 0x40, 0x0, 0x4e, 0x50, 0x3d, 0xa, 0xd4,
    0x0, 0x0, 0x4, 0xe5, 0x1, 0x2, 0x0, 0x0,
    0x0, 0x0, 0x10,

    /* U+539A "厚" */
    0x0, 0xff, 0xff, 0xff, 0xff, 0xff, 0xf5, 0x0,
    0xf0, 0x44, 0x44, 0x44, 0x44, 0x0, 0x0, 0xf0,
    0xe7, 0x66, 0x66, 0x7f, 0x0, 0x0, 0xf0, 0xeb,
    0xaa, 0xaa, 0xbf, 0x0, 0x0, 0xf0, 0xe3, 0x22,
    0x22, 0x3f, 0x0, 0x1, 0xf0, 0x77, 0x77, 0x77,
    0x77, 0x0, 0x2, 0xe0, 0xbc, 0xcc, 0xcc, 0xca,
    0x0, 0x3, 0xd0, 0x0, 0x0, 0x3b, 0xd3, 0x0,
    0x6, 0xa0, 0x0, 0x1, 0xf5, 0x0, 0x0, 0x9,
    0x7b, 0xcc, 0xcd, 0xfc, 0xcc, 0xc6, 0xe, 0x20,
    0x0, 0x1, 0xe0, 0x0, 0x0, 0x3b, 0x0, 0x6,
    0xdd, 0xa0, 0x0, 0x0, 0x0, 0x0, 0x0, 0x0,
    0x0, 0x0, 0x0,

    /* U+53A5 "厥" */
    0x2, 0xfe, 0xee, 0xee, 0xee, 0xee, 0xe7, 0x2,
    0xc1, 0x50, 0x38, 0x5, 0x30, 0x0, 0x2, 0xc0,
    0xd0, 0xa5, 0xa, 0x30, 0x0, 0x2, 0xc6, 0x98,
    0xf8, 0x3e, 0xba, 0xa4, 0x3, 0xc4, 0x4e, 0x44,
    0x5b, 0x62, 0xa4, 0x4, 0xc7, 0x2d, 0xb, 0xb4,
    0xd1, 0xc0, 0x4, 0xb8, 0x2d, 0xb, 0x40, 0xe1,
    0x50, 0x5, 0xa8, 0x7e, 0x5d, 0x0, 0xf4, 0x0,
    0x7, 0x83, 0x7e, 0x6d, 0x4, 0xeb, 0x0, 0xa,
    0x50, 0x49, 0x0, 0xc, 0x3c, 0x30, 0xe, 0x11,
    0xd4, 0x0, 0xaa, 0x4, 0xe1, 0x2b, 0xb, 0x60,
    0x6, 0xa0, 0x0, 0x66, 0x0, 0x0, 0x0, 0x0,
    0x0, 0x0, 0x0,

    /* U+53AD "厭" */
    0x3, 0xff, 0xff, 0xff, 0xff, 0xff, 0xf6, 0x3,
    0xc2, 0x55, 0x54, 0x0, 0x92, 0x20, 0x3, 0xc6,
    0xa4, 0x4e, 0x0, 0xd2, 0xc1, 0x3, 0xc6, 0xd9,
    0x9e, 0x0, 0xe0, 0x32, 0x3, 0xc6, 0xc8, 0x8e,
    0x47, 0xf7, 0x73, 0x4, 0xb1, 0x22, 0x22, 0x58,
    0xfa, 0x84, 0x4, 0xb9, 0xdb, 0xbf, 0x12, 0xf7,
    0x0, 0x5, 0x99, 0xa7, 0x7e, 0x14, 0xea, 0x0,
    0x7, 0x79, 0x72, 0x2d, 0x17, 0x7d, 0x0, 0xa,
    0x49, 0xdb, 0xbf, 0x1c, 0x2a, 0x40, 0xe, 0x19,
    0x50, 0xc, 0x6a, 0x2, 0xc0, 0x2a, 0x9, 0x50,
    0xcd, 0xb1, 0x0, 0x57, 0x0, 0x0, 0x0, 0x0,
    0x0, 0x0, 0x0,

    /* U+53B2 "厲" */
    0x0, 0xfe, 0xee, 0xee, 0xee, 0xee, 0xe5, 0x0,
    0xf0, 0x3, 0xa0, 0x5, 0x50, 0x0, 0x0, 0xf9,
    0xcd, 0xfc, 0xce, 0xec, 0xc3, 0x0, 0xf0, 0x14,
    0xa1, 0x16, 0x61, 0x0, 0x0, 0xf0, 0xd8, 0x78,
    0xe7, 0x7f, 0x0, 0x1, 0xf0, 0xda, 0x9a, 0xe9,
    0x9f, 0x0, 0x2, 0xe0, 0xd6, 0x56, 0xe5, 0x5f,
    0x0, 0x3, 0xc0, 0x44, 0x46, 0xd4, 0x44, 0x0,
    0x6, 0xa7, 0xdc, 0xcd, 0xfc, 0xcd, 0xb0, 0x9,
    0x77, 0x50, 0x1, 0xd4, 0x73, 0xb0, 0xe, 0x27,
    0x5c, 0xcb, 0xa9, 0xb6, 0xb0, 0x2a, 0x7, 0x50,
    0x0, 0x0, 0x7d, 0x80,

    /* U+53BB "去" */
    0x0, 0x0, 0x0, 0x5b, 0x0, 0x0, 0x0, 0x0,
    0x0, 0x0, 0x5b, 0x0, 0x0, 0x0, 0x0, 0xcc,
    0xcc, 0xdf, 0xcc, 0xcc, 0x50, 0x0, 0x44, 0x44,
    0x8c, 0x44, 0x44, 0x10, 0x0, 0x0, 0x0, 0x5b,
    0x0, 0x0, 0x0, 0x0, 0x0, 0x0, 0x5b, 0x0,
    0x0, 0x0, 0x1f, 0xff, 0xff, 0xff, 0xff, 0xff,
    0xf7, 0x1, 0x11, 0x2e, 0x61, 0x11, 0x11, 0x10,
    0x0, 0x0, 0x8b, 0x0, 0x1e, 0x20, 0x0, 0x0,
    0x4, 0xe1, 0x0, 0x6, 0xd1, 0x0, 0x0, 0x1e,
    0x30, 0x0, 0x13, 0xca, 0x0, 0x0, 0xee, 0xde,
    0xff, 0xed, 0xbe, 0x50, 0x0, 0x65, 0x32, 0x0,
    0x0, 0x5, 0x70,

    /* U+53C8 "又" */
    0x0, 0x0, 0x0, 0x0, 0x0, 0x0, 0x0, 0x9,
    0xff, 0xff, 0xff, 0xff, 0xfd, 0x0, 0x0, 0x6b,
    0x11, 0x11, 0x11, 0x8a, 0x0, 0x0, 0xe, 0x20,
    0x0, 0x0, 0xe4, 0x0, 0x0, 0x8, 0x90, 0x0,
    0x5, 0xd0, 0x0, 0x0, 0x2, 0xe1, 0x0, 0xc,
    0x50, 0x0, 0x0, 0x0, 0x8c, 0x0, 0x9a, 0x0,
    0x0, 0x0, 0x0, 0xc, 0x86, 0xd0, 0x0, 0x0,
    0x0, 0x0, 0x2, 0xff, 0x20, 0x0, 0x0, 0x0,
    0x0, 0x19, 0xee, 0x90, 0x0, 0x0, 0x0, 0x5,
    0xea, 0x11, 0xbe, 0x50, 0x0, 0x18, 0xed, 0x50,
    0x0, 0x6, 0xde, 0x82, 0x1a, 0x40, 0x0, 0x0,
    0x0, 0x4, 0xa2,

    /* U+53CA "及" */
    0x9, 0xff, 0xff, 0xff, 0xfe, 0x0, 0x0, 0x0,
    0x3, 0xf0, 0x0, 0x6a, 0x0, 0x0, 0x0, 0x2,
    0xf3, 0x0, 0xa6, 0x0, 0x0, 0x0, 0x3, 0xfa,
    0x0, 0xed, 0xdd, 0x80, 0x0, 0x5, 0xde, 0x10,
    0x22, 0x2b, 0x60, 0x0, 0x7, 0xa9, 0x70, 0x0,
    0x2f, 0x0, 0x0, 0xb, 0x61, 0xe2, 0x0, 0x99,
    0x0, 0x0, 0x2f, 0x10, 0x6c, 0x16, 0xd1, 0x0,
    0x0, 0x9a, 0x0, 0x9, 0xdf, 0x20, 0x0, 0x5,
    0xf2, 0x0, 0x19, 0xfe, 0x60, 0x0, 0x2f, 0x60,
    0x39, 0xea, 0x14, 0xdd, 0x82, 0x6, 0x0, 0x98,
    0x20, 0x0, 0x4, 0xa2,

    /* U+53CC "双" */
    0x1e, 0xee, 0xee, 0x4e, 0xee, 0xee, 0xb0, 0x1,
    0x11, 0x1e, 0x1b, 0x61, 0x17, 0xa0, 0x2, 0x0,
    0x1f, 0x7, 0x80, 0xa, 0x70, 0xb, 0x80, 0x5c,
    0x4, 0xb0, 0xd, 0x30, 0x1, 0xe5, 0x98, 0x1,
    0xf0, 0x2e, 0x0, 0x0, 0x3e, 0xe3, 0x0, 0xb5,
    0x98, 0x0, 0x0, 0x8, 0xf0, 0x0, 0x6b, 0xf1,
    0x0, 0x0, 0xc, 0xf7, 0x0, 0xf, 0x90, 0x0,
    0x0, 0x5e, 0x4f, 0x10, 0x6f, 0xc0, 0x0, 0x1,
    0xe5, 0xa, 0x45, 0xf4, 0xd8, 0x0, 0x1d, 0x90,
    0x0, 0x9f, 0x40, 0x2e, 0xa0, 0x29, 0x0, 0x1,
    0xa2, 0x0, 0x1, 0xa2,

    /* U+53CD "反" */
    0x0, 0x0, 0x0, 0x2, 0x46, 0xa5, 0x0, 0x9,
    0xcd, 0xff, 0xdb, 0x96, 0x20, 0x0, 0xd5, 0x10,
    0x0, 0x0, 0x0, 0x0, 0xd, 0x30, 0x0, 0x0,
    0x0, 0x0, 0x0, 0xd6, 0x44, 0x44, 0x44, 0x41,
    0x0, 0xe, 0xcf, 0xdb, 0xbb, 0xbe, 0x70, 0x0,
    0xf2, 0x79, 0x0, 0x1, 0xe1, 0x0, 0xf, 0x11,
    0xe1, 0x0, 0x8a, 0x0, 0x1, 0xf0, 0x7, 0xb0,
    0x4e, 0x20, 0x0, 0x3e, 0x0, 0xb, 0xae, 0x40,
    0x0, 0x7, 0xa0, 0x0, 0x7f, 0xd1, 0x0, 0x0,
    0xd5, 0x4, 0xcd, 0x48, 0xf8, 0x20, 0x4e, 0x1e,
    0xd6, 0x0, 0x2, 0x9e, 0x90, 0x20, 0x10, 0x0,
    0x0, 0x0, 0x0,

    /* U+53D1 "发" */
    0x0, 0x0, 0x0, 0x0, 0x0, 0x0, 0x0, 0x0,
    0x7, 0x10, 0xb6, 0x3, 0x70, 0x0, 0x0, 0x3e,
    0x0, 0xe4, 0x0, 0xd6, 0x0, 0x0, 0x97, 0x1,
    0xf1, 0x0, 0x18, 0x0, 0x2, 0xfd, 0xcd, 0xfc,
    0xcc, 0xcc, 0xc0, 0x0, 0x53, 0x3c, 0xa3, 0x33,
    0x33, 0x30, 0x0, 0x0, 0xf, 0x50, 0x0, 0x10,
    0x0, 0x0, 0x0, 0x7f, 0xff, 0xff, 0xf9, 0x0,
    0x0, 0x1, 0xef, 0x50, 0x0, 0xe3, 0x0, 0x0,
    0xa, 0xc2, 0xd1, 0x9, 0xb0, 0x0, 0x0, 0x8e,
    0x10, 0x4d, 0x8d, 0x10, 0x0, 0xa, 0xe3, 0x0,
    0x1d, 0xf7, 0x0, 0x0, 0x4b, 0x10, 0x27, 0xe9,
    0x5d, 0xc5, 0x10, 0x0, 0x5, 0xe9, 0x20, 0x0,
    0x6b, 0xf3, 0x0, 0x0, 0x0, 0x0, 0x0, 0x0,
    0x0,

    /* U+53D6 "取" */
    0x7f, 0xff, 0xff, 0xd0, 0x0, 0x0, 0x0, 0x8,
    0x70, 0x2d, 0xf, 0xff, 0xff, 0xc0, 0x8, 0x70,
    0x2d, 0x3, 0xb0, 0x5, 0x80, 0x8, 0xfe, 0xed,
    0x0, 0xe0, 0x9, 0x50, 0x8, 0x70, 0x2d, 0x0,
    0xd1, 0xd, 0x20, 0x8, 0x70, 0x2d, 0x0, 0x96,
    0x2d, 0x0, 0x8, 0xfe, 0xed, 0x0, 0x3c, 0x97,
    0x0, 0x8, 0x70, 0x2d, 0x0, 0xd, 0xe1, 0x0,
    0x8, 0x82, 0x6e, 0x90, 0xb, 0xc0, 0x0, 0x6e,
    0xeb, 0xae, 0x30, 0x6d, 0xc7, 0x0, 0x11, 0x0,
    0x2d, 0x7, 0xe1, 0x1e, 0x80, 0x0, 0x0, 0x2d,
    0x2c, 0x10, 0x1, 0xb2, 0x0, 0x0, 0x0, 0x0,
    0x0, 0x0, 0x0,

    /* U+53D7 "受" */
    0x0, 0x1, 0x23, 0x46, 0x8a, 0xcc, 0x0, 0xa,
    0xed, 0xcb, 0xc8, 0x65, 0x31, 0x0, 0x0, 0x68,
    0x0, 0xc4, 0x0, 0x99, 0x0, 0x0, 0x1e, 0x0,
    0x68, 0x2, 0xe1, 0x0, 0xe, 0xef, 0xee, 0xee,
    0xef, 0xfe, 0xe0, 0xf, 0x0, 0x0, 0x0, 0x0,
    0x0, 0xf0, 0xe, 0x0, 0x0, 0x0, 0x0, 0x0,
    0xe0, 0x0, 0x4f, 0xfe, 0xee, 0xef, 0xe1, 0x0,
    0x0, 0x6, 0xc0, 0x0, 0xc, 0x50, 0x0, 0x0,
    0x0, 0x9b, 0x11, 0xb9, 0x0, 0x0, 0x0, 0x0,
    0x7, 0xee, 0x80, 0x0, 0x0, 0x0, 0x4, 0x9e,
    0xba, 0xe9, 0x41, 0x0, 0x1d, 0xfb, 0x71, 0x0,
    0x17, 0xcf, 0xd0, 0x2, 0x0, 0x0, 0x0, 0x0,
    0x0, 0x10,

    /* U+53D8 "变" */
    0x0, 0x0, 0x0, 0x72, 0x0, 0x0, 0x0, 0x1,
    0x11, 0x11, 0x8b, 0x11, 0x11, 0x10, 0xd, 0xdd,
    0xdf, 0xdd, 0xfd, 0xdd, 0xd0, 0x0, 0x7, 0x2e,
    0x0, 0xe2, 0x40, 0x0, 0x0, 0x79, 0x2e, 0x0,
    0xe2, 0xc7, 0x0, 0x4, 0xe1, 0x2e, 0x0, 0xe1,
    0xd, 0x50, 0x4, 0x30, 0x2e, 0x0, 0xe1, 0x2,
    0x50, 0x2, 0xee, 0xff, 0xee, 0xff, 0xe3, 0x0,
    0x0, 0x9, 0xa0, 0x0, 0x9, 0xb0, 0x0, 0x0,
    0x0, 0xab, 0x11, 0xab, 0x0, 0x0, 0x0, 0x0,
    0x8, 0xee, 0x80, 0x0, 0x0, 0x1, 0x47, 0xcd,
    0x88, 0xec, 0x74, 0x10, 0x1d, 0xb7, 0x30, 0x0,
    0x4, 0x8b, 0xd2,

    /* U+53E0 "叠" */
    0x0, 0x0, 0x0, 0x0, 0x0, 0x0, 0x0, 0x0,
    0xc, 0xdc, 0xbb, 0xcf, 0xa0, 0x0, 0x0, 0x26,
    0x9c, 0xb8, 0xc9, 0x40, 0x0, 0x5, 0xbe, 0xb9,
    0x36, 0x8a, 0xd9, 0x50, 0x2, 0xb7, 0x7b, 0x4,
    0xb6, 0x6c, 0x10, 0x3, 0x8e, 0xd8, 0x3, 0x9e,
    0xd9, 0x10, 0xc, 0xa5, 0x6c, 0x8c, 0x95, 0x5b,
    0xa0, 0xd, 0x76, 0x66, 0x66, 0x66, 0x67, 0xd0,
    0x8, 0x1c, 0xba, 0xaa, 0xab, 0xb1, 0x80, 0x0,
    0xd, 0x97, 0x77, 0x79, 0xc0, 0x0, 0x0, 0xd,
    0x54, 0x44, 0x46, 0xc0, 0x0, 0x0, 0xd, 0x98,
    0x88, 0x8a, 0xc0, 0x0, 0x2c, 0xcf, 0xcc, 0xcc,
    0xcd, 0xfc, 0xc2,

    /* U+53E4 "古" */
    0x0, 0x0, 0x0, 0x6b, 0x0, 0x0, 0x0, 0x0,
    0x0, 0x0, 0x6b, 0x0, 0x0, 0x0, 0x0, 0x0,
    0x0, 0x7b, 0x0, 0x0, 0x0, 0x1f, 0xff, 0xff,
    0xff, 0xff, 0xff, 0xf6, 0x0, 0x0, 0x0, 0x6b,
    0x0, 0x0, 0x0, 0x0, 0x0, 0x0, 0x6b, 0x0,
    0x0, 0x0, 0x0, 0x0, 0x0, 0x7b, 0x0, 0x0,
    0x0, 0x0, 0x8f, 0xff, 0xff, 0xff, 0xfe, 0x0,
    0x0, 0x88, 0x0, 0x0, 0x0, 0x2e, 0x0, 0x0,
    0x88, 0x0, 0x0, 0x0, 0x2e, 0x0, 0x0, 0x88,
    0x0, 0x0, 0x0, 0x2e, 0x0, 0x0, 0x8e, 0xdd,
    0xdd, 0xdd, 0xde, 0x0, 0x0, 0x89, 0x22, 0x22,
    0x22, 0x4e, 0x0,

    /* U+53E6 "另" */
    0x0, 0xef, 0xff, 0xff, 0xff, 0xfc, 0x0, 0xe,
    0x10, 0x0, 0x0, 0x4, 0xc0, 0x0, 0xe1, 0x0,
    0x0, 0x0, 0x4c, 0x0, 0xe, 0x20, 0x0, 0x0,
    0x5, 0xc0, 0x0, 0xef, 0xff, 0xff, 0xff, 0xfc,
    0x0, 0x0, 0x0, 0xf, 0x20, 0x0, 0x0, 0xd,
    0xdd, 0xdd, 0xfd, 0xdd, 0xdd, 0x40, 0x11, 0x11,
    0x9a, 0x11, 0x11, 0xd4, 0x0, 0x0, 0x1f, 0x40,
    0x0, 0xe, 0x30, 0x0, 0x2d, 0x90, 0x0, 0x0,
    0xf1, 0x2, 0x8f, 0x80, 0x0, 0x0, 0x4e, 0x1,
    0xd9, 0x30, 0x0, 0xf, 0xfe, 0x60, 0x0, 0x0,
    0x0, 0x0, 0x0, 0x0, 0x0,

    /* U+53EF "可" */
    0x3f, 0xff, 0xff, 0xff, 0xff, 0xff, 0xf4, 0x1,
    0x11, 0x11, 0x11, 0x11, 0x99, 0x10, 0x0, 0x0,
    0x0, 0x0, 0x0, 0x88, 0x0, 0x0, 0xbd, 0xdd,
    0xdd, 0x0, 0x88, 0x0, 0x0, 0xc5, 0x11, 0x3f,
    0x0, 0x88, 0x0, 0x0, 0xc3, 0x0, 0x1f, 0x0,
    0x88, 0x0, 0x0, 0xc3, 0x0, 0x1f, 0x0, 0x88,
    0x0, 0x0, 0xc6, 0x33, 0x4f, 0x0, 0x88, 0x0,
    0x0, 0xcd, 0xcc, 0xcc, 0x0, 0x88, 0x0, 0x0,
    0x61, 0x0, 0x0, 0x0, 0x88, 0x0, 0x0, 0x0,
    0x0, 0x1, 0x11, 0xa8, 0x0, 0x0, 0x0, 0x0,
    0x5, 0xff, 0xd3, 0x0,

    /* U+53F0 "台" */
    0x0, 0x0, 0x16, 0x0, 0x0, 0x0, 0x0, 0x0,
    0xb, 0xa0, 0x0, 0x0, 0x0, 0x0, 0x8, 0xc0,
    0x0, 0xb2, 0x0, 0x0, 0x6, 0xd1, 0x0, 0x5,
    0xe3, 0x0, 0x6, 0xd2, 0x12, 0x23, 0x4a, 0xe2,
    0x3, 0xff, 0xfe, 0xdc, 0xbb, 0xaa, 0xd1, 0x1,
    0x0, 0x0, 0x0, 0x0, 0x5, 0x10, 0x4f, 0xff,
    0xff, 0xff, 0xfe, 0x0, 0x4, 0xc0, 0x0, 0x0,
    0x3, 0xe0, 0x0, 0x4c, 0x0, 0x0, 0x0, 0x3e,
    0x0, 0x4, 0xc0, 0x0, 0x0, 0x3, 0xe0, 0x0,
    0x4f, 0xee, 0xee, 0xee, 0xee, 0x0, 0x4, 0xc1,
    0x11, 0x11, 0x14, 0xe0, 0x0,

    /* U+53F2 "史" */
    0x0, 0x0, 0x0, 0x2e, 0x0, 0x0, 0x0, 0x0,
    0x0, 0x0, 0x2e, 0x0, 0x0, 0x0, 0x1, 0xcc,
    0xcc, 0xcf, 0xcc, 0xcc, 0xa0, 0x1, 0xf3, 0x33,
    0x5f, 0x33, 0x36, 0xd0, 0x1, 0xe0, 0x0, 0x2e,
    0x0, 0x3, 0xd0, 0x1, 0xe0, 0x0, 0x2e, 0x0,
    0x3, 0xd0, 0x1, 0xff, 0xff, 0xff, 0xff, 0xff,
    0xd0, 0x0, 0x25, 0x0, 0x5d, 0x0, 0x0, 0x0,
    0x0, 0x1e, 0x20, 0x7a, 0x0, 0x0, 0x0, 0x0,
    0x6, 0xd3, 0xe3, 0x0, 0x0, 0x0, 0x0, 0x0,
    0x9f, 0xc0, 0x0, 0x0, 0x0, 0x0, 0x4a, 0xe8,
    0xae, 0xa6, 0x42, 0x10, 0xe, 0xc7, 0x10, 0x0,
    0x5a, 0xce, 0xfc, 0x0, 0x0, 0x0, 0x0, 0x0,
    0x0, 0x0,

    /* U+53F3 "右" */
    0x0, 0x0, 0x3, 0x70, 0x0, 0x0, 0x0, 0x0,
    0x0, 0x8, 0x90, 0x0, 0x0, 0x0, 0x0, 0x0,
    0xd, 0x50, 0x0, 0x0, 0x0, 0x1f, 0xff, 0xff,
    0xff, 0xff, 0xff, 0xf2, 0x0, 0x0, 0xa8, 0x0,
    0x0, 0x0, 0x0, 0x0, 0x2, 0xf2, 0x0, 0x0,
    0x0, 0x0, 0x0, 0xb, 0xc2, 0x22, 0x22, 0x22,
    0x0, 0x0, 0x7f, 0xfd, 0xdd, 0xdd, 0xdf, 0x10,
    0x8, 0xe7, 0xc0, 0x0, 0x0, 0xf, 0x10, 0x5d,
    0x23, 0xc0, 0x0, 0x0, 0xf, 0x10, 0x1, 0x3,
    0xc0, 0x0, 0x0, 0xf, 0x10, 0x0, 0x3, 0xfe,
    0xee, 0xee, 0xef, 0x10, 0x0, 0x3, 0xd1, 0x11,
    0x11, 0x1e, 0x10,

    /* U+53F7 "号" */
    0x0, 0x6f, 0xee, 0xee, 0xee, 0xf6, 0x0, 0x0,
    0x6a, 0x0, 0x0, 0x0, 0xb6, 0x0, 0x0, 0x6b,
    0x22, 0x22, 0x22, 0xb6, 0x0, 0x0, 0x5c, 0xcc,
    0xcc, 0xcc, 0xc5, 0x0, 0x0, 0x0, 0x0, 0x0,
    0x0, 0x0, 0x0, 0x1e, 0xef, 0xfe, 0xee, 0xee,
    0xee, 0xe0, 0x0, 0x7, 0xa0, 0x0, 0x0, 0x0,
    0x0, 0x0, 0xe, 0xed, 0xdd, 0xdd, 0xd5, 0x0,
    0x0, 0x1, 0x11, 0x11, 0x11, 0xe3, 0x0, 0x0,
    0x0, 0x0, 0x0, 0x1, 0xf0, 0x0, 0x0, 0x0,
    0x0, 0x0, 0x7, 0xc0, 0x0, 0x0, 0x0, 0x0,
    0x9f, 0xfd, 0x30, 0x0, 0x0, 0x0, 0x0, 0x0,
    0x0, 0x0, 0x0,

    /* U+53F9 "叹" */
    0x0, 0x0, 0x58, 0x88, 0x88, 0x84, 0xf, 0xff,
    0xe4, 0xe7, 0x66, 0x6c, 0x70, 0xf0, 0x1e, 0xa,
    0x40, 0x0, 0xd4, 0xf, 0x1, 0xe0, 0x68, 0x0,
    0x1f, 0x0, 0xf0, 0x1e, 0x2, 0xd0, 0x6, 0xb0,
    0xf, 0x1, 0xe0, 0xd, 0x30, 0xd4, 0x0, 0xf0,
    0x1e, 0x0, 0x5b, 0x6b, 0x0, 0xf, 0x1, 0xe0,
    0x0, 0xee, 0x20, 0x0, 0xfe, 0xee, 0x0, 0x1d,
    0xe1, 0x0, 0xf, 0x0, 0x0, 0x1d, 0xa9, 0xd1,
    0x0, 0x50, 0x0, 0x6e, 0x80, 0x9, 0xe5, 0x0,
    0x0, 0x8c, 0x30, 0x0, 0x5, 0xe4, 0x0, 0x0,
    0x0, 0x0, 0x0, 0x0, 0x0,

    /* U+5408 "合" */
    0x0, 0x0, 0x0, 0x7, 0x0, 0x0, 0x0, 0x0,
    0x0, 0x0, 0xbe, 0x0, 0x0, 0x0, 0x0, 0x0,
    0xa, 0xb9, 0xd2, 0x0, 0x0, 0x0, 0x2, 0xc9,
    0x0, 0x8e, 0x40, 0x0, 0x0, 0x7f, 0x80, 0x0,
    0x5, 0xfb, 0x30, 0x1e, 0xc9, 0xee, 0xee, 0xee,
    0x78, 0xf2, 0x1, 0x0, 0x0, 0x0, 0x0, 0x0,
    0x0, 0x0, 0x1b, 0xbb, 0xbb, 0xbb, 0xb3, 0x0,
    0x0, 0x2f, 0x33, 0x33, 0x33, 0xd5, 0x0, 0x0,
    0x2e, 0x0, 0x0, 0x0, 0xc5, 0x0, 0x0, 0x2e,
    0x0, 0x0, 0x0, 0xc5, 0x0, 0x0, 0x2f, 0xee,
    0xee, 0xee, 0xf5, 0x0, 0x0, 0x2e, 0x11, 0x11,
    0x11, 0xc4, 0x0,

    /* U+540C "同" */
    0xef, 0xff, 0xff, 0xff, 0xff, 0xfd, 0xe1, 0x0,
    0x0, 0x0, 0x0, 0x2d, 0xe1, 0xbc, 0xcc, 0xcc,
    0xc2, 0x2d, 0xe1, 0x11, 0x11, 0x11, 0x10, 0x2d,
    0xe1, 0x0, 0x0, 0x0, 0x0, 0x2d, 0xe1, 0x2f,
    0xee, 0xef, 0x70, 0x2d, 0xe1, 0x2c, 0x0, 0x8,
    0x70, 0x2d, 0xe1, 0x2c, 0x0, 0x8, 0x70, 0x2d,
    0xe1, 0x2f, 0xdd, 0xde, 0x70, 0x2d, 0xe1, 0x2c,
    0x0, 0x0, 0x0, 0x2d, 0xe1, 0x15, 0x0, 0x0,
    0x0, 0x4d, 0xe1, 0x0, 0x0, 0x0, 0xaf, 0xe7,

    /* U+540D "名" */
    0x0, 0x0, 0x2, 0x70, 0x0, 0x0, 0x0, 0x0,
    0x1, 0xd9, 0x22, 0x22, 0x10, 0x0, 0x2, 0xdd,
    0xdd, 0xdd, 0xec, 0x0, 0x7, 0xe6, 0x0, 0x0,
    0x3e, 0x30, 0x7, 0xb2, 0xa5, 0x0, 0x4e, 0x40,
    0x0, 0x0, 0x2, 0xca, 0x9c, 0x20, 0x0, 0x0,
    0x0, 0x18, 0xf7, 0x0, 0x0, 0x0, 0x26, 0xbf,
    0xff, 0xee, 0xee, 0xe1, 0xc, 0xa8, 0xc0, 0x0,
    0x0, 0xf, 0x10, 0x0, 0x3c, 0x0, 0x0, 0x0,
    0xf1, 0x0, 0x3, 0xc0, 0x0, 0x0, 0xf, 0x10,
    0x0, 0x3f, 0xcc, 0xcc, 0xcc, 0xf1, 0x0, 0x3,
    0xd2, 0x22, 0x22, 0x2f, 0x10,

    /* U+540E "后" */
    0x0, 0x0, 0x0, 0x2, 0x46, 0x98, 0x0, 0x0,
    0x9c, 0xde, 0xed, 0xb9, 0x63, 0x0, 0x0, 0xe5,
    0x10, 0x0, 0x0, 0x0, 0x0, 0x0, 0xe2, 0x0,
    0x0, 0x0, 0x0, 0x0, 0x0, 0xef, 0xff, 0xff,
    0xff, 0xff, 0xf5, 0x0, 0xe3, 0x0, 0x0, 0x0,
    0x0, 0x0, 0x0, 0xf1, 0x0, 0x0, 0x0, 0x0,
    0x0, 0x1, 0xf0, 0xce, 0xee, 0xee, 0xee, 0x20,
    0x2, 0xe0, 0xd3, 0x0, 0x0, 0xe, 0x20, 0x6,
    0xb0, 0xd3, 0x0, 0x0, 0xe, 0x20, 0xb, 0x70,
    0xd3, 0x0, 0x0, 0xe, 0x20, 0x3f, 0x10, 0xdd,
    0xcc, 0xcc, 0xcf, 0x20, 0x37, 0x0, 0xd5, 0x22,
    0x22, 0x2e, 0x20,

    /* U+5411 "向" */
    0x0, 0x0, 0x17, 0x10, 0x0, 0x0, 0x0, 0x0,
    0x7e, 0x0, 0x0, 0x0, 0x11, 0x11, 0xd8, 0x11,
    0x11, 0x10, 0xde, 0xee, 0xee, 0xee, 0xee, 0xf4,
    0xd3, 0x0, 0x0, 0x0, 0x0, 0xc4, 0xd3, 0x3,
    0x33, 0x33, 0x20, 0xc4, 0xd3, 0xf, 0xbb, 0xbc,
    0xb0, 0xc4, 0xd3, 0xf, 0x0, 0x3, 0xb0, 0xc4,
    0xd3, 0xf, 0x0, 0x3, 0xb0, 0xc4, 0xd3, 0xf,
    0xff, 0xff, 0xb0, 0xc4, 0xd3, 0xf, 0x0, 0x0,
    0x0, 0xc4, 0xd3, 0x6, 0x0, 0x0, 0x11, 0xd4,
    0xd3, 0x0, 0x0, 0x0, 0xcf, 0xd1,

    /* U+541E "吞" */
    0x3, 0xff, 0xff, 0xff, 0xff, 0xff, 0xa0, 0x0,
    0x0, 0x0, 0xe3, 0x0, 0x0, 0x0, 0x0, 0x0,
    0x5, 0xc0, 0x0, 0x0, 0x0, 0x1e, 0xee, 0xef,
    0xfe, 0xee, 0xee, 0xe7, 0x0, 0x0, 0x9b, 0x0,
    0x7c, 0x10, 0x0, 0x0, 0x5, 0xf2, 0x0, 0xc,
    0xa0, 0x0, 0x0, 0x5f, 0x92, 0x22, 0x24, 0xfb,
    0x20, 0x1a, 0xff, 0xdc, 0xcc, 0xcc, 0xfd, 0xf6,
    0x7, 0x1e, 0x20, 0x0, 0x0, 0xc5, 0x22, 0x0,
    0xe, 0x20, 0x0, 0x0, 0xc5, 0x0, 0x0, 0xe,
    0xcb, 0xbb, 0xbb, 0xe5, 0x0, 0x0, 0xe, 0x53,
    0x33, 0x33, 0xc5, 0x0,

    /* U+542B "含" */
    0x0, 0x0, 0x0, 0x6, 0x0, 0x0, 0x0, 0x0,
    0x0, 0x0, 0x9f, 0x30, 0x0, 0x0, 0x0, 0x0,
    0xa, 0xb3, 0xd5, 0x0, 0x0, 0x0, 0x5, 0xd9,
    0x51, 0x1c, 0xa2, 0x0, 0x6, 0xcd, 0x50, 0x7e,
    0x40, 0x7e, 0xb5, 0xa, 0x53, 0x22, 0x26, 0x72,
    0x31, 0x76, 0x0, 0x1b, 0xbb, 0xbb, 0xbd, 0xf3,
    0x0, 0x0, 0x0, 0x0, 0x0, 0x4d, 0x20, 0x0,
    0x0, 0x4d, 0xdd, 0xdd, 0xfe, 0xdc, 0x0, 0x0,
    0x4c, 0x11, 0x11, 0x11, 0x3e, 0x0, 0x0, 0x4c,
    0x0, 0x0, 0x0, 0x2e, 0x0, 0x0, 0x4e, 0xbb,
    0xbb, 0xbb, 0xce, 0x0, 0x0, 0x4d, 0x33, 0x33,
    0x33, 0x5e, 0x0,

    /* U+5433 "吳" */
    0x0, 0x80, 0x6f, 0xee, 0xee, 0xf6, 0x0, 0x0,
    0xf0, 0x68, 0x0, 0x0, 0xa6, 0x0, 0x0, 0xf0,
    0x68, 0x0, 0x0, 0xa6, 0x0, 0x0, 0xf0, 0x6e,
    0xee, 0xee, 0xe5, 0x0, 0x0, 0xf0, 0x0, 0x0,
    0x0, 0x0, 0x0, 0x0, 0xff, 0xee, 0xff, 0xee,
    0xfe, 0x0, 0x0, 0x0, 0x0, 0xa6, 0x0, 0x1e,
    0x0, 0x1, 0x11, 0x11, 0xc5, 0x11, 0x3f, 0x10,
    0x2d, 0xdd, 0xde, 0xff, 0xed, 0xdd, 0xd2, 0x0,
    0x0, 0x9, 0x9a, 0x70, 0x0, 0x0, 0x0, 0x2,
    0xbc, 0x11, 0xca, 0x20, 0x0, 0x2a, 0xdd, 0x60,
    0x0, 0x8, 0xed, 0xb3, 0x4, 0x10, 0x0, 0x0,
    0x0, 0x2, 0x40,

    /* U+5434 "吴" */
    0x0, 0xbf, 0xff, 0xff, 0xff, 0xfa, 0x0, 0x0,
    0xb5, 0x0, 0x0, 0x0, 0x6a, 0x0, 0x0, 0xb5,
    0x0, 0x0, 0x0, 0x7a, 0x0, 0x0, 0xae, 0xee,
    0xee, 0xee, 0xe9, 0x0, 0x0, 0x0, 0x0, 0x0,
    0x0, 0x0, 0x0, 0x5, 0xee, 0xee, 0xee, 0xee,
    0xee, 0x60, 0x0, 0x0, 0x0, 0xa6, 0x0, 0x0,
    0x0, 0x3, 0x33, 0x33, 0xd7, 0x33, 0x33, 0x30,
    0x2b, 0xbb, 0xbc, 0xff, 0xbb, 0xbb, 0xb2, 0x0,
    0x0, 0xa, 0x98, 0x90, 0x0, 0x0, 0x0, 0x4,
    0xbb, 0x0, 0xbb, 0x30, 0x0, 0x2b, 0xec, 0x50,
    0x0, 0x6, 0xde, 0xb1, 0x4, 0x0, 0x0, 0x0,
    0x0, 0x1, 0x30,

    /* U+5458 "员" */
    0x0, 0x6f, 0xee, 0xee, 0xee, 0xf3, 0x0, 0x6,
    0x90, 0x0, 0x0, 0xe, 0x30, 0x0, 0x6f, 0xdd,
    0xdd, 0xdd, 0xf3, 0x0, 0x0, 0x0, 0x0, 0x0,
    0x0, 0x0, 0x0, 0x33, 0x33, 0x33, 0x33, 0x32,
    0x0, 0xe, 0xcb, 0xbb, 0xbb, 0xbd, 0xc0, 0x0,
    0xe2, 0x0, 0x51, 0x0, 0x5c, 0x0, 0xe, 0x20,
    0xe, 0x30, 0x5, 0xc0, 0x0, 0xe2, 0x0, 0xf1,
    0x0, 0x5c, 0x0, 0xd, 0x20, 0x8c, 0x32, 0x4,
    0xa0, 0x0, 0x3, 0xbd, 0x16, 0xdd, 0x71, 0x0,
    0x9e, 0xc6, 0x0, 0x0, 0x39, 0xe8, 0x3, 0x10,
    0x0, 0x0, 0x0, 0x0, 0x20,

    /* U+547C "呼" */
    0x0, 0x0, 0x0, 0x0, 0x0, 0x11, 0x1, 0x11,
    0x4, 0x67, 0x9b, 0xee, 0x90, 0xfe, 0xf3, 0x88,
    0x77, 0xe1, 0x0, 0xe, 0xb, 0x33, 0x80, 0x2e,
    0x2, 0xd0, 0xe0, 0xb3, 0xe, 0x22, 0xe0, 0x78,
    0xe, 0xb, 0x30, 0xa7, 0x2e, 0xd, 0x10, 0xe0,
    0xb3, 0x3, 0x42, 0xe1, 0x50, 0xe, 0xb, 0x5e,
    0xee, 0xef, 0xee, 0xe8, 0xfe, 0xf3, 0x0, 0x2,
    0xe0, 0x0, 0xf, 0x0, 0x0, 0x0, 0x2e, 0x0,
    0x0, 0xb0, 0x0, 0x0, 0x2, 0xe0, 0x0, 0x0,
    0x0, 0x0, 0x0, 0x3e, 0x0, 0x0, 0x0, 0x0,
    0x6, 0xff, 0x80, 0x0, 0x0, 0x0, 0x0, 0x0,
    0x0, 0x0, 0x0,

    /* U+547D "命" */
    0x0, 0x0, 0x0, 0x29, 0x0, 0x0, 0x0, 0x0,
    0x0, 0x2, 0xee, 0x40, 0x0, 0x0, 0x0, 0x0,
    0x5e, 0x52, 0xd7, 0x0, 0x0, 0x0, 0x3c, 0xd2,
    0x0, 0x1b, 0xd4, 0x0, 0x2d, 0xd6, 0xbf, 0xff,
    0xfe, 0x4d, 0xe2, 0x4, 0x0, 0x0, 0x0, 0x0,
    0x0, 0x30, 0x1, 0xfe, 0xef, 0x34, 0xff, 0xff,
    0x20, 0x1, 0xe0, 0xc, 0x34, 0xb0, 0xd, 0x20,
    0x1, 0xe0, 0xc, 0x34, 0xb0, 0xd, 0x20, 0x1,
    0xe3, 0x3d, 0x34, 0xb0, 0xd, 0x20, 0x1, 0xfb,
    0xbb, 0x24, 0xb4, 0xee, 0x10, 0x1, 0xc0, 0x0,
    0x4, 0xb0, 0x0, 0x0, 0x0, 0x0, 0x0, 0x4,
    0xb0, 0x0, 0x0,

    /* U+54B8 "咸" */
    0x0, 0x0, 0x0, 0x0, 0x88, 0xa4, 0x0, 0x0,
    0x0, 0x0, 0x0, 0x88, 0x3e, 0x60, 0x0, 0x33,
    0x33, 0x33, 0x9a, 0x36, 0xb1, 0x1, 0xfc, 0xcc,
    0xcc, 0xee, 0xcc, 0xc6, 0x1, 0xe0, 0x0, 0x0,
    0x69, 0x0, 0x0, 0x1, 0xe4, 0xee, 0xed, 0x4a,
    0x8, 0x60, 0x1, 0xe0, 0x0, 0x0, 0x3c, 0xe,
    0x30, 0x2, 0xd2, 0xfd, 0xde, 0x1e, 0x6d, 0x0,
    0x3, 0xc2, 0xb0, 0xd, 0xe, 0xd5, 0x0, 0x5,
    0xa2, 0xb0, 0xd, 0xb, 0xb0, 0x0, 0x9, 0x72,
    0xfd, 0xdb, 0x6f, 0xa0, 0x47, 0xe, 0x21, 0x60,
    0x1a, 0xc3, 0xe4, 0x67, 0x2a, 0x0, 0x0, 0x78,
    0x0, 0x3d, 0xe2, 0x0, 0x0, 0x0, 0x0, 0x0,
    0x0, 0x0,

    /* U+54C1 "品" */
    0x0, 0xef, 0xff, 0xff, 0xfe, 0x0, 0x0, 0xe1,
    0x0, 0x0, 0x1e, 0x0, 0x0, 0xe1, 0x0, 0x0,
    0x1e, 0x0, 0x0, 0xe5, 0x44, 0x44, 0x5e, 0x0,
    0x0, 0xab, 0xbb, 0xbb, 0xba, 0x0, 0x0, 0x0,
    0x0, 0x0, 0x0, 0x0, 0xef, 0xff, 0xf2, 0x2f,
    0xff, 0xfe, 0xe1, 0x0, 0xf2, 0x2d, 0x0, 0x2e,
    0xe1, 0x0, 0xf2, 0x2d, 0x0, 0x2e, 0xe1, 0x0,
    0xf2, 0x2d, 0x0, 0x2e, 0xee, 0xdd, 0xf2, 0x2f,
    0xdd, 0xee, 0xe3, 0x22, 0xd2, 0x2d, 0x22, 0x3d,

    /* U+54C9 "哉" */
    0x0, 0x0, 0x0, 0x0, 0x0, 0x0, 0x0, 0x0,
    0x0, 0xf0, 0x0, 0xa6, 0x11, 0x0, 0x0, 0x0,
    0xf1, 0x0, 0x96, 0x6c, 0x10, 0x7, 0xee, 0xfe,
    0xe6, 0x97, 0x7, 0xb0, 0x0, 0x0, 0xf0, 0x0,
    0x87, 0x0, 0x70, 0x4, 0x44, 0xf4, 0x44, 0xaa,
    0x44, 0x41, 0xb, 0xbb, 0xbb, 0xbb, 0xde, 0xbb,
    0xb5, 0x0, 0x0, 0x0, 0x0, 0x4b, 0x2, 0x60,
    0x3, 0xfe, 0xee, 0xf2, 0x2e, 0xc, 0x60, 0x3,
    0xd0, 0x0, 0xd2, 0xe, 0x8c, 0x0, 0x3, 0xd0,
    0x0, 0xd2, 0xa, 0xe2, 0x10, 0x3, 0xfc, 0xcc,
    0xf2, 0x3e, 0xd0, 0x49, 0x3, 0xd2, 0x22, 0x36,
    0xd3, 0xc7, 0x86, 0x1, 0x60, 0x0, 0x2b, 0x10,
    0x2d, 0xe1,

    /* U+54E1 "員" */
    0x0, 0x5f, 0xdd, 0xdd, 0xdd, 0xf3, 0x0, 0x0,
    0x5a, 0x0, 0x0, 0x0, 0xd3, 0x0, 0x0, 0x5e,
    0xdd, 0xdd, 0xdd, 0xf3, 0x0, 0x0, 0x44, 0x44,
    0x44, 0x44, 0x43, 0x0, 0x0, 0xe7, 0x66, 0x66,
    0x66, 0x9c, 0x0, 0x0, 0xeb, 0xbb, 0xbb, 0xbb,
    0xcc, 0x0, 0x0, 0xe1, 0x0, 0x0, 0x0, 0x4c,
    0x0, 0x0, 0xec, 0xbb, 0xbb, 0xbb, 0xcc, 0x0,
    0x0, 0xe1, 0x0, 0x0, 0x0, 0x4c, 0x0, 0x0,
    0xbc, 0xec, 0xcc, 0xdd, 0xc9, 0x0, 0x0, 0x4a,
    0xe3, 0x0, 0x8e, 0xa4, 0x0, 0x2e, 0xb6, 0x0,
    0x0, 0x0, 0x6c, 0xc0, 0x0, 0x0, 0x0, 0x0,
    0x0, 0x0, 0x0,

    /* U+5507 "唇" */
    0x0, 0xff, 0xee, 0xee, 0xee, 0xee, 0xb0, 0x0,
    0xf1, 0x44, 0x44, 0x44, 0x43, 0x0, 0x0, 0xf2,
    0x66, 0x66, 0x66, 0x65, 0x0, 0x0, 0xfb, 0xbb,
    0xbb, 0xbb, 0xbb, 0xb1, 0x0, 0xf1, 0x87, 0x1a,
    0x81, 0x2a, 0x20, 0x0, 0xe0, 0x86, 0x14, 0xd9,
    0xc4, 0x0, 0x2, 0xd0, 0xce, 0xd6, 0xa, 0xe8,
    0x51, 0x3, 0xb0, 0x42, 0x0, 0x0, 0x16, 0xa1,
    0x6, 0x90, 0xed, 0xdd, 0xdd, 0xdd, 0x0, 0xa,
    0x50, 0xe1, 0x0, 0x0, 0x1e, 0x0, 0x1e, 0x10,
    0xe2, 0x11, 0x11, 0x3e, 0x0, 0x49, 0x0, 0xec,
    0xcc, 0xcc, 0xce, 0x0, 0x0, 0x0, 0x0, 0x0,
    0x0, 0x0, 0x0,

    /* U+5510 "唐" */
    0x0, 0x0, 0x0, 0x0, 0x0, 0x0, 0x0, 0x0,
    0x0, 0x0, 0x8, 0x90, 0x0, 0x0, 0x1, 0xaa,
    0xaa, 0xac, 0xfa, 0xaa, 0xa4, 0x1, 0xe3, 0x33,
    0x36, 0xd3, 0x33, 0x31, 0x1, 0xd0, 0x9a, 0xac,
    0xfa, 0xaa, 0x0, 0x1, 0xd0, 0x11, 0x15, 0xd1,
    0x2f, 0x0, 0x2, 0xd9, 0xcc, 0xcd, 0xfc, 0xcf,
    0xc4, 0x2, 0xc1, 0x11, 0x14, 0xd1, 0x1f, 0x10,
    0x3, 0xb0, 0xcc, 0xcd, 0xfc, 0xcf, 0x0, 0x4,
    0xa0, 0x0, 0x3, 0xc0, 0x0, 0x0, 0x6, 0x90,
    0xcc, 0xcd, 0xfc, 0xcc, 0x20, 0x9, 0x60, 0xf1,
    0x0, 0x0, 0xe, 0x20, 0xd, 0x20, 0xf2, 0x11,
    0x11, 0x1e, 0x20, 0x2b, 0x0, 0xfc, 0xbb, 0xbb,
    0xbf, 0x20, 0x0, 0x0, 0x0, 0x0, 0x0, 0x0,
    0x0,

    /* U+5524 "唤" */
    0x0, 0x0, 0x0, 0x45, 0x0, 0x0, 0x0, 0x0,
    0x0, 0xe, 0xa6, 0x62, 0x0, 0xfe, 0xf1, 0xa,
    0xc8, 0x8e, 0x60, 0xe, 0xd, 0x19, 0xe1, 0x3,
    0xc0, 0x0, 0xe0, 0xd3, 0xcf, 0xde, 0xfd, 0xf1,
    0xe, 0xd, 0x11, 0xd0, 0x3c, 0xe, 0x10, 0xe0,
    0xd1, 0x1d, 0x3, 0xb0, 0xe1, 0xe, 0xd, 0x11,
    0xd0, 0x5a, 0xe, 0x10, 0xe0, 0xd5, 0xef, 0xee,
    0xfe, 0xfe, 0xf, 0xff, 0x10, 0x1, 0xee, 0x20,
    0x0, 0xe0, 0x0, 0x1, 0xd6, 0x4d, 0x0, 0x4,
    0x0, 0x5, 0xe7, 0x0, 0x8c, 0x20, 0x0, 0xc,
    0xc3, 0x0, 0x0, 0x6e, 0x10, 0x0, 0x10, 0x0,
    0x0, 0x0, 0x0,

    /* U+5544 "啄" */
    0x33, 0x32, 0x68, 0x88, 0x88, 0x88, 0x3f, 0xcd,
    0xa5, 0x77, 0xcd, 0x77, 0x73, 0xf0, 0x3a, 0x0,
    0x9d, 0x10, 0x0, 0xf, 0x3, 0xb7, 0xd8, 0xc2,
    0x2, 0xd4, 0xf0, 0x3c, 0x93, 0xa, 0xc6, 0xe4,
    0xf, 0x3, 0xa0, 0xcc, 0x7c, 0xad, 0x0, 0xf0,
    0x3b, 0xac, 0xc0, 0xc7, 0xb3, 0xf, 0xcd, 0xa3,
    0x4, 0xab, 0x96, 0x70, 0xf2, 0x21, 0x1, 0xb5,
    0x69, 0x1d, 0xe, 0x0, 0x5, 0xc4, 0x8, 0x80,
    0xa7, 0x0, 0x0, 0x70, 0x0, 0xd4, 0x1, 0x40,
    0x0, 0x0, 0xe, 0xf9, 0x0, 0x0, 0x0, 0x0,
    0x0, 0x0, 0x0, 0x0, 0x0,

    /* U+554F "問" */
    0xed, 0xdd, 0xf0, 0xcd, 0xdd, 0xec, 0xe1, 0x0,
    0xd0, 0xc2, 0x0, 0x3c, 0xec, 0xcc, 0xf0, 0xcc,
    0xcc, 0xdc, 0xe1, 0x0, 0xd0, 0xc2, 0x0, 0x3c,
    0xed, 0xdd, 0xd0, 0xad, 0xdd, 0xec, 0xe1, 0x0,
    0x0, 0x0, 0x0, 0x3c, 0xe1, 0xe, 0xee, 0xef,
    0x40, 0x3c, 0xe1, 0xe, 0x10, 0xd, 0x40, 0x3c,
    0xe1, 0xe, 0x10, 0xd, 0x40, 0x3c, 0xe1, 0xe,
    0xee, 0xef, 0x40, 0x3c, 0xe1, 0xe, 0x10, 0x0,
    0x11, 0x5c, 0xe1, 0x0, 0x0, 0x0, 0xdf, 0xe6,
    0x0, 0x0, 0x0, 0x0, 0x0, 0x0,

    /* U+5584 "善" */
    0x0, 0x1, 0x50, 0x0, 0x4, 0x40, 0x0, 0x0,
    0x0, 0xd3, 0x0, 0xe, 0x30, 0x0, 0x3, 0xcc,
    0xcc, 0xef, 0xcc, 0xcc, 0x80, 0x0, 0x25, 0x55,
    0x9c, 0x55, 0x54, 0x0, 0x0, 0x25, 0x55, 0x9c,
    0x55, 0x54, 0x0, 0x8, 0xcc, 0xcc, 0xef, 0xcc,
    0xcc, 0xc1, 0x0, 0xc, 0x30, 0x6a, 0x0, 0xd1,
    0x0, 0x8, 0x8c, 0xd8, 0xbd, 0x8b, 0xe8, 0x84,
    0x4, 0x44, 0x44, 0x44, 0x44, 0x44, 0x42, 0x0,
    0x3d, 0xdd, 0xdd, 0xdd, 0xd9, 0x0, 0x0, 0x3c,
    0x0, 0x0, 0x0, 0x5b, 0x0, 0x0, 0x3c, 0x0,
    0x0, 0x0, 0x5b, 0x0, 0x0, 0x3f, 0xdd, 0xdd,
    0xdd, 0xea, 0x0,

    /* U+559C "喜" */
    0x0, 0x0, 0x0, 0xc4, 0x0, 0x0, 0x0, 0x1c,
    0xcc, 0xcc, 0xfd, 0xcc, 0xcc, 0x90, 0x0, 0x11,
    0x11, 0xd5, 0x11, 0x11, 0x0, 0x1, 0x99, 0x99,
    0x99, 0x99, 0x97, 0x0, 0x0, 0x5b, 0xbb, 0xbb,
    0xbb, 0xb0, 0x0, 0x0, 0x78, 0x0, 0x0, 0x0,
    0xf0, 0x0, 0x0, 0x7e, 0xbb, 0xbb, 0xbb, 0xf0,
    0x0, 0x0, 0x4, 0xc0, 0x0, 0x5d, 0x0, 0x0,
    0x7d, 0xdd, 0xfd, 0xdd, 0xee, 0xdd, 0xd1, 0x1,
    0x22, 0x22, 0x22, 0x22, 0x22, 0x10, 0x0, 0xbd,
    0xbb, 0xbb, 0xbb, 0xe5, 0x0, 0x0, 0xb5, 0x0,
    0x0, 0x0, 0xb5, 0x0, 0x0, 0xbd, 0xbb, 0xbb,
    0xbb, 0xe5, 0x0,

    /* U+55C5 "嗅" */
    0x0, 0x0, 0x0, 0x6, 0x50, 0x0, 0x6, 0x66,
    0x10, 0x66, 0xe9, 0x66, 0x10, 0xf9, 0xe3, 0x1f,
    0x55, 0x55, 0xf2, 0xe, 0xb, 0x31, 0xfa, 0xaa,
    0xaf, 0x20, 0xe0, 0xb3, 0x1e, 0x22, 0x22, 0xe2,
    0xe, 0xb, 0x31, 0xf7, 0x77, 0x7f, 0x20, 0xe0,
    0xb3, 0x1f, 0xaa, 0xaa, 0xf2, 0xe, 0xb, 0x30,
    0x22, 0x76, 0xa5, 0x0, 0xf0, 0xb3, 0x0, 0x9,
    0x63, 0xa0, 0xf, 0xff, 0x5e, 0xef, 0xff, 0xee,
    0xe0, 0xc0, 0x0, 0x0, 0x7c, 0xc3, 0x0, 0x0,
    0x0, 0x2, 0x8d, 0x2, 0xd7, 0x10, 0x0, 0x6,
    0xe7, 0x10, 0x1, 0x8d, 0x10, 0x0, 0x0, 0x0,
    0x0, 0x0, 0x0,

    /* U+55DF "嗟" */
    0x0, 0x0, 0x0, 0x0, 0x0, 0x0, 0x0, 0x0,
    0x0, 0x67, 0x0, 0x88, 0x0, 0xcd, 0xd0, 0x1,
    0xd0, 0x1e, 0x20, 0xe, 0xd, 0xe, 0xee, 0xff,
    0xee, 0xe4, 0xe0, 0xd0, 0x0, 0xf, 0x10, 0x0,
    0xe, 0xd, 0x8, 0xde, 0xfd, 0xdd, 0xc0, 0xe0,
    0xd0, 0x0, 0x79, 0x0, 0x0, 0xe, 0xd, 0x4b,
    0xbe, 0xcb, 0xbb, 0xb5, 0xe0, 0xd1, 0x38, 0xd3,
    0x33, 0x33, 0x1e, 0xd, 0x1, 0xe8, 0x0, 0x0,
    0x0, 0xed, 0xd0, 0xbf, 0xdd, 0xfe, 0xda, 0xa,
    0x1, 0xce, 0x20, 0xd, 0x20, 0x0, 0x0, 0x4d,
    0x32, 0x22, 0xd4, 0x22, 0x0, 0x0, 0x7, 0xcc,
    0xcc, 0xcc, 0xc5,

    /* U+55E3 "嗣" */
    0xae, 0xdd, 0xf3, 0xff, 0xff, 0xfb, 0xa4, 0x0,
    0xc2, 0x0, 0x0, 0x4b, 0xac, 0xaa, 0xe1, 0xce,
    0xee, 0x7b, 0x12, 0x22, 0x20, 0x0, 0x0, 0x3b,
    0xbb, 0xbb, 0xb6, 0x6b, 0xba, 0x3b, 0xd6, 0x7b,
    0x59, 0x85, 0x1d, 0x3b, 0xc5, 0x5a, 0x39, 0x84,
    0xd, 0x3b, 0xea, 0xbd, 0xa9, 0x84, 0xd, 0x3b,
    0xd9, 0x9c, 0x89, 0x8e, 0xdc, 0x3b, 0xc5, 0x5a,
    0x39, 0x52, 0x0, 0x3b, 0xc5, 0x5a, 0x39, 0x0,
    0x0, 0x4b, 0xc4, 0x48, 0xb5, 0x0, 0x5f, 0xf7,
    0x0, 0x0, 0x0, 0x0, 0x0, 0x0,

    /* U+56B4 "嚴" */
    0x0, 0xca, 0x9b, 0xb0, 0xea, 0x9b, 0xb0, 0x0,
    0xc7, 0x58, 0xb0, 0xe6, 0x58, 0xb0, 0x0, 0x66,
    0x66, 0x52, 0x66, 0x66, 0x50, 0x2, 0xfb, 0xbb,
    0xbb, 0xbc, 0xcb, 0xb2, 0x2, 0xc1, 0x99, 0xa9,
    0x6, 0x90, 0x0, 0x2, 0xc4, 0x55, 0xba, 0x3b,
    0xed, 0xd3, 0x3, 0xb6, 0xe6, 0x6e, 0x7f, 0x10,
    0xc0, 0x4, 0xa1, 0xe9, 0x9e, 0xab, 0x75, 0x90,
    0x5, 0x91, 0xd0, 0xe, 0x10, 0xdb, 0x40, 0x8,
    0x61, 0xe9, 0x9e, 0x0, 0x9d, 0x0, 0xd, 0x37,
    0xe8, 0x9f, 0x65, 0xcb, 0x90, 0x2a, 0x4, 0x32,
    0x1e, 0x78, 0x0, 0x85, 0x0, 0x0, 0x0, 0x0,
    0x0, 0x0, 0x0,

    /* U+56CA "囊" */
    0x0, 0x0, 0x0, 0x87, 0x0, 0x0, 0x0, 0x8,
    0xaa, 0xaa, 0xdd, 0xaa, 0xaa, 0x80, 0x0, 0x7a,
    0x88, 0xcc, 0x88, 0x9a, 0x0, 0x0, 0x69, 0x88,
    0xcc, 0x88, 0x98, 0x0, 0x1c, 0x99, 0x99, 0xba,
    0x99, 0x99, 0xc1, 0x1a, 0x5a, 0x89, 0x67, 0x98,
    0xa5, 0xb1, 0x0, 0x5a, 0x9b, 0x78, 0xa9, 0xa5,
    0x0, 0x3, 0x99, 0xdc, 0x99, 0xcd, 0x99, 0x40,
    0x0, 0x88, 0xdb, 0x88, 0xbc, 0x88, 0x10, 0x2a,
    0xaa, 0xdc, 0xaa, 0xcd, 0xaa, 0xa2, 0x1, 0x47,
    0xb9, 0x38, 0x91, 0x6b, 0x10, 0x29, 0x68, 0xb4,
    0x76, 0x5d, 0xc5, 0x10, 0x0, 0xa, 0xb8, 0x41,
    0x0, 0x27, 0xb2, 0x0, 0x0, 0x0, 0x0, 0x0,
    0x0, 0x0,

    /* U+56DB "四" */
    0xbc, 0xcc, 0xcc, 0xcc, 0xcc, 0xc9, 0xe5, 0x36,
    0xd3, 0x4f, 0x33, 0x7c, 0xe2, 0x4, 0xb0, 0x1e,
    0x0, 0x4c, 0xe2, 0x5, 0xb0, 0x1e, 0x0, 0x4c,
    0xe2, 0x7, 0x80, 0x1e, 0x0, 0x4c, 0xe2, 0xc,
    0x50, 0x1e, 0x0, 0x4c, 0xe2, 0x5e, 0x0, 0xe,
    0xbb, 0xac, 0xe8, 0xf4, 0x0, 0x1, 0x22, 0x5c,
    0xe4, 0x20, 0x0, 0x0, 0x0, 0x4c, 0xe5, 0x33,
    0x33, 0x33, 0x33, 0x7c, 0xed, 0xcc, 0xcc, 0xcc,
    0xcc, 0xdc, 0x60, 0x0, 0x0, 0x0, 0x0, 0x14,

    /* U+56DE "回" */
    0xef, 0xff, 0xff, 0xff, 0xff, 0xfe, 0xe3, 0x0,
    0x0, 0x0, 0x0, 0x3e, 0xe2, 0x0, 0x0, 0x0,
    0x0, 0x2e, 0xe2, 0xe, 0xff, 0xff, 0xc0, 0x2e,
    0xe2, 0xe, 0x10, 0x2, 0xd0, 0x2e, 0xe2, 0xe,
    0x10, 0x2, 0xd0, 0x2e, 0xe2, 0xe, 0x10, 0x2,
    0xd0, 0x2e, 0xe2, 0xe, 0xfe, 0xef, 0xd0, 0x2e,
    0xe2, 0x0, 0x0, 0x0, 0x0, 0x2e, 0xe2, 0x0,
    0x0, 0x0, 0x0, 0x2e, 0xee, 0xdd, 0xdd, 0xdd,
    0xdd, 0xee, 0xe4, 0x11, 0x11, 0x11, 0x11, 0x4e,

    /* U+56E0 "因" */
    0xef, 0xff, 0xff, 0xff, 0xff, 0xfe, 0xe1, 0x0,
    0x1, 0x50, 0x0, 0x1e, 0xe1, 0x0, 0x4, 0xb0,
    0x0, 0x1e, 0xe1, 0x11, 0x16, 0xb1, 0x11, 0x1e,
    0xe2, 0xdd, 0xde, 0xed, 0xdd, 0x2e, 0xe1, 0x0,
    0xb, 0x90, 0x0, 0x1e, 0xe1, 0x0, 0x1e, 0xb8,
    0x0, 0x1e, 0xe1, 0x0, 0xb7, 0xa, 0x90, 0x1e,
    0xe1, 0x2b, 0xb0, 0x0, 0xb7, 0x1e, 0xe1, 0x97,
    0x0, 0x0, 0x8, 0x1e, 0xeb, 0xaa, 0xaa, 0xaa,
    0xaa, 0xbe, 0xe4, 0x33, 0x33, 0x33, 0x33, 0x4e,

    /* U+56E2 "团" */
    0xef, 0xff, 0xff, 0xff, 0xff, 0xfb, 0xe2, 0x0,
    0x0, 0x35, 0x0, 0x6b, 0xe2, 0x0, 0x0, 0x69,
    0x0, 0x6b, 0xe2, 0xde, 0xee, 0xff, 0xeb, 0x6b,
    0xe2, 0x0, 0x3, 0xf9, 0x0, 0x6b, 0xe2, 0x0,
    0x2e, 0xb9, 0x0, 0x6b, 0xe2, 0x4, 0xe5, 0x69,
    0x0, 0x6b, 0xe2, 0x8e, 0x40, 0x69, 0x0, 0x6b,
    0xe2, 0x61, 0x2, 0x89, 0x0, 0x6b, 0xe2, 0x0,
    0xa, 0xb4, 0x0, 0x6b, 0xe5, 0x33, 0x33, 0x33,
    0x33, 0x8b, 0xec, 0xbb, 0xbb, 0xbb, 0xbb, 0xdb,

    /* U+56F4 "围" */
    0xee, 0xee, 0xee, 0xee, 0xee, 0xee, 0xe1, 0x0,
    0x7, 0x50, 0x0, 0x1e, 0xe1, 0xdd, 0xdf, 0xed,
    0xdb, 0x1e, 0xe1, 0x0, 0x9, 0x60, 0x0, 0x1e,
    0xe1, 0x4d, 0xde, 0xed, 0xd4, 0x1e, 0xe1, 0x0,
    0x9, 0x60, 0x0, 0x1e, 0xe3, 0xdd, 0xdf, 0xed,
    0xdc, 0x1e, 0xe1, 0x0, 0x9, 0x70, 0x1c, 0x1e,
    0xe1, 0x0, 0x9, 0x67, 0xb8, 0x1e, 0xe1, 0x0,
    0x8, 0x61, 0x20, 0x1e, 0xeb, 0xaa, 0xaa, 0xaa,
    0xaa, 0xbe, 0xe4, 0x33, 0x33, 0x33, 0x33, 0x4e,

    /* U+5706 "圆" */
    0xee, 0xee, 0xee, 0xee, 0xee, 0xee, 0xe1, 0x5b,
    0xbb, 0xbb, 0xb0, 0x1e, 0xe1, 0x76, 0x0, 0x0,
    0xe1, 0x1e, 0xe1, 0x7d, 0xbb, 0xbb, 0xf1, 0x1e,
    0xe1, 0x0, 0x0, 0x0, 0x0, 0x1e, 0xe1, 0xdd,
    0xdd, 0xdd, 0xe7, 0x1e, 0xe1, 0xd1, 0x7, 0x20,
    0x87, 0x1e, 0xe1, 0xd1, 0xc, 0x20, 0x87, 0x1e,
    0xe1, 0x81, 0x7c, 0x85, 0x54, 0x1e, 0xe4, 0x7d,
    0x90, 0x29, 0xd6, 0x2e, 0xe5, 0x72, 0x11, 0x11,
    0x27, 0x3e, 0xed, 0xcc, 0xcc, 0xcc, 0xcc, 0xde,

    /* U+570D "圍" */
    0xef, 0xff, 0xff, 0xff, 0xff, 0xfe, 0xe1, 0x0,
    0x29, 0x0, 0x0, 0x1e, 0xe1, 0x9, 0xcc, 0x9b,
    0xa0, 0x1e, 0xe1, 0x99, 0xca, 0x9a, 0xd9, 0x2e,
    0xe1, 0x9, 0x99, 0x99, 0x90, 0x1e, 0xe1, 0xe,
    0x11, 0x11, 0xf0, 0x1e, 0xe1, 0x7, 0x77, 0xf8,
    0x70, 0x1e, 0xe1, 0x8d, 0x99, 0xfa, 0x99, 0x1e,
    0xe1, 0x3a, 0x0, 0xe1, 0x0, 0x1e, 0xe1, 0x49,
    0x99, 0xfa, 0x98, 0x1e, 0xe4, 0x33, 0x33, 0x93,
    0x33, 0x5e, 0xec, 0xbb, 0xbb, 0xbb, 0xbb, 0xce,

    /* U+5713 "圓" */
    0xef, 0xff, 0xff, 0xff, 0xff, 0xfe, 0xe1, 0x2,
    0x44, 0x44, 0x40, 0x1e, 0xe1, 0x9, 0x63, 0x33,
    0xe0, 0x1e, 0xe1, 0x6, 0x99, 0x99, 0x90, 0x1e,
    0xe1, 0x3c, 0x99, 0x99, 0xb6, 0x1e, 0xe1, 0x3d,
    0x88, 0x88, 0xc7, 0x1e, 0xe1, 0x3c, 0x55, 0x55,
    0xa7, 0x1e, 0xe1, 0x3c, 0x44, 0x44, 0x97, 0x1e,
    0xe1, 0x29, 0xea, 0x9e, 0x94, 0x1e, 0xe1, 0x6c,
    0x70, 0x5, 0xc7, 0x2e, 0xe5, 0x64, 0x33, 0x33,
    0x46, 0x5e, 0xeb, 0xbb, 0xbb, 0xbb, 0xbb, 0xbe,

    /* U+5718 "團" */
    0xdd, 0xdd, 0xde, 0xdd, 0xdd, 0xf3, 0xd3, 0x55,
    0x5e, 0x55, 0x53, 0xc3, 0xd3, 0x55, 0x5e, 0x55,
    0x53, 0xc3, 0xd1, 0xd8, 0x8f, 0x88, 0xd2, 0xc3,
    0xd1, 0xd7, 0x7f, 0x77, 0xc2, 0xc3, 0xd1, 0x98,
    0x8f, 0x89, 0xb1, 0xc3, 0xd4, 0x99, 0xae, 0x9a,
    0xc1, 0xc3, 0xd6, 0xaa, 0xaa, 0xae, 0xb9, 0xc3,
    0xd1, 0xa, 0x20, 0xe, 0x0, 0xc3, 0xd1, 0x2,
    0x63, 0x8e, 0x0, 0xc3, 0xdb, 0xaa, 0xab, 0xcb,
    0xaa, 0xe3, 0xd3, 0x22, 0x22, 0x22, 0x22, 0xb3,

    /* U+5723 "圣" */
    0x0, 0x0, 0x0, 0x0, 0x0, 0x0, 0x0, 0x9,
    0xff, 0xff, 0xff, 0xff, 0xfa, 0x0, 0x0, 0x1d,
    0x60, 0x0, 0x5, 0xe1, 0x0, 0x0, 0x2, 0xe8,
    0x0, 0x7e, 0x30, 0x0, 0x0, 0x0, 0x1b, 0xdd,
    0xb1, 0x0, 0x0, 0x0, 0x25, 0xae, 0xbc, 0xe9,
    0x41, 0x0, 0x4f, 0xda, 0x61, 0x11, 0x27, 0xbe,
    0xe3, 0x0, 0x0, 0x0, 0x88, 0x0, 0x0, 0x10,
    0x0, 0x9e, 0xee, 0xff, 0xee, 0xe8, 0x0, 0x0,
    0x0, 0x0, 0x98, 0x0, 0x0, 0x0, 0x0, 0x0,
    0x0, 0x88, 0x0, 0x0, 0x0, 0x2, 0x22, 0x22,
    0x99, 0x22, 0x22, 0x20, 0x2d, 0xdd, 0xdd, 0xdd,
    0xdd, 0xdd, 0xd2,

    /* U+5728 "在" */
    0x0, 0x0, 0xa, 0x50, 0x0, 0x0, 0x0, 0x0,
    0x0, 0x1f, 0x20, 0x0, 0x0, 0x0, 0x1c, 0xcc,
    0xdf, 0xcc, 0xcc, 0xcc, 0xc1, 0x3, 0x33, 0xf6,
    0x33, 0x33, 0x33, 0x30, 0x0, 0x8, 0xc0, 0x0,
    0x64, 0x0, 0x0, 0x0, 0x2f, 0x30, 0x0, 0xa6,
    0x0, 0x0, 0x1, 0xdc, 0x0, 0x0, 0xa7, 0x0,
    0x0, 0x1d, 0xeb, 0xb, 0xee, 0xff, 0xee, 0x80,
    0x3b, 0x5b, 0x0, 0x0, 0xa6, 0x0, 0x0, 0x0,
    0x4b, 0x0, 0x0, 0xa6, 0x0, 0x0, 0x0, 0x4b,
    0x0, 0x0, 0xa6, 0x0, 0x0, 0x0, 0x4b, 0x0,
    0x0, 0xa6, 0x0, 0x0, 0x0, 0x4b, 0x5f, 0xff,
    0xff, 0xff, 0xf1,

    /* U+572D "圭" */
    0x0, 0x0, 0x0, 0x98, 0x0, 0x0, 0x0, 0x0,
    0x0, 0x0, 0x98, 0x0, 0x0, 0x0, 0x0, 0xcf,
    0xff, 0xff, 0xff, 0xfb, 0x0, 0x0, 0x0, 0x0,
    0x98, 0x0, 0x0, 0x0, 0x0, 0x0, 0x0, 0x98,
    0x0, 0x0, 0x0, 0xc, 0xff, 0xff, 0xff, 0xff,
    0xff, 0xd0, 0x0, 0x0, 0x0, 0x32, 0x0, 0x0,
    0x0, 0x0, 0x0, 0x0, 0x98, 0x0, 0x0, 0x0,
    0x2, 0xee, 0xee, 0xff, 0xee, 0xee, 0x20, 0x0,
    0x0, 0x0, 0x98, 0x0, 0x0, 0x0, 0x0, 0x0,
    0x0, 0x98, 0x0, 0x0, 0x0, 0x2, 0x22, 0x22,
    0xa9, 0x22, 0x22, 0x20, 0x2d, 0xdd, 0xdd, 0xdd,
    0xdd, 0xdd, 0xd3,

    /* U+5730 "地" */
    0x0, 0x84, 0x0, 0x0, 0x1e, 0x0, 0x0, 0x0,
    0x95, 0x0, 0x40, 0x1e, 0x0, 0x0, 0x0, 0x95,
    0x0, 0xf0, 0x1e, 0x0, 0x10, 0x12, 0xa7, 0x20,
    0xf0, 0x1e, 0x4b, 0xd0, 0x5d, 0xee, 0xd0, 0xf1,
    0x7f, 0xc7, 0xd0, 0x0, 0x95, 0x4, 0xfe, 0x9e,
    0x2, 0xd0, 0x0, 0x95, 0x4a, 0xf0, 0x1e, 0x2,
    0xd0, 0x0, 0x95, 0x0, 0xf0, 0x1e, 0x3, 0xc0,
    0x0, 0xac, 0xe1, 0xf0, 0x1e, 0x5d, 0x80, 0x3c,
    0xf9, 0x10, 0xf0, 0xb, 0x1, 0x10, 0x39, 0x10,
    0x0, 0xf0, 0x0, 0x0, 0x87, 0x0, 0x0, 0x0,
    0xf3, 0x0, 0x0, 0xb4, 0x0, 0x0, 0x0, 0x8f,
    0xff, 0xff, 0xb0,

    /* U+573A "场" */
    0x0, 0x96, 0x0, 0x0, 0x0, 0x0, 0x0, 0x0,
    0x96, 0xb, 0xff, 0xff, 0xf8, 0x0, 0x0, 0x96,
    0x0, 0x0, 0x1c, 0xa0, 0x0, 0x2, 0xa8, 0x20,
    0x2, 0xd8, 0x0, 0x0, 0x4d, 0xee, 0xc0, 0x7e,
    0x40, 0x0, 0x0, 0x0, 0x96, 0x7, 0xff, 0xfe,
    0xff, 0xf1, 0x0, 0x96, 0x0, 0x5, 0xa1, 0xd0,
    0xf0, 0x0, 0x96, 0x0, 0xd, 0x27, 0x80, 0xf0,
    0x0, 0x96, 0x21, 0xc7, 0xd, 0x12, 0xe0, 0x1,
    0xbe, 0xda, 0x70, 0x88, 0x4, 0xc0, 0x5f, 0xa3,
    0x0, 0x5, 0xc0, 0x6, 0xa0, 0x0, 0x0, 0x0,
    0x6d, 0x10, 0xb, 0x70, 0x0, 0x0, 0x5, 0xc1,
    0x8, 0xfc, 0x10, 0x0, 0x0, 0x0, 0x0, 0x0,
    0x0, 0x0,

    /* U+574A "坊" */
    0x0, 0x0, 0x0, 0x0, 0x10, 0x0, 0x0, 0x0,
    0x95, 0x0, 0x0, 0xb6, 0x0, 0x0, 0x0, 0x95,
    0x0, 0x0, 0x6b, 0x0, 0x0, 0x0, 0x95, 0x4,
    0x44, 0x69, 0x44, 0x40, 0x0, 0xa6, 0xd, 0xdf,
    0xed, 0xdd, 0xd1, 0x6f, 0xff, 0xf1, 0xd, 0x20,
    0x0, 0x0, 0x0, 0x95, 0x0, 0xe, 0x30, 0x0,
    0x0, 0x0, 0x95, 0x0, 0xe, 0xff, 0xff, 0x50,
    0x0, 0x95, 0x0, 0xf, 0x0, 0xb, 0x50, 0x0,
    0x97, 0x72, 0x4d, 0x0, 0xc, 0x40, 0x16, 0xde,
    0x81, 0xa8, 0x0, 0xd, 0x30, 0x8b, 0x50, 0x3,
    0xf2, 0x0, 0xf, 0x10, 0x0, 0x0, 0x2e, 0x60,
    0x0, 0x3f, 0x0, 0x0, 0x0, 0xb7, 0x0, 0x9f,
    0xf7, 0x0, 0x0, 0x0, 0x0, 0x0, 0x0, 0x0,
    0x0,

    /* U+5760 "坠" */
    0x0, 0x0, 0x0, 0x0, 0x7a, 0x0, 0x0, 0x9,
    0xff, 0xfb, 0x0, 0x9a, 0x0, 0x0, 0x9, 0x61,
    0xc2, 0x0, 0xbd, 0x0, 0x0, 0x9, 0x65, 0xb1,
    0x0, 0xff, 0x30, 0x0, 0x9, 0x60, 0x3c, 0x6,
    0xe7, 0xa0, 0x0, 0x9, 0x69, 0xea, 0x1e, 0x60,
    0xe5, 0x0, 0x9, 0x60, 0x3, 0xdb, 0x0, 0x6f,
    0x70, 0x9, 0x60, 0xd, 0x90, 0x0, 0x6, 0xf2,
    0x3, 0x20, 0x0, 0x77, 0x0, 0x0, 0x10, 0x0,
    0xee, 0xee, 0xff, 0xee, 0xee, 0x10, 0x0, 0x0,
    0x0, 0x88, 0x0, 0x0, 0x0, 0x0, 0x0, 0x0,
    0x88, 0x0, 0x0, 0x0, 0x3e, 0xee, 0xee, 0xff,
    0xee, 0xee, 0xe3,

    /* U+5764 "坤" */
    0x0, 0x94, 0x0, 0x0, 0x2d, 0x0, 0x0, 0xa,
    0x50, 0x0, 0x2, 0xd0, 0x0, 0x0, 0xa5, 0x7,
    0xee, 0xff, 0xee, 0xd2, 0x7d, 0xa6, 0x79, 0x2,
    0xd0, 0x2e, 0x38, 0xdb, 0x77, 0x80, 0x2d, 0x1,
    0xe0, 0xa, 0x50, 0x7f, 0xff, 0xff, 0xfe, 0x0,
    0xa5, 0x7, 0x80, 0x2d, 0x1, 0xe0, 0xa, 0x50,
    0x78, 0x2, 0xd0, 0x1e, 0x0, 0xbc, 0xe7, 0xfe,
    0xff, 0xef, 0xe3, 0xce, 0x81, 0x68, 0x2, 0xd0,
    0x1b, 0x26, 0x0, 0x0, 0x0, 0x2d, 0x0, 0x0,
    0x0, 0x0, 0x0, 0x2, 0xd0, 0x0, 0x0, 0x0,
    0x0, 0x0, 0x2d, 0x0, 0x0,

    /* U+5782 "垂" */
    0x0, 0x0, 0x0, 0x0, 0x24, 0x67, 0x0, 0x0,
    0xac, 0xde, 0xff, 0xdb, 0x96, 0x0, 0x0, 0x22,
    0x10, 0x5b, 0x0, 0x0, 0x0, 0x4, 0xcc, 0xcc,
    0xdf, 0xcc, 0xcc, 0x90, 0x1, 0x3b, 0x83, 0x7c,
    0x33, 0xf4, 0x20, 0x0, 0xa, 0x60, 0x5b, 0x0,
    0xf1, 0x0, 0x1f, 0xff, 0xff, 0xff, 0xff, 0xff,
    0xf6, 0x0, 0xa, 0x60, 0x5c, 0x0, 0xf2, 0x0,
    0x0, 0xa, 0x60, 0x5b, 0x0, 0xf1, 0x0, 0x6,
    0xff, 0xff, 0xff, 0xff, 0xff, 0xd0, 0x0, 0x0,
    0x0, 0x5c, 0x0, 0x0, 0x0, 0x0, 0x0, 0x0,
    0x5b, 0x0, 0x0, 0x0, 0x0, 0xcf, 0xff, 0xff,
    0xff, 0xff, 0x10,

    /* U+57A2 "垢" */
    0x0, 0x0, 0x0, 0x0, 0x0, 0x0, 0x0, 0x0,
    0x96, 0x0, 0x2, 0x36, 0x8c, 0xa0, 0x0, 0x96,
    0x5, 0xfd, 0xca, 0x86, 0x30, 0x0, 0x96, 0x5,
    0x90, 0x0, 0x0, 0x0, 0x16, 0xca, 0x55, 0x90,
    0x0, 0x0, 0x0, 0x2a, 0xdc, 0x95, 0xfe, 0xee,
    0xee, 0xe6, 0x0, 0x96, 0x5, 0x90, 0x0, 0x0,
    0x0, 0x0, 0x96, 0x6, 0x90, 0x0, 0x0, 0x0,
    0x0, 0x96, 0x7, 0x7e, 0xfe, 0xef, 0xe0, 0x0,
    0x96, 0x38, 0x6e, 0x10, 0x1, 0xe0, 0x2, 0xcf,
    0xcb, 0x5e, 0x10, 0x1, 0xe0, 0x4e, 0x92, 0xe,
    0x2e, 0x10, 0x1, 0xe0, 0x0, 0x0, 0x5c, 0xe,
    0xff, 0xff, 0xe0, 0x0, 0x0, 0xc4, 0xe, 0x10,
    0x1, 0xd0, 0x0, 0x0, 0x0, 0x0, 0x0, 0x0,
    0x0,

    /* U+57A4 "垤" */
    0x0, 0xa4, 0x0, 0x0, 0x0, 0x0, 0x0, 0x0,
    0xa4, 0x1f, 0xff, 0xff, 0xff, 0xf8, 0x0, 0xa4,
    0x0, 0x4, 0xe1, 0x13, 0x0, 0x14, 0xc8, 0x40,
    0x1e, 0x50, 0x3e, 0x10, 0x4c, 0xfd, 0xb0, 0xba,
    0x0, 0x1a, 0xa0, 0x0, 0xa4, 0xa, 0xff, 0xfe,
    0xdc, 0xe3, 0x0, 0xa4, 0x2, 0x20, 0x17, 0x0,
    0x53, 0x0, 0xa4, 0x0, 0x0, 0x1e, 0x0, 0x0,
    0x0, 0xaa, 0xc6, 0xff, 0xff, 0xff, 0xf2, 0x18,
    0xec, 0x40, 0x0, 0x2e, 0x0, 0x0, 0x3c, 0x40,
    0x0, 0x0, 0x1e, 0x0, 0x0, 0x0, 0x0, 0x12,
    0x22, 0x4e, 0x22, 0x22, 0x0, 0x0, 0x6c, 0xcc,
    0xcc, 0xcc, 0xc9,

    /* U+57B2 "垲" */
    0x0, 0x95, 0x0, 0x0, 0x3b, 0x0, 0x0, 0x0,
    0x95, 0x5, 0x90, 0x3b, 0x9, 0x50, 0x0, 0x95,
    0x5, 0x90, 0x3b, 0x9, 0x50, 0x16, 0xc9, 0x55,
    0xee, 0xee, 0xee, 0x40, 0x28, 0xdb, 0x80, 0x0,
    0x0, 0x0, 0x0, 0x0, 0x95, 0x7, 0xff, 0xff,
    0xff, 0x30, 0x0, 0x95, 0x0, 0x0, 0x0, 0xb,
    0x30, 0x0, 0x95, 0x0, 0x0, 0x0, 0xb, 0x30,
    0x0, 0x98, 0x93, 0xff, 0xff, 0xff, 0x30, 0x5,
    0xde, 0x73, 0xd0, 0x0, 0x0, 0x0, 0x5d, 0x60,
    0x3, 0xd0, 0x0, 0x0, 0xa0, 0x0, 0x0, 0x2,
    0xe0, 0x0, 0x2, 0xf0, 0x0, 0x0, 0x0, 0xcf,
    0xff, 0xff, 0x80,

    /* U+57CE "城" */
    0x0, 0x0, 0x0, 0x0, 0x2, 0x0, 0x0, 0x0,
    0xe1, 0x0, 0x0, 0xb, 0x7c, 0x10, 0x0, 0xe1,
    0x0, 0x0, 0xb, 0x46, 0xa0, 0x0, 0xe1, 0xd,
    0xdd, 0xdf, 0xed, 0xe2, 0x38, 0xf9, 0x3f, 0x22,
    0x2b, 0x62, 0x20, 0x27, 0xf8, 0x3f, 0x0, 0x9,
    0x50, 0x20, 0x0, 0xe1, 0xf, 0xee, 0xa8, 0x63,
    0xc0, 0x0, 0xe1, 0xf, 0x3, 0xb7, 0x89, 0x70,
    0x0, 0xe1, 0x1e, 0x3, 0xa5, 0xae, 0x20, 0x0,
    0xe1, 0x3c, 0x4, 0xa2, 0xfb, 0x0, 0x2, 0xee,
    0xbb, 0x6, 0x91, 0xf3, 0x0, 0x6f, 0x93, 0x88,
    0xac, 0x3a, 0xf3, 0x55, 0x0, 0x0, 0xe2, 0x0,
    0xaa, 0x7a, 0x84, 0x0, 0x5, 0xa0, 0x7, 0x90,
    0xc, 0xd0, 0x0, 0x0, 0x0, 0x0, 0x0, 0x0,
    0x0,

    /* U+57DF "域" */
    0x0, 0x0, 0x0, 0x0, 0x2, 0x0, 0x0, 0x0,
    0xe0, 0x0, 0x0, 0xe, 0x3d, 0x20, 0x0, 0xe0,
    0x0, 0x0, 0xe, 0x14, 0xa0, 0x0, 0xe0, 0x9e,
    0xee, 0xef, 0xee, 0xe1, 0x26, 0xf7, 0x30, 0x0,
    0xd, 0x30, 0x0, 0x5d, 0xfe, 0x52, 0x22, 0xc,
    0x20, 0x0, 0x0, 0xe0, 0x3d, 0xad, 0x4b, 0x36,
    0xa0, 0x0, 0xe0, 0x39, 0x8, 0x4a, 0x5c, 0x40,
    0x0, 0xe0, 0x39, 0x8, 0x48, 0x9e, 0x0, 0x0,
    0xe2, 0x4d, 0xdd, 0x46, 0xf6, 0x0, 0x2, 0xfd,
    0x30, 0x3, 0x67, 0xe0, 0x0, 0x4e, 0x60, 0x7b,
    0xda, 0x9e, 0xf0, 0x51, 0x0, 0x0, 0x43, 0x5,
    0xe3, 0x97, 0xb1, 0x0, 0x0, 0x0, 0xa, 0x20,
    0x2d, 0xb0,

    /* U+57FA "基" */
    0x0, 0x0, 0x0, 0x0, 0x0, 0x0, 0x0, 0x0,
    0x5, 0xb0, 0x0, 0x3, 0xd0, 0x0, 0x1, 0x27,
    0xc2, 0x22, 0x25, 0xe2, 0x20, 0x5, 0xbc, 0xeb,
    0xbb, 0xbc, 0xfb, 0xb0, 0x0, 0x5, 0xd6, 0x66,
    0x68, 0xd0, 0x0, 0x0, 0x5, 0xc4, 0x44, 0x46,
    0xd0, 0x0, 0x0, 0x5, 0xfc, 0xcc, 0xcd, 0xd0,
    0x0, 0x0, 0x5, 0xb0, 0x0, 0x3, 0xd0, 0x0,
    0x2e, 0xee, 0xfe, 0xee, 0xef, 0xfe, 0xe8, 0x0,
    0x1b, 0x80, 0x24, 0x1, 0xd6, 0x0, 0x6, 0xeb,
    0xbb, 0xde, 0xbb, 0x9d, 0xc4, 0xc, 0x40, 0x22,
    0x6c, 0x22, 0x10, 0x74, 0x0, 0x0, 0x0, 0x5b,
    0x0, 0x0, 0x0, 0x0, 0xee, 0xee, 0xef, 0xee,
    0xee, 0x80,

    /* U+5834 "場" */
    0x0, 0x96, 0x0, 0x0, 0x0, 0x0, 0x0, 0x0,
    0x96, 0x0, 0xfc, 0xcc, 0xcf, 0x40, 0x0, 0x96,
    0x0, 0xf7, 0x77, 0x7d, 0x40, 0x3f, 0xff, 0xe0,
    0xf1, 0x11, 0x1b, 0x40, 0x0, 0x96, 0x0, 0xfc,
    0xcc, 0xcf, 0x40, 0x0, 0x96, 0x0, 0x11, 0x11,
    0x11, 0x0, 0x0, 0x96, 0x4e, 0xff, 0xee, 0xee,
    0xe6, 0x0, 0x96, 0x20, 0xc5, 0x0, 0x0, 0x0,
    0x0, 0xae, 0xda, 0xee, 0xfd, 0xfe, 0xf1, 0x3d,
    0xd6, 0xc9, 0xb, 0x36, 0x73, 0xf0, 0x14, 0x0,
    0x20, 0x98, 0xd, 0x14, 0xd0, 0x0, 0x0, 0x1c,
    0x80, 0xa7, 0x8, 0xa0, 0x0, 0x0, 0x4, 0x6,
    0xa2, 0xde, 0x40, 0x0, 0x0, 0x0, 0x0, 0x0,
    0x0, 0x0,

    /* U+584F "塏" */
    0x0, 0xb1, 0x0, 0x0, 0xd2, 0x0, 0x0, 0x0,
    0xe1, 0xe, 0x0, 0xd2, 0xa, 0x40, 0x0, 0xe1,
    0xe, 0x0, 0xd2, 0xa, 0x40, 0x1, 0xe3, 0xe,
    0xcc, 0xfd, 0xcf, 0x40, 0x6d, 0xfe, 0x52, 0x22,
    0x22, 0x22, 0x10, 0x0, 0xe1, 0x39, 0x99, 0x99,
    0x99, 0x80, 0x0, 0xe1, 0x7, 0xcc, 0xcc, 0xcb,
    0x0, 0x0, 0xe1, 0x9, 0x50, 0x0, 0xe, 0x0,
    0x0, 0xe1, 0x19, 0x40, 0x0, 0xe, 0x0, 0x1,
    0xed, 0xb7, 0xcc, 0xcc, 0xcb, 0x0, 0x7f, 0xb5,
    0x0, 0xa2, 0x0, 0xd1, 0x0, 0x22, 0x0, 0x0,
    0x75, 0x4, 0xb0, 0x0, 0x0, 0x0, 0xde, 0xee,
    0xef, 0xfe, 0xe1,

    /* U+5854 "塔" */
    0x0, 0xc1, 0x0, 0xa4, 0x0, 0xe0, 0x0, 0x0,
    0xe1, 0x56, 0xd9, 0x66, 0xf7, 0x60, 0x0, 0xe1,
    0x8a, 0xec, 0xaa, 0xfa, 0xa0, 0x12, 0xe3, 0x10,
    0x74, 0xb2, 0xa0, 0x0, 0x6d, 0xfe, 0x70, 0x1d,
    0xfd, 0x20, 0x0, 0x0, 0xe1, 0x5, 0xea, 0x18,
    0xe6, 0x0, 0x0, 0xe2, 0xbd, 0x86, 0x66, 0x9b,
    0xd1, 0x0, 0xe1, 0x40, 0x36, 0x66, 0x50, 0x20,
    0x0, 0xe4, 0x44, 0xaa, 0xaa, 0xaa, 0x0, 0x6,
    0xff, 0x66, 0xa3, 0x33, 0x4e, 0x0, 0x9e, 0x71,
    0x6, 0x90, 0x0, 0x1e, 0x0, 0x20, 0x0, 0x6,
    0xa1, 0x11, 0x2e, 0x0, 0x0, 0x0, 0x6, 0xec,
    0xcc, 0xde, 0x0,

    /* U+5875 "塵" */
    0x0, 0x0, 0x0, 0x0, 0x0, 0x0, 0x0, 0x0,
    0x0, 0x0, 0x2d, 0x0, 0x0, 0x0, 0x1, 0xee,
    0xee, 0xef, 0xee, 0xee, 0xe7, 0x1, 0xd0, 0xd,
    0x0, 0xb5, 0x0, 0x0, 0x1, 0xfb, 0xbf, 0xcb,
    0xed, 0xbc, 0xb0, 0x1, 0xd0, 0xd, 0x0, 0xb5,
    0x1, 0xe0, 0x2, 0xfb, 0xbf, 0xbb, 0xed, 0xbc,
    0xe0, 0x2, 0xd1, 0xf2, 0x22, 0xb7, 0x27, 0x50,
    0x3, 0xb0, 0xf9, 0x98, 0xac, 0xa7, 0x20, 0x4,
    0xa4, 0xf6, 0x77, 0x99, 0x44, 0x97, 0x6, 0x91,
    0x53, 0x2a, 0x36, 0x66, 0x50, 0x9, 0x65, 0xcc,
    0xcf, 0xdc, 0xcc, 0x60, 0xd, 0x20, 0x0, 0xd,
    0x20, 0x0, 0x0, 0x3c, 0x7d, 0xdd, 0xdf, 0xdd,
    0xdd, 0xd8, 0x1, 0x0, 0x0, 0x0, 0x0, 0x0,
    0x0,

    /* U+589E "增" */
    0x0, 0x0, 0x0, 0x0, 0x0, 0x0, 0x0, 0xe,
    0x10, 0xc, 0x20, 0xa, 0x90, 0x0, 0xe1, 0x0,
    0x69, 0x3, 0xf1, 0x0, 0xe, 0x10, 0xbc, 0xcc,
    0xee, 0xc7, 0x1, 0xe3, 0xe, 0x42, 0xd1, 0x47,
    0x95, 0xdf, 0xd6, 0xd5, 0x5c, 0xb, 0x59, 0x0,
    0xe1, 0xd, 0x6, 0xc5, 0x35, 0x90, 0xe, 0x10,
    0xdc, 0xce, 0xcc, 0xd8, 0x0, 0xe1, 0x0, 0x0,
    0x0, 0x0, 0x0, 0xe, 0x10, 0x3e, 0xcc, 0xcd,
    0xe0, 0x2, 0xec, 0x73, 0xb2, 0x22, 0x4e, 0x6,
    0xc7, 0x20, 0x3d, 0x77, 0x78, 0xe0, 0x0, 0x0,
    0x3, 0xe9, 0x99, 0xae, 0x0, 0x0, 0x0, 0x3b,
    0x22, 0x24, 0xe0,

    /* U+58A8 "墨" */
    0x0, 0xbc, 0xbb, 0xdd, 0xbb, 0xcc, 0x0, 0x0,
    0xb3, 0xa1, 0x87, 0x39, 0x3c, 0x0, 0x0, 0xb6,
    0x66, 0xa9, 0x84, 0x6c, 0x0, 0x0, 0x57, 0x77,
    0xcb, 0x77, 0x76, 0x0, 0x0, 0xbc, 0xcc, 0xee,
    0xcc, 0xcc, 0x0, 0x0, 0x0, 0x0, 0x87, 0x0,
    0x0, 0x0, 0x2c, 0xdc, 0xcc, 0xcc, 0xdc, 0xcd,
    0xc2, 0x0, 0xc3, 0x1d, 0x3, 0xc0, 0x3d, 0x10,
    0xa, 0x70, 0x6, 0x86, 0x50, 0x4, 0x90, 0x0,
    0x7c, 0xcc, 0xee, 0xcc, 0xc9, 0x0, 0x0, 0x0,
    0x0, 0x87, 0x0, 0x0, 0x0, 0x3d, 0xdd, 0xdd,
    0xdd, 0xdd, 0xdd, 0xd3,

    /* U+58D1 "壑" */
    0x0, 0x0, 0xe0, 0x0, 0x0, 0x0, 0x0, 0x0,
    0x0, 0xea, 0xa8, 0x4f, 0xdd, 0xf2, 0xc, 0xbb,
    0xbb, 0xbc, 0x8d, 0x10, 0xe0, 0xb, 0x4a, 0x99,
    0xa5, 0x7a, 0x64, 0xb0, 0x1, 0x86, 0x73, 0xb6,
    0x5, 0xbb, 0x50, 0x2, 0x4a, 0xab, 0x54, 0x0,
    0xed, 0x0, 0x6, 0xec, 0x78, 0xec, 0x21, 0xdc,
    0x0, 0x4, 0xb4, 0x33, 0xa6, 0x3d, 0x8b, 0xb1,
    0x0, 0x9b, 0xaa, 0xc4, 0xe7, 0x0, 0xa7, 0x0,
    0x0, 0x0, 0x38, 0x10, 0x0, 0x0, 0x2, 0xdd,
    0xdd, 0xef, 0xdd, 0xdd, 0x90, 0x0, 0x0, 0x0,
    0x5b, 0x0, 0x0, 0x0, 0x3d, 0xdd, 0xdd, 0xdd,
    0xdd, 0xdd, 0xd9,

    /* U+58E4 "壤" */
    0x0, 0x0, 0x0, 0x0, 0x11, 0x0, 0x0, 0x0,
    0x94, 0x0, 0x0, 0x5a, 0x0, 0x0, 0x0, 0x94,
    0x4c, 0xcc, 0xdf, 0xcc, 0xc7, 0x0, 0x94, 0x1,
    0x33, 0x30, 0x33, 0x30, 0x2, 0xb6, 0x17, 0xc9,
    0xd2, 0xd9, 0xe0, 0x1d, 0xed, 0x77, 0x93, 0xd2,
    0xb3, 0xd0, 0x0, 0x94, 0x2, 0x5d, 0x61, 0x99,
    0x50, 0x0, 0x94, 0xa, 0xbf, 0xcb, 0xdd, 0xb1,
    0x0, 0x94, 0x3, 0x8e, 0x98, 0xbb, 0x70, 0x0,
    0x95, 0x22, 0x3d, 0x53, 0x88, 0x30, 0x4, 0xde,
    0x7a, 0xab, 0xff, 0xba, 0xb6, 0x2c, 0x50, 0x2,
    0x8d, 0x44, 0xa8, 0xa0, 0x0, 0x0, 0xca, 0x6b,
    0x3, 0x9d, 0x20, 0x0, 0x0, 0x0, 0x6f, 0xd9,
    0x5, 0xd6, 0x0, 0x0, 0x0, 0x11, 0x0, 0x0,
    0x0,

    /* U+58EB "士" */
    0x0, 0x0, 0x0, 0x6b, 0x0, 0x0, 0x0, 0x0,
    0x0, 0x0, 0x6b, 0x0, 0x0, 0x0, 0x0, 0x0,
    0x0, 0x6b, 0x0, 0x0, 0x0, 0x0, 0x0, 0x0,
    0x6b, 0x0, 0x0, 0x0, 0x1, 0x11, 0x11, 0x7b,
    0x11, 0x11, 0x10, 0x1f, 0xff, 0xff, 0xff, 0xff,
    0xff, 0xf7, 0x0, 0x0, 0x0, 0x6b, 0x0, 0x0,
    0x0, 0x0, 0x0, 0x0, 0x6b, 0x0, 0x0, 0x0,
    0x0, 0x0, 0x0, 0x6b, 0x0, 0x0, 0x0, 0x0,
    0x0, 0x0, 0x6b, 0x0, 0x0, 0x0, 0x0, 0x0,
    0x0, 0x6b, 0x0, 0x0, 0x0, 0x4, 0xee, 0xee,
    0xff, 0xee, 0xee, 0xa0, 0x0, 0x11, 0x11, 0x11,
    0x11, 0x11, 0x10,

    /* U+58EC "壬" */
    0x0, 0x0, 0x0, 0x0, 0x1, 0x66, 0x0, 0x0,
    0x2, 0x46, 0x8b, 0xef, 0xb7, 0x0, 0x3, 0xfd,
    0xca, 0xbc, 0x20, 0x0, 0x0, 0x0, 0x0, 0x0,
    0x5b, 0x0, 0x0, 0x0, 0x0, 0x0, 0x0, 0x5b,
    0x0, 0x0, 0x0, 0x0, 0x0, 0x0, 0x5b, 0x0,
    0x0, 0x0, 0x1f, 0xff, 0xff, 0xff, 0xff, 0xff,
    0xf8, 0x0, 0x0, 0x0, 0x6c, 0x0, 0x0, 0x0,
    0x0, 0x0, 0x0, 0x5b, 0x0, 0x0, 0x0, 0x0,
    0x0, 0x0, 0x5b, 0x0, 0x0, 0x0, 0x0, 0x0,
    0x0, 0x5b, 0x0, 0x0, 0x0, 0x0, 0x22, 0x22,
    0x7c, 0x22, 0x22, 0x10, 0x1, 0xdd, 0xdd, 0xdd,
    0xdd, 0xdd, 0x90,

    /* U+58EE "壮" */
    0x0, 0x0, 0x0, 0x0, 0x0, 0x0, 0x0, 0x0,
    0xc, 0x30, 0x0, 0x97, 0x0, 0x0, 0x0, 0xc,
    0x30, 0x0, 0x97, 0x0, 0x0, 0x5a, 0xc, 0x30,
    0x0, 0x97, 0x0, 0x0, 0xe, 0x3c, 0x30, 0x0,
    0x97, 0x0, 0x0, 0x7, 0xac, 0x40, 0x0, 0xa7,
    0x0, 0x0, 0x0, 0x1c, 0x8f, 0xff, 0xff, 0xff,
    0xf2, 0x0, 0xc, 0x30, 0x0, 0x97, 0x0, 0x0,
    0x0, 0xc, 0x30, 0x0, 0x97, 0x0, 0x0, 0x2,
    0xbf, 0x30, 0x0, 0x97, 0x0, 0x0, 0x6f, 0x7c,
    0x30, 0x0, 0x97, 0x0, 0x0, 0x43, 0xc, 0x30,
    0x0, 0x97, 0x0, 0x0, 0x0, 0xc, 0x31, 0x11,
    0xa8, 0x11, 0x10, 0x0, 0xc, 0x3c, 0xdd, 0xdd,
    0xdd, 0xa0,

    /* U+58EF "壯" */
    0x0, 0x0, 0x0, 0x0, 0x0, 0x0, 0x0, 0x0,
    0x1, 0xe0, 0x0, 0x1e, 0x0, 0x0, 0xe, 0x11,
    0xe0, 0x0, 0x1e, 0x0, 0x0, 0xe, 0x11, 0xe0,
    0x0, 0x1e, 0x0, 0x0, 0xe, 0x11, 0xe0, 0x0,
    0x1e, 0x0, 0x0, 0xe, 0xbb, 0xe0, 0x0, 0x2e,
    0x0, 0x0, 0x3, 0x34, 0xe8, 0xff, 0xff, 0xff,
    0xf6, 0x0, 0x1, 0xe0, 0x0, 0x1e, 0x0, 0x0,
    0x7f, 0xff, 0xe0, 0x0, 0x1e, 0x0, 0x0, 0xa,
    0x41, 0xe0, 0x0, 0x1e, 0x0, 0x0, 0xb, 0x31,
    0xe0, 0x0, 0x1e, 0x0, 0x0, 0xd, 0x11, 0xe0,
    0x0, 0x1e, 0x0, 0x0, 0x2c, 0x1, 0xe0, 0x11,
    0x3e, 0x11, 0x10, 0x66, 0x1, 0xe3, 0xdd, 0xdd,
    0xdd, 0xd1, 0x0, 0x0, 0x0, 0x0, 0x0, 0x0,
    0x0,

    /* U+58F0 "声" */
    0x0, 0x0, 0x0, 0x87, 0x0, 0x0, 0x0, 0xc,
    0xcc, 0xcc, 0xee, 0xcc, 0xcc, 0xc0, 0x1, 0x11,
    0x11, 0x98, 0x11, 0x11, 0x10, 0x0, 0x11, 0x11,
    0x98, 0x11, 0x11, 0x0, 0x2, 0xdd, 0xdd, 0xdd,
    0xdd, 0xdd, 0x50, 0x0, 0x0, 0x0, 0x0, 0x0,
    0x0, 0x0, 0x0, 0xdd, 0xcc, 0xee, 0xcc, 0xcf,
    0x10, 0x0, 0xd2, 0x0, 0x87, 0x0, 0xe, 0x10,
    0x0, 0xf2, 0x0, 0x88, 0x0, 0xe, 0x10, 0x1,
    0xfd, 0xdd, 0xdd, 0xdd, 0xdf, 0x10, 0x4, 0xc0,
    0x0, 0x0, 0x0, 0x8, 0x10, 0xb, 0x70, 0x0,
    0x0, 0x0, 0x0, 0x0, 0x5d, 0x0, 0x0, 0x0,
    0x0, 0x0, 0x0, 0x2, 0x0, 0x0, 0x0, 0x0,
    0x0, 0x0,

    /* U+5904 "处" */
    0x0, 0xc, 0x30, 0x0, 0x3e, 0x0, 0x0, 0x0,
    0x1f, 0x10, 0x0, 0x3e, 0x0, 0x0, 0x0, 0x4f,
    0xcb, 0xc2, 0x3e, 0x0, 0x0, 0x0, 0x8a, 0x33,
    0xf1, 0x3f, 0x30, 0x0, 0x0, 0xd6, 0x1, 0xe0,
    0x3f, 0xe3, 0x0, 0x4, 0xfa, 0x5, 0xb0, 0x3e,
    0x4e, 0x10, 0xd, 0x6e, 0xa, 0x70, 0x3e, 0x7,
    0xc0, 0x3, 0x9, 0x8f, 0x10, 0x3e, 0x0, 0x81,
    0x0, 0x2, 0xfa, 0x0, 0x3e, 0x0, 0x0, 0x0,
    0x3, 0xfc, 0x0, 0x3e, 0x0, 0x0, 0x0, 0x1e,
    0x6a, 0xb1, 0x14, 0x0, 0x0, 0x2, 0xca, 0x0,
    0x9f, 0x95, 0x33, 0x32, 0x1e, 0x90, 0x0, 0x2,
    0x8c, 0xde, 0xe6, 0x2, 0x0, 0x0, 0x0, 0x0,
    0x0, 0x0,

    /* U+5907 "备" */
    0x0, 0x0, 0x0, 0x0, 0x0, 0x0, 0x0, 0x0,
    0x0, 0x8a, 0x0, 0x0, 0x0, 0x0, 0x0, 0x5,
    0xfd, 0xcc, 0xcc, 0x80, 0x0, 0x0, 0x8f, 0xb2,
    0x22, 0x6f, 0x20, 0x0, 0xc, 0xc3, 0xb9, 0x17,
    0xe4, 0x0, 0x0, 0x2, 0x0, 0xd, 0xff, 0x30,
    0x0, 0x0, 0x1, 0x5a, 0xfb, 0x59, 0xec, 0x85,
    0x20, 0x9f, 0xb7, 0x10, 0x0, 0x5, 0x8c, 0xc0,
    0x0, 0xdf, 0xee, 0xfe, 0xee, 0xf2, 0x0, 0x0,
    0xd3, 0x0, 0xe2, 0x0, 0xf2, 0x0, 0x0, 0xde,
    0xdd, 0xfd, 0xdd, 0xf2, 0x0, 0x0, 0xd3, 0x0,
    0xe2, 0x0, 0xf2, 0x0, 0x0, 0xd4, 0x0, 0xe3,
    0x0, 0xf2, 0x0, 0x0, 0xde, 0xdd, 0xdd, 0xdd,
    0xf2, 0x0,

    /* U+590D "复" */
    0x0, 0x3, 0x30, 0x0, 0x0, 0x0, 0x0, 0x0,
    0x1e, 0x72, 0x22, 0x22, 0x22, 0x20, 0x0, 0xbc,
    0xbb, 0xbb, 0xbb, 0xbb, 0x90, 0x1c, 0x97, 0x77,
    0x77, 0x77, 0x76, 0x0, 0x5, 0xf, 0x43, 0x33,
    0x33, 0x6d, 0x0, 0x0, 0xf, 0xbb, 0xbb, 0xbb,
    0xcd, 0x0, 0x0, 0xf, 0x54, 0x44, 0x44, 0x7d,
    0x0, 0x0, 0x6, 0xda, 0x66, 0x66, 0x65, 0x0,
    0x0, 0x8, 0xfc, 0xcc, 0xcc, 0xc5, 0x0, 0x2,
    0xca, 0xc4, 0x0, 0x1a, 0xb0, 0x0, 0x3, 0x50,
    0x1b, 0xb8, 0xe7, 0x0, 0x0, 0x2, 0x46, 0xad,
    0xca, 0xeb, 0x85, 0x41, 0x4d, 0xa8, 0x51, 0x0,
    0x3, 0x79, 0xb4,

    /* U+5916 "外" */
    0x0, 0x0, 0x0, 0x0, 0x0, 0x0, 0x0, 0x0,
    0xa, 0x50, 0x0, 0x3d, 0x0, 0x0, 0x0, 0xf,
    0x20, 0x0, 0x3d, 0x0, 0x0, 0x0, 0x4f, 0xdd,
    0xd5, 0x3d, 0x0, 0x0, 0x0, 0x98, 0x22, 0xc4,
    0x3d, 0x0, 0x0, 0x1, 0xf1, 0x0, 0xf1, 0x3e,
    0x70, 0x0, 0xb, 0x93, 0x3, 0xe0, 0x3e, 0xca,
    0x0, 0xb, 0x3e, 0x79, 0x90, 0x3d, 0xb, 0xb0,
    0x0, 0x1, 0xcf, 0x20, 0x3d, 0x0, 0xc7, 0x0,
    0x0, 0x9b, 0x0, 0x3d, 0x0, 0x0, 0x0, 0x5,
    0xf2, 0x0, 0x3d, 0x0, 0x0, 0x0, 0x3e, 0x50,
    0x0, 0x3d, 0x0, 0x0, 0x8, 0xf7, 0x0, 0x0,
    0x3d, 0x0, 0x0, 0xa, 0x40, 0x0, 0x0, 0x3d,
    0x0, 0x0,

    /* U+591A "多" */
    0x0, 0x0, 0x2d, 0x30, 0x0, 0x0, 0x0, 0x0,
    0x3e, 0xfc, 0xcc, 0xa0, 0x0, 0x1, 0xad, 0x42,
    0x23, 0xd6, 0x0, 0x2, 0xe8, 0x76, 0x1, 0xc9,
    0x0, 0x0, 0x0, 0x1, 0xbc, 0xe6, 0x0, 0x0,
    0x0, 0x2, 0x8e, 0xa3, 0xd7, 0x0, 0x0, 0x8e,
    0xd8, 0x12, 0xdf, 0xdc, 0xcc, 0x2, 0x20, 0x7,
    0xe6, 0x22, 0x2b, 0x80, 0x0, 0x7d, 0xa6, 0x30,
    0x8, 0xc0, 0x0, 0x6, 0x20, 0x3e, 0x7b, 0xb1,
    0x0, 0x0, 0x0, 0x4, 0xbf, 0x60, 0x0, 0x2,
    0x57, 0xae, 0xc6, 0x10, 0x0, 0x0, 0xab, 0x86,
    0x20, 0x0, 0x0, 0x0, 0x0,

    /* U+591C "夜" */
    0x0, 0x0, 0x0, 0x72, 0x0, 0x0, 0x0, 0x0,
    0x0, 0x0, 0x8b, 0x0, 0x0, 0x0, 0x2e, 0xef,
    0xfe, 0xef, 0xfe, 0xee, 0xe2, 0x0, 0x4, 0xc0,
    0x7, 0xa0, 0x0, 0x0, 0x0, 0xd, 0x40, 0x1e,
    0xed, 0xdd, 0x90, 0x0, 0x8c, 0x0, 0x98, 0x41,
    0x1a, 0x60, 0x7, 0xfb, 0x8, 0xf2, 0xb7, 0x1e,
    0x0, 0x5e, 0x7b, 0x6d, 0x89, 0x8, 0x99, 0x0,
    0x13, 0x4b, 0x11, 0xb, 0x55, 0xd0, 0x0, 0x0,
    0x4b, 0x0, 0x1, 0xee, 0x20, 0x0, 0x0, 0x4b,
    0x0, 0x7, 0xee, 0x70, 0x0, 0x0, 0x4b, 0x5,
    0xdb, 0x12, 0xdc, 0x50, 0x0, 0x4b, 0x6c, 0x40,
    0x0, 0x6, 0xd4, 0x0, 0x0, 0x0, 0x0, 0x0,
    0x0, 0x0,

    /* U+5922 "夢" */
    0x0, 0x0, 0xe2, 0x0, 0x1e, 0x0, 0x0, 0x2e,
    0xee, 0xfe, 0xee, 0xef, 0xee, 0xe3, 0x0, 0x0,
    0xa1, 0x0, 0x1a, 0x0, 0x0, 0x0, 0xcc, 0xbe,
    0xbb, 0xeb, 0xbd, 0x10, 0x0, 0xe0, 0xe, 0x0,
    0xe0, 0xd, 0x10, 0x0, 0xec, 0xbf, 0xbb, 0xfb,
    0xbf, 0x10, 0x4, 0x44, 0x44, 0x44, 0x44, 0x44,
    0x40, 0xf, 0x88, 0x8c, 0xb8, 0x88, 0x88, 0xf1,
    0xe, 0x1, 0x8f, 0xca, 0xaa, 0x80, 0xe1, 0x0,
    0x5d, 0xa2, 0x11, 0x5e, 0x40, 0x0, 0x0, 0x0,
    0x5c, 0x39, 0xd4, 0x0, 0x0, 0x0, 0x36, 0x9d,
    0xd7, 0x0, 0x0, 0x0, 0x8, 0xda, 0x72, 0x0,
    0x0, 0x0, 0x0,

    /* U+5927 "大" */
    0x0, 0x0, 0x0, 0x89, 0x0, 0x0, 0x0, 0x0,
    0x0, 0x0, 0x98, 0x0, 0x0, 0x0, 0x0, 0x0,
    0x0, 0xa7, 0x0, 0x0, 0x0, 0x0, 0x0, 0x0,
    0xb6, 0x0, 0x0, 0x0, 0x1f, 0xff, 0xff, 0xff,
    0xff, 0xff, 0xf2, 0x1, 0x11, 0x13, 0xff, 0x31,
    0x11, 0x10, 0x0, 0x0, 0x5, 0xcb, 0x70, 0x0,
    0x0, 0x0, 0x0, 0xb, 0x74, 0xd0, 0x0, 0x0,
    0x0, 0x0, 0x4e, 0x10, 0xc8, 0x0, 0x0, 0x0,
    0x2, 0xe6, 0x0, 0x3f, 0x40, 0x0, 0x0, 0x2e,
    0x90, 0x0, 0x6, 0xf4, 0x0, 0x8, 0xf9, 0x0,
    0x0, 0x0, 0x6f, 0xa1, 0x1b, 0x30, 0x0, 0x0,
    0x0, 0x2, 0xa1,

    /* U+5929 "天" */
    0x8, 0xee, 0xee, 0xee, 0xee, 0xee, 0x70, 0x1,
    0x22, 0x22, 0xb8, 0x22, 0x22, 0x10, 0x0, 0x0,
    0x0, 0xa7, 0x0, 0x0, 0x0, 0x0, 0x0, 0x0,
    0xa7, 0x0, 0x0, 0x0, 0x2, 0x22, 0x22, 0xb8,
    0x22, 0x22, 0x20, 0x1e, 0xee, 0xee, 0xff, 0xee,
    0xee, 0xe1, 0x0, 0x0, 0x2, 0xff, 0x10, 0x0,
    0x0, 0x0, 0x0, 0x9, 0xa9, 0x90, 0x0, 0x0,
    0x0, 0x0, 0x4f, 0x21, 0xe4, 0x0, 0x0, 0x0,
    0x4, 0xf6, 0x0, 0x4e, 0x40, 0x0, 0x1, 0x9f,
    0x50, 0x0, 0x5, 0xf8, 0x10, 0x2f, 0xa2, 0x0,
    0x0, 0x0, 0x2b, 0xf3, 0x2, 0x0, 0x0, 0x0,
    0x0, 0x0, 0x20,

    /* U+592B "夫" */
    0x0, 0x0, 0x0, 0x97, 0x0, 0x0, 0x0, 0x0,
    0x0, 0x0, 0x97, 0x0, 0x0, 0x0, 0x1, 0xdd,
    0xdd, 0xfe, 0xdd, 0xdd, 0x40, 0x0, 0x33, 0x33,
    0xb9, 0x33, 0x33, 0x10, 0x0, 0x0, 0x0, 0x97,
    0x0, 0x0, 0x0, 0x0, 0x0, 0x0, 0xa7, 0x0,
    0x0, 0x0, 0x1e, 0xee, 0xee, 0xff, 0xee, 0xee,
    0xe1, 0x2, 0x22, 0x24, 0xfe, 0x22, 0x22, 0x20,
    0x0, 0x0, 0x9, 0xbc, 0x60, 0x0, 0x0, 0x0,
    0x0, 0x5f, 0x33, 0xf3, 0x0, 0x0, 0x0, 0x7,
    0xf5, 0x0, 0x5e, 0x60, 0x0, 0x6, 0xdd, 0x30,
    0x0, 0x4, 0xdc, 0x71, 0x2c, 0x50, 0x0, 0x0,
    0x0, 0x5, 0xb2,

    /* U+5934 "头" */
    0x0, 0x3, 0x0, 0x9, 0x70, 0x0, 0x0, 0x0,
    0x1c, 0xd5, 0x9, 0x70, 0x0, 0x0, 0x0, 0x0,
    0x4e, 0x4a, 0x70, 0x0, 0x0, 0x1, 0x50, 0x0,
    0xa, 0x60, 0x0, 0x0, 0x2, 0xbe, 0x40, 0xb,
    0x50, 0x0, 0x0, 0x0, 0x5, 0xd1, 0xd, 0x40,
    0x0, 0x0, 0x1, 0x11, 0x21, 0x1e, 0x41, 0x11,
    0x10, 0x2d, 0xdd, 0xdd, 0xef, 0xdd, 0xdd, 0xd3,
    0x0, 0x0, 0x0, 0x89, 0x0, 0x0, 0x0, 0x0,
    0x0, 0x3, 0xf5, 0x91, 0x0, 0x0, 0x0, 0x0,
    0x3e, 0x60, 0x7e, 0x80, 0x0, 0x0, 0x29, 0xe5,
    0x0, 0x1, 0x9d, 0x30, 0xc, 0xe8, 0x10, 0x0,
    0x0, 0x5, 0xd0, 0x2, 0x0, 0x0, 0x0, 0x0,
    0x0, 0x0,

    /* U+5942 "奂" */
    0x0, 0x0, 0x8a, 0x0, 0x0, 0x0, 0x0, 0x0,
    0x3, 0xfd, 0xbb, 0xbb, 0x40, 0x0, 0x0, 0x3e,
    0x63, 0x33, 0x6e, 0x20, 0x0, 0x4, 0xf6, 0x0,
    0x1, 0xe4, 0x0, 0x0, 0x9, 0xce, 0xee, 0xee,
    0xfe, 0xe7, 0x0, 0x0, 0x87, 0x0, 0x88, 0x0,
    0x97, 0x0, 0x0, 0x87, 0x0, 0x88, 0x0, 0x97,
    0x0, 0x0, 0x87, 0x0, 0xa6, 0x0, 0x97, 0x0,
    0x1d, 0xee, 0xdd, 0xfe, 0xdd, 0xfe, 0xd2, 0x1,
    0x11, 0x2c, 0x97, 0xd3, 0x11, 0x10, 0x0, 0x2,
    0xca, 0x0, 0x7e, 0x30, 0x0, 0x3, 0xae, 0x60,
    0x0, 0x4, 0xdc, 0x50, 0x2c, 0x60, 0x0, 0x0,
    0x0, 0x6, 0xb2,

    /* U+5949 "奉" */
    0x0, 0x0, 0x0, 0x77, 0x0, 0x0, 0x0, 0x3,
    0xaa, 0xaa, 0xed, 0xaa, 0xaa, 0x40, 0x0, 0x22,
    0x23, 0xf3, 0x22, 0x22, 0x10, 0x0, 0xbd, 0xdd,
    0xfd, 0xdd, 0xda, 0x0, 0x0, 0x0, 0xe, 0x30,
    0x0, 0x0, 0x0, 0xd, 0xdd, 0xef, 0xdd, 0xdd,
    0xdd, 0xd0, 0x0, 0x6, 0xd1, 0x55, 0xb, 0x60,
    0x0, 0x0, 0x6e, 0x20, 0x88, 0x1, 0xd6, 0x0,
    0x1b, 0xc3, 0xee, 0xff, 0xee, 0x2a, 0xc2, 0x16,
    0x0, 0x0, 0x88, 0x0, 0x0, 0x41, 0x1, 0xee,
    0xee, 0xff, 0xee, 0xee, 0x0, 0x0, 0x0, 0x0,
    0x88, 0x0, 0x0, 0x0, 0x0, 0x0, 0x0, 0x88,
    0x0, 0x0, 0x0,

    /* U+5950 "奐" */
    0x0, 0x0, 0xa6, 0x0, 0x0, 0x0, 0x0, 0x0,
    0x7, 0xfd, 0xcc, 0xca, 0x0, 0x0, 0x0, 0x5e,
    0x20, 0x0, 0xc5, 0x0, 0x0, 0x8, 0xfe, 0xcc,
    0xcd, 0xfc, 0xcc, 0x30, 0x1a, 0xb7, 0x13, 0x41,
    0x51, 0x1c, 0x30, 0x0, 0x96, 0xb, 0x40, 0xb6,
    0xc, 0x30, 0x0, 0x96, 0x89, 0x13, 0xc, 0x5c,
    0x30, 0x0, 0x96, 0x50, 0x4c, 0x1, 0x1c, 0x30,
    0x2d, 0xfe, 0xdd, 0xef, 0xdd, 0xdf, 0xe9, 0x0,
    0x0, 0x1, 0xee, 0x70, 0x0, 0x0, 0x0, 0x0,
    0x4d, 0x91, 0xd8, 0x0, 0x0, 0x2, 0x6c, 0xd5,
    0x0, 0x1a, 0xe9, 0x52, 0x1c, 0x94, 0x0, 0x0,
    0x0, 0x17, 0xa5,

    /* U+5951 "契" */
    0x0, 0xb, 0x40, 0x0, 0x0, 0x0, 0x0, 0xa,
    0xae, 0xca, 0x6f, 0xff, 0xff, 0xf0, 0x2, 0x2c,
    0x62, 0x10, 0x3c, 0x1, 0xe0, 0x9, 0xcf, 0xdc,
    0x30, 0x69, 0x1, 0xe0, 0x0, 0xb, 0x40, 0x0,
    0xb4, 0x2, 0xc0, 0x1c, 0xcf, 0xdc, 0x77, 0xc0,
    0x5, 0xb0, 0x0, 0xb, 0x50, 0xab, 0x12, 0xce,
    0x60, 0x0, 0x4, 0x10, 0x95, 0x0, 0x21, 0x0,
    0x1, 0x11, 0x11, 0xc6, 0x11, 0x11, 0x10, 0x2d,
    0xdd, 0xde, 0xff, 0xed, 0xdd, 0xd2, 0x0, 0x0,
    0xa, 0x98, 0xa0, 0x0, 0x0, 0x0, 0x4, 0xcb,
    0x0, 0xac, 0x40, 0x0, 0x3b, 0xec, 0x50, 0x0,
    0x5, 0xcf, 0xc3, 0x4, 0x0, 0x0, 0x0, 0x0,
    0x1, 0x40,

    /* U+5965 "奥" */
    0x0, 0x0, 0x0, 0x53, 0x0, 0x0, 0x0, 0x0,
    0x34, 0x44, 0xe8, 0x44, 0x43, 0x0, 0x0, 0xca,
    0x99, 0xaa, 0x99, 0xac, 0x0, 0x0, 0xc2, 0x82,
    0x76, 0x57, 0x3c, 0x0, 0x0, 0xc2, 0x38, 0x87,
    0xa1, 0x3c, 0x0, 0x0, 0xc5, 0xbd, 0xfd, 0xbb,
    0x5c, 0x0, 0x0, 0xc2, 0x3c, 0xa7, 0xb3, 0x3c,
    0x0, 0x0, 0xc4, 0xa1, 0x65, 0x8, 0x3c, 0x0,
    0x1, 0x21, 0x11, 0xc7, 0x11, 0x22, 0x10, 0x2c,
    0xcc, 0xcd, 0xff, 0xdc, 0xcc, 0xc2, 0x0, 0x0,
    0xa, 0xa7, 0xb0, 0x0, 0x0, 0x0, 0x4, 0xcb,
    0x0, 0x9d, 0x50, 0x0, 0x3b, 0xec, 0x50, 0x0,
    0x4, 0xcf, 0xc3, 0x4, 0x0, 0x0, 0x0, 0x0,
    0x1, 0x40,

    /* U+5967 "奧" */
    0x0, 0x0, 0x0, 0x47, 0x0, 0x0, 0x0, 0x0,
    0x79, 0x99, 0xdc, 0x99, 0x99, 0x30, 0x0, 0xc7,
    0x44, 0x56, 0x79, 0x4c, 0x50, 0x0, 0xc3, 0x8b,
    0xbd, 0x78, 0x1b, 0x50, 0x0, 0xc3, 0x1a, 0x39,
    0x65, 0xb, 0x50, 0x0, 0xc4, 0xbb, 0xff, 0xbb,
    0x6b, 0x50, 0x0, 0xc3, 0x9, 0xbd, 0xc4, 0xb,
    0x50, 0x0, 0xc4, 0xc5, 0x38, 0x19, 0x5b, 0x50,
    0x0, 0x72, 0x0, 0x67, 0x0, 0x6, 0x30, 0x1e,
    0xee, 0xee, 0xff, 0xee, 0xee, 0xe6, 0x0, 0x0,
    0x7, 0xc7, 0xc0, 0x0, 0x0, 0x0, 0x5, 0xbc,
    0x10, 0x8e, 0x72, 0x0, 0x1d, 0xea, 0x50, 0x0,
    0x3, 0x9e, 0xf5, 0x0, 0x0, 0x0, 0x0, 0x0,
    0x0, 0x0,

    /* U+596D "奭" */
    0x0, 0x0, 0x0, 0x5a, 0x0, 0x0, 0x0, 0x0,
    0x0, 0x0, 0x5a, 0x0, 0x0, 0x0, 0x1f, 0xff,
    0xff, 0xff, 0xff, 0xff, 0xf6, 0x0, 0x0, 0x0,
    0x5a, 0x0, 0x0, 0x0, 0xb, 0xcf, 0xcc, 0x5a,
    0x8c, 0xec, 0xc3, 0x2, 0x8c, 0x72, 0x5a, 0x7,
    0xe7, 0x50, 0x6, 0x83, 0xa5, 0x6b, 0xd, 0x35,
    0xb0, 0x6, 0xc9, 0xc5, 0x8d, 0xe, 0x9a, 0xb0,
    0x6, 0x60, 0x85, 0xdd, 0x4c, 0x2, 0xb0, 0x4,
    0xbb, 0xbc, 0x94, 0xdc, 0xbb, 0x80, 0x0, 0x0,
    0x8c, 0x0, 0x8c, 0x10, 0x0, 0x0, 0x4c, 0xa0,
    0x0, 0x7, 0xe7, 0x10, 0x1d, 0xc5, 0x0, 0x0,
    0x0, 0x2a, 0xf4, 0x1, 0x0, 0x0, 0x0, 0x0,
    0x0, 0x10,

    /* U+5973 "女" */
    0x0, 0x0, 0x2, 0x80, 0x0, 0x0, 0x0, 0x0,
    0x0, 0x8, 0xa0, 0x0, 0x0, 0x0, 0x0, 0x0,
    0xd, 0x50, 0x0, 0x0, 0x0, 0x2, 0x22, 0x5f,
    0x32, 0x22, 0x22, 0x20, 0x2e, 0xee, 0xff, 0xee,
    0xef, 0xfe, 0xe3, 0x0, 0x1, 0xf3, 0x0, 0xd,
    0x50, 0x0, 0x0, 0x8, 0xb0, 0x0, 0x2f, 0x10,
    0x0, 0x0, 0x1f, 0x40, 0x0, 0x8b, 0x0, 0x0,
    0x0, 0x3d, 0xd6, 0x3, 0xf2, 0x0, 0x0, 0x0,
    0x0, 0x4b, 0xfe, 0x90, 0x0, 0x0, 0x0, 0x0,
    0x6, 0xed, 0xf9, 0x10, 0x0, 0x0, 0x48, 0xed,
    0x40, 0x3b, 0xf7, 0x0, 0x2f, 0xeb, 0x50, 0x0,
    0x0, 0x5e, 0xa0, 0x1, 0x0, 0x0, 0x0, 0x0,
    0x1, 0x10,

    /* U+5982 "如" */
    0x0, 0x0, 0x0, 0x0, 0x0, 0x0, 0x0, 0x4,
    0xc0, 0x0, 0x0, 0x0, 0x0, 0x0, 0x69, 0x0,
    0x5, 0x66, 0x66, 0x60, 0x9, 0x70, 0x0, 0xcb,
    0xaa, 0xbe, 0x8e, 0xff, 0xef, 0x6c, 0x30, 0x1,
    0xe0, 0xf, 0x10, 0xb4, 0xc3, 0x0, 0x1e, 0x3,
    0xc0, 0xe, 0x2c, 0x30, 0x1, 0xe0, 0x78, 0x1,
    0xf0, 0xc3, 0x0, 0x1e, 0xb, 0x60, 0x5b, 0xc,
    0x30, 0x1, 0xe0, 0x5e, 0x6b, 0x50, 0xc3, 0x0,
    0x1e, 0x0, 0x2d, 0xf0, 0xc, 0x30, 0x1, 0xe0,
    0x1, 0xde, 0xa0, 0xc4, 0x0, 0x2e, 0x3, 0xd9,
    0x1c, 0x3c, 0xfe, 0xee, 0xe5, 0xf8, 0x0, 0x0,
    0xc3, 0x0, 0x18, 0x2, 0x0, 0x0, 0x0, 0x0,
    0x0, 0x0,

    /* U+598A "妊" */
    0x0, 0x0, 0x0, 0x0, 0x0, 0x0, 0x0, 0x0,
    0x4b, 0x0, 0x0, 0x2, 0x6b, 0x90, 0x0, 0x69,
    0x0, 0x7c, 0xef, 0xa4, 0x0, 0x0, 0x97, 0x0,
    0x43, 0xe, 0x10, 0x0, 0x2e, 0xff, 0xeb, 0x0,
    0xe, 0x10, 0x0, 0x1, 0xf1, 0x5a, 0x0, 0xe,
    0x10, 0x0, 0x3, 0xc0, 0x78, 0x0, 0xe, 0x10,
    0x0, 0x7, 0x80, 0x97, 0xff, 0xff, 0xff, 0xf7,
    0xb, 0x70, 0xe2, 0x0, 0xe, 0x20, 0x0, 0x3,
    0xea, 0xe0, 0x0, 0xe, 0x10, 0x0, 0x0, 0x1d,
    0xc0, 0x0, 0xe, 0x10, 0x0, 0x0, 0x3f, 0xca,
    0x0, 0xe, 0x10, 0x0, 0x1, 0xd6, 0x1a, 0x0,
    0xe, 0x10, 0x0, 0xe, 0x80, 0x0, 0xdf, 0xff,
    0xff, 0xf3, 0x2, 0x0, 0x0, 0x0, 0x0, 0x0,
    0x0,

    /* U+5999 "妙" */
    0x0, 0x4a, 0x0, 0x0, 0xe, 0x10, 0x0, 0x0,
    0x69, 0x0, 0x0, 0xe, 0x10, 0x0, 0x0, 0x96,
    0x0, 0x5, 0xe, 0x17, 0x0, 0x2e, 0xff, 0xf9,
    0xf, 0xe, 0x19, 0x70, 0x1, 0xe1, 0x68, 0x2c,
    0xe, 0x12, 0xe0, 0x3, 0xb0, 0x86, 0x78, 0xe,
    0x10, 0xb5, 0x7, 0x70, 0xb3, 0xb3, 0xe, 0x10,
    0x31, 0xb, 0x80, 0xe0, 0x0, 0xe, 0x16, 0xb0,
    0x1, 0xcd, 0xa0, 0x0, 0x9, 0x1e, 0x30, 0x0,
    0xe, 0xd1, 0x0, 0x0, 0xc9, 0x0, 0x0, 0x8b,
    0x7a, 0x0, 0x4d, 0xa0, 0x0, 0x8, 0xd1, 0x2,
    0x7c, 0xe5, 0x0, 0x0, 0x9, 0x10, 0x5, 0x94,
    0x0, 0x0, 0x0,

    /* U+59CB "始" */
    0x0, 0x92, 0x0, 0x0, 0x93, 0x0, 0x0, 0x0,
    0xe0, 0x0, 0x4, 0xe0, 0x0, 0x0, 0x1, 0xe0,
    0x0, 0xb, 0x60, 0x91, 0x0, 0x9f, 0xfe, 0xf2,
    0x5c, 0x0, 0x7a, 0x0, 0x7, 0x80, 0xe2, 0xe5,
    0x45, 0x6e, 0x50, 0xa, 0x30, 0xe8, 0xec, 0xba,
    0x88, 0xd0, 0xe, 0x3, 0xc0, 0x0, 0x0, 0x0,
    0x30, 0x2e, 0x27, 0x80, 0xbc, 0xcc, 0xcc, 0x20,
    0x5, 0xee, 0x30, 0xe3, 0x22, 0x2d, 0x30, 0x0,
    0x6f, 0x40, 0xe1, 0x0, 0xc, 0x30, 0x0, 0xca,
    0xe2, 0xe1, 0x0, 0xc, 0x30, 0x8, 0xa0, 0x72,
    0xe4, 0x33, 0x3d, 0x30, 0x59, 0x0, 0x0, 0xeb,
    0xbb, 0xbe, 0x30,

    /* U+59D3 "姓" */
    0x0, 0x0, 0x0, 0x0, 0x0, 0x0, 0x0, 0x0,
    0xd3, 0x0, 0x11, 0x2e, 0x0, 0x0, 0x0, 0xf0,
    0x0, 0x96, 0x2e, 0x0, 0x0, 0x13, 0xe1, 0x10,
    0xc3, 0x2e, 0x0, 0x0, 0x8e, 0xfd, 0xf2, 0xfd,
    0xdf, 0xdd, 0xc0, 0x7, 0x70, 0xe6, 0xa2, 0x4e,
    0x22, 0x20, 0xb, 0x31, 0xdc, 0x30, 0x2e, 0x0,
    0x0, 0xe, 0x4, 0xb3, 0x0, 0x2e, 0x0, 0x0,
    0x2e, 0x38, 0x70, 0xbc, 0xdf, 0xcc, 0x70, 0x5,
    0xfe, 0x20, 0x22, 0x4e, 0x22, 0x10, 0x0, 0x6f,
    0x60, 0x0, 0x2e, 0x0, 0x0, 0x0, 0xd8, 0xe2,
    0x0, 0x2e, 0x0, 0x0, 0x9, 0xb0, 0x30, 0x0,
    0x2e, 0x0, 0x0, 0x7c, 0x10, 0xa, 0xff, 0xff,
    0xff, 0xf3, 0x10, 0x0, 0x0, 0x0, 0x0, 0x0,
    0x0,

    /* U+59FF "姿" */
    0x0, 0x0, 0x0, 0x33, 0x0, 0x0, 0x0, 0x7,
    0xd5, 0x0, 0xd6, 0x22, 0x22, 0x10, 0x0, 0x2b,
    0x47, 0xeb, 0xfd, 0xbd, 0xe0, 0x0, 0x0, 0x3e,
    0x10, 0xf4, 0xb, 0x60, 0x0, 0x18, 0x52, 0x7,
    0xdb, 0x6, 0x0, 0x8, 0xe7, 0x0, 0x8d, 0x16,
    0xb2, 0x0, 0x19, 0x10, 0xaf, 0x80, 0x0, 0x6d,
    0xc1, 0x0, 0x0, 0x3e, 0x50, 0x0, 0x0, 0x20,
    0x3e, 0xee, 0xff, 0xee, 0xef, 0xfe, 0xe3, 0x0,
    0x5, 0xe1, 0x0, 0x2e, 0x20, 0x0, 0x0, 0x1d,
    0xea, 0x64, 0xd5, 0x0, 0x0, 0x0, 0x0, 0x3a,
    0xfe, 0xfb, 0x62, 0x0, 0x1b, 0xce, 0xd9, 0x40,
    0x5, 0x9f, 0xc0, 0x3, 0x20, 0x0, 0x0, 0x0,
    0x0, 0x10,

    /* U+5A20 "娠" */
    0x0, 0x0, 0x0, 0x0, 0x0, 0x0, 0x0, 0x0,
    0xc2, 0x0, 0x0, 0x0, 0x0, 0x0, 0x0, 0xe0,
    0x0, 0xef, 0xff, 0xff, 0xf2, 0x1, 0xe1, 0x10,
    0xe1, 0x0, 0x0, 0x0, 0x3e, 0xfe, 0xf1, 0xe4,
    0xee, 0xee, 0xd0, 0x5, 0x90, 0xe0, 0xe1, 0x0,
    0x0, 0x0, 0x8, 0x60, 0xe0, 0xe3, 0x11, 0x11,
    0x10, 0xb, 0x32, 0xc0, 0xfd, 0xfd, 0xed, 0xd4,
    0xe, 0x5, 0x90, 0xf0, 0xd1, 0xa0, 0x61, 0xd,
    0x6a, 0x40, 0xf0, 0xd0, 0xaa, 0xa0, 0x1, 0xbf,
    0x11, 0xe0, 0xd0, 0x69, 0x0, 0x0, 0x8e, 0xa4,
    0xc0, 0xd0, 0x1d, 0x0, 0x4, 0xe1, 0x9a, 0x80,
    0xe6, 0x87, 0xb0, 0x4d, 0x30, 0xe, 0x24, 0xf9,
    0x10, 0x95, 0x1, 0x0, 0x2, 0x0, 0x10, 0x0,
    0x0,

    /* U+5A9A "媚" */
    0x0, 0x0, 0x0, 0x0, 0x0, 0x0, 0x0, 0xb,
    0x30, 0x0, 0x0, 0x0, 0x0, 0x0, 0xd1, 0x3,
    0xfe, 0xef, 0xee, 0xf0, 0xe, 0x0, 0x3a, 0x5,
    0xa0, 0xf, 0x3f, 0xfe, 0xe4, 0xd8, 0xbd, 0x89,
    0xf0, 0x5a, 0x1d, 0x3c, 0x44, 0x44, 0x44, 0x7,
    0x62, 0xc4, 0x9a, 0xcc, 0xcc, 0xb0, 0xb3, 0x5a,
    0x59, 0xd2, 0x11, 0x2e, 0xf, 0x19, 0x66, 0x8d,
    0xbb, 0xbb, 0xe0, 0x8d, 0xe1, 0x66, 0xd3, 0x22,
    0x3e, 0x0, 0x8f, 0x18, 0x4d, 0xaa, 0xaa, 0xe0,
    0xc, 0xca, 0xc1, 0xd4, 0x33, 0x4e, 0x7, 0xa0,
    0x7c, 0xd, 0x32, 0x23, 0xe3, 0xa0, 0x5, 0x60,
    0xdb, 0xbb, 0xbe,

    /* U+5B50 "子" */
    0x0, 0x0, 0x0, 0x0, 0x0, 0x0, 0x0, 0x0,
    0xaf, 0xff, 0xff, 0xff, 0xfe, 0x20, 0x0, 0x11,
    0x11, 0x11, 0x17, 0xe5, 0x0, 0x0, 0x0, 0x0,
    0x2, 0xbc, 0x20, 0x0, 0x0, 0x0, 0x0, 0x3f,
    0x60, 0x0, 0x0, 0x0, 0x0, 0x0, 0x4c, 0x0,
    0x0, 0x0, 0xb, 0xbb, 0xbb, 0xdf, 0xbb, 0xbb,
    0xb6, 0x4, 0x44, 0x44, 0x7d, 0x44, 0x44, 0x42,
    0x0, 0x0, 0x0, 0x4c, 0x0, 0x0, 0x0, 0x0,
    0x0, 0x0, 0x4c, 0x0, 0x0, 0x0, 0x0, 0x0,
    0x0, 0x4c, 0x0, 0x0, 0x0, 0x0, 0x0, 0x0,
    0x6c, 0x0, 0x0, 0x0, 0x0, 0x0, 0xef, 0xe6,
    0x0, 0x0, 0x0, 0x0, 0x0, 0x0, 0x0, 0x0,
    0x0, 0x0,

    /* U+5B57 "字" */
    0x0, 0x0, 0x0, 0x71, 0x0, 0x0, 0x0, 0x1,
    0x11, 0x11, 0xaa, 0x11, 0x11, 0x10, 0xd, 0xee,
    0xee, 0xee, 0xee, 0xef, 0xd0, 0xd, 0x20, 0x0,
    0x0, 0x0, 0x3, 0xd0, 0xb, 0x2b, 0xee, 0xee,
    0xef, 0x92, 0xb0, 0x0, 0x0, 0x0, 0x1, 0xbe,
    0x30, 0x0, 0x0, 0x0, 0x0, 0x2d, 0xb2, 0x0,
    0x0, 0x0, 0x0, 0x0, 0x9a, 0x10, 0x0, 0x0,
    0xf, 0xff, 0xff, 0xff, 0xff, 0xff, 0xf0, 0x0,
    0x0, 0x0, 0x88, 0x0, 0x0, 0x0, 0x0, 0x0,
    0x0, 0x88, 0x0, 0x0, 0x0, 0x0, 0x0, 0x0,
    0x98, 0x0, 0x0, 0x0, 0x0, 0x0, 0xbf, 0xe4,
    0x0, 0x0, 0x0,

    /* U+5B5A "孚" */
    0x0, 0x0, 0x12, 0x34, 0x68, 0xac, 0x30, 0x2,
    0xee, 0xdc, 0xba, 0x87, 0x53, 0x0, 0x0, 0x54,
    0x0, 0xb3, 0x0, 0x4d, 0x0, 0x0, 0x4d, 0x0,
    0x89, 0x0, 0xd4, 0x0, 0x0, 0xa, 0x20, 0x25,
    0x3, 0x80, 0x0, 0x0, 0x8e, 0xee, 0xee, 0xee,
    0xe5, 0x0, 0x0, 0x0, 0x0, 0x1, 0x7e, 0x70,
    0x0, 0x0, 0x0, 0x0, 0x1d, 0x91, 0x0, 0x0,
    0x1c, 0xcc, 0xcc, 0xdf, 0xcc, 0xcc, 0xc5, 0x2,
    0x22, 0x22, 0x5f, 0x22, 0x22, 0x21, 0x0, 0x0,
    0x0, 0x2e, 0x0, 0x0, 0x0, 0x0, 0x0, 0x0,
    0x3e, 0x0, 0x0, 0x0, 0x0, 0x0, 0x9f, 0xe9,
    0x0, 0x0, 0x0,

    /* U+5B66 "学" */
    0x0, 0x21, 0x0, 0x80, 0x0, 0x14, 0x0, 0x0,
    0x6c, 0x0, 0xa8, 0x0, 0x99, 0x0, 0x3, 0x3d,
    0x63, 0x6d, 0x35, 0xe4, 0x30, 0xd, 0xcb, 0xbb,
    0xbb, 0xbb, 0xbc, 0xf0, 0xd, 0x10, 0x0, 0x0,
    0x0, 0x0, 0xf0, 0x7, 0x1b, 0xee, 0xee, 0xef,
    0xa0, 0x80, 0x0, 0x0, 0x0, 0x6, 0xd9, 0x0,
    0x0, 0x0, 0x0, 0x0, 0x8b, 0x10, 0x0, 0x0,
    0x2e, 0xee, 0xee, 0xff, 0xee, 0xee, 0xe3, 0x0,
    0x0, 0x0, 0x98, 0x0, 0x0, 0x0, 0x0, 0x0,
    0x0, 0x87, 0x0, 0x0, 0x0, 0x0, 0x0, 0x0,
    0x97, 0x0, 0x0, 0x0, 0x0, 0x0, 0xef, 0xd3,
    0x0, 0x0, 0x0,

    /* U+5B70 "孰" */
    0x0, 0xd, 0x10, 0x0, 0x3b, 0x0, 0x0, 0x27,
    0x7d, 0xb7, 0x70, 0x3b, 0x0, 0x0, 0x26, 0x66,
    0x66, 0x72, 0x5c, 0x22, 0x0, 0x7, 0xcc, 0xcc,
    0x7d, 0xdf, 0xdf, 0x20, 0x9, 0x50, 0xb, 0x40,
    0x4b, 0xe, 0x20, 0x9, 0xc9, 0x9e, 0x41, 0x4a,
    0xe, 0x20, 0x2, 0x33, 0x33, 0x3e, 0xa9, 0xe,
    0x20, 0xc, 0xdd, 0xef, 0x33, 0xea, 0xe, 0x20,
    0x0, 0x6, 0xc3, 0x0, 0xdf, 0x5d, 0x20, 0x14,
    0x6d, 0xba, 0xa4, 0xd3, 0xcd, 0x30, 0x38, 0x7d,
    0x72, 0xc, 0x60, 0xb, 0x67, 0x0, 0xb, 0x40,
    0xab, 0x0, 0x9, 0xa5, 0x3, 0xde, 0x26, 0xa0,
    0x0, 0x4, 0xf1, 0x0, 0x0, 0x0, 0x0, 0x0,
    0x0, 0x0,

    /* U+5B78 "學" */
    0x0, 0x1, 0x40, 0x3, 0x10, 0x0, 0x0, 0x0,
    0xda, 0x62, 0xdd, 0x1b, 0xbe, 0x50, 0x0, 0xe8,
    0x86, 0x87, 0x48, 0x8e, 0x40, 0x0, 0xd4, 0x33,
    0x9b, 0x23, 0x3e, 0x30, 0x0, 0xcb, 0xa5, 0xcc,
    0x4a, 0xaf, 0x10, 0x7, 0xea, 0x9c, 0xaa, 0xa9,
    0x9f, 0x91, 0xc, 0x42, 0x22, 0x22, 0x22, 0x22,
    0xe2, 0xa, 0x18, 0xcc, 0xcc, 0xdf, 0x80, 0xb2,
    0x0, 0x0, 0x0, 0x29, 0xa4, 0x0, 0x0, 0xb,
    0xbb, 0xbb, 0xde, 0xbb, 0xbb, 0xb5, 0x2, 0x22,
    0x22, 0x7b, 0x22, 0x22, 0x21, 0x0, 0x0, 0x0,
    0x6a, 0x0, 0x0, 0x0, 0x0, 0x0, 0x5d, 0xe6,
    0x0, 0x0, 0x0,

    /* U+5B87 "宇" */
    0x0, 0x0, 0x5, 0x10, 0x0, 0x0, 0x0, 0x0,
    0x0, 0xb8, 0x0, 0x0, 0x0, 0xff, 0xee, 0xee,
    0xee, 0xee, 0xff, 0xf, 0x0, 0x0, 0x0, 0x0,
    0x1, 0xf0, 0xf2, 0xdd, 0xdd, 0xdd, 0xdd, 0x2f,
    0x0, 0x1, 0x11, 0x8a, 0x11, 0x10, 0x0, 0x0,
    0x0, 0x7, 0x90, 0x0, 0x0, 0x3, 0x33, 0x33,
    0x9b, 0x33, 0x33, 0x30, 0xcc, 0xcc, 0xce, 0xec,
    0xcc, 0xcc, 0x0, 0x0, 0x0, 0x79, 0x0, 0x0,
    0x0, 0x0, 0x0, 0x7, 0x90, 0x0, 0x0, 0x0,
    0x0, 0x0, 0x89, 0x0, 0x0, 0x0, 0x0, 0xe,
    0xfe, 0x50, 0x0, 0x0, 0x0,

    /* U+5B89 "安" */
    0x0, 0x0, 0x0, 0x80, 0x0, 0x0, 0x0, 0x0,
    0x0, 0x0, 0xc7, 0x0, 0x0, 0x0, 0xa, 0xff,
    0xff, 0xff, 0xff, 0xff, 0xb0, 0xa, 0x50, 0x1,
    0x50, 0x0, 0x6, 0xb0, 0x8, 0x40, 0x8, 0xb0,
    0x0, 0x4, 0x90, 0x0, 0x0, 0x1f, 0x40, 0x0,
    0x0, 0x0, 0xe, 0xee, 0xff, 0xee, 0xef, 0xfe,
    0xe1, 0x0, 0x3, 0xf2, 0x0, 0x2f, 0x20, 0x0,
    0x0, 0xd, 0xa0, 0x0, 0xa9, 0x0, 0x0, 0x0,
    0x6, 0xce, 0x98, 0xd0, 0x0, 0x0, 0x0, 0x0,
    0x4, 0xef, 0xd5, 0x0, 0x0, 0x0, 0x3, 0x9e,
    0x81, 0x6d, 0xd5, 0x0, 0x7, 0xfc, 0x81, 0x0,
    0x0, 0x6e, 0x70, 0x1, 0x10, 0x0, 0x0, 0x0,
    0x0, 0x0,

    /* U+5B8C "完" */
    0x0, 0x0, 0x0, 0xa2, 0x0, 0x0, 0x0, 0x0,
    0x0, 0x0, 0xaa, 0x0, 0x0, 0x0, 0xd, 0xff,
    0xff, 0xff, 0xff, 0xff, 0xd0, 0xd, 0x30, 0x0,
    0x0, 0x0, 0x3, 0xd0, 0xd, 0x3b, 0xdd, 0xdd,
    0xdd, 0xa3, 0xd0, 0x0, 0x1, 0x11, 0x11, 0x11,
    0x10, 0x0, 0x0, 0x0, 0x0, 0x0, 0x0, 0x0,
    0x0, 0x3e, 0xee, 0xff, 0xee, 0xff, 0xee, 0xe3,
    0x0, 0x0, 0x88, 0x0, 0xe2, 0x0, 0x0, 0x0,
    0x0, 0xb6, 0x0, 0xe2, 0x0, 0x0, 0x0, 0x2,
    0xf1, 0x0, 0xe2, 0x0, 0x73, 0x0, 0x3e, 0x70,
    0x0, 0xe2, 0x0, 0xb4, 0x2e, 0xc5, 0x0, 0x0,
    0x9f, 0xff, 0xd0, 0x1, 0x0, 0x0, 0x0, 0x0,
    0x0, 0x0,

    /* U+5B97 "宗" */
    0x0, 0x0, 0x0, 0x72, 0x0, 0x0, 0x0, 0x1,
    0x11, 0x11, 0x9a, 0x11, 0x11, 0x10, 0xe, 0xed,
    0xdd, 0xdd, 0xdd, 0xde, 0xf0, 0xe, 0x20, 0x0,
    0x0, 0x0, 0x1, 0xf0, 0xd, 0x2b, 0xee, 0xee,
    0xee, 0xa1, 0xe0, 0x0, 0x0, 0x0, 0x0, 0x0,
    0x0, 0x0, 0x0, 0x0, 0x0, 0x0, 0x0, 0x0,
    0x0, 0x1e, 0xee, 0xee, 0xff, 0xee, 0xee, 0xe1,
    0x0, 0x0, 0x0, 0x88, 0x0, 0x0, 0x0, 0x0,
    0x2e, 0x10, 0x88, 0x2, 0xd2, 0x0, 0x1, 0xd5,
    0x0, 0x88, 0x0, 0x6e, 0x10, 0x1e, 0x70, 0x0,
    0x98, 0x0, 0x8, 0xc0, 0x2, 0x0, 0x8f, 0xe4,
    0x0, 0x0, 0x30,

    /* U+5B98 "官" */
    0x0, 0x0, 0x4, 0x40, 0x0, 0x0, 0x33, 0x33,
    0x38, 0xc3, 0x33, 0x33, 0xfd, 0xcc, 0xcc, 0xcc,
    0xcc, 0xde, 0xf1, 0x0, 0x0, 0x0, 0x0, 0x2e,
    0x43, 0xfe, 0xee, 0xee, 0xef, 0x24, 0x2, 0xd0,
    0x0, 0x0, 0xe, 0x10, 0x2, 0xfc, 0xcc, 0xcc,
    0xcf, 0x10, 0x2, 0xe2, 0x22, 0x22, 0x22, 0x0,
    0x2, 0xe1, 0x11, 0x11, 0x11, 0x0, 0x2, 0xfd,
    0xdd, 0xdd, 0xde, 0x90, 0x2, 0xd0, 0x0, 0x0,
    0x7, 0x90, 0x2, 0xfa, 0xaa, 0xaa, 0xad, 0x90,
    0x2, 0xe3, 0x33, 0x33, 0x38, 0x90,

    /* U+5B9A "定" */
    0x0, 0x0, 0x1, 0x90, 0x0, 0x0, 0x0, 0x0,
    0x0, 0x0, 0xe5, 0x0, 0x0, 0x0, 0xe, 0xfe,
    0xee, 0xee, 0xee, 0xef, 0xe0, 0xe, 0x10, 0x0,
    0x0, 0x0, 0x2, 0xe0, 0xe, 0x23, 0x33, 0x33,
    0x33, 0x32, 0xe0, 0x0, 0x1c, 0xcc, 0xfd, 0xcc,
    0xa0, 0x0, 0x0, 0x1, 0x0, 0xd3, 0x0, 0x0,
    0x0, 0x0, 0x2e, 0x0, 0xd4, 0x0, 0x0, 0x0,
    0x0, 0x6c, 0x0, 0xdf, 0xee, 0xe6, 0x0, 0x0,
    0x9f, 0x20, 0xd3, 0x0, 0x0, 0x0, 0x0, 0xe7,
    0xc1, 0xd3, 0x0, 0x0, 0x0, 0x9, 0xa0, 0x7e,
    0xe6, 0x21, 0x0, 0x0, 0x4d, 0x10, 0x3, 0x9d,
    0xef, 0xff, 0xf4, 0x1, 0x0, 0x0, 0x0, 0x0,
    0x0, 0x0,

    /* U+5B9B "宛" */
    0x0, 0x0, 0x0, 0x44, 0x0, 0x0, 0x0, 0x0,
    0x0, 0x0, 0x5e, 0x10, 0x0, 0x0, 0xf, 0xee,
    0xee, 0xee, 0xee, 0xee, 0xf0, 0xf, 0x2, 0x20,
    0x0, 0x0, 0x1, 0xf0, 0x9, 0xb, 0x60, 0x0,
    0x33, 0x34, 0x90, 0x0, 0x3f, 0xee, 0xe4, 0xe7,
    0x7d, 0x30, 0x0, 0xc4, 0x2, 0xd2, 0xd0, 0xc,
    0x30, 0xc, 0x92, 0x8, 0x92, 0xd0, 0xc, 0x30,
    0x4b, 0x2d, 0x8d, 0x32, 0xd0, 0x2e, 0x20, 0x0,
    0x1, 0xd9, 0x2, 0xd1, 0xb9, 0x0, 0x0, 0x5,
    0xd1, 0x2, 0xd0, 0x0, 0x72, 0x1, 0x8d, 0x10,
    0x2, 0xe0, 0x0, 0xc3, 0x1e, 0x91, 0x0, 0x0,
    0xcf, 0xff, 0xc0, 0x1, 0x0, 0x0, 0x0, 0x0,
    0x0, 0x0,

    /* U+5B9C "宜" */
    0x0, 0x0, 0x0, 0x82, 0x0, 0x0, 0x0, 0x0,
    0x0, 0x0, 0x8a, 0x0, 0x0, 0x0, 0xd, 0xfe,
    0xee, 0xee, 0xee, 0xef, 0xd0, 0xd, 0x30, 0x0,
    0x0, 0x0, 0x3, 0xd0, 0xc, 0x28, 0xee, 0xee,
    0xee, 0x62, 0xc0, 0x0, 0x8, 0x70, 0x0, 0x9,
    0x70, 0x0, 0x0, 0x8, 0x70, 0x0, 0x9, 0x70,
    0x0, 0x0, 0x8, 0xed, 0xdd, 0xdf, 0x70, 0x0,
    0x0, 0x8, 0x70, 0x0, 0x9, 0x70, 0x0, 0x0,
    0x8, 0xfe, 0xee, 0xef, 0x70, 0x0, 0x0, 0x8,
    0x70, 0x0, 0x9, 0x70, 0x0, 0x0, 0x8, 0x70,
    0x0, 0x9, 0x70, 0x0, 0x3f, 0xff, 0xff, 0xff,
    0xff, 0xff, 0xf3,

    /* U+5B9D "宝" */
    0x0, 0x0, 0x0, 0xa3, 0x0, 0x0, 0x0, 0x0,
    0x0, 0x0, 0x7b, 0x0, 0x0, 0x0, 0xd, 0xff,
    0xff, 0xff, 0xff, 0xff, 0xd0, 0xd, 0x30, 0x0,
    0x0, 0x0, 0x3, 0xd0, 0xc, 0x30, 0x0, 0x0,
    0x0, 0x4, 0xc0, 0x0, 0xbe, 0xee, 0xff, 0xee,
    0xeb, 0x0, 0x0, 0x0, 0x0, 0x98, 0x0, 0x0,
    0x0, 0x0, 0x0, 0x0, 0x98, 0x0, 0x0, 0x0,
    0x0, 0x5e, 0xee, 0xff, 0xee, 0xe6, 0x0, 0x0,
    0x0, 0x0, 0x98, 0x29, 0x0, 0x0, 0x0, 0x0,
    0x0, 0x98, 0x8, 0xc0, 0x0, 0x0, 0x0, 0x0,
    0x98, 0x0, 0x84, 0x0, 0x1f, 0xff, 0xff, 0xff,
    0xff, 0xff, 0xf1,

    /* U+5B9E "实" */
    0x0, 0x0, 0x8, 0x30, 0x0, 0x0, 0x0, 0x0,
    0x0, 0x8b, 0x0, 0x0, 0x0, 0xbf, 0xee, 0xee,
    0xee, 0xee, 0xfc, 0xb, 0x41, 0x20, 0xa, 0x10,
    0x4, 0xc0, 0x93, 0x3e, 0x60, 0xf1, 0x0, 0x39,
    0x0, 0x20, 0x19, 0x1f, 0x0, 0x0, 0x0, 0x9,
    0xc2, 0x3, 0xe0, 0x0, 0x0, 0x0, 0x4, 0x60,
    0x6b, 0x0, 0x0, 0x0, 0xcc, 0xcc, 0xce, 0xec,
    0xcc, 0xcc, 0x11, 0x11, 0x15, 0xe3, 0x61, 0x11,
    0x10, 0x0, 0x5, 0xe5, 0x2b, 0xd6, 0x0, 0x2,
    0x6c, 0xd4, 0x0, 0x2, 0xad, 0x40, 0x7a, 0x50,
    0x0, 0x0, 0x0, 0x48, 0x0,

    /* U+5BA3 "宣" */
    0x0, 0x0, 0x0, 0x61, 0x0, 0x0, 0x0, 0x3,
    0x33, 0x33, 0xba, 0x33, 0x33, 0x30, 0xd, 0xcb,
    0xbb, 0xbb, 0xbb, 0xbc, 0xe0, 0xd, 0x20, 0x0,
    0x0, 0x0, 0x2, 0xe0, 0x6, 0x3d, 0xdd, 0xdd,
    0xdd, 0xd3, 0x70, 0x0, 0x1, 0x11, 0x11, 0x11,
    0x10, 0x0, 0x0, 0xe, 0xbb, 0xbb, 0xbc, 0xe0,
    0x0, 0x0, 0xe, 0x10, 0x0, 0x2, 0xe0, 0x0,
    0x0, 0xe, 0xdc, 0xcc, 0xcd, 0xe0, 0x0, 0x0,
    0xe, 0x10, 0x0, 0x2, 0xe0, 0x0, 0x0, 0xc,
    0xdd, 0xdd, 0xdd, 0xb0, 0x0, 0x0, 0x0, 0x0,
    0x0, 0x0, 0x0, 0x0, 0x1e, 0xee, 0xee, 0xee,
    0xee, 0xee, 0xe1,

    /* U+5BAB "宫" */
    0x0, 0x0, 0x9, 0x10, 0x0, 0x0, 0x11, 0x11,
    0x1b, 0x91, 0x11, 0x11, 0xef, 0xff, 0xff, 0xff,
    0xff, 0xfc, 0xe2, 0x0, 0x0, 0x0, 0x0, 0x4c,
    0xb1, 0xed, 0xdd, 0xdd, 0xed, 0x3a, 0x0, 0xf0,
    0x0, 0x0, 0x1e, 0x0, 0x0, 0xf3, 0x33, 0x33,
    0x4e, 0x0, 0x0, 0xaa, 0xaa, 0xaa, 0xa9, 0x0,
    0x1, 0x11, 0x11, 0x11, 0x11, 0x10, 0xc, 0xdc,
    0xcc, 0xcc, 0xcd, 0xd0, 0xc, 0x20, 0x0, 0x0,
    0x2, 0xd0, 0xc, 0x41, 0x11, 0x11, 0x14, 0xd0,
    0xc, 0xdc, 0xcc, 0xcc, 0xcd, 0xd0,

    /* U+5BAE "宮" */
    0x0, 0x0, 0x8, 0x10, 0x0, 0x0, 0x23, 0x33,
    0x3d, 0x93, 0x33, 0x32, 0xec, 0xcc, 0xcc, 0xcc,
    0xcc, 0xce, 0xe1, 0x0, 0x0, 0x0, 0x0, 0x2e,
    0xe1, 0xed, 0xdd, 0xdd, 0xdc, 0x2e, 0x0, 0xe1,
    0x0, 0x0, 0x4c, 0x0, 0x0, 0xec, 0xcc, 0xcc,
    0xdc, 0x0, 0x0, 0x11, 0x2f, 0x51, 0x11, 0x0,
    0x2, 0x33, 0x7e, 0x33, 0x33, 0x20, 0xb, 0xcb,
    0xbb, 0xbb, 0xbc, 0xc0, 0xb, 0x20, 0x0, 0x0,
    0x2, 0xc0, 0xb, 0x53, 0x33, 0x33, 0x35, 0xc0,
    0xb, 0xbb, 0xbb, 0xbb, 0xbb, 0xc0,

    /* U+5BB6 "家" */
    0x0, 0x0, 0x0, 0x0, 0x0, 0x0, 0x0, 0x0,
    0x0, 0x0, 0xd4, 0x0, 0x0, 0x0, 0xa, 0xbb,
    0xbb, 0xee, 0xbb, 0xbb, 0xa0, 0xe, 0x53, 0x33,
    0x33, 0x33, 0x35, 0xe0, 0xe, 0x10, 0x0, 0x0,
    0x0, 0x2, 0xe0, 0x2, 0x2e, 0xee, 0xff, 0xee,
    0xe0, 0x20, 0x0, 0x0, 0x4c, 0xc0, 0x0, 0x23,
    0x0, 0x3, 0x8c, 0x83, 0xd3, 0x5, 0xe6, 0x0,
    0x6, 0x50, 0x19, 0xcd, 0xae, 0x20, 0x0, 0x0,
    0x5a, 0xc4, 0x1f, 0x7d, 0x40, 0x0, 0xa, 0x93,
    0x5, 0xdd, 0x64, 0xd0, 0x0, 0x0, 0x17, 0xd8,
    0xa, 0x60, 0xab, 0x0, 0xb, 0xe8, 0x20, 0x2e,
    0x30, 0xa, 0xe3, 0x3, 0x0, 0x3f, 0xf8, 0x0,
    0x0, 0x30, 0x0, 0x0, 0x0, 0x0, 0x0, 0x0,
    0x0,

    /* U+5BB8 "宸" */
    0x0, 0x0, 0x0, 0x0, 0x0, 0x0, 0x0, 0x0,
    0x0, 0x0, 0x98, 0x0, 0x0, 0x0, 0xb, 0xbb,
    0xbb, 0xdf, 0xbb, 0xbb, 0xb0, 0xf, 0x32, 0x22,
    0x22, 0x22, 0x23, 0xf0, 0xb, 0x11, 0x11, 0x11,
    0x11, 0x12, 0xb0, 0x0, 0xcd, 0xcc, 0xcc, 0xcc,
    0xcb, 0x0, 0x0, 0xc4, 0x22, 0x22, 0x22, 0x21,
    0x0, 0x0, 0xc5, 0xbb, 0xbb, 0xbb, 0xb5, 0x0,
    0x0, 0xd6, 0x33, 0x33, 0x33, 0x33, 0x30, 0x0,
    0xfb, 0xed, 0xbf, 0xba, 0xab, 0xa0, 0x1, 0xf0,
    0x96, 0x8, 0x90, 0x7d, 0x10, 0x5, 0xc0, 0x96,
    0x0, 0xcd, 0x80, 0x0, 0xb, 0x60, 0xb6, 0x25,
    0x4b, 0xc5, 0x0, 0x4d, 0x2, 0xff, 0xb8, 0x20,
    0x5b, 0xf3, 0x2, 0x0, 0x30, 0x0, 0x0, 0x0,
    0x0,

    /* U+5BB9 "容" */
    0x0, 0x0, 0x0, 0x72, 0x0, 0x0, 0x0, 0x3,
    0x33, 0x33, 0xbb, 0x33, 0x33, 0x30, 0xe, 0xbb,
    0xbb, 0xbb, 0xbb, 0xbc, 0xd0, 0xe, 0x10, 0x93,
    0x0, 0x43, 0x3, 0xd0, 0x4, 0x1b, 0x90, 0x23,
    0x3c, 0x92, 0x40, 0x5, 0xe7, 0x1, 0xdd, 0x10,
    0x8d, 0x20, 0x3, 0x20, 0x3d, 0x55, 0xd4, 0x4,
    0x10, 0x0, 0x18, 0xd2, 0x0, 0x2c, 0x92, 0x0,
    0x19, 0xff, 0xdc, 0xcc, 0xcc, 0xff, 0xa1, 0x3b,
    0x2f, 0x32, 0x22, 0x24, 0xe1, 0x80, 0x0, 0xf,
    0x0, 0x0, 0x2, 0xe0, 0x0, 0x0, 0xf, 0x10,
    0x0, 0x3, 0xe0, 0x0, 0x0, 0xf, 0xed, 0xdd,
    0xde, 0xd0, 0x0,

    /* U+5BBD "宽" */
    0x0, 0x0, 0x0, 0x0, 0x0, 0x0, 0x0, 0x0,
    0x0, 0x0, 0xa5, 0x0, 0x0, 0x0, 0xb, 0xbb,
    0xbb, 0xde, 0xbb, 0xbb, 0x90, 0xe, 0x32, 0x37,
    0x22, 0x74, 0x24, 0xc0, 0xc, 0x46, 0x8e, 0x66,
    0xe9, 0x65, 0xa0, 0x0, 0x47, 0x9e, 0x77, 0xea,
    0x74, 0x0, 0x0, 0x0, 0x17, 0x0, 0x73, 0x0,
    0x0, 0x0, 0x1e, 0xee, 0xee, 0xee, 0xe2, 0x0,
    0x0, 0x1f, 0x0, 0x50, 0x0, 0xe2, 0x0, 0x0,
    0x1f, 0x0, 0xb1, 0x0, 0xe2, 0x0, 0x0, 0x1f,
    0x0, 0xd8, 0x10, 0xe2, 0x0, 0x0, 0x18, 0x9,
    0x8e, 0x20, 0x61, 0xa3, 0x0, 0x5, 0xca, 0xe,
    0x20, 0x0, 0xd2, 0x2b, 0xea, 0x30, 0x9, 0xfe,
    0xef, 0xb0, 0x4, 0x0, 0x0, 0x0, 0x0, 0x0,
    0x0,

    /* U+5BBE "宾" */
    0x0, 0x0, 0x0, 0x62, 0x0, 0x0, 0x0, 0x1,
    0x11, 0x11, 0xab, 0x11, 0x11, 0x10, 0xe, 0xed,
    0xdd, 0xdd, 0xdd, 0xde, 0xe0, 0xe, 0x20, 0x0,
    0x0, 0x14, 0x62, 0xe0, 0xb, 0x28, 0xab, 0xdd,
    0xb9, 0x73, 0xb0, 0x0, 0xf, 0x30, 0x0, 0x0,
    0x0, 0x0, 0x0, 0xf, 0xfe, 0xee, 0xee, 0xee,
    0x30, 0x0, 0xf, 0x10, 0x0, 0x3d, 0x0, 0x0,
    0x0, 0xf, 0x10, 0x0, 0x3d, 0x0, 0x0, 0x1e,
    0xef, 0xee, 0xee, 0xef, 0xee, 0xe1, 0x0, 0x1,
    0x82, 0x0, 0x47, 0x0, 0x0, 0x1, 0x8e, 0x80,
    0x0, 0x19, 0xe8, 0x10, 0xd, 0xa2, 0x0, 0x0,
    0x0, 0x19, 0xc0, 0x0, 0x0, 0x0, 0x0, 0x0,
    0x0, 0x0,

    /* U+5BBF "宿" */
    0x0, 0x0, 0x0, 0x0, 0x0, 0x0, 0x0, 0x0,
    0x0, 0xd, 0x40, 0x0, 0x0, 0xa, 0xbb, 0xbb,
    0xee, 0xbb, 0xbb, 0x90, 0xe4, 0x32, 0x22, 0x22,
    0x22, 0x6c, 0x9, 0x1a, 0x60, 0x0, 0x0, 0x1,
    0x40, 0x3, 0xf4, 0xff, 0xff, 0xff, 0xff, 0x0,
    0xc8, 0x0, 0x0, 0xf1, 0x0, 0x0, 0xaf, 0x70,
    0x9e, 0xef, 0xee, 0xe3, 0x6e, 0xa7, 0xa, 0x50,
    0x0, 0xc, 0x42, 0x38, 0x70, 0xa5, 0x0, 0x0,
    0xc4, 0x0, 0x87, 0xa, 0xed, 0xdd, 0xdf, 0x40,
    0x8, 0x70, 0xa5, 0x0, 0x0, 0xc4, 0x0, 0x87,
    0xa, 0xdc, 0xcc, 0xcf, 0x40, 0x8, 0x70, 0xa6,
    0x11, 0x11, 0xc3,

    /* U+5BC2 "寂" */
    0x0, 0x0, 0x0, 0x54, 0x0, 0x0, 0x0, 0x2,
    0x33, 0x33, 0x9e, 0x33, 0x33, 0x30, 0xc, 0xcb,
    0xbb, 0xbb, 0xbb, 0xbb, 0xf2, 0xc, 0x24, 0x40,
    0x0, 0x0, 0x0, 0xc1, 0x0, 0x7, 0xed, 0xc5,
    0xfe, 0xef, 0xd0, 0x0, 0x7, 0x80, 0x0, 0xd1,
    0x4, 0xa0, 0x0, 0x7, 0x70, 0x0, 0x95, 0x8,
    0x60, 0x1e, 0xef, 0xfe, 0xe8, 0x5a, 0xd, 0x20,
    0x0, 0x43, 0xb1, 0x20, 0xd, 0x6a, 0x0, 0x4,
    0xa3, 0xb3, 0xe1, 0x8, 0xf2, 0x0, 0xc, 0x43,
    0xb0, 0xa7, 0x1c, 0xe6, 0x0, 0x7, 0x3, 0xb0,
    0x6, 0xe6, 0x2e, 0x80, 0x0, 0xae, 0x70, 0x5b,
    0x30, 0x2, 0xb5, 0x0, 0x0, 0x0, 0x0, 0x0,
    0x0, 0x0,

    /* U+5BC6 "密" */
    0x0, 0x0, 0x0, 0x0, 0x0, 0x0, 0x0, 0x0,
    0x0, 0x0, 0xe2, 0x0, 0x0, 0x0, 0xb, 0xcc,
    0xcc, 0xfd, 0xcc, 0xcc, 0xc0, 0xe, 0x42, 0x39,
    0x32, 0x22, 0x23, 0xf0, 0xe, 0x10, 0x26, 0xd4,
    0x2d, 0x20, 0xf0, 0x0, 0xa2, 0xd1, 0x26, 0xe5,
    0x66, 0x0, 0x5, 0xc0, 0xd2, 0x9d, 0x41, 0x5d,
    0x60, 0x1e, 0x21, 0xee, 0x80, 0x4, 0xb2, 0xe3,
    0x17, 0xbe, 0xbe, 0xdd, 0xde, 0x50, 0x20, 0x18,
    0x30, 0x0, 0x83, 0x0, 0x1, 0x0, 0x0, 0xb3,
    0x0, 0xc4, 0x0, 0x1e, 0x0, 0x0, 0xb3, 0x0,
    0xc4, 0x0, 0x1e, 0x0, 0x0, 0xbc, 0xbb, 0xfc,
    0xbb, 0xce, 0x0, 0x0, 0x23, 0x33, 0x33, 0x33,
    0x5e, 0x0,

    /* U+5BD0 "寐" */
    0x0, 0x0, 0x0, 0x0, 0x0, 0x0, 0x0, 0x0,
    0x0, 0x0, 0x9a, 0x0, 0x0, 0x0, 0xb, 0xbb,
    0xbb, 0xdf, 0xbb, 0xbb, 0xb0, 0xf, 0x22, 0x72,
    0x22, 0x27, 0x22, 0xf0, 0x4, 0x10, 0xf0, 0x0,
    0x1e, 0x0, 0x30, 0x6, 0x70, 0xf0, 0x99, 0x9f,
    0x99, 0x60, 0x6, 0x70, 0xf0, 0x55, 0x6f, 0x55,
    0x40, 0x6, 0xee, 0xf0, 0x11, 0x2e, 0x11, 0x10,
    0x0, 0x0, 0xf4, 0xcc, 0xef, 0xdc, 0xc1, 0x3d,
    0xdd, 0xf0, 0x2, 0xdf, 0xc0, 0x0, 0x5, 0xa0,
    0xf0, 0xc, 0x5e, 0x69, 0x0, 0x8, 0x70, 0xf1,
    0xc8, 0x1e, 0xc, 0x80, 0xd, 0x20, 0xfb, 0x80,
    0x1e, 0x0, 0xc3, 0x49, 0x0, 0xf1, 0x0, 0x1e,
    0x0, 0x0, 0x0, 0x0, 0x0, 0x0, 0x0, 0x0,
    0x0,

    /* U+5BD3 "寓" */
    0x0, 0x0, 0xb, 0x10, 0x0, 0x0, 0x78, 0x88,
    0x8e, 0xc8, 0x88, 0x86, 0xd6, 0x55, 0x55, 0x55,
    0x55, 0x8b, 0xc5, 0xcc, 0xcc, 0xcc, 0xcc, 0x5a,
    0x5, 0x80, 0xc, 0x30, 0xe, 0x10, 0x5, 0xdb,
    0xbe, 0xcb, 0xbf, 0x10, 0x5, 0xb6, 0x6d, 0x86,
    0x6f, 0x10, 0x1, 0x44, 0x4d, 0x74, 0x44, 0x0,
    0x4d, 0xdd, 0xdf, 0xed, 0xdd, 0xd1, 0x4a, 0x0,
    0xc, 0x34, 0x60, 0xe1, 0x4a, 0x6b, 0xcf, 0xed,
    0xe2, 0xe1, 0x4a, 0x12, 0x21, 0x0, 0x32, 0xe1,
    0x4a, 0x0, 0x0, 0x0, 0x5d, 0xd0, 0x0, 0x0,
    0x0, 0x0, 0x0, 0x0,

    /* U+5BE5 "寥" */
    0x0, 0x0, 0x0, 0x0, 0x0, 0x0, 0x0, 0x0,
    0x0, 0x0, 0xd9, 0x0, 0x0, 0x0, 0xf, 0xee,
    0xee, 0xee, 0xee, 0xee, 0xf2, 0xf, 0x0, 0x0,
    0x0, 0x0, 0x0, 0xc2, 0x9, 0xdc, 0xcf, 0x15,
    0xdc, 0xdd, 0x81, 0x0, 0x7a, 0xc, 0x10, 0x89,
    0x2d, 0x0, 0x0, 0x19, 0xbf, 0x32, 0x2a, 0xcd,
    0x0, 0x6, 0xb6, 0x1d, 0xee, 0xd4, 0x1c, 0x0,
    0x0, 0x16, 0xd9, 0x12, 0x9d, 0x83, 0x0, 0x3c,
    0xd8, 0x47, 0xb4, 0x1, 0x7b, 0xe6, 0x2, 0x9,
    0x84, 0x16, 0xc1, 0x0, 0x0, 0x0, 0x27, 0xab,
    0xa5, 0x1, 0x94, 0x0, 0x0, 0x14, 0x11, 0x36,
    0xbc, 0x60, 0x0, 0x1, 0xac, 0xdb, 0x96, 0x20,
    0x0, 0x0, 0x0, 0x30, 0x0, 0x0, 0x0, 0x0,
    0x0,

    /* U+5BE6 "實" */
    0x0, 0x0, 0x0, 0x74, 0x0, 0x0, 0x0, 0x5,
    0x88, 0x88, 0xae, 0x88, 0x88, 0x81, 0xa, 0x85,
    0x55, 0x55, 0x55, 0x55, 0xe1, 0x7, 0x3a, 0xb9,
    0xae, 0x99, 0xd5, 0xa1, 0x1b, 0xbf, 0x98, 0xad,
    0x88, 0xdc, 0xb6, 0x0, 0xf, 0xaa, 0xcd, 0xaa,
    0xe2, 0x0, 0x0, 0x15, 0x55, 0x55, 0x55, 0x54,
    0x0, 0x0, 0x3e, 0x55, 0x55, 0x55, 0x8b, 0x0,
    0x0, 0x3e, 0x99, 0x99, 0x99, 0xbb, 0x0, 0x0,
    0x3e, 0x88, 0x88, 0x88, 0xbb, 0x0, 0x0, 0x3e,
    0x99, 0x99, 0x99, 0xbb, 0x0, 0x0, 0x14, 0x9c,
    0x10, 0x7c, 0x83, 0x0, 0x6, 0xc8, 0x40, 0x0,
    0x0, 0x5a, 0xa0,

    /* U+5BEB "寫" */
    0x0, 0x0, 0x0, 0x0, 0x0, 0x0, 0x0, 0x0,
    0x0, 0xa, 0x30, 0x0, 0x0, 0xc, 0xdd, 0xdd,
    0xee, 0xdd, 0xdd, 0xa0, 0xf1, 0x11, 0x54, 0x11,
    0x11, 0x4c, 0x9, 0x2b, 0xc9, 0x39, 0xcc, 0xc3,
    0x80, 0x3, 0xc0, 0x0, 0x0, 0xe, 0x10, 0x0,
    0x3f, 0xcc, 0x67, 0xcc, 0xf1, 0x0, 0x3, 0xc3,
    0x33, 0x33, 0x3e, 0x10, 0x0, 0x18, 0xeb, 0x77,
    0x77, 0x70, 0x0, 0x0, 0xaf, 0xba, 0xaa, 0xaa,
    0xa3, 0x6, 0xd9, 0x45, 0x35, 0x56, 0x3c, 0x41,
    0xa2, 0x96, 0x85, 0xd2, 0xd1, 0xd3, 0x0, 0x2e,
    0x15, 0x89, 0x43, 0x2f, 0x10, 0x3, 0x50, 0x13,
    0x1, 0xee, 0x90, 0x0, 0x0, 0x0, 0x0, 0x0,
    0x0, 0x0,

    /* U+5BF6 "寶" */
    0x0, 0x0, 0x0, 0x45, 0x0, 0x0, 0x0, 0x9,
    0x99, 0x99, 0xbe, 0x99, 0x99, 0x91, 0xf, 0x44,
    0x44, 0x45, 0xa4, 0x44, 0xf2, 0x2, 0xab, 0xfa,
    0x7b, 0xad, 0xa9, 0x10, 0x0, 0x67, 0xe6, 0x3a,
    0x7d, 0x89, 0x60, 0x7, 0xab, 0xeb, 0x89, 0x9d,
    0xad, 0x40, 0x1, 0x36, 0x66, 0x67, 0x77, 0x75,
    0x0, 0x0, 0x5d, 0x55, 0x55, 0x55, 0x99, 0x0,
    0x0, 0x5e, 0x99, 0x99, 0x99, 0xc9, 0x0, 0x0,
    0x5e, 0x88, 0x88, 0x88, 0xb9, 0x0, 0x0, 0x5e,
    0x99, 0x99, 0x99, 0xc9, 0x0, 0x0, 0x38, 0xda,
    0x0, 0x7d, 0xa5, 0x0, 0xb, 0xa6, 0x10, 0x0,
    0x0, 0x4a, 0xb0,

    /* U+5BF8 "寸" */
    0x0, 0x0, 0x0, 0x0, 0xe, 0x20, 0x0, 0x0,
    0x0, 0x0, 0x0, 0xe, 0x20, 0x0, 0x0, 0x0,
    0x0, 0x0, 0xe, 0x20, 0x0, 0x1f, 0xff, 0xff,
    0xff, 0xff, 0xff, 0xf7, 0x1, 0x11, 0x11, 0x11,
    0x1f, 0x31, 0x10, 0x0, 0x4, 0x0, 0x0, 0xe,
    0x20, 0x0, 0x0, 0x2e, 0x40, 0x0, 0xe, 0x20,
    0x0, 0x0, 0x4, 0xf2, 0x0, 0xe, 0x20, 0x0,
    0x0, 0x0, 0x9b, 0x0, 0xe, 0x20, 0x0, 0x0,
    0x0, 0x15, 0x0, 0xe, 0x20, 0x0, 0x0, 0x0,
    0x0, 0x0, 0xe, 0x20, 0x0, 0x0, 0x0, 0x0,
    0x22, 0x2f, 0x20, 0x0, 0x0, 0x0, 0x0, 0xff,
    0xea, 0x0, 0x0,

    /* U+5BF9 "对" */
    0x0, 0x0, 0x0, 0x0, 0x0, 0x1e, 0x0, 0x0,
    0x0, 0x0, 0x0, 0x0, 0x1e, 0x0, 0xd, 0xdd,
    0xde, 0x70, 0x0, 0x1e, 0x0, 0x3, 0x33, 0x3c,
    0x62, 0x22, 0x4e, 0x21, 0x0, 0x0, 0xe, 0x4d,
    0xdd, 0xdf, 0xd8, 0x5, 0x60, 0x2f, 0x0, 0x0,
    0x1e, 0x0, 0x2, 0xe8, 0x6b, 0x6, 0x30, 0x1e,
    0x0, 0x0, 0x1d, 0xf6, 0x4, 0xc0, 0x1e, 0x0,
    0x0, 0x4, 0xf8, 0x0, 0xc4, 0x1e, 0x0, 0x0,
    0xd, 0x9e, 0x50, 0x43, 0x1e, 0x0, 0x0, 0x8c,
    0x4, 0xd0, 0x0, 0x1e, 0x0, 0x9, 0xe2, 0x0,
    0x0, 0x1, 0x3e, 0x0, 0x1c, 0x10, 0x0, 0x0,
    0x2f, 0xf8, 0x0, 0x0, 0x0, 0x0, 0x0, 0x0,
    0x0, 0x0,

    /* U+5BFA "寺" */
    0x0, 0x0, 0x0, 0x6a, 0x0, 0x0, 0x0, 0x0,
    0x0, 0x0, 0x6b, 0x0, 0x0, 0x0, 0x0, 0xdf,
    0xff, 0xff, 0xff, 0xff, 0x70, 0x0, 0x0, 0x0,
    0x6a, 0x0, 0x0, 0x0, 0x1, 0x11, 0x11, 0x7b,
    0x11, 0x11, 0x10, 0x1e, 0xee, 0xee, 0xee, 0xef,
    0xfe, 0xe7, 0x0, 0x0, 0x0, 0x0, 0xd, 0x30,
    0x0, 0x9, 0xcc, 0xcc, 0xcc, 0xcf, 0xdc, 0xc3,
    0x2, 0x36, 0x43, 0x33, 0x3e, 0x63, 0x30, 0x0,
    0x9, 0xc0, 0x0, 0xd, 0x30, 0x0, 0x0, 0x0,
    0xb9, 0x0, 0xd, 0x30, 0x0, 0x0, 0x0, 0x17,
    0x0, 0xe, 0x30, 0x0, 0x0, 0x0, 0x0, 0x2f,
    0xfc, 0x0, 0x0,

    /* U+5BFB "寻" */
    0x0, 0x8d, 0xdd, 0xdd, 0xdd, 0xf7, 0x0, 0x0,
    0x0, 0x0, 0x0, 0x0, 0xa7, 0x0, 0x0, 0x2d,
    0xdd, 0xdd, 0xdd, 0xf7, 0x0, 0x0, 0x0, 0x0,
    0x0, 0x0, 0xa7, 0x0, 0x0, 0x8d, 0xdd, 0xdd,
    0xdd, 0xf7, 0x0, 0x0, 0x0, 0x0, 0x0, 0xc,
    0x30, 0x0, 0xb, 0xbb, 0xbb, 0xbb, 0xbf, 0xcb,
    0xb4, 0x4, 0x45, 0xa4, 0x44, 0x4e, 0x74, 0x41,
    0x0, 0x1, 0xd7, 0x0, 0xd, 0x30, 0x0, 0x0,
    0x0, 0x1e, 0x30, 0xd, 0x30, 0x0, 0x0, 0x0,
    0x3, 0x0, 0xe, 0x30, 0x0, 0x0, 0x0, 0x0,
    0x1f, 0xfc, 0x0, 0x0,

    /* U+5C01 "封" */
    0x0, 0x1, 0x0, 0x0, 0x0, 0x0, 0x0, 0x0,
    0x9, 0x60, 0x0, 0x0, 0xf, 0x0, 0x0, 0x9,
    0x60, 0x0, 0x0, 0xf, 0x0, 0xe, 0xff, 0xff,
    0xa0, 0x0, 0xf, 0x0, 0x0, 0x9, 0x60, 0x6,
    0x77, 0x7f, 0x73, 0x0, 0xa, 0x60, 0x7, 0x88,
    0x8f, 0x93, 0x5e, 0xee, 0xee, 0xe0, 0x0, 0xf,
    0x0, 0x0, 0x7, 0x40, 0x1, 0xe0, 0xf, 0x0,
    0x0, 0x9, 0x60, 0x0, 0xa6, 0xf, 0x0, 0xf,
    0xff, 0xff, 0xc0, 0x4d, 0xf, 0x0, 0x0, 0x9,
    0x60, 0x0, 0x4, 0xf, 0x0, 0x0, 0x9, 0x74,
    0x61, 0x0, 0xf, 0x0, 0x4a, 0xdf, 0xda, 0x81,
    0x0, 0x1f, 0x0, 0x25, 0x20, 0x0, 0x0, 0x1f,
    0xfa, 0x0, 0x0, 0x0, 0x0, 0x0, 0x0, 0x0,
    0x0,

    /* U+5C06 "将" */
    0x0, 0xe, 0x10, 0x1, 0xd3, 0x0, 0x0, 0x0,
    0xe1, 0x1, 0xdf, 0xdd, 0xd6, 0x4b, 0xe, 0x17,
    0xd5, 0x0, 0x3e, 0x10, 0xa9, 0xe2, 0x81, 0xd3,
    0x3e, 0x50, 0x1, 0xbf, 0x10, 0x4, 0xfe, 0x30,
    0x0, 0x0, 0xe1, 0x5b, 0xf8, 0x19, 0x20, 0x0,
    0xe, 0x18, 0x51, 0x0, 0xc3, 0x0, 0x9, 0xf5,
    0xee, 0xee, 0xef, 0xfd, 0x1b, 0xae, 0x11, 0x60,
    0x0, 0xc4, 0x5, 0x80, 0xe1, 0xc, 0x60, 0xc,
    0x30, 0x0, 0xe, 0x10, 0x1e, 0x10, 0xc3, 0x0,
    0x0, 0xe1, 0x0, 0x20, 0xd, 0x30, 0x0, 0xe,
    0x10, 0x0, 0xbf, 0xd1, 0x0,

    /* U+5C07 "將" */
    0x0, 0x1, 0xe0, 0x0, 0x2b, 0x0, 0x0, 0xd,
    0x11, 0xe0, 0x2, 0xee, 0xbb, 0xb0, 0xd, 0x11,
    0xe0, 0x7c, 0x63, 0x8, 0x80, 0xd, 0x11, 0xe8,
    0x83, 0x1b, 0xad, 0x0, 0xd, 0xee, 0xe0, 0xb,
    0x88, 0xc1, 0x0, 0x0, 0x1, 0xe0, 0x5, 0xe8,
    0x26, 0x0, 0x0, 0x1, 0xe4, 0xc8, 0x10, 0x3c,
    0x0, 0x4f, 0xff, 0xe8, 0xcc, 0xcc, 0xdf, 0xc7,
    0xb, 0x31, 0xe1, 0x35, 0x22, 0x5d, 0x21, 0xc,
    0x21, 0xe0, 0x3e, 0x20, 0x3c, 0x0, 0xd, 0x11,
    0xe0, 0x6, 0xd0, 0x3c, 0x0, 0x1c, 0x1, 0xe0,
    0x0, 0x40, 0x4c, 0x0, 0x46, 0x1, 0xe0, 0x0,
    0x2f, 0xe7, 0x0, 0x0, 0x0, 0x0, 0x0, 0x0,
    0x0, 0x0,

    /* U+5C0A "尊" */
    0x0, 0x2, 0xb0, 0x0, 0x7, 0x70, 0x0, 0x5,
    0x55, 0xca, 0x55, 0x6f, 0x75, 0x51, 0x6, 0x77,
    0x7b, 0xb8, 0xe7, 0x77, 0x71, 0x0, 0x8a, 0xad,
    0xdb, 0xea, 0xaa, 0x10, 0x0, 0xb3, 0xc, 0x41,
    0xd0, 0xd, 0x20, 0x0, 0xb7, 0xc7, 0x0, 0x79,
    0x9e, 0x20, 0x0, 0xbb, 0xba, 0xaa, 0xaa, 0xae,
    0x20, 0x0, 0xb7, 0x55, 0x55, 0x55, 0x5e, 0x20,
    0x0, 0x34, 0x44, 0x44, 0x4c, 0x84, 0x0, 0x1d,
    0xdd, 0xdd, 0xdd, 0xdf, 0xed, 0xd8, 0x0, 0x5,
    0xb1, 0x0, 0xb, 0x40, 0x0, 0x0, 0x0, 0x6d,
    0x10, 0xb, 0x40, 0x0, 0x0, 0x0, 0x3, 0xb,
    0xed, 0x20, 0x0,

    /* U+5C0B "尋" */
    0x0, 0x8c, 0xcc, 0xcc, 0xcc, 0xda, 0x0, 0x0,
    0x4b, 0xbb, 0xbb, 0xbb, 0xda, 0x0, 0x0, 0x22,
    0x22, 0x22, 0x22, 0x8a, 0x0, 0x0, 0x78, 0x88,
    0x88, 0x88, 0x85, 0x0, 0x7, 0xbb, 0xbb, 0x38,
    0xbb, 0xbb, 0x80, 0x0, 0xc, 0x40, 0xb, 0x50,
    0x5, 0xb0, 0x5, 0x7e, 0xba, 0x7b, 0xb9, 0x9b,
    0xb0, 0x6, 0x65, 0x32, 0x1, 0x29, 0xa2, 0x10,
    0x2e, 0xee, 0xee, 0xee, 0xef, 0xfe, 0xe8, 0x0,
    0xa, 0x90, 0x0, 0x7, 0x90, 0x0, 0x0, 0x0,
    0x9a, 0x0, 0x8, 0x90, 0x0, 0x0, 0x0, 0x0,
    0x9, 0xee, 0x50, 0x0,

    /* U+5C0D "對" */
    0x4, 0xd, 0x1c, 0x4, 0x0, 0xe, 0x10, 0x8,
    0x7d, 0x1c, 0x97, 0x0, 0xe, 0x10, 0x0, 0xad,
    0x1d, 0xa0, 0x0, 0xe, 0x10, 0x1c, 0xcf, 0xdf,
    0xcb, 0x0, 0xe, 0x10, 0x2, 0xa4, 0x26, 0x94,
    0xff, 0xff, 0xf7, 0x0, 0x3a, 0xb, 0x40, 0x0,
    0xe, 0x10, 0x9, 0xee, 0xef, 0xe6, 0x95, 0xe,
    0x10, 0x0, 0x1, 0xd0, 0x0, 0x4b, 0xe, 0x10,
    0x0, 0x24, 0xe2, 0x20, 0xe, 0x1e, 0x10, 0x3,
    0xbb, 0xfb, 0xb2, 0x8, 0x2e, 0x10, 0x0, 0x1,
    0xd0, 0x23, 0x0, 0xe, 0x10, 0x9, 0xbd, 0xfd,
    0xb8, 0x0, 0xf, 0x10, 0x5, 0x31, 0x0, 0x0,
    0xc, 0xfc, 0x0, 0x0, 0x0, 0x0, 0x0, 0x0,
    0x0, 0x0,

    /* U+5C0F "小" */
    0x0, 0x0, 0x0, 0x4d, 0x0, 0x0, 0x0, 0x0,
    0x0, 0x0, 0x4d, 0x0, 0x0, 0x0, 0x0, 0x0,
    0x0, 0x4d, 0x0, 0x0, 0x0, 0x0, 0x8, 0x10,
    0x4d, 0x0, 0x63, 0x0, 0x0, 0x4e, 0x0, 0x4d,
    0x0, 0x7b, 0x0, 0x0, 0x8a, 0x0, 0x4d, 0x0,
    0x1f, 0x30, 0x0, 0xd5, 0x0, 0x4d, 0x0, 0x8,
    0xc0, 0x4, 0xe0, 0x0, 0x4d, 0x0, 0x1, 0xf2,
    0xc, 0x80, 0x0, 0x4d, 0x0, 0x0, 0xb8, 0x1a,
    0x0, 0x0, 0x4d, 0x0, 0x0, 0x6a, 0x0, 0x0,
    0x0, 0x4d, 0x0, 0x0, 0x0, 0x0, 0x0, 0x11,
    0x6d, 0x0, 0x0, 0x0, 0x0, 0x0, 0xcf, 0xe7,
    0x0, 0x0, 0x0, 0x0, 0x0, 0x0, 0x0, 0x0,
    0x0, 0x0,

    /* U+5C14 "尔" */
    0x0, 0x0, 0x62, 0x0, 0x0, 0x0, 0x0, 0x0,
    0x3, 0xf1, 0x0, 0x0, 0x0, 0x0, 0x0, 0xb,
    0xa1, 0x11, 0x11, 0x11, 0x10, 0x0, 0x4f, 0xee,
    0xff, 0xee, 0xef, 0xf5, 0x2, 0xf6, 0x0, 0x3d,
    0x0, 0x4, 0xd0, 0x1d, 0xa0, 0x0, 0x3d, 0x0,
    0xd, 0x40, 0x5, 0x3, 0x70, 0x3d, 0x1, 0x72,
    0x0, 0x0, 0xc, 0x70, 0x3d, 0x0, 0xd7, 0x0,
    0x0, 0x6d, 0x0, 0x3d, 0x0, 0x2e, 0x30, 0x4,
    0xf3, 0x0, 0x3d, 0x0, 0x7, 0xd0, 0xa, 0x50,
    0x0, 0x3d, 0x0, 0x0, 0xc3, 0x0, 0x0, 0x1,
    0x5d, 0x0, 0x0, 0x0, 0x0, 0x0, 0x7f, 0xe8,
    0x0, 0x0, 0x0,

    /* U+5C16 "尖" */
    0x0, 0x0, 0x0, 0x97, 0x0, 0x0, 0x0, 0x0,
    0x6, 0x40, 0x97, 0x5, 0x50, 0x0, 0x0, 0x1e,
    0x10, 0x97, 0x2, 0xe4, 0x0, 0x0, 0xb7, 0x0,
    0x97, 0x0, 0x3e, 0x20, 0xa, 0xb0, 0x0, 0x97,
    0x0, 0x8, 0xc0, 0x5, 0x0, 0x0, 0x54, 0x0,
    0x0, 0x40, 0x0, 0x0, 0x0, 0xa7, 0x0, 0x0,
    0x0, 0x3c, 0xcc, 0xcc, 0xfe, 0xcc, 0xcc, 0xc2,
    0x2, 0x22, 0x25, 0xff, 0x32, 0x22, 0x20, 0x0,
    0x0, 0xb, 0x98, 0xa0, 0x0, 0x0, 0x0, 0x1,
    0xac, 0x10, 0xca, 0x10, 0x0, 0x3, 0x8e, 0x91,
    0x0, 0x9, 0xe8, 0x40, 0x1c, 0x72, 0x0, 0x0,
    0x0, 0x28, 0xc2,

    /* U+5C18 "尘" */
    0x0, 0x0, 0x0, 0x4c, 0x0, 0x0, 0x0, 0x0,
    0x3, 0x60, 0x4c, 0x2, 0x60, 0x0, 0x0, 0x1e,
    0x30, 0x4c, 0x1, 0xc9, 0x0, 0x1, 0xc7, 0x0,
    0x4c, 0x0, 0xc, 0x90, 0xd, 0x70, 0x0, 0x4c,
    0x0, 0x1, 0xd4, 0x1, 0x0, 0x0, 0x26, 0x0,
    0x0, 0x0, 0x0, 0x0, 0x0, 0x12, 0x0, 0x0,
    0x0, 0x0, 0x0, 0x0, 0x4b, 0x0, 0x0, 0x0,
    0x0, 0xde, 0xee, 0xff, 0xee, 0xee, 0x50, 0x0,
    0x0, 0x0, 0x5c, 0x0, 0x0, 0x0, 0x0, 0x0,
    0x0, 0x4b, 0x0, 0x0, 0x0, 0x0, 0x0, 0x0,
    0x5c, 0x0, 0x0, 0x0, 0x2f, 0xff, 0xff, 0xff,
    0xff, 0xff, 0xf9,

    /* U+5C1A "尚" */
    0x6, 0x10, 0x3, 0xd0, 0x0, 0x54, 0x9, 0xb0,
    0x3, 0xd0, 0x1, 0xe3, 0x0, 0xd7, 0x3, 0xd0,
    0xb, 0x80, 0x0, 0x45, 0x3, 0xd0, 0x18, 0x0,
    0x1d, 0xdd, 0xde, 0xfd, 0xdd, 0xda, 0x2e, 0x11,
    0x11, 0x11, 0x11, 0x5b, 0x2e, 0x0, 0x0, 0x0,
    0x0, 0x4b, 0x2e, 0x2, 0xfd, 0xdd, 0xe0, 0x4b,
    0x2e, 0x2, 0xc0, 0x1, 0xe0, 0x4b, 0x2e, 0x2,
    0xc0, 0x1, 0xe0, 0x4b, 0x2e, 0x2, 0xfe, 0xee,
    0xd0, 0x4b, 0x2e, 0x2, 0xa0, 0x0, 0x0, 0x5b,
    0x2e, 0x0, 0x0, 0x0, 0x5f, 0xe6,

    /* U+5C31 "就" */
    0x0, 0x0, 0x0, 0x0, 0x0, 0x0, 0x0, 0x0,
    0xb, 0x40, 0x0, 0xe, 0x10, 0x0, 0x0, 0x7,
    0xa0, 0x0, 0xe, 0x3d, 0x10, 0x3e, 0xee, 0xee,
    0xe2, 0xe, 0x16, 0xa0, 0x0, 0x0, 0x0, 0x1,
    0x2f, 0x32, 0x50, 0x7, 0xed, 0xde, 0x89, 0xdf,
    0xdd, 0xd4, 0x7, 0x60, 0x6, 0x80, 0x1e, 0x0,
    0x0, 0x7, 0xca, 0xac, 0x80, 0x3c, 0xc0, 0x0,
    0x1, 0x38, 0xa3, 0x10, 0x69, 0xf0, 0x0, 0x2,
    0xa6, 0x8a, 0x20, 0xa5, 0xf0, 0x0, 0x7, 0x76,
    0x85, 0x90, 0xe1, 0xf0, 0x0, 0xd, 0x26, 0x80,
    0xa6, 0xa0, 0xf0, 0x36, 0x19, 0x6, 0x80, 0x1d,
    0x20, 0xf0, 0x48, 0x0, 0x7e, 0x50, 0x95, 0x0,
    0xbd, 0xd4, 0x0, 0x0, 0x0, 0x0, 0x0, 0x0,
    0x0,

    /* U+5C3A "尺" */
    0x0, 0xbf, 0xff, 0xff, 0xff, 0xfe, 0x0, 0x0,
    0xb6, 0x0, 0x0, 0x0, 0x3e, 0x0, 0x0, 0xb6,
    0x0, 0x0, 0x0, 0x2e, 0x0, 0x0, 0xb6, 0x0,
    0x0, 0x0, 0x2e, 0x0, 0x0, 0xce, 0xdd, 0xdd,
    0xdd, 0xde, 0x0, 0x0, 0xc6, 0x22, 0x2d, 0x62,
    0x22, 0x0, 0x0, 0xe2, 0x0, 0x7, 0x90, 0x0,
    0x0, 0x0, 0xf0, 0x0, 0x2, 0xe2, 0x0, 0x0,
    0x5, 0xc0, 0x0, 0x0, 0x8c, 0x0, 0x0, 0xb,
    0x70, 0x0, 0x0, 0xc, 0xb0, 0x0, 0x4f, 0x10,
    0x0, 0x0, 0x0, 0xbe, 0x70, 0x66, 0x0, 0x0,
    0x0, 0x0, 0x5, 0xa0,

    /* U+5C3D "尽" */
    0x0, 0x4f, 0xff, 0xff, 0xff, 0xff, 0x20, 0x0,
    0x4d, 0x0, 0x0, 0x0, 0xe, 0x20, 0x0, 0x4d,
    0x0, 0x0, 0x0, 0xe, 0x20, 0x0, 0x4f, 0xee,
    0xee, 0xee, 0xef, 0x20, 0x0, 0x6a, 0x0, 0x0,
    0xc, 0x50, 0x0, 0x0, 0x97, 0x3, 0x0, 0x4,
    0xc0, 0x0, 0x0, 0xd3, 0xb, 0xea, 0x30, 0xc5,
    0x0, 0x4, 0xe0, 0x0, 0x16, 0xd3, 0x3e, 0x30,
    0x1e, 0x60, 0x0, 0x0, 0x0, 0x6, 0xf5, 0x7,
    0x3, 0xc7, 0x30, 0x0, 0x0, 0x31, 0x0, 0x0,
    0x38, 0xce, 0xa4, 0x0, 0x0, 0x0, 0x0, 0x0,
    0x1, 0x7d, 0x80, 0x0, 0x0, 0x0, 0x0, 0x0,
    0x0, 0x0, 0x0,

    /* U+5C3E "尾" */
    0x0, 0xfe, 0xee, 0xee, 0xee, 0xef, 0x40, 0x0,
    0xf0, 0x0, 0x0, 0x0, 0xc, 0x40, 0x0, 0xfd,
    0xdd, 0xdd, 0xdd, 0xdf, 0x40, 0x0, 0xf1, 0x11,
    0x13, 0x7c, 0x81, 0x0, 0x1, 0xf1, 0x9c, 0xef,
    0x83, 0x0, 0x0, 0x2, 0xf0, 0x31, 0x1f, 0x14,
    0x77, 0x0, 0x3, 0xe2, 0x7a, 0xcf, 0xda, 0x74,
    0x0, 0x4, 0xc2, 0x74, 0x3e, 0x0, 0x24, 0x50,
    0x6, 0xa0, 0x35, 0x8f, 0xde, 0xb9, 0x50, 0xa,
    0x6b, 0xc9, 0x7f, 0x10, 0x0, 0x50, 0xe, 0x20,
    0x0, 0x1f, 0x0, 0x1, 0xf0, 0x4c, 0x0, 0x0,
    0xb, 0xff, 0xff, 0x90, 0x0, 0x0, 0x0, 0x0,
    0x0, 0x0, 0x0,

    /* U+5C42 "层" */
    0x0, 0xfe, 0xee, 0xee, 0xee, 0xef, 0x40, 0x0,
    0xf0, 0x0, 0x0, 0x0, 0xc, 0x40, 0x0, 0xfb,
    0xbb, 0xbb, 0xbb, 0xbf, 0x40, 0x0, 0xf3, 0x33,
    0x33, 0x33, 0x33, 0x0, 0x1, 0xf0, 0x22, 0x22,
    0x22, 0x22, 0x0, 0x2, 0xf0, 0xac, 0xcc, 0xcc,
    0xcc, 0x10, 0x3, 0xe0, 0x0, 0x0, 0x0, 0x0,
    0x0, 0x3, 0xc9, 0xee, 0xfe, 0xee, 0xee, 0xe0,
    0x6, 0xa0, 0x5, 0xe0, 0x2, 0x40, 0x0, 0x9,
    0x70, 0x1e, 0x30, 0x2, 0xe2, 0x0, 0xe, 0x30,
    0xb9, 0x12, 0x34, 0xbb, 0x0, 0x4c, 0x4, 0xfe,
    0xcb, 0xa9, 0x8e, 0x50, 0x1, 0x0, 0x0, 0x0,
    0x0, 0x3, 0x10,

    /* U+5C45 "居" */
    0x0, 0xff, 0xee, 0xee, 0xee, 0xef, 0x50, 0x0,
    0xf1, 0x0, 0x0, 0x0, 0xb, 0x50, 0x0, 0xfc,
    0xbb, 0xbb, 0xbb, 0xbe, 0x50, 0x0, 0xf4, 0x22,
    0x26, 0xd2, 0x22, 0x10, 0x0, 0xf1, 0x0, 0x3,
    0xc0, 0x0, 0x0, 0x0, 0xff, 0xff, 0xff, 0xff,
    0xff, 0xf2, 0x1, 0xf0, 0x0, 0x3, 0xc0, 0x0,
    0x0, 0x3, 0xc0, 0x23, 0x36, 0xd3, 0x33, 0x0,
    0x5, 0xa0, 0xec, 0xbb, 0xbb, 0xbf, 0x10, 0x9,
    0x60, 0xe1, 0x0, 0x0, 0xe, 0x10, 0xd, 0x0,
    0xe2, 0x11, 0x11, 0x1f, 0x10, 0x49, 0x0, 0xed,
    0xdd, 0xdd, 0xdf, 0x10, 0x0, 0x0, 0x0, 0x0,
    0x0, 0x0, 0x0,

    /* U+5C4B "屋" */
    0x0, 0xfe, 0xee, 0xee, 0xee, 0xef, 0x20, 0x0,
    0xf0, 0x0, 0x0, 0x0, 0xd, 0x20, 0x0, 0xfc,
    0xbb, 0xbb, 0xbb, 0xbf, 0x20, 0x0, 0xf2, 0x11,
    0x11, 0x11, 0x11, 0x0, 0x1, 0xfc, 0xde, 0xed,
    0xde, 0xdd, 0xb0, 0x1, 0xf0, 0x1c, 0x50, 0xb,
    0x70, 0x0, 0x2, 0xe3, 0xed, 0xab, 0xcd, 0xfb,
    0x0, 0x3, 0xd1, 0x54, 0x3d, 0x30, 0x8, 0x30,
    0x6, 0xa3, 0xbb, 0xbf, 0xcb, 0xbb, 0x0, 0x9,
    0x70, 0x11, 0x1d, 0x41, 0x11, 0x0, 0xe, 0x30,
    0x0, 0xd, 0x20, 0x0, 0x0, 0x5c, 0x4d, 0xdd,
    0xdf, 0xed, 0xdd, 0xd3, 0x2, 0x0, 0x0, 0x0,
    0x0, 0x0, 0x0,

    /* U+5C4F "屏" */
    0x0, 0xfe, 0xee, 0xee, 0xee, 0xef, 0x90, 0x0,
    0xf0, 0x0, 0x0, 0x0, 0x6, 0x90, 0x0, 0xfe,
    0xee, 0xee, 0xee, 0xef, 0x90, 0x0, 0xf0, 0x9,
    0x30, 0x0, 0x75, 0x0, 0x0, 0xf0, 0x6, 0x90,
    0x1, 0xe2, 0x0, 0x1, 0xe5, 0xee, 0xee, 0xee,
    0xfe, 0xd0, 0x2, 0xd0, 0x1, 0xe0, 0x2, 0xd0,
    0x0, 0x3, 0xc0, 0x1, 0xe0, 0x2, 0xd0, 0x0,
    0x5, 0xab, 0xee, 0xfe, 0xee, 0xfe, 0xe4, 0xa,
    0x60, 0xa, 0x90, 0x2, 0xd0, 0x0, 0x1f, 0x20,
    0x8e, 0x10, 0x2, 0xd0, 0x0, 0x49, 0x9, 0xa1,
    0x0, 0x2, 0xd0, 0x0,

    /* U+5C55 "展" */
    0x0, 0xfe, 0xee, 0xee, 0xee, 0xef, 0x30, 0x0,
    0xf0, 0x0, 0x0, 0x0, 0xc, 0x30, 0x0, 0xfe,
    0xee, 0xee, 0xee, 0xef, 0x30, 0x0, 0xf0, 0x2,
    0x80, 0x9, 0x10, 0x0, 0x0, 0xf1, 0x25, 0xd2,
    0x2d, 0x42, 0x10, 0x1, 0xf5, 0xbc, 0xfb, 0xbf,
    0xcb, 0x50, 0x2, 0xe0, 0x2, 0xc0, 0xd, 0x20,
    0x0, 0x3, 0xcd, 0xef, 0xee, 0xfe, 0xee, 0xe1,
    0x6, 0xa0, 0x2d, 0x0, 0xd1, 0x4c, 0x10, 0xa,
    0x60, 0x2d, 0x0, 0x5d, 0xb1, 0x0, 0x1f, 0x20,
    0x4e, 0x59, 0xa6, 0xc4, 0x0, 0x5a, 0x0, 0xbd,
    0x95, 0x10, 0x3b, 0xd0, 0x0, 0x0, 0x0, 0x0,
    0x0, 0x0, 0x0,

    /* U+5C64 "層" */
    0x0, 0xfd, 0xdd, 0xdd, 0xdd, 0xde, 0x70, 0xf,
    0x0, 0x0, 0x0, 0x0, 0x87, 0x0, 0xfd, 0xde,
    0xdd, 0xdd, 0xed, 0x60, 0xf, 0x1, 0xb8, 0x11,
    0x4c, 0x10, 0x0, 0xf6, 0xca, 0x9a, 0xe8, 0xac,
    0x70, 0x1e, 0x67, 0x98, 0x3b, 0x48, 0x87, 0x2,
    0xd6, 0x94, 0x96, 0xc7, 0x4a, 0x70, 0x3c, 0x26,
    0x66, 0x66, 0x66, 0x62, 0x6, 0xa0, 0xdc, 0xbb,
    0xbb, 0xbe, 0x0, 0xa6, 0xd, 0x97, 0x77, 0x78,
    0xe0, 0x1e, 0x10, 0xd4, 0x22, 0x22, 0x3e, 0x3,
    0x90, 0xd, 0xcb, 0xbb, 0xbb, 0xe0,

    /* U+5C6D "屭" */
    0x0, 0xfa, 0xaa, 0xaa, 0xaa, 0xac, 0x90, 0x0,
    0xfa, 0xaa, 0xaa, 0xaa, 0xac, 0x80, 0x0, 0xf0,
    0x1a, 0x88, 0x88, 0x98, 0x0, 0x0, 0xf0, 0x2e,
    0x88, 0x88, 0xac, 0x0, 0x0, 0xf0, 0x2e, 0x88,
    0x88, 0xac, 0x0, 0x1, 0xf0, 0x1b, 0xba, 0x9c,
    0xa9, 0x0, 0x2, 0xe0, 0x6a, 0x60, 0x5, 0x9a,
    0x20, 0x3, 0xc7, 0xc8, 0xa8, 0xc9, 0x88, 0xe0,
    0x6, 0xa7, 0xc8, 0xa8, 0xc9, 0x88, 0xe0, 0x9,
    0x67, 0xc8, 0xa8, 0xc9, 0x88, 0xe0, 0xe, 0x25,
    0xc9, 0xc5, 0x8c, 0x9b, 0xa0, 0x3a, 0x3a, 0x50,
    0x58, 0xa3, 0x3, 0xb3, 0x0, 0x0, 0x0, 0x0,
    0x0, 0x0, 0x0,

    /* U+5C71 "山" */
    0x0, 0x0, 0x2, 0xe0, 0x0, 0x0, 0x0, 0x0,
    0x2, 0xe0, 0x0, 0x0, 0x0, 0x0, 0x2, 0xe0,
    0x0, 0x0, 0x3b, 0x0, 0x2, 0xe0, 0x0, 0x1e,
    0x4c, 0x0, 0x2, 0xe0, 0x0, 0x1f, 0x4c, 0x0,
    0x2, 0xe0, 0x0, 0x1f, 0x4c, 0x0, 0x2, 0xe0,
    0x0, 0x1f, 0x4c, 0x0, 0x2, 0xe0, 0x0, 0x1f,
    0x4c, 0x0, 0x2, 0xe0, 0x0, 0x1f, 0x4c, 0x0,
    0x2, 0xe0, 0x0, 0x1f, 0x4d, 0x0, 0x3, 0xe0,
    0x0, 0x1f, 0x4f, 0xff, 0xff, 0xff, 0xff, 0xff,
    0x0, 0x0, 0x0, 0x0, 0x0, 0x1f,

    /* U+5C81 "岁" */
    0x0, 0x0, 0x4, 0xc0, 0x0, 0x0, 0x1f, 0x0,
    0x4, 0xc0, 0x0, 0xe2, 0x1f, 0x0, 0x4, 0xc0,
    0x0, 0xe2, 0x1f, 0xee, 0xef, 0xfe, 0xee, 0xf2,
    0x0, 0x0, 0xc8, 0x0, 0x0, 0x0, 0x0, 0x8,
    0xf2, 0x0, 0x0, 0x0, 0x0, 0x8f, 0xee, 0xee,
    0xef, 0x80, 0x2c, 0xd2, 0x0, 0x0, 0x1e, 0x20,
    0x38, 0x5, 0xb1, 0x0, 0xa8, 0x0, 0x0, 0x0,
    0x8d, 0x29, 0xa0, 0x0, 0x0, 0x0, 0x9, 0xf8,
    0x0, 0x0, 0x0, 0x16, 0xcc, 0x40, 0x0, 0x0,
    0x6e, 0xea, 0x40, 0x0, 0x0, 0x0, 0x13, 0x0,
    0x0, 0x0, 0x0, 0x0,

    /* U+5C82 "岂" */
    0x0, 0x0, 0x1, 0xe0, 0x0, 0x0, 0x1, 0xd0,
    0x0, 0x1e, 0x0, 0x9, 0x70, 0x1d, 0x0, 0x1,
    0xe0, 0x0, 0x97, 0x1, 0xee, 0xee, 0xee, 0xee,
    0xee, 0x60, 0x0, 0x0, 0x0, 0x0, 0x0, 0x0,
    0x3, 0xee, 0xee, 0xee, 0xee, 0xee, 0x20, 0x0,
    0x0, 0x0, 0x0, 0x0, 0xd2, 0x0, 0x0, 0x0,
    0x0, 0x0, 0xd, 0x20, 0xc, 0xee, 0xee, 0xee,
    0xee, 0xf2, 0x0, 0xd2, 0x0, 0x0, 0x0, 0x0,
    0x0, 0xd, 0x20, 0x0, 0x0, 0x0, 0x5, 0x20,
    0xd5, 0x0, 0x0, 0x0, 0x0, 0xc5, 0x5, 0xdf,
    0xff, 0xff, 0xff, 0xfb, 0x0,

    /* U+5C90 "岐" */
    0x0, 0xc0, 0x0, 0x0, 0xd2, 0x0, 0x0, 0xd,
    0x0, 0x0, 0xd, 0x20, 0x0, 0x0, 0xd0, 0xa,
    0xaa, 0xfb, 0xaa, 0x3d, 0xd, 0x1a, 0x55, 0x5e,
    0x65, 0x51, 0xd0, 0xd1, 0xa0, 0x0, 0xd2, 0x0,
    0xd, 0xd, 0x1a, 0x67, 0x7e, 0x97, 0x60, 0xd0,
    0xd1, 0xa7, 0xe6, 0x66, 0xaa, 0xd, 0xd, 0x1a,
    0xd, 0x30, 0xc, 0x40, 0xd0, 0xd1, 0xa0, 0x6b,
    0x5, 0xc0, 0xd, 0x5f, 0xaa, 0x0, 0xc9, 0xe2,
    0x0, 0xa8, 0x65, 0xa0, 0x7, 0xfa, 0x0, 0x0,
    0x0, 0x0, 0x4b, 0xc4, 0xcc, 0x40, 0x0, 0x0,
    0xac, 0x60, 0x0, 0x7e, 0x40, 0x0, 0x0, 0x0,
    0x0, 0x0, 0x0,

    /* U+5C91 "岑" */
    0x0, 0x0, 0x0, 0x1e, 0x0, 0x0, 0x0, 0x0,
    0x1e, 0x0, 0x1, 0xe0, 0x0, 0x2e, 0x0, 0x1,
    0xfc, 0xcc, 0xdf, 0xcc, 0xcd, 0xe0, 0x0, 0x1,
    0x11, 0x15, 0xf5, 0x11, 0x11, 0x0, 0x0, 0x0,
    0x8, 0xd7, 0xd5, 0x0, 0x0, 0x0, 0x1, 0x8e,
    0x94, 0x21, 0xad, 0x61, 0x0, 0x1b, 0xf9, 0x20,
    0x4e, 0x20, 0x39, 0xe9, 0x0, 0x41, 0x0, 0x0,
    0x56, 0x0, 0x0, 0x20, 0x0, 0x9e, 0xee, 0xee,
    0xee, 0xeb, 0x0, 0x0, 0x0, 0x0, 0x0, 0x0,
    0x4e, 0x20, 0x0, 0x0, 0x0, 0x0, 0x0, 0x3e,
    0x40, 0x0, 0x0, 0x0, 0x0, 0x0, 0x2e, 0x60,
    0x0, 0x0, 0x0, 0x0, 0x0, 0xa, 0x70, 0x0,
    0x0, 0x0, 0x0, 0x0, 0x0, 0x0, 0x0, 0x0,
    0x0,

    /* U+5CA9 "岩" */
    0x0, 0x0, 0x0, 0x6a, 0x0, 0x0, 0x0, 0x1,
    0xf0, 0x0, 0x6a, 0x0, 0x9, 0x70, 0x1, 0xf0,
    0x0, 0x6b, 0x0, 0xa, 0x70, 0x1, 0xee, 0xee,
    0xee, 0xee, 0xee, 0x70, 0x0, 0x0, 0x0, 0x0,
    0x0, 0x0, 0x0, 0x1e, 0xee, 0xee, 0xee, 0xee,
    0xee, 0xe6, 0x1, 0x11, 0xaa, 0x11, 0x11, 0x11,
    0x10, 0x0, 0x4, 0xf1, 0x0, 0x0, 0x0, 0x0,
    0x0, 0x2e, 0xff, 0xff, 0xff, 0xff, 0x60, 0x4,
    0xeb, 0xb0, 0x0, 0x0, 0x9, 0x70, 0x3f, 0x55,
    0xb0, 0x0, 0x0, 0x9, 0x70, 0x2, 0x5, 0xc3,
    0x33, 0x33, 0x3b, 0x70, 0x0, 0x5, 0xeb, 0xbb,
    0xbb, 0xbe, 0x70,

    /* U+5CB3 "岳" */
    0x0, 0x0, 0x0, 0x2, 0x46, 0x81, 0x0, 0x0,
    0x4c, 0xee, 0xdc, 0xa8, 0x61, 0x0, 0x0, 0x5b,
    0x0, 0x0, 0x0, 0x0, 0x0, 0x0, 0x5e, 0xbb,
    0xbb, 0xbb, 0xbb, 0x70, 0x0, 0x5b, 0x22, 0x22,
    0x2f, 0x42, 0x10, 0x0, 0x5a, 0x0, 0x0, 0xf,
    0x10, 0x0, 0x0, 0x5b, 0x0, 0x0, 0xf, 0x10,
    0x0, 0x6e, 0xee, 0xee, 0xff, 0xee, 0xee, 0xe1,
    0x1, 0x40, 0x0, 0xa6, 0x0, 0x6, 0x10, 0x3,
    0xc0, 0x0, 0xa6, 0x0, 0xd, 0x30, 0x3, 0xc0,
    0x0, 0xa6, 0x0, 0xd, 0x30, 0x3, 0xfc, 0xcc,
    0xee, 0xcc, 0xcf, 0x30, 0x0, 0x22, 0x22, 0x22,
    0x22, 0x2d, 0x30,

    /* U+5CF0 "峰" */
    0x0, 0x0, 0x0, 0x0, 0x0, 0x0, 0x0, 0x56,
    0x0, 0x3, 0xe0, 0x0, 0x0, 0x5, 0x60, 0x0,
    0xbe, 0xbb, 0xa1, 0x2, 0x56, 0x20, 0x7f, 0x76,
    0xac, 0x0, 0xd5, 0x6c, 0x6e, 0x9c, 0x2e, 0x30,
    0xd, 0x56, 0xc3, 0x20, 0xbf, 0x70, 0x0, 0xd5,
    0x6c, 0x15, 0xcb, 0x6d, 0xb5, 0xd, 0x56, 0xc9,
    0xa4, 0x3c, 0x5, 0x90, 0xd5, 0x6c, 0xb, 0xde,
    0xfd, 0xd5, 0xd, 0x56, 0xc0, 0x12, 0x5d, 0x22,
    0x0, 0xd5, 0x6c, 0x8, 0xbc, 0xfb, 0xb4, 0xe,
    0xbd, 0xe1, 0x33, 0x6d, 0x33, 0x30, 0x75, 0x49,
    0x4b, 0xbc, 0xfb, 0xba, 0x0, 0x0, 0x0, 0x0,
    0x3c, 0x0, 0x0,

    /* U+5D07 "崇" */
    0x0, 0x0, 0x0, 0x97, 0x0, 0x0, 0x0, 0x5b,
    0x0, 0x9, 0x70, 0x0, 0xb5, 0x5, 0xfe, 0xee,
    0xff, 0xee, 0xef, 0x50, 0x0, 0x0, 0xc, 0x30,
    0x0, 0x0, 0xb, 0xdd, 0xdd, 0xee, 0xdd, 0xdd,
    0xa0, 0xd2, 0x0, 0x0, 0x0, 0x0, 0x4c, 0x6,
    0xb, 0xdd, 0xdd, 0xdd, 0xa1, 0x50, 0x0, 0x0,
    0x0, 0x0, 0x0, 0x0, 0xd, 0xee, 0xee, 0xee,
    0xee, 0xee, 0xb0, 0x0, 0x30, 0x9, 0x60, 0x11,
    0x0, 0x0, 0x5e, 0x20, 0x96, 0x6, 0xd3, 0x0,
    0x9d, 0x20, 0x9, 0x60, 0x4, 0xe5, 0x7, 0x10,
    0x9d, 0xe3, 0x0, 0x3, 0x70,

    /* U+5D1B "崛" */
    0x6, 0x60, 0x0, 0x0, 0x0, 0x0, 0x0, 0x66,
    0x2, 0xfd, 0xdd, 0xdd, 0xf1, 0x46, 0x65, 0x2b,
    0x0, 0x0, 0xd, 0x1c, 0x66, 0xc2, 0xfd, 0xdd,
    0xdd, 0xf1, 0xc6, 0x6c, 0x2b, 0x10, 0x3, 0x2,
    0xc, 0x66, 0xc2, 0xb9, 0x31, 0xc0, 0xd0, 0xc6,
    0x6c, 0x2b, 0x93, 0x1c, 0xd, 0xc, 0x66, 0xc3,
    0xa9, 0xdc, 0xfc, 0xe0, 0xc6, 0x6c, 0x49, 0x1,
    0x2d, 0x11, 0xc, 0x66, 0xc4, 0x8d, 0x1, 0xc0,
    0xa3, 0xec, 0xef, 0x76, 0xe0, 0x1c, 0xa, 0x36,
    0x42, 0xab, 0x2e, 0x24, 0xd2, 0xb3, 0x0, 0x0,
    0xc0, 0x9a, 0xaa, 0xae, 0x30, 0x0, 0x0, 0x0,
    0x0, 0x0, 0x0,

    /* U+5D29 "崩" */
    0x0, 0x0, 0x0, 0x8b, 0x0, 0x0, 0x0, 0x3c,
    0x0, 0x8, 0xb0, 0x0, 0x1f, 0x3, 0xe5, 0x55,
    0xbd, 0x55, 0x57, 0xf0, 0x17, 0x77, 0x77, 0x77,
    0x77, 0x77, 0x1, 0xbb, 0xbb, 0x20, 0xbb, 0xbb,
    0xa0, 0x1d, 0x22, 0xc3, 0xe, 0x22, 0x3e, 0x1,
    0xd0, 0xc, 0x30, 0xe0, 0x1, 0xe0, 0x2f, 0xdd,
    0xf3, 0xf, 0xdd, 0xde, 0x3, 0xc0, 0xb, 0x31,
    0xe0, 0x1, 0xe0, 0x4f, 0xdd, 0xf3, 0x3f, 0xdd,
    0xde, 0x7, 0x80, 0xb, 0x36, 0xa0, 0x1, 0xe0,
    0xd3, 0x0, 0xc3, 0xc5, 0x0, 0x1e, 0x2b, 0x1,
    0xed, 0x4c, 0x0, 0xae, 0xa0, 0x0, 0x0, 0x0,
    0x0, 0x0, 0x0,

    /* U+5DB7 "嶷" */
    0x0, 0x0, 0x0, 0x6d, 0x0, 0x0, 0x0, 0x5,
    0xb0, 0x0, 0x6d, 0x0, 0x4, 0xd0, 0x4, 0xdb,
    0xbb, 0xcd, 0xbb, 0xbc, 0xb0, 0x6, 0x61, 0x68,
    0x8, 0xbb, 0xbb, 0xb0, 0x7, 0xeb, 0x72, 0x0,
    0x21, 0x2d, 0x50, 0x7, 0x92, 0x23, 0xd0, 0x7e,
    0xe6, 0x0, 0x2, 0xbb, 0xbb, 0x50, 0x1, 0x8e,
    0x10, 0x2, 0xf4, 0x44, 0x2d, 0xdd, 0xfd, 0xe5,
    0xc, 0x7a, 0xa5, 0x30, 0x61, 0xc0, 0xa0, 0xb,
    0xbd, 0xdb, 0x93, 0xb1, 0xfc, 0xc2, 0x1, 0x2d,
    0xa2, 0x16, 0xd1, 0xc0, 0x0, 0x0, 0x8c, 0xaa,
    0xc, 0x9b, 0xc0, 0x0, 0xd, 0xa1, 0x7, 0x88,
    0x7, 0xcd, 0xe8, 0x1, 0x0, 0x0, 0x0, 0x0,
    0x0, 0x0,

    /* U+5DD6 "巖" */
    0x2, 0xd0, 0x0, 0x2e, 0x0, 0x0, 0xd2, 0x2,
    0xfb, 0xbb, 0xcf, 0xbb, 0xbb, 0xf2, 0x0, 0x56,
    0x66, 0x51, 0x66, 0x66, 0x50, 0x0, 0xe3, 0x34,
    0xe1, 0xe3, 0x35, 0xd0, 0x0, 0x78, 0x88, 0x70,
    0x88, 0x88, 0x70, 0x2, 0xeb, 0xbb, 0xbb, 0xbb,
    0xbb, 0xb4, 0x2, 0xb2, 0x99, 0x95, 0x7, 0x70,
    0x0, 0x2, 0xc4, 0x44, 0xd7, 0x2d, 0xca, 0xa5,
    0x3, 0xb8, 0xc6, 0x9c, 0x9f, 0x34, 0xd1, 0x4,
    0x94, 0xd9, 0xba, 0xd9, 0x89, 0x70, 0x7, 0x74,
    0xd8, 0xa9, 0x0, 0xcd, 0x0, 0xd, 0x5b, 0xda,
    0xcd, 0x68, 0xbb, 0x91, 0x1a, 0x2, 0x10, 0x5b,
    0xd5, 0x0, 0x78, 0x0, 0x0, 0x0, 0x0, 0x0,
    0x0, 0x0,

    /* U+5DE5 "工" */
    0x0, 0x11, 0x11, 0x11, 0x11, 0x11, 0x10, 0x5,
    0xff, 0xff, 0xff, 0xff, 0xff, 0xb0, 0x0, 0x0,
    0x0, 0x6b, 0x0, 0x0, 0x0, 0x0, 0x0, 0x0,
    0x6b, 0x0, 0x0, 0x0, 0x0, 0x0, 0x0, 0x6b,
    0x0, 0x0, 0x0, 0x0, 0x0, 0x0, 0x6b, 0x0,
    0x0, 0x0, 0x0, 0x0, 0x0, 0x6b, 0x0, 0x0,
    0x0, 0x0, 0x0, 0x0, 0x6b, 0x0, 0x0, 0x0,
    0x0, 0x0, 0x0, 0x6b, 0x0, 0x0, 0x0, 0x0,
    0x0, 0x0, 0x6b, 0x0, 0x0, 0x0, 0x1f, 0xff,
    0xff, 0xff, 0xff, 0xff, 0xf7, 0x0, 0x0, 0x0,
    0x0, 0x0, 0x0, 0x0,

    /* U+5DE6 "左" */
    0x0, 0x0, 0x7, 0x10, 0x0, 0x0, 0x0, 0x0,
    0x0, 0xf, 0x10, 0x0, 0x0, 0x0, 0x0, 0x0,
    0x3e, 0x0, 0x0, 0x0, 0x0, 0xf, 0xff, 0xff,
    0xff, 0xff, 0xff, 0xf0, 0x0, 0x0, 0xb5, 0x0,
    0x0, 0x0, 0x0, 0x0, 0x1, 0xf0, 0x0, 0x0,
    0x0, 0x0, 0x0, 0x7, 0xdb, 0xbb, 0xbb, 0xbb,
    0x70, 0x0, 0xc, 0x44, 0x46, 0xe4, 0x44, 0x20,
    0x0, 0x3b, 0x0, 0x2, 0xe0, 0x0, 0x0, 0x0,
    0xd4, 0x0, 0x2, 0xe0, 0x0, 0x0, 0x8, 0xa0,
    0x0, 0x2, 0xe0, 0x0, 0x0, 0x5d, 0x0, 0x0,
    0x2, 0xe0, 0x0, 0x0, 0x12, 0xb, 0xff, 0xff,
    0xff, 0xff, 0xf4,

    /* U+5DE8 "巨" */
    0xef, 0xff, 0xff, 0xff, 0xff, 0x6e, 0x20, 0x0,
    0x0, 0x0, 0x0, 0xe2, 0x0, 0x0, 0x0, 0x0,
    0xe, 0xfe, 0xee, 0xee, 0xee, 0x40, 0xe3, 0x0,
    0x0, 0x0, 0xc4, 0xe, 0x20, 0x0, 0x0, 0xc,
    0x40, 0xe2, 0x0, 0x0, 0x0, 0xc4, 0xe, 0xff,
    0xff, 0xff, 0xff, 0x40, 0xe3, 0x0, 0x0, 0x0,
    0x0, 0xe, 0x20, 0x0, 0x0, 0x0, 0x0, 0xe6,
    0x33, 0x33, 0x33, 0x33, 0x2a, 0xcc, 0xcc, 0xcc,
    0xcc, 0xc8,

    /* U+5DF2 "已" */
    0xef, 0xff, 0xff, 0xff, 0xff, 0x50, 0x0, 0x0,
    0x0, 0x0, 0x0, 0xc5, 0x0, 0x3, 0x0, 0x0,
    0x0, 0xc, 0x50, 0x0, 0xf1, 0x0, 0x0, 0x0,
    0xc5, 0x0, 0xf, 0x21, 0x11, 0x11, 0x1c, 0x50,
    0x0, 0xff, 0xff, 0xff, 0xff, 0xf5, 0x0, 0xf,
    0x10, 0x0, 0x0, 0x5, 0x20, 0x0, 0xf1, 0x0,
    0x0, 0x0, 0x0, 0x0, 0xf, 0x10, 0x0, 0x0,
    0x0, 0xd, 0x0, 0xf1, 0x0, 0x0, 0x0, 0x2,
    0xf0, 0xd, 0x71, 0x0, 0x0, 0x1, 0x9b, 0x0,
    0x5d, 0xff, 0xff, 0xff, 0xfc, 0x20,

    /* U+5E03 "布" */
    0x0, 0x0, 0x9, 0x70, 0x0, 0x0, 0x0, 0x0,
    0x0, 0xe, 0x30, 0x0, 0x0, 0x0, 0x1d, 0xdd,
    0xdf, 0xdd, 0xdd, 0xdd, 0xd2, 0x2, 0x23, 0xe7,
    0x23, 0x32, 0x22, 0x20, 0x0, 0x6, 0xd0, 0xd,
    0x20, 0x0, 0x0, 0x0, 0x1e, 0x50, 0xe, 0x30,
    0x0, 0x0, 0x1, 0xcf, 0xff, 0xff, 0xff, 0xff,
    0x60, 0x1c, 0xbe, 0x20, 0xd, 0x20, 0xa, 0x60,
    0x5b, 0xe, 0x20, 0xd, 0x20, 0xa, 0x60, 0x0,
    0xe, 0x20, 0xd, 0x20, 0xa, 0x60, 0x0, 0xe,
    0x20, 0xd, 0x21, 0x1b, 0x60, 0x0, 0xd, 0x20,
    0xd, 0x28, 0xcb, 0x10, 0x0, 0x0, 0x0, 0xd,
    0x20, 0x0, 0x0,

    /* U+5E08 "师" */
    0x0, 0xd1, 0x0, 0x0, 0x0, 0x0, 0x0, 0xd,
    0x1c, 0xff, 0xff, 0xff, 0xf1, 0xd1, 0xd1, 0x0,
    0x7, 0x80, 0x0, 0xd, 0x1d, 0x11, 0x44, 0x9a,
    0x44, 0x20, 0xd1, 0xd1, 0x5e, 0xad, 0xda, 0xd8,
    0xd, 0x1d, 0x15, 0xa0, 0x78, 0x6, 0x80, 0xd1,
    0xe1, 0x5a, 0x7, 0x80, 0x68, 0xd, 0x1f, 0x5,
    0xa0, 0x78, 0x6, 0x80, 0xa2, 0xf0, 0x5a, 0x7,
    0x80, 0x68, 0x0, 0x4c, 0x5, 0xa0, 0x78, 0x7,
    0x80, 0x9, 0x70, 0x5a, 0x7, 0x89, 0xe5, 0x3,
    0xe1, 0x0, 0x10, 0x78, 0x0, 0x0, 0x75, 0x0,
    0x0, 0x7, 0x80, 0x0, 0x0, 0x0, 0x0, 0x0,
    0x0, 0x0, 0x0,

    /* U+5E16 "帖" */
    0x0, 0xf0, 0x0, 0x0, 0xf0, 0x0, 0x0, 0xf,
    0x0, 0x0, 0xf, 0x0, 0x0, 0x0, 0xf0, 0x0,
    0x0, 0xf0, 0x0, 0xf, 0xff, 0xef, 0x0, 0xf,
    0xff, 0xf6, 0xd0, 0xf0, 0xd0, 0x0, 0xf0, 0x0,
    0xd, 0xf, 0xd, 0x0, 0xf, 0x0, 0x0, 0xd0,
    0xf0, 0xd0, 0xee, 0xfe, 0xed, 0xd, 0xf, 0xd,
    0xe, 0x0, 0x2, 0xe0, 0xd0, 0xf0, 0xd0, 0xe0,
    0x0, 0x1e, 0xd, 0xf, 0x9a, 0xe, 0x0, 0x1,
    0xe0, 0x0, 0xf0, 0x0, 0xe0, 0x0, 0x1e, 0x0,
    0xf, 0x0, 0xf, 0xee, 0xee, 0xe0, 0x0, 0xf0,
    0x0, 0xe0, 0x0, 0x1d, 0x0,

    /* U+5E19 "帙" */
    0x0, 0x0, 0x0, 0x0, 0x0, 0x0, 0x0, 0xe,
    0x0, 0x4, 0xe, 0x10, 0x0, 0x0, 0xe0, 0x0,
    0xf0, 0xe1, 0x0, 0x0, 0xe, 0x0, 0x2d, 0x1e,
    0x31, 0x10, 0xfe, 0xfe, 0xc6, 0xed, 0xfd, 0xdd,
    0x1c, 0xe, 0xc, 0xc3, 0xe, 0x10, 0x0, 0xc0,
    0xe0, 0xc7, 0x0, 0xe0, 0x0, 0xc, 0xe, 0xc,
    0xde, 0xef, 0xee, 0xe6, 0xc0, 0xe0, 0xc0, 0x3,
    0xf8, 0x0, 0xc, 0xe, 0xc, 0x0, 0x7d, 0xc0,
    0x0, 0xc0, 0xea, 0x90, 0xd, 0x3e, 0x20, 0x2,
    0xe, 0x0, 0x9, 0xa0, 0x7c, 0x0, 0x0, 0xe0,
    0xa, 0xc0, 0x0, 0xcb, 0x10, 0xe, 0x8, 0x90,
    0x0, 0x1, 0xa6, 0x0, 0x0, 0x0, 0x0, 0x0,
    0x0, 0x0,

    /* U+5E1D "帝" */
    0x0, 0x0, 0x8, 0x0, 0x0, 0x0, 0x1, 0x11,
    0x1e, 0x41, 0x11, 0x10, 0x8d, 0xde, 0xdd, 0xdd,
    0xed, 0xd6, 0x0, 0x5b, 0x0, 0x1, 0xf2, 0x0,
    0x11, 0x2e, 0x21, 0x17, 0xb1, 0x11, 0xfd, 0xdd,
    0xde, 0xdd, 0xdd, 0xeb, 0xf1, 0x0, 0xc, 0x40,
    0x0, 0x5b, 0xa7, 0xee, 0xef, 0xfe, 0xee, 0x77,
    0x7, 0x80, 0xc, 0x40, 0xc, 0x40, 0x7, 0x80,
    0xc, 0x40, 0xc, 0x40, 0x7, 0x80, 0xc, 0x40,
    0xc, 0x40, 0x6, 0x70, 0xc, 0x47, 0xed, 0x10,
    0x0, 0x0, 0xc, 0x40, 0x0, 0x0,

    /* U+5E2B "師" */
    0x3, 0x80, 0x0, 0x0, 0x0, 0x0, 0x0, 0x86,
    0x5, 0xff, 0xff, 0xff, 0xf6, 0xcf, 0xed, 0x10,
    0x0, 0xe1, 0x0, 0xd, 0x10, 0xd1, 0x68, 0x8f,
    0x98, 0x80, 0xd1, 0xd, 0x1c, 0x86, 0xf7, 0x6f,
    0xd, 0xee, 0xf1, 0xc2, 0xe, 0x10, 0xf0, 0xd1,
    0x0, 0xc, 0x20, 0xe1, 0xf, 0xd, 0xba, 0xa2,
    0xc2, 0xe, 0x10, 0xf0, 0xd4, 0x3c, 0x3c, 0x20,
    0xe1, 0xf, 0xd, 0x10, 0xb3, 0xc2, 0xe, 0x10,
    0xf0, 0xd1, 0xb, 0x3c, 0x20, 0xe4, 0xed, 0xd,
    0xee, 0xe3, 0x20, 0xe, 0x12, 0x0, 0xd1, 0x0,
    0x0, 0x0, 0xe1, 0x0, 0x0,

    /* U+5E38 "常" */
    0x7, 0x50, 0x5, 0xb0, 0x7, 0x70, 0x4, 0xe0,
    0x5, 0xb0, 0x2e, 0x20, 0xbc, 0xec, 0xcd, 0xec,
    0xcd, 0xcb, 0xe4, 0x22, 0x22, 0x22, 0x22, 0x4e,
    0xe1, 0xbc, 0xcc, 0xcc, 0xca, 0x1e, 0x60, 0xe1,
    0x0, 0x0, 0x3d, 0x6, 0x0, 0xe9, 0x99, 0x99,
    0xad, 0x0, 0x0, 0x22, 0x26, 0xd2, 0x22, 0x0,
    0xc, 0xcc, 0xcd, 0xfc, 0xcc, 0xc0, 0xe, 0x22,
    0x26, 0xd2, 0x22, 0xf1, 0xe, 0x0, 0x4, 0xc0,
    0x0, 0xe1, 0xe, 0x0, 0x4, 0xc0, 0x22, 0xf0,
    0xa, 0x0, 0x4, 0xc0, 0x9b, 0x80,

    /* U+5E3D "帽" */
    0x1, 0xd0, 0x0, 0x0, 0x0, 0x0, 0x0, 0x1d,
    0x0, 0x7e, 0xcc, 0xcc, 0xf4, 0x12, 0xd1, 0x7,
    0x74, 0x44, 0x3b, 0x4f, 0xbf, 0xbc, 0x77, 0x55,
    0x55, 0xb4, 0xc1, 0xd0, 0xc7, 0x8b, 0xbb, 0xab,
    0x4c, 0x1d, 0xc, 0x65, 0x0, 0x0, 0x83, 0xc1,
    0xd0, 0xc1, 0x88, 0x88, 0x88, 0xc, 0x1d, 0xc,
    0x1e, 0x33, 0x34, 0xe0, 0xc1, 0xd0, 0xc1, 0xfc,
    0xcc, 0xce, 0xc, 0x1d, 0x9a, 0x1d, 0x0, 0x0,
    0xe0, 0x31, 0xd1, 0x1, 0xfc, 0xcc, 0xce, 0x0,
    0x1d, 0x0, 0x1d, 0x0, 0x0, 0xe0, 0x1, 0xd0,
    0x1, 0xfd, 0xdd, 0xde, 0x0,

    /* U+5E55 "幕" */
    0x0, 0x0, 0xa5, 0x0, 0xf, 0x0, 0x0, 0xc,
    0xdd, 0xfe, 0xdd, 0xef, 0xdd, 0xd3, 0x0, 0x0,
    0x63, 0x0, 0x7, 0x0, 0x0, 0x0, 0x6e, 0xbb,
    0xbb, 0xbb, 0xbf, 0x0, 0x0, 0x6c, 0x66, 0x66,
    0x66, 0x7f, 0x0, 0x0, 0x6a, 0x33, 0x33, 0x33,
    0x4f, 0x0, 0x0, 0x5c, 0xbe, 0xbb, 0xbb, 0xbc,
    0x0, 0x7, 0x77, 0x9f, 0x77, 0x77, 0x77, 0x73,
    0x4, 0x5d, 0xc4, 0x9c, 0x47, 0xe6, 0x42, 0x5,
    0xdf, 0xdd, 0xef, 0xdd, 0xff, 0x93, 0x1c, 0x3d,
    0x20, 0x6a, 0x0, 0x97, 0x75, 0x0, 0xd, 0x10,
    0x6a, 0x0, 0x96, 0x0, 0x0, 0xb, 0x10, 0x6a,
    0xb, 0xb2, 0x0,

    /* U+5E72 "干" */
    0x5, 0xff, 0xff, 0xff, 0xff, 0xff, 0xc0, 0x0,
    0x11, 0x11, 0x8b, 0x11, 0x11, 0x10, 0x0, 0x0,
    0x0, 0x7b, 0x0, 0x0, 0x0, 0x0, 0x0, 0x0,
    0x7b, 0x0, 0x0, 0x0, 0x1, 0x11, 0x11, 0x7b,
    0x11, 0x11, 0x10, 0x1f, 0xff, 0xff, 0xff, 0xff,
    0xff, 0xf6, 0x0, 0x0, 0x0, 0x7b, 0x0, 0x0,
    0x0, 0x0, 0x0, 0x0, 0x7b, 0x0, 0x0, 0x0,
    0x0, 0x0, 0x0, 0x7b, 0x0, 0x0, 0x0, 0x0,
    0x0, 0x0, 0x7b, 0x0, 0x0, 0x0, 0x0, 0x0,
    0x0, 0x7b, 0x0, 0x0, 0x0, 0x0, 0x0, 0x0,
    0x7b, 0x0, 0x0, 0x0,

    /* U+5E73 "平" */
    0x5, 0xff, 0xff, 0xff, 0xff, 0xff, 0xa0, 0x0,
    0x13, 0x11, 0x7b, 0x11, 0x22, 0x10, 0x0, 0x2e,
    0x0, 0x6b, 0x0, 0x8a, 0x0, 0x0, 0xb, 0x60,
    0x6b, 0x0, 0xe2, 0x0, 0x0, 0x5, 0xb0, 0x6b,
    0x7, 0xa0, 0x0, 0x0, 0x0, 0x10, 0x6b, 0x2,
    0x10, 0x0, 0x1f, 0xff, 0xff, 0xff, 0xff, 0xff,
    0xf7, 0x1, 0x11, 0x11, 0x7b, 0x11, 0x11, 0x10,
    0x0, 0x0, 0x0, 0x6b, 0x0, 0x0, 0x0, 0x0,
    0x0, 0x0, 0x6b, 0x0, 0x0, 0x0, 0x0, 0x0,
    0x0, 0x6b, 0x0, 0x0, 0x0, 0x0, 0x0, 0x0,
    0x6b, 0x0, 0x0, 0x0,

    /* U+5E74 "年" */
    0x0, 0x2, 0xa0, 0x0, 0x0, 0x0, 0x0, 0x0,
    0x9, 0xa0, 0x0, 0x0, 0x0, 0x0, 0x0, 0x1f,
    0xff, 0xff, 0xff, 0xff, 0xb0, 0x0, 0xc8, 0x0,
    0xb, 0x50, 0x0, 0x0, 0xa, 0xc0, 0x0, 0xb,
    0x50, 0x0, 0x0, 0x6, 0x1c, 0xff, 0xff, 0xff,
    0xff, 0x50, 0x0, 0xd, 0x30, 0xb, 0x50, 0x0,
    0x0, 0x0, 0xd, 0x20, 0xb, 0x50, 0x0, 0x0,
    0x0, 0xd, 0x30, 0xc, 0x50, 0x0, 0x0, 0x1f,
    0xff, 0xff, 0xff, 0xff, 0xff, 0xf8, 0x0, 0x0,
    0x0, 0xb, 0x50, 0x0, 0x0, 0x0, 0x0, 0x0,
    0xb, 0x50, 0x0, 0x0, 0x0, 0x0, 0x0, 0xb,
    0x50, 0x0, 0x0,

    /* U+5E76 "并" */
    0x0, 0x6, 0x60, 0x0, 0x2, 0xb0, 0x0, 0x0,
    0x2, 0xf2, 0x0, 0x9, 0xb0, 0x0, 0x0, 0x0,
    0x97, 0x0, 0x1f, 0x20, 0x0, 0x8, 0xff, 0xff,
    0xff, 0xff, 0xff, 0xf0, 0x0, 0x0, 0xd4, 0x0,
    0xd, 0x40, 0x0, 0x0, 0x0, 0xc4, 0x0, 0xd,
    0x40, 0x0, 0x0, 0x0, 0xc4, 0x0, 0xd, 0x40,
    0x0, 0x1f, 0xff, 0xff, 0xff, 0xff, 0xff, 0xf7,
    0x0, 0x1, 0xf2, 0x0, 0xd, 0x40, 0x0, 0x0,
    0x4, 0xe0, 0x0, 0xd, 0x40, 0x0, 0x0, 0xd,
    0x70, 0x0, 0xd, 0x40, 0x0, 0x2, 0xcb, 0x0,
    0x0, 0xd, 0x40, 0x0, 0xb, 0x80, 0x0, 0x0,
    0xd, 0x40, 0x0, 0x0, 0x0, 0x0, 0x0, 0x0,
    0x0, 0x0,

    /* U+5E79 "幹" */
    0x0, 0x0, 0x0, 0x0, 0x0, 0x10, 0x0, 0x0,
    0x0, 0x96, 0x0, 0x0, 0x3e, 0x0, 0x0, 0x0,
    0x9, 0x60, 0x0, 0xc, 0xe1, 0x0, 0x1, 0xee,
    0xff, 0xed, 0x5, 0xe9, 0xb0, 0x0, 0x0, 0x9,
    0x60, 0x3, 0xf4, 0xb, 0x90, 0x0, 0x9e, 0xdd,
    0xeb, 0xf6, 0x0, 0xc, 0xa0, 0x9, 0x50, 0x8,
    0x97, 0x99, 0x99, 0x84, 0x0, 0x9d, 0xcc, 0xe7,
    0x26, 0x8e, 0x65, 0x0, 0x9, 0x61, 0x18, 0x70,
    0x2, 0xe0, 0x0, 0x0, 0x7c, 0xed, 0xc5, 0x44,
    0x5e, 0x44, 0x10, 0x2, 0x2a, 0x82, 0x2b, 0xbb,
    0xfb, 0xb5, 0x3, 0xcc, 0xee, 0xcc, 0x0, 0x2e,
    0x0, 0x0, 0x0, 0x9, 0x60, 0x0, 0x2, 0xe0,
    0x0, 0x0, 0x0, 0x96, 0x0, 0x0, 0x2e, 0x0,
    0x0, 0x0, 0x0, 0x0, 0x0, 0x0, 0x0, 0x0,
    0x0,

    /* U+5E7F "广" */
    0x0, 0x0, 0x0, 0x4c, 0x0, 0x0, 0x0, 0x0,
    0x0, 0x0, 0xf, 0x30, 0x0, 0x0, 0x0, 0xdd,
    0xdd, 0xdf, 0xdd, 0xdd, 0xd2, 0x0, 0xf4, 0x22,
    0x22, 0x22, 0x22, 0x20, 0x0, 0xf1, 0x0, 0x0,
    0x0, 0x0, 0x0, 0x0, 0xf1, 0x0, 0x0, 0x0,
    0x0, 0x0, 0x0, 0xf1, 0x0, 0x0, 0x0, 0x0,
    0x0, 0x1, 0xf0, 0x0, 0x0, 0x0, 0x0, 0x0,
    0x2, 0xe0, 0x0, 0x0, 0x0, 0x0, 0x0, 0x4,
    0xc0, 0x0, 0x0, 0x0, 0x0, 0x0, 0x9, 0x90,
    0x0, 0x0, 0x0, 0x0, 0x0, 0x1f, 0x30, 0x0,
    0x0, 0x0, 0x0, 0x0, 0x3a, 0x0, 0x0, 0x0,
    0x0, 0x0, 0x0, 0x0, 0x0, 0x0, 0x0, 0x0,
    0x0, 0x0,

    /* U+5E80 "庀" */
    0x0, 0x0, 0x0, 0xa, 0x10, 0x0, 0x0, 0x0,
    0x0, 0x0, 0xb, 0x70, 0x0, 0x0, 0x2, 0xff,
    0xff, 0xff, 0xff, 0xff, 0xf6, 0x2, 0xe0, 0x3,
    0x0, 0x0, 0x0, 0x0, 0x2, 0xe0, 0x1f, 0x0,
    0x0, 0x0, 0x0, 0x2, 0xe0, 0x1f, 0x0, 0x0,
    0x5d, 0x40, 0x3, 0xe0, 0x1f, 0x1, 0x6d, 0xd6,
    0x0, 0x4, 0xd0, 0x1f, 0xae, 0xa4, 0x0, 0x0,
    0x4, 0xc0, 0x1f, 0x50, 0x0, 0x0, 0x0, 0x6,
    0xb0, 0x1f, 0x0, 0x0, 0x0, 0x20, 0x9, 0x80,
    0x1f, 0x0, 0x0, 0x0, 0xf2, 0xe, 0x40, 0x1f,
    0x31, 0x0, 0x14, 0xf0, 0x3d, 0x0, 0x9, 0xff,
    0xff, 0xfe, 0x60, 0x1, 0x0, 0x0, 0x0, 0x0,
    0x0, 0x0,

    /* U+5E84 "庄" */
    0x0, 0x0, 0x0, 0xc, 0x10, 0x0, 0x0, 0x0,
    0x0, 0x0, 0x9, 0x80, 0x0, 0x0, 0x0, 0xee,
    0xee, 0xef, 0xfe, 0xee, 0xe8, 0x0, 0xf0, 0x0,
    0x1, 0x30, 0x0, 0x0, 0x0, 0xf0, 0x0, 0x2,
    0xe0, 0x0, 0x0, 0x0, 0xf0, 0x0, 0x2, 0xe0,
    0x0, 0x0, 0x1, 0xf0, 0xbb, 0xbc, 0xfb, 0xbb,
    0xa0, 0x2, 0xe0, 0x34, 0x45, 0xf4, 0x44, 0x30,
    0x3, 0xd0, 0x0, 0x2, 0xe0, 0x0, 0x0, 0x4,
    0xc0, 0x0, 0x2, 0xe0, 0x0, 0x0, 0x7, 0x90,
    0x0, 0x2, 0xe0, 0x0, 0x0, 0xb, 0x61, 0x11,
    0x13, 0xe1, 0x11, 0x11, 0x1f, 0xc, 0xee, 0xee,
    0xee, 0xee, 0xe9, 0x3, 0x0, 0x0, 0x0, 0x0,
    0x0, 0x0,

    /* U+5E86 "庆" */
    0x0, 0x0, 0x0, 0x29, 0x0, 0x0, 0x0, 0x0,
    0x0, 0x0, 0xc, 0x60, 0x0, 0x0, 0x2, 0xff,
    0xff, 0xff, 0xff, 0xff, 0xf8, 0x2, 0xe0, 0x0,
    0x0, 0x50, 0x0, 0x0, 0x2, 0xe0, 0x0, 0x3,
    0xd0, 0x0, 0x0, 0x2, 0xe0, 0x0, 0x5, 0xc0,
    0x0, 0x0, 0x3, 0xd4, 0xee, 0xef, 0xfe, 0xee,
    0xe4, 0x3, 0xc0, 0x0, 0xb, 0xf1, 0x0, 0x0,
    0x4, 0xb0, 0x0, 0x1f, 0xa8, 0x0, 0x0, 0x6,
    0xa0, 0x0, 0x8a, 0xd, 0x40, 0x0, 0x9, 0x70,
    0x4, 0xe2, 0x3, 0xe3, 0x0, 0xe, 0x30, 0x5e,
    0x40, 0x0, 0x6f, 0x50, 0x3d, 0x9, 0xd4, 0x0,
    0x0, 0x5, 0xe6, 0x1, 0x1, 0x0, 0x0, 0x0,
    0x0, 0x10,

    /* U+5E8F "序" */
    0x0, 0x0, 0x0, 0x8, 0x0, 0x0, 0x0, 0x0,
    0x0, 0x0, 0xb, 0x80, 0x0, 0x0, 0x1, 0xfe,
    0xee, 0xee, 0xee, 0xee, 0xe7, 0x1, 0xe0, 0x0,
    0x0, 0x0, 0x0, 0x0, 0x1, 0xe0, 0xad, 0xdd,
    0xdd, 0xfd, 0x0, 0x1, 0xe0, 0x2, 0x82, 0x19,
    0xb1, 0x0, 0x2, 0xd0, 0x0, 0x5b, 0xf9, 0x0,
    0x0, 0x3, 0xc7, 0xee, 0xee, 0xff, 0xee, 0xe3,
    0x4, 0xb0, 0x0, 0x1, 0xe0, 0x7, 0xa0, 0x6,
    0xa0, 0x0, 0x1, 0xe0, 0x3d, 0x0, 0x9, 0x60,
    0x0, 0x1, 0xe0, 0x0, 0x0, 0xe, 0x20, 0x0,
    0x2, 0xe0, 0x0, 0x0, 0x2a, 0x0, 0x8, 0xfe,
    0x90, 0x0, 0x0, 0x0, 0x0, 0x0, 0x0, 0x0,
    0x0, 0x0,

    /* U+5E93 "库" */
    0x0, 0x0, 0x0, 0x6, 0x10, 0x0, 0x0, 0x0,
    0x11, 0x11, 0x1b, 0xa1, 0x11, 0x11, 0x1, 0xfd,
    0xdd, 0xdd, 0xdd, 0xdd, 0xd7, 0x1, 0xf0, 0x0,
    0x2c, 0x0, 0x0, 0x0, 0x1, 0xf1, 0xee, 0xff,
    0xee, 0xee, 0xe0, 0x1, 0xf0, 0x3, 0xe1, 0x12,
    0x0, 0x0, 0x2, 0xe0, 0xb, 0x60, 0x4c, 0x0,
    0x0, 0x3, 0xd0, 0x6f, 0xcc, 0xdf, 0xcc, 0x80,
    0x3, 0xc0, 0x13, 0x22, 0x6d, 0x22, 0x10, 0x5,
    0xa0, 0x0, 0x0, 0x4c, 0x0, 0x0, 0x9, 0x77,
    0xff, 0xff, 0xff, 0xff, 0xf8, 0xe, 0x30, 0x0,
    0x0, 0x4c, 0x0, 0x0, 0x2b, 0x0, 0x0, 0x0,
    0x4c, 0x0, 0x0, 0x0, 0x0, 0x0, 0x0, 0x0,
    0x0, 0x0,

    /* U+5E94 "应" */
    0x0, 0x0, 0x0, 0x1b, 0x0, 0x0, 0x0, 0x0,
    0x0, 0x0, 0xb, 0x70, 0x0, 0x0, 0x1, 0xff,
    0xff, 0xff, 0xff, 0xff, 0xf6, 0x1, 0xf0, 0x0,
    0x0, 0x0, 0x0, 0x0, 0x1, 0xf0, 0x10, 0xc,
    0x0, 0x7, 0x80, 0x1, 0xf0, 0xe1, 0xb, 0x50,
    0xc, 0x60, 0x2, 0xe0, 0x97, 0x7, 0x90, 0x1f,
    0x0, 0x3, 0xd0, 0x3d, 0x3, 0xd0, 0x6a, 0x0,
    0x3, 0xc0, 0xe, 0x20, 0xd0, 0xd3, 0x0, 0x5,
    0xb0, 0x7, 0x20, 0x6, 0xa0, 0x0, 0x9, 0x80,
    0x0, 0x0, 0xe, 0x20, 0x0, 0xe, 0x3a, 0xcc,
    0xcc, 0xdf, 0xcc, 0xc7, 0x1b, 0x3, 0x33, 0x33,
    0x33, 0x33, 0x32,

    /* U+5E95 "底" */
    0x0, 0x0, 0x0, 0x17, 0x0, 0x0, 0x0, 0x0,
    0x11, 0x11, 0x2e, 0xa1, 0x11, 0x11, 0x1, 0xfd,
    0xdd, 0xdd, 0xdd, 0xdd, 0xd7, 0x1, 0xe0, 0x0,
    0x12, 0x34, 0x68, 0x0, 0x1, 0xe0, 0xce, 0xcb,
    0xce, 0x74, 0x10, 0x1, 0xe0, 0xc3, 0x0, 0x3d,
    0x0, 0x0, 0x2, 0xe0, 0xc3, 0x0, 0x1e, 0x0,
    0x0, 0x3, 0xd0, 0xcf, 0xee, 0xff, 0xee, 0xd0,
    0x3, 0xc0, 0xc3, 0x0, 0xb, 0x40, 0x0, 0x5,
    0xa0, 0xc3, 0x4, 0x27, 0x80, 0x0, 0x8, 0x70,
    0xc3, 0x6, 0xb1, 0xd0, 0x66, 0xd, 0x30, 0xdb,
    0xe4, 0xb4, 0x98, 0x97, 0x2c, 0x2, 0xb5, 0x0,
    0x38, 0xa, 0xe2, 0x0, 0x0, 0x0, 0x0, 0x0,
    0x0, 0x0,

    /* U+5E9C "府" */
    0x0, 0x0, 0x0, 0x9, 0x10, 0x0, 0x0, 0x0,
    0x0, 0x0, 0xa, 0x80, 0x0, 0x0, 0x2, 0xfe,
    0xee, 0xee, 0xee, 0xee, 0xe7, 0x2, 0xd0, 0x4,
    0xa0, 0x0, 0x1e, 0x0, 0x2, 0xd0, 0xb, 0x60,
    0x0, 0x1f, 0x0, 0x2, 0xd0, 0x4f, 0x3e, 0xee,
    0xef, 0xe8, 0x3, 0xd1, 0xee, 0x0, 0x0, 0x2f,
    0x0, 0x3, 0xd9, 0x9e, 0x6, 0x60, 0x1f, 0x0,
    0x4, 0xc1, 0x1e, 0x1, 0xe1, 0x1f, 0x0, 0x5,
    0xa0, 0x1e, 0x0, 0x88, 0x1f, 0x0, 0x8, 0x80,
    0x1e, 0x0, 0x0, 0x1f, 0x0, 0xd, 0x50, 0x1e,
    0x0, 0x0, 0x2f, 0x0, 0x1c, 0x0, 0x1e, 0x0,
    0xe, 0xf9, 0x0, 0x0, 0x0, 0x0, 0x0, 0x0,
    0x0, 0x0,

    /* U+5E9F "废" */
    0x0, 0x0, 0x0, 0x17, 0x0, 0x0, 0x0, 0x0,
    0x11, 0x11, 0x2d, 0x71, 0x11, 0x11, 0x2, 0xfd,
    0xdd, 0xdd, 0xdd, 0xdd, 0xd7, 0x2, 0xd0, 0x28,
    0x6, 0x60, 0x81, 0x0, 0x2, 0xd0, 0x98, 0xb,
    0x50, 0x4d, 0x10, 0x3, 0xd2, 0xfd, 0xcf, 0xcc,
    0xcd, 0xc2, 0x3, 0xd0, 0x43, 0x8b, 0x22, 0x22,
    0x20, 0x4, 0xd0, 0x0, 0xd6, 0x0, 0x0, 0x0,
    0x5, 0xb0, 0x6, 0xfe, 0xee, 0xfd, 0x0, 0x6,
    0xa0, 0x1e, 0xe8, 0x1, 0xd6, 0x0, 0x9, 0x72,
    0xea, 0xc, 0xad, 0x80, 0x0, 0xd, 0x6e, 0xa0,
    0x28, 0xff, 0x82, 0x0, 0x2e, 0x5, 0xb, 0xf9,
    0x22, 0x9f, 0xd2, 0x2, 0x0, 0x4, 0x0, 0x0,
    0x0, 0x30,

    /* U+5EA6 "度" */
    0x0, 0x0, 0x0, 0x7, 0x10, 0x0, 0x0, 0x0,
    0x22, 0x22, 0x2b, 0x82, 0x22, 0x21, 0x0, 0xfd,
    0xdd, 0xdd, 0xdd, 0xdd, 0xd6, 0x0, 0xf0, 0x2,
    0xd0, 0x0, 0xf0, 0x0, 0x0, 0xf8, 0xde, 0xfd,
    0xdd, 0xfd, 0xd4, 0x0, 0xf0, 0x2, 0xd0, 0x0,
    0xf0, 0x0, 0x1, 0xf0, 0x2, 0xe8, 0x88, 0xf0,
    0x0, 0x2, 0xe0, 0x0, 0x44, 0x44, 0x40, 0x0,
    0x3, 0xd5, 0xdd, 0xdd, 0xdd, 0xdd, 0x10, 0x5,
    0xb0, 0x8, 0xa0, 0x0, 0xb8, 0x0, 0x8, 0x80,
    0x0, 0x7c, 0x6d, 0x70, 0x0, 0xe, 0x31, 0x47,
    0xae, 0xde, 0x96, 0x20, 0x1b, 0xb, 0xb8, 0x40,
    0x2, 0x7a, 0xd5,

    /* U+5EA7 "座" */
    0x0, 0x0, 0x0, 0x5, 0x30, 0x0, 0x0, 0x0,
    0x0, 0x0, 0x6, 0xc1, 0x0, 0x0, 0x3, 0xfe,
    0xee, 0xee, 0xee, 0xee, 0xea, 0x3, 0xd0, 0x2,
    0x0, 0x60, 0x2, 0x0, 0x3, 0xd0, 0xf, 0x1,
    0xe0, 0x3c, 0x0, 0x3, 0xd0, 0x5e, 0x1, 0xe0,
    0x8a, 0x0, 0x4, 0xc0, 0xda, 0xc2, 0xe3, 0xec,
    0x80, 0x4, 0xcb, 0x80, 0x87, 0xed, 0x40, 0xa7,
    0x5, 0xb2, 0x0, 0x1, 0xe0, 0x0, 0x1, 0x7,
    0x92, 0xee, 0xef, 0xfe, 0xee, 0xd0, 0xa, 0x60,
    0x0, 0x1, 0xe0, 0x0, 0x0, 0xe, 0x20, 0x0,
    0x1, 0xe0, 0x0, 0x0, 0x3d, 0x1e, 0xee, 0xee,
    0xfe, 0xee, 0xeb, 0x1, 0x0, 0x0, 0x0, 0x0,
    0x0, 0x0,

    /* U+5EAD "庭" */
    0x0, 0x0, 0x0, 0x0, 0x0, 0x0, 0x0, 0x0,
    0x0, 0x0, 0xe, 0x10, 0x0, 0x0, 0x2, 0xaa,
    0xaa, 0xae, 0xca, 0xaa, 0xa3, 0x2, 0xe4, 0x44,
    0x44, 0x44, 0x44, 0x41, 0x2, 0xd5, 0xaa, 0x71,
    0x46, 0x9d, 0x50, 0x2, 0xd1, 0x3c, 0x46, 0x9b,
    0xa1, 0x0, 0x3, 0xd0, 0x59, 0x0, 0x6, 0x90,
    0x0, 0x3, 0xd3, 0xeb, 0x84, 0xbd, 0xeb, 0x90,
    0x4, 0xc2, 0x36, 0xa1, 0x28, 0xa2, 0x20, 0x5,
    0xb4, 0x58, 0x70, 0x6, 0x90, 0x0, 0x6, 0x92,
    0xbd, 0x22, 0x27, 0xa2, 0x20, 0x9, 0x60, 0xcb,
    0xb, 0xbb, 0xbb, 0xb1, 0xd, 0x33, 0xde, 0x92,
    0x0, 0x0, 0x0, 0x1d, 0x2d, 0x31, 0x8c, 0xef,
    0xee, 0xe4, 0x0, 0x1, 0x0, 0x0, 0x0, 0x0,
    0x0,

    /* U+5EE2 "廢" */
    0x0, 0x0, 0x0, 0x63, 0x0, 0x0, 0x0, 0x6,
    0x99, 0x99, 0xce, 0x99, 0x99, 0x91, 0xa, 0x74,
    0x44, 0x44, 0x74, 0x54, 0x40, 0xa, 0x47, 0xcc,
    0xf2, 0x98, 0xc2, 0x0, 0xa, 0x48, 0x56, 0xa0,
    0x1e, 0x38, 0x60, 0xb, 0x41, 0xdc, 0x0, 0x3,
    0xeb, 0x0, 0xb, 0x9d, 0xcb, 0xd3, 0xec, 0xe9,
    0xd2, 0xc, 0x42, 0x44, 0xd6, 0x70, 0xe1, 0x10,
    0xd, 0x1b, 0x76, 0x59, 0x10, 0x69, 0x30, 0xf,
    0xf, 0xcb, 0x9a, 0xba, 0xca, 0x0, 0x2c, 0x0,
    0x3, 0xa3, 0xc7, 0xc1, 0x0, 0x77, 0x0, 0x6,
    0x80, 0x6e, 0xd4, 0x0, 0x92, 0x5, 0xcd, 0x5d,
    0x91, 0x2b, 0x10, 0x0, 0x0, 0x0, 0x0, 0x0,
    0x0, 0x0,

    /* U+5EE3 "廣" */
    0x0, 0x0, 0x0, 0x0, 0x0, 0x0, 0x0, 0x0,
    0x0, 0x0, 0xd, 0x30, 0x0, 0x0, 0x0, 0xcc,
    0xcc, 0xcf, 0xec, 0xcc, 0xc5, 0x0, 0xf1, 0x13,
    0xb1, 0x15, 0x61, 0x10, 0x0, 0xf3, 0xab, 0xfa,
    0xac, 0xda, 0x80, 0x0, 0xf0, 0x23, 0xf2, 0x26,
    0x82, 0x10, 0x0, 0xf9, 0xdd, 0xfd, 0xde, 0xed,
    0xd5, 0x1, 0xe0, 0x44, 0x45, 0xf4, 0x44, 0x10,
    0x2, 0xd0, 0xe7, 0x67, 0xf6, 0x6e, 0x30, 0x3,
    0xc0, 0xeb, 0xab, 0xfa, 0xae, 0x30, 0x5, 0xa0,
    0xe1, 0x1, 0xe0, 0xc, 0x30, 0x9, 0x60, 0xca,
    0xaa, 0xda, 0xad, 0x30, 0xe, 0x20, 0x39, 0xd1,
    0x5, 0xc6, 0x0, 0x2a, 0xc, 0xb5, 0x0, 0x0,
    0x18, 0xe2, 0x0, 0x0, 0x0, 0x0, 0x0, 0x0,
    0x0,

    /* U+5EFA "建" */
    0x0, 0x0, 0x0, 0x0, 0xd1, 0x0, 0x0, 0x1e,
    0xef, 0x85, 0xaa, 0xfb, 0xaa, 0x20, 0x0, 0xe,
    0x11, 0x22, 0xe3, 0x2b, 0x30, 0x0, 0x89, 0x5d,
    0xdd, 0xfd, 0xdf, 0xd2, 0x2, 0xd0, 0x0, 0x0,
    0xd1, 0xb, 0x30, 0xc, 0xff, 0x87, 0xdd, 0xfd,
    0xdf, 0x30, 0x2, 0x8, 0x60, 0x0, 0xd1, 0x0,
    0x0, 0x8, 0xc, 0x38, 0xcc, 0xfd, 0xcc, 0x60,
    0x8, 0x7e, 0x0, 0x0, 0xd1, 0x0, 0x0, 0x1,
    0xea, 0x4d, 0xdd, 0xfd, 0xdd, 0xd1, 0x0, 0xdc,
    0x10, 0x0, 0xd1, 0x0, 0x0, 0x7, 0xa4, 0xd8,
    0x42, 0x10, 0x0, 0x0, 0x3e, 0x10, 0x17, 0xce,
    0xff, 0xff, 0xf3, 0x1, 0x0, 0x0, 0x0, 0x0,
    0x0, 0x0,

    /* U+5EFF "廿" */
    0x0, 0x6, 0xb0, 0x0, 0x4, 0xd0, 0x0, 0x0,
    0x6, 0xb0, 0x0, 0x4, 0xd0, 0x0, 0x0, 0x6,
    0xb0, 0x0, 0x4, 0xd0, 0x0, 0x1, 0x17, 0xc1,
    0x11, 0x15, 0xe1, 0x10, 0x1f, 0xff, 0xff, 0xff,
    0xff, 0xff, 0xf7, 0x0, 0x6, 0xb0, 0x0, 0x4,
    0xd0, 0x0, 0x0, 0x6, 0xb0, 0x0, 0x4, 0xd0,
    0x0, 0x0, 0x6, 0xb0, 0x0, 0x4, 0xd0, 0x0,
    0x0, 0x6, 0xb0, 0x0, 0x4, 0xd0, 0x0, 0x0,
    0x6, 0xb0, 0x0, 0x4, 0xd0, 0x0, 0x0, 0x6,
    0xc1, 0x11, 0x15, 0xd0, 0x0, 0x0, 0x6, 0xff,
    0xff, 0xff, 0xd0, 0x0, 0x0, 0x6, 0xb0, 0x0,
    0x4, 0xc0, 0x0,

    /* U+5F00 "开" */
    0x8, 0xff, 0xff, 0xff, 0xff, 0xff, 0xf0, 0x0,
    0x0, 0xb5, 0x0, 0xb, 0x50, 0x0, 0x0, 0x0,
    0xb5, 0x0, 0xb, 0x50, 0x0, 0x0, 0x0, 0xb5,
    0x0, 0xb, 0x50, 0x0, 0x0, 0x0, 0xb5, 0x0,
    0xb, 0x50, 0x0, 0x1f, 0xff, 0xff, 0xff, 0xff,
    0xff, 0xf7, 0x0, 0x0, 0xe4, 0x0, 0xc, 0x60,
    0x0, 0x0, 0x1, 0xf0, 0x0, 0xb, 0x50, 0x0,
    0x0, 0x7, 0xb0, 0x0, 0xb, 0x50, 0x0, 0x0,
    0x2f, 0x40, 0x0, 0xb, 0x50, 0x0, 0x3, 0xd8,
    0x0, 0x0, 0xb, 0x50, 0x0, 0xb, 0x70, 0x0,
    0x0, 0xb, 0x50, 0x0, 0x0, 0x0, 0x0, 0x0,
    0x0, 0x0, 0x0,

    /* U+5F02 "异" */
    0x0, 0xdf, 0xee, 0xee, 0xee, 0xfc, 0x0, 0x0,
    0xd3, 0x0, 0x0, 0x0, 0x3c, 0x0, 0x0, 0xde,
    0xdd, 0xdd, 0xdd, 0xec, 0x0, 0x0, 0xd4, 0x0,
    0x0, 0x0, 0x0, 0x60, 0x0, 0xc6, 0x0, 0x0,
    0x0, 0x2, 0xf0, 0x0, 0x5c, 0xee, 0xee, 0xee,
    0xed, 0x70, 0x0, 0x1, 0xa0, 0x0, 0x8, 0x40,
    0x0, 0x0, 0x3, 0xe0, 0x0, 0xb, 0x50, 0x0,
    0x1e, 0xef, 0xfe, 0xee, 0xef, 0xfe, 0xe7, 0x0,
    0xb, 0x80, 0x0, 0xb, 0x50, 0x0, 0x0, 0x8d,
    0x10, 0x0, 0xb, 0x50, 0x0, 0xb, 0xa1, 0x0,
    0x0, 0xb, 0x50, 0x0, 0x0, 0x0, 0x0, 0x0,
    0x0, 0x0, 0x0,

    /* U+5F0F "式" */
    0x0, 0x0, 0x0, 0x0, 0xe3, 0x85, 0x0, 0x0,
    0x0, 0x0, 0x0, 0xe3, 0x2e, 0x60, 0x0, 0x0,
    0x0, 0x0, 0xe4, 0x3, 0x60, 0x1f, 0xff, 0xff,
    0xff, 0xff, 0xff, 0xf6, 0x0, 0x0, 0x0, 0x0,
    0xb5, 0x0, 0x0, 0x0, 0x0, 0x0, 0x0, 0x97,
    0x0, 0x0, 0x9, 0xff, 0xff, 0xf9, 0x79, 0x0,
    0x0, 0x0, 0x0, 0xf0, 0x0, 0x5c, 0x0, 0x0,
    0x0, 0x0, 0xf0, 0x0, 0x1f, 0x0, 0x0, 0x0,
    0x0, 0xf0, 0x0, 0xd, 0x40, 0x23, 0x0, 0x1,
    0xf5, 0x8c, 0x8, 0xb0, 0x59, 0x8, 0xcf, 0xda,
    0x62, 0x1, 0xf6, 0x97, 0x6, 0x41, 0x0, 0x0,
    0x0, 0x4d, 0xd1,

    /* U+5F18 "弘" */
    0x0, 0x0, 0x0, 0x0, 0x20, 0x0, 0xb, 0xff,
    0xfd, 0x0, 0xf, 0x20, 0x0, 0x0, 0x2, 0xd0,
    0x3, 0xe0, 0x0, 0x0, 0x0, 0x2d, 0x0, 0x6b,
    0x0, 0x0, 0x6e, 0xee, 0xd0, 0xa, 0x70, 0x0,
    0x9, 0x60, 0x0, 0x0, 0xd4, 0x0, 0x0, 0xb4,
    0x0, 0x0, 0x1f, 0x7, 0x50, 0xd, 0xee, 0xeb,
    0x6, 0xc0, 0x5c, 0x0, 0x11, 0x15, 0xb0, 0xb7,
    0x0, 0xe3, 0x0, 0x0, 0x69, 0xf, 0x20, 0x9,
    0x90, 0x0, 0x9, 0x66, 0xd2, 0x46, 0xbe, 0x0,
    0x1, 0xe2, 0xdf, 0xfc, 0xa7, 0xe4, 0x5f, 0xf9,
    0x4, 0x20, 0x0, 0x8, 0x40,

    /* U+5F25 "弥" */
    0x0, 0x0, 0x0, 0x7, 0x10, 0x0, 0x0, 0x1f,
    0xff, 0xd0, 0xf, 0x0, 0x0, 0x0, 0x0, 0x2,
    0xd0, 0x5f, 0xcc, 0xcc, 0xc2, 0x0, 0x2, 0xd0,
    0xb6, 0x2f, 0x24, 0xd0, 0xf, 0xff, 0xc5, 0xe0,
    0xf, 0x6, 0x60, 0xe, 0x0, 0x6, 0x43, 0xf,
    0x5, 0x0, 0xe, 0x0, 0x0, 0x3c, 0xf, 0xd,
    0x20, 0x1f, 0xee, 0xc0, 0x78, 0xf, 0x8, 0x80,
    0x0, 0x3, 0xc0, 0xc3, 0xf, 0x3, 0xd0, 0x0,
    0x4, 0xb4, 0xc0, 0xf, 0x0, 0xf1, 0x0, 0x5,
    0xa4, 0x40, 0xf, 0x0, 0x61, 0x0, 0x9, 0x80,
    0x0, 0xf, 0x0, 0x0, 0xa, 0xfd, 0x20, 0x8,
    0xfb, 0x0, 0x0, 0x0, 0x0, 0x0, 0x0, 0x0,
    0x0, 0x0,

    /* U+5F27 "弧" */
    0x0, 0x0, 0x0, 0x0, 0x0, 0x37, 0x70, 0x2f,
    0xff, 0xd0, 0x9c, 0xed, 0xcd, 0x40, 0x0, 0x2,
    0xd0, 0xe2, 0xc2, 0x1c, 0x0, 0x0, 0x2, 0xd0,
    0xe0, 0xb2, 0xd, 0x0, 0xf, 0xff, 0xd0, 0xe0,
    0xc2, 0xd, 0x0, 0xe, 0x0, 0x0, 0xf0, 0xc2,
    0xe, 0x0, 0xe, 0x0, 0x0, 0xe0, 0xd1, 0xc,
    0x10, 0xf, 0xee, 0xc1, 0xd0, 0xd0, 0xa, 0x30,
    0x0, 0x3, 0xc3, 0xb0, 0xd3, 0x18, 0x60, 0x0,
    0x4, 0xb6, 0x81, 0xc6, 0x85, 0x90, 0x0, 0x5,
    0x9a, 0x45, 0x71, 0xd2, 0xd0, 0x0, 0x9, 0x8e,
    0xb, 0xde, 0xe3, 0xc4, 0xb, 0xfd, 0x58, 0x5,
    0x40, 0x44, 0x63, 0x0, 0x0, 0x0, 0x0, 0x0,
    0x0, 0x0,

    /* U+5F37 "強" */
    0x0, 0x0, 0x0, 0x0, 0x82, 0x0, 0x0, 0x2f,
    0xff, 0xf1, 0x6, 0xb0, 0x22, 0x0, 0x0, 0x0,
    0xd1, 0x1d, 0x10, 0x3d, 0x10, 0x0, 0x0, 0xd3,
    0xdb, 0x79, 0xae, 0xb0, 0x8, 0xaa, 0xf2, 0xa8,
    0x7c, 0x32, 0xb3, 0xe, 0x55, 0x50, 0x0, 0x1e,
    0x0, 0x0, 0xe, 0x0, 0x0, 0xfd, 0xdf, 0xdd,
    0xe0, 0x3e, 0x77, 0x72, 0xe0, 0x1e, 0x1, 0xe0,
    0x27, 0x77, 0xe3, 0xf3, 0x4f, 0x34, 0xe0, 0x0,
    0x0, 0xe2, 0xaa, 0xbf, 0xab, 0x90, 0x0, 0x0,
    0xf0, 0x0, 0x1e, 0xa, 0x40, 0x0, 0x4, 0xd0,
    0x1, 0x3f, 0x48, 0xe0, 0x3, 0xfe, 0x69, 0xfd,
    0xca, 0x97, 0xa7, 0x0, 0x0, 0x0, 0x0, 0x0,
    0x0, 0x0,

    /* U+5F3A "强" */
    0x2f, 0xff, 0xf2, 0xbe, 0xee, 0xef, 0x10, 0x0,
    0x0, 0xd2, 0xb4, 0x0, 0xe, 0x10, 0x0, 0x0,
    0xd2, 0xb6, 0x22, 0x2e, 0x10, 0x9, 0xaa, 0xf2,
    0x7b, 0xbf, 0xbb, 0x10, 0xe, 0x44, 0x40, 0x0,
    0x1e, 0x0, 0x0, 0xe, 0x0, 0x0, 0xfd, 0xdf,
    0xde, 0x70, 0x2e, 0x77, 0x70, 0xe0, 0x1e, 0x7,
    0x70, 0x27, 0x78, 0xf0, 0xe2, 0x3e, 0x29, 0x70,
    0x0, 0x1, 0xf0, 0xbb, 0xcf, 0xbb, 0x50, 0x0,
    0x3, 0xd0, 0x0, 0x1e, 0xc, 0x0, 0x0, 0x6,
    0xa0, 0x1, 0x3e, 0x4c, 0x80, 0x6, 0xfe, 0x49,
    0xfd, 0xca, 0x86, 0xd1, 0x0, 0x0, 0x0, 0x0,
    0x0, 0x0, 0x10,

    /* U+5F4C "彌" */
    0x4f, 0xff, 0x7e, 0xee, 0xef, 0xee, 0xe4, 0x0,
    0x9, 0x50, 0xa6, 0x2d, 0x2b, 0x10, 0x0, 0x9,
    0x6a, 0x91, 0x3d, 0x15, 0xd1, 0xf, 0xff, 0x7f,
    0xcc, 0xcf, 0xcc, 0xf2, 0x1a, 0x0, 0xc, 0x43,
    0x7c, 0x27, 0xe0, 0x39, 0x0, 0xc, 0x4f, 0x4c,
    0xa6, 0xe0, 0x5f, 0xee, 0x4c, 0xa5, 0x7d, 0x96,
    0xe0, 0x0, 0xb, 0x4c, 0x30, 0x6c, 0x15, 0xe0,
    0x0, 0xc, 0x3c, 0x7c, 0x5c, 0xa7, 0xe0, 0x0,
    0xd, 0x1c, 0x4c, 0x8b, 0x98, 0xe0, 0x0, 0x1f,
    0xc, 0xa1, 0x2d, 0x51, 0xe0, 0xf, 0xe7, 0xc,
    0x10, 0xb, 0x1d, 0xb0, 0x0, 0x0, 0x2, 0x0,
    0x0, 0x0, 0x0,

    /* U+5F52 "归" */
    0x0, 0x1f, 0x0, 0x0, 0x0, 0x0, 0x0, 0x1f,
    0x6, 0x88, 0x88, 0x86, 0xe1, 0x1f, 0x5, 0x88,
    0x88, 0xac, 0xe1, 0x1f, 0x0, 0x0, 0x0, 0x4c,
    0xe1, 0x1f, 0x0, 0x0, 0x0, 0x4c, 0xe1, 0x1f,
    0x0, 0x0, 0x0, 0x4c, 0xe1, 0x2e, 0x3, 0xff,
    0xff, 0xfc, 0xe1, 0x2e, 0x0, 0x0, 0x0, 0x5c,
    0xb1, 0x5b, 0x0, 0x0, 0x0, 0x4c, 0x0, 0x98,
    0x0, 0x0, 0x0, 0x4c, 0x1, 0xf3, 0x1, 0x11,
    0x11, 0x5c, 0xb, 0xb0, 0xe, 0xff, 0xff, 0xfc,
    0x6d, 0x10, 0x0, 0x0, 0x0, 0x4c, 0x1, 0x0,
    0x0, 0x0, 0x0, 0x0,

    /* U+5F53 "当" */
    0x2, 0x0, 0xc, 0x50, 0x0, 0x50, 0x3e, 0x10,
    0xc, 0x50, 0x7, 0xc0, 0x9, 0x90, 0xc, 0x50,
    0xe, 0x40, 0x1, 0xf1, 0xc, 0x50, 0x7a, 0x0,
    0x0, 0x20, 0xc, 0x50, 0x21, 0x0, 0x5f, 0xff,
    0xff, 0xff, 0xff, 0xe0, 0x1, 0x11, 0x11, 0x11,
    0x13, 0xf0, 0x0, 0x0, 0x0, 0x0, 0x2, 0xf0,
    0xc, 0xee, 0xee, 0xee, 0xef, 0xf0, 0x0, 0x0,
    0x0, 0x0, 0x3, 0xf0, 0x0, 0x0, 0x0, 0x0,
    0x2, 0xf0, 0x7b, 0xbb, 0xbb, 0xbb, 0xbc, 0xf0,
    0x24, 0x44, 0x44, 0x44, 0x46, 0xf0,

    /* U+5F55 "录" */
    0x0, 0x0, 0x0, 0x0, 0x0, 0x0, 0x0, 0x1,
    0xff, 0xff, 0xff, 0xff, 0xf7, 0x0, 0x0, 0x0,
    0x0, 0x0, 0x0, 0xa6, 0x0, 0x0, 0xae, 0xee,
    0xee, 0xee, 0xf5, 0x0, 0x0, 0x0, 0x0, 0x0,
    0x0, 0xc4, 0x0, 0xa, 0xaa, 0xaa, 0xaa, 0xaa,
    0xfc, 0xa1, 0x3, 0x54, 0x33, 0xaa, 0x33, 0x46,
    0x30, 0x0, 0xbb, 0x10, 0x8f, 0x10, 0xac, 0x0,
    0x0, 0x7, 0xd0, 0x9e, 0xbd, 0x90, 0x0, 0x0,
    0x0, 0x6c, 0xf8, 0x8c, 0x0, 0x0, 0x2, 0x8e,
    0xb4, 0x88, 0x9, 0xd4, 0x0, 0xb, 0x92, 0x0,
    0x98, 0x0, 0x4c, 0xd1, 0x0, 0x0, 0x7e, 0xe4,
    0x0, 0x0, 0x30,

    /* U+5F62 "形" */
    0x0, 0x0, 0x0, 0x0, 0x0, 0x4, 0x20, 0x4f,
    0xff, 0xff, 0xfe, 0x0, 0x5e, 0x20, 0x0, 0xb4,
    0x7, 0x80, 0x8, 0xe2, 0x0, 0x0, 0xb4, 0x7,
    0x80, 0xcb, 0x10, 0x0, 0x0, 0xb4, 0x7, 0x80,
    0x10, 0x1, 0x50, 0x0, 0xb5, 0x8, 0x90, 0x0,
    0x1d, 0x70, 0x7e, 0xfe, 0xef, 0xfe, 0x13, 0xd7,
    0x0, 0x0, 0xd2, 0x7, 0x80, 0x8e, 0x40, 0x0,
    0x0, 0xf0, 0x7, 0x80, 0x20, 0x0, 0xc2, 0x1,
    0xe0, 0x7, 0x80, 0x0, 0xb, 0xa0, 0x6, 0xb0,
    0x7, 0x80, 0x1, 0xbb, 0x0, 0xd, 0x40, 0x7,
    0x80, 0x7e, 0x70, 0x0, 0x59, 0x0, 0x7, 0x85,
    0xb2, 0x0, 0x0, 0x0, 0x0, 0x0, 0x0, 0x0,
    0x0, 0x0,

    /* U+5F64 "彤" */
    0x0, 0x0, 0x0, 0x0, 0x0, 0x2, 0x50, 0x0,
    0xdf, 0xff, 0xfb, 0x0, 0x2e, 0x50, 0x0, 0xd1,
    0x10, 0x4b, 0x5, 0xe6, 0x0, 0x0, 0xd4, 0xd0,
    0x4b, 0x3d, 0x30, 0x0, 0x0, 0xd1, 0x87, 0x4b,
    0x0, 0x2, 0xc1, 0x0, 0xd1, 0x16, 0x4b, 0x0,
    0x2e, 0x50, 0x1d, 0xfe, 0xdd, 0xef, 0x95, 0xe6,
    0x0, 0x2, 0xe3, 0x22, 0x6b, 0x4d, 0x30, 0x0,
    0x0, 0xf0, 0x0, 0x4b, 0x0, 0x0, 0x74, 0x1,
    0xe0, 0x0, 0x4b, 0x0, 0x3, 0xf2, 0x4, 0xc0,
    0x0, 0x4b, 0x0, 0x2e, 0x60, 0x9, 0x70, 0x0,
    0x5b, 0x7, 0xf6, 0x0, 0xe, 0x10, 0xb, 0xe6,
    0xbc, 0x20, 0x0, 0x1, 0x0, 0x0, 0x0, 0x10,
    0x0, 0x0,

    /* U+5F71 "影" */
    0x0, 0x0, 0x0, 0x0, 0x0, 0x2, 0x10, 0x7,
    0xdb, 0xbb, 0xcc, 0x0, 0x2e, 0x50, 0x7, 0xda,
    0xaa, 0xcc, 0x4, 0xe6, 0x0, 0x7, 0x70, 0x0,
    0x3c, 0x6e, 0x40, 0x0, 0x5, 0xbb, 0xeb, 0xb9,
    0x2, 0x1, 0x80, 0x17, 0x77, 0xf7, 0x77, 0x20,
    0x1d, 0x60, 0x5, 0x55, 0x55, 0x55, 0x14, 0xe6,
    0x0, 0x5, 0xec, 0xcc, 0xda, 0x6d, 0x30, 0x0,
    0x5, 0x90, 0x0, 0x5a, 0x0, 0x0, 0x72, 0x4,
    0xbb, 0xfc, 0xb7, 0x0, 0x6, 0xc0, 0x3, 0xb0,
    0xe2, 0xb0, 0x0, 0x7d, 0x10, 0xd, 0x50, 0xe1,
    0x69, 0x3c, 0xb1, 0x0, 0x4, 0x2d, 0xd0, 0x2,
    0xb6, 0x0, 0x0,

    /* U+5F7C "彼" */
    0x0, 0x3c, 0x0, 0x0, 0xe1, 0x0, 0x0, 0x1e,
    0x50, 0x0, 0xe, 0x10, 0x0, 0x3e, 0x80, 0xd,
    0xee, 0xfe, 0xee, 0x84, 0x60, 0xa2, 0xe2, 0x1e,
    0x21, 0xc5, 0x0, 0x6d, 0xe, 0x0, 0xe1, 0xf,
    0x10, 0x2f, 0x50, 0xf1, 0xe, 0x11, 0x40, 0x1e,
    0xf3, 0xf, 0xfe, 0xee, 0xed, 0x9, 0xad, 0x31,
    0xf8, 0x50, 0x8, 0x70, 0x10, 0xc3, 0x2d, 0x1d,
    0x1, 0xe1, 0x0, 0xc, 0x34, 0xb0, 0x89, 0xc6,
    0x0, 0x0, 0xc3, 0x98, 0x1, 0xfd, 0x0, 0x0,
    0xc, 0x4e, 0x35, 0xe7, 0x9e, 0x60, 0x0, 0xc6,
    0x87, 0xb3, 0x0, 0x3a, 0x90,

    /* U+5F81 "征" */
    0x0, 0x9, 0x60, 0x0, 0x0, 0x0, 0x0, 0x0,
    0x6d, 0x18, 0xee, 0xee, 0xee, 0xe1, 0x7, 0xe3,
    0x0, 0x0, 0x2e, 0x0, 0x0, 0xc, 0x22, 0x60,
    0x0, 0x2e, 0x0, 0x0, 0x0, 0xd, 0x70, 0x0,
    0x2e, 0x0, 0x0, 0x0, 0xad, 0x0, 0xa0, 0x2e,
    0x0, 0x0, 0xb, 0xec, 0x1, 0xe0, 0x2f, 0xee,
    0xb0, 0x1b, 0x5c, 0x1, 0xe0, 0x2e, 0x0, 0x0,
    0x0, 0x4c, 0x1, 0xe0, 0x2e, 0x0, 0x0, 0x0,
    0x4c, 0x1, 0xe0, 0x2e, 0x0, 0x0, 0x0, 0x4c,
    0x1, 0xe0, 0x2e, 0x0, 0x0, 0x0, 0x4c, 0x1,
    0xe0, 0x2e, 0x0, 0x0, 0x0, 0x4c, 0x6f, 0xff,
    0xff, 0xff, 0xf8,

    /* U+5F8C "後" */
    0x0, 0x19, 0x0, 0x5, 0x50, 0x0, 0x0, 0x0,
    0xc6, 0x0, 0x3d, 0x20, 0x20, 0x0, 0x1c, 0x80,
    0x4, 0xd2, 0x6, 0xd3, 0x0, 0x57, 0xa, 0x6f,
    0xed, 0xe9, 0x20, 0x0, 0x0, 0x7b, 0x1, 0x6b,
    0x30, 0x98, 0x0, 0x5, 0xf3, 0x5d, 0xfa, 0xbc,
    0xdf, 0x60, 0x6e, 0xe3, 0x25, 0x6f, 0x30, 0x1,
    0xd0, 0x42, 0xc3, 0x1, 0xde, 0xbb, 0xb8, 0x0,
    0x0, 0xc3, 0x4e, 0xe6, 0x12, 0xd6, 0x0, 0x0,
    0xc3, 0xb4, 0x2e, 0x4b, 0xa0, 0x0, 0x0, 0xc3,
    0x0, 0x7, 0xfd, 0x0, 0x0, 0x0, 0xc3, 0x16,
    0xcd, 0x6a, 0xe7, 0x30, 0x0, 0xc4, 0xda, 0x40,
    0x0, 0x38, 0xd2,

    /* U+5F90 "徐" */
    0x0, 0x0, 0x0, 0x0, 0x0, 0x0, 0x0, 0x0,
    0x3c, 0x0, 0x0, 0xb3, 0x0, 0x0, 0x2, 0xe3,
    0x0, 0x7, 0xeb, 0x0, 0x0, 0x4e, 0x40, 0x0,
    0x6c, 0x9, 0xb0, 0x0, 0x43, 0x1e, 0x4a, 0xd1,
    0x0, 0x9d, 0x30, 0x0, 0xa9, 0xaa, 0xaa, 0xaa,
    0xbc, 0xe1, 0x9, 0xf3, 0x0, 0x33, 0xd6, 0x32,
    0x0, 0x9d, 0xc3, 0x0, 0x0, 0xc3, 0x0, 0x0,
    0x51, 0xb3, 0x6f, 0xff, 0xff, 0xff, 0xe0, 0x0,
    0xb3, 0x0, 0x10, 0xc3, 0x1, 0x0, 0x0, 0xb3,
    0x8, 0x90, 0xc3, 0x4d, 0x0, 0x0, 0xb3, 0x1e,
    0x10, 0xc3, 0x9, 0x90, 0x0, 0xb3, 0xa7, 0x0,
    0xd3, 0x1, 0xd0, 0x0, 0xb3, 0x0, 0x7f, 0xd1,
    0x0, 0x0, 0x0, 0x0, 0x0, 0x0, 0x0, 0x0,
    0x0,

    /* U+5F92 "徒" */
    0x0, 0x19, 0x0, 0x0, 0xd2, 0x0, 0x0, 0x0,
    0xd6, 0x0, 0x0, 0xd2, 0x0, 0x0, 0x2d, 0x70,
    0xe, 0xee, 0xfe, 0xee, 0x50, 0x75, 0xb, 0x20,
    0x0, 0xd2, 0x0, 0x0, 0x0, 0x8b, 0x0, 0x0,
    0xd2, 0x0, 0x0, 0x5, 0xf4, 0xbf, 0xff, 0xff,
    0xff, 0xf1, 0x6f, 0xe3, 0x0, 0x0, 0xb4, 0x0,
    0x0, 0x83, 0xb3, 0xa, 0x30, 0xb4, 0x0, 0x0,
    0x0, 0xb3, 0xe, 0x20, 0xbf, 0xee, 0x70, 0x0,
    0xb3, 0x1f, 0x40, 0xb4, 0x0, 0x0, 0x0, 0xb3,
    0x5d, 0xc0, 0xb4, 0x0, 0x0, 0x0, 0xb4, 0xc4,
    0x8d, 0xd4, 0x0, 0x0, 0x0, 0xb8, 0x90, 0x5,
    0xbe, 0xff, 0xf1,

    /* U+5F97 "得" */
    0x0, 0x2, 0x20, 0x0, 0x0, 0x0, 0x0, 0x0,
    0x2e, 0x30, 0xfc, 0xcc, 0xce, 0xa0, 0x5, 0xd4,
    0x0, 0xf4, 0x44, 0x48, 0xa0, 0xa, 0x12, 0x60,
    0xf5, 0x55, 0x59, 0xa0, 0x0, 0x1d, 0x40, 0xfb,
    0xbb, 0xbd, 0xa0, 0x0, 0xbc, 0x0, 0x11, 0x11,
    0x11, 0x0, 0x1d, 0xdb, 0xd, 0xee, 0xee, 0xee,
    0xe4, 0x29, 0x4b, 0x0, 0x0, 0x0, 0x97, 0x0,
    0x0, 0x4b, 0x3d, 0xdd, 0xdd, 0xfe, 0xd7, 0x0,
    0x4b, 0x0, 0x82, 0x0, 0x97, 0x0, 0x0, 0x4b,
    0x0, 0x5d, 0x0, 0x97, 0x0, 0x0, 0x4b, 0x0,
    0x8, 0x30, 0x97, 0x0, 0x0, 0x4b, 0x0, 0x0,
    0x5e, 0xe3, 0x0,

    /* U+5F9E "從" */
    0x0, 0x19, 0x0, 0x46, 0x0, 0x91, 0x0, 0x0,
    0xc6, 0x0, 0xa6, 0x2, 0xe0, 0x0, 0x1c, 0x80,
    0x0, 0xf3, 0x6, 0xc0, 0x0, 0x76, 0xa, 0x37,
    0xdc, 0x2d, 0xd8, 0x0, 0x0, 0x7c, 0x4f, 0x35,
    0xc9, 0xc, 0x70, 0x4, 0xf4, 0x96, 0x0, 0xc1,
    0x1, 0x90, 0x6e, 0xe3, 0x0, 0x20, 0xc2, 0x0,
    0x0, 0x83, 0xb3, 0x5, 0xb0, 0xc2, 0x0, 0x0,
    0x0, 0xb3, 0x8, 0x90, 0xce, 0xee, 0x40, 0x0,
    0xb3, 0xb, 0xc0, 0xc2, 0x0, 0x0, 0x0, 0xb3,
    0xe, 0xd2, 0xc2, 0x0, 0x0, 0x0, 0xb3, 0x8a,
    0x3d, 0xe3, 0x0, 0x0, 0x0, 0xb6, 0xc1, 0x3,
    0xbe, 0xff, 0xd0,

    /* U+5FA9 "復" */
    0x0, 0x7, 0x0, 0x52, 0x0, 0x0, 0x0, 0x0,
    0xb8, 0x1, 0xf5, 0x11, 0x11, 0x10, 0xb, 0xa0,
    0x9, 0xeb, 0xbb, 0xbb, 0xb0, 0x77, 0x8, 0x8f,
    0x86, 0x66, 0x66, 0x0, 0x0, 0x6c, 0x55, 0xe4,
    0x44, 0x4e, 0x10, 0x5, 0xf4, 0x1, 0xfb, 0xbb,
    0xbf, 0x10, 0x7e, 0xd3, 0x1, 0xe4, 0x44, 0x4e,
    0x10, 0x62, 0xb3, 0x0, 0x6e, 0x76, 0x66, 0x0,
    0x0, 0xb3, 0x0, 0xaf, 0xbb, 0xba, 0x0, 0x0,
    0xb3, 0x2c, 0xbc, 0x11, 0xc7, 0x0, 0x0, 0xb3,
    0x56, 0x6, 0xdd, 0x80, 0x0, 0x0, 0xb3, 0x2,
    0x6b, 0xcd, 0xa5, 0x10, 0x0, 0xb3, 0x9c, 0x83,
    0x0, 0x5a, 0xc1,

    /* U+5FAE "微" */
    0x0, 0x87, 0x0, 0xc0, 0x0, 0xd0, 0x0, 0x3,
    0xe1, 0x50, 0xc0, 0x51, 0xe0, 0x0, 0x1e, 0x40,
    0xb0, 0xc0, 0xc3, 0xc0, 0x0, 0x56, 0x29, 0xb0,
    0xc0, 0xc6, 0xeb, 0xb6, 0x0, 0xc6, 0xad, 0xdd,
    0xab, 0x72, 0xe2, 0x8, 0xf0, 0x33, 0x33, 0x4f,
    0x80, 0xd0, 0x6d, 0xf0, 0x88, 0x88, 0x89, 0xb4,
    0xa0, 0x42, 0xe0, 0x4a, 0xaa, 0x30, 0xd9, 0x60,
    0x0, 0xe0, 0x69, 0x2a, 0x50, 0x9f, 0x10, 0x0,
    0xe0, 0x76, 0x9, 0x96, 0x7c, 0x0, 0x0, 0xe0,
    0x94, 0xd, 0xb3, 0xee, 0x30, 0x0, 0xe1, 0xe1,
    0x5, 0x2d, 0x55, 0xe2, 0x0, 0xe3, 0x80, 0x0,
    0x96, 0x0, 0x75, 0x0, 0x0, 0x0, 0x0, 0x0,
    0x0, 0x0,

    /* U+5FB5 "徵" */
    0x0, 0x0, 0x0, 0x0, 0x0, 0x0, 0x0, 0x0,
    0x87, 0x0, 0xd0, 0x0, 0xc1, 0x0, 0x2, 0xe1,
    0x40, 0xd0, 0x31, 0xe0, 0x0, 0x1d, 0x50, 0xc0,
    0xd1, 0xa4, 0xb0, 0x0, 0x67, 0x18, 0xc1, 0xe3,
    0xa9, 0xfe, 0xe6, 0x0, 0xb7, 0xab, 0xbb, 0x9f,
    0x32, 0xd0, 0x6, 0xf0, 0x78, 0x88, 0xae, 0x54,
    0xa0, 0x4e, 0xf0, 0x33, 0x33, 0x24, 0x86, 0x80,
    0x64, 0xe0, 0xcc, 0xfd, 0x90, 0xca, 0x40, 0x0,
    0xe0, 0x0, 0xf0, 0x0, 0xce, 0x0, 0x0, 0xe0,
    0x9c, 0xfd, 0x60, 0x8b, 0x0, 0x0, 0xe0, 0x0,
    0xf0, 0x0, 0xde, 0x0, 0x0, 0xe2, 0xcc, 0xcc,
    0xc9, 0x88, 0xa0, 0x0, 0xe0, 0x0, 0x0, 0x59,
    0x0, 0x94, 0x0, 0x0, 0x0, 0x0, 0x0, 0x0,
    0x0,

    /* U+5FB7 "德" */
    0x0, 0x0, 0x0, 0x0, 0x0, 0x0, 0x0, 0x0,
    0x3b, 0x0, 0x0, 0xf2, 0x0, 0x0, 0x1, 0xe4,
    0x9c, 0xcc, 0xfc, 0xcc, 0xc0, 0x1d, 0x60, 0x12,
    0x24, 0xd2, 0x22, 0x20, 0x86, 0x9, 0x4c, 0xcd,
    0xfc, 0xcc, 0x60, 0x0, 0x5d, 0x3a, 0xc, 0xa,
    0x16, 0x70, 0x0, 0xe5, 0x2a, 0xc, 0xa, 0x16,
    0x70, 0xb, 0xf3, 0x2c, 0xcc, 0xcc, 0xcc, 0x60,
    0x8c, 0xc3, 0x11, 0x11, 0x11, 0x11, 0x10, 0x51,
    0xc3, 0xbc, 0xcc, 0xdc, 0xcc, 0xc0, 0x0, 0xc3,
    0x11, 0x43, 0xc0, 0x5, 0x0, 0x0, 0xc3, 0x85,
    0xd1, 0x72, 0xb, 0x40, 0x0, 0xc4, 0xd0, 0xd1,
    0x0, 0xd3, 0xc0, 0x0, 0xc5, 0x50, 0x9e, 0xdd,
    0x90, 0x50, 0x0, 0x20, 0x0, 0x0, 0x0, 0x0,
    0x0,

    /* U+5FC3 "心" */
    0x0, 0x0, 0x0, 0x0, 0x0, 0x0, 0x0, 0x0,
    0x0, 0xd, 0x50, 0x0, 0x0, 0x0, 0x0, 0x0,
    0x2, 0xd9, 0x0, 0x0, 0x0, 0x0, 0x0, 0x0,
    0xc, 0xb0, 0x0, 0x0, 0x0, 0x0, 0xa2, 0x0,
    0x70, 0x0, 0x0, 0x2, 0x70, 0xe2, 0x0, 0x0,
    0x3c, 0x0, 0x5, 0xa0, 0xe2, 0x0, 0x0, 0xe,
    0x30, 0x8, 0x80, 0xe2, 0x0, 0x0, 0x8, 0xa0,
    0xc, 0x50, 0xe2, 0x0, 0x0, 0x2, 0xf0, 0x1f,
    0x10, 0xe2, 0x0, 0x1, 0x90, 0xe4, 0x4b, 0x0,
    0xe2, 0x0, 0x2, 0xd0, 0x52, 0x0, 0x0, 0xe4,
    0x0, 0x7, 0xa0, 0x0, 0x0, 0x0, 0x7f, 0xff,
    0xfe, 0x30, 0x0,

    /* U+5FCD "忍" */
    0x4, 0xff, 0xff, 0xff, 0xff, 0xff, 0x40, 0x0,
    0x3, 0x0, 0x6c, 0x0, 0xd, 0x30, 0x0, 0x2e,
    0x10, 0xc7, 0x0, 0xe, 0x20, 0x1, 0xe4, 0x6,
    0xe0, 0x0, 0xf, 0x10, 0x0, 0x20, 0x6f, 0x40,
    0x0, 0x2e, 0x0, 0x0, 0x5c, 0xe3, 0x0, 0x8b,
    0xe9, 0x0, 0x7, 0xe8, 0x13, 0x90, 0x13, 0x20,
    0x0, 0x0, 0x21, 0x70, 0xb8, 0x0, 0x27, 0x0,
    0x1, 0xe2, 0xe0, 0x1e, 0x30, 0xe, 0x30, 0x5,
    0xa1, 0xe0, 0x4, 0x30, 0x66, 0xb0, 0xd, 0x41,
    0xf0, 0x0, 0x2, 0xe0, 0xf2, 0x6, 0x0, 0xbf,
    0xff, 0xff, 0x70, 0x30,

    /* U+5FD7 "志" */
    0x0, 0x0, 0x0, 0x98, 0x0, 0x0, 0x0, 0x0,
    0x0, 0x0, 0x98, 0x0, 0x0, 0x0, 0x3f, 0xff,
    0xff, 0xff, 0xff, 0xff, 0xf4, 0x0, 0x0, 0x0,
    0x98, 0x0, 0x0, 0x0, 0x0, 0x0, 0x0, 0x98,
    0x0, 0x0, 0x0, 0x0, 0x22, 0x22, 0xa9, 0x22,
    0x22, 0x0, 0x4, 0xdd, 0xdd, 0xdd, 0xdd, 0xdd,
    0x50, 0x0, 0x0, 0x5, 0x90, 0x0, 0x0, 0x0,
    0x0, 0x31, 0x60, 0x8e, 0x30, 0x23, 0x0, 0x2,
    0xd3, 0xd0, 0x4, 0xc0, 0x3e, 0x0, 0x8, 0x83,
    0xd0, 0x0, 0x1, 0x6b, 0x70, 0x1e, 0x23, 0xe0,
    0x0, 0x5, 0xb3, 0xe0, 0x4, 0x0, 0xcf, 0xff,
    0xfe, 0x50, 0x60,

    /* U+5FF5 "念" */
    0x0, 0x0, 0x0, 0x0, 0x0, 0x0, 0x0, 0x0,
    0x0, 0x0, 0xba, 0x0, 0x0, 0x0, 0x0, 0x0,
    0xa, 0xab, 0xa0, 0x0, 0x0, 0x0, 0x4, 0xd7,
    0x10, 0x7d, 0x50, 0x0, 0x5, 0xdd, 0x40, 0xb9,
    0x3, 0xce, 0x71, 0x2d, 0x50, 0x0, 0x7, 0x10,
    0x3, 0xb3, 0x0, 0x6e, 0xee, 0xee, 0xee, 0xe1,
    0x0, 0x0, 0x0, 0x0, 0x0, 0x9, 0xa0, 0x0,
    0x0, 0x0, 0x5, 0x40, 0x6d, 0x0, 0x0, 0x0,
    0x10, 0x43, 0xe4, 0xa1, 0x13, 0x0, 0x2, 0xe2,
    0xe0, 0x3e, 0x20, 0x1e, 0x10, 0x7, 0x91, 0xe0,
    0x4, 0x0, 0x57, 0xb0, 0xe, 0x31, 0xf0, 0x0,
    0x3, 0xd0, 0xe3, 0x17, 0x0, 0xbf, 0xff, 0xff,
    0x60, 0x31,

    /* U+5FFD "忽" */
    0x0, 0x0, 0x61, 0x0, 0x0, 0x0, 0x0, 0x0,
    0x5, 0xe1, 0x0, 0x0, 0x0, 0x0, 0x0, 0x1e,
    0xee, 0xfe, 0xff, 0xef, 0x60, 0x2, 0xd6, 0x9,
    0x80, 0x88, 0xb, 0x50, 0xb, 0x60, 0x5c, 0x2,
    0xe1, 0xd, 0x30, 0x0, 0x6, 0xd2, 0xb, 0x70,
    0xe, 0x10, 0x0, 0x9c, 0x10, 0xb9, 0x0, 0x2f,
    0x0, 0x0, 0x10, 0x9, 0x90, 0x3d, 0xe8, 0x0,
    0x0, 0x10, 0x30, 0x76, 0x1, 0x11, 0x0, 0x2,
    0xd1, 0xe0, 0x1e, 0x40, 0x1e, 0x20, 0x7, 0x81,
    0xe0, 0x4, 0x71, 0x57, 0xb0, 0xe, 0x21, 0xf0,
    0x0, 0x5, 0xb0, 0xe2, 0x3, 0x0, 0xbf, 0xff,
    0xff, 0x50, 0x10,

    /* U+6000 "怀" */
    0x0, 0x4c, 0x0, 0x0, 0x0, 0x0, 0x0, 0x0,
    0x4c, 0xe, 0xff, 0xff, 0xff, 0xf5, 0x1, 0x5c,
    0x60, 0x0, 0x5e, 0x0, 0x0, 0xb, 0x6c, 0xc2,
    0x0, 0xd7, 0x0, 0x0, 0xd, 0x4c, 0x68, 0x7,
    0xf8, 0x40, 0x0, 0x1c, 0x4c, 0x0, 0x1e, 0xe8,
    0xe4, 0x0, 0x26, 0x4c, 0x0, 0xd8, 0xa6, 0x3e,
    0x40, 0x0, 0x4c, 0x1d, 0xa0, 0xa6, 0x4, 0xe2,
    0x0, 0x4c, 0x39, 0x0, 0xa6, 0x0, 0x51, 0x0,
    0x4c, 0x0, 0x0, 0xa6, 0x0, 0x0, 0x0, 0x4c,
    0x0, 0x0, 0xa6, 0x0, 0x0, 0x0, 0x4c, 0x0,
    0x0, 0xa6, 0x0, 0x0, 0x0, 0x4c, 0x0, 0x0,
    0xa6, 0x0, 0x0,

    /* U+601D "思" */
    0x0, 0xff, 0xee, 0xff, 0xee, 0xfe, 0x0, 0x0,
    0xf0, 0x0, 0xc3, 0x0, 0x1e, 0x0, 0x0, 0xf3,
    0x33, 0xd6, 0x33, 0x4e, 0x0, 0x0, 0xfa, 0xaa,
    0xec, 0xaa, 0xbe, 0x0, 0x0, 0xf0, 0x0, 0xc3,
    0x0, 0x1e, 0x0, 0x0, 0xff, 0xee, 0xff, 0xee,
    0xfe, 0x0, 0x0, 0x0, 0x2, 0x30, 0x0, 0x0,
    0x0, 0x0, 0x20, 0x34, 0xe8, 0x0, 0x13, 0x0,
    0x1, 0xe0, 0xf1, 0x1c, 0x90, 0x3e, 0x10, 0x7,
    0xa0, 0xf1, 0x0, 0x15, 0x49, 0xa0, 0x1e, 0x30,
    0xf2, 0x0, 0xb, 0x71, 0xf2, 0x5, 0x0, 0xaf,
    0xff, 0xfd, 0x20, 0x40,

    /* U+6027 "性" */
    0x0, 0xc3, 0x0, 0x30, 0x78, 0x0, 0x0, 0x0,
    0xc3, 0x0, 0xf1, 0x88, 0x0, 0x0, 0x2, 0xc8,
    0x23, 0xd0, 0x88, 0x0, 0x0, 0x39, 0xc8, 0x97,
    0xff, 0xff, 0xff, 0xb0, 0x57, 0xc3, 0xce, 0x40,
    0x89, 0x0, 0x0, 0x94, 0xc3, 0x5c, 0x0, 0x88,
    0x0, 0x0, 0x71, 0xc3, 0x1, 0x0, 0x88, 0x0,
    0x0, 0x0, 0xc3, 0x7, 0xee, 0xff, 0xee, 0x60,
    0x0, 0xc3, 0x0, 0x0, 0x89, 0x0, 0x0, 0x0,
    0xc3, 0x0, 0x0, 0x88, 0x0, 0x0, 0x0, 0xc3,
    0x0, 0x0, 0x88, 0x0, 0x0, 0x0, 0xc3, 0x12,
    0x22, 0x99, 0x22, 0x20, 0x0, 0xc3, 0x7c, 0xcc,
    0xcc, 0xcc, 0xc0,

    /* U+603B "总" */
    0x0, 0x0, 0x80, 0x0, 0x2, 0x80, 0x0, 0x0,
    0x0, 0x9a, 0x0, 0xb, 0x90, 0x0, 0x0, 0x0,
    0x1e, 0x10, 0x4e, 0x0, 0x0, 0x0, 0x2f, 0xff,
    0xff, 0xff, 0xfe, 0x0, 0x0, 0x2e, 0x0, 0x0,
    0x0, 0x4e, 0x0, 0x0, 0x2e, 0x0, 0x0, 0x0,
    0x3e, 0x0, 0x0, 0x2f, 0x33, 0x33, 0x33, 0x6e,
    0x0, 0x0, 0x2b, 0xbb, 0xdc, 0xbb, 0xbb, 0x0,
    0x0, 0x0, 0x41, 0x9c, 0x10, 0x3, 0x0, 0x1,
    0xf0, 0xd4, 0x7, 0xd2, 0x9, 0x90, 0x6, 0xb0,
    0xd4, 0x0, 0x50, 0x21, 0xd3, 0xe, 0x30, 0xd5,
    0x0, 0x0, 0xc5, 0x5a, 0x2, 0x0, 0x7e, 0xff,
    0xff, 0xc0, 0x0,

    /* U+6052 "恒" */
    0x0, 0xb4, 0x0, 0x0, 0x0, 0x0, 0x0, 0x0,
    0xb4, 0xf, 0xff, 0xff, 0xff, 0xd0, 0x1, 0xb8,
    0x20, 0x0, 0x0, 0x0, 0x0, 0x2a, 0xb8, 0x93,
    0xbb, 0xbb, 0xbb, 0x0, 0x58, 0xb4, 0xc5, 0xb2,
    0x22, 0x3f, 0x0, 0x95, 0xb4, 0x4, 0xa0, 0x0,
    0xf, 0x0, 0x51, 0xb4, 0x4, 0xfd, 0xdd, 0xdf,
    0x0, 0x0, 0xb4, 0x4, 0xb0, 0x0, 0xf, 0x0,
    0x0, 0xb4, 0x4, 0xa0, 0x0, 0xf, 0x0, 0x0,
    0xb4, 0x4, 0xfe, 0xee, 0xff, 0x0, 0x0, 0xb4,
    0x0, 0x0, 0x0, 0x0, 0x0, 0x0, 0xb4, 0x5d,
    0xdd, 0xdd, 0xdd, 0xd1, 0x0, 0xb4, 0x1, 0x11,
    0x11, 0x11, 0x10,

    /* U+6069 "恩" */
    0x0, 0xee, 0xee, 0xee, 0xee, 0xee, 0x0, 0x0,
    0xe1, 0x0, 0x76, 0x0, 0x2e, 0x0, 0x0, 0xe2,
    0xcc, 0xfd, 0xcc, 0x2e, 0x0, 0x0, 0xe1, 0x3,
    0xeb, 0x20, 0x2e, 0x0, 0x0, 0xe2, 0x6d, 0x23,
    0xd5, 0x2e, 0x0, 0x0, 0xe2, 0x71, 0x0, 0x16,
    0x2e, 0x0, 0x0, 0xde, 0xee, 0xee, 0xee, 0xed,
    0x0, 0x0, 0x0, 0x20, 0x83, 0x0, 0x21, 0x0,
    0x0, 0xe0, 0xf1, 0x3e, 0x20, 0x6c, 0x0, 0x6,
    0xb0, 0xf1, 0x6, 0x73, 0x5b, 0x80, 0x1e, 0x30,
    0xf2, 0x0, 0x8, 0x82, 0xf1, 0x4, 0x0, 0xaf,
    0xff, 0xfe, 0x20, 0x10,

    /* U+606F "息" */
    0x0, 0x0, 0x0, 0x0, 0x0, 0x0, 0x0, 0x0,
    0x0, 0x0, 0x99, 0x0, 0x0, 0x0, 0x0, 0xa,
    0xaa, 0xfc, 0xaa, 0xa2, 0x0, 0x0, 0x1e, 0x22,
    0x22, 0x22, 0xd3, 0x0, 0x0, 0x1f, 0xbb, 0xbb,
    0xbb, 0xf3, 0x0, 0x0, 0x1e, 0x11, 0x11, 0x11,
    0xd3, 0x0, 0x0, 0x1f, 0xcc, 0xcc, 0xcc, 0xf3,
    0x0, 0x0, 0x1e, 0x0, 0x0, 0x0, 0xc3, 0x0,
    0x0, 0x1f, 0xdd, 0xdd, 0xdd, 0xf3, 0x0, 0x0,
    0x0, 0x0, 0xb3, 0x0, 0x0, 0x0, 0x0, 0x82,
    0xa0, 0x3e, 0x10, 0x1c, 0x0, 0x4, 0xc2, 0xe0,
    0x7, 0x51, 0x4a, 0x80, 0xc, 0x42, 0xe0, 0x0,
    0x6, 0xa2, 0xf0, 0x6, 0x0, 0xcf, 0xff, 0xfe,
    0x40, 0x10,

    /* U+6073 "恳" */
    0x0, 0x0, 0x0, 0x0, 0x0, 0x0, 0x0, 0x4f,
    0xcc, 0xcc, 0xcc, 0xf3, 0x0, 0x4, 0xe5, 0x55,
    0x55, 0x5d, 0x30, 0x0, 0x4d, 0x44, 0x44, 0x44,
    0xd3, 0x0, 0x4, 0xfc, 0xcd, 0xdc, 0xce, 0x74,
    0x0, 0x4c, 0x0, 0x2d, 0x30, 0x7b, 0x10, 0x4,
    0xc0, 0x14, 0x7d, 0xc7, 0x0, 0x0, 0x8f, 0xfe,
    0xb4, 0x19, 0xfb, 0x71, 0x3, 0x41, 0x7, 0x20,
    0x1, 0x69, 0x10, 0x63, 0x76, 0x3d, 0x30, 0x56,
    0x0, 0xe, 0x18, 0x70, 0x3b, 0x33, 0xe2, 0x6,
    0xa0, 0x88, 0x0, 0x8, 0x65, 0xc0, 0x72, 0x4,
    0xef, 0xff, 0xe2, 0x7, 0x0,

    /* U+6085 "悅" */
    0x0, 0xd2, 0x0, 0xa, 0x5, 0x60, 0x0, 0x0,
    0xd2, 0x0, 0x6a, 0x1, 0xe2, 0x0, 0x0, 0xd6,
    0x11, 0xe3, 0x0, 0x7c, 0x10, 0x1a, 0xd9, 0x8c,
    0x90, 0x0, 0xa, 0xc0, 0x39, 0xd3, 0xd8, 0xfe,
    0xee, 0xfd, 0x40, 0x76, 0xd2, 0x42, 0xd0, 0x0,
    0x4d, 0x0, 0x62, 0xd2, 0x2, 0xd0, 0x0, 0x4d,
    0x0, 0x0, 0xd2, 0x2, 0xff, 0xff, 0xfd, 0x0,
    0x0, 0xd2, 0x0, 0xe, 0xe, 0x10, 0x0, 0x0,
    0xd2, 0x0, 0x2c, 0xe, 0x10, 0x0, 0x0, 0xd2,
    0x0, 0x86, 0xe, 0x10, 0x71, 0x0, 0xd2, 0x5,
    0xc0, 0xe, 0x20, 0xd2, 0x0, 0xd2, 0x5a, 0x10,
    0xa, 0xff, 0xc0,

    /* U+609F "悟" */
    0x0, 0xd2, 0x0, 0x0, 0x0, 0x0, 0x0, 0x0,
    0xd2, 0x1e, 0xef, 0xfe, 0xee, 0x90, 0x1, 0xd7,
    0x0, 0x9, 0x70, 0x0, 0x0, 0x3a, 0xd9, 0x6a,
    0xef, 0xfe, 0xeb, 0x0, 0x58, 0xd3, 0xc0, 0xf,
    0x10, 0x4b, 0x0, 0x95, 0xd2, 0x10, 0x3d, 0x0,
    0x69, 0x0, 0x61, 0xd2, 0x6e, 0xee, 0xee, 0xee,
    0xe1, 0x0, 0xd2, 0x0, 0x0, 0x0, 0x0, 0x0,
    0x0, 0xd2, 0x8, 0xee, 0xee, 0xee, 0x10, 0x0,
    0xd2, 0x9, 0x60, 0x0, 0xe, 0x10, 0x0, 0xd2,
    0x9, 0x60, 0x0, 0xe, 0x10, 0x0, 0xd2, 0x9,
    0x83, 0x33, 0x3f, 0x10, 0x0, 0xd2, 0x9, 0xdb,
    0xbb, 0xbf, 0x10, 0x0, 0x0, 0x0, 0x0, 0x0,
    0x0, 0x0,

    /* U+60A6 "悦" */
    0x0, 0x0, 0x0, 0x0, 0x0, 0x0, 0x0, 0x0,
    0x4c, 0x0, 0x39, 0x0, 0xd, 0x20, 0x0, 0x4c,
    0x0, 0xe, 0x30, 0x5d, 0x0, 0x0, 0x4c, 0x40,
    0x7, 0x70, 0xc6, 0x0, 0xa, 0x7c, 0xc3, 0xff,
    0xff, 0xff, 0xc0, 0xc, 0x6c, 0x69, 0xe0, 0x0,
    0x3, 0xd0, 0xe, 0x4c, 0x15, 0xe0, 0x0, 0x3,
    0xd0, 0x2b, 0x4c, 0x1, 0xf2, 0x22, 0x26, 0xd0,
    0x0, 0x4c, 0x1, 0xcd, 0xec, 0xfc, 0xa0, 0x0,
    0x4c, 0x0, 0x7, 0x90, 0xf0, 0x0, 0x0, 0x4c,
    0x0, 0xb, 0x60, 0xf0, 0x0, 0x0, 0x4c, 0x0,
    0x2f, 0x10, 0xf0, 0x14, 0x0, 0x4c, 0x2, 0xd5,
    0x0, 0xf0, 0x4a, 0x0, 0x4c, 0x4c, 0x40, 0x0,
    0xcf, 0xf5, 0x0, 0x0, 0x0, 0x0, 0x0, 0x0,
    0x0,

    /* U+60B2 "悲" */
    0x0, 0x0, 0xe, 0x1, 0xf0, 0x0, 0x0, 0xb,
    0xbb, 0xbf, 0x1, 0xfb, 0xbb, 0xb0, 0x2, 0x22,
    0x3f, 0x1, 0xf2, 0x22, 0x20, 0x1, 0x22, 0x3f,
    0x1, 0xf2, 0x22, 0x10, 0x6, 0xbb, 0xbf, 0x1,
    0xfb, 0xbb, 0x50, 0x0, 0x0, 0xf, 0x1, 0xf0,
    0x0, 0x0, 0x1e, 0xee, 0xef, 0x1, 0xfe, 0xee,
    0xe2, 0x0, 0x0, 0xb, 0x1, 0xb0, 0x0, 0x0,
    0x0, 0x0, 0x50, 0xa5, 0x0, 0x21, 0x0, 0x0,
    0xd1, 0xe1, 0x2e, 0x30, 0x7b, 0x0, 0x5, 0xb0,
    0xe1, 0x5, 0x83, 0x3c, 0x60, 0xe, 0x30, 0xe2,
    0x0, 0x8, 0x83, 0xe1, 0x5, 0x0, 0x9f, 0xff,
    0xfe, 0x20, 0x40,

    /* U+60C5 "情" */
    0x0, 0xd1, 0x0, 0x0, 0xe1, 0x0, 0x0, 0x0,
    0xd1, 0x6c, 0xcc, 0xfd, 0xcc, 0xa0, 0x0, 0xd8,
    0x1, 0x11, 0xe3, 0x11, 0x10, 0xc, 0xd9, 0x5c,
    0xcc, 0xfc, 0xcc, 0x50, 0x2a, 0xd4, 0x30, 0x0,
    0xe1, 0x0, 0x0, 0x57, 0xd1, 0xbc, 0xcc, 0xcc,
    0xcc, 0xc3, 0x64, 0xd1, 0x6, 0x77, 0x77, 0x77,
    0x0, 0x0, 0xd1, 0xe, 0x44, 0x44, 0x4e, 0x10,
    0x0, 0xd1, 0xe, 0xcc, 0xcc, 0xcf, 0x10, 0x0,
    0xd1, 0xe, 0x0, 0x0, 0xd, 0x10, 0x0, 0xd1,
    0xe, 0xcc, 0xcc, 0xcf, 0x10, 0x0, 0xd1, 0xe,
    0x0, 0x0, 0xd, 0x10, 0x0, 0xd1, 0xe, 0x0,
    0x7, 0xdc, 0x0,

    /* U+60CA "惊" */
    0x0, 0xd1, 0x0, 0x0, 0xd1, 0x0, 0x0, 0x0,
    0xd1, 0x0, 0x0, 0xa7, 0x0, 0x0, 0x0, 0xd3,
    0x1f, 0xff, 0xff, 0xff, 0xe0, 0x37, 0xd7, 0x70,
    0x0, 0x0, 0x0, 0x0, 0x67, 0xd3, 0xc5, 0xff,
    0xff, 0xff, 0x30, 0x94, 0xd1, 0x85, 0xa0, 0x0,
    0xc, 0x30, 0x81, 0xd1, 0x5, 0xa0, 0x0, 0xc,
    0x30, 0x0, 0xd1, 0x5, 0xff, 0xff, 0xff, 0x30,
    0x0, 0xd1, 0x0, 0x30, 0x88, 0x1, 0x0, 0x0,
    0xd1, 0x3, 0xe0, 0x88, 0x3d, 0x0, 0x0, 0xd1,
    0xd, 0x50, 0x88, 0x9, 0x70, 0x0, 0xd1, 0x79,
    0x0, 0x88, 0x1, 0xd0, 0x0, 0xd1, 0x0, 0x4f,
    0xe4, 0x0, 0x0,

    /* U+60DF "惟" */
    0x0, 0xe1, 0x0, 0x38, 0x18, 0x0, 0x0, 0x0,
    0xe1, 0x0, 0xa7, 0xe, 0x30, 0x0, 0x0, 0xe6,
    0x11, 0xf3, 0x9, 0x70, 0x0, 0x36, 0xe8, 0x78,
    0xfe, 0xef, 0xee, 0xc0, 0x57, 0xe2, 0xbf, 0xe0,
    0xe, 0x10, 0x0, 0x84, 0xe1, 0xdb, 0xf3, 0x3e,
    0x43, 0x20, 0xa1, 0xe1, 0x62, 0xfb, 0xbf, 0xbb,
    0x80, 0x0, 0xe1, 0x1, 0xe0, 0xe, 0x10, 0x0,
    0x0, 0xe1, 0x1, 0xfe, 0xef, 0xee, 0xa0, 0x0,
    0xe1, 0x1, 0xe0, 0xe, 0x10, 0x0, 0x0, 0xe1,
    0x1, 0xe0, 0xe, 0x10, 0x0, 0x0, 0xe1, 0x1,
    0xfe, 0xef, 0xfe, 0xe4, 0x0, 0xe1, 0x1, 0xe0,
    0x0, 0x0, 0x0,

    /* U+60E7 "惧" */
    0x0, 0x7a, 0x0, 0x0, 0x0, 0x0, 0x0, 0x0,
    0x7a, 0x0, 0xbf, 0xee, 0xef, 0x90, 0x0, 0x7a,
    0x10, 0xb5, 0x0, 0x7, 0x90, 0xa, 0x8a, 0xd0,
    0xbd, 0xcc, 0xcd, 0x90, 0xd, 0x7a, 0x86, 0xb4,
    0x0, 0x6, 0x90, 0x2c, 0x7a, 0x24, 0xbd, 0xcc,
    0xce, 0x90, 0x57, 0x7a, 0x0, 0xb4, 0x0, 0x6,
    0x90, 0x0, 0x7a, 0x0, 0xbd, 0xcc, 0xce, 0x90,
    0x0, 0x7a, 0x0, 0xb4, 0x0, 0x6, 0x90, 0x0,
    0x7a, 0x1f, 0xff, 0xff, 0xff, 0xfa, 0x0, 0x7a,
    0x0, 0x9, 0x30, 0x58, 0x0, 0x0, 0x7a, 0x1,
    0xba, 0x0, 0xb, 0xa0, 0x0, 0x7a, 0xa, 0x80,
    0x0, 0x0, 0xc4, 0x0, 0x0, 0x0, 0x0, 0x0,
    0x0, 0x0,

    /* U+60EC "惬" */
    0x0, 0xb3, 0x0, 0x0, 0x0, 0x0, 0x0, 0x0,
    0xb3, 0xf, 0xee, 0xee, 0xee, 0xe2, 0x0, 0xb7,
    0x1e, 0x0, 0x5, 0x10, 0x0, 0xc, 0xb9, 0x7e,
    0x3c, 0xce, 0xdc, 0x90, 0x1a, 0xb4, 0xbe, 0x6,
    0x1b, 0x45, 0x20, 0x48, 0xb3, 0xe, 0x9, 0x3b,
    0x2c, 0x10, 0x65, 0xb3, 0xe, 0x3, 0x3c, 0x26,
    0x0, 0x0, 0xb3, 0xe, 0x8d, 0xdf, 0xed, 0xd3,
    0x0, 0xb3, 0xe, 0x0, 0x6e, 0xb0, 0x0, 0x0,
    0xb3, 0xe, 0x1, 0xe2, 0x7b, 0x0, 0x0, 0xb3,
    0xe, 0x3d, 0x50, 0x8, 0xa0, 0x0, 0xb3, 0xe,
    0x45, 0x22, 0x22, 0x61, 0x0, 0xb3, 0xc, 0xcc,
    0xcc, 0xcc, 0xc5,

    /* U+60F3 "想" */
    0x0, 0x8, 0x70, 0x0, 0x0, 0x0, 0x0, 0x0,
    0x8, 0x70, 0xa, 0xed, 0xdd, 0xe0, 0xa, 0xad,
    0xda, 0x7a, 0x50, 0x1, 0xe0, 0x3, 0x4e, 0x93,
    0x2a, 0xed, 0xdd, 0xe0, 0x0, 0x7f, 0xe4, 0xa,
    0x50, 0x1, 0xe0, 0x3, 0xd9, 0x9b, 0x8a, 0xed,
    0xdd, 0xe0, 0x2e, 0x38, 0x70, 0x2a, 0x50, 0x1,
    0xe0, 0x2, 0x8, 0x70, 0xa, 0xdc, 0xcc, 0xe0,
    0x0, 0x1, 0x10, 0xa3, 0x11, 0x11, 0x10, 0x0,
    0xa0, 0x81, 0x5e, 0x10, 0xb, 0x40, 0x5, 0xb0,
    0xe2, 0x7, 0x61, 0x45, 0xd0, 0xd, 0x40, 0xe2,
    0x0, 0x6, 0xa0, 0xc6, 0x5, 0x0, 0x9f, 0xff,
    0xfe, 0x40, 0x10,

    /* U+610F "意" */
    0x0, 0x0, 0x0, 0x87, 0x0, 0x0, 0x0, 0x4,
    0xdd, 0xdd, 0xef, 0xdd, 0xdd, 0x40, 0x0, 0x1,
    0xd0, 0x0, 0xe, 0x20, 0x0, 0x8, 0x88, 0xea,
    0x88, 0xae, 0x88, 0x80, 0x5, 0x55, 0x55, 0x55,
    0x55, 0x55, 0x50, 0x0, 0x4d, 0xbb, 0xbb, 0xbb,
    0xd6, 0x0, 0x0, 0x5c, 0x44, 0x44, 0x44, 0xb6,
    0x0, 0x0, 0x5c, 0x55, 0x55, 0x55, 0xb6, 0x0,
    0x0, 0x5e, 0xbb, 0xbb, 0xbb, 0xe6, 0x0, 0x0,
    0x10, 0x11, 0xd5, 0x0, 0x11, 0x0, 0x0, 0xd3,
    0xd2, 0x2d, 0x42, 0x4d, 0x10, 0x8, 0xa0, 0xd3,
    0x0, 0xd, 0x17, 0xa0, 0x8, 0x10, 0x7e, 0xee,
    0xeb, 0x0, 0x50,

    /* U+611B "愛" */
    0x0, 0x0, 0x0, 0x12, 0x35, 0x88, 0x0, 0x4,
    0xde, 0xdd, 0xfb, 0x97, 0x95, 0x0, 0x0, 0xc,
    0x60, 0x96, 0x2, 0xd2, 0x0, 0xa, 0xbc, 0xeb,
    0xcd, 0xbe, 0xdb, 0xa0, 0xe, 0x32, 0x23, 0xd8,
    0x22, 0x33, 0xe0, 0xa, 0x2c, 0x4b, 0x8, 0x23,
    0xd5, 0xc0, 0x1, 0xc6, 0x3d, 0x65, 0x89, 0x2e,
    0x30, 0x2, 0x60, 0xd, 0x96, 0x51, 0x3, 0x10,
    0x0, 0x2, 0xcf, 0xaa, 0xaa, 0x60, 0x0, 0x1,
    0x9d, 0xd8, 0x11, 0x7e, 0x30, 0x0, 0x9, 0x70,
    0x9, 0xba, 0xc2, 0x0, 0x0, 0x0, 0x25, 0x8c,
    0xcb, 0xda, 0x63, 0x10, 0xc, 0xb8, 0x51, 0x0,
    0x5, 0x8b, 0xd1,

    /* U+611C "愜" */
    0x0, 0xa5, 0x0, 0x0, 0x0, 0x0, 0x0, 0x0,
    0xa5, 0xe, 0xfe, 0xee, 0xee, 0xe1, 0x0, 0xa8,
    0x1e, 0x0, 0x5, 0x0, 0x0, 0xc, 0xaa, 0x7e,
    0x4c, 0xcf, 0xcc, 0xa0, 0xc, 0xa6, 0xce, 0x14,
    0x2d, 0x26, 0x10, 0x3a, 0xa5, 0x3e, 0xa, 0x2e,
    0xd, 0x0, 0x34, 0xa5, 0xe, 0x1d, 0x9e, 0x4e,
    0x70, 0x0, 0xa5, 0xe, 0x46, 0x4f, 0x52, 0x80,
    0x0, 0xa5, 0xe, 0x0, 0x8b, 0xd2, 0x0, 0x0,
    0xa5, 0xe, 0x3, 0xe0, 0x5d, 0x10, 0x0, 0xa5,
    0xe, 0x3d, 0x30, 0x7, 0x70, 0x0, 0xa5, 0xe,
    0x12, 0x0, 0x0, 0x0, 0x0, 0xa5, 0xc, 0xee,
    0xee, 0xee, 0xe6,

    /* U+611F "感" */
    0x0, 0x0, 0x0, 0x0, 0x0, 0x0, 0x0, 0x0,
    0x0, 0x0, 0x0, 0x95, 0xa6, 0x0, 0x0, 0x11,
    0x11, 0x11, 0x97, 0x3d, 0x30, 0x0, 0xfb, 0xbb,
    0xbb, 0xde, 0xbb, 0xb5, 0x1, 0xe3, 0x66, 0x66,
    0x5a, 0x4, 0x40, 0x1, 0xd2, 0x44, 0x44, 0x2d,
    0xe, 0x30, 0x3, 0xc4, 0xdb, 0xcc, 0xd, 0xab,
    0x0, 0x5, 0xa4, 0x90, 0xd, 0x8, 0xe1, 0x23,
    0xa, 0x64, 0xeb, 0xbd, 0x6e, 0xe4, 0x67, 0x1e,
    0x0, 0x0, 0x11, 0xa2, 0x2d, 0xe2, 0x1, 0x11,
    0x90, 0x8a, 0x0, 0x6, 0x0, 0x3, 0xe2, 0xf0,
    0xa, 0x80, 0x5a, 0x70, 0xc, 0x61, 0xf0, 0x0,
    0x10, 0xe1, 0xe1, 0x7, 0x0, 0xce, 0xdd, 0xde,
    0x80, 0x30,

    /* U+613F "愿" */
    0x1, 0xfd, 0xdd, 0xde, 0xdd, 0xdd, 0xd0, 0x1,
    0xd0, 0x33, 0x3a, 0xb3, 0x33, 0x0, 0x1, 0xd0,
    0xe6, 0x55, 0x55, 0x5f, 0x10, 0x1, 0xd0, 0xea,
    0xaa, 0xaa, 0xaf, 0x10, 0x1, 0xd0, 0xe2, 0x11,
    0x11, 0x1e, 0x10, 0x2, 0xd0, 0x8b, 0x9b, 0xe9,
    0xb9, 0x0, 0x3, 0xc1, 0xaa, 0x3, 0xc1, 0xc9,
    0x10, 0x4, 0xa8, 0x60, 0x9c, 0x80, 0x7, 0x70,
    0x6, 0x81, 0x13, 0x14, 0x50, 0x6, 0x0, 0x9,
    0x58, 0x5b, 0x41, 0xc3, 0x9, 0x70, 0xe, 0x3d,
    0xb, 0x40, 0x11, 0xb2, 0xe2, 0x2c, 0x15, 0x6,
    0xed, 0xdd, 0xb0, 0x10, 0x1, 0x0, 0x0, 0x0,
    0x0, 0x0, 0x0,

    /* U+6148 "慈" */
    0x0, 0x3, 0x60, 0x0, 0x8, 0x30, 0x0, 0x0,
    0x2, 0xe3, 0x0, 0x5d, 0x0, 0x0, 0x2e, 0xef,
    0xee, 0xee, 0xef, 0xee, 0xe4, 0x0, 0x2c, 0x11,
    0x0, 0x88, 0x2, 0x0, 0x2, 0xc2, 0x2d, 0x35,
    0xb0, 0x5d, 0x0, 0xc, 0xdd, 0xf4, 0x1f, 0xde,
    0xd1, 0x0, 0x0, 0x2d, 0x49, 0x0, 0x4c, 0x2a,
    0x0, 0x6, 0xe8, 0x7c, 0x87, 0xf8, 0x8d, 0x80,
    0x7, 0x87, 0x54, 0x97, 0x76, 0x43, 0xb0, 0x1,
    0x70, 0x80, 0x95, 0x0, 0x2c, 0x0, 0x7, 0x90,
    0xf0, 0x1d, 0x14, 0x2a, 0x70, 0xe, 0x30, 0xf0,
    0x0, 0xa, 0x51, 0xe1, 0x4, 0x0, 0xbf, 0xff,
    0xfd, 0x10, 0x10,

    /* U+6167 "慧" */
    0x0, 0xa, 0x40, 0x0, 0xd, 0x20, 0x0, 0xa,
    0xbe, 0xcb, 0x3b, 0xbf, 0xbb, 0x50, 0x6, 0xae,
    0xca, 0x8, 0xaf, 0xba, 0x20, 0x5, 0x5c, 0x85,
    0x35, 0x5e, 0x75, 0x40, 0x3, 0x3b, 0x73, 0x24,
    0x4d, 0x64, 0x30, 0x0, 0xbb, 0xbb, 0xbb, 0xbb,
    0xb6, 0x0, 0x0, 0x13, 0x33, 0x33, 0x33, 0xa8,
    0x0, 0x0, 0x36, 0x66, 0x66, 0x66, 0xb8, 0x0,
    0x0, 0xbb, 0xbb, 0xbb, 0xbb, 0xd8, 0x0, 0x0,
    0x0, 0x10, 0x71, 0x0, 0x0, 0x0, 0x1, 0xc1,
    0xf0, 0x5d, 0x11, 0x2e, 0x0, 0x8, 0x91, 0xf0,
    0x2, 0xa, 0x59, 0x80, 0x9, 0x10, 0xce, 0xee,
    0xed, 0x11, 0x90,

    /* U+6176 "慶" */
    0x0, 0x0, 0x0, 0x8, 0x40, 0x0, 0x0, 0x1,
    0xbb, 0xbb, 0xbe, 0xeb, 0xbb, 0xb5, 0x1, 0xd1,
    0x1e, 0x11, 0x5b, 0x11, 0x10, 0x1, 0xfa, 0xaf,
    0xaa, 0xbe, 0xaa, 0xe0, 0x1, 0xe4, 0x4f, 0x44,
    0x7c, 0x45, 0xe0, 0x2, 0xe5, 0x55, 0x55, 0x55,
    0x55, 0x50, 0x2, 0xfb, 0xcd, 0xcf, 0xcb, 0xdb,
    0xe7, 0x3, 0xb4, 0xad, 0x4, 0x94, 0x98, 0x80,
    0x4, 0xa9, 0x17, 0xfb, 0xaa, 0x17, 0x10, 0x7,
    0x80, 0x4d, 0xea, 0xaa, 0xa5, 0x0, 0xa, 0x7c,
    0x8a, 0x92, 0x29, 0xb1, 0x0, 0xe, 0x1, 0x25,
    0xcf, 0xfd, 0x63, 0x10, 0x28, 0x3d, 0xb8, 0x40,
    0x4, 0x9b, 0xd5,

    /* U+6191 "憑" */
    0x1, 0x0, 0x0, 0x0, 0x0, 0x0, 0x0, 0xc,
    0xb2, 0xe, 0xcc, 0xfd, 0xcc, 0x80, 0x0, 0x57,
    0xe, 0xbb, 0xfb, 0xbb, 0x10, 0x0, 0x0, 0xe,
    0x43, 0xe4, 0x33, 0x0, 0x0, 0x7, 0xe, 0x76,
    0xf7, 0x66, 0x0, 0x0, 0x89, 0xe, 0xcc, 0xfc,
    0xcc, 0xb0, 0x5, 0xd0, 0x53, 0x42, 0x36, 0x42,
    0xd0, 0x2e, 0x20, 0xd1, 0xc1, 0xb1, 0x84, 0xb0,
    0x2, 0x3, 0x70, 0x70, 0x20, 0xbd, 0x50, 0x0,
    0x40, 0x23, 0xd4, 0x0, 0x21, 0x0, 0x2, 0xe0,
    0xe1, 0x1d, 0x2, 0x7c, 0x10, 0xc, 0x60, 0xe2,
    0x0, 0xc, 0x47, 0xd0, 0x39, 0x0, 0xae, 0xee,
    0xed, 0x10, 0x82,

    /* U+61C7 "懇" */
    0x0, 0x0, 0x25, 0x0, 0x0, 0x0, 0x0, 0x5,
    0x9b, 0xa4, 0xd, 0xcc, 0xcd, 0xb0, 0x5, 0x74,
    0x97, 0xad, 0x65, 0x57, 0xb0, 0x0, 0xb7, 0xf8,
    0xd, 0x65, 0x57, 0xb0, 0xa, 0x94, 0x9a, 0xd,
    0xcc, 0xcd, 0xb0, 0x3, 0x8a, 0x5d, 0xd, 0x17,
    0x61, 0xb3, 0x4, 0x35, 0xcc, 0x3d, 0x10, 0xcd,
    0x40, 0x6, 0xd8, 0x1c, 0x2f, 0x8a, 0x5e, 0x70,
    0x1, 0x6, 0xd8, 0x3b, 0x74, 0x2, 0xa9, 0x0,
    0x10, 0x50, 0xb7, 0x0, 0x6, 0x0, 0x1, 0xe2,
    0xe0, 0xc, 0x70, 0x4b, 0x90, 0x9, 0x81, 0xf0,
    0x0, 0x10, 0xf5, 0xd5, 0xa, 0x10, 0xce, 0xee,
    0xef, 0xc0, 0x36,

    /* U+61C9 "應" */
    0x0, 0x0, 0x0, 0x10, 0x0, 0x0, 0x0, 0x0,
    0x0, 0x0, 0x97, 0x0, 0x0, 0x0, 0x9, 0xee,
    0xee, 0xef, 0xee, 0xee, 0xe1, 0xa, 0x40, 0x55,
    0x47, 0x39, 0x0, 0x0, 0xa, 0x40, 0xe2, 0xca,
    0x8e, 0x88, 0x50, 0xa, 0x4b, 0xe5, 0xf3, 0x3e,
    0x33, 0x20, 0xb, 0xdc, 0xec, 0xe9, 0x9f, 0x99,
    0x10, 0xb, 0x60, 0xe0, 0xe8, 0x8f, 0x88, 0x10,
    0xc, 0x20, 0xe0, 0xe2, 0x2e, 0x22, 0x0, 0xd,
    0x10, 0xe0, 0xeb, 0xbb, 0xbb, 0x80, 0xf, 0x0,
    0x21, 0x3d, 0x70, 0x30, 0x0, 0x2d, 0x6, 0xa7,
    0x50, 0x83, 0x7b, 0x0, 0x79, 0x2e, 0x27, 0x50,
    0x6, 0x6a, 0x90, 0x93, 0x55, 0x3, 0xed, 0xdd,
    0x31, 0x80, 0x0, 0x0, 0x0, 0x0, 0x0, 0x0,
    0x0,

    /* U+61F7 "懷" */
    0x0, 0xc0, 0x0, 0x2, 0xb0, 0x0, 0x0, 0x0,
    0xc0, 0x9b, 0xbb, 0xfb, 0xbb, 0xb1, 0x0, 0xc3,
    0x22, 0x22, 0x22, 0x22, 0x20, 0xa, 0xca, 0x5d,
    0x9e, 0x9d, 0xac, 0x80, 0x2a, 0xc6, 0x9a, 0xc,
    0xa, 0x25, 0x80, 0x57, 0xc2, 0x49, 0x99, 0xa9,
    0x99, 0x50, 0x53, 0xc0, 0x2a, 0xa2, 0xd2, 0x9a,
    0x30, 0x0, 0xc0, 0x3, 0x84, 0xd3, 0x84, 0x0,
    0x0, 0xc0, 0x68, 0x33, 0xc1, 0x26, 0x70, 0x0,
    0xc0, 0x4, 0xab, 0x97, 0x3c, 0x40, 0x0, 0xc5,
    0xda, 0xd0, 0xa, 0xd2, 0x0, 0x0, 0xc1, 0x1,
    0xe5, 0xa1, 0x9b, 0x50, 0x0, 0xc0, 0x5, 0xc7,
    0x20, 0x2, 0x80, 0x0, 0x0, 0x0, 0x0, 0x0,
    0x0, 0x0,

    /* U+61FC "懼" */
    0x0, 0xd1, 0x0, 0x0, 0x0, 0x0, 0x0, 0x0,
    0xd1, 0xe, 0xaa, 0xc9, 0xba, 0xe0, 0x0, 0xd5,
    0xe, 0x9a, 0xc9, 0xa9, 0xe0, 0x1a, 0xda, 0x3e,
    0x78, 0xc9, 0x97, 0xd0, 0x39, 0xd6, 0x8d, 0x23,
    0xc9, 0x52, 0xd0, 0x66, 0xd3, 0x8a, 0xda, 0x89,
    0xaa, 0x90, 0x83, 0xd1, 0x5, 0xd1, 0x2e, 0x11,
    0x10, 0x0, 0xd1, 0x1e, 0xcb, 0xbf, 0xbb, 0xb0,
    0x0, 0xd2, 0xdf, 0xa7, 0x7e, 0x77, 0x60, 0x0,
    0xd1, 0x5b, 0x62, 0x2e, 0x32, 0x20, 0x0, 0xd1,
    0xb, 0xcb, 0xbf, 0xbb, 0x90, 0x0, 0xd1, 0xb,
    0x50, 0xe, 0x10, 0x0, 0x0, 0xd1, 0xb, 0xdb,
    0xbb, 0xbb, 0xb4,

    /* U+620A "戊" */
    0x0, 0x0, 0x0, 0xe, 0x15, 0x80, 0x0, 0x0,
    0x0, 0x0, 0xd, 0x20, 0x8d, 0x20, 0x0, 0x0,
    0x0, 0xc, 0x30, 0x5, 0x0, 0x0, 0xff, 0xff,
    0xff, 0xff, 0xff, 0xf2, 0x0, 0xf0, 0x0, 0xa,
    0x60, 0x0, 0x0, 0x0, 0xf0, 0x0, 0x7, 0x80,
    0xb, 0x20, 0x0, 0xf0, 0x0, 0x5, 0xa0, 0x5c,
    0x0, 0x2, 0xe0, 0x0, 0x2, 0xe1, 0xe4, 0x0,
    0x3, 0xc0, 0x0, 0x0, 0xec, 0x80, 0x0, 0x5,
    0xb0, 0x0, 0x0, 0xcc, 0x0, 0x10, 0x9, 0x70,
    0x0, 0x1c, 0xce, 0x10, 0x67, 0x1e, 0x20, 0x7,
    0xe7, 0x9, 0xb1, 0xa5, 0x5a, 0x0, 0x9b, 0x20,
    0x0, 0xaf, 0xe0, 0x0, 0x0, 0x0, 0x0, 0x0,
    0x0, 0x0,

    /* U+620C "戌" */
    0x0, 0x0, 0x0, 0x2, 0xe1, 0x91, 0x0, 0x0,
    0x0, 0x0, 0x2, 0xe0, 0x7e, 0x30, 0x0, 0x0,
    0x0, 0x2, 0xf0, 0x5, 0x40, 0x0, 0xff, 0xff,
    0xff, 0xff, 0xff, 0xf4, 0x0, 0xf0, 0x0, 0x0,
    0xe1, 0x0, 0x0, 0x0, 0xf0, 0x0, 0x0, 0xc3,
    0x9, 0x60, 0x0, 0xf1, 0x0, 0x0, 0xb5, 0x2f,
    0x10, 0x1, 0xff, 0xff, 0xf3, 0x88, 0xa9, 0x0,
    0x2, 0xe0, 0x0, 0x0, 0x4d, 0xe1, 0x0, 0x4,
    0xc0, 0x0, 0x0, 0x2f, 0x50, 0x10, 0x7, 0x90,
    0x0, 0x2, 0xee, 0x60, 0x67, 0xd, 0x30, 0x0,
    0x7e, 0x62, 0xe2, 0x95, 0x3c, 0x0, 0xa, 0xc3,
    0x0, 0x6f, 0xe0, 0x0, 0x0, 0x0, 0x0, 0x0,
    0x0, 0x0,

    /* U+620F "戏" */
    0x0, 0x0, 0x0, 0x4, 0xd0, 0x81, 0x0, 0x0,
    0x0, 0x0, 0x3, 0xe0, 0x6d, 0x10, 0x4f, 0xff,
    0xfe, 0x2, 0xe0, 0x8, 0x50, 0x1, 0x0, 0x5b,
    0x1, 0xf0, 0x13, 0x50, 0xd, 0x30, 0x98, 0xac,
    0xfe, 0xdb, 0x91, 0x5, 0xd0, 0xe4, 0x42, 0xe2,
    0x3, 0x30, 0x0, 0x9c, 0xe0, 0x0, 0xc4, 0xc,
    0x40, 0x0, 0xe, 0x90, 0x0, 0x97, 0x5c, 0x0,
    0x0, 0x4f, 0xe1, 0x0, 0x6c, 0xe2, 0x0, 0x1,
    0xd6, 0x8b, 0x0, 0x3f, 0x60, 0x20, 0x1d, 0xa0,
    0xa, 0x2, 0xde, 0x80, 0x95, 0x49, 0x0, 0x0,
    0x7e, 0x52, 0xe6, 0xd2, 0x0, 0x0, 0x0, 0x42,
    0x0, 0x5d, 0xa0, 0x0, 0x0, 0x0, 0x0, 0x0,
    0x0, 0x0,

    /* U+6210 "成" */
    0x0, 0x0, 0x0, 0x3, 0xe2, 0x90, 0x0, 0x0,
    0x0, 0x0, 0x2, 0xe0, 0x8d, 0x20, 0x0, 0x22,
    0x22, 0x24, 0xf2, 0x28, 0x60, 0x2, 0xfd, 0xdd,
    0xdd, 0xfd, 0xdd, 0xd4, 0x2, 0xe0, 0x0, 0x0,
    0xf1, 0x0, 0x0, 0x2, 0xf4, 0x44, 0x10, 0xd3,
    0xb, 0x40, 0x2, 0xfa, 0xae, 0x40, 0xb5, 0x3e,
    0x0, 0x3, 0xd0, 0xb, 0x40, 0x88, 0xb8, 0x0,
    0x4, 0xc0, 0xc, 0x30, 0x4d, 0xe0, 0x0, 0x6,
    0xb0, 0xe, 0x20, 0x2f, 0x50, 0x31, 0x9, 0x89,
    0xed, 0x2, 0xee, 0x80, 0x86, 0xe, 0x40, 0x10,
    0x7e, 0x52, 0xe3, 0xb3, 0x4c, 0x0, 0x4, 0xb1,
    0x0, 0x5e, 0xc0, 0x0, 0x0, 0x0, 0x0, 0x0,
    0x0, 0x0,

    /* U+6211 "我" */
    0x0, 0x2, 0x5a, 0xb2, 0xf0, 0x71, 0x0, 0xb,
    0xef, 0xe7, 0x21, 0xf0, 0x7d, 0x10, 0x3, 0x13,
    0xd0, 0x0, 0xf0, 0x9, 0xa0, 0x0, 0x3, 0xd0,
    0x0, 0xf1, 0x0, 0x10, 0x2d, 0xdd, 0xfd, 0xdd,
    0xfd, 0xdd, 0xd3, 0x2, 0x25, 0xd2, 0x22, 0xd6,
    0x23, 0x20, 0x0, 0x3, 0xd0, 0x0, 0xa7, 0xc,
    0x50, 0x0, 0x16, 0xeb, 0xe5, 0x7a, 0x8c, 0x0,
    0x3d, 0xfd, 0xe4, 0x10, 0x4e, 0xe2, 0x0, 0x13,
    0x3, 0xd0, 0x0, 0x6f, 0x40, 0x31, 0x0, 0x3,
    0xd0, 0x8, 0xdc, 0x80, 0x77, 0x0, 0x4, 0xd2,
    0xea, 0x2, 0xe3, 0xa4, 0x5, 0xff, 0x70, 0x30,
    0x0, 0x5e, 0xd0, 0x0, 0x0, 0x0, 0x0, 0x0,
    0x0, 0x0,

    /* U+6212 "戒" */
    0x0, 0x0, 0x0, 0x0, 0xf0, 0xb4, 0x0, 0x0,
    0x0, 0x0, 0x0, 0xf0, 0x3e, 0x60, 0xa, 0xaa,
    0xaa, 0xaa, 0xfa, 0xac, 0xc2, 0x6, 0x66, 0x66,
    0x66, 0xf8, 0x66, 0x61, 0x0, 0x66, 0x9, 0x30,
    0xd3, 0x2, 0x10, 0x0, 0x87, 0xb, 0x30, 0xb4,
    0xb, 0x50, 0x0, 0x88, 0xc, 0x40, 0xa6, 0x1e,
    0x0, 0x1e, 0xff, 0xef, 0xeb, 0x79, 0x89, 0x0,
    0x0, 0xa6, 0xb, 0x30, 0x4d, 0xe1, 0x0, 0x0,
    0xd3, 0xb, 0x30, 0xf, 0x80, 0x21, 0x2, 0xe0,
    0xb, 0x30, 0x9f, 0x70, 0x67, 0xc, 0x70, 0xb,
    0x4a, 0xd5, 0xe4, 0xa5, 0x6, 0x0, 0x0, 0x3b,
    0x0, 0x5e, 0xc0,

    /* U+6216 "或" */
    0x0, 0x0, 0x0, 0x3, 0xd1, 0xa3, 0x0, 0x0,
    0x0, 0x0, 0x3, 0xd0, 0x5e, 0x50, 0x4, 0x44,
    0x44, 0x46, 0xe4, 0x48, 0x80, 0xb, 0xbb, 0xbb,
    0xbc, 0xfb, 0xbb, 0xb1, 0x0, 0x0, 0x0, 0x0,
    0xf0, 0x1, 0x0, 0x3, 0xfe, 0xee, 0x90, 0xe2,
    0xd, 0x50, 0x3, 0xb0, 0x6, 0x90, 0xd4, 0x5e,
    0x0, 0x3, 0xb0, 0x6, 0x90, 0xa8, 0xd7, 0x0,
    0x3, 0xfe, 0xef, 0x90, 0x6e, 0xc0, 0x0, 0x0,
    0x0, 0x0, 0x10, 0x4f, 0x30, 0x31, 0x1, 0x48,
    0xbe, 0xd5, 0xee, 0x70, 0x86, 0xe, 0xb8, 0x41,
    0x7e, 0x34, 0xf4, 0xc3, 0x0, 0x0, 0x3, 0xb1,
    0x0, 0x6e, 0xb0,

    /* U+6218 "战" */
    0x0, 0xe1, 0x0, 0x1, 0xd0, 0x20, 0x0, 0xe,
    0x10, 0x0, 0x1e, 0x1d, 0x20, 0x0, 0xe1, 0x0,
    0x0, 0xf0, 0x5a, 0x0, 0xe, 0xff, 0xf0, 0xf,
    0x0, 0x20, 0x0, 0xe1, 0x0, 0x36, 0xfb, 0xdf,
    0x40, 0xe, 0x10, 0xb, 0x9e, 0x62, 0x30, 0x33,
    0xf4, 0x33, 0x0, 0xb4, 0x1d, 0xd, 0xcb, 0xbc,
    0xe0, 0x9, 0x68, 0x70, 0xd1, 0x0, 0x1e, 0x0,
    0x6b, 0xd0, 0xd, 0x10, 0x1, 0xe0, 0x3, 0xf4,
    0x0, 0xd1, 0x0, 0x1e, 0x1, 0xcf, 0x24, 0x7d,
    0xff, 0xff, 0xe5, 0xe8, 0x7b, 0x95, 0xd1, 0x0,
    0x1d, 0xa5, 0x0, 0xbd, 0x0, 0x0, 0x0, 0x0,
    0x0, 0x0, 0x0,

    /* U+6230 "戰" */
    0x0, 0x0, 0x0, 0x0, 0xf, 0x0, 0x0, 0xe,
    0xbe, 0x5d, 0xc9, 0xf, 0xd, 0x40, 0xd, 0x1d,
    0x57, 0x49, 0xe, 0x12, 0xe1, 0x7, 0x88, 0x38,
    0x84, 0xd, 0x20, 0x51, 0xa, 0xcc, 0xcc, 0xc9,
    0xbf, 0xfe, 0xc6, 0xc, 0x12, 0xb0, 0x79, 0x4c,
    0x50, 0x50, 0xc, 0xcd, 0xfc, 0xe7, 0x9, 0x63,
    0xc0, 0xc, 0x12, 0xb0, 0x77, 0x7, 0x9b, 0x60,
    0xc, 0xdd, 0xfd, 0xe7, 0x4, 0xed, 0x0, 0x0,
    0x3, 0xc0, 0x0, 0x2, 0xf4, 0x0, 0x6e, 0xef,
    0xfe, 0xed, 0x1c, 0xf4, 0x2a, 0x0, 0x3, 0xc0,
    0x5, 0xe7, 0x5d, 0x88, 0x0, 0x3, 0xc0, 0xa,
    0x40, 0xa, 0xe2, 0x0, 0x0, 0x0, 0x0, 0x0,
    0x0, 0x0,

    /* U+6232 "戲" */
    0x0, 0x0, 0x10, 0x0, 0x0, 0x0, 0x0, 0x0,
    0x0, 0xf0, 0x0, 0xf, 0x16, 0x0, 0x0, 0x0,
    0xfc, 0xbb, 0x1e, 0x1b, 0x60, 0x8, 0xaa, 0xfa,
    0xaa, 0x4d, 0x11, 0xc0, 0xd, 0x21, 0xd1, 0x28,
    0x4c, 0x33, 0x50, 0xd, 0x6b, 0xfb, 0xa6, 0xcf,
    0xfd, 0xb1, 0xd, 0x10, 0xd5, 0x59, 0x4b, 0x40,
    0x30, 0xd, 0x10, 0x46, 0x63, 0x9, 0x62, 0xd0,
    0xd, 0x6a, 0xaa, 0xaa, 0x27, 0x89, 0x60, 0xd,
    0x1c, 0x77, 0x7b, 0x4, 0xcd, 0x0, 0xd, 0x1e,
    0x99, 0x9d, 0x2, 0xf4, 0x10, 0x4a, 0x5, 0x50,
    0xc0, 0xa, 0xf3, 0x66, 0x86, 0x3, 0xa6, 0xe9,
    0xab, 0x6c, 0xb3, 0x52, 0xab, 0x97, 0x53, 0x90,
    0xb, 0xc0, 0x0, 0x0, 0x0, 0x0, 0x0, 0x0,
    0x0,

    /* U+6234 "戴" */
    0x0, 0x0, 0xe1, 0x0, 0x88, 0x71, 0x0, 0x7,
    0xdd, 0xfd, 0xda, 0x78, 0x6d, 0x10, 0x2, 0x22,
    0xe3, 0x22, 0x8a, 0x17, 0x30, 0x4b, 0xbb, 0xbb,
    0xbb, 0xde, 0xbb, 0xb0, 0x5, 0x99, 0x99, 0x97,
    0x4b, 0x1, 0x0, 0x9, 0x62, 0xd2, 0x4c, 0x3c,
    0xa, 0x50, 0x9, 0x97, 0xe7, 0x8c, 0x1e, 0xe,
    0x10, 0x8, 0xba, 0xda, 0xab, 0xf, 0x3e, 0x0,
    0x5, 0x7d, 0x6c, 0x96, 0xb, 0xc8, 0x0, 0x3,
    0x5d, 0x4b, 0x74, 0x8, 0xf1, 0x0, 0x3b, 0xcc,
    0xbc, 0xcb, 0x3a, 0xd0, 0x41, 0x0, 0xa8, 0xc,
    0x50, 0x9b, 0xc7, 0x94, 0xb, 0x80, 0x1, 0xa6,
    0x90, 0x2c, 0xd0, 0x0, 0x0, 0x0, 0x0, 0x0,
    0x0, 0x0,

    /* U+6236 "戶" */
    0x0, 0x0, 0x0, 0x0, 0x38, 0x30, 0x0, 0x36,
    0x8a, 0xde, 0xb8, 0x30, 0x0, 0xba, 0x64, 0x10,
    0x0, 0x0, 0x0, 0xb5, 0x0, 0x0, 0x0, 0x0,
    0x0, 0xbf, 0xee, 0xee, 0xee, 0xf4, 0x0, 0xb5,
    0x0, 0x0, 0x0, 0xb4, 0x0, 0xc4, 0x0, 0x0,
    0x0, 0xb4, 0x0, 0xd5, 0x11, 0x11, 0x11, 0xc4,
    0x0, 0xfe, 0xdd, 0xdd, 0xdd, 0xf4, 0x1, 0xf0,
    0x0, 0x0, 0x0, 0x52, 0x7, 0xa0, 0x0, 0x0,
    0x0, 0x0, 0x1e, 0x40, 0x0, 0x0, 0x0, 0x0,
    0x79, 0x0, 0x0, 0x0, 0x0, 0x0, 0x0, 0x0,
    0x0, 0x0, 0x0, 0x0,

    /* U+6237 "户" */
    0x0, 0x0, 0x0, 0x0, 0x0, 0x0, 0x0, 0x0,
    0x0, 0xb5, 0x0, 0x0, 0x0, 0x0, 0x0, 0x6c,
    0x0, 0x0, 0x0, 0xac, 0xcc, 0xde, 0xcc, 0xcb,
    0x0, 0xd6, 0x22, 0x22, 0x22, 0x5d, 0x0, 0xd4,
    0x0, 0x0, 0x0, 0x3d, 0x0, 0xd4, 0x0, 0x0,
    0x0, 0x3d, 0x0, 0xef, 0xee, 0xee, 0xee, 0xfd,
    0x0, 0xf2, 0x0, 0x0, 0x0, 0x3d, 0x1, 0xf0,
    0x0, 0x0, 0x0, 0x0, 0x5, 0xc0, 0x0, 0x0,
    0x0, 0x0, 0xa, 0x80, 0x0, 0x0, 0x0, 0x0,
    0x2f, 0x20, 0x0, 0x0, 0x0, 0x0, 0x68, 0x0,
    0x0, 0x0, 0x0, 0x0, 0x0, 0x0, 0x0, 0x0,
    0x0, 0x0,

    /* U+6240 "所" */
    0x0, 0x0, 0x4, 0x0, 0x0, 0x4, 0x40, 0x5,
    0x9c, 0xfc, 0x45, 0x9c, 0xfb, 0x50, 0xd, 0x73,
    0x0, 0xd, 0x72, 0x0, 0x0, 0xd, 0x63, 0x33,
    0xd, 0x30, 0x0, 0x0, 0xd, 0xcb, 0xbf, 0xd,
    0x30, 0x0, 0x0, 0xd, 0x20, 0xf, 0xd, 0xff,
    0xff, 0xf1, 0xd, 0x20, 0xf, 0xd, 0x30, 0x4c,
    0x0, 0xe, 0xfe, 0xee, 0xf, 0x10, 0x4c, 0x0,
    0xf, 0x10, 0x0, 0xf, 0x0, 0x4c, 0x0, 0xf,
    0x0, 0x0, 0x2e, 0x0, 0x4c, 0x0, 0x3d, 0x0,
    0x0, 0x7a, 0x0, 0x4c, 0x0, 0x79, 0x0, 0x1,
    0xe4, 0x0, 0x4c, 0x0, 0x83, 0x0, 0x4, 0x90,
    0x0, 0x4c, 0x0, 0x0, 0x0, 0x0, 0x0, 0x0,
    0x0, 0x0,

    /* U+6243 "扃" */
    0x0, 0x0, 0x0, 0x35, 0x0, 0x0, 0x0, 0x3,
    0x33, 0x36, 0xf4, 0x33, 0x32, 0x0, 0xfb, 0xbb,
    0xbb, 0xbb, 0xbd, 0x90, 0xf, 0x0, 0x0, 0x0,
    0x0, 0x79, 0x0, 0xff, 0xff, 0xff, 0xff, 0xff,
    0x90, 0xf, 0x0, 0x0, 0x0, 0x0, 0x0, 0x0,
    0xf1, 0xee, 0xee, 0xee, 0xee, 0xd0, 0x1f, 0x1e,
    0x0, 0x0, 0x0, 0xf, 0x2, 0xd1, 0xe0, 0xbb,
    0xbb, 0xa0, 0xf0, 0x5a, 0x1e, 0xe, 0x0, 0xd,
    0xf, 0xa, 0x71, 0xe0, 0xe1, 0x11, 0xd0, 0xf1,
    0xf2, 0x1e, 0xb, 0x99, 0x98, 0x1f, 0x39, 0x1,
    0xe0, 0x0, 0x0, 0x8f, 0xa0, 0x0, 0x0, 0x0,
    0x0, 0x0, 0x0,

    /* U+624B "手" */
    0x0, 0x0, 0x0, 0x2, 0x47, 0xaa, 0x0, 0x0,
    0xcd, 0xef, 0xff, 0xa8, 0x51, 0x0, 0x0, 0x32,
    0x10, 0x4c, 0x0, 0x0, 0x0, 0x0, 0x0, 0x0,
    0x4c, 0x0, 0x0, 0x0, 0x2, 0xff, 0xff, 0xff,
    0xff, 0xff, 0xb0, 0x0, 0x0, 0x0, 0x5c, 0x0,
    0x0, 0x0, 0x0, 0x0, 0x0, 0x4c, 0x0, 0x0,
    0x0, 0x4, 0x44, 0x44, 0x8d, 0x44, 0x44, 0x42,
    0xb, 0xbb, 0xbb, 0xdf, 0xbb, 0xbb, 0xb6, 0x0,
    0x0, 0x0, 0x4c, 0x0, 0x0, 0x0, 0x0, 0x0,
    0x0, 0x4c, 0x0, 0x0, 0x0, 0x0, 0x0, 0x0,
    0x6c, 0x0, 0x0, 0x0, 0x0, 0x1, 0xff, 0xe6,
    0x0, 0x0, 0x0,

    /* U+6258 "托" */
    0x0, 0xa5, 0x0, 0x0, 0x1, 0x78, 0x0, 0x0,
    0xa5, 0x1, 0x59, 0xde, 0xa4, 0x0, 0x0, 0xa5,
    0x5, 0xa6, 0xe2, 0x0, 0x0, 0x8e, 0xff, 0xe1,
    0x0, 0xe2, 0x0, 0x0, 0x0, 0xb5, 0x0, 0x0,
    0xe2, 0x0, 0x0, 0x0, 0xa5, 0x0, 0x0, 0xe4,
    0x36, 0x80, 0x0, 0xa7, 0x75, 0xac, 0xfe, 0xca,
    0x70, 0x49, 0xee, 0x95, 0x63, 0xe2, 0x0, 0x0,
    0x67, 0xc5, 0x0, 0x0, 0xe2, 0x0, 0x0, 0x0,
    0xa5, 0x0, 0x0, 0xe2, 0x0, 0x10, 0x0, 0xa5,
    0x0, 0x0, 0xe2, 0x0, 0xc2, 0x0, 0xb5, 0x0,
    0x0, 0xd4, 0x0, 0xe1, 0x3f, 0xd2, 0x0, 0x0,
    0x8f, 0xff, 0xa0,

    /* U+6279 "批" */
    0x0, 0x87, 0x4, 0xc0, 0xe, 0x20, 0x0, 0x0,
    0x87, 0x4, 0xc0, 0xe, 0x20, 0x0, 0x0, 0x87,
    0x4, 0xc0, 0xe, 0x20, 0x0, 0x7f, 0xff, 0xf5,
    0xc0, 0xe, 0x20, 0x30, 0x1, 0x98, 0x14, 0xc0,
    0xe, 0x3c, 0x90, 0x0, 0x87, 0x4, 0xfe, 0xce,
    0xe7, 0x0, 0x0, 0x88, 0x45, 0xc0, 0xe, 0x50,
    0x0, 0x27, 0xdf, 0xb6, 0xc0, 0xe, 0x20, 0x0,
    0x69, 0xb8, 0x4, 0xc0, 0xe, 0x20, 0x0, 0x0,
    0x87, 0x4, 0xc0, 0xe, 0x20, 0x0, 0x0, 0x87,
    0x4, 0xc0, 0x3e, 0x20, 0x92, 0x0, 0x87, 0x7,
    0xee, 0x9e, 0x30, 0xc2, 0x1f, 0xe4, 0x8, 0x81,
    0x9, 0xff, 0xc0,

    /* U+627F "承" */
    0x0, 0x0, 0x0, 0x0, 0x0, 0x0, 0x0, 0x0,
    0x2f, 0xff, 0xff, 0xff, 0xf2, 0x0, 0x0, 0x0,
    0x0, 0x0, 0x6e, 0x40, 0x0, 0x0, 0x0, 0x0,
    0x2c, 0xa4, 0x10, 0x0, 0xf, 0xff, 0x90, 0x6a,
    0x7, 0x71, 0xc1, 0x0, 0x9, 0x8e, 0xff, 0xe7,
    0xbc, 0x60, 0x0, 0xe, 0x40, 0x69, 0x1, 0xf6,
    0x0, 0x0, 0x3e, 0x5e, 0xff, 0xe6, 0xb5, 0x0,
    0x0, 0x99, 0x0, 0x69, 0x0, 0x6c, 0x0, 0x2,
    0xf1, 0xee, 0xff, 0xee, 0x1d, 0x60, 0x1d, 0x70,
    0x0, 0x69, 0x0, 0x4, 0xf4, 0x29, 0x0, 0x0,
    0x79, 0x0, 0x0, 0x51, 0x0, 0x0, 0xaf, 0xe4,
    0x0, 0x0, 0x0, 0x0, 0x0, 0x0, 0x0, 0x0,
    0x0, 0x0,

    /* U+6298 "折" */
    0x0, 0x1e, 0x0, 0x0, 0x2, 0x6a, 0x80, 0x0,
    0x1e, 0x0, 0x5d, 0xfd, 0xa6, 0x20, 0x0, 0x1e,
    0x0, 0x79, 0x0, 0x0, 0x0, 0x1f, 0xff, 0xfc,
    0x78, 0x0, 0x0, 0x0, 0x0, 0x2e, 0x0, 0x78,
    0x0, 0x0, 0x0, 0x0, 0x1e, 0x0, 0x7f, 0xee,
    0xff, 0xe6, 0x0, 0x1e, 0x58, 0x87, 0x0, 0xe1,
    0x0, 0x18, 0xcf, 0xa5, 0x96, 0x0, 0xe1, 0x0,
    0x8, 0x5e, 0x0, 0xb4, 0x0, 0xe1, 0x0, 0x0,
    0x1e, 0x0, 0xd3, 0x0, 0xe1, 0x0, 0x0, 0x1e,
    0x1, 0xf0, 0x0, 0xe1, 0x0, 0x0, 0x2e, 0x8,
    0x90, 0x0, 0xe1, 0x0, 0x9, 0xfa, 0xb, 0x20,
    0x0, 0xe1, 0x0, 0x0, 0x0, 0x0, 0x0, 0x0,
    0x0, 0x0,

    /* U+62AB "披" */
    0x0, 0x0, 0x0, 0x0, 0x0, 0x0, 0x0, 0x0,
    0x78, 0x0, 0x0, 0x1e, 0x0, 0x0, 0x0, 0x78,
    0x0, 0x0, 0x1e, 0x0, 0x0, 0x0, 0x78, 0x5,
    0xcc, 0xcf, 0xcc, 0xc4, 0x3e, 0xff, 0xd6, 0xb4,
    0x5f, 0x44, 0xe3, 0x0, 0x78, 0x6, 0xa0, 0x1e,
    0x1, 0xe0, 0x0, 0x78, 0x6, 0xa0, 0x2e, 0x1,
    0x40, 0x0, 0x78, 0x37, 0xff, 0xee, 0xee, 0xb0,
    0x16, 0xcf, 0xa8, 0x9e, 0x20, 0xb, 0x50, 0x3a,
    0xa8, 0xa, 0x67, 0xa0, 0x3e, 0x0, 0x0, 0x78,
    0xc, 0x40, 0xc7, 0xd3, 0x0, 0x0, 0x78, 0x1f,
    0x10, 0x4f, 0xb0, 0x0, 0x0, 0x78, 0x8a, 0x18,
    0xe6, 0xbc, 0x50, 0xd, 0xe4, 0xa3, 0xe8, 0x10,
    0x5, 0xc7, 0x0, 0x0, 0x0, 0x0, 0x0, 0x0,
    0x0,

    /* U+62B1 "抱" */
    0x0, 0x0, 0x0, 0x0, 0x0, 0x0, 0x0, 0x0,
    0x78, 0x0, 0x59, 0x0, 0x0, 0x0, 0x0, 0x78,
    0x0, 0xb6, 0x0, 0x0, 0x0, 0x0, 0x78, 0x2,
    0xff, 0xff, 0xff, 0xf0, 0x4d, 0xee, 0xcc, 0x80,
    0x0, 0x1, 0xf0, 0x0, 0x78, 0x4f, 0xdd, 0xdd,
    0x11, 0xe0, 0x0, 0x78, 0x4, 0xc1, 0x1e, 0x12,
    0xe0, 0x0, 0x7b, 0x83, 0xb0, 0xd, 0x13, 0xd0,
    0x39, 0xee, 0x83, 0xd8, 0x8f, 0x14, 0xb0, 0x58,
    0x98, 0x3, 0xd7, 0x79, 0x39, 0x90, 0x0, 0x78,
    0x3, 0xb0, 0x4, 0xca, 0x20, 0x0, 0x78, 0x3,
    0xb0, 0x0, 0x0, 0x55, 0x0, 0x78, 0x3, 0xd0,
    0x0, 0x0, 0xb6, 0xd, 0xf5, 0x0, 0xbf, 0xff,
    0xff, 0xc1, 0x1, 0x0, 0x0, 0x0, 0x0, 0x0,
    0x0,

    /* U+62C2 "拂" */
    0x0, 0xe1, 0x0, 0xf, 0xd, 0x20, 0x0, 0x0,
    0xe1, 0x0, 0xf, 0xd, 0x20, 0x0, 0x0, 0xe1,
    0xe, 0xff, 0xff, 0xff, 0xd0, 0x7f, 0xff, 0x50,
    0xf, 0xd, 0x21, 0xd0, 0x0, 0xe1, 0x0, 0xf,
    0xd, 0x21, 0xd0, 0x0, 0xe1, 0xe, 0xff, 0xff,
    0xff, 0xd0, 0x0, 0xe6, 0x4c, 0xf, 0xd, 0x20,
    0x0, 0x28, 0xfc, 0x7b, 0x1e, 0xd, 0x30, 0x0,
    0x69, 0xf1, 0x6e, 0xef, 0xef, 0xee, 0xf4, 0x0,
    0xe1, 0x0, 0x79, 0xd, 0x20, 0xb3, 0x0, 0xe1,
    0x0, 0xe3, 0xd, 0x20, 0xd1, 0x0, 0xe1, 0xb,
    0xb0, 0xd, 0x5c, 0x90, 0x3f, 0xc0, 0x9a, 0x0,
    0xd, 0x20, 0x0, 0x0, 0x0, 0x0, 0x0, 0x0,
    0x0, 0x0,

    /* U+62D3 "拓" */
    0x0, 0x96, 0x0, 0x0, 0x0, 0x0, 0x0, 0x0,
    0x96, 0xd, 0xee, 0xee, 0xee, 0xe5, 0x0, 0x96,
    0x2, 0x2a, 0xb2, 0x22, 0x20, 0x9e, 0xff, 0xe1,
    0xe, 0x40, 0x0, 0x0, 0x0, 0x97, 0x0, 0x4d,
    0x0, 0x0, 0x0, 0x0, 0x96, 0x0, 0x97, 0x0,
    0x0, 0x0, 0x0, 0x9a, 0xa3, 0xff, 0xff, 0xff,
    0xc0, 0x5b, 0xfc, 0x5c, 0xf4, 0x0, 0x3, 0xc0,
    0x44, 0x96, 0x8a, 0xc3, 0x0, 0x3, 0xc0, 0x0,
    0x96, 0x20, 0xc3, 0x0, 0x3, 0xc0, 0x0, 0x96,
    0x0, 0xc3, 0x0, 0x3, 0xc0, 0x0, 0x96, 0x0,
    0xce, 0xee, 0xee, 0xc0, 0x2f, 0xe3, 0x0, 0xc5,
    0x11, 0x14, 0xc0, 0x0, 0x0, 0x0, 0x10, 0x0,
    0x0, 0x0,

    /* U+62D4 "拔" */
    0x0, 0x0, 0x0, 0x0, 0x0, 0x0, 0x0, 0x0,
    0x69, 0x0, 0xe, 0x12, 0x91, 0x0, 0x0, 0x69,
    0x0, 0xe, 0x10, 0x8e, 0x30, 0x0, 0x69, 0x0,
    0xe, 0x20, 0x6, 0x60, 0x6d, 0xef, 0xdd, 0xef,
    0xfe, 0xee, 0xe4, 0x1, 0x7a, 0x10, 0xf, 0x0,
    0x0, 0x0, 0x0, 0x69, 0x0, 0x1f, 0x33, 0x33,
    0x0, 0x0, 0x6a, 0x31, 0x3f, 0xbb, 0xbe, 0x40,
    0x16, 0xcf, 0xb1, 0x7f, 0x30, 0xe, 0x0, 0x5a,
    0xa9, 0x0, 0xaa, 0xb0, 0x6a, 0x0, 0x0, 0x69,
    0x1, 0xe0, 0x99, 0xe1, 0x0, 0x0, 0x69, 0x8,
    0x90, 0x2f, 0xb0, 0x0, 0x0, 0x69, 0x5d, 0x15,
    0xe8, 0xcc, 0x40, 0xd, 0xe5, 0x93, 0x3c, 0x30,
    0x6, 0xd2, 0x0, 0x0, 0x0, 0x0, 0x0, 0x0,
    0x0,

    /* U+62E9 "择" */
    0x0, 0x96, 0x0, 0x0, 0x0, 0x0, 0x0, 0x0,
    0x96, 0x7, 0xff, 0xff, 0xff, 0x90, 0x0, 0x96,
    0x0, 0x3d, 0x20, 0x3e, 0x10, 0x6f, 0xff, 0xf1,
    0x5, 0xe6, 0xe3, 0x0, 0x0, 0x96, 0x0, 0x2,
    0xcf, 0xa2, 0x0, 0x0, 0x96, 0x7, 0xcc, 0x51,
    0x8f, 0xc4, 0x0, 0xab, 0xb5, 0x20, 0x2c, 0x0,
    0x52, 0x5e, 0xfa, 0x22, 0xbb, 0xcf, 0xbb, 0x60,
    0x22, 0x96, 0x0, 0x33, 0x5e, 0x33, 0x10, 0x0,
    0x96, 0x0, 0x0, 0x2d, 0x0, 0x0, 0x0, 0x96,
    0xe, 0xff, 0xff, 0xff, 0xf7, 0x0, 0xa6, 0x0,
    0x0, 0x2d, 0x0, 0x0, 0xf, 0xe3, 0x0, 0x0,
    0x2d, 0x0, 0x0,

    /* U+6301 "持" */
    0x0, 0x0, 0x0, 0x0, 0x0, 0x0, 0x0, 0x0,
    0x86, 0x0, 0x0, 0x1e, 0x0, 0x0, 0x0, 0x86,
    0x0, 0x0, 0x1e, 0x0, 0x0, 0x0, 0x86, 0x1,
    0xff, 0xff, 0xff, 0xe0, 0x5e, 0xff, 0xd0, 0x0,
    0x1e, 0x0, 0x0, 0x2, 0x98, 0x20, 0x0, 0x1e,
    0x0, 0x0, 0x0, 0x86, 0xd, 0xff, 0xff, 0xff,
    0xf9, 0x0, 0x8a, 0x70, 0x0, 0x0, 0x3c, 0x0,
    0x4d, 0xfb, 0x3a, 0xee, 0xee, 0xef, 0xe7, 0x24,
    0x86, 0x0, 0x34, 0x11, 0x4c, 0x10, 0x0, 0x86,
    0x0, 0x4e, 0x10, 0x3c, 0x0, 0x0, 0x86, 0x0,
    0x9, 0x90, 0x3c, 0x0, 0x0, 0x96, 0x0, 0x1,
    0x30, 0x4c, 0x0, 0xe, 0xd3, 0x0, 0x0, 0x1f,
    0xf7, 0x0,

    /* U+6302 "挂" */
    0x0, 0x78, 0x0, 0x0, 0x2d, 0x0, 0x0, 0x0,
    0x78, 0x0, 0x0, 0x2e, 0x0, 0x0, 0x0, 0x78,
    0x2, 0xee, 0xef, 0xee, 0xb0, 0x3e, 0xff, 0xe1,
    0x11, 0x3e, 0x11, 0x10, 0x0, 0x88, 0x0, 0x0,
    0x2e, 0x0, 0x0, 0x0, 0x78, 0xa, 0xee, 0xef,
    0xee, 0xe6, 0x0, 0x78, 0x51, 0x0, 0x2, 0x0,
    0x0, 0x29, 0xdd, 0x91, 0x0, 0x2e, 0x0, 0x0,
    0x14, 0x88, 0x6, 0xee, 0xef, 0xee, 0xe0, 0x0,
    0x78, 0x0, 0x0, 0x3e, 0x0, 0x0, 0x0, 0x78,
    0x0, 0x0, 0x2e, 0x0, 0x0, 0x0, 0x88, 0x2,
    0x22, 0x4e, 0x22, 0x21, 0x1e, 0xe4, 0x5d, 0xdd,
    0xdd, 0xdd, 0xd8,

    /* U+6307 "指" */
    0x0, 0x0, 0x0, 0x0, 0x0, 0x0, 0x0, 0x0,
    0x96, 0x0, 0xf0, 0x0, 0x0, 0x0, 0x0, 0x96,
    0x0, 0xf0, 0x15, 0xbf, 0x30, 0x0, 0x96, 0x0,
    0xfd, 0xea, 0x61, 0x0, 0x8f, 0xff, 0xf1, 0xf2,
    0x0, 0x0, 0x73, 0x12, 0xa7, 0x20, 0xf1, 0x0,
    0x1, 0xc4, 0x0, 0x96, 0x0, 0x8e, 0xff, 0xfe,
    0xb0, 0x0, 0x98, 0x71, 0x0, 0x0, 0x0, 0x0,
    0x4a, 0xfd, 0x81, 0xfe, 0xee, 0xee, 0xc0, 0x45,
    0xa6, 0x0, 0xf0, 0x0, 0x3, 0xc0, 0x0, 0x96,
    0x0, 0xfd, 0xdd, 0xde, 0xc0, 0x0, 0x96, 0x0,
    0xf0, 0x0, 0x3, 0xc0, 0x0, 0xa6, 0x0, 0xf2,
    0x22, 0x26, 0xc0, 0x1f, 0xe3, 0x0, 0xfa, 0xaa,
    0xab, 0xb0, 0x0, 0x0, 0x0, 0x0, 0x0, 0x0,
    0x0,

    /* U+6308 "挈" */
    0x0, 0xd, 0x20, 0x0, 0x0, 0x0, 0x0, 0x3c,
    0xcf, 0xdc, 0x6e, 0xef, 0xee, 0xa0, 0x0, 0xd,
    0x20, 0x0, 0x77, 0x5, 0x90, 0xc, 0xcf, 0xdc,
    0x30, 0xc2, 0x6, 0x80, 0x26, 0x6e, 0x86, 0x35,
    0xb0, 0x19, 0x70, 0x14, 0x4d, 0x64, 0x5a, 0x10,
    0xdb, 0x10, 0x0, 0x12, 0x34, 0x68, 0xae, 0xc0,
    0x0, 0x0, 0x8a, 0x98, 0xca, 0x41, 0x0, 0x0,
    0x4, 0x99, 0x99, 0xdc, 0x99, 0x99, 0x20, 0x0,
    0x11, 0x11, 0x98, 0x11, 0x11, 0x0, 0x7d, 0xdd,
    0xdd, 0xee, 0xdd, 0xdd, 0xd1, 0x0, 0x0, 0x0,
    0x87, 0x0, 0x0, 0x0, 0x0, 0x0, 0x8d, 0xe4,
    0x0, 0x0, 0x0,

    /* U+6309 "按" */
    0x0, 0x0, 0x0, 0x0, 0x0, 0x0, 0x0, 0x0,
    0x87, 0x0, 0x0, 0x96, 0x0, 0x0, 0x0, 0x87,
    0x0, 0x0, 0x6b, 0x0, 0x0, 0x0, 0x87, 0xa,
    0xff, 0xff, 0xff, 0xf1, 0x6f, 0xff, 0xfa, 0x50,
    0x60, 0x0, 0xe1, 0x0, 0x88, 0x7, 0x42, 0xe0,
    0x0, 0xb1, 0x0, 0x87, 0x0, 0x7, 0xa0, 0x0,
    0x0, 0x0, 0x87, 0xe, 0xef, 0xee, 0xef, 0xe4,
    0x0, 0xad, 0xd3, 0x5c, 0x0, 0x79, 0x0, 0x6e,
    0xea, 0x10, 0xd5, 0x0, 0xd4, 0x0, 0x10, 0x87,
    0x0, 0x7e, 0x87, 0xc0, 0x0, 0x0, 0x87, 0x0,
    0x1, 0xcf, 0x90, 0x0, 0x0, 0x87, 0x0, 0x5b,
    0xc4, 0xbd, 0x30, 0xe, 0xe4, 0xb, 0xb5, 0x0,
    0x5, 0xc0, 0x0, 0x0, 0x0, 0x0, 0x0, 0x0,
    0x0,

    /* U+630D "挍" */
    0x0, 0x0, 0x0, 0x0, 0x0, 0x0, 0x0, 0x0,
    0x86, 0x0, 0x0, 0x5a, 0x0, 0x0, 0x0, 0x86,
    0x0, 0x0, 0x1e, 0x20, 0x0, 0x0, 0x86, 0x6,
    0xdd, 0xde, 0xdd, 0xd8, 0x2e, 0xff, 0xc1, 0x37,
    0x43, 0x46, 0x31, 0x0, 0x97, 0x0, 0x3e, 0x10,
    0x2e, 0x30, 0x0, 0x86, 0x1, 0xe5, 0x0, 0x4,
    0xe2, 0x0, 0x89, 0x68, 0x9a, 0x20, 0x68, 0x75,
    0x29, 0xed, 0x70, 0x7, 0xa0, 0xd5, 0x0, 0x27,
    0xa6, 0x0, 0x0, 0xe8, 0xd0, 0x0, 0x0, 0x86,
    0x0, 0x0, 0x7f, 0x50, 0x0, 0x0, 0x86, 0x0,
    0x1, 0xdd, 0xc1, 0x0, 0x0, 0x96, 0x0, 0x5e,
    0x70, 0x8e, 0x60, 0xe, 0xe3, 0x6, 0xc3, 0x0,
    0x4, 0xc8, 0x0, 0x0, 0x0, 0x0, 0x0, 0x0,
    0x0,

    /* U+6324 "挤" */
    0x0, 0xe1, 0x0, 0x1, 0xd0, 0x0, 0x0, 0x0,
    0xe1, 0x13, 0x33, 0xd7, 0x33, 0x30, 0x0, 0xe1,
    0x4c, 0xfd, 0xcc, 0xde, 0xc1, 0x7e, 0xff, 0x70,
    0x88, 0x0, 0xb5, 0x0, 0x0, 0xe2, 0x0, 0xd,
    0x67, 0xc0, 0x0, 0x0, 0xe1, 0x0, 0x5, 0xff,
    0x40, 0x0, 0x0, 0xe8, 0x69, 0xdc, 0x56, 0xdd,
    0xa2, 0x4b, 0xf9, 0x25, 0x75, 0x0, 0x73, 0x50,
    0x45, 0xe1, 0x0, 0x78, 0x0, 0xd2, 0x0, 0x0,
    0xe1, 0x0, 0x87, 0x0, 0xd2, 0x0, 0x0, 0xe1,
    0x0, 0xd4, 0x0, 0xd2, 0x0, 0x0, 0xe1, 0xa,
    0xb0, 0x0, 0xd2, 0x0, 0x3f, 0xc0, 0x78, 0x0,
    0x0, 0xd2, 0x0,

    /* U+633A "挺" */
    0x0, 0x95, 0x0, 0x0, 0x0, 0x4, 0x70, 0x0,
    0x95, 0x2e, 0xec, 0x49, 0xed, 0x80, 0x0, 0x95,
    0x0, 0x86, 0x34, 0xd3, 0x0, 0x2f, 0xff, 0xa0,
    0xd0, 0x0, 0xc3, 0x0, 0x0, 0x95, 0x6, 0x70,
    0x0, 0xc3, 0x0, 0x0, 0x95, 0x1e, 0xed, 0x5e,
    0xff, 0xe0, 0x0, 0x99, 0x50, 0xd, 0x0, 0xc3,
    0x0, 0x1a, 0xfb, 0x48, 0x3b, 0x0, 0xc3, 0x0,
    0x5, 0xa5, 0xc, 0x87, 0x0, 0xc3, 0x0, 0x0,
    0x95, 0x7, 0xf2, 0xbe, 0xff, 0xe3, 0x0, 0x95,
    0x4, 0xf4, 0x0, 0x0, 0x0, 0x0, 0x95, 0xd,
    0x7e, 0x83, 0x10, 0x0, 0xd, 0xe2, 0x86, 0x1,
    0x9c, 0xef, 0xf6, 0x0, 0x0, 0x0, 0x0, 0x0,
    0x0, 0x0,

    /* U+6361 "捡" */
    0x0, 0x0, 0x0, 0x0, 0x0, 0x0, 0x0, 0x0,
    0x86, 0x0, 0x0, 0x4c, 0x0, 0x0, 0x0, 0x86,
    0x0, 0x0, 0xef, 0x40, 0x0, 0x0, 0x86, 0x0,
    0x9, 0xa2, 0xe2, 0x0, 0x3d, 0xfe, 0xc0, 0x7d,
    0x0, 0x4e, 0x30, 0x3, 0xa8, 0x38, 0xd5, 0x33,
    0x37, 0xe5, 0x0, 0x86, 0x3b, 0x1b, 0xbb, 0xb7,
    0x37, 0x0, 0x87, 0x50, 0x0, 0x12, 0x0, 0x30,
    0x28, 0xde, 0x90, 0xd0, 0x3a, 0x3, 0xc0, 0x28,
    0xa6, 0x0, 0xa3, 0xd, 0x9, 0x50, 0x0, 0x86,
    0x0, 0x68, 0xb, 0x1d, 0x0, 0x0, 0x86, 0x0,
    0x1, 0x0, 0x95, 0x0, 0x0, 0x96, 0xa, 0xaa,
    0xaa, 0xfb, 0xa5, 0xd, 0xe3, 0x3, 0x33, 0x33,
    0x33, 0x31,

    /* U+6362 "换" */
    0x0, 0x0, 0x0, 0x0, 0x0, 0x0, 0x0, 0x0,
    0xe1, 0x0, 0xe, 0x20, 0x0, 0x0, 0x0, 0xe1,
    0x0, 0x7f, 0xbb, 0xc5, 0x0, 0x0, 0xe1, 0x2,
    0xe3, 0x23, 0xf3, 0x0, 0x8e, 0xff, 0x7d, 0x70,
    0x9, 0x90, 0x0, 0x24, 0xf5, 0x5e, 0xed, 0xfe,
    0xdf, 0x10, 0x0, 0xe1, 0x8, 0x70, 0xa5, 0xf,
    0x10, 0x0, 0xe4, 0x38, 0x70, 0xb5, 0xf, 0x10,
    0x49, 0xfc, 0x58, 0x70, 0xc3, 0xf, 0x10, 0x67,
    0xf1, 0x8e, 0xee, 0xff, 0xee, 0xe1, 0x0, 0xe1,
    0x0, 0x8, 0xcd, 0x0, 0x0, 0x0, 0xe1, 0x0,
    0x6d, 0x17, 0xb0, 0x0, 0x0, 0xf1, 0x2a, 0xc1,
    0x0, 0x9d, 0x50, 0x2f, 0xc1, 0xd7, 0x0, 0x0,
    0x4, 0xc1, 0x0, 0x0, 0x0, 0x0, 0x0, 0x0,
    0x0,

    /* U+6368 "捨" */
    0x0, 0x0, 0x0, 0x0, 0x0, 0x0, 0x0, 0x0,
    0x77, 0x0, 0x0, 0xa9, 0x0, 0x0, 0x0, 0x77,
    0x0, 0x6, 0xdc, 0x50, 0x0, 0x0, 0x77, 0x0,
    0x5d, 0x10, 0xc8, 0x0, 0x1f, 0xff, 0xc8, 0xd2,
    0x0, 0xa, 0xd3, 0x0, 0x78, 0x5a, 0x3e, 0xff,
    0xe9, 0x59, 0x0, 0x77, 0x0, 0x0, 0x59, 0x0,
    0x0, 0x0, 0x7b, 0x6e, 0xee, 0xff, 0xee, 0xe4,
    0x2c, 0xfc, 0x30, 0x0, 0x59, 0x0, 0x0, 0x4,
    0x77, 0x1, 0xbb, 0xde, 0xbb, 0x40, 0x0, 0x77,
    0x1, 0xe2, 0x22, 0x2a, 0x50, 0x0, 0x77, 0x1,
    0xe0, 0x0, 0x9, 0x50, 0x0, 0x77, 0x1, 0xe2,
    0x22, 0x2b, 0x50, 0xc, 0xe3, 0x1, 0xfb, 0xbb,
    0xbd, 0x50,

    /* U+636E "据" */
    0x0, 0xa5, 0x0, 0x0, 0x0, 0x0, 0x0, 0x0,
    0xa5, 0x5, 0xfe, 0xee, 0xee, 0xe0, 0x0, 0xa5,
    0x5, 0xb0, 0x0, 0x1, 0xe0, 0x4b, 0xed, 0xa5,
    0xc3, 0x33, 0x34, 0xe0, 0x14, 0xb8, 0x35, 0xeb,
    0xbf, 0xbb, 0xa0, 0x0, 0xa5, 0x6, 0xb0, 0xe,
    0x10, 0x0, 0x0, 0xa8, 0x77, 0xfe, 0xef, 0xee,
    0xe5, 0x29, 0xee, 0x88, 0x90, 0xe, 0x10, 0x0,
    0x5a, 0xc5, 0x9, 0x71, 0x1e, 0x21, 0x10, 0x0,
    0xa5, 0xc, 0x4f, 0xcc, 0xcc, 0xf0, 0x0, 0xa5,
    0xf, 0x1e, 0x0, 0x0, 0xf0, 0x1, 0xb5, 0x6a,
    0xe, 0x11, 0x11, 0xf0, 0xd, 0xc1, 0xb2, 0xf,
    0xcc, 0xcc, 0xe0,

    /* U+637A "捺" */
    0x0, 0x0, 0x0, 0x0, 0x0, 0x0, 0x0, 0x0,
    0x96, 0x0, 0x0, 0x96, 0x0, 0x0, 0x0, 0x96,
    0x0, 0x0, 0xd3, 0x0, 0x0, 0x0, 0x96, 0xf,
    0xff, 0xff, 0xff, 0xf5, 0x5e, 0xff, 0xd0, 0x1d,
    0x31, 0xd3, 0x0, 0x0, 0xa6, 0x1, 0xc7, 0x0,
    0x3e, 0x40, 0x0, 0x96, 0x3e, 0x7b, 0xbb, 0xb8,
    0xe7, 0x0, 0x99, 0xa2, 0x3, 0x33, 0x31, 0x11,
    0x28, 0xef, 0xa0, 0x0, 0x0, 0x0, 0x0, 0x6a,
    0xc6, 0xa, 0xee, 0xff, 0xee, 0xe0, 0x0, 0x96,
    0x0, 0x30, 0x5a, 0x4, 0x0, 0x0, 0x96, 0x4,
    0xd0, 0x5a, 0xb, 0x60, 0x0, 0xa6, 0x2e, 0x30,
    0x5a, 0x1, 0xe2, 0x1f, 0xe3, 0x13, 0xa, 0xf7,
    0x0, 0x31, 0x0, 0x0, 0x0, 0x0, 0x0, 0x0,
    0x0,

    /* U+6388 "授" */
    0x0, 0x96, 0x0, 0x2, 0x46, 0x8c, 0x60, 0x0,
    0x96, 0x8, 0xcb, 0x98, 0x53, 0x10, 0x0, 0x96,
    0x1, 0x70, 0x84, 0x7, 0x90, 0x4e, 0xff, 0xd0,
    0xd0, 0x59, 0xd, 0x10, 0x2, 0xa8, 0x23, 0x95,
    0x46, 0x7b, 0x30, 0x0, 0x96, 0xd, 0xba, 0xaa,
    0xaa, 0xf2, 0x0, 0x98, 0x5d, 0x0, 0x0, 0x0,
    0xc2, 0x3a, 0xfc, 0x53, 0xee, 0xee, 0xee, 0x20,
    0x25, 0xa6, 0x0, 0x68, 0x0, 0x5b, 0x0, 0x0,
    0x96, 0x0, 0xd, 0x43, 0xd2, 0x0, 0x0, 0x96,
    0x0, 0x2, 0xff, 0x30, 0x0, 0x0, 0x96, 0x3,
    0x7d, 0xaa, 0xd6, 0x20, 0xe, 0xe3, 0x2d, 0x82,
    0x0, 0x39, 0xd2,

    /* U+638C "掌" */
    0x0, 0x39, 0x0, 0x87, 0x0, 0x95, 0x0, 0x0,
    0xd, 0x40, 0x87, 0x4, 0xd0, 0x0, 0xc, 0xef,
    0xee, 0xff, 0xee, 0xee, 0xd0, 0xd, 0x10, 0x0,
    0x0, 0x0, 0x1, 0xf0, 0xc, 0x1d, 0xcb, 0xbb,
    0xbb, 0xf1, 0xe0, 0x0, 0xd, 0x64, 0x44, 0x45,
    0xf0, 0x0, 0x0, 0x5, 0x66, 0x66, 0x78, 0xa0,
    0x0, 0x0, 0x9b, 0xbb, 0xdd, 0xba, 0x82, 0x0,
    0x2, 0x55, 0x55, 0xba, 0x55, 0x55, 0x20, 0x2,
    0x55, 0x55, 0xba, 0x55, 0x55, 0x20, 0x2b, 0xbb,
    0xbb, 0xed, 0xbb, 0xbb, 0xb2, 0x0, 0x0, 0x0,
    0x87, 0x0, 0x0, 0x0, 0x0, 0x0, 0xac, 0xd4,
    0x0, 0x0, 0x0,

    /* U+63A0 "掠" */
    0x0, 0x96, 0x0, 0x0, 0x86, 0x0, 0x0, 0x0,
    0x96, 0x0, 0x0, 0x4d, 0x0, 0x0, 0x0, 0x96,
    0x9, 0xff, 0xff, 0xff, 0xf0, 0x3c, 0xee, 0xb0,
    0x0, 0x0, 0x0, 0x0, 0x1, 0xa7, 0x10, 0xef,
    0xff, 0xff, 0x40, 0x0, 0x96, 0x0, 0xe0, 0x0,
    0xc, 0x40, 0x0, 0x98, 0x60, 0xe0, 0x0, 0xc,
    0x40, 0x29, 0xee, 0x80, 0xef, 0xff, 0xff, 0x40,
    0x38, 0xb6, 0x0, 0x21, 0x2e, 0x2, 0x0, 0x0,
    0x96, 0x0, 0xe3, 0x2e, 0x1d, 0x0, 0x0, 0x96,
    0x9, 0x90, 0x2e, 0x7, 0x80, 0x0, 0x96, 0x3d,
    0x0, 0x2e, 0x0, 0xd0, 0xe, 0xe3, 0x0, 0xe,
    0xfa, 0x0, 0x0, 0x0, 0x0, 0x0, 0x0, 0x0,
    0x0, 0x0,

    /* U+63A2 "探" */
    0x0, 0x68, 0x0, 0x0, 0x0, 0x0, 0x0, 0x0,
    0x68, 0xa, 0xfe, 0xee, 0xee, 0xf0, 0x0, 0x68,
    0xa, 0x40, 0x0, 0x10, 0xe0, 0x1e, 0xff, 0xd5,
    0x29, 0x80, 0xd4, 0x60, 0x0, 0x78, 0x0, 0x8c,
    0x0, 0x2e, 0x20, 0x0, 0x68, 0x8, 0xb1, 0x6,
    0x5, 0xb0, 0x0, 0x6b, 0x90, 0x0, 0x1e, 0x0,
    0x0, 0x19, 0xed, 0x5b, 0xee, 0xff, 0xee, 0xe2,
    0x7, 0x88, 0x0, 0x2, 0xef, 0xc0, 0x0, 0x0,
    0x68, 0x0, 0x1d, 0x4e, 0x78, 0x0, 0x0, 0x68,
    0x3, 0xd6, 0x1e, 0xc, 0x70, 0x0, 0x78, 0x4e,
    0x40, 0x1e, 0x1, 0xc4, 0xa, 0xe5, 0x1, 0x0,
    0x1e, 0x0, 0x0, 0x0, 0x0, 0x0, 0x0, 0x0,
    0x0, 0x0,

    /* U+63CF "描" */
    0x0, 0x86, 0x0, 0xe, 0x10, 0x2d, 0x0, 0x0,
    0x86, 0x0, 0xe, 0x10, 0x2d, 0x0, 0x0, 0x86,
    0xa, 0xcf, 0xdc, 0xdf, 0xc9, 0x3e, 0xff, 0xd2,
    0x3f, 0x43, 0x5e, 0x32, 0x0, 0x97, 0x0, 0xb,
    0x10, 0x2b, 0x0, 0x0, 0x86, 0x0, 0x11, 0x11,
    0x11, 0x10, 0x0, 0x87, 0x33, 0xfd, 0xdf, 0xdd,
    0xf3, 0x16, 0xdf, 0xb3, 0xb0, 0x1f, 0x0, 0xc3,
    0x4b, 0xc6, 0x3, 0xc3, 0x4f, 0x33, 0xd3, 0x0,
    0x86, 0x3, 0xea, 0xbf, 0xaa, 0xf3, 0x0, 0x86,
    0x3, 0xb0, 0x1f, 0x0, 0xc3, 0x0, 0x96, 0x3,
    0xfc, 0xcf, 0xcc, 0xf3, 0xd, 0xd3, 0x3, 0xc2,
    0x22, 0x22, 0xc2,

    /* U+63D0 "提" */
    0x0, 0x95, 0x0, 0x0, 0x0, 0x0, 0x0, 0x0,
    0x95, 0x1, 0xfc, 0xcc, 0xcf, 0x40, 0x0, 0x95,
    0x1, 0xe4, 0x44, 0x4d, 0x40, 0x5e, 0xff, 0xd1,
    0xf5, 0x55, 0x5d, 0x40, 0x0, 0xa6, 0x1, 0xf8,
    0x88, 0x8e, 0x40, 0x0, 0x95, 0x0, 0x22, 0x22,
    0x22, 0x0, 0x0, 0x9a, 0x9b, 0xee, 0xee, 0xee,
    0xe0, 0x3b, 0xfd, 0x50, 0x10, 0x2d, 0x0, 0x0,
    0x49, 0xb5, 0x0, 0xf1, 0x2d, 0x0, 0x0, 0x0,
    0x95, 0x3, 0xf0, 0x2f, 0xdd, 0x40, 0x0, 0x95,
    0x8, 0xf7, 0x2d, 0x0, 0x0, 0x0, 0x95, 0x3f,
    0x3d, 0xad, 0x0, 0x0, 0xd, 0xf3, 0xb6, 0x1,
    0x9e, 0xee, 0xe4, 0x1, 0x0, 0x0, 0x0, 0x0,
    0x0, 0x0,

    /* U+63D2 "插" */
    0x0, 0xe1, 0x0, 0x0, 0x13, 0x7b, 0x20, 0x0,
    0xe1, 0x4, 0xde, 0xee, 0x96, 0x10, 0x0, 0xe1,
    0x0, 0x0, 0x4b, 0x0, 0x0, 0x5c, 0xfc, 0x53,
    0x33, 0x7c, 0x33, 0x30, 0x14, 0xf5, 0x2b, 0xbb,
    0xce, 0xbb, 0xb1, 0x0, 0xe1, 0x0, 0x4, 0x4b,
    0x0, 0x0, 0x0, 0xe3, 0x37, 0xd9, 0x4b, 0xbe,
    0xa0, 0x28, 0xff, 0x69, 0x60, 0x4b, 0x3, 0xa0,
    0x6a, 0xf2, 0x9, 0x72, 0x4b, 0x26, 0xa0, 0x0,
    0xe1, 0x9, 0xdb, 0x5b, 0x8c, 0xa0, 0x0, 0xe1,
    0x9, 0x60, 0x4b, 0x3, 0xa0, 0x0, 0xe1, 0x9,
    0xdb, 0xde, 0xbc, 0xa0, 0xe, 0xc0, 0x9, 0x83,
    0x33, 0x36, 0xa0, 0x0, 0x0, 0x0, 0x0, 0x0,
    0x0, 0x0,

    /* U+63E1 "握" */
    0x0, 0xa5, 0x0, 0x0, 0x0, 0x0, 0x0, 0x0,
    0xa5, 0xa, 0xed, 0xdd, 0xdd, 0xf0, 0x0, 0xa5,
    0xa, 0x50, 0x0, 0x0, 0xf0, 0x2b, 0xed, 0xaa,
    0xdc, 0xcc, 0xcc, 0xf0, 0x3, 0xb8, 0x3a, 0x50,
    0x0, 0x0, 0x0, 0x0, 0xa5, 0xb, 0xed, 0xfe,
    0xdd, 0xd1, 0x0, 0xa8, 0x5c, 0x42, 0xc1, 0x1b,
    0x10, 0x2a, 0xfc, 0x5d, 0x6e, 0xcb, 0xce, 0xc0,
    0x15, 0xb5, 0xe, 0x24, 0x2c, 0x50, 0x30, 0x0,
    0xa5, 0xf, 0x5a, 0xae, 0xca, 0xa0, 0x0, 0xa5,
    0x4b, 0x12, 0x2c, 0x72, 0x20, 0x0, 0xa5, 0xa6,
    0x0, 0xb, 0x40, 0x0, 0xe, 0xe3, 0xd4, 0xdd,
    0xdf, 0xed, 0xd9, 0x0, 0x0, 0x0, 0x0, 0x0,
    0x0, 0x0,

    /* U+6460 "摠" */
    0x0, 0x0, 0x0, 0x0, 0x0, 0x0, 0x0, 0x0,
    0x86, 0x0, 0x0, 0xa6, 0x0, 0x0, 0x0, 0x86,
    0x4, 0xbb, 0xfc, 0xbb, 0xa0, 0x0, 0x86, 0x5,
    0xa3, 0x94, 0x34, 0xe0, 0x3f, 0xff, 0xe5, 0x83,
    0xda, 0xc4, 0xe0, 0x0, 0x86, 0x5, 0x9a, 0x65,
    0xa1, 0xe0, 0x0, 0x86, 0x5, 0x80, 0x6e, 0x81,
    0xe0, 0x0, 0x8b, 0xa5, 0x87, 0x70, 0x51, 0xe0,
    0x3c, 0xfb, 0x45, 0xfd, 0xdd, 0xde, 0xe0, 0x14,
    0x86, 0x0, 0x0, 0x65, 0x0, 0x0, 0x0, 0x86,
    0x4, 0x5b, 0xc, 0x47, 0x70, 0x0, 0x86, 0xa,
    0x5e, 0x2, 0x41, 0xd2, 0x0, 0x86, 0x1d, 0xf,
    0x0, 0xc, 0x78, 0xc, 0xe3, 0x2, 0xb, 0xed,
    0xeb, 0x0,

    /* U+6487 "撇" */
    0x0, 0x0, 0x0, 0x0, 0x0, 0x0, 0x0, 0x0,
    0xe0, 0x20, 0xe0, 0x20, 0xb1, 0x0, 0x0, 0xe0,
    0x92, 0xe0, 0xd0, 0xe0, 0x0, 0x0, 0xe0, 0x56,
    0xe4, 0x91, 0xe6, 0x61, 0x5f, 0xff, 0x17, 0xe5,
    0x34, 0xd9, 0xe2, 0x1, 0xe1, 0xbe, 0xfe, 0xf9,
    0x81, 0xa0, 0x0, 0xe0, 0xb0, 0xa0, 0xce, 0xb4,
    0x80, 0x0, 0xe0, 0xb8, 0xa8, 0xc6, 0xc7, 0x60,
    0x3, 0xfd, 0xc8, 0xa8, 0xc0, 0xab, 0x20, 0x6d,
    0xe0, 0xb8, 0xa8, 0xc0, 0x7e, 0x0, 0x0, 0xe0,
    0xb6, 0xa7, 0xd0, 0x4c, 0x0, 0x0, 0xe0, 0xb0,
    0xa0, 0xc0, 0xae, 0x20, 0x0, 0xe0, 0xb0, 0xa0,
    0xc4, 0xc5, 0xb0, 0x2d, 0xa0, 0xb0, 0x87, 0xcb,
    0x20, 0xa2, 0x0, 0x0, 0x0, 0x0, 0x0, 0x0,
    0x0,

    /* U+6491 "撑" */
    0x0, 0x86, 0x0, 0x90, 0x2d, 0x8, 0x20, 0x0,
    0x86, 0x2, 0xc7, 0x5d, 0x3c, 0x30, 0x2, 0x98,
    0x1e, 0x99, 0x99, 0x99, 0xf1, 0x2d, 0xee, 0xac,
    0x89, 0x99, 0x98, 0xd1, 0x0, 0x86, 0x0, 0xd1,
    0x0, 0xd, 0x0, 0x0, 0x86, 0x0, 0xdc, 0xbb,
    0xbd, 0x0, 0x0, 0x8a, 0x90, 0x11, 0x23, 0x57,
    0x10, 0x29, 0xed, 0x75, 0xbb, 0xcf, 0x86, 0x20,
    0x26, 0xa6, 0x6, 0x88, 0x9f, 0x88, 0x70, 0x0,
    0x86, 0x2, 0x22, 0x4e, 0x22, 0x20, 0x0, 0x86,
    0x3c, 0xcc, 0xcf, 0xcc, 0xc5, 0x0, 0x96, 0x0,
    0x0, 0x2e, 0x0, 0x0, 0xe, 0xe3, 0x0, 0x5d,
    0xda, 0x0, 0x0, 0x0, 0x0, 0x0, 0x0, 0x0,
    0x0, 0x0,

    /* U+64B0 "撰" */
    0x0, 0x86, 0x0, 0x0, 0x0, 0x0, 0x0, 0x0,
    0x86, 0xb, 0xcc, 0x8b, 0xcb, 0xf0, 0x2, 0xa7,
    0x2b, 0xaa, 0x8b, 0xa9, 0xf0, 0x4f, 0xff, 0xeb,
    0x31, 0x2b, 0x31, 0x30, 0x0, 0x96, 0xb, 0x41,
    0xcb, 0x31, 0x85, 0x0, 0x86, 0x4, 0xbf, 0x54,
    0xfb, 0x90, 0x0, 0x9b, 0xb0, 0xe, 0x0, 0xf0,
    0x0, 0x4c, 0xfb, 0x4a, 0xef, 0xde, 0xfe, 0xd0,
    0x23, 0x96, 0x0, 0xe, 0x0, 0xf0, 0x0, 0x0,
    0x86, 0x4b, 0xbf, 0xbb, 0xfb, 0xb5, 0x0, 0x86,
    0x12, 0x37, 0x22, 0x73, 0x21, 0x0, 0x96, 0x3,
    0xd7, 0x0, 0x8d, 0x40, 0xe, 0xe3, 0x4c, 0x40,
    0x0, 0x2, 0xc2, 0x0, 0x0, 0x0, 0x0, 0x0,
    0x0, 0x0,

    /* U+64BF "撿" */
    0x0, 0x0, 0x0, 0x0, 0x0, 0x0, 0x0, 0x0,
    0x86, 0x0, 0x0, 0xaa, 0x0, 0x0, 0x0, 0x86,
    0x0, 0x9, 0xbb, 0x90, 0x0, 0x2, 0x97, 0x12,
    0xca, 0x0, 0x8d, 0x60, 0x1d, 0xee, 0xbe, 0x6c,
    0xcc, 0xc5, 0xa9, 0x0, 0x86, 0x1, 0x0, 0x0,
    0x0, 0x0, 0x0, 0x86, 0x5, 0xbb, 0x85, 0xbb,
    0x90, 0x0, 0x8a, 0x67, 0x52, 0xb6, 0x50, 0xc0,
    0x8, 0xed, 0x57, 0x52, 0xb6, 0x50, 0xc0, 0x9,
    0xa6, 0x5, 0xcc, 0x85, 0xcc, 0x90, 0x0, 0x86,
    0x0, 0x77, 0x0, 0x77, 0x0, 0x0, 0x86, 0x0,
    0xea, 0x0, 0xe9, 0x0, 0x0, 0x86, 0x1b, 0x77,
    0xa9, 0x99, 0xc1, 0xc, 0xe3, 0xa8, 0x0, 0x4b,
    0x0, 0x66, 0x0, 0x0, 0x0, 0x0, 0x0, 0x0,
    0x0,

    /* U+64D0 "擐" */
    0x0, 0x86, 0x0, 0x0, 0x0, 0x0, 0x0, 0x0,
    0x86, 0x4, 0xec, 0xec, 0xec, 0xf0, 0x0, 0x86,
    0x4, 0xa0, 0xb0, 0xb0, 0xe0, 0x1e, 0xff, 0xd3,
    0xbb, 0xbb, 0xbb, 0xb0, 0x0, 0x87, 0x8, 0x99,
    0x99, 0x99, 0x94, 0x0, 0x86, 0x4, 0x44, 0x44,
    0x44, 0x42, 0x0, 0x8a, 0x90, 0xdd, 0xcc, 0xcd,
    0x90, 0x19, 0xec, 0x50, 0xe1, 0x0, 0x5, 0x90,
    0x8, 0xa6, 0x0, 0xdc, 0xdd, 0xcd, 0x80, 0x0,
    0x86, 0x0, 0x2a, 0x97, 0x72, 0xa1, 0x0, 0x86,
    0x3c, 0xce, 0x0, 0xcc, 0x30, 0x0, 0x86, 0x2,
    0x1e, 0x58, 0x5d, 0x60, 0xc, 0xe3, 0x0, 0x9c,
    0x84, 0x2, 0xa4, 0x0, 0x0, 0x0, 0x0, 0x0,
    0x0, 0x0,

    /* U+6536 "收" */
    0x0, 0x0, 0x0, 0x1, 0x0, 0x0, 0x0, 0x0,
    0x0, 0xe2, 0x8, 0xa0, 0x0, 0x0, 0x5, 0x10,
    0xe2, 0xc, 0x60, 0x0, 0x0, 0xd, 0x20, 0xe2,
    0xf, 0x30, 0x0, 0x0, 0xd, 0x20, 0xe2, 0x4f,
    0xff, 0xff, 0xe0, 0xd, 0x20, 0xe2, 0xad, 0x0,
    0x4c, 0x0, 0xd, 0x20, 0xe5, 0xfd, 0x20, 0x88,
    0x0, 0xd, 0x20, 0xe9, 0x86, 0x70, 0xc4, 0x0,
    0xd, 0x20, 0xe2, 0x0, 0xd3, 0xe0, 0x0, 0xe,
    0x6a, 0xf2, 0x0, 0x8e, 0x70, 0x0, 0x2f, 0xd6,
    0xe2, 0x0, 0x5f, 0x30, 0x0, 0x3, 0x0, 0xe2,
    0x3, 0xe9, 0xe1, 0x0, 0x0, 0x0, 0xe2, 0x7e,
    0x50, 0x8e, 0x40, 0x0, 0x0, 0xe5, 0xc2, 0x0,
    0x5, 0xa0,

    /* U+653E "放" */
    0x0, 0x8, 0x0, 0x0, 0x45, 0x0, 0x0, 0x0,
    0xa, 0x60, 0x0, 0xa7, 0x0, 0x0, 0x16, 0x69,
    0x96, 0x50, 0xe4, 0x0, 0x0, 0x29, 0xdb, 0x99,
    0x83, 0xfe, 0xef, 0xf7, 0x0, 0xa5, 0x0, 0xa,
    0xd0, 0xb, 0x50, 0x0, 0xae, 0xdd, 0x6e, 0xd1,
    0xe, 0x10, 0x0, 0xa6, 0x1c, 0xa7, 0x86, 0x3d,
    0x0, 0x0, 0xb4, 0xc, 0x30, 0x3c, 0x97, 0x0,
    0x0, 0xd3, 0xc, 0x30, 0xd, 0xf1, 0x0, 0x0,
    0xf0, 0xd, 0x20, 0xb, 0xd0, 0x0, 0x5, 0xb0,
    0xe, 0x10, 0x8d, 0xd8, 0x0, 0xd, 0x40, 0x1f,
    0x1a, 0xd1, 0x2e, 0x90, 0x5a, 0xb, 0xf9, 0xaa,
    0x10, 0x2, 0xc4, 0x0, 0x0, 0x0, 0x0, 0x0,
    0x0, 0x0,

    /* U+6555 "敕" */
    0x0, 0x0, 0x0, 0x0, 0x0, 0x0, 0x0, 0x0,
    0x9, 0x60, 0x0, 0x2d, 0x0, 0x0, 0x0, 0x9,
    0x60, 0x0, 0x6b, 0x0, 0x0, 0x4e, 0xef, 0xfe,
    0xe0, 0xa8, 0x0, 0x0, 0x0, 0x9, 0x60, 0x0,
    0xed, 0xde, 0xe5, 0xc, 0xde, 0xed, 0x84, 0xf4,
    0xa, 0x50, 0xe, 0x8, 0x55, 0x9c, 0xd8, 0xd,
    0x20, 0xe, 0x8, 0x55, 0xab, 0x3c, 0x1e, 0x0,
    0xc, 0xdf, 0xed, 0x80, 0xd, 0x89, 0x0, 0x0,
    0x3f, 0xc1, 0x0, 0x8, 0xf3, 0x0, 0x0, 0xcd,
    0x9d, 0x30, 0x7, 0xf1, 0x0, 0xa, 0x99, 0x63,
    0x90, 0x4e, 0xaa, 0x0, 0x4b, 0x9, 0x60, 0x7,
    0xe3, 0xc, 0xa0, 0x0, 0x9, 0x60, 0x5b, 0x10,
    0x0, 0xa3, 0x0, 0x0, 0x0, 0x0, 0x0, 0x0,
    0x0,

    /* U+6559 "教" */
    0x0, 0x3b, 0x0, 0x52, 0x79, 0x0, 0x0, 0x1,
    0x4c, 0x12, 0xf1, 0xb7, 0x0, 0x0, 0xd, 0xef,
    0xdf, 0x90, 0xf4, 0x0, 0x0, 0x0, 0x3b, 0x2f,
    0x13, 0xfd, 0xce, 0xe5, 0x9e, 0xef, 0xff, 0xed,
    0xf0, 0xb, 0x50, 0x0, 0xa, 0xa0, 0x3f, 0xe5,
    0xf, 0x20, 0x7, 0xfe, 0xdf, 0xa9, 0x79, 0x3e,
    0x0, 0x4e, 0x82, 0xc4, 0x0, 0x2e, 0x98, 0x0,
    0x23, 0xa, 0x62, 0x31, 0xd, 0xf2, 0x0, 0x6b,
    0xdf, 0xec, 0xa2, 0xb, 0xe0, 0x0, 0x23, 0x1b,
    0x40, 0x0, 0x9d, 0xc9, 0x0, 0x0, 0xb, 0x40,
    0x2c, 0xd1, 0x1e, 0xa0, 0x3, 0xee, 0x20, 0xa8,
    0x0, 0x2, 0xc3, 0x0, 0x0, 0x0, 0x0, 0x0,
    0x0, 0x0,

    /* U+655E "敞" */
    0x0, 0x0, 0x0, 0x0, 0x0, 0x0, 0x0, 0x2,
    0x2, 0xc0, 0x41, 0x1e, 0x0, 0x0, 0xe, 0x12,
    0xc0, 0xe1, 0x4d, 0x0, 0x0, 0x8, 0x82, 0xc3,
    0xb0, 0x8a, 0x0, 0x0, 0x3, 0xb2, 0xc7, 0x50,
    0xcf, 0xef, 0xfa, 0x8, 0x9a, 0xe9, 0x94, 0xf5,
    0x6, 0xa0, 0xe, 0x33, 0x33, 0xec, 0xea, 0x9,
    0x60, 0xe, 0x1c, 0xc6, 0xdc, 0x3e, 0xd, 0x30,
    0xe, 0x1a, 0x8, 0xd1, 0xb, 0x8d, 0x0, 0xe,
    0x1a, 0x8, 0xd1, 0x6, 0xf6, 0x0, 0xe, 0x1e,
    0xb8, 0xd1, 0x5, 0xf4, 0x0, 0xe, 0x19, 0x0,
    0xd1, 0x2e, 0x9d, 0x10, 0xe, 0x0, 0x0, 0xe6,
    0xf7, 0xa, 0xc2, 0xe, 0x0, 0xa, 0xbc, 0x60,
    0x0, 0x89, 0x0, 0x0, 0x0, 0x0, 0x0, 0x0,
    0x0,

    /* U+6563 "散" */
    0x0, 0x0, 0x0, 0x0, 0x0, 0x0, 0x0, 0x0,
    0xf0, 0x3b, 0x0, 0x79, 0x0, 0x0, 0x0, 0xf0,
    0x3b, 0x0, 0xb7, 0x0, 0x0, 0x6e, 0xfd, 0xef,
    0xd2, 0xe5, 0x11, 0x10, 0x0, 0xf0, 0x3b, 0x2,
    0xfb, 0xbe, 0xd5, 0x7b, 0xfb, 0xce, 0xba, 0xf0,
    0xc, 0x50, 0x12, 0x22, 0x22, 0x3e, 0xd4, 0xf,
    0x10, 0x8, 0xcc, 0xcc, 0x7b, 0x58, 0x3e, 0x0,
    0xa, 0x51, 0x1a, 0x50, 0xd, 0x89, 0x0, 0xa,
    0xdc, 0xce, 0x50, 0xb, 0xf2, 0x0, 0xa, 0x40,
    0x9, 0x50, 0x9, 0xe0, 0x0, 0xa, 0xdc, 0xce,
    0x50, 0x5f, 0xd8, 0x0, 0xa, 0x40, 0xa, 0x68,
    0xf3, 0x2e, 0x90, 0xa, 0x40, 0xde, 0x7b, 0x20,
    0x2, 0xc3, 0x0, 0x0, 0x0, 0x0, 0x0, 0x0,
    0x0,

    /* U+656C "敬" */
    0x0, 0x49, 0xc, 0x20, 0x2c, 0x0, 0x0, 0x6,
    0x9c, 0x6e, 0x85, 0x5b, 0x0, 0x0, 0x9, 0xbd,
    0x9e, 0xa7, 0x99, 0x0, 0x0, 0x0, 0xb4, 0x6,
    0x10, 0xef, 0xef, 0xc3, 0x3, 0xfa, 0x99, 0x97,
    0xf1, 0xa, 0x50, 0xb, 0x92, 0x22, 0xcf, 0xe5,
    0xd, 0x20, 0x3f, 0xdd, 0xd0, 0xc8, 0x5b, 0x1e,
    0x0, 0x4, 0x90, 0xc0, 0xd2, 0xe, 0x79, 0x0,
    0x3, 0x90, 0xc0, 0xe1, 0x9, 0xf3, 0x0, 0x3,
    0xeb, 0xf0, 0xf0, 0x7, 0xf1, 0x0, 0x3, 0x91,
    0x11, 0xe0, 0x4e, 0xbb, 0x0, 0x0, 0x0, 0x5,
    0xc6, 0xf4, 0xd, 0xa0, 0x0, 0x3, 0xee, 0x7d,
    0x30, 0x1, 0xb5, 0x0, 0x0, 0x0, 0x0, 0x0,
    0x0, 0x0,

    /* U+6570 "数" */
    0x3, 0x32, 0xc0, 0x71, 0xb, 0x0, 0x0, 0x3,
    0xc2, 0xc3, 0xc0, 0x4c, 0x0, 0x0, 0x2, 0xa5,
    0xd7, 0x51, 0x79, 0x0, 0x0, 0xb, 0xbe, 0xfc,
    0xb7, 0xbf, 0xef, 0xf7, 0x0, 0x5e, 0xec, 0x61,
    0xf7, 0x9, 0x60, 0xa, 0xb3, 0xc0, 0x88, 0xcc,
    0xc, 0x30, 0x4, 0x6, 0x40, 0xb, 0x1e, 0x2e,
    0x0, 0x9, 0xbf, 0xcb, 0xb0, 0x9, 0xb9, 0x0,
    0x1, 0xa8, 0x27, 0xb0, 0x3, 0xf3, 0x0, 0x0,
    0xe9, 0x2e, 0x30, 0x7, 0xf5, 0x0, 0x0, 0x9,
    0xfb, 0x0, 0x4e, 0x4e, 0x20, 0x3, 0x9d, 0x48,
    0x58, 0xe2, 0x6, 0xe4, 0xa, 0x50, 0x0, 0x3a,
    0x10, 0x0, 0x45,

    /* U+6587 "文" */
    0x0, 0x0, 0x0, 0x53, 0x0, 0x0, 0x0, 0x0,
    0x0, 0x0, 0x6d, 0x0, 0x0, 0x0, 0x1, 0x11,
    0x11, 0x1d, 0x31, 0x11, 0x10, 0x1f, 0xff, 0xff,
    0xff, 0xff, 0xff, 0xf8, 0x0, 0xa, 0x70, 0x0,
    0x1, 0xf1, 0x0, 0x0, 0x2, 0xe1, 0x0, 0x9,
    0x90, 0x0, 0x0, 0x0, 0xa8, 0x0, 0x1f, 0x20,
    0x0, 0x0, 0x0, 0x1e, 0x50, 0xc8, 0x0, 0x0,
    0x0, 0x0, 0x3, 0xfa, 0xb0, 0x0, 0x0, 0x0,
    0x0, 0x0, 0xcf, 0x60, 0x0, 0x0, 0x0, 0x0,
    0x4e, 0xa6, 0xea, 0x10, 0x0, 0x0, 0x5c, 0xe5,
    0x0, 0x1b, 0xe8, 0x20, 0x1e, 0xd6, 0x10, 0x0,
    0x0, 0x3a, 0xf7, 0x2, 0x0, 0x0, 0x0, 0x0,
    0x0, 0x0,

    /* U+658B "斋" */
    0x0, 0x0, 0x0, 0x0, 0x0, 0x0, 0x0, 0x0,
    0x0, 0x0, 0xd3, 0x0, 0x0, 0x0, 0x1b, 0xbb,
    0xbb, 0xee, 0xbb, 0xbb, 0xb0, 0x2, 0x27, 0xe4,
    0x22, 0x6f, 0x72, 0x20, 0x0, 0x0, 0x6e, 0x67,
    0xf6, 0x0, 0x0, 0x0, 0x0, 0x4b, 0xff, 0xb5,
    0x10, 0x0, 0x3a, 0xdf, 0xc7, 0x12, 0x7c, 0xfe,
    0xc3, 0x8, 0x52, 0x11, 0x11, 0x11, 0x24, 0x70,
    0xc, 0xcc, 0xcc, 0xed, 0xcc, 0xcc, 0xc1, 0x0,
    0x22, 0x22, 0xd5, 0x22, 0x22, 0x0, 0x2, 0xfb,
    0xbf, 0xbb, 0xfb, 0xbe, 0x40, 0x2, 0xe0, 0xf,
    0x0, 0xe0, 0xb, 0x40, 0x2, 0xe0, 0xf, 0x0,
    0xe0, 0xc, 0x40, 0x2, 0xe0, 0xf, 0x0, 0xe1,
    0xdd, 0x20,

    /* U+65AD "断" */
    0x0, 0x0, 0x0, 0x0, 0x0, 0x0, 0x0, 0x0,
    0xc2, 0x0, 0x0, 0x18, 0xc0, 0xd4, 0x2c, 0x25,
    0x15, 0xaf, 0xd8, 0x1d, 0x66, 0xc3, 0xc1, 0xf5,
    0x10, 0x0, 0xd2, 0x8c, 0x86, 0xe, 0x0, 0x0,
    0xd, 0x68, 0xe9, 0x84, 0xe0, 0x0, 0x0, 0xd4,
    0x6f, 0x95, 0x3f, 0xef, 0xfe, 0x6d, 0x17, 0xfd,
    0x31, 0xe0, 0xf, 0x0, 0xd3, 0xcc, 0x4d, 0x3d,
    0x0, 0xf0, 0xd, 0xb3, 0xc2, 0x13, 0xc0, 0xf,
    0x0, 0xd2, 0xc, 0x20, 0x4b, 0x0, 0xf0, 0xd,
    0x10, 0x10, 0x7, 0x80, 0xf, 0x0, 0xce, 0xee,
    0xee, 0xc3, 0x0, 0xf0, 0x0, 0x0, 0x0, 0x1c,
    0x0, 0xf, 0x0, 0x0, 0x0, 0x0, 0x0, 0x0,
    0x0, 0x0,

    /* U+65AF "斯" */
    0x0, 0x0, 0x0, 0x0, 0x0, 0x0, 0x0, 0x0,
    0xe1, 0x5, 0x90, 0x0, 0x3a, 0xe1, 0x0, 0xe1,
    0x5, 0x90, 0x7d, 0xe8, 0x20, 0xe, 0xff, 0xef,
    0xf9, 0xd4, 0x0, 0x0, 0x0, 0xe1, 0x5, 0x90,
    0xd1, 0x0, 0x0, 0x0, 0xed, 0xde, 0x90, 0xd4,
    0x33, 0x31, 0x0, 0xe1, 0x5, 0x90, 0xdc, 0xbf,
    0xc5, 0x0, 0xec, 0xbd, 0x90, 0xd1, 0xe, 0x10,
    0x0, 0xe3, 0x17, 0x90, 0xf0, 0xe, 0x10, 0x0,
    0xe1, 0x5, 0x91, 0xf0, 0xe, 0x10, 0x3e, 0xee,
    0xee, 0xed, 0xc0, 0xe, 0x10, 0x0, 0x66, 0x1a,
    0x7, 0x80, 0xe, 0x10, 0x4, 0xe1, 0x9, 0x8d,
    0x20, 0xe, 0x10, 0x9, 0x30, 0x0, 0x78, 0x0,
    0xe, 0x10, 0x0, 0x0, 0x0, 0x0, 0x0, 0x0,
    0x0,

    /* U+65B7 "斷" */
    0x0, 0x20, 0x3, 0x0, 0x0, 0x33, 0xe, 0xa,
    0x20, 0xa1, 0x5, 0xbd, 0x70, 0xe8, 0xb9, 0xab,
    0x80, 0xe2, 0x0, 0xe, 0x2a, 0x43, 0x95, 0xd,
    0x0, 0x0, 0xe7, 0x9a, 0x98, 0xb0, 0xe4, 0x44,
    0x2e, 0xcc, 0xdc, 0xcd, 0x1e, 0x8f, 0x85, 0xe0,
    0x60, 0x7, 0x0, 0xd0, 0xe0, 0xe, 0x19, 0x63,
    0x77, 0xc, 0xe, 0x0, 0xea, 0xc6, 0xbd, 0x41,
    0xb0, 0xe0, 0xe, 0x19, 0x53, 0x86, 0x3a, 0xe,
    0x0, 0xe8, 0x9a, 0x99, 0xa7, 0x70, 0xe0, 0xe,
    0xdd, 0xdd, 0xd8, 0xd3, 0xe, 0x0, 0x0, 0x0,
    0x0, 0x18, 0x0, 0xe0, 0x0,

    /* U+65B9 "方" */
    0x0, 0x0, 0x0, 0x53, 0x0, 0x0, 0x0, 0x0,
    0x0, 0x0, 0x8b, 0x0, 0x0, 0x0, 0x1, 0x11,
    0x11, 0x3d, 0x21, 0x11, 0x10, 0xe, 0xee, 0xef,
    0xee, 0xee, 0xee, 0xe1, 0x0, 0x0, 0x4d, 0x0,
    0x0, 0x0, 0x0, 0x0, 0x0, 0x5c, 0x11, 0x11,
    0x10, 0x0, 0x0, 0x0, 0x7f, 0xff, 0xff, 0xfb,
    0x0, 0x0, 0x0, 0xb6, 0x0, 0x0, 0x79, 0x0,
    0x0, 0x0, 0xf2, 0x0, 0x0, 0x88, 0x0, 0x0,
    0x7, 0xc0, 0x0, 0x0, 0xa6, 0x0, 0x0, 0x2f,
    0x40, 0x0, 0x0, 0xd4, 0x0, 0x2, 0xe7, 0x0,
    0x0, 0x2, 0xf1, 0x0, 0x1e, 0x60, 0x0, 0x2f,
    0xff, 0x80, 0x0, 0x0, 0x0, 0x0, 0x0, 0x0,
    0x0, 0x0,

    /* U+65BC "於" */
    0x0, 0x16, 0x0, 0x0, 0x4, 0x30, 0x0, 0x0,
    0xd, 0x30, 0x0, 0xe, 0x80, 0x0, 0x3, 0x38,
    0x83, 0x20, 0x6e, 0xe3, 0x0, 0xb, 0xed, 0xbb,
    0x73, 0xe3, 0x4e, 0x20, 0x0, 0xb5, 0x0, 0x4f,
    0x60, 0x6, 0xe5, 0x0, 0xbd, 0xbb, 0x74, 0x14,
    0x0, 0x44, 0x0, 0xc6, 0x3f, 0x0, 0x2d, 0x90,
    0x0, 0x0, 0xd1, 0xf, 0x0, 0x1, 0xc5, 0x0,
    0x0, 0xe0, 0xf, 0x0, 0x0, 0x0, 0x0, 0x2,
    0xd0, 0x1e, 0x0, 0x40, 0x0, 0x0, 0x6, 0xa0,
    0x3d, 0x2, 0xdb, 0x20, 0x0, 0xd, 0x50, 0x6b,
    0x0, 0x8, 0xf6, 0x0, 0x2c, 0xc, 0xe4, 0x0,
    0x0, 0x3a, 0x0, 0x0, 0x0, 0x0, 0x0, 0x0,
    0x0, 0x0,

    /* U+65BD "施" */
    0x0, 0x24, 0x0, 0x3, 0x40, 0x0, 0x0, 0x0,
    0x2e, 0x0, 0xa, 0x70, 0x0, 0x0, 0x24, 0x4d,
    0x64, 0x1f, 0xb9, 0x99, 0x92, 0x5b, 0xfb, 0xbb,
    0xac, 0x57, 0x65, 0x51, 0x0, 0xf0, 0x2, 0xe5,
    0xc, 0x11, 0x40, 0x1, 0xf9, 0x95, 0x2e, 0xd,
    0xbf, 0xb0, 0x2, 0xf6, 0xa9, 0xe, 0xbf, 0x63,
    0xb0, 0x3, 0xc0, 0x69, 0xaf, 0x6d, 0x13, 0xb0,
    0x4, 0xa0, 0x68, 0x5e, 0xc, 0x13, 0xa0, 0x7,
    0x80, 0x77, 0xe, 0xc, 0x5c, 0x80, 0xb, 0x40,
    0x87, 0xe, 0xc, 0x21, 0x10, 0x2e, 0x0, 0xb5,
    0xe, 0x10, 0x0, 0x95, 0x57, 0x5e, 0xc1, 0x8,
    0xfe, 0xee, 0xd1, 0x0, 0x0, 0x0, 0x0, 0x0,
    0x0, 0x0,

    /* U+65C1 "旁" */
    0x0, 0x0, 0x0, 0x0, 0x0, 0x0, 0x0, 0x0,
    0x0, 0x0, 0x79, 0x0, 0x0, 0x0, 0x7, 0xaa,
    0xaa, 0xcf, 0xba, 0xaa, 0xa0, 0x2, 0x34, 0xe4,
    0x33, 0x3b, 0x83, 0x30, 0x0, 0x0, 0xa8, 0x0,
    0x1e, 0x20, 0x0, 0xa, 0xee, 0xff, 0xee, 0xff,
    0xee, 0xe0, 0xa, 0x50, 0x0, 0x45, 0x0, 0x0,
    0xf0, 0x4, 0x20, 0x0, 0x5e, 0x0, 0x0, 0x60,
    0x1e, 0xee, 0xef, 0xee, 0xee, 0xee, 0xe6, 0x0,
    0x0, 0x4c, 0x0, 0x0, 0x0, 0x0, 0x0, 0x0,
    0x9f, 0xdd, 0xdd, 0xea, 0x0, 0x0, 0x4, 0xf1,
    0x0, 0x0, 0x89, 0x0, 0x1, 0x8f, 0x40, 0x0,
    0x0, 0xc6, 0x0, 0x2e, 0xa2, 0x0, 0x6, 0xee,
    0xc1, 0x0, 0x0, 0x0, 0x0, 0x0, 0x0, 0x0,
    0x0,

    /* U+65C3 "旃" */
    0x0, 0x51, 0x0, 0x4, 0x20, 0x0, 0x0, 0x0,
    0x6c, 0x0, 0xe, 0x30, 0x0, 0x0, 0x12, 0x3b,
    0x42, 0x3f, 0xfe, 0xee, 0xe9, 0x5d, 0xfc, 0xcc,
    0xc6, 0x0, 0x0, 0x0, 0x1, 0xd0, 0x4, 0xb9,
    0xbb, 0xbb, 0x80, 0x1, 0xfb, 0xb4, 0xc, 0x2a,
    0x3, 0xb0, 0x1, 0xd3, 0xa6, 0xc, 0x28, 0x83,
    0xb0, 0x3, 0xa0, 0x95, 0xc, 0x20, 0x53, 0xb0,
    0x4, 0x80, 0x95, 0xef, 0xee, 0xef, 0xfa, 0x7,
    0x60, 0xa4, 0xe, 0x0, 0x3, 0xb0, 0xb, 0x30,
    0xb3, 0x1d, 0x0, 0x3, 0xb0, 0x2e, 0x0, 0xd2,
    0x79, 0x0, 0x4, 0xb0, 0x56, 0x3e, 0xb1, 0xd1,
    0x0, 0x7e, 0x70, 0x0, 0x0, 0x0, 0x0, 0x0,
    0x0, 0x0,

    /* U+65E0 "无" */
    0x3, 0xff, 0xff, 0xff, 0xff, 0xff, 0xa0, 0x0,
    0x11, 0x11, 0xa7, 0x11, 0x11, 0x10, 0x0, 0x0,
    0x0, 0xa5, 0x0, 0x0, 0x0, 0x0, 0x0, 0x0,
    0xc4, 0x0, 0x0, 0x0, 0x1e, 0xee, 0xee, 0xfe,
    0xee, 0xee, 0xe7, 0x1, 0x11, 0x14, 0xeb, 0x81,
    0x11, 0x10, 0x0, 0x0, 0x7, 0xaa, 0x60, 0x0,
    0x0, 0x0, 0x0, 0xd, 0x4a, 0x60, 0x0, 0x0,
    0x0, 0x0, 0x7c, 0xa, 0x60, 0x0, 0x21, 0x0,
    0x5, 0xe2, 0xa, 0x60, 0x0, 0x79, 0x0, 0x8f,
    0x30, 0xa, 0x80, 0x0, 0xa6, 0xe, 0xb2, 0x0,
    0x4, 0xef, 0xff, 0xd1, 0x2, 0x0, 0x0, 0x0,
    0x0, 0x0, 0x0,

    /* U+65E2 "既" */
    0x1, 0x11, 0x11, 0x0, 0x0, 0x0, 0x0, 0xd,
    0xdd, 0xde, 0x1e, 0xee, 0xee, 0xd0, 0xd, 0x20,
    0x1e, 0x0, 0x5, 0x90, 0x0, 0xd, 0x52, 0x3e,
    0x8, 0x55, 0x90, 0x0, 0xd, 0xba, 0xbe, 0xc,
    0x26, 0x80, 0x0, 0xd, 0x20, 0x1e, 0x1e, 0x29,
    0x82, 0x20, 0xd, 0xfe, 0xfe, 0x4c, 0xbf, 0xcb,
    0xb2, 0xd, 0x20, 0x0, 0x0, 0x1f, 0x50, 0x0,
    0xd, 0x20, 0xa3, 0x0, 0x7d, 0xb0, 0x0, 0xd,
    0x20, 0x6b, 0x0, 0xd6, 0xb0, 0x0, 0xd, 0x6a,
    0xee, 0x16, 0xc2, 0xb0, 0x53, 0x1f, 0xe6, 0x5,
    0x3e, 0x22, 0xb0, 0x74, 0x6, 0x0, 0x0, 0xc5,
    0x0, 0xde, 0xd1, 0x0, 0x0, 0x0, 0x10, 0x0,
    0x0, 0x0,

    /* U+65E5 "日" */
    0x4f, 0xff, 0xff, 0xff, 0xfe, 0x4c, 0x11, 0x11,
    0x11, 0x4e, 0x4c, 0x0, 0x0, 0x0, 0x2e, 0x4c,
    0x0, 0x0, 0x0, 0x2e, 0x4c, 0x0, 0x0, 0x0,
    0x2e, 0x4f, 0xff, 0xff, 0xff, 0xfe, 0x4c, 0x11,
    0x11, 0x11, 0x4e, 0x4c, 0x0, 0x0, 0x0, 0x2e,
    0x4c, 0x0, 0x0, 0x0, 0x2e, 0x4c, 0x0, 0x0,
    0x0, 0x2e, 0x4f, 0xff, 0xff, 0xff, 0xfe, 0x4c,
    0x0, 0x0, 0x0, 0x3d,

    /* U+65E8 "旨" */
    0x1f, 0x0, 0x0, 0x0, 0x14, 0x10, 0x1f, 0x46,
    0x8a, 0xce, 0xeb, 0x40, 0x1f, 0x97, 0x64, 0x20,
    0x0, 0x24, 0x1f, 0x10, 0x0, 0x0, 0x0, 0x7a,
    0xa, 0xfe, 0xee, 0xee, 0xef, 0xe3, 0x0, 0x0,
    0x11, 0x11, 0x10, 0x0, 0x1, 0x22, 0x22, 0x22,
    0x22, 0x20, 0xa, 0xdc, 0xcc, 0xcc, 0xcd, 0xe0,
    0xa, 0x50, 0x0, 0x0, 0x2, 0xe0, 0xa, 0xed,
    0xdd, 0xdd, 0xde, 0xe0, 0xa, 0x50, 0x0, 0x0,
    0x2, 0xe0, 0xa, 0x72, 0x22, 0x22, 0x24, 0xe0,
    0xa, 0xdb, 0xbb, 0xbb, 0xbc, 0xd0,

    /* U+65F6 "时" */
    0x0, 0x0, 0x0, 0x0, 0x2, 0xe0, 0xb, 0xcc,
    0xc2, 0x0, 0x0, 0x2e, 0x0, 0xe5, 0x4d, 0x30,
    0x0, 0x2, 0xe0, 0xe, 0x10, 0xb4, 0xff, 0xff,
    0xff, 0xf9, 0xe1, 0xb, 0x31, 0x11, 0x13, 0xe1,
    0xe, 0xcc, 0xf3, 0x4b, 0x0, 0x2e, 0x0, 0xe3,
    0x2c, 0x30, 0xd6, 0x2, 0xe0, 0xe, 0x10, 0xb3,
    0x3, 0xf1, 0x2e, 0x0, 0xe1, 0xb, 0x30, 0xa,
    0x82, 0xe0, 0xe, 0x43, 0xc3, 0x0, 0x0, 0x2e,
    0x0, 0xec, 0xbb, 0x20, 0x0, 0x2, 0xe0, 0x9,
    0x0, 0x0, 0x0, 0x10, 0x4e, 0x0, 0x0, 0x0,
    0x0, 0xe, 0xfe, 0x80, 0x0,

    /* U+6607 "昇" */
    0x0, 0x9e, 0xdd, 0xdd, 0xdd, 0xdf, 0x0, 0x0,
    0x96, 0x0, 0x0, 0x0, 0xf, 0x0, 0x0, 0x9e,
    0xcc, 0xcc, 0xcc, 0xdf, 0x0, 0x0, 0x96, 0x0,
    0x0, 0x0, 0xf, 0x0, 0x0, 0x8d, 0xdd, 0xdd,
    0xdd, 0xdd, 0x0, 0x0, 0x24, 0x69, 0xd9, 0x8,
    0x80, 0x0, 0x4, 0xca, 0xca, 0x10, 0x8, 0x80,
    0x0, 0x1, 0x11, 0x89, 0x11, 0x18, 0x91, 0x10,
    0x1d, 0xdd, 0xee, 0xdd, 0xde, 0xed, 0xd7, 0x0,
    0x0, 0xd4, 0x0, 0x8, 0x80, 0x0, 0x0, 0x2c,
    0xa0, 0x0, 0x8, 0x80, 0x0, 0x5, 0xd6, 0x0,
    0x0, 0x8, 0x80, 0x0, 0x0, 0x0, 0x0, 0x0,
    0x0, 0x0, 0x0,

    /* U+660E "明" */
    0xef, 0xff, 0xe0, 0xff, 0xff, 0xff, 0xe1, 0x1,
    0xe0, 0xf0, 0x0, 0x1f, 0xe1, 0x1, 0xe0, 0xf0,
    0x0, 0x1f, 0xe1, 0x1, 0xe0, 0xf9, 0x99, 0xaf,
    0xee, 0xee, 0xe0, 0xf6, 0x66, 0x7f, 0xe1, 0x1,
    0xe0, 0xf0, 0x0, 0x1f, 0xe1, 0x1, 0xe1, 0xf6,
    0x66, 0x7f, 0xec, 0xbc, 0xe4, 0xd6, 0x66, 0x7f,
    0xe4, 0x33, 0x38, 0x70, 0x0, 0x1f, 0x90, 0x0,
    0xe, 0x20, 0x0, 0x1f, 0x0, 0x0, 0xaa, 0x0,
    0x0, 0x2f, 0x0, 0x3, 0xd1, 0x0, 0x4f, 0xf9,
    0x0, 0x0, 0x0, 0x0, 0x0, 0x0,

    /* U+660F "昏" */
    0x0, 0x1, 0x23, 0x46, 0x7a, 0x30, 0x0, 0xdd,
    0xcb, 0xce, 0x76, 0x31, 0x0, 0xd, 0x20, 0x2,
    0xe0, 0x0, 0x0, 0x0, 0xde, 0xee, 0xef, 0xee,
    0xee, 0xc0, 0xd, 0x20, 0x0, 0x4e, 0x20, 0x0,
    0x0, 0xf7, 0x79, 0x70, 0x8d, 0x20, 0xd0, 0x7d,
    0x96, 0x41, 0x0, 0x6e, 0xfa, 0x0, 0x7c, 0xcc,
    0xcc, 0xcc, 0xc2, 0x0, 0x8, 0x80, 0x0, 0x0,
    0xf, 0x20, 0x0, 0x8d, 0xaa, 0xaa, 0xaa, 0xf2,
    0x0, 0x8, 0x81, 0x11, 0x11, 0x1f, 0x20, 0x0,
    0x89, 0x22, 0x22, 0x22, 0xf2, 0x0, 0x8, 0xdb,
    0xbb, 0xbb, 0xbe, 0x20, 0x0,

    /* U+6614 "昔" */
    0x0, 0x0, 0xe2, 0x0, 0x2e, 0x0, 0x0, 0x0,
    0x0, 0xe2, 0x0, 0x2e, 0x0, 0x0, 0x6, 0xff,
    0xff, 0xff, 0xff, 0xff, 0x80, 0x0, 0x0, 0xe2,
    0x0, 0x2e, 0x0, 0x0, 0x0, 0x0, 0xe3, 0x0,
    0x3e, 0x0, 0x0, 0x3e, 0xee, 0xee, 0xee, 0xee,
    0xee, 0xe3, 0x0, 0x0, 0x0, 0x0, 0x0, 0x0,
    0x0, 0x0, 0x2f, 0xee, 0xee, 0xee, 0xf3, 0x0,
    0x0, 0x2e, 0x0, 0x0, 0x0, 0xd3, 0x0, 0x0,
    0x2f, 0xdd, 0xdd, 0xdd, 0xf3, 0x0, 0x0, 0x2e,
    0x0, 0x0, 0x0, 0xd3, 0x0, 0x0, 0x2e, 0x11,
    0x11, 0x11, 0xe3, 0x0, 0x0, 0x2f, 0xcc, 0xcc,
    0xcc, 0xf3, 0x0,

    /* U+6620 "映" */
    0x0, 0x0, 0x0, 0x1, 0xe0, 0x0, 0xe, 0xff,
    0xe0, 0x0, 0x1e, 0x0, 0x0, 0xe0, 0x1e, 0xa,
    0xbc, 0xfb, 0xba, 0xe, 0x1, 0xe0, 0xd4, 0x4e,
    0x34, 0xe0, 0xe0, 0x1e, 0xd, 0x11, 0xe0, 0x1e,
    0xe, 0xcc, 0xe0, 0xd1, 0x1e, 0x1, 0xe0, 0xe3,
    0x4e, 0xd, 0x12, 0xd0, 0x1e, 0xe, 0x1, 0xea,
    0xfe, 0xef, 0xee, 0xfa, 0xe0, 0x1e, 0x0, 0x8,
    0xf7, 0x0, 0xe, 0xbb, 0xe0, 0x0, 0xd5, 0xe0,
    0x0, 0xe4, 0x33, 0x0, 0x9a, 0x8, 0x80, 0x9,
    0x0, 0x2, 0xbb, 0x0, 0x1d, 0x70, 0x0, 0x1,
    0xd7, 0x0, 0x0, 0xa, 0x70, 0x0, 0x0, 0x0,
    0x0, 0x0, 0x0,

    /* U+6625 "春" */
    0x0, 0x0, 0x0, 0x87, 0x0, 0x0, 0x0, 0x4,
    0xcc, 0xcc, 0xee, 0xcc, 0xcc, 0x80, 0x0, 0x11,
    0x12, 0xf3, 0x11, 0x11, 0x10, 0x0, 0xbd, 0xde,
    0xfd, 0xdd, 0xdd, 0x30, 0x0, 0x0, 0xd, 0x50,
    0x0, 0x0, 0x0, 0x1e, 0xee, 0xef, 0xee, 0xee,
    0xee, 0xe6, 0x0, 0x5, 0xe2, 0x0, 0xa, 0xa0,
    0x0, 0x0, 0x6f, 0xfd, 0xdd, 0xde, 0xfa, 0x10,
    0x1b, 0xda, 0x90, 0x0, 0x3, 0xe9, 0xe4, 0x5,
    0x7, 0xec, 0xcc, 0xcd, 0xe0, 0x31, 0x0, 0x7,
    0xa0, 0x0, 0x4, 0xe0, 0x0, 0x0, 0x7, 0xa2,
    0x22, 0x25, 0xe0, 0x0, 0x0, 0x7, 0xeb, 0xbb,
    0xbc, 0xd0, 0x0,

    /* U+6627 "昧" */
    0x0, 0x0, 0x0, 0x2, 0xe0, 0x0, 0xc, 0xdd,
    0xc0, 0x0, 0x2e, 0x0, 0x0, 0xf6, 0x7e, 0x3,
    0x35, 0xf3, 0x33, 0xf, 0x1, 0xe1, 0xcc, 0xdf,
    0xcc, 0xc0, 0xf0, 0x1e, 0x0, 0x2, 0xe0, 0x0,
    0xf, 0x9a, 0xe0, 0x0, 0x3e, 0x0, 0x0, 0xf5,
    0x5e, 0x9f, 0xff, 0xff, 0xff, 0x6f, 0x1, 0xe0,
    0x0, 0xef, 0xa0, 0x0, 0xf0, 0x1e, 0x0, 0x9b,
    0xec, 0x40, 0xf, 0xbc, 0xe0, 0x4d, 0x2e, 0x3d,
    0x0, 0xf4, 0x33, 0x4e, 0x22, 0xe0, 0x9a, 0x9,
    0x0, 0x6d, 0x20, 0x2e, 0x0, 0xb8, 0x0, 0x0,
    0x10, 0x2, 0xe0, 0x0, 0x0,

    /* U+662D "昭" */
    0xde, 0xee, 0x2f, 0xff, 0xff, 0xff, 0x1e, 0x10,
    0xe1, 0x1, 0xf0, 0x0, 0xf0, 0xe0, 0xe, 0x10,
    0x6b, 0x0, 0xf, 0xe, 0x0, 0xe1, 0x1e, 0x40,
    0x3, 0xd0, 0xee, 0xef, 0x6e, 0x80, 0x3b, 0xd8,
    0xe, 0x10, 0xe4, 0x40, 0x0, 0x32, 0x0, 0xe0,
    0xe, 0x1c, 0xdd, 0xdd, 0xdc, 0xe, 0x0, 0xe1,
    0xe2, 0x11, 0x12, 0xe0, 0xec, 0xbf, 0x1e, 0x10,
    0x0, 0x1e, 0xe, 0x43, 0x30, 0xe1, 0x0, 0x1,
    0xe0, 0x40, 0x0, 0xe, 0xcb, 0xbb, 0xce, 0x0,
    0x0, 0x0, 0xe4, 0x33, 0x34, 0xd0,

    /* U+662F "是" */
    0x0, 0xbd, 0xcc, 0xcc, 0xcc, 0xea, 0x0, 0x0,
    0xb5, 0x0, 0x0, 0x0, 0x6a, 0x0, 0x0, 0xbc,
    0xbb, 0xbb, 0xbb, 0xda, 0x0, 0x0, 0xb8, 0x44,
    0x44, 0x44, 0x9a, 0x0, 0x0, 0x45, 0x55, 0x55,
    0x55, 0x54, 0x0, 0x2c, 0xcc, 0xcc, 0xcc, 0xcc,
    0xcc, 0xc2, 0x2, 0x25, 0x22, 0x7b, 0x22, 0x22,
    0x20, 0x0, 0xf, 0x20, 0x6a, 0x0, 0x0, 0x0,
    0x0, 0x5f, 0x10, 0x6f, 0xee, 0xee, 0x40, 0x0,
    0xbd, 0xb0, 0x6a, 0x0, 0x0, 0x0, 0x9, 0xe0,
    0xbc, 0xaa, 0x0, 0x0, 0x0, 0x4e, 0x30, 0x5,
    0xbe, 0xff, 0xff, 0xf4, 0x1, 0x0, 0x0, 0x0,
    0x0, 0x0, 0x0,

    /* U+663C "昼" */
    0x0, 0xbf, 0xee, 0xee, 0xee, 0xef, 0x0, 0x0,
    0xb5, 0x0, 0x0, 0x0, 0x1f, 0x0, 0x0, 0xce,
    0xdd, 0xdd, 0xdd, 0xdf, 0x0, 0x0, 0xe3, 0x11,
    0x11, 0x4f, 0x31, 0x0, 0x1, 0xe0, 0x0, 0x0,
    0xa, 0xd0, 0x0, 0x8, 0x9e, 0xcc, 0xcc, 0xcd,
    0xfd, 0x50, 0x4e, 0x1e, 0x0, 0x0, 0x2, 0xd7,
    0xe2, 0x13, 0xe, 0xcc, 0xcc, 0xcc, 0xd0, 0x0,
    0x0, 0xe, 0x0, 0x0, 0x2, 0xd0, 0x0, 0x0,
    0xb, 0xcc, 0xcc, 0xcc, 0xa0, 0x0, 0x0, 0x0,
    0x0, 0x0, 0x0, 0x0, 0x0, 0xf, 0xff, 0xff,
    0xff, 0xff, 0xff, 0xc0,

    /* U+6642 "時" */
    0x0, 0x0, 0x0, 0x1, 0xe0, 0x0, 0xe, 0xff,
    0xf0, 0x0, 0x1e, 0x0, 0x0, 0xe0, 0xe, 0x2e,
    0xef, 0xfe, 0xee, 0xe, 0x0, 0xe0, 0x0, 0x1e,
    0x0, 0x0, 0xe0, 0xe, 0x22, 0x24, 0xe2, 0x22,
    0x1e, 0x98, 0xf9, 0xcc, 0xcc, 0xdf, 0xc6, 0xe5,
    0x4f, 0x0, 0x0, 0x4, 0xc0, 0xe, 0x0, 0xea,
    0xee, 0xee, 0xff, 0xe6, 0xe0, 0xe, 0x3, 0x30,
    0x4, 0xc0, 0xe, 0xdc, 0xf0, 0x4e, 0x20, 0x4c,
    0x0, 0xe2, 0x22, 0x0, 0x8b, 0x4, 0xc0, 0x5,
    0x0, 0x0, 0x0, 0x20, 0x4c, 0x0, 0x0, 0x0,
    0x0, 0x4, 0xfe, 0x70, 0x0,

    /* U+6643 "晃" */
    0x0, 0xfd, 0xdd, 0xdd, 0xdd, 0xdf, 0x0, 0x0,
    0xf0, 0x0, 0x0, 0x0, 0x1f, 0x0, 0x0, 0xfb,
    0xbb, 0xbb, 0xbb, 0xcf, 0x0, 0x0, 0xf0, 0x0,
    0x0, 0x0, 0x1f, 0x0, 0x0, 0xcd, 0xcc, 0xee,
    0xcc, 0xdd, 0x0, 0x0, 0x5b, 0x0, 0x97, 0x0,
    0xb6, 0x0, 0x0, 0xb, 0x60, 0x97, 0x7, 0xa0,
    0x0, 0x1e, 0xef, 0xee, 0xff, 0xef, 0xee, 0xe2,
    0x0, 0x0, 0x89, 0x1, 0xf0, 0x0, 0x0, 0x0,
    0x1, 0xd4, 0x0, 0xf0, 0x0, 0x31, 0x0, 0x4d,
    0x90, 0x0, 0xf0, 0x0, 0xb4, 0x2f, 0xb4, 0x0,
    0x0, 0xcf, 0xff, 0xd1, 0x0, 0x0, 0x0, 0x0,
    0x0, 0x0, 0x0,

    /* U+6653 "晓" */
    0x0, 0x0, 0x0, 0xb4, 0x0, 0x0, 0xe, 0xff,
    0xd0, 0x9, 0x84, 0x67, 0x50, 0xd0, 0xd, 0x7e,
    0xef, 0xa8, 0x83, 0xd, 0x0, 0xd0, 0x0, 0xe2,
    0x2d, 0x30, 0xd0, 0xd, 0x0, 0x8, 0xcd, 0x20,
    0xf, 0xcc, 0xd1, 0x6b, 0xed, 0x90, 0xc0, 0xe2,
    0x2d, 0x59, 0x40, 0x1b, 0xea, 0xd, 0x0, 0xd4,
    0x55, 0x55, 0x56, 0x50, 0xd0, 0xd, 0x57, 0xda,
    0x8f, 0x77, 0xf, 0xcc, 0xd0, 0xc, 0x31, 0xe0,
    0x0, 0xe2, 0x21, 0x2, 0xf0, 0x1e, 0x4, 0x14,
    0x0, 0x1, 0xc8, 0x1, 0xe0, 0x93, 0x0, 0x1,
    0xe9, 0x0, 0xc, 0xdd, 0x0, 0x0, 0x1, 0x0,
    0x0, 0x0, 0x0,

    /* U+665D "晝" */
    0x0, 0x0, 0x0, 0x88, 0x0, 0x0, 0x0, 0x0,
    0x8a, 0xaa, 0xdd, 0xaa, 0xbe, 0x0, 0xa, 0xaa,
    0xaa, 0xdd, 0xaa, 0xbf, 0xa4, 0x0, 0x22, 0x22,
    0x9a, 0x22, 0x5e, 0x0, 0x0, 0x68, 0x88, 0xcc,
    0x88, 0x87, 0x0, 0x1, 0xaa, 0xaa, 0xdd, 0xaa,
    0xaa, 0x40, 0x4, 0x44, 0x44, 0xab, 0x44, 0x44,
    0x42, 0x6, 0x66, 0x66, 0x66, 0x66, 0x66, 0x63,
    0x0, 0x7d, 0x99, 0x99, 0x99, 0xbc, 0x0, 0x0,
    0x7d, 0x88, 0x88, 0x88, 0xac, 0x0, 0x0, 0x7a,
    0x22, 0x22, 0x22, 0x6c, 0x0, 0x0, 0x48, 0x88,
    0x88, 0x88, 0x86, 0x0, 0xb, 0xbb, 0xbb, 0xbb,
    0xbb, 0xbb, 0xb5,

    /* U+666E "普" */
    0x0, 0x3, 0x60, 0x0, 0x3, 0x60, 0x0, 0x0,
    0x1, 0xe2, 0x0, 0xd, 0x50, 0x0, 0x4, 0xee,
    0xef, 0xee, 0xfe, 0xee, 0xb0, 0x0, 0x57, 0xb,
    0x40, 0xf0, 0x3b, 0x0, 0x0, 0xe, 0x1b, 0x40,
    0xf0, 0xc4, 0x0, 0x7, 0x7a, 0x8d, 0xa7, 0xf8,
    0xb7, 0x73, 0x5, 0x55, 0x55, 0x55, 0x55, 0x55,
    0x52, 0x0, 0x2d, 0xdd, 0xdd, 0xdd, 0xd8, 0x0,
    0x0, 0x2d, 0x0, 0x0, 0x0, 0x6a, 0x0, 0x0,
    0x2f, 0xaa, 0xaa, 0xaa, 0xda, 0x0, 0x0, 0x2e,
    0x22, 0x22, 0x22, 0x8a, 0x0, 0x0, 0x2d, 0x0,
    0x0, 0x0, 0x7a, 0x0, 0x0, 0x2f, 0xcc, 0xcc,
    0xcc, 0xd9, 0x0,

    /* U+666F "景" */
    0x0, 0x9d, 0xbb, 0xbb, 0xbb, 0xd9, 0x0, 0x0,
    0x9a, 0x77, 0x77, 0x77, 0xb9, 0x0, 0x0, 0x97,
    0x22, 0x22, 0x22, 0x89, 0x0, 0x0, 0x7b, 0xbb,
    0xec, 0xbb, 0xb7, 0x0, 0x16, 0x66, 0x66, 0xda,
    0x66, 0x66, 0x61, 0x16, 0x66, 0x66, 0x66, 0x66,
    0x66, 0x61, 0x0, 0x4d, 0xcc, 0xcc, 0xcc, 0xd4,
    0x0, 0x0, 0x4b, 0x0, 0x0, 0x0, 0xb5, 0x0,
    0x0, 0x4e, 0xcc, 0xcc, 0xcc, 0xe5, 0x0, 0x0,
    0x5, 0x60, 0x88, 0x7, 0x20, 0x0, 0x5, 0xcb,
    0x10, 0x88, 0x5, 0xcb, 0x30, 0x19, 0x30, 0x2c,
    0xd5, 0x0, 0x4, 0x90,

    /* U+667A "智" */
    0x0, 0x0, 0x0, 0x0, 0x0, 0x0, 0x0, 0xd,
    0x10, 0x0, 0x0, 0x0, 0x0, 0x5, 0xfc, 0xcc,
    0x85, 0xdd, 0xdd, 0x40, 0xe3, 0x69, 0x0, 0x69,
    0x11, 0xb5, 0x19, 0x28, 0xa2, 0x26, 0x80, 0xb,
    0x53, 0xaa, 0xed, 0xaa, 0x78, 0x0, 0xb5, 0x0,
    0x4d, 0xb9, 0x16, 0xc9, 0x9e, 0x51, 0x9c, 0x20,
    0x57, 0x13, 0x33, 0x31, 0x4, 0x3d, 0xdd, 0xdd,
    0xdd, 0xd1, 0x0, 0x4, 0xc0, 0x0, 0x0, 0xe,
    0x20, 0x0, 0x4e, 0xbb, 0xbb, 0xbb, 0xf2, 0x0,
    0x4, 0xc1, 0x11, 0x11, 0x1e, 0x20, 0x0, 0x4c,
    0x0, 0x0, 0x0, 0xe2, 0x0, 0x4, 0xfd, 0xdd,
    0xdd, 0xdf, 0x20,

    /* U+667B "晻" */
    0x0, 0x0, 0x0, 0x6, 0x40, 0x0, 0x8, 0x88,
    0x70, 0x0, 0xe3, 0x0, 0x0, 0xf5, 0x6d, 0xce,
    0xff, 0xff, 0xee, 0x2e, 0x1, 0xd0, 0x1d, 0x30,
    0xb3, 0x0, 0xe0, 0x1d, 0x1c, 0x63, 0xb3, 0xd1,
    0xf, 0xbb, 0xee, 0xfd, 0xef, 0xdf, 0xe2, 0xf3,
    0x4d, 0x3e, 0x3, 0xb0, 0xc6, 0xe, 0x1, 0xd0,
    0xfc, 0xde, 0xcf, 0x20, 0xe0, 0x1d, 0xe, 0x3,
    0xb0, 0xc2, 0xf, 0xab, 0xd0, 0xfb, 0xce, 0xbf,
    0x20, 0xf4, 0x43, 0xe, 0x15, 0xb1, 0x14, 0x9,
    0x0, 0x0, 0x0, 0x3b, 0x0, 0xb2, 0x0, 0x0,
    0x0, 0x1, 0xee, 0xed, 0x0,

    /* U+66A2 "暢" */
    0x1, 0xe0, 0x0, 0x0, 0x0, 0x0, 0x0, 0x1e,
    0x0, 0x1f, 0xcc, 0xcd, 0xd0, 0xdb, 0xfb, 0xc1,
    0xfa, 0xaa, 0xbd, 0xc, 0xd, 0xd, 0x1e, 0x11,
    0x13, 0xd0, 0xd1, 0xd1, 0xd1, 0xe5, 0x55, 0x6d,
    0xf, 0xbf, 0xbe, 0x8, 0x88, 0x88, 0x60, 0xc0,
    0xd0, 0xfb, 0xbb, 0xbb, 0xbb, 0x6f, 0xbf, 0xbe,
    0x2d, 0x52, 0x22, 0x21, 0xb3, 0xe1, 0x19, 0xee,
    0xee, 0xee, 0x30, 0x1e, 0xb, 0x82, 0xd1, 0xb3,
    0x72, 0x1, 0xe0, 0x20, 0xc4, 0x4a, 0x9, 0x0,
    0x1e, 0x3, 0xd4, 0x3d, 0x20, 0xb0, 0x1, 0xe0,
    0x42, 0xc, 0x27, 0xd8, 0x0, 0x0, 0x0, 0x0,
    0x0, 0x0, 0x0,

    /* U+66C9 "曉" */
    0x0, 0x0, 0x0, 0x3, 0xc0, 0x0, 0xf, 0xff,
    0xc3, 0xdd, 0xdf, 0xdd, 0xa0, 0xf0, 0x2c, 0x0,
    0x4, 0xc0, 0x0, 0xf, 0x2, 0xcb, 0xdd, 0xef,
    0xdd, 0xd6, 0xf0, 0x2c, 0x9, 0x0, 0x0, 0xa0,
    0xf, 0xcd, 0xc8, 0xfc, 0x94, 0xcf, 0xc3, 0xf2,
    0x4c, 0xb, 0x23, 0x0, 0xd0, 0xf, 0x2, 0xca,
    0xda, 0x89, 0xcd, 0xb7, 0xf0, 0x2c, 0x88, 0x88,
    0x88, 0x88, 0x5f, 0xdd, 0xc3, 0x6f, 0x44, 0xf3,
    0x32, 0xf1, 0x11, 0x7, 0xd0, 0xe, 0x0, 0x26,
    0x0, 0x3, 0xe5, 0x0, 0xf0, 0x2b, 0x0, 0x8,
    0xd5, 0x0, 0xc, 0xee, 0x60, 0x0, 0x0, 0x0,
    0x0, 0x0, 0x0,

    /* U+66F0 "曰" */
    0x1, 0x11, 0x11, 0x11, 0x11, 0x10, 0x2f, 0xff,
    0xff, 0xff, 0xff, 0xf2, 0x2e, 0x0, 0x0, 0x0,
    0x0, 0xe2, 0x2e, 0x0, 0x0, 0x0, 0x0, 0xe2,
    0x2e, 0x0, 0x0, 0x0, 0x0, 0xe2, 0x2f, 0xff,
    0xff, 0xff, 0xf0, 0xe2, 0x2e, 0x11, 0x11, 0x11,
    0x10, 0xe2, 0x2e, 0x0, 0x0, 0x0, 0x0, 0xe2,
    0x2e, 0x0, 0x0, 0x0, 0x0, 0xe2, 0x2e, 0x11,
    0x11, 0x11, 0x11, 0xe2, 0x2f, 0xff, 0xff, 0xff,
    0xff, 0xf2, 0x2e, 0x0, 0x0, 0x0, 0x0, 0xe2,

    /* U+66F8 "書" */
    0x0, 0x0, 0x0, 0x97, 0x0, 0x0, 0x0, 0x0,
    0x8b, 0xbb, 0xdd, 0xbb, 0xc6, 0x0, 0x14, 0x44,
    0x44, 0xba, 0x44, 0xaa, 0x41, 0x17, 0x77, 0x77,
    0xcb, 0x77, 0xcb, 0x71, 0x0, 0xab, 0xbb, 0xdd,
    0xbb, 0xd8, 0x0, 0x1, 0x33, 0x33, 0xa9, 0x33,
    0x33, 0x10, 0x1, 0x66, 0x66, 0xcb, 0x66, 0x66,
    0x20, 0x2c, 0xcc, 0xcc, 0xee, 0xcc, 0xcc, 0xc2,
    0x0, 0x25, 0x55, 0x55, 0x55, 0x53, 0x0, 0x0,
    0x6c, 0x66, 0x66, 0x66, 0xb9, 0x0, 0x0, 0x6d,
    0xaa, 0xaa, 0xaa, 0xd9, 0x0, 0x0, 0x69, 0x0,
    0x0, 0x0, 0x79, 0x0, 0x0, 0x6e, 0xbb, 0xbb,
    0xbb, 0xd9, 0x0,

    /* U+66FF "替" */
    0x0, 0x8, 0x70, 0x0, 0x4, 0xb0, 0x0, 0x7,
    0xbe, 0xdb, 0x46, 0xbd, 0xeb, 0xb0, 0x0, 0x19,
    0x81, 0x0, 0x15, 0xb1, 0x10, 0xa, 0xad, 0xca,
    0x68, 0xac, 0xea, 0xa4, 0x2, 0x4f, 0xb3, 0x12,
    0x4e, 0xd8, 0x21, 0x0, 0xa8, 0xab, 0x12, 0xc9,
    0x1e, 0x30, 0x1c, 0xa0, 0x7, 0x2d, 0x60, 0x4,
    0xe7, 0x5, 0x4e, 0xee, 0xee, 0xee, 0xe9, 0x11,
    0x0, 0x5b, 0x0, 0x0, 0x0, 0x6a, 0x0, 0x0,
    0x5e, 0xcc, 0xcc, 0xcc, 0xda, 0x0, 0x0, 0x5b,
    0x0, 0x0, 0x0, 0x6a, 0x0, 0x0, 0x5b, 0x11,
    0x11, 0x11, 0x7a, 0x0, 0x0, 0x5f, 0xcc, 0xcc,
    0xcc, 0xd9, 0x0,

    /* U+6700 "最" */
    0x0, 0xad, 0xbb, 0xbb, 0xbb, 0xe6, 0x0, 0x0,
    0xac, 0xbb, 0xbb, 0xbb, 0xd6, 0x0, 0x0, 0xa5,
    0x0, 0x0, 0x0, 0x86, 0x0, 0x0, 0x9c, 0xbb,
    0xbb, 0xbb, 0xc5, 0x0, 0x12, 0x22, 0x22, 0x22,
    0x22, 0x22, 0x20, 0x6c, 0xfb, 0xbd, 0xeb, 0xbb,
    0xbb, 0xb0, 0x1, 0xe6, 0x6b, 0x87, 0x77, 0x77,
    0x40, 0x1, 0xe4, 0x4a, 0x86, 0xd5, 0x5d, 0x50,
    0x1, 0xfc, 0xce, 0x80, 0x95, 0x5d, 0x0, 0x1,
    0xd0, 0x9, 0xa1, 0x1d, 0xd2, 0x0, 0x5c, 0xfd,
    0xcd, 0xc4, 0x9c, 0xca, 0x30, 0x12, 0x0, 0x7,
    0x8b, 0x50, 0x5, 0xc1,

    /* U+6703 "會" */
    0x0, 0x0, 0x0, 0x76, 0x0, 0x0, 0x0, 0x0,
    0x0, 0x9, 0x9e, 0x70, 0x0, 0x0, 0x0, 0x6,
    0xd8, 0x35, 0xed, 0x60, 0x0, 0x3a, 0xd7, 0x78,
    0x88, 0x84, 0xae, 0xa3, 0x26, 0xbb, 0xbb, 0xbb,
    0xbb, 0xb9, 0x61, 0x0, 0xe1, 0x80, 0xd0, 0x74,
    0x3b, 0x0, 0x0, 0xe0, 0xb0, 0xd0, 0xc0, 0x3b,
    0x0, 0x0, 0xbb, 0xbb, 0xcb, 0xbb, 0xb9, 0x0,
    0x0, 0x8, 0x88, 0x88, 0x88, 0x80, 0x0, 0x0,
    0x1d, 0x33, 0x33, 0x36, 0xf0, 0x0, 0x0, 0x1f,
    0xbb, 0xbb, 0xbc, 0xf0, 0x0, 0x0, 0x1c, 0x0,
    0x0, 0x3, 0xf0, 0x0, 0x0, 0x1f, 0xbb, 0xbb,
    0xbc, 0xf0, 0x0,

    /* U+6708 "月" */
    0x0, 0x1f, 0xff, 0xff, 0xff, 0xf4, 0x0, 0x1f,
    0x0, 0x0, 0x0, 0xd4, 0x0, 0x1f, 0x0, 0x0,
    0x0, 0xd4, 0x0, 0x1f, 0xdd, 0xdd, 0xdd, 0xf4,
    0x0, 0x1f, 0x11, 0x11, 0x11, 0xd4, 0x0, 0x2e,
    0x0, 0x0, 0x0, 0xd4, 0x0, 0x4d, 0x0, 0x0,
    0x0, 0xd4, 0x0, 0x6f, 0xff, 0xff, 0xff, 0xf4,
    0x0, 0xc6, 0x0, 0x0, 0x0, 0xd4, 0x3, 0xf1,
    0x0, 0x0, 0x0, 0xd4, 0x1d, 0x80, 0x0, 0x1,
    0x11, 0xd4, 0x5a, 0x0, 0x0, 0x8, 0xff, 0xb0,
    0x0, 0x0, 0x0, 0x0, 0x0, 0x0,

    /* U+6709 "有" */
    0x0, 0x0, 0x7, 0x40, 0x0, 0x0, 0x0, 0x0,
    0x0, 0xf, 0x20, 0x0, 0x0, 0x0, 0x1e, 0xee,
    0xff, 0xee, 0xee, 0xee, 0xe2, 0x0, 0x1, 0xd5,
    0x0, 0x0, 0x0, 0x0, 0x0, 0x8, 0xe2, 0x11,
    0x11, 0x10, 0x0, 0x0, 0x2f, 0xed, 0xdd, 0xdd,
    0xe7, 0x0, 0x3, 0xed, 0x90, 0x0, 0x0, 0x87,
    0x0, 0x2e, 0x56, 0xfe, 0xee, 0xee, 0xf7, 0x0,
    0x3, 0x6, 0x90, 0x0, 0x0, 0x87, 0x0, 0x0,
    0x6, 0xec, 0xcc, 0xcc, 0xe7, 0x0, 0x0, 0x6,
    0xa1, 0x11, 0x11, 0x97, 0x0, 0x0, 0x6, 0x90,
    0x0, 0x0, 0x97, 0x0, 0x0, 0x6, 0x90, 0x0,
    0xaf, 0xd3, 0x0,

    /* U+6714 "朔" */
    0x5, 0x30, 0x6, 0x30, 0x0, 0x0, 0x0, 0x3e,
    0x0, 0xe1, 0x1f, 0xff, 0xfe, 0x0, 0x83, 0x69,
    0x1, 0xf0, 0x2, 0xe7, 0xee, 0xff, 0xee, 0x2f,
    0x0, 0x2e, 0x0, 0xa, 0x40, 0x1, 0xfb, 0xbc,
    0xe1, 0xd0, 0xa4, 0x29, 0x1f, 0x11, 0x3e, 0x1d,
    0xb, 0x43, 0xb1, 0xf0, 0x2, 0xe1, 0xe2, 0xc6,
    0x5b, 0x2f, 0x99, 0xae, 0xc, 0xcf, 0xdd, 0xb5,
    0xd5, 0x56, 0xe0, 0x2, 0xe0, 0x2, 0x87, 0x0,
    0x2e, 0x0, 0x89, 0x0, 0xe, 0x30, 0x2, 0xe0,
    0x3e, 0x20, 0x7, 0xc0, 0x0, 0x3e, 0xc, 0x40,
    0x0, 0xd2, 0x1, 0xff, 0x80, 0x0, 0x0, 0x0,
    0x0, 0x0, 0x0,

    /* U+671B "望" */
    0x0, 0x5, 0x0, 0x0, 0x0, 0x0, 0x0, 0x1,
    0x1b, 0x71, 0x14, 0xfc, 0xcc, 0xe0, 0x4d, 0xfd,
    0xdd, 0xd4, 0xc3, 0x34, 0xe0, 0x0, 0xd2, 0x0,
    0x5, 0xc5, 0x56, 0xe0, 0x0, 0xd2, 0x14, 0x37,
    0xec, 0xcc, 0xe0, 0x1, 0xfd, 0xea, 0x3c, 0x30,
    0x1, 0xe0, 0x3, 0x94, 0x0, 0x8c, 0x0, 0x8a,
    0xe0, 0x0, 0x0, 0x0, 0x51, 0x0, 0x67, 0x30,
    0x3, 0xdd, 0xdd, 0xee, 0xdd, 0xdd, 0x70, 0x0,
    0x0, 0x0, 0x88, 0x0, 0x0, 0x0, 0x0, 0x9d,
    0xdd, 0xff, 0xdd, 0xdc, 0x0, 0x0, 0x0, 0x0,
    0x88, 0x0, 0x0, 0x0, 0x3e, 0xee, 0xee, 0xff,
    0xee, 0xee, 0xe5,

    /* U+671D "朝" */
    0x0, 0xa, 0x50, 0x0, 0x0, 0x0, 0x0, 0x0,
    0xa5, 0x0, 0x2f, 0xff, 0xfe, 0x4f, 0xff, 0xff,
    0xf3, 0xd0, 0x1, 0xe0, 0x0, 0xa5, 0x0, 0x2d,
    0x0, 0x1e, 0xd, 0xdd, 0xde, 0xa2, 0xf9, 0x9a,
    0xe0, 0xd1, 0x0, 0x4a, 0x2e, 0x55, 0x6e, 0xd,
    0xcc, 0xcd, 0xa2, 0xd0, 0x1, 0xe0, 0xd1, 0x0,
    0x4a, 0x3d, 0x33, 0x4e, 0xb, 0xcf, 0xec, 0x85,
    0xeb, 0xbc, 0xe0, 0x0, 0xa6, 0x0, 0x87, 0x0,
    0x1e, 0x6e, 0xef, 0xfe, 0xef, 0x30, 0x1, 0xe0,
    0x0, 0xa5, 0x6, 0xc0, 0x0, 0x2e, 0x0, 0xa,
    0x50, 0xc2, 0x0, 0xdf, 0x90, 0x0, 0x0, 0x0,
    0x0, 0x0, 0x0,

    /* U+671F "期" */
    0x0, 0xe0, 0x6, 0x90, 0x0, 0x0, 0x0, 0x0,
    0xe0, 0x6, 0x90, 0xaf, 0xff, 0xf1, 0x1e, 0xff,
    0xef, 0xf9, 0xa4, 0x0, 0xe1, 0x0, 0xe0, 0x6,
    0x90, 0xa4, 0x0, 0xe1, 0x0, 0xec, 0xce, 0x90,
    0xaf, 0xee, 0xf1, 0x0, 0xe1, 0x6, 0x90, 0xa4,
    0x0, 0xe1, 0x0, 0xeb, 0xbd, 0x90, 0xb4, 0x0,
    0xe1, 0x0, 0xe3, 0x27, 0x90, 0xcd, 0xcc, 0xf1,
    0x0, 0xe1, 0x6, 0x90, 0xd8, 0x77, 0xf1, 0x4e,
    0xee, 0xee, 0xe9, 0xe0, 0x0, 0xe1, 0x0, 0x75,
    0x1a, 0x2, 0xd0, 0x0, 0xe1, 0x4, 0xe1, 0x9,
    0x98, 0x80, 0x0, 0xf1, 0xd, 0x30, 0x0, 0x4b,
    0x20, 0xaf, 0xc0, 0x0, 0x0, 0x0, 0x0, 0x0,
    0x0, 0x0,

    /* U+6728 "木" */
    0x0, 0x0, 0x0, 0x88, 0x0, 0x0, 0x0, 0x0,
    0x0, 0x0, 0x88, 0x0, 0x0, 0x0, 0x0, 0x0,
    0x0, 0x88, 0x0, 0x0, 0x0, 0x1, 0x11, 0x11,
    0x99, 0x11, 0x11, 0x10, 0xf, 0xff, 0xff, 0xff,
    0xff, 0xff, 0xf1, 0x0, 0x0, 0x6, 0xff, 0x50,
    0x0, 0x0, 0x0, 0x0, 0x1e, 0xbb, 0xd1, 0x0,
    0x0, 0x0, 0x0, 0xc5, 0x88, 0x5c, 0x0, 0x0,
    0x0, 0xb, 0x90, 0x88, 0x8, 0xb0, 0x0, 0x1,
    0xcb, 0x0, 0x88, 0x0, 0xac, 0x10, 0x4e, 0x90,
    0x0, 0x88, 0x0, 0x9, 0xf4, 0x14, 0x0, 0x0,
    0x88, 0x0, 0x0, 0x40, 0x0, 0x0, 0x0, 0x88,
    0x0, 0x0, 0x0,

    /* U+672A "未" */
    0x0, 0x0, 0x0, 0x98, 0x0, 0x0, 0x0, 0x0,
    0x0, 0x0, 0x98, 0x0, 0x0, 0x0, 0x0, 0x33,
    0x33, 0xaa, 0x33, 0x33, 0x0, 0x1, 0xcc, 0xcc,
    0xee, 0xcc, 0xcc, 0x20, 0x0, 0x0, 0x0, 0x98,
    0x0, 0x0, 0x0, 0x0, 0x0, 0x0, 0x98, 0x0,
    0x0, 0x0, 0x1f, 0xff, 0xff, 0xff, 0xff, 0xff,
    0xf2, 0x0, 0x0, 0x9, 0xff, 0x80, 0x0, 0x0,
    0x0, 0x0, 0x7b, 0x99, 0xc6, 0x0, 0x0, 0x0,
    0x8, 0xc0, 0x98, 0xc, 0x80, 0x0, 0x3, 0xcb,
    0x10, 0x98, 0x1, 0xbc, 0x20, 0x3f, 0x60, 0x0,
    0x98, 0x0, 0x6, 0xf3, 0x1, 0x0, 0x0, 0x98,
    0x0, 0x0, 0x10,

    /* U+672C "本" */
    0x0, 0x0, 0x0, 0x88, 0x0, 0x0, 0x0, 0x0,
    0x0, 0x0, 0x88, 0x0, 0x0, 0x0, 0x0, 0x0,
    0x0, 0x88, 0x0, 0x0, 0x0, 0x1f, 0xff, 0xff,
    0xff, 0xff, 0xff, 0xf1, 0x1, 0x11, 0x4e, 0xaa,
    0xe3, 0x11, 0x10, 0x0, 0x0, 0xb6, 0x88, 0x7a,
    0x0, 0x0, 0x0, 0x4, 0xd0, 0x88, 0xe, 0x40,
    0x0, 0x0, 0x1e, 0x50, 0x88, 0x6, 0xd1, 0x0,
    0x1, 0xc9, 0x0, 0x88, 0x0, 0xac, 0x10, 0x2d,
    0xaa, 0xcc, 0xee, 0xcc, 0xab, 0xe3, 0x6, 0x3,
    0x44, 0xaa, 0x44, 0x30, 0x60, 0x0, 0x0, 0x0,
    0x88, 0x0, 0x0, 0x0, 0x0, 0x0, 0x0, 0x88,
    0x0, 0x0, 0x0,

    /* U+672D "札" */
    0x0, 0x1, 0x0, 0x0, 0x0, 0x0, 0x0, 0x0,
    0x9, 0x70, 0x6, 0x90, 0x0, 0x0, 0x0, 0x9,
    0x70, 0x6, 0x90, 0x0, 0x0, 0x0, 0x9, 0x70,
    0x6, 0x90, 0x0, 0x0, 0x2e, 0xef, 0xfe, 0xd6,
    0x90, 0x0, 0x0, 0x1, 0x1e, 0x91, 0x16, 0x90,
    0x0, 0x0, 0x0, 0x5f, 0xf4, 0x6, 0x90, 0x0,
    0x0, 0x0, 0xbd, 0x9e, 0x26, 0x90, 0x0, 0x0,
    0x2, 0xc9, 0x76, 0x86, 0x90, 0x0, 0x0, 0xb,
    0x69, 0x70, 0x6, 0x90, 0x0, 0x0, 0x5c, 0x9,
    0x70, 0x6, 0x90, 0x0, 0x51, 0x23, 0x9, 0x70,
    0x6, 0x90, 0x0, 0xb3, 0x0, 0x9, 0x70, 0x6,
    0xa0, 0x0, 0xe1, 0x0, 0x9, 0x70, 0x2, 0xdf,
    0xef, 0xa0,

    /* U+6734 "朴" */
    0x0, 0x0, 0x0, 0x0, 0x0, 0x0, 0x0, 0x0,
    0x7, 0x90, 0x0, 0xc5, 0x0, 0x0, 0x0, 0x7,
    0x90, 0x0, 0xc5, 0x0, 0x0, 0x0, 0x7, 0xa0,
    0x0, 0xc5, 0x0, 0x0, 0x1e, 0xef, 0xfe, 0xd0,
    0xc5, 0x0, 0x0, 0x0, 0xd, 0xc0, 0x0, 0xc9,
    0x10, 0x0, 0x0, 0x3f, 0xf7, 0x0, 0xcc, 0xe4,
    0x0, 0x0, 0x9d, 0xad, 0x40, 0xc5, 0x5f, 0x70,
    0x1, 0xd7, 0x94, 0x90, 0xc5, 0x3, 0xe3, 0x9,
    0x77, 0x90, 0x0, 0xc5, 0x0, 0x10, 0xc, 0x7,
    0x90, 0x0, 0xc5, 0x0, 0x0, 0x0, 0x7, 0x90,
    0x0, 0xc5, 0x0, 0x0, 0x0, 0x7, 0x90, 0x0,
    0xc5, 0x0, 0x0, 0x0, 0x7, 0x90, 0x0, 0xc5,
    0x0, 0x0,

    /* U+6742 "杂" */
    0x0, 0x0, 0xa, 0x60, 0x0, 0x0, 0x0, 0x0,
    0x0, 0xd, 0x40, 0x0, 0x0, 0x0, 0x8, 0xff,
    0xff, 0xff, 0xff, 0x10, 0x0, 0x0, 0x0, 0x99,
    0x0, 0xe, 0x10, 0x20, 0x0, 0x8, 0xd1, 0x0,
    0xe, 0x10, 0xa4, 0x18, 0xda, 0x10, 0x10, 0xc,
    0xdc, 0xe1, 0x6, 0x10, 0x0, 0x97, 0x0, 0x11,
    0x0, 0xe, 0xee, 0xee, 0xff, 0xee, 0xee, 0xe0,
    0x0, 0x1, 0x0, 0xa8, 0x1, 0x0, 0x0, 0x0,
    0xc, 0x60, 0x97, 0xb, 0x80, 0x0, 0x1, 0xbb,
    0x0, 0x97, 0x0, 0xc9, 0x0, 0xc, 0xa0, 0x0,
    0xa7, 0x0, 0x1d, 0x40, 0x1, 0x0, 0x8f, 0xe3,
    0x0, 0x0, 0x0,

    /* U+674C "杌" */
    0x0, 0xf, 0x0, 0x0, 0x0, 0x0, 0x0, 0x0,
    0xf, 0x5, 0x88, 0x88, 0x88, 0x83, 0x0, 0xf,
    0x5, 0x8f, 0x88, 0xf9, 0x83, 0x4f, 0xff, 0xfe,
    0xe, 0x10, 0xe1, 0x0, 0x0, 0x5f, 0x0, 0xe,
    0x10, 0xe1, 0x0, 0x0, 0xaf, 0x10, 0xf, 0x0,
    0xe1, 0x0, 0x0, 0xef, 0xd2, 0xf, 0x0, 0xe1,
    0x0, 0x5, 0x9f, 0x5d, 0x1e, 0x0, 0xe1, 0x0,
    0xd, 0x3f, 0x3, 0x4b, 0x0, 0xe1, 0x0, 0x6a,
    0xf, 0x0, 0x97, 0x0, 0xe1, 0x11, 0x22, 0xf,
    0x0, 0xe1, 0x0, 0xe1, 0x3b, 0x0, 0xf, 0x9,
    0x90, 0x0, 0xe2, 0x4a, 0x0, 0xf, 0x1c, 0x0,
    0x0, 0x9f, 0xf4, 0x0, 0x0, 0x0, 0x0, 0x0,
    0x0, 0x0,

    /* U+6750 "材" */
    0x0, 0x0, 0x0, 0x0, 0x0, 0x0, 0x0, 0x0,
    0xd, 0x30, 0x0, 0x0, 0x1f, 0x0, 0x0, 0xd,
    0x30, 0x0, 0x0, 0x1f, 0x0, 0x0, 0xd, 0x30,
    0x0, 0x0, 0x1f, 0x0, 0x2f, 0xff, 0xff, 0x7f,
    0xff, 0xff, 0xf6, 0x0, 0x3f, 0x60, 0x0, 0x1,
    0xcf, 0x0, 0x0, 0x8f, 0xe3, 0x0, 0x5, 0xef,
    0x0, 0x0, 0xde, 0x7e, 0x10, 0x1e, 0x5f, 0x0,
    0x6, 0x9d, 0x37, 0x30, 0xa8, 0x1f, 0x0, 0x1e,
    0x2d, 0x30, 0x8, 0xd0, 0x1f, 0x0, 0x78, 0xd,
    0x30, 0xae, 0x10, 0x1f, 0x0, 0x10, 0xd, 0x30,
    0x81, 0x0, 0x1f, 0x0, 0x0, 0xd, 0x30, 0x0,
    0x0, 0x3f, 0x0, 0x0, 0xd, 0x30, 0x0, 0x5f,
    0xf9, 0x0, 0x0, 0x0, 0x0, 0x0, 0x0, 0x0,
    0x0,

    /* U+6765 "来" */
    0x0, 0x0, 0x0, 0x88, 0x0, 0x0, 0x0, 0x0,
    0x0, 0x0, 0x99, 0x0, 0x0, 0x0, 0x8, 0xee,
    0xee, 0xff, 0xee, 0xee, 0x90, 0x0, 0x28, 0x0,
    0x88, 0x0, 0x75, 0x0, 0x0, 0xd, 0x40, 0x88,
    0x2, 0xf2, 0x0, 0x0, 0x6, 0xa0, 0x88, 0x9,
    0x70, 0x0, 0x2c, 0xcc, 0xcc, 0xee, 0xcc, 0xcc,
    0xc2, 0x3, 0x33, 0x4b, 0xff, 0xb4, 0x33, 0x30,
    0x0, 0x0, 0x8c, 0x99, 0xc7, 0x0, 0x0, 0x0,
    0x7, 0xd1, 0x88, 0x1d, 0x70, 0x0, 0x1, 0xbd,
    0x10, 0x88, 0x1, 0xda, 0x10, 0x3f, 0x90, 0x0,
    0x88, 0x0, 0xa, 0xf3, 0x2, 0x0, 0x0, 0x88,
    0x0, 0x0, 0x30,

    /* U+6768 "杨" */
    0x0, 0x86, 0x0, 0x0, 0x0, 0x0, 0x0, 0x0,
    0x86, 0xc, 0xff, 0xff, 0xfa, 0x0, 0x0, 0x97,
    0x0, 0x0, 0x1b, 0xb0, 0x0, 0x6e, 0xff, 0xe1,
    0x2, 0xd8, 0x0, 0x0, 0x0, 0xc9, 0x0, 0x7e,
    0x50, 0x0, 0x0, 0x1, 0xff, 0x38, 0xff, 0xfe,
    0xff, 0xf1, 0x6, 0xf9, 0xc0, 0xb, 0x51, 0xd0,
    0xf0, 0xb, 0xb6, 0x70, 0x4c, 0x7, 0x71, 0xf0,
    0x3c, 0x86, 0x3, 0xd2, 0x1d, 0x12, 0xe0, 0x74,
    0x86, 0x2d, 0x20, 0x96, 0x4, 0xc0, 0x0, 0x86,
    0x0, 0x6, 0xa0, 0x6, 0xa0, 0x0, 0x86, 0x0,
    0x7b, 0x0, 0xb, 0x60, 0x0, 0x86, 0x8, 0x80,
    0x8, 0xfc, 0x10, 0x0, 0x0, 0x0, 0x0, 0x0,
    0x0, 0x0,

    /* U+6771 "東" */
    0x0, 0x0, 0x0, 0x97, 0x0, 0x0, 0x0, 0x3,
    0x33, 0x33, 0xa9, 0x33, 0x33, 0x30, 0xc, 0xcc,
    0xcc, 0xee, 0xcc, 0xcc, 0xc1, 0x0, 0x0, 0x0,
    0x98, 0x0, 0x0, 0x0, 0x0, 0xdd, 0xcc, 0xee,
    0xcc, 0xcf, 0x0, 0x0, 0xd2, 0x0, 0x97, 0x0,
    0xf, 0x0, 0x0, 0xdd, 0xcc, 0xee, 0xcc, 0xcf,
    0x0, 0x0, 0xd2, 0x0, 0x97, 0x0, 0xf, 0x0,
    0x0, 0xcd, 0xde, 0xff, 0xed, 0xde, 0x0, 0x0,
    0x0, 0x5e, 0xcb, 0xd4, 0x0, 0x0, 0x0, 0x8,
    0xd2, 0x97, 0x2d, 0x80, 0x0, 0x18, 0xe9, 0x10,
    0x97, 0x1, 0xae, 0x81, 0x19, 0x20, 0x0, 0x97,
    0x0, 0x2, 0xa1,

    /* U+677E "松" */
    0x0, 0xf, 0x0, 0x2, 0x50, 0x63, 0x0, 0x0,
    0xf, 0x0, 0x7, 0xa0, 0x79, 0x0, 0x0, 0xf,
    0x0, 0xc, 0x50, 0x2f, 0x0, 0x2e, 0xef, 0xfb,
    0x2f, 0x0, 0xc, 0x60, 0x0, 0x4f, 0x20, 0xa9,
    0x2, 0x5, 0xe0, 0x0, 0x9f, 0xa3, 0xf2, 0x6d,
    0x0, 0xc6, 0x0, 0xcf, 0xc5, 0x30, 0xb7, 0x0,
    0x20, 0x4, 0x9f, 0x3b, 0x1, 0xf2, 0x0, 0x0,
    0xc, 0x3f, 0x0, 0x6, 0xb0, 0x38, 0x0, 0x3b,
    0xf, 0x0, 0xd, 0x40, 0xe, 0x20, 0x1, 0xf,
    0x0, 0x5d, 0x0, 0x1a, 0x90, 0x0, 0xf, 0x0,
    0xee, 0xef, 0xdb, 0xf1, 0x0, 0xf, 0x0, 0x64,
    0x20, 0x0, 0x61,

    /* U+677F "板" */
    0x0, 0x1d, 0x0, 0x0, 0x0, 0x37, 0x80, 0x0,
    0x1d, 0x0, 0xac, 0xee, 0xc9, 0x40, 0x4, 0x5e,
    0x42, 0xe3, 0x0, 0x0, 0x0, 0xb, 0xcf, 0xb5,
    0xe1, 0x0, 0x0, 0x0, 0x0, 0x7f, 0x20, 0xed,
    0xdd, 0xdd, 0x90, 0x0, 0xce, 0xb0, 0xf7, 0xb1,
    0x18, 0x80, 0x1, 0xcd, 0x95, 0xf1, 0xf1, 0xc,
    0x40, 0x8, 0x7d, 0x12, 0xe0, 0xb7, 0x2e, 0x0,
    0x1d, 0x2d, 0x2, 0xc0, 0x4d, 0xb6, 0x0, 0x36,
    0x1d, 0x6, 0xa0, 0xc, 0xe0, 0x0, 0x0, 0x1d,
    0xa, 0x50, 0x5e, 0xf5, 0x0, 0x0, 0x1d, 0x2e,
    0x28, 0xe3, 0x4f, 0x80, 0x0, 0x1d, 0x58, 0x7a,
    0x10, 0x2, 0xc5, 0x0, 0x0, 0x0, 0x0, 0x0,
    0x0, 0x0,

    /* U+6784 "构" */
    0x0, 0xf, 0x0, 0xa, 0x40, 0x0, 0x0, 0x0,
    0xf, 0x0, 0xf, 0x10, 0x0, 0x0, 0x0, 0xf,
    0x0, 0x5f, 0x77, 0x77, 0x72, 0x1e, 0xff, 0xf9,
    0xda, 0x88, 0x88, 0xd5, 0x0, 0x4f, 0x16, 0xd1,
    0x50, 0x0, 0xc4, 0x0, 0x9f, 0xa5, 0x45, 0xb0,
    0x0, 0xc4, 0x0, 0xcf, 0xa5, 0xa, 0x56, 0x0,
    0xd3, 0x5, 0x8f, 0x25, 0x1d, 0x9, 0x50, 0xe2,
    0xd, 0x2f, 0x0, 0x9a, 0x7b, 0xb0, 0xf1, 0x29,
    0xf, 0x0, 0xca, 0x63, 0xc1, 0xf0, 0x0, 0xf,
    0x0, 0x0, 0x0, 0x2, 0xe0, 0x0, 0xf, 0x0,
    0x0, 0x0, 0x7, 0xb0, 0x0, 0xf, 0x0, 0x0,
    0x9, 0xfe, 0x40, 0x0, 0x0, 0x0, 0x0, 0x0,
    0x0, 0x0,

    /* U+6797 "林" */
    0x0, 0x8, 0x70, 0x0, 0x2, 0xd0, 0x0, 0x0,
    0x8, 0x70, 0x0, 0x2, 0xd0, 0x0, 0x0, 0x8,
    0x70, 0x0, 0x2, 0xd0, 0x0, 0x1f, 0xff, 0xff,
    0x7d, 0xff, 0xff, 0xf8, 0x0, 0x1e, 0xb1, 0x0,
    0xa, 0xf5, 0x0, 0x0, 0x4f, 0xf8, 0x0, 0x1f,
    0xfa, 0x0, 0x0, 0xbc, 0x8d, 0x60, 0x8c, 0xed,
    0x10, 0x2, 0xc9, 0x73, 0x61, 0xe4, 0xd8, 0x70,
    0xb, 0x58, 0x70, 0xa, 0x92, 0xd1, 0xe1, 0x4b,
    0x8, 0x70, 0x7d, 0x2, 0xd0, 0x8b, 0x1, 0x8,
    0x70, 0x72, 0x2, 0xd0, 0x4, 0x0, 0x8, 0x70,
    0x0, 0x2, 0xd0, 0x0, 0x0, 0x8, 0x70, 0x0,
    0x2, 0xd0, 0x0,

    /* U+679C "果" */
    0x0, 0xcf, 0xee, 0xff, 0xee, 0xfd, 0x0, 0x0,
    0xc4, 0x0, 0x88, 0x0, 0x4d, 0x0, 0x0, 0xce,
    0xdd, 0xff, 0xdd, 0xed, 0x0, 0x0, 0xc4, 0x0,
    0x88, 0x0, 0x4d, 0x0, 0x0, 0xc7, 0x33, 0xaa,
    0x33, 0x6d, 0x0, 0x0, 0x8b, 0xbb, 0xdd, 0xbb,
    0xb9, 0x0, 0x1, 0x11, 0x11, 0x99, 0x11, 0x11,
    0x10, 0x1d, 0xdd, 0xde, 0xff, 0xed, 0xdd, 0xd1,
    0x0, 0x0, 0x5d, 0xbb, 0xd6, 0x0, 0x0, 0x0,
    0x19, 0xc1, 0x88, 0x1b, 0xb2, 0x0, 0x2a, 0xe7,
    0x0, 0x88, 0x0, 0x5d, 0xb2, 0x6, 0x0, 0x0,
    0x88, 0x0, 0x0, 0x50,

    /* U+67D3 "染" */
    0x0, 0x0, 0x0, 0x0, 0x0, 0x0, 0x0, 0x2,
    0x71, 0x0, 0xd, 0x30, 0x0, 0x0, 0x0, 0x7e,
    0x30, 0xd, 0x30, 0x0, 0x0, 0x5, 0x1, 0x3f,
    0xff, 0xff, 0xe0, 0x0, 0x18, 0xd3, 0x0, 0x5d,
    0x1, 0xe0, 0x0, 0x0, 0x18, 0x0, 0xd7, 0x1,
    0xe0, 0x62, 0x0, 0xb8, 0x1a, 0xc0, 0x1, 0xf2,
    0xb4, 0xb, 0x90, 0xea, 0x65, 0x0, 0x9c, 0xa0,
    0x2, 0x0, 0x0, 0x88, 0x0, 0x0, 0x0, 0x3e,
    0xee, 0xef, 0xff, 0xfe, 0xee, 0xe3, 0x0, 0x0,
    0x4d, 0xbc, 0xd4, 0x0, 0x0, 0x0, 0x7, 0xd2,
    0x88, 0x2d, 0x70, 0x0, 0x17, 0xe9, 0x10, 0x88,
    0x1, 0x9e, 0x81, 0x29, 0x20, 0x0, 0x88, 0x0,
    0x1, 0x81,

    /* U+67D4 "柔" */
    0x0, 0x0, 0x0, 0x0, 0x0, 0x0, 0x0, 0x0,
    0xad, 0xdd, 0xdd, 0xdf, 0xf2, 0x0, 0x0, 0x0,
    0x57, 0x34, 0xbb, 0x20, 0x0, 0x2, 0x22, 0x37,
    0xcf, 0xc3, 0x22, 0x10, 0xa, 0xbb, 0xbf, 0xef,
    0xbb, 0xbe, 0xb0, 0x0, 0x4, 0xc7, 0x3d, 0x0,
    0x6c, 0x0, 0x7, 0xda, 0x35, 0x8d, 0x0, 0x60,
    0x0, 0x4, 0x10, 0x5, 0xb8, 0x0, 0x0, 0x0,
    0x2d, 0xdd, 0xdd, 0xee, 0xdd, 0xdd, 0xd3, 0x0,
    0x0, 0x4e, 0xcc, 0xe4, 0x0, 0x0, 0x0, 0x8,
    0xe3, 0x88, 0x3e, 0x80, 0x0, 0x18, 0xea, 0x10,
    0x88, 0x1, 0xaf, 0x92, 0x19, 0x20, 0x0, 0x88,
    0x0, 0x1, 0x81,

    /* U+6807 "标" */
    0x0, 0xf, 0x10, 0x0, 0x0, 0x0, 0x0, 0x0,
    0xf, 0x10, 0x4e, 0xee, 0xee, 0xb0, 0x0, 0xf,
    0x10, 0x1, 0x11, 0x11, 0x0, 0x1d, 0xdf, 0xdc,
    0x0, 0x0, 0x0, 0x0, 0x5, 0x8f, 0x64, 0x11,
    0x11, 0x11, 0x11, 0x0, 0x9f, 0xa0, 0xcd, 0xdf,
    0xed, 0xd7, 0x0, 0xdf, 0xa7, 0x0, 0xe, 0x10,
    0x0, 0x7, 0x8f, 0x28, 0x8, 0xe, 0x17, 0x10,
    0x1e, 0x1f, 0x10, 0x5b, 0xe, 0x18, 0x80, 0x37,
    0xf, 0x10, 0xb5, 0xe, 0x12, 0xe0, 0x0, 0xf,
    0x14, 0xd0, 0xe, 0x10, 0xc4, 0x0, 0xf, 0x14,
    0x30, 0xf, 0x10, 0x54, 0x0, 0xf, 0x10, 0x9,
    0xfc, 0x0, 0x0, 0x0, 0x0, 0x0, 0x0, 0x0,
    0x0, 0x0,

    /* U+6811 "树" */
    0x0, 0x0, 0x0, 0x0, 0x0, 0x0, 0x0, 0x0,
    0xd1, 0x0, 0x0, 0x0, 0xf, 0x0, 0x0, 0xd1,
    0x4, 0x44, 0x0, 0xf, 0x0, 0x0, 0xe1, 0xa,
    0xae, 0x0, 0xf, 0x0, 0x6f, 0xff, 0x50, 0xd,
    0xae, 0xef, 0xe1, 0x0, 0xf2, 0x1a, 0x1c, 0x0,
    0xf, 0x0, 0x4, 0xfa, 0xb, 0x89, 0x23, 0xf,
    0x0, 0x8, 0xfc, 0x42, 0xf6, 0x1d, 0xf, 0x0,
    0xc, 0xe4, 0x90, 0xc5, 0x9, 0x5f, 0x0, 0x3a,
    0xd1, 0x1, 0xec, 0x2, 0x7f, 0x0, 0x94, 0xd1,
    0x7, 0x9b, 0x40, 0xf, 0x0, 0x10, 0xd1, 0x1e,
    0x23, 0x0, 0xf, 0x0, 0x0, 0xd1, 0x9a, 0x0,
    0x0, 0xf, 0x0, 0x0, 0xd1, 0x11, 0x0, 0xd,
    0xfa, 0x0, 0x0, 0x0, 0x0, 0x0, 0x0, 0x0,
    0x0,

    /* U+6821 "校" */
    0x0, 0x0, 0x0, 0x0, 0x0, 0x0, 0x0, 0x0,
    0x4a, 0x0, 0x0, 0xb5, 0x0, 0x0, 0x0, 0x4a,
    0x0, 0x0, 0x3d, 0x0, 0x0, 0x0, 0x4a, 0x5,
    0xdd, 0xde, 0xdd, 0xd3, 0x1e, 0xff, 0xe4, 0x16,
    0x21, 0x73, 0x10, 0x0, 0xab, 0x0, 0x3e, 0x10,
    0x7c, 0x0, 0x0, 0xef, 0x31, 0xd4, 0x0, 0x9,
    0xa0, 0x3, 0xec, 0xc9, 0x8c, 0x0, 0x87, 0xb1,
    0x9, 0x8a, 0x92, 0xc, 0x60, 0xe2, 0x0, 0x1d,
    0x4a, 0x0, 0x4, 0xe8, 0xb0, 0x0, 0x76, 0x4a,
    0x0, 0x0, 0xaf, 0x20, 0x0, 0x0, 0x4a, 0x0,
    0x4, 0xec, 0xc1, 0x0, 0x0, 0x4a, 0x1, 0x9e,
    0x30, 0xae, 0x71, 0x0, 0x4a, 0xa, 0x91, 0x0,
    0x4, 0xb2, 0x0, 0x0, 0x0, 0x0, 0x0, 0x0,
    0x0,

    /* U+6831 "栱" */
    0x0, 0x2, 0x0, 0x0, 0x0, 0x0, 0x0, 0x0,
    0xf, 0x0, 0xc, 0x30, 0x1e, 0x0, 0x0, 0xf,
    0x0, 0xc, 0x30, 0x1e, 0x0, 0x0, 0xf, 0x0,
    0xc, 0x30, 0x1e, 0x0, 0x1f, 0xff, 0xfb, 0xdf,
    0xdd, 0xdf, 0xd7, 0x0, 0x3f, 0x0, 0x2d, 0x52,
    0x3e, 0x21, 0x0, 0x8f, 0x60, 0xc, 0x30, 0x1e,
    0x0, 0x0, 0xdf, 0xd4, 0xc, 0x30, 0x1e, 0x0,
    0x3, 0xaf, 0x3a, 0xc, 0x40, 0x2e, 0x0, 0xb,
    0x4f, 0x7, 0xff, 0xff, 0xff, 0xfc, 0x3c, 0xf,
    0x0, 0x4, 0x10, 0x14, 0x0, 0x2, 0xf, 0x0,
    0x3e, 0x10, 0x1e, 0x40, 0x0, 0xf, 0x1, 0xd5,
    0x0, 0x3, 0xe2, 0x0, 0xf, 0x9, 0x70, 0x0,
    0x0, 0x78, 0x0, 0x0, 0x0, 0x0, 0x0, 0x0,
    0x0,

    /* U+683C "格" */
    0x0, 0x0, 0x0, 0x0, 0x0, 0x0, 0x0, 0x0,
    0x0, 0xf0, 0x0, 0xc, 0x40, 0x0, 0x0, 0x0,
    0xf, 0x0, 0x5, 0xf7, 0x77, 0x50, 0x0, 0x0,
    0xf0, 0x1, 0xe9, 0x77, 0xd8, 0x0, 0x1f, 0xff,
    0xfd, 0xdd, 0xb0, 0x3f, 0x10, 0x0, 0x4, 0xf1,
    0x7a, 0xb, 0x8d, 0x60, 0x0, 0x0, 0x9f, 0xa0,
    0x0, 0x2f, 0xc0, 0x0, 0x0, 0xd, 0xfa, 0x60,
    0x4e, 0x8c, 0xb1, 0x0, 0x4, 0x9f, 0x1a, 0xbd,
    0x30, 0x7, 0xf9, 0x0, 0xb3, 0xf0, 0x8a, 0xfe,
    0xee, 0xed, 0x30, 0x4b, 0xf, 0x0, 0x4b, 0x0,
    0x3, 0xc0, 0x0, 0x20, 0xf0, 0x4, 0xb0, 0x0,
    0x3c, 0x0, 0x0, 0xf, 0x0, 0x4c, 0x33, 0x36,
    0xc0, 0x0, 0x0, 0xf0, 0x4, 0xeb, 0xbb, 0xcc,
    0x0, 0x0, 0x0, 0x0, 0x0, 0x0, 0x0, 0x0,
    0x0,

    /* U+6846 "框" */
    0x0, 0x68, 0x0, 0x0, 0x0, 0x0, 0x0, 0x0,
    0x68, 0x8, 0xff, 0xff, 0xff, 0xf3, 0x0, 0x78,
    0x9, 0x70, 0x0, 0x0, 0x0, 0x7f, 0xff, 0xfa,
    0x7d, 0xee, 0xee, 0xb0, 0x0, 0xba, 0x8, 0x70,
    0xa, 0x40, 0x0, 0x0, 0xff, 0x58, 0x70, 0xa,
    0x40, 0x0, 0x5, 0xe9, 0xdb, 0x7a, 0xef, 0xee,
    0x70, 0xc, 0x88, 0x39, 0x70, 0xa, 0x40, 0x0,
    0x5a, 0x68, 0x8, 0x70, 0xa, 0x40, 0x0, 0x72,
    0x68, 0x8, 0x8e, 0xef, 0xfe, 0xd0, 0x0, 0x68,
    0x8, 0x70, 0x0, 0x0, 0x0, 0x0, 0x68, 0x8,
    0xdb, 0xbb, 0xbb, 0xb5, 0x0, 0x68, 0x1, 0x33,
    0x33, 0x33, 0x31,

    /* U+6862 "桢" */
    0x0, 0x0, 0x0, 0x0, 0x0, 0x0, 0x0, 0x0,
    0x2c, 0x0, 0x0, 0x1e, 0x0, 0x0, 0x0, 0x2c,
    0x0, 0x0, 0x1f, 0xcc, 0xc7, 0x1, 0x3d, 0x10,
    0x0, 0x1e, 0x22, 0x21, 0x1f, 0xff, 0xf7, 0x0,
    0x2e, 0x0, 0x0, 0x2, 0x7e, 0x21, 0xbe, 0xdd,
    0xdd, 0xd0, 0x0, 0xaf, 0x60, 0xb4, 0x2, 0x1,
    0xd0, 0x0, 0xed, 0xc1, 0xb4, 0xd, 0x21, 0xd0,
    0x5, 0xac, 0x54, 0xb4, 0xd, 0x21, 0xd0, 0xc,
    0x4c, 0x0, 0xb4, 0xe, 0x11, 0xd0, 0x3a, 0x2c,
    0x0, 0xb4, 0x1e, 0x1, 0xd0, 0x1, 0x2c, 0x0,
    0x52, 0xa8, 0x20, 0x60, 0x0, 0x2c, 0x0, 0x3b,
    0x90, 0x9c, 0x30, 0x0, 0x2c, 0x7, 0xc4, 0x0,
    0x2, 0xc2, 0x0, 0x0, 0x0, 0x0, 0x0, 0x0,
    0x0,

    /* U+68A6 "梦" */
    0x0, 0x8, 0x60, 0x0, 0x3, 0xb0, 0x0, 0x1,
    0x19, 0x71, 0x0, 0x14, 0xc1, 0x10, 0x1d, 0xdf,
    0xfd, 0x9a, 0xdf, 0xfe, 0xd8, 0x0, 0x7f, 0xe8,
    0x0, 0x4e, 0xec, 0x0, 0x8, 0xb8, 0x68, 0x78,
    0xc5, 0xb5, 0xc3, 0x17, 0x8, 0x60, 0x47, 0x3,
    0xb0, 0x37, 0x0, 0x0, 0x7, 0xe2, 0x0, 0x10,
    0x0, 0x0, 0x2, 0xbf, 0xee, 0xee, 0xfc, 0x0,
    0x1, 0x9e, 0x71, 0x0, 0x2, 0xe3, 0x0, 0x1,
    0x81, 0x6d, 0x60, 0x4e, 0x60, 0x0, 0x0, 0x0,
    0x2, 0xce, 0xd3, 0x0, 0x0, 0x0, 0x3, 0x7d,
    0xd7, 0x0, 0x0, 0x0, 0x7, 0xfc, 0x94, 0x0,
    0x0, 0x0, 0x0, 0x0, 0x0, 0x0, 0x0, 0x0,
    0x0, 0x0,

    /* U+68B5 "梵" */
    0x0, 0x8, 0x60, 0x0, 0x9, 0x60, 0x0, 0x0,
    0x8, 0x70, 0x0, 0x9, 0x70, 0x0, 0x1e, 0xef,
    0xfe, 0xac, 0xef, 0xfe, 0xe7, 0x0, 0x5f, 0xe5,
    0x0, 0x6f, 0xe8, 0x0, 0x5, 0xc9, 0x7a, 0x58,
    0xb9, 0x79, 0xa1, 0x1b, 0x18, 0x60, 0x17, 0x9,
    0x60, 0x56, 0x0, 0x1, 0x10, 0x0, 0x1, 0x0,
    0x0, 0x0, 0x5, 0xfe, 0xee, 0xef, 0x20, 0x0,
    0x0, 0x5, 0xb1, 0x0, 0xe, 0x20, 0x0, 0x0,
    0x7, 0x97, 0xd2, 0xe, 0x20, 0x0, 0x0, 0xd,
    0x50, 0x5e, 0x4e, 0x20, 0x27, 0x1, 0xbb, 0x0,
    0x3, 0x1e, 0x30, 0x6a, 0xe, 0x90, 0x0, 0x0,
    0xa, 0xff, 0xf4, 0x1, 0x0, 0x0, 0x0, 0x0,
    0x0, 0x0,

    /* U+68EE "森" */
    0x0, 0x0, 0x0, 0x6b, 0x0, 0x0, 0x0, 0x0,
    0x0, 0x0, 0x6, 0xb0, 0x0, 0x0, 0x0, 0x5,
    0xff, 0xff, 0xff, 0xff, 0xff, 0xe0, 0x0, 0x0,
    0x4, 0xda, 0xcb, 0x90, 0x0, 0x0, 0x0, 0x29,
    0xc2, 0x6b, 0x7, 0xd7, 0x10, 0x0, 0x8b, 0x61,
    0x6, 0xb0, 0x3, 0x7d, 0x30, 0x0, 0x8, 0x70,
    0x12, 0x3, 0xc0, 0x0, 0x0, 0x22, 0x98, 0x21,
    0x22, 0x5c, 0x22, 0x10, 0xc, 0xcf, 0xdc, 0x6a,
    0xcf, 0xfd, 0xc8, 0x0, 0x8, 0xfd, 0x40, 0x7,
    0xdd, 0xc0, 0x0, 0x5, 0xc9, 0x8c, 0x45, 0xd4,
    0xc6, 0xb0, 0x3, 0xd1, 0x87, 0x9, 0xc1, 0x3c,
    0x8, 0xc0, 0x0, 0x8, 0x70, 0x30, 0x3, 0xc0,
    0x2, 0x0,

    /* U+694A "楊" */
    0x0, 0xf, 0x0, 0x0, 0x0, 0x0, 0x0, 0x0,
    0xf, 0x0, 0x5e, 0xcc, 0xcc, 0xd0, 0x0, 0xf,
    0x0, 0x5c, 0x55, 0x57, 0xd0, 0x1f, 0xff, 0xfa,
    0x5b, 0x33, 0x35, 0xd0, 0x0, 0x5f, 0x0, 0x5d,
    0x88, 0x89, 0xd0, 0x0, 0x9f, 0x30, 0x14, 0x44,
    0x44, 0x40, 0x0, 0xdf, 0xc6, 0xee, 0xee, 0xee,
    0xec, 0x4, 0xaf, 0x77, 0x1e, 0x20, 0x0, 0x0,
    0xc, 0x3f, 0x3, 0xcd, 0xfe, 0xee, 0xe7, 0x3b,
    0xf, 0xd, 0x63, 0xc0, 0xc2, 0x86, 0x1, 0xf,
    0x0, 0x2d, 0x25, 0xa0, 0xa4, 0x0, 0xf, 0x4,
    0xd3, 0x3d, 0x20, 0xd1, 0x0, 0xf, 0x2, 0x20,
    0xb3, 0x7e, 0xa0, 0x0, 0x0, 0x0, 0x0, 0x0,
    0x0, 0x0,

    /* U+695A "楚" */
    0x0, 0x8, 0x70, 0x0, 0xc, 0x30, 0x0, 0xa,
    0xad, 0xda, 0x5a, 0xae, 0xca, 0xa0, 0x3, 0x6f,
    0xe5, 0x13, 0x9f, 0xd4, 0x30, 0x2, 0xdb, 0x9d,
    0x34, 0xcc, 0x8c, 0x20, 0x2e, 0x38, 0x72, 0x4d,
    0x1c, 0x33, 0xd1, 0x1, 0x5, 0x50, 0x1, 0x7,
    0x20, 0x0, 0xc, 0xdd, 0xdd, 0xdd, 0xdd, 0xdd,
    0xc0, 0x2, 0x24, 0x22, 0xa7, 0x22, 0x2a, 0x90,
    0x0, 0xf, 0x20, 0x96, 0x0, 0x9, 0x10, 0x0,
    0x4f, 0x30, 0x9f, 0xee, 0xe6, 0x0, 0x0, 0x9e,
    0xb0, 0x96, 0x0, 0x0, 0x0, 0x5, 0xe1, 0xbc,
    0xc6, 0x0, 0x0, 0x0, 0x3e, 0x30, 0x6, 0xce,
    0xff, 0xff, 0xf4, 0x0, 0x0, 0x0, 0x0, 0x0,
    0x0, 0x0,

    /* U+6968 "楨" */
    0x0, 0xf, 0x0, 0x0, 0x1e, 0x0, 0x0, 0x0,
    0xf, 0x0, 0x0, 0x1e, 0x22, 0x21, 0x0, 0xf,
    0x0, 0x0, 0x1f, 0xbb, 0xb6, 0x1d, 0xdf, 0xd9,
    0x0, 0x1e, 0x0, 0x0, 0x2, 0x5f, 0x21, 0xbe,
    0xdd, 0xdd, 0xe0, 0x0, 0x8f, 0x70, 0xb5, 0x0,
    0x2, 0xe0, 0x0, 0xcf, 0xb3, 0xbd, 0xcc, 0xcc,
    0xe0, 0x3, 0x9f, 0x38, 0xb6, 0x11, 0x12, 0xe0,
    0xb, 0x4f, 0x0, 0xbc, 0xaa, 0xab, 0xe0, 0x2c,
    0xf, 0x0, 0xb6, 0x22, 0x23, 0xe0, 0x2, 0xf,
    0x0, 0x7c, 0xfb, 0xbc, 0xa0, 0x0, 0xf, 0x0,
    0x5e, 0x50, 0x3d, 0x60, 0x0, 0xf, 0xb, 0xa2,
    0x0, 0x0, 0x98, 0x0, 0x0, 0x0, 0x0, 0x0,
    0x0, 0x0,

    /* U+696D "業" */
    0x0, 0x82, 0xd, 0x22, 0xd0, 0x1a, 0x0, 0x0,
    0x6a, 0xd, 0x22, 0xd0, 0x7a, 0x0, 0x0, 0x1d,
    0x1d, 0x33, 0xd0, 0xd3, 0x0, 0xd, 0xdd, 0xfd,
    0xdd, 0xdf, 0xed, 0xd1, 0x0, 0x0, 0xc5, 0x0,
    0x4d, 0x0, 0x0, 0x6, 0xdd, 0xee, 0xdd, 0xfe,
    0xdd, 0x80, 0x0, 0x0, 0x0, 0x87, 0x0, 0x0,
    0x0, 0x0, 0xac, 0xcc, 0xee, 0xcc, 0xcb, 0x0,
    0x0, 0x0, 0x0, 0x87, 0x0, 0x0, 0x0, 0x1e,
    0xee, 0xef, 0xff, 0xfe, 0xee, 0xe2, 0x0, 0x1,
    0x8c, 0xba, 0xc8, 0x10, 0x0, 0x5, 0xad, 0x70,
    0x87, 0x7, 0xea, 0x50, 0x2a, 0x40, 0x0, 0x87,
    0x0, 0x5, 0xa2,

    /* U+6979 "楹" */
    0x0, 0x68, 0x0, 0x0, 0x0, 0x0, 0x0, 0x0,
    0x68, 0xa, 0xfe, 0xdd, 0xf1, 0x0, 0x0, 0x68,
    0x0, 0xb3, 0x0, 0xfa, 0xa3, 0x3e, 0xef, 0xe1,
    0xdb, 0xaa, 0x80, 0xb3, 0x0, 0xaa, 0x0, 0xd5,
    0x17, 0x70, 0xc2, 0x0, 0xef, 0x26, 0x98, 0xce,
    0x0, 0xe1, 0x2, 0xfb, 0xcd, 0x38, 0xdc, 0x76,
    0xe0, 0x8, 0xa8, 0x75, 0x56, 0x0, 0x38, 0x30,
    0xd, 0x68, 0x7, 0xdd, 0xdd, 0xdd, 0xc0, 0x67,
    0x68, 0x8, 0x37, 0x61, 0xa1, 0xd0, 0x11, 0x68,
    0x8, 0x37, 0x61, 0xa1, 0xd0, 0x0, 0x68, 0x8,
    0x48, 0x71, 0xb1, 0xe0, 0x0, 0x68, 0x6d, 0xdd,
    0xdd, 0xdd, 0xd9,

    /* U+697C "楼" */
    0x0, 0x68, 0x0, 0x50, 0x1e, 0x2, 0x60, 0x0,
    0x68, 0x0, 0xa6, 0x1e, 0xa, 0x60, 0x0, 0x78,
    0x0, 0x29, 0x1e, 0xa, 0x0, 0x1f, 0xff, 0xe8,
    0xee, 0xff, 0xfe, 0xe4, 0x0, 0xaa, 0x0, 0x9,
    0xbf, 0xb7, 0x0, 0x0, 0xef, 0x46, 0xd7, 0x1e,
    0x8, 0xd4, 0x3, 0xfa, 0xd4, 0x20, 0x68, 0x0,
    0x21, 0x8, 0xa8, 0x50, 0x0, 0xf2, 0x0, 0x0,
    0xd, 0x68, 0xc, 0xef, 0xfe, 0xef, 0xe7, 0x57,
    0x68, 0x0, 0x2e, 0x10, 0x8b, 0x0, 0x0, 0x68,
    0x0, 0x7e, 0x97, 0xe2, 0x0, 0x0, 0x68, 0x0,
    0x15, 0xed, 0xe8, 0x10, 0x0, 0x68, 0xc, 0xc8,
    0x30, 0x17, 0xc0,

    /* U+69CB "構" */
    0x0, 0x1d, 0x0, 0xd, 0x10, 0x2c, 0x0, 0x0,
    0x1d, 0x3, 0xbf, 0xcb, 0xcf, 0xb6, 0x0, 0x1d,
    0x0, 0x1d, 0x31, 0x3d, 0x10, 0xb, 0xcf, 0xb5,
    0xcf, 0xcc, 0xcf, 0xc4, 0x5, 0x8e, 0x52, 0xd,
    0x10, 0x2c, 0x0, 0x0, 0x9e, 0x7, 0xcc, 0xdf,
    0xcc, 0xca, 0x0, 0xef, 0xa0, 0x66, 0x8f, 0x66,
    0x60, 0x4, 0xbd, 0x94, 0xe4, 0x6f, 0x54, 0xe1,
    0xb, 0x5d, 0x11, 0xeb, 0xcf, 0xcb, 0xf1, 0x3b,
    0x1d, 0x0, 0xd0, 0x2f, 0x0, 0xd1, 0x1, 0x1d,
    0xa, 0xfd, 0xdd, 0xdd, 0xfd, 0x0, 0x1d, 0x0,
    0xd0, 0x0, 0x0, 0xe1, 0x0, 0x1d, 0x0, 0xd0,
    0x0, 0x6d, 0xd0,

    /* U+69DB "槛" */
    0x0, 0xd1, 0x0, 0x1c, 0x5, 0x80, 0x0, 0x0,
    0xd1, 0xd, 0x1c, 0x9, 0x70, 0x0, 0x0, 0xd2,
    0xd, 0x1c, 0xe, 0xcb, 0xb1, 0x6e, 0xff, 0x5d,
    0x1c, 0x4d, 0x22, 0x20, 0x0, 0xf2, 0xd, 0x1c,
    0xc7, 0xa1, 0x0, 0x4, 0xfb, 0xd, 0x1c, 0x80,
    0x3c, 0x20, 0x8, 0xfc, 0x63, 0x6, 0x0, 0x2,
    0x10, 0xa, 0xd5, 0x42, 0x22, 0x22, 0x22, 0x10,
    0x48, 0xd2, 0xf, 0xae, 0xae, 0xbd, 0x60, 0x82,
    0xd1, 0xe, 0xc, 0xa, 0x28, 0x60, 0x0, 0xd1,
    0xe, 0xc, 0xa, 0x28, 0x60, 0x0, 0xd1, 0xe,
    0xc, 0xa, 0x28, 0x60, 0x0, 0xd1, 0xef, 0xff,
    0xff, 0xff, 0xf2,

    /* U+6A02 "樂" */
    0x0, 0x0, 0x0, 0x0, 0x0, 0x0, 0x0, 0x0,
    0x47, 0x0, 0x59, 0x0, 0x2a, 0x0, 0x0, 0xa3,
    0x26, 0xcc, 0xa0, 0x86, 0x0, 0x1, 0xb2, 0xba,
    0x62, 0xe1, 0xc0, 0xc1, 0xb, 0xcd, 0x29, 0x40,
    0xe8, 0xca, 0x80, 0x4, 0x88, 0x9, 0xdc, 0xf6,
    0x7d, 0x0, 0x1, 0xb1, 0xb9, 0x40, 0xe0, 0xa3,
    0xa0, 0xb, 0xca, 0xd9, 0xdd, 0xe7, 0xeb, 0xd3,
    0x0, 0x0, 0x10, 0x49, 0x0, 0x0, 0x11, 0x1e,
    0xee, 0xee, 0xef, 0xee, 0xee, 0xe6, 0x0, 0x0,
    0x1b, 0xdd, 0xc5, 0x0, 0x0, 0x0, 0x6, 0xd5,
    0x5b, 0x1a, 0xb3, 0x0, 0x9, 0xe9, 0x10, 0x5b,
    0x0, 0x4c, 0xd5, 0x5, 0x10, 0x0, 0x5b, 0x0,
    0x0, 0x32,

    /* U+6A13 "樓" */
    0x0, 0x49, 0x0, 0x0, 0x1e, 0x0, 0x0, 0x0,
    0x49, 0x0, 0xfb, 0xbf, 0xbb, 0xd0, 0x1, 0x6a,
    0x17, 0xf7, 0x8f, 0x78, 0xe5, 0x1e, 0xff, 0xb3,
    0xe3, 0x4e, 0x34, 0xe2, 0x0, 0x9a, 0x0, 0xcb,
    0xbf, 0xbb, 0xa0, 0x0, 0xdf, 0x32, 0x77, 0x8f,
    0x77, 0x71, 0x2, 0xeb, 0xd5, 0xa3, 0x4e, 0x33,
    0xd2, 0x8, 0x99, 0x74, 0xcb, 0xec, 0xbb, 0xc1,
    0xd, 0x59, 0x2, 0x25, 0xd2, 0x22, 0x21, 0x58,
    0x49, 0x1b, 0xbf, 0xbb, 0xbf, 0xb8, 0x1, 0x49,
    0x0, 0x9b, 0x10, 0x89, 0x0, 0x0, 0x49, 0x0,
    0x37, 0xee, 0xf6, 0x0, 0x0, 0x49, 0xb, 0xbb,
    0x72, 0x38, 0xd1, 0x0, 0x0, 0x0, 0x0, 0x0,
    0x0, 0x0,

    /* U+6A2A "横" */
    0x0, 0x1d, 0x0, 0xc, 0x20, 0x2d, 0x0, 0x0,
    0x1, 0xd0, 0x3a, 0xfb, 0xab, 0xfa, 0x60, 0x0,
    0x1d, 0x0, 0x2d, 0x52, 0x4d, 0x21, 0x0, 0xbc,
    0xfb, 0x60, 0xc2, 0x2, 0xd0, 0x0, 0x6, 0x9e,
    0x6b, 0xee, 0xef, 0xee, 0xec, 0x0, 0x8, 0xe0,
    0x0, 0x2, 0xf1, 0x0, 0x0, 0x0, 0xdf, 0x91,
    0xeb, 0xcf, 0xbb, 0xe5, 0x0, 0x3b, 0xdb, 0x5c,
    0x3, 0xf1, 0xa, 0x50, 0xa, 0x5d, 0x24, 0xea,
    0xbf, 0xaa, 0xe5, 0x3, 0xc2, 0xd0, 0x1c, 0x13,
    0xf1, 0x1a, 0x50, 0x13, 0x1d, 0x1, 0xaa, 0xaa,
    0xaa, 0xa3, 0x0, 0x1, 0xd0, 0x5, 0xd2, 0x2,
    0xd6, 0x0, 0x0, 0x1d, 0xa, 0x81, 0x0, 0x1,
    0x9a, 0x0, 0x0, 0x0, 0x0, 0x0, 0x0, 0x0,
    0x0,

    /* U+6A39 "樹" */
    0x0, 0x0, 0x0, 0x0, 0x0, 0x0, 0x0, 0x0,
    0x67, 0x0, 0x1d, 0x0, 0x2, 0xe0, 0x0, 0x67,
    0x1, 0x3e, 0x11, 0x2, 0xe0, 0x0, 0x67, 0x3b,
    0xcf, 0xba, 0x2, 0xe0, 0x9, 0xcc, 0x73, 0x4e,
    0x32, 0x79, 0xf6, 0x3, 0xb9, 0x28, 0x88, 0x85,
    0x57, 0xe4, 0x0, 0xdc, 0xa, 0xcc, 0xc6, 0x42,
    0xe0, 0x1, 0xfe, 0x4c, 0x20, 0x77, 0xd2, 0xe0,
    0x6, 0xc8, 0xbc, 0x20, 0x77, 0xd4, 0xe0, 0xc,
    0x77, 0x29, 0xbb, 0xc5, 0xb7, 0xe0, 0x39, 0x67,
    0x6, 0x70, 0xb3, 0x44, 0xe0, 0x1, 0x67, 0x3,
    0xd2, 0xd0, 0x2, 0xe0, 0x0, 0x67, 0x15, 0x9b,
    0xe9, 0x3, 0xe0, 0x0, 0x67, 0x49, 0x63, 0x0,
    0xce, 0x80,

    /* U+6A50 "橐" */
    0x0, 0x0, 0x0, 0x88, 0x0, 0x0, 0x0, 0x9,
    0xaa, 0xaa, 0xdd, 0xaa, 0xaa, 0xa0, 0x0, 0x3b,
    0x99, 0xcc, 0x99, 0xa7, 0x0, 0x0, 0x4b, 0x88,
    0xcc, 0x88, 0xa7, 0x0, 0xa, 0xaa, 0xaa, 0xdd,
    0xaa, 0xaa, 0xa0, 0xf, 0x16, 0x66, 0x66, 0x66,
    0x62, 0xf0, 0x6, 0x16, 0xe8, 0x55, 0x55, 0x51,
    0x60, 0x2, 0x8e, 0xe9, 0x99, 0x99, 0xf1, 0x0,
    0x3, 0x32, 0x97, 0xaa, 0x77, 0xa0, 0x0, 0x2c,
    0xcc, 0xcc, 0xee, 0xcc, 0xcc, 0xc2, 0x0, 0x1,
    0x8c, 0xbb, 0xc7, 0x0, 0x0, 0x4, 0x9d, 0x70,
    0x87, 0x8, 0xe9, 0x40, 0x2b, 0x50, 0x0, 0x87,
    0x0, 0x5, 0xb2,

    /* U+6A80 "檀" */
    0x0, 0x0, 0x0, 0x0, 0x0, 0x0, 0x0, 0x0,
    0x77, 0x0, 0x0, 0xa6, 0x0, 0x0, 0x0, 0x77,
    0x1b, 0xbb, 0xde, 0xbb, 0xb6, 0x0, 0x77, 0x3,
    0x55, 0x55, 0x55, 0x40, 0x1e, 0xff, 0xa9, 0xa8,
    0x88, 0x88, 0xe0, 0x2, 0xb9, 0x29, 0x4a, 0x88,
    0xc0, 0xe0, 0x0, 0xde, 0x19, 0x49, 0x77, 0xb0,
    0xe0, 0x1, 0xfb, 0xa9, 0xca, 0xaa, 0xaa, 0xe0,
    0x6, 0xd7, 0x51, 0x55, 0x55, 0x55, 0x20, 0xb,
    0x97, 0x2, 0xd6, 0x66, 0x6b, 0x70, 0x3b, 0x77,
    0x2, 0xe9, 0x99, 0x9d, 0x70, 0x3, 0x77, 0x2,
    0xc1, 0x11, 0x19, 0x70, 0x0, 0x77, 0x1, 0x88,
    0x88, 0x88, 0x40, 0x0, 0x77, 0x7d, 0xdd, 0xdd,
    0xdd, 0xd8,

    /* U+6ABB "檻" */
    0x0, 0x58, 0x0, 0x0, 0x0, 0x65, 0x0, 0x0,
    0x58, 0xc, 0xdf, 0xd4, 0xb5, 0x0, 0x4, 0x8a,
    0x3c, 0x9e, 0x91, 0xfe, 0xe7, 0x1b, 0xdd, 0x9c,
    0x21, 0xb8, 0xa1, 0x0, 0x0, 0xa9, 0xc, 0xbb,
    0xee, 0x4d, 0x0, 0x0, 0xef, 0x1c, 0xc, 0x6,
    0x8, 0x90, 0x2, 0xdc, 0x9c, 0xbe, 0xa5, 0x0,
    0x90, 0x8, 0x98, 0x92, 0x33, 0x31, 0x0, 0x0,
    0xd, 0x58, 0x2, 0xfe, 0xfd, 0xfd, 0xe0, 0x18,
    0x58, 0x2, 0xa1, 0xa0, 0xb0, 0xe0, 0x0, 0x58,
    0x2, 0xa1, 0xa0, 0xb0, 0xe0, 0x0, 0x58, 0x2,
    0xa1, 0xa0, 0xb0, 0xe0, 0x0, 0x58, 0x6e, 0xfe,
    0xfe, 0xfe, 0xf9,

    /* U+6B21 "次" */
    0x0, 0x0, 0x0, 0x52, 0x0, 0x0, 0x0, 0x5,
    0x0, 0x0, 0xe4, 0x0, 0x0, 0x0, 0xa, 0xe3,
    0x3, 0xf2, 0x22, 0x22, 0x10, 0x0, 0x5d, 0x8,
    0xfd, 0xdd, 0xde, 0xe0, 0x0, 0x0, 0xe, 0x40,
    0x60, 0x7, 0x90, 0x0, 0x0, 0x7d, 0x0, 0xf1,
    0xd, 0x40, 0x0, 0x0, 0x73, 0x1, 0xf1, 0x2b,
    0x0, 0x0, 0xc, 0x10, 0x4, 0xf6, 0x0, 0x0,
    0x0, 0x8c, 0x0, 0x9, 0xeb, 0x0, 0x0, 0x3,
    0xf2, 0x0, 0x1f, 0x4c, 0x30, 0x0, 0xd, 0x70,
    0x0, 0xca, 0x3, 0xd1, 0x0, 0x2a, 0x0, 0x1c,
    0xb0, 0x0, 0x9d, 0x30, 0x0, 0x4, 0xf9, 0x0,
    0x0, 0x7, 0xf3, 0x0, 0x0, 0x20, 0x0, 0x0,
    0x0, 0x10,

    /* U+6B22 "欢" */
    0x0, 0x0, 0x0, 0x5, 0x90, 0x0, 0x0, 0x15,
    0x55, 0x55, 0x9, 0x70, 0x0, 0x0, 0x29, 0x99,
    0x9e, 0xc, 0xed, 0xdd, 0xd3, 0x3, 0x0, 0x4b,
    0x2e, 0x12, 0x11, 0xf0, 0xd, 0x40, 0x98, 0x99,
    0x1e, 0x4, 0xb0, 0x3, 0xe1, 0xd4, 0x82, 0x1e,
    0x1, 0x20, 0x0, 0x8c, 0xe0, 0x0, 0x2f, 0x0,
    0x0, 0x0, 0xd, 0x90, 0x0, 0x6f, 0x40, 0x0,
    0x0, 0x3f, 0xe0, 0x0, 0xbb, 0xa0, 0x0, 0x0,
    0xd6, 0xa7, 0x4, 0xe1, 0xd2, 0x0, 0x1c, 0xa0,
    0x25, 0x1d, 0x60, 0x6c, 0x0, 0x49, 0x0, 0x2,
    0xd8, 0x0, 0xb, 0xc2, 0x0, 0x0, 0x8, 0x60,
    0x0, 0x0, 0x94,

    /* U+6B32 "欲" */
    0x0, 0x0, 0x1, 0x0, 0x33, 0x0, 0x0, 0x0,
    0x97, 0xd, 0x40, 0x96, 0x0, 0x0, 0x4, 0xd0,
    0x2, 0xe2, 0xd5, 0x22, 0x20, 0x1e, 0x23, 0x80,
    0x46, 0xfd, 0xdd, 0xe8, 0x1, 0xd, 0xe5, 0x9,
    0x82, 0xb0, 0xa4, 0x0, 0x7a, 0x1c, 0x6d, 0x14,
    0xb0, 0xd0, 0x8, 0xc0, 0x1, 0xd4, 0x5, 0xb0,
    0x20, 0x3d, 0xed, 0xdd, 0xc3, 0x8, 0xe0, 0x0,
    0x1, 0xe1, 0x15, 0xc0, 0xc, 0xd3, 0x0, 0x1,
    0xe0, 0x3, 0xc0, 0x1d, 0x59, 0x0, 0x1, 0xe0,
    0x3, 0xc0, 0x87, 0xe, 0x20, 0x1, 0xff, 0xff,
    0xc5, 0xe1, 0x6, 0xd1, 0x1, 0xe0, 0x0, 0xc,
    0x30, 0x0, 0xa5, 0x0, 0x0, 0x0, 0x0, 0x0,
    0x0, 0x0,

    /* U+6B3B "欻" */
    0x0, 0x0, 0x0, 0x0, 0x0, 0x0, 0x0, 0x0,
    0x3, 0xc0, 0x0, 0xe, 0x0, 0x0, 0x2, 0xa4,
    0xa0, 0xd1, 0x3c, 0x0, 0x0, 0x8, 0x67, 0x88,
    0x80, 0x7e, 0xbb, 0xb8, 0x6, 0xc, 0xb4, 0x0,
    0xc6, 0x33, 0x79, 0x0, 0x7c, 0x7e, 0x34, 0xe0,
    0xd0, 0x85, 0xa, 0xc2, 0x23, 0xb8, 0x60, 0xe0,
    0xb1, 0x3, 0x4, 0xa0, 0x10, 0x1, 0xf0, 0x0,
    0x4, 0x95, 0x90, 0xd2, 0x3, 0xf2, 0x0, 0xa,
    0x58, 0x77, 0x90, 0x7, 0xd7, 0x0, 0x8, 0xc,
    0xd4, 0x0, 0xe, 0x2c, 0x0, 0x0, 0x5c, 0x5e,
    0x40, 0x7b, 0x8, 0x70, 0x6, 0xe3, 0x3, 0xa6,
    0xe1, 0x0, 0xc5, 0x1a, 0x10, 0x0, 0xb, 0x30,
    0x0, 0x18,

    /* U+6B4E "歎" */
    0x0, 0x0, 0x0, 0x0, 0x0, 0x0, 0x0, 0x0,
    0xb, 0x30, 0xd2, 0x2, 0xe0, 0x0, 0x0, 0x2c,
    0xed, 0xcf, 0xc7, 0x6b, 0x0, 0x0, 0x0, 0xb,
    0x41, 0xd2, 0xa, 0xec, 0xcc, 0xa0, 0x0, 0x6a,
    0xd8, 0x10, 0xe5, 0x33, 0x7a, 0x0, 0x7b, 0xce,
    0xbb, 0x7c, 0x1d, 0x8, 0x60, 0x9, 0x44, 0xa0,
    0xed, 0x41, 0xe0, 0xc1, 0x0, 0x9c, 0xce, 0xbf,
    0x10, 0x2e, 0x0, 0x0, 0x2, 0x47, 0xb4, 0x40,
    0x5, 0xf2, 0x0, 0x0, 0x46, 0xab, 0x66, 0x0,
    0x9e, 0x70, 0x0, 0x2c, 0xce, 0xec, 0xc5, 0x1e,
    0x3d, 0x0, 0x0, 0x2, 0xeb, 0x30, 0x9, 0xa0,
    0x97, 0x0, 0x3, 0xd4, 0x3c, 0x97, 0xe1, 0x1,
    0xd5, 0x0, 0xc4, 0x0, 0x3, 0xc2, 0x0, 0x1,
    0xa0, 0x0, 0x0, 0x0, 0x0, 0x0, 0x0, 0x0,
    0x0,

    /* U+6B61 "歡" */
    0x0, 0x0, 0x0, 0x0, 0x0, 0x0, 0x0, 0x0,
    0xa4, 0xa, 0x40, 0xd, 0x0, 0x0, 0x3c, 0xed,
    0xce, 0xdb, 0x2c, 0x0, 0x0, 0x0, 0x52, 0x5,
    0x10, 0x5e, 0xbb, 0xc5, 0xc, 0x9c, 0x5b, 0xb5,
    0xa9, 0x77, 0xc5, 0xb, 0xb, 0x55, 0x57, 0xf1,
    0x90, 0xb1, 0x8, 0xc9, 0x59, 0x9a, 0x90, 0xe0,
    0xc0, 0x1, 0xe4, 0xc6, 0x42, 0x0, 0xe0, 0x20,
    0xa, 0xc7, 0xca, 0x73, 0x2, 0xf1, 0x0, 0x5d,
    0xeb, 0xdd, 0xb2, 0x5, 0xf5, 0x0, 0x4, 0xa2,
    0x97, 0x21, 0xb, 0x7a, 0x0, 0x3, 0xc7, 0xca,
    0x72, 0x3e, 0xc, 0x30, 0x3, 0xd9, 0xdb, 0x96,
    0xe4, 0x3, 0xd1, 0x3, 0xa2, 0x22, 0x26, 0x80,
    0x0, 0x74, 0x0, 0x0, 0x0, 0x0, 0x0, 0x0,
    0x0,

    /* U+6B62 "止" */
    0x0, 0x0, 0x0, 0x1f, 0x0, 0x0, 0x0, 0x0,
    0x0, 0x0, 0x1f, 0x0, 0x0, 0x0, 0x0, 0x0,
    0x0, 0x1f, 0x0, 0x0, 0x0, 0x0, 0x78, 0x0,
    0x1f, 0x0, 0x0, 0x0, 0x0, 0x88, 0x0, 0x1f,
    0x0, 0x0, 0x0, 0x0, 0x88, 0x0, 0x1f, 0xff,
    0xff, 0xa0, 0x0, 0x88, 0x0, 0x1f, 0x0, 0x0,
    0x0, 0x0, 0x88, 0x0, 0x1f, 0x0, 0x0, 0x0,
    0x0, 0x88, 0x0, 0x1f, 0x0, 0x0, 0x0, 0x0,
    0x88, 0x0, 0x1f, 0x0, 0x0, 0x0, 0x0, 0x88,
    0x0, 0x1f, 0x0, 0x0, 0x0, 0x6d, 0xee, 0xdd,
    0xdf, 0xdd, 0xdd, 0xd1, 0x13, 0x33, 0x33, 0x33,
    0x33, 0x33, 0x30,

    /* U+6B63 "正" */
    0x8, 0xff, 0xff, 0xff, 0xff, 0xff, 0xe0, 0x0,
    0x11, 0x11, 0x2f, 0x11, 0x11, 0x10, 0x0, 0x0,
    0x0, 0x1f, 0x0, 0x0, 0x0, 0x0, 0x14, 0x0,
    0x1f, 0x0, 0x0, 0x0, 0x0, 0x3d, 0x0, 0x1f,
    0x0, 0x0, 0x0, 0x0, 0x3d, 0x0, 0x1f, 0xff,
    0xff, 0x40, 0x0, 0x3d, 0x0, 0x1f, 0x0, 0x0,
    0x0, 0x0, 0x3d, 0x0, 0x1f, 0x0, 0x0, 0x0,
    0x0, 0x3d, 0x0, 0x1f, 0x0, 0x0, 0x0, 0x0,
    0x3d, 0x0, 0x1f, 0x0, 0x0, 0x0, 0xb, 0xcf,
    0xbb, 0xcf, 0xbb, 0xbb, 0xb5, 0x4, 0x44, 0x44,
    0x44, 0x44, 0x44, 0x42,

    /* U+6B64 "此" */
    0x0, 0x0, 0x4c, 0x0, 0xe2, 0x0, 0x0, 0x0,
    0x0, 0x4c, 0x0, 0xe2, 0x0, 0x0, 0x0, 0x0,
    0x4c, 0x0, 0xe2, 0x0, 0x0, 0x1, 0xc0, 0x4c,
    0x0, 0xe2, 0x0, 0x60, 0x1, 0xe0, 0x4d, 0x32,
    0xe2, 0x3d, 0xd1, 0x1, 0xe0, 0x4f, 0xca, 0xeb,
    0xe7, 0x0, 0x1, 0xe0, 0x4c, 0x0, 0xe8, 0x0,
    0x0, 0x1, 0xe0, 0x4c, 0x0, 0xe2, 0x0, 0x0,
    0x1, 0xe0, 0x4c, 0x0, 0xe2, 0x0, 0x0, 0x1,
    0xe0, 0x4c, 0x0, 0xe2, 0x0, 0x14, 0x1, 0xe0,
    0x4c, 0x1, 0xe2, 0x0, 0x4b, 0x3, 0xf6, 0xaf,
    0xec, 0xd6, 0x22, 0x89, 0x2f, 0xda, 0x74, 0x20,
    0x6d, 0xdd, 0xc2, 0x0, 0x0, 0x0, 0x0, 0x0,
    0x0, 0x0,

    /* U+6B66 "武" */
    0x0, 0x0, 0x0, 0x0, 0xa6, 0x42, 0x0, 0x0,
    0xef, 0xff, 0xf3, 0x97, 0x5e, 0x30, 0x0, 0x0,
    0x0, 0x0, 0x97, 0x5, 0xd0, 0x1, 0x11, 0x11,
    0x11, 0xa8, 0x11, 0x20, 0x1d, 0xdd, 0xdd, 0xdd,
    0xee, 0xdd, 0xd5, 0x0, 0x0, 0x46, 0x0, 0x69,
    0x0, 0x0, 0x0, 0xb0, 0x69, 0x0, 0x4b, 0x0,
    0x0, 0x0, 0xe0, 0x6f, 0xed, 0x2d, 0x0, 0x0,
    0x0, 0xe0, 0x69, 0x0, 0xf, 0x10, 0x0, 0x0,
    0xe0, 0x69, 0x0, 0xb, 0x50, 0x22, 0x0, 0xe0,
    0x69, 0x36, 0x27, 0xb0, 0x59, 0x5, 0xfb, 0xee,
    0xc8, 0x21, 0xe5, 0x87, 0xa, 0x75, 0x20, 0x0,
    0x0, 0x4d, 0xd1,

    /* U+6B72 "歲" */
    0x0, 0x0, 0x0, 0x5a, 0x0, 0x0, 0x0, 0x0,
    0xe, 0x10, 0x5d, 0x77, 0x77, 0x0, 0x0, 0xe,
    0x10, 0x5b, 0x22, 0x22, 0x0, 0x2d, 0xdf, 0xdd,
    0xef, 0xdd, 0xdd, 0xd2, 0x0, 0x0, 0x0, 0x0,
    0xd3, 0xc8, 0x10, 0x3, 0x99, 0x99, 0x99, 0xea,
    0xad, 0x90, 0x5, 0xc5, 0x55, 0x55, 0xc9, 0x55,
    0x50, 0x5, 0x99, 0xcc, 0xc9, 0x78, 0x1c, 0x0,
    0x6, 0x82, 0x2d, 0x3, 0x4b, 0x87, 0x0, 0x7,
    0x7b, 0x3d, 0x3a, 0xe, 0xd0, 0x0, 0xa, 0x7b,
    0xc, 0xc2, 0x2e, 0x70, 0x51, 0xe, 0x10, 0x4c,
    0x35, 0xe8, 0xe2, 0xa2, 0x4a, 0xb, 0x81, 0x2d,
    0x30, 0x5d, 0xc0, 0x0, 0x0, 0x0, 0x0, 0x0,
    0x0, 0x0,

    /* U+6B78 "歸" */
    0x0, 0xb, 0x10, 0x0, 0x0, 0x0, 0x0, 0x7,
    0xad, 0x85, 0x3c, 0xcc, 0xcd, 0xc0, 0xe, 0x11,
    0x59, 0xa, 0xaa, 0xab, 0xc0, 0xe, 0xee, 0xe9,
    0x1, 0x11, 0x14, 0xc0, 0xe, 0x0, 0x0, 0x3d,
    0xdd, 0xdd, 0xc0, 0xe, 0xcc, 0xda, 0x34, 0x44,
    0x44, 0x41, 0xe, 0x0, 0x3a, 0xe9, 0x9f, 0xa9,
    0xc6, 0xb, 0xcf, 0xc8, 0xc0, 0xe, 0x10, 0x75,
    0x4, 0xe, 0x21, 0x1f, 0xdf, 0xee, 0xb0, 0xd,
    0xf, 0xb9, 0x1b, 0xe, 0x13, 0xb0, 0xd, 0xe,
    0x36, 0x1b, 0xe, 0x14, 0xb0, 0x6f, 0xed, 0xa7,
    0x18, 0xe, 0x3b, 0x50, 0x22, 0x0, 0x0, 0x0,
    0xe, 0x10, 0x0,

    /* U+6B8A "殊" */
    0x0, 0x0, 0x0, 0x0, 0xe, 0x10, 0x0, 0x3f,
    0xff, 0xff, 0x3d, 0xe, 0x10, 0x0, 0x0, 0xa4,
    0x0, 0x4c, 0xe, 0x10, 0x0, 0x0, 0xf1, 0x0,
    0x9f, 0xff, 0xff, 0xd0, 0x3, 0xfe, 0xfc, 0xe2,
    0xe, 0x10, 0x0, 0xa, 0x70, 0x6b, 0x50, 0xe,
    0x10, 0x0, 0x3f, 0x71, 0xa8, 0xff, 0xff, 0xff,
    0xf5, 0x56, 0x8e, 0xe1, 0x0, 0xcf, 0xd0, 0x0,
    0x0, 0x7, 0xb0, 0x8, 0xae, 0x88, 0x0, 0x0,
    0xd, 0x40, 0x5d, 0xe, 0x1d, 0x50, 0x0, 0x8b,
    0x8, 0xe2, 0xe, 0x12, 0xe5, 0x8, 0xe1, 0xa,
    0x10, 0xe, 0x10, 0x33, 0xa, 0x10, 0x0, 0x0,
    0xe, 0x10, 0x0,

    /* U+6BCD "母" */
    0x0, 0xe, 0xff, 0xff, 0xff, 0xfd, 0x0, 0x0,
    0xf, 0x1, 0x50, 0x0, 0x3d, 0x0, 0x0, 0x2e,
    0x1, 0x9d, 0x30, 0x4c, 0x0, 0x0, 0x4c, 0x0,
    0x3, 0x60, 0x5b, 0x0, 0x2e, 0xff, 0xee, 0xee,
    0xee, 0xff, 0xe2, 0x1, 0xa7, 0x13, 0x11, 0x11,
    0x8a, 0x10, 0x0, 0xc4, 0x9, 0xc2, 0x0, 0x88,
    0x0, 0x0, 0xe2, 0x0, 0x5e, 0x40, 0x97, 0x0,
    0x1, 0xf1, 0x0, 0x4, 0x30, 0xb6, 0x0, 0x3,
    0xee, 0xee, 0xee, 0xee, 0xfe, 0xb0, 0x0, 0x0,
    0x0, 0x0, 0x3, 0xf0, 0x0, 0x0, 0x0, 0x0,
    0xc, 0xee, 0x70, 0x0, 0x0, 0x0, 0x0, 0x0,
    0x0, 0x0, 0x0,

    /* U+6BCF "每" */
    0x0, 0x1, 0x70, 0x0, 0x0, 0x0, 0x0, 0x0,
    0xa, 0xb1, 0x11, 0x11, 0x11, 0x10, 0x0, 0x3f,
    0xdd, 0xdd, 0xdd, 0xdd, 0xd2, 0x1, 0xe6, 0x0,
    0x0, 0x0, 0x0, 0x0, 0xd, 0xab, 0xfe, 0xfe,
    0xee, 0xfc, 0x0, 0x4, 0xd, 0x31, 0xc6, 0x0,
    0x4b, 0x0, 0x0, 0xf, 0x10, 0x9, 0x80, 0x5b,
    0x0, 0x2f, 0xff, 0xee, 0xee, 0xee, 0xff, 0xfa,
    0x0, 0x4c, 0x5, 0xb2, 0x0, 0x79, 0x0, 0x0,
    0x69, 0x0, 0x3c, 0x40, 0x88, 0x0, 0x0, 0x9f,
    0xdd, 0xde, 0xed, 0xfe, 0xd2, 0x0, 0x0, 0x0,
    0x0, 0x1, 0xd4, 0x0, 0x0, 0x0, 0x0, 0x0,
    0xcd, 0xc0, 0x0, 0x0, 0x0, 0x0, 0x0, 0x0,
    0x0, 0x0,

    /* U+6BD4 "比" */
    0x0, 0x0, 0x0, 0x0, 0x0, 0x0, 0x2, 0xe0,
    0x0, 0x4, 0xc0, 0x0, 0x0, 0x2e, 0x0, 0x0,
    0x4c, 0x0, 0x0, 0x2, 0xe0, 0x0, 0x4, 0xc0,
    0x0, 0x0, 0x2e, 0x0, 0x0, 0x4c, 0x0, 0x9b,
    0x2, 0xf3, 0x33, 0x14, 0xc0, 0x9e, 0x40, 0x2f,
    0xdd, 0xd5, 0x4d, 0xcc, 0x20, 0x2, 0xe0, 0x0,
    0x4, 0xf7, 0x0, 0x0, 0x2e, 0x0, 0x0, 0x4c,
    0x0, 0x0, 0x2, 0xe0, 0x0, 0x4, 0xc0, 0x0,
    0x10, 0x2e, 0x0, 0x0, 0x4c, 0x0, 0xd, 0x22,
    0xe0, 0x3, 0x24, 0xc0, 0x0, 0xe1, 0x4f, 0xae,
    0xd4, 0x4d, 0x0, 0x2e, 0x9, 0xe8, 0x30, 0x0,
    0xdf, 0xff, 0x70, 0x10, 0x0, 0x0, 0x0, 0x0,
    0x0, 0x0,

    /* U+6BEB "毫" */
    0x0, 0x0, 0x0, 0x75, 0x0, 0x0, 0x0, 0x9,
    0x99, 0x99, 0xbe, 0x99, 0x99, 0x93, 0x4, 0x44,
    0x44, 0x44, 0x44, 0x44, 0x41, 0x0, 0x1f, 0xaa,
    0xaa, 0xaa, 0xd9, 0x0, 0x0, 0x1e, 0x44, 0x44,
    0x44, 0xa9, 0x0, 0x0, 0x6, 0x66, 0x66, 0x66,
    0x63, 0x0, 0xc, 0xcc, 0xcc, 0xcc, 0xcc, 0xcc,
    0xd3, 0xd, 0x13, 0x45, 0x78, 0xab, 0x60, 0xb3,
    0x5, 0x6, 0x65, 0xd5, 0x22, 0x34, 0x31, 0x0,
    0xba, 0xaa, 0xfb, 0x87, 0x65, 0x0, 0x0, 0x1,
    0x23, 0xd9, 0x89, 0xab, 0xa0, 0x8, 0xba, 0x97,
    0xe7, 0x43, 0x21, 0x54, 0x0, 0x0, 0x0, 0x8d,
    0xcc, 0xcc, 0xe3,

    /* U+6C0F "氏" */
    0x0, 0x0, 0x0, 0x0, 0x2, 0x10, 0x0, 0x2,
    0x45, 0x79, 0xce, 0xe7, 0x0, 0xd, 0xdb, 0xa8,
    0xe6, 0x10, 0x0, 0x0, 0xd3, 0x0, 0xc, 0x40,
    0x0, 0x0, 0xd, 0x30, 0x0, 0xb5, 0x0, 0x0,
    0x0, 0xd4, 0x11, 0x1b, 0x71, 0x11, 0x10, 0xd,
    0xfe, 0xee, 0xff, 0xee, 0xee, 0x0, 0xd3, 0x0,
    0x5, 0xb0, 0x0, 0x0, 0xd, 0x30, 0x0, 0x2f,
    0x0, 0x0, 0x0, 0xd3, 0x0, 0x0, 0xd4, 0x0,
    0x0, 0xd, 0x30, 0x48, 0x16, 0xc0, 0xa, 0x11,
    0xfd, 0xfb, 0x60, 0xd, 0x92, 0xe0, 0x1a, 0x50,
    0x0, 0x0, 0x1a, 0xe9, 0x0,

    /* U+6C14 "气" */
    0x0, 0x4, 0x30, 0x0, 0x0, 0x0, 0x0, 0x0,
    0xe, 0x50, 0x0, 0x0, 0x0, 0x0, 0x0, 0x5f,
    0xee, 0xee, 0xee, 0xee, 0xe0, 0x0, 0xd5, 0x0,
    0x0, 0x0, 0x0, 0x0, 0xa, 0xb5, 0xdd, 0xdd,
    0xdd, 0xdc, 0x0, 0x5e, 0x20, 0x0, 0x0, 0x0,
    0x0, 0x0, 0x1, 0xcd, 0xdd, 0xdd, 0xde, 0xc0,
    0x0, 0x0, 0x0, 0x0, 0x0, 0x2, 0xd0, 0x0,
    0x0, 0x0, 0x0, 0x0, 0x1, 0xf0, 0x0, 0x0,
    0x0, 0x0, 0x0, 0x0, 0xf1, 0x0, 0x0, 0x0,
    0x0, 0x0, 0x0, 0xc5, 0x33, 0x0, 0x0, 0x0,
    0x0, 0x0, 0x7c, 0x76, 0x0, 0x0, 0x0, 0x0,
    0x0, 0xa, 0xe2,

    /* U+6C23 "氣" */
    0x0, 0x9, 0x70, 0x0, 0x0, 0x0, 0x0, 0x0,
    0x2f, 0xca, 0xaa, 0xaa, 0xaa, 0xa1, 0x0, 0xb8,
    0x22, 0x22, 0x22, 0x22, 0x20, 0xb, 0xc8, 0xee,
    0xee, 0xee, 0xed, 0x0, 0x3d, 0x10, 0x0, 0x0,
    0x0, 0x0, 0x0, 0x0, 0xdd, 0xdd, 0xdd, 0xdd,
    0xf3, 0x0, 0x0, 0x82, 0x1d, 0x5, 0x60, 0xe3,
    0x0, 0x0, 0x3c, 0x1d, 0x1d, 0x10, 0xe3, 0x0,
    0x9, 0xab, 0xaf, 0xab, 0xa5, 0xd4, 0x0, 0x2,
    0x36, 0xfe, 0x43, 0x31, 0xc5, 0x0, 0x0, 0x3d,
    0x4d, 0xaa, 0x10, 0x98, 0x27, 0x8, 0xe3, 0x1d,
    0x5, 0xd2, 0x5d, 0x58, 0x8, 0x10, 0x1d, 0x0,
    0x20, 0xa, 0xe3,

    /* U+6C34 "水" */
    0x0, 0x0, 0x0, 0x4c, 0x0, 0x0, 0x0, 0x0,
    0x0, 0x0, 0x4c, 0x0, 0x0, 0x0, 0x0, 0x0,
    0x0, 0x4c, 0x0, 0x0, 0x0, 0x1, 0x11, 0x10,
    0x4d, 0x0, 0xd, 0x50, 0xb, 0xff, 0xfc, 0x4f,
    0x30, 0xab, 0x0, 0x0, 0x0, 0x88, 0x4f, 0xb9,
    0xb0, 0x0, 0x0, 0x0, 0xd3, 0x4d, 0xbb, 0x0,
    0x0, 0x0, 0x5, 0xc0, 0x4c, 0x1d, 0x20, 0x0,
    0x0, 0xd, 0x50, 0x4c, 0x5, 0xe1, 0x0, 0x0,
    0xba, 0x0, 0x4c, 0x0, 0x8e, 0x40, 0xb, 0xc0,
    0x0, 0x4c, 0x0, 0x7, 0xf8, 0x6, 0x0, 0x1,
    0x7c, 0x0, 0x0, 0x32, 0x0, 0x0, 0x2f, 0xe7,
    0x0, 0x0, 0x0, 0x0, 0x0, 0x0, 0x0, 0x0,
    0x0, 0x0,

    /* U+6C38 "永" */
    0x0, 0x0, 0x89, 0x40, 0x0, 0x0, 0x0, 0x0,
    0x0, 0x27, 0xce, 0x92, 0x0, 0x0, 0x0, 0x0,
    0x0, 0x2, 0x98, 0x0, 0x0, 0x0, 0x2f, 0xff,
    0xfc, 0x0, 0x0, 0x0, 0x0, 0x0, 0x0, 0x5f,
    0x0, 0x3, 0xb0, 0x0, 0x0, 0x0, 0x4f, 0x50,
    0x2e, 0x70, 0xf, 0xff, 0xf8, 0x4f, 0xc4, 0xe5,
    0x0, 0x0, 0x0, 0xe3, 0x4d, 0xcd, 0x30, 0x0,
    0x0, 0x8, 0xc0, 0x4d, 0x2d, 0x20, 0x0, 0x0,
    0x3f, 0x30, 0x4d, 0x6, 0xd1, 0x0, 0x5, 0xf6,
    0x0, 0x4d, 0x0, 0x8f, 0x70, 0x1e, 0x60, 0x0,
    0x6d, 0x0, 0x4, 0xd6, 0x0, 0x0, 0x5f, 0xe7,
    0x0, 0x0, 0x0,

    /* U+6C42 "求" */
    0x0, 0x0, 0x0, 0x88, 0xb, 0x30, 0x0, 0x0,
    0x0, 0x0, 0x88, 0x5, 0xf7, 0x0, 0x2, 0x22,
    0x22, 0xa9, 0x22, 0x6b, 0x30, 0x1d, 0xdd, 0xdd,
    0xee, 0xdd, 0xdd, 0xd1, 0x0, 0x30, 0x0, 0x8c,
    0x0, 0x4, 0x10, 0x1, 0xd6, 0x0, 0x8f, 0x40,
    0x5e, 0x20, 0x0, 0x1e, 0x50, 0x8c, 0xc5, 0xe2,
    0x0, 0x0, 0x3, 0x50, 0xb8, 0xae, 0x20, 0x0,
    0x0, 0x0, 0x5d, 0xe8, 0x1d, 0x40, 0x0, 0x0,
    0x4d, 0xb2, 0x88, 0x4, 0xf4, 0x0, 0x2c, 0xd5,
    0x0, 0x88, 0x0, 0x4f, 0xa1, 0x6, 0x0, 0x11,
    0xa7, 0x0, 0x1, 0x92, 0x0, 0x0, 0xdf, 0xd3,
    0x0, 0x0, 0x0,

    /* U+6C49 "汉" */
    0x5, 0x60, 0x0, 0x0, 0x0, 0x0, 0x0, 0x2,
    0xad, 0x2e, 0xee, 0xee, 0xee, 0x80, 0x0, 0x4,
    0x14, 0xc1, 0x11, 0x19, 0x70, 0x0, 0x0, 0x0,
    0xe1, 0x0, 0xd, 0x40, 0x2b, 0x40, 0x0, 0xa5,
    0x0, 0x2e, 0x0, 0x4, 0xd7, 0x0, 0x5b, 0x0,
    0x79, 0x0, 0x0, 0x1, 0x0, 0xd, 0x30, 0xe3,
    0x0, 0x0, 0x3, 0x0, 0x6, 0xb8, 0xb0, 0x0,
    0x0, 0xd, 0x20, 0x0, 0xde, 0x10, 0x0, 0x0,
    0x7a, 0x0, 0x3, 0xee, 0x30, 0x0, 0x1, 0xe2,
    0x0, 0x5e, 0x45, 0xe3, 0x0, 0xb, 0x80, 0x4c,
    0xd3, 0x0, 0x4e, 0xa1, 0x6, 0x0, 0x96, 0x0,
    0x0, 0x1, 0x93,

    /* U+6C60 "池" */
    0x1, 0x70, 0x0, 0x0, 0x1e, 0x0, 0x0, 0x1,
    0x9e, 0x41, 0x40, 0x1e, 0x0, 0x0, 0x0, 0x4,
    0x33, 0xc0, 0x1e, 0x0, 0x30, 0x0, 0x0, 0x3,
    0xc0, 0x1f, 0x8e, 0xf1, 0xb, 0x40, 0x3, 0xd6,
    0xcf, 0x82, 0xf1, 0x4, 0xc9, 0x4b, 0xfa, 0x6e,
    0x0, 0xf0, 0x0, 0x1, 0x79, 0xc0, 0x1e, 0x0,
    0xf0, 0x0, 0x2, 0x3, 0xc0, 0x1e, 0x0, 0xf0,
    0x0, 0xb, 0x63, 0xc0, 0x1e, 0x5c, 0xb0, 0x0,
    0x3e, 0x3, 0xc0, 0x1a, 0x12, 0x10, 0x0, 0xc7,
    0x3, 0xc0, 0x0, 0x0, 0x59, 0x5, 0xe0, 0x2,
    0xe0, 0x0, 0x0, 0x97, 0x6, 0x50, 0x0, 0xaf,
    0xff, 0xff, 0xd1,

    /* U+6C88 "沈" */
    0x2, 0x70, 0x0, 0x0, 0xc4, 0x0, 0x0, 0x1,
    0xae, 0x30, 0x0, 0xc4, 0x0, 0x0, 0x0, 0x5,
    0x10, 0x0, 0xc4, 0x0, 0x0, 0x0, 0x0, 0x1f,
    0xee, 0xff, 0xee, 0xf1, 0x7, 0x10, 0x1e, 0x0,
    0xe2, 0x0, 0xe1, 0x7, 0xe6, 0x1d, 0x0, 0xf5,
    0x0, 0xd1, 0x0, 0x14, 0x0, 0x2, 0xfe, 0x0,
    0x0, 0x0, 0x0, 0x0, 0x6, 0xce, 0x0, 0x0,
    0x0, 0x9, 0x50, 0xb, 0x8e, 0x0, 0x0, 0x0,
    0x2e, 0x0, 0x3f, 0x2e, 0x0, 0x0, 0x0, 0xb7,
    0x0, 0xc8, 0x1e, 0x0, 0x76, 0x5, 0xd0, 0x1b,
    0xc0, 0x1f, 0x0, 0x95, 0x7, 0x50, 0xba, 0x0,
    0xc, 0xff, 0xe1, 0x0, 0x0, 0x0, 0x0, 0x0,
    0x0, 0x0,

    /* U+6C92 "沒" */
    0x1, 0x10, 0x0, 0x26, 0x0, 0x0, 0x0, 0x5,
    0xe8, 0x0, 0x6d, 0x33, 0x33, 0x20, 0x0, 0x1a,
    0x20, 0xad, 0xbb, 0xbd, 0x80, 0x0, 0x0, 0x0,
    0xe2, 0x0, 0xa, 0x60, 0x17, 0x10, 0x7, 0xb0,
    0x0, 0xc, 0x40, 0x19, 0xe5, 0x4e, 0x20, 0x19,
    0xaf, 0x10, 0x0, 0x32, 0x25, 0x0, 0x5, 0x52,
    0x0, 0x0, 0x0, 0xd, 0xfe, 0xee, 0xef, 0x60,
    0x0, 0xc, 0x10, 0xa6, 0x0, 0x4d, 0x0, 0x0,
    0x5c, 0x0, 0x1d, 0x32, 0xe4, 0x0, 0x0, 0xd4,
    0x0, 0x3, 0xee, 0x50, 0x0, 0x7, 0xc0, 0x0,
    0x5c, 0xcd, 0xc4, 0x0, 0xb, 0x30, 0x9f, 0xb4,
    0x0, 0x6d, 0xf3, 0x0, 0x0, 0x10, 0x0, 0x0,
    0x0, 0x20,

    /* U+6C96 "沖" */
    0x5, 0x91, 0x0, 0x0, 0x4c, 0x0, 0x0, 0x1,
    0x9e, 0x40, 0x0, 0x4c, 0x0, 0x0, 0x0, 0x4,
    0x10, 0x0, 0x4c, 0x0, 0x0, 0x0, 0x0, 0xf,
    0xff, 0xff, 0xff, 0xf7, 0x3c, 0x50, 0xf, 0x0,
    0x4c, 0x0, 0x87, 0x4, 0xc9, 0xf, 0x0, 0x4c,
    0x0, 0x87, 0x0, 0x0, 0xf, 0x0, 0x4c, 0x0,
    0x87, 0x0, 0x3, 0xf, 0xdd, 0xef, 0xdd, 0xe7,
    0x0, 0xd, 0x3f, 0x22, 0x6c, 0x22, 0x97, 0x0,
    0x6b, 0x2, 0x0, 0x4c, 0x0, 0x0, 0x1, 0xe3,
    0x0, 0x0, 0x4c, 0x0, 0x0, 0x9, 0xa0, 0x0,
    0x0, 0x4c, 0x0, 0x0, 0x7, 0x20, 0x0, 0x0,
    0x4c, 0x0, 0x0,

    /* U+6C99 "沙" */
    0x7, 0x91, 0x0, 0x0, 0xe2, 0x0, 0x0, 0x0,
    0x7e, 0x30, 0x0, 0xe2, 0x0, 0x0, 0x0, 0x2,
    0x3, 0x70, 0xe2, 0x4a, 0x0, 0x0, 0x0, 0x8,
    0x80, 0xe2, 0xd, 0x40, 0x4d, 0x50, 0xd, 0x40,
    0xe2, 0x5, 0xc0, 0x3, 0xd6, 0x3e, 0x0, 0xe2,
    0x0, 0xe3, 0x0, 0x0, 0xb7, 0x0, 0xe2, 0x7,
    0x50, 0x0, 0x5, 0x30, 0x0, 0xe2, 0x2e, 0x0,
    0x0, 0x2e, 0x10, 0x0, 0x61, 0xb7, 0x0, 0x0,
    0xa8, 0x0, 0x0, 0xb, 0xb0, 0x0, 0x4, 0xe1,
    0x0, 0x4, 0xdb, 0x0, 0x0, 0xd, 0x60, 0x38,
    0xce, 0x50, 0x0, 0x0, 0x4, 0x0, 0x79, 0x40,
    0x0, 0x0, 0x0,

    /* U+6CA1 "没" */
    0x1, 0x0, 0x0, 0x0, 0x0, 0x0, 0x0, 0x9,
    0xc3, 0x0, 0xef, 0xff, 0xe0, 0x0, 0x0, 0x4b,
    0x0, 0xf1, 0x1, 0xe0, 0x0, 0x0, 0x0, 0x2,
    0xe0, 0x1, 0xe0, 0x0, 0x59, 0x10, 0x1c, 0x70,
    0x0, 0xfa, 0xa2, 0x7, 0xe3, 0xb7, 0x0, 0x0,
    0x24, 0x40, 0x0, 0x10, 0x4c, 0xcc, 0xcc, 0xcc,
    0x10, 0x0, 0x3, 0x1a, 0xa2, 0x22, 0x8c, 0x0,
    0x0, 0x3d, 0x1, 0xe3, 0x2, 0xe3, 0x0, 0x0,
    0xc5, 0x0, 0x4e, 0x5e, 0x60, 0x0, 0x5, 0xd0,
    0x0, 0x1b, 0xfc, 0x10, 0x0, 0xe, 0x50, 0x59,
    0xfa, 0x4b, 0xf9, 0x40, 0x6, 0x2, 0xc7, 0x20,
    0x0, 0x38, 0xc1,

    /* U+6CA7 "沧" */
    0x1, 0x60, 0x0, 0x0, 0x96, 0x0, 0x0, 0x1,
    0xad, 0x20, 0x5, 0xfe, 0x10, 0x0, 0x0, 0x6,
    0x50, 0x1e, 0x57, 0xc0, 0x0, 0x0, 0x0, 0x3,
    0xe7, 0x0, 0xab, 0x0, 0x9, 0x30, 0x6f, 0x70,
    0x0, 0x9, 0xd3, 0x5, 0xe7, 0x98, 0xee, 0xee,
    0xec, 0x66, 0x0, 0x24, 0x3, 0xd0, 0x0, 0x4c,
    0x0, 0x0, 0x0, 0x3, 0xd0, 0x0, 0x4b, 0x0,
    0x0, 0x7, 0x73, 0xd0, 0x0, 0x79, 0x0, 0x0,
    0xe, 0x33, 0xd0, 0x8d, 0xc3, 0x0, 0x0, 0x8a,
    0x3, 0xd0, 0x0, 0x0, 0xc2, 0x2, 0xf2, 0x2,
    0xe0, 0x0, 0x1, 0xf1, 0x7, 0x80, 0x0, 0xbf,
    0xff, 0xff, 0x80, 0x0, 0x0, 0x0, 0x0, 0x0,
    0x0, 0x0,

    /* U+6CB3 "河" */
    0x7, 0x20, 0x0, 0x0, 0x0, 0x0, 0x0, 0x6,
    0xe9, 0xef, 0xff, 0xff, 0xff, 0xf4, 0x0, 0x16,
    0x0, 0x0, 0x0, 0xd, 0x20, 0x0, 0x0, 0x0,
    0x0, 0x0, 0xd, 0x20, 0x56, 0x0, 0xe, 0xee,
    0xe5, 0xd, 0x20, 0x2a, 0xd2, 0xf, 0x0, 0x95,
    0xd, 0x20, 0x0, 0x30, 0xe, 0x0, 0x95, 0xd,
    0x20, 0x0, 0x2, 0xe, 0x0, 0x95, 0xd, 0x20,
    0x0, 0x3e, 0xf, 0xff, 0xf5, 0xd, 0x20, 0x0,
    0xb6, 0xe, 0x0, 0x0, 0xd, 0x20, 0x5, 0xd0,
    0x2, 0x0, 0x0, 0xd, 0x20, 0xe, 0x50, 0x0,
    0x0, 0x11, 0x1e, 0x20, 0x18, 0x0, 0x0, 0x0,
    0xdf, 0xeb, 0x0,

    /* U+6CCA "泊" */
    0x1, 0x20, 0x0, 0x0, 0x61, 0x0, 0x0, 0x5e,
    0x90, 0x0, 0x3f, 0x0, 0x0, 0x0, 0x19, 0x20,
    0x7, 0xb0, 0x0, 0x0, 0x0, 0x0, 0xef, 0xff,
    0xff, 0xfd, 0x17, 0x0, 0xe, 0x10, 0x0, 0x3,
    0xd1, 0x9e, 0x40, 0xe1, 0x0, 0x0, 0x3d, 0x0,
    0x31, 0xe, 0x10, 0x0, 0x3, 0xd0, 0x0, 0x10,
    0xef, 0xff, 0xff, 0xfd, 0x0, 0xe, 0xe, 0x10,
    0x0, 0x3, 0xd0, 0x8, 0xa0, 0xe1, 0x0, 0x0,
    0x3d, 0x1, 0xe2, 0xe, 0x10, 0x0, 0x3, 0xd0,
    0xa9, 0x0, 0xed, 0xdd, 0xdd, 0xed, 0x6, 0x10,
    0xe, 0x32, 0x22, 0x25, 0xc0,

    /* U+6CD5 "法" */
    0x3, 0x60, 0x0, 0x0, 0x96, 0x0, 0x0, 0x3,
    0xcd, 0x20, 0x0, 0x96, 0x0, 0x0, 0x0, 0x8,
    0x31, 0x22, 0xa8, 0x22, 0x10, 0x0, 0x0, 0x8,
    0xdd, 0xfe, 0xdd, 0x70, 0x19, 0x20, 0x0, 0x0,
    0x96, 0x0, 0x0, 0x6, 0xe6, 0x0, 0x0, 0x96,
    0x0, 0x0, 0x0, 0x1, 0x3f, 0xff, 0xff, 0xff,
    0xf1, 0x0, 0x2, 0x0, 0x6, 0xd0, 0x0, 0x0,
    0x0, 0xc, 0x50, 0xd, 0x50, 0x40, 0x0, 0x0,
    0x5d, 0x0, 0x6c, 0x0, 0xb6, 0x0, 0x0, 0xe4,
    0x1, 0xe2, 0x1, 0x5f, 0x20, 0x8, 0xb0, 0xc,
    0xfd, 0xfd, 0xbb, 0xa0, 0x6, 0x20, 0x4, 0x41,
    0x0, 0x0, 0xc0,

    /* U+6CDB "泛" */
    0x2, 0x40, 0x0, 0x0, 0x0, 0x16, 0x30, 0x3,
    0xda, 0x14, 0x68, 0xbe, 0xea, 0x50, 0x0, 0x8,
    0x28, 0x86, 0x71, 0x0, 0x0, 0x0, 0x0, 0x0,
    0x1, 0xe1, 0x0, 0x0, 0x18, 0x10, 0x0, 0x0,
    0x84, 0x0, 0x0, 0x8, 0xe6, 0x1e, 0xee, 0xee,
    0xef, 0x90, 0x0, 0x22, 0x0, 0x0, 0x0, 0x3f,
    0x20, 0x0, 0x1, 0x0, 0x0, 0x2, 0xe5, 0x0,
    0x0, 0xb, 0x50, 0x0, 0x2d, 0x60, 0x0, 0x0,
    0x3e, 0x0, 0x5, 0xd4, 0x0, 0x0, 0x0, 0xc6,
    0x5, 0xdd, 0x10, 0x0, 0x0, 0x6, 0xd0, 0x2d,
    0x3d, 0x71, 0x0, 0x11, 0xa, 0x50, 0x67, 0x1,
    0xae, 0xff, 0xf6, 0x0, 0x0, 0x0, 0x0, 0x0,
    0x0, 0x0,

    /* U+6CE2 "波" */
    0x5, 0x80, 0x0, 0x0, 0xd2, 0x0, 0x0, 0x1,
    0xad, 0x10, 0x0, 0xd2, 0x0, 0x0, 0x0, 0x4,
    0xe, 0xee, 0xff, 0xee, 0xe0, 0x0, 0x0, 0xf,
    0x0, 0xd3, 0x6, 0xc0, 0x29, 0x10, 0xf, 0x0,
    0xd2, 0xb, 0x60, 0x9, 0xe4, 0xf, 0x0, 0xd3,
    0x4, 0x0, 0x0, 0x42, 0x1f, 0xfe, 0xee, 0xef,
    0x0, 0x0, 0x0, 0x2e, 0x77, 0x0, 0x6a, 0x0,
    0x0, 0x1a, 0x3c, 0xe, 0x10, 0xd4, 0x0, 0x0,
    0x89, 0x5a, 0x7, 0xb9, 0xa0, 0x0, 0x1, 0xe2,
    0xa7, 0x0, 0xdf, 0x10, 0x0, 0x8, 0xa1, 0xe2,
    0x2b, 0xca, 0xd4, 0x0, 0xd, 0x27, 0xa7, 0xf8,
    0x0, 0x5d, 0xd1, 0x0, 0x0, 0x11, 0x10, 0x0,
    0x0, 0x20,

    /* U+6CE5 "泥" */
    0x4, 0x20, 0x0, 0x0, 0x0, 0x0, 0x0, 0x6e,
    0x90, 0xdf, 0xff, 0xff, 0xf3, 0x0, 0x18, 0xd,
    0x20, 0x0, 0xc, 0x30, 0x0, 0x0, 0xd3, 0x0,
    0x0, 0xc3, 0x57, 0x10, 0xd, 0xfe, 0xee, 0xee,
    0x31, 0x9e, 0x30, 0xd2, 0x50, 0x0, 0x0, 0x0,
    0x30, 0xe, 0x1e, 0x10, 0x17, 0x0, 0x0, 0x10,
    0xf0, 0xe1, 0x6e, 0x80, 0x0, 0x3d, 0x1e, 0xe,
    0xd9, 0x20, 0x0, 0xb, 0x63, 0xd0, 0xe2, 0x0,
    0x0, 0x4, 0xe0, 0x78, 0xe, 0x10, 0x0, 0xd0,
    0xd6, 0xe, 0x30, 0xe2, 0x0, 0x2c, 0x19, 0x5,
    0xa0, 0x9, 0xff, 0xff, 0x60, 0x0, 0x0, 0x0,
    0x0, 0x0, 0x0,

    /* U+6CE8 "注" */
    0x3, 0x20, 0x0, 0x3, 0x70, 0x0, 0x0, 0x5,
    0xea, 0x10, 0x0, 0xe3, 0x0, 0x0, 0x0, 0x8,
    0x10, 0x0, 0x76, 0x0, 0x0, 0x0, 0x0, 0x7f,
    0xff, 0xff, 0xff, 0xf0, 0x37, 0x0, 0x0, 0x0,
    0xc4, 0x0, 0x0, 0x1a, 0xe4, 0x0, 0x0, 0xc4,
    0x0, 0x0, 0x0, 0x31, 0x0, 0x0, 0xc4, 0x0,
    0x0, 0x0, 0x1, 0xe, 0xee, 0xff, 0xee, 0x70,
    0x0, 0xd, 0x10, 0x0, 0xc5, 0x0, 0x0, 0x0,
    0x6b, 0x0, 0x0, 0xc4, 0x0, 0x0, 0x1, 0xe3,
    0x0, 0x0, 0xc4, 0x0, 0x0, 0x9, 0xa0, 0x11,
    0x11, 0xd6, 0x11, 0x10, 0xd, 0x20, 0xde, 0xee,
    0xee, 0xee, 0xe4, 0x0, 0x0, 0x0, 0x0, 0x0,
    0x0, 0x0,

    /* U+6CEA "泪" */
    0x4, 0x30, 0x0, 0x0, 0x0, 0x0, 0x0, 0x5d,
    0xa1, 0xdf, 0xff, 0xff, 0xf3, 0x0, 0x7, 0x1d,
    0x30, 0x0, 0xd, 0x30, 0x0, 0x0, 0xd3, 0x0,
    0x0, 0xd3, 0x5d, 0x60, 0xd, 0xee, 0xee, 0xef,
    0x30, 0x4d, 0x80, 0xd4, 0x11, 0x11, 0xd3, 0x0,
    0x1, 0xd, 0x30, 0x0, 0xd, 0x30, 0x0, 0x0,
    0xd4, 0x0, 0x0, 0xd3, 0x0, 0xc, 0x1d, 0xff,
    0xff, 0xff, 0x30, 0x7, 0xb0, 0xd3, 0x0, 0x0,
    0xd3, 0x2, 0xe2, 0xd, 0x30, 0x0, 0xd, 0x30,
    0xc8, 0x0, 0xdf, 0xee, 0xee, 0xf3, 0x8, 0x0,
    0xd, 0x41, 0x11, 0x1c, 0x30,

    /* U+6D12 "洒" */
    0x5, 0x20, 0x0, 0x0, 0x0, 0x0, 0x0, 0x6,
    0xe6, 0xef, 0xff, 0xff, 0xff, 0xf2, 0x0, 0x25,
    0x0, 0xf, 0xc, 0x20, 0x0, 0x0, 0x0, 0x0,
    0xf, 0xc, 0x20, 0x0, 0x58, 0x10, 0x7f, 0xff,
    0xff, 0xff, 0xd0, 0x1a, 0xe1, 0x77, 0xd, 0xc,
    0x12, 0xd0, 0x0, 0x40, 0x77, 0x1c, 0xc, 0x12,
    0xd0, 0x0, 0x0, 0x77, 0x59, 0xc, 0x34, 0xd0,
    0x0, 0x47, 0x79, 0xd2, 0x5, 0xbc, 0xd0, 0x0,
    0xc5, 0x79, 0x30, 0x0, 0x2, 0xd0, 0x4, 0xd0,
    0x77, 0x0, 0x0, 0x2, 0xd0, 0xd, 0x50, 0x7f,
    0xff, 0xff, 0xff, 0xd0, 0x18, 0x0, 0x78, 0x0,
    0x0, 0x2, 0xc0,

    /* U+6D41 "流" */
    0x5, 0x10, 0x0, 0x2, 0x80, 0x0, 0x0, 0x7,
    0xe5, 0x0, 0x0, 0xe2, 0x0, 0x0, 0x0, 0x3a,
    0xaf, 0xff, 0xff, 0xff, 0xf1, 0x0, 0x0, 0x0,
    0x5c, 0x0, 0x90, 0x0, 0x38, 0x10, 0x3, 0xe2,
    0x0, 0x7b, 0x0, 0x19, 0xe3, 0x5f, 0xed, 0xee,
    0xee, 0x80, 0x0, 0x41, 0x25, 0x31, 0x10, 0x1,
    0x90, 0x0, 0x0, 0x8, 0x61, 0xd0, 0x96, 0x0,
    0x0, 0x1e, 0x9, 0x61, 0xd0, 0x96, 0x0, 0x0,
    0x8a, 0xb, 0x51, 0xd0, 0x96, 0x0, 0x2, 0xf2,
    0xe, 0x21, 0xd0, 0x96, 0x42, 0xb, 0x80, 0x8b,
    0x1, 0xd0, 0x96, 0x74, 0x1c, 0x3, 0xd1, 0x0,
    0x70, 0x5e, 0xd1, 0x0, 0x0, 0x0, 0x0, 0x0,
    0x0, 0x0,

    /* U+6D4D "浍" */
    0x1, 0x40, 0x0, 0x0, 0x82, 0x0, 0x0, 0x3,
    0xcc, 0x30, 0x5, 0xf9, 0x0, 0x0, 0x0, 0x6,
    0x50, 0x1e, 0x4b, 0x80, 0x0, 0x0, 0x0, 0x2,
    0xd6, 0x0, 0xc9, 0x0, 0x8, 0x10, 0x4e, 0x80,
    0x0, 0xb, 0xc2, 0x7, 0xe7, 0xb5, 0xce, 0xee,
    0xe4, 0x74, 0x0, 0x13, 0x0, 0x0, 0x0, 0x0,
    0x0, 0x0, 0x2, 0x3d, 0xdd, 0xdd, 0xdd, 0xa0,
    0x0, 0xc, 0x61, 0x2e, 0x41, 0x11, 0x10, 0x0,
    0x4e, 0x0, 0x7a, 0x0, 0xc2, 0x0, 0x0, 0xd6,
    0x2, 0xe1, 0x0, 0x6c, 0x0, 0x7, 0xd0, 0x3e,
    0xec, 0xdd, 0xde, 0x60, 0x3, 0x30, 0x15, 0x31,
    0x0, 0x2, 0x70,

    /* U+6D4E "济" */
    0x2, 0x0, 0x0, 0x4, 0x40, 0x0, 0x0, 0x9,
    0xd2, 0x0, 0x4, 0xd0, 0x0, 0x0, 0x0, 0x68,
    0xdf, 0xff, 0xff, 0xff, 0xf1, 0x0, 0x0, 0x1,
    0xd2, 0x2, 0xe1, 0x0, 0x36, 0x0, 0x0, 0x5d,
    0x2c, 0x60, 0x0, 0x1b, 0xb0, 0x0, 0x9, 0xfd,
    0x10, 0x0, 0x0, 0x50, 0x69, 0xea, 0x48, 0xec,
    0x92, 0x0, 0x0, 0x75, 0xa0, 0x0, 0x84, 0x60,
    0x0, 0x86, 0x0, 0xf0, 0x0, 0xe1, 0x0, 0x0,
    0xe2, 0x1, 0xe0, 0x0, 0xe1, 0x0, 0x7, 0xb0,
    0x7, 0xa0, 0x0, 0xe1, 0x0, 0xe, 0x40, 0x5e,
    0x20, 0x0, 0xe1, 0x0, 0x19, 0x4, 0xc2, 0x0,
    0x0, 0xe1, 0x0,

    /* U+6D69 "浩" */
    0x6, 0x30, 0x1, 0x20, 0xa5, 0x0, 0x0, 0x4,
    0xe8, 0x7, 0xa0, 0xa5, 0x0, 0x0, 0x0, 0x2d,
    0x2b, 0x82, 0xb7, 0x22, 0x20, 0x0, 0x0, 0x2f,
    0xcc, 0xed, 0xcc, 0x90, 0x23, 0x0, 0xa8, 0x0,
    0xa5, 0x0, 0x0, 0x3d, 0xb1, 0x72, 0x11, 0xb7,
    0x11, 0x10, 0x0, 0x71, 0xbd, 0xdd, 0xdd, 0xdd,
    0xd3, 0x0, 0x0, 0x0, 0x0, 0x0, 0x0, 0x0,
    0x0, 0xd, 0x1a, 0xff, 0xff, 0xff, 0x70, 0x0,
    0x7b, 0xa, 0x50, 0x0, 0x9, 0x70, 0x2, 0xe2,
    0xa, 0x50, 0x0, 0x9, 0x70, 0xb, 0x80, 0xa,
    0xca, 0xaa, 0xae, 0x70, 0x8, 0x0, 0xa, 0x83,
    0x33, 0x3a, 0x60,

    /* U+6D6E "浮" */
    0x6, 0x50, 0x0, 0x12, 0x46, 0x8c, 0x70, 0x2,
    0xcc, 0x5e, 0xdb, 0xa8, 0x65, 0x0, 0x0, 0x5,
    0x8, 0x13, 0xa0, 0xd, 0x30, 0x0, 0x0, 0x8,
    0x80, 0xe0, 0x5b, 0x0, 0x3b, 0x30, 0x1, 0x90,
    0x61, 0x82, 0x0, 0x6, 0xe5, 0xd, 0xff, 0xff,
    0xfb, 0x0, 0x0, 0x10, 0x0, 0x0, 0x7, 0xd1,
    0x0, 0x0, 0x3, 0x0, 0x0, 0x9a, 0x0, 0x0,
    0x0, 0x2e, 0x9c, 0xcc, 0xfd, 0xcc, 0xc1, 0x0,
    0xa7, 0x12, 0x22, 0xc5, 0x22, 0x20, 0x3, 0xe0,
    0x0, 0x0, 0xb3, 0x0, 0x0, 0xc, 0x70, 0x0,
    0x0, 0xc3, 0x0, 0x0, 0x8, 0x0, 0x0, 0x7e,
    0xd1, 0x0, 0x0,

    /* U+6D77 "海" */
    0x1, 0x20, 0x0, 0x70, 0x0, 0x0, 0x0, 0x4,
    0xe9, 0x4, 0xe0, 0x0, 0x0, 0x0, 0x0, 0x9,
    0x1c, 0xff, 0xff, 0xff, 0xf1, 0x0, 0x0, 0x6d,
    0x0, 0x0, 0x0, 0x0, 0x5, 0x0, 0xd7, 0xee,
    0xee, 0xee, 0x70, 0x1b, 0xc2, 0x6, 0x90, 0xa1,
    0x8, 0x70, 0x0, 0x51, 0x8, 0x70, 0x2a, 0x9,
    0x60, 0x0, 0x0, 0xff, 0xff, 0xff, 0xff, 0xf7,
    0x0, 0x59, 0xc, 0x23, 0x90, 0xb, 0x40, 0x0,
    0xc4, 0xf, 0x0, 0x67, 0xc, 0x30, 0x2, 0xe0,
    0x2f, 0xee, 0xee, 0xef, 0xe1, 0x9, 0x80, 0x0,
    0x0, 0x0, 0x2e, 0x0, 0x9, 0x10, 0x0, 0x0,
    0x4e, 0xe7, 0x0, 0x0, 0x0, 0x0, 0x0, 0x0,
    0x0, 0x0,

    /* U+6D88 "消" */
    0x9, 0x40, 0x4, 0x0, 0xe1, 0x4, 0x30, 0x3d,
    0x90, 0xd3, 0xe, 0x10, 0xe4, 0x0, 0x5, 0x5,
    0xb0, 0xe1, 0x7a, 0x0, 0x0, 0x0, 0x5, 0xe,
    0x13, 0x10, 0x6b, 0x20, 0xd, 0xee, 0xff, 0xee,
    0x10, 0x8f, 0x20, 0xe2, 0x0, 0x0, 0xf1, 0x0,
    0x50, 0xe, 0x20, 0x0, 0xf, 0x10, 0x0, 0x0,
    0xed, 0xdd, 0xdd, 0xf1, 0x0, 0x2a, 0xe, 0x10,
    0x0, 0xe, 0x10, 0xa, 0x60, 0xee, 0xee, 0xee,
    0xf1, 0x3, 0xe0, 0xe, 0x10, 0x0, 0xe, 0x10,
    0xc6, 0x0, 0xe1, 0x0, 0x11, 0xf1, 0x19, 0x0,
    0xe, 0x10, 0xa, 0xea, 0x0,

    /* U+6D9B "涛" */
    0x2, 0x0, 0x0, 0x1, 0x60, 0x0, 0x0, 0x8,
    0xd5, 0x0, 0x4, 0xc0, 0x0, 0x0, 0x0, 0x39,
    0x5d, 0xde, 0xed, 0xdd, 0xc0, 0x0, 0x0, 0x1,
    0x19, 0x81, 0x11, 0x0, 0x23, 0x0, 0xb, 0xbf,
    0xcb, 0xbb, 0x60, 0x3d, 0xb1, 0x11, 0x1f, 0x21,
    0x11, 0x10, 0x0, 0x71, 0xac, 0xee, 0xcc, 0xdf,
    0xc2, 0x0, 0x0, 0x0, 0xa7, 0x0, 0x4b, 0x0,
    0x0, 0x1c, 0x2, 0xfe, 0xee, 0xef, 0xe2, 0x0,
    0x98, 0xa, 0x97, 0x40, 0x4b, 0x0, 0x3, 0xe0,
    0x7e, 0x3, 0xe2, 0x4b, 0x0, 0xd, 0x61, 0xe2,
    0x0, 0x41, 0x4b, 0x0, 0x8, 0x0, 0x0, 0x0,
    0x2e, 0xe7, 0x0,

    /* U+6DB5 "涵" */
    0x3, 0x10, 0x0, 0x0, 0x0, 0x0, 0x0, 0x6e,
    0x44, 0xff, 0xff, 0xff, 0xd0, 0x0, 0x34, 0x0,
    0x0, 0x8, 0xc2, 0x0, 0x0, 0xb, 0x10, 0xd,
    0x70, 0xa, 0x49, 0x10, 0xe2, 0x50, 0xe0, 0x34,
    0xe0, 0x8d, 0xe, 0x1a, 0x5e, 0x1d, 0x4e, 0x0,
    0x10, 0xe1, 0x7, 0xfc, 0x51, 0xe0, 0x0, 0xe,
    0x14, 0xdf, 0xb9, 0x1e, 0x0, 0x67, 0xe7, 0xc1,
    0xe0, 0x8a, 0xe0, 0xd, 0x3e, 0x21, 0x4f, 0x0,
    0x2e, 0x5, 0xc0, 0xe1, 0x18, 0x50, 0x1, 0xe0,
    0xd5, 0xe, 0xdc, 0xcc, 0xcc, 0xde, 0x6, 0x0,
    0x11, 0x11, 0x11, 0x13, 0xe0,

    /* U+6DDA "淚" */
    0x2, 0x10, 0x0, 0x0, 0x61, 0x0, 0x0, 0x6,
    0xe7, 0x3, 0x33, 0xaa, 0x33, 0x30, 0x0, 0x1a,
    0xe, 0xba, 0xaa, 0xab, 0xd0, 0x0, 0x0, 0xe,
    0x10, 0x0, 0x1, 0xd0, 0x2d, 0x50, 0xe, 0xee,
    0xee, 0xee, 0xd0, 0x4, 0xd6, 0xe, 0x10, 0xa,
    0x29, 0x0, 0x0, 0x0, 0xf, 0x0, 0xe, 0x8,
    0x50, 0x0, 0x2, 0xe, 0x9d, 0xdf, 0xdd, 0xd3,
    0x0, 0x4c, 0x2d, 0x0, 0x3f, 0x80, 0x0, 0x0,
    0xc6, 0x5a, 0x0, 0x88, 0xe1, 0x0, 0x4, 0xe0,
    0xa6, 0x2, 0xe1, 0x79, 0x0, 0xc, 0x63, 0xe1,
    0x5e, 0x40, 0xb, 0x91, 0x7, 0x4, 0x52, 0xb2,
    0x0, 0x0, 0x73,

    /* U+6DE8 "淨" */
    0x2, 0x0, 0x0, 0x0, 0x0, 0x35, 0x0, 0x7,
    0xe5, 0x48, 0xac, 0xdd, 0xa7, 0x10, 0x0, 0x3c,
    0x37, 0x33, 0x40, 0xb, 0x20, 0x0, 0x0, 0xd,
    0x11, 0xc0, 0x5b, 0x0, 0x14, 0x0, 0x8, 0x52,
    0x82, 0x64, 0x0, 0x3c, 0xb1, 0x1b, 0xbb, 0xfb,
    0xbe, 0x40, 0x0, 0x71, 0x0, 0x0, 0xf0, 0xa,
    0x50, 0x0, 0x0, 0xdd, 0xdd, 0xfd, 0xdf, 0xe6,
    0x0, 0x19, 0x0, 0x0, 0xf0, 0xa, 0x40, 0x0,
    0x97, 0x3d, 0xdd, 0xfd, 0xdd, 0x30, 0x2, 0xe0,
    0x0, 0x0, 0xf0, 0x0, 0x0, 0xc, 0x60, 0x0,
    0x0, 0xf0, 0x0, 0x0, 0x1a, 0x0, 0x0, 0xde,
    0xa0, 0x0, 0x0,

    /* U+6DF1 "深" */
    0x4, 0x30, 0x0, 0x0, 0x0, 0x0, 0x0, 0x5,
    0xe9, 0x6f, 0xee, 0xee, 0xee, 0xe0, 0x0, 0x6,
    0x59, 0x1, 0x0, 0x1, 0xe0, 0x0, 0x0, 0x34,
    0x6c, 0x5, 0xc1, 0x60, 0x29, 0x20, 0x5, 0xe1,
    0x0, 0x7c, 0x0, 0x7, 0xe5, 0x3e, 0x20, 0x72,
    0x9, 0x70, 0x0, 0x21, 0x0, 0x0, 0xd3, 0x0,
    0x0, 0x0, 0x1, 0x6f, 0xff, 0xff, 0xff, 0xe0,
    0x0, 0x3b, 0x0, 0xd, 0xff, 0x40, 0x0, 0x0,
    0xb5, 0x0, 0xa7, 0xd6, 0xe2, 0x0, 0x3, 0xd0,
    0x1a, 0xb0, 0xd3, 0x6e, 0x30, 0xc, 0x50, 0xe8,
    0x0, 0xd3, 0x5, 0xe1, 0x8, 0x0, 0x10, 0x0,
    0xd3, 0x0, 0x10,

    /* U+6E05 "清" */
    0x5, 0x30, 0x0, 0x0, 0xf1, 0x0, 0x0, 0x4,
    0xe9, 0x6c, 0xcc, 0xfd, 0xcc, 0xa0, 0x0, 0x16,
    0x1, 0x11, 0xf2, 0x11, 0x0, 0x0, 0x0, 0x2c,
    0xcc, 0xfc, 0xcc, 0x50, 0x3b, 0x20, 0x44, 0x44,
    0xf5, 0x44, 0x41, 0x6, 0xe3, 0x66, 0x66, 0x66,
    0x66, 0x62, 0x0, 0x10, 0xc, 0xcc, 0xcc, 0xcc,
    0x10, 0x0, 0x1, 0xe, 0x0, 0x0, 0xe, 0x10,
    0x0, 0x4c, 0xe, 0xcc, 0xcc, 0xcf, 0x10, 0x0,
    0xb6, 0xe, 0x0, 0x0, 0xe, 0x10, 0x3, 0xf0,
    0xe, 0xcc, 0xcc, 0xcf, 0x10, 0xb, 0x80, 0xe,
    0x0, 0x0, 0xe, 0x10, 0x8, 0x10, 0xe, 0x0,
    0x8, 0xeb, 0x0,

    /* U+6E0E "渎" */
    0x5, 0x30, 0x0, 0x0, 0xd3, 0x0, 0x0, 0x4,
    0xe8, 0x8, 0xaa, 0xfc, 0xaa, 0x50, 0x0, 0x18,
    0x2, 0x33, 0xd6, 0x33, 0x10, 0x0, 0x0, 0x1,
    0x11, 0xd4, 0x11, 0x10, 0x29, 0x10, 0x4d, 0xdd,
    0xdd, 0xdd, 0xd0, 0x6, 0xe3, 0x1, 0xc4, 0x68,
    0x8, 0x60, 0x0, 0x10, 0x19, 0x29, 0x78, 0x1,
    0x0, 0x0, 0x11, 0x4, 0xc0, 0x87, 0x0, 0x0,
    0x0, 0x88, 0x7b, 0xcb, 0xed, 0xbb, 0xb0, 0x0,
    0xe2, 0x12, 0x26, 0xe5, 0x32, 0x20, 0x7, 0xa0,
    0x0, 0x2e, 0x57, 0xc2, 0x0, 0xe, 0x30, 0x17,
    0xe6, 0x0, 0x4e, 0x50, 0x4, 0x0, 0x89, 0x20,
    0x0, 0x2, 0xb0,

    /* U+6E10 "渐" */
    0x4, 0x20, 0x6, 0x30, 0x0, 0x3, 0x40, 0x5,
    0xe8, 0xb, 0x40, 0x9, 0xde, 0x80, 0x0, 0x16,
    0xef, 0xee, 0x7d, 0x20, 0x0, 0x0, 0x0, 0x1c,
    0x0, 0xd, 0x0, 0x0, 0x3b, 0x30, 0x57, 0xc1,
    0xe, 0x66, 0x62, 0x5, 0xd3, 0xa2, 0xd1, 0xe,
    0x7e, 0x72, 0x0, 0x0, 0xff, 0xff, 0x6c, 0xd,
    0x0, 0x0, 0x0, 0x10, 0xd1, 0x1b, 0xd, 0x0,
    0x0, 0x86, 0x0, 0xd7, 0x7a, 0xd, 0x0, 0x0,
    0xe3, 0xae, 0xf9, 0x79, 0xd, 0x0, 0x5, 0xc0,
    0x51, 0xd1, 0x76, 0xd, 0x0, 0xc, 0x50, 0x0,
    0xd1, 0xc2, 0xd, 0x0, 0xa, 0x0, 0x0, 0xd2,
    0xb0, 0xd, 0x0, 0x0, 0x0, 0x0, 0x0, 0x0,
    0x0, 0x0,

    /* U+6E29 "温" */
    0x0, 0x40, 0x0, 0x0, 0x0, 0x0, 0x0, 0x2,
    0xcc, 0x38, 0xfe, 0xee, 0xef, 0x40, 0x0, 0x4,
    0x48, 0x60, 0x0, 0xc, 0x40, 0x0, 0x0, 0x8,
    0xed, 0xdd, 0xdf, 0x40, 0xa, 0x40, 0x8, 0x60,
    0x0, 0xc, 0x40, 0x4, 0xc9, 0x8, 0xdc, 0xcc,
    0xcf, 0x40, 0x0, 0x1, 0x0, 0x11, 0x11, 0x11,
    0x0, 0x0, 0x2, 0xc, 0xcc, 0xcc, 0xcc, 0x90,
    0x0, 0xd, 0x3f, 0x1b, 0x38, 0x65, 0xb0, 0x0,
    0x5c, 0xf, 0xa, 0x27, 0x54, 0xb0, 0x0, 0xd5,
    0xf, 0xa, 0x27, 0x54, 0xb0, 0x6, 0xd0, 0xf,
    0xa, 0x27, 0x54, 0xb0, 0xa, 0x53, 0xff, 0xef,
    0xff, 0xff, 0xfa, 0x0, 0x0, 0x0, 0x0, 0x0,
    0x0, 0x0,

    /* U+6E38 "游" */
    0x1, 0x10, 0x5, 0x10, 0x1, 0x60, 0x0, 0x5,
    0xe5, 0x7, 0xb0, 0x7, 0xb0, 0x0, 0x0, 0x2b,
    0x44, 0xc5, 0x3c, 0xda, 0xa9, 0x0, 0x2, 0xbf,
    0xbb, 0xce, 0x55, 0x54, 0xc, 0x50, 0xf, 0x0,
    0x8a, 0x66, 0x63, 0x3, 0xb6, 0xf, 0xbb, 0x33,
    0x58, 0xf3, 0x0, 0x0, 0x1e, 0x3b, 0x40, 0xe,
    0x30, 0x0, 0x0, 0x3c, 0xa, 0x40, 0x1e, 0x0,
    0x0, 0x76, 0x49, 0xb, 0x9e, 0xef, 0xec, 0x0,
    0xd3, 0x86, 0xc, 0x20, 0x1e, 0x0, 0x3, 0xd0,
    0xd2, 0xd, 0x10, 0x1e, 0x0, 0xa, 0x77, 0xb1,
    0x2f, 0x0, 0x1e, 0x0, 0x8, 0x1a, 0x28, 0xd7,
    0xd, 0xe9, 0x0,

    /* U+6E90 "源" */
    0x1, 0x40, 0x0, 0x0, 0x0, 0x0, 0x0, 0x3,
    0xda, 0x1f, 0xff, 0xff, 0xff, 0xf8, 0x0, 0x7,
    0x2f, 0x0, 0xc, 0x10, 0x0, 0x0, 0x0, 0xf,
    0x28, 0xae, 0x88, 0x80, 0xc, 0x60, 0xf, 0x4b,
    0x22, 0x22, 0xf0, 0x2, 0xc7, 0x1f, 0x4e, 0xbb,
    0xbb, 0xf0, 0x0, 0x0, 0x2e, 0x4a, 0x11, 0x11,
    0xf0, 0x0, 0x2, 0x3d, 0x4e, 0xaa, 0xaa, 0xf0,
    0x0, 0x3d, 0x5b, 0x2, 0x1e, 0x32, 0x20, 0x0,
    0xa7, 0x87, 0x1d, 0xe, 0x19, 0x80, 0x2, 0xf1,
    0xd3, 0xa7, 0xe, 0x11, 0xe2, 0x9, 0x95, 0xd2,
    0xc0, 0xe, 0x10, 0x77, 0x7, 0x27, 0x40, 0x4,
    0xed, 0x0, 0x0,

    /* U+6E9F "溟" */
    0x4, 0x0, 0x0, 0x0, 0x0, 0x0, 0x0, 0x8,
    0xe4, 0xae, 0xee, 0xee, 0xee, 0xe0, 0x0, 0x36,
    0xa4, 0x0, 0x0, 0x1, 0xe0, 0x0, 0x0, 0x4b,
    0xdc, 0xcc, 0xcd, 0x50, 0x46, 0x0, 0xa, 0x40,
    0x0, 0x1e, 0x0, 0x2c, 0xc1, 0xa, 0xdb, 0xbb,
    0xce, 0x0, 0x0, 0x70, 0xa, 0x40, 0x0, 0x1e,
    0x0, 0x0, 0x0, 0x8, 0xcc, 0xdc, 0xcb, 0x0,
    0x0, 0x57, 0x0, 0x1, 0xf1, 0x0, 0x0, 0x0,
    0xc4, 0xbe, 0xee, 0xee, 0xee, 0xe2, 0x4, 0xd0,
    0x0, 0x73, 0x3, 0x80, 0x0, 0xc, 0x50, 0xa,
    0xb0, 0x0, 0xac, 0x10, 0x2c, 0x2, 0xe8, 0x0,
    0x0, 0x8, 0xd0, 0x0, 0x0, 0x10, 0x0, 0x0,
    0x0, 0x10,

    /* U+6EAB "溫" */
    0x4, 0x10, 0x0, 0x0, 0x0, 0x0, 0x0, 0x7,
    0xe6, 0xe, 0xdd, 0xdd, 0xdc, 0x0, 0x0, 0x27,
    0xe, 0x0, 0xb0, 0x3c, 0x0, 0x0, 0x0, 0xe,
    0x7, 0xc2, 0x3c, 0x0, 0x6a, 0x20, 0xe, 0x68,
    0x1b, 0x5c, 0x0, 0x6, 0xe1, 0xe, 0x98, 0x89,
    0xac, 0x0, 0x0, 0x0, 0x3, 0x33, 0x33, 0x32,
    0x0, 0x0, 0x11, 0x5c, 0xcc, 0xcc, 0xcc, 0x30,
    0x0, 0x79, 0x69, 0x3b, 0x1d, 0x1b, 0x40, 0x0,
    0xe3, 0x68, 0x1a, 0xd, 0xb, 0x40, 0x5, 0xc0,
    0x68, 0x1a, 0xd, 0xb, 0x40, 0xd, 0x50, 0x68,
    0x1a, 0xd, 0xb, 0x40, 0x2d, 0xa, 0xff, 0xff,
    0xef, 0xef, 0xf3, 0x0, 0x0, 0x0, 0x0, 0x0,
    0x0, 0x0,

    /* U+6EC4 "滄" */
    0x1, 0x40, 0x0, 0x0, 0x2a, 0x0, 0x0, 0x2,
    0xcb, 0x10, 0x1, 0xdc, 0x90, 0x0, 0x0, 0x8,
    0x50, 0x5d, 0x73, 0x9b, 0x20, 0x0, 0x0, 0x2b,
    0xd3, 0x3d, 0x16, 0xe8, 0x8, 0x10, 0x18, 0x87,
    0x7a, 0x87, 0x64, 0x8, 0xe5, 0x1, 0xf4, 0x44,
    0x47, 0xb0, 0x0, 0x35, 0x1, 0xfb, 0xbb, 0xbc,
    0xb0, 0x0, 0x1, 0x2, 0xe2, 0x22, 0x26, 0xb0,
    0x0, 0xa, 0x64, 0xd8, 0x88, 0x88, 0x50, 0x0,
    0x3e, 0x8, 0xcb, 0xbb, 0xbb, 0xb1, 0x0, 0xc7,
    0xd, 0x97, 0x0, 0x0, 0xe1, 0x6, 0xd0, 0x88,
    0x88, 0x22, 0x22, 0xe1, 0x6, 0x40, 0xa0, 0x8d,
    0xaa, 0xaa, 0xe1,

    /* U+6EC5 "滅" */
    0x0, 0x0, 0x0, 0x0, 0x0, 0x0, 0x0, 0xb,
    0x60, 0x0, 0x0, 0xd, 0x4b, 0x10, 0x2, 0xc9,
    0x0, 0x0, 0xd, 0x24, 0xb0, 0x0, 0x2, 0x9b,
    0xbb, 0xbf, 0xcb, 0xc1, 0x0, 0x0, 0xd4, 0x33,
    0x3c, 0x63, 0x30, 0x35, 0x0, 0xd2, 0x22, 0x2a,
    0x40, 0x0, 0x3b, 0xd1, 0xd6, 0xae, 0xa8, 0x54,
    0xa0, 0x0, 0x40, 0xd1, 0x2c, 0x28, 0x7a, 0x50,
    0x0, 0x10, 0xe4, 0x7c, 0xa6, 0x9e, 0x10, 0x0,
    0xd3, 0xe9, 0x3b, 0x73, 0xf9, 0x0, 0x3, 0xd2,
    0xc0, 0x5e, 0x21, 0xf2, 0x0, 0xa, 0x76, 0x90,
    0xc4, 0xaa, 0xf4, 0x65, 0x2f, 0x1c, 0x4b, 0x60,
    0xa8, 0x5b, 0xb3, 0x26, 0x1b, 0x0, 0x3, 0x70,
    0xb, 0xc0, 0x0, 0x0, 0x0, 0x0, 0x0, 0x0,
    0x0,

    /* U+6EDE "滞" */
    0x1, 0x0, 0x0, 0x0, 0x10, 0x0, 0x0, 0x6,
    0xd5, 0x9, 0x60, 0xe1, 0x2d, 0x0, 0x0, 0x14,
    0xef, 0xfe, 0xff, 0xff, 0xe5, 0x0, 0x0, 0x9,
    0x60, 0xe1, 0x2d, 0x0, 0x2, 0x0, 0x9, 0x60,
    0xe1, 0x2d, 0x0, 0x2d, 0xa1, 0x35, 0x43, 0x53,
    0x35, 0x30, 0x0, 0x60, 0xdb, 0xaa, 0xfb, 0xaa,
    0xf2, 0x0, 0x0, 0xd1, 0x0, 0xe1, 0x0, 0xd2,
    0x0, 0x46, 0x2d, 0xee, 0xfe, 0xee, 0x40, 0x0,
    0xb3, 0xd, 0x10, 0xe1, 0xd, 0x20, 0x3, 0xb0,
    0xd, 0x10, 0xe1, 0xd, 0x20, 0xc, 0x40, 0xd,
    0x10, 0xe2, 0xce, 0x10, 0x7, 0x0, 0x1, 0x0,
    0xe1, 0x10, 0x0,

    /* U+6EDF "滟" */
    0x0, 0x0, 0x0, 0x0, 0x0, 0x0, 0x0, 0x8,
    0x10, 0x1c, 0x0, 0xd, 0x20, 0x0, 0x4, 0xd1,
    0x1c, 0x0, 0x5f, 0x99, 0x40, 0x0, 0x4b, 0xcf,
    0xc4, 0xd6, 0x5e, 0x40, 0x0, 0x2, 0x4d, 0x3a,
    0xa0, 0x4b, 0x0, 0x56, 0x0, 0x1c, 0x6, 0xfe,
    0xfe, 0xd0, 0x1c, 0x68, 0xef, 0xd5, 0xc0, 0xc0,
    0xd0, 0x1, 0x31, 0x3d, 0x13, 0xc0, 0xc0, 0xd0,
    0x0, 0x20, 0x1c, 0x2, 0xe8, 0xe8, 0xd0, 0x2,
    0xba, 0xcf, 0xb7, 0xd5, 0x55, 0x40, 0x7, 0x83,
    0x5d, 0x44, 0xc0, 0x0, 0x0, 0xb, 0x40, 0x1c,
    0x2, 0xc0, 0x0, 0x63, 0x1e, 0x0, 0x1c, 0x2,
    0xd0, 0x0, 0x94, 0x28, 0x0, 0x1c, 0x0, 0xce,
    0xee, 0xd0,

    /* U+6EE1 "满" */
    0x4, 0x40, 0x0, 0x77, 0x3, 0xc0, 0x0, 0x3,
    0xd9, 0xbd, 0xee, 0xde, 0xfd, 0xd2, 0x0, 0x4,
    0x0, 0x88, 0x3, 0xc0, 0x0, 0x0, 0x0, 0x0,
    0x0, 0x0, 0x10, 0x0, 0x4, 0x0, 0xde, 0xef,
    0xee, 0xfe, 0xe4, 0x2c, 0xb1, 0x0, 0xe, 0x6,
    0x60, 0x0, 0x0, 0x60, 0x8f, 0xff, 0xef, 0xff,
    0xd0, 0x0, 0x0, 0x87, 0x1c, 0x9, 0x41, 0xd0,
    0x0, 0x4a, 0x87, 0x5e, 0x1c, 0x91, 0xd0, 0x0,
    0xc5, 0x87, 0xb7, 0xac, 0xc5, 0xd0, 0x4, 0xd0,
    0x8b, 0x90, 0xb5, 0x35, 0xd0, 0xd, 0x60, 0x87,
    0x0, 0x30, 0x1, 0xd0, 0x7, 0x0, 0x87, 0x0,
    0x0, 0x7c, 0xa0,

    /* U+6EEF "滯" */
    0x0, 0x0, 0x0, 0x0, 0x0, 0x0, 0x0, 0x6,
    0x40, 0x8, 0x4d, 0xd, 0x2c, 0x0, 0x4, 0xd9,
    0x8, 0x4d, 0xd, 0x2c, 0x0, 0x0, 0x15, 0xef,
    0xef, 0xef, 0xef, 0xe6, 0x0, 0x0, 0xd, 0x1d,
    0xd, 0x2c, 0x2, 0x2a, 0x20, 0xaa, 0xd, 0xdf,
    0x1e, 0x97, 0x7, 0xf3, 0x80, 0x0, 0x0, 0x2,
    0x40, 0x0, 0x20, 0xde, 0xee, 0xfe, 0xee, 0xf1,
    0x0, 0x0, 0xd1, 0x0, 0xf0, 0x0, 0xe1, 0x0,
    0x75, 0x3e, 0xee, 0xfe, 0xef, 0x60, 0x0, 0xe3,
    0xe, 0x10, 0xf0, 0xc, 0x30, 0x5, 0xc0, 0xe,
    0x10, 0xf0, 0xc, 0x30, 0xd, 0x50, 0xe, 0x10,
    0xf1, 0xde, 0x10, 0x7, 0x0, 0x0, 0x0, 0xf0,
    0x0, 0x0,

    /* U+6EFF "滿" */
    0x3, 0x0, 0x0, 0xe1, 0x0, 0xe2, 0x0, 0x9,
    0xd3, 0x33, 0xf4, 0x33, 0xe5, 0x31, 0x0, 0x57,
    0xbb, 0xfb, 0xbb, 0xfc, 0xb4, 0x0, 0x0, 0x0,
    0xe2, 0x11, 0xe2, 0x0, 0x24, 0x0, 0x0, 0xbc,
    0xfd, 0xc1, 0x0, 0x3d, 0xb0, 0x12, 0x22, 0xe2,
    0x22, 0x20, 0x0, 0x60, 0xbc, 0xbb, 0xfb, 0xbb,
    0xf0, 0x0, 0x0, 0xb3, 0x70, 0xe2, 0x60, 0xf0,
    0x0, 0x48, 0xb3, 0xa1, 0xe0, 0xc0, 0xf0, 0x0,
    0xc3, 0xb4, 0xd7, 0xe4, 0xc7, 0xf0, 0x5, 0xb0,
    0xbb, 0x2b, 0xea, 0x1a, 0xf0, 0xd, 0x30, 0xb3,
    0x0, 0xe0, 0x0, 0xf0, 0x7, 0x0, 0xb3, 0x0,
    0xc0, 0x4c, 0xb0,

    /* U+6F0F "漏" */
    0x2, 0x0, 0x0, 0x0, 0x0, 0x0, 0x0, 0xb,
    0xc2, 0xbe, 0xdd, 0xdd, 0xde, 0xc0, 0x0, 0x45,
    0xb4, 0x0, 0x0, 0x3, 0xc0, 0x0, 0x0, 0xbe,
    0xdd, 0xdd, 0xdd, 0xa0, 0x36, 0x0, 0xb4, 0x0,
    0x0, 0x0, 0x0, 0x2c, 0xd1, 0xbe, 0xdd, 0xef,
    0xdd, 0xd0, 0x0, 0x50, 0xc2, 0x0, 0x2b, 0x0,
    0x0, 0x0, 0x0, 0xeb, 0xdc, 0xdf, 0xcc, 0xe0,
    0x0, 0x91, 0xe9, 0x66, 0x3b, 0x70, 0xc0, 0x2,
    0xe2, 0xd9, 0x56, 0x7b, 0x36, 0xc0, 0x9, 0x86,
    0x99, 0x78, 0x3b, 0x92, 0xc0, 0x2f, 0x1d, 0x49,
    0x45, 0x6b, 0x14, 0xc0, 0x37, 0x1a, 0x9, 0x40,
    0x2a, 0x2b, 0xb0, 0x0, 0x0, 0x0, 0x0, 0x0,
    0x0, 0x0,

    /* U+6F22 "漢" */
    0x7, 0x40, 0x0, 0xd0, 0x3, 0xc0, 0x0, 0x4,
    0xda, 0xcd, 0xfd, 0xde, 0xfd, 0xd1, 0x0, 0x4,
    0x0, 0xd1, 0x4, 0xc0, 0x0, 0x0, 0x0, 0x0,
    0x8a, 0xfa, 0x80, 0x0, 0x6c, 0x30, 0x2b, 0xbc,
    0xfb, 0xbb, 0x30, 0x6, 0xf2, 0x3b, 0x0, 0xf0,
    0xb, 0x40, 0x0, 0x10, 0x3e, 0xaa, 0xfa, 0xae,
    0x40, 0x0, 0x0, 0x3, 0x34, 0xf3, 0x33, 0x10,
    0x0, 0x49, 0x5d, 0xdd, 0xfd, 0xdd, 0x60, 0x0,
    0xb6, 0x0, 0x4, 0xd0, 0x0, 0x0, 0x3, 0xe0,
    0xcc, 0xcf, 0xef, 0xcc, 0xc1, 0xb, 0x70, 0x1,
    0xbc, 0xb, 0x90, 0x0, 0x1d, 0x0, 0xae, 0x70,
    0x0, 0x8d, 0xb2, 0x0, 0x0, 0x30, 0x0, 0x0,
    0x0, 0x30,

    /* U+6F5B "潛" */
    0x2, 0x0, 0x0, 0x0, 0x0, 0x0, 0x0, 0x9,
    0xd5, 0xfc, 0xfc, 0x7f, 0xee, 0x90, 0x0, 0x22,
    0xd0, 0xd0, 0x48, 0x66, 0x0, 0x0, 0x0, 0xfc,
    0xfc, 0xcd, 0xed, 0xb0, 0x58, 0x10, 0x9, 0xe4,
    0x1, 0xe4, 0x10, 0x19, 0xe1, 0x3d, 0x97, 0x37,
    0xd8, 0x50, 0x0, 0x34, 0xd2, 0xca, 0x8c, 0x3c,
    0xc0, 0x0, 0x1, 0x20, 0x20, 0x31, 0x4, 0x20,
    0x0, 0x72, 0x2f, 0xcc, 0xcc, 0xce, 0x20, 0x0,
    0xe1, 0x2c, 0x0, 0x0, 0xa, 0x20, 0x7, 0xa0,
    0x2f, 0xbb, 0xbb, 0xbe, 0x20, 0xe, 0x30, 0x2c,
    0x0, 0x0, 0xa, 0x20, 0x2a, 0x0, 0x2f, 0xdd,
    0xdd, 0xde, 0x20,

    /* U+6F5C "潜" */
    0x7, 0x70, 0x0, 0xe0, 0x0, 0xe1, 0x0, 0x1,
    0xad, 0x8b, 0xfa, 0x6a, 0xfb, 0x90, 0x0, 0x3,
    0x13, 0xe2, 0x12, 0xe3, 0x20, 0x0, 0x0, 0xbc,
    0xfc, 0x8c, 0xfc, 0xc0, 0x4e, 0x60, 0x17, 0xe2,
    0x4, 0xf8, 0x10, 0x3, 0xd5, 0xc, 0x8d, 0x2c,
    0x5d, 0x30, 0x0, 0x0, 0xc8, 0x3, 0x97, 0x3,
    0xd1, 0x0, 0x3, 0x39, 0xaa, 0xaa, 0xaa, 0x0,
    0x0, 0x3e, 0xe, 0x43, 0x33, 0x3f, 0x0, 0x0,
    0xa7, 0xe, 0xa9, 0x99, 0x9f, 0x0, 0x3, 0xe0,
    0xe, 0x42, 0x22, 0x2f, 0x0, 0xb, 0x80, 0xe,
    0x42, 0x22, 0x2f, 0x0, 0xa, 0x0, 0xe, 0xba,
    0xaa, 0xaf, 0x0,

    /* U+6F84 "澄" */
    0x1, 0x10, 0x0, 0x0, 0x15, 0x1, 0x0, 0x4,
    0xe5, 0x4e, 0xef, 0x4e, 0x5d, 0x10, 0x0, 0x2a,
    0x34, 0x2e, 0x8, 0xd1, 0x72, 0x0, 0x0, 0x2d,
    0xd5, 0x0, 0xec, 0x80, 0x19, 0x10, 0xa, 0xcf,
    0xee, 0xde, 0x40, 0x7, 0xe3, 0xba, 0x0, 0x0,
    0x5, 0xf6, 0x0, 0x30, 0x4a, 0xee, 0xee, 0xed,
    0x32, 0x0, 0x1, 0xa, 0x40, 0x0, 0xe, 0x0,
    0x0, 0xd, 0xa, 0x63, 0x33, 0x4e, 0x0, 0x0,
    0x7a, 0x7, 0xcb, 0xaa, 0xda, 0x0, 0x0, 0xe2,
    0x0, 0xd3, 0x1, 0xf1, 0x0, 0x7, 0xa0, 0x0,
    0x79, 0x7, 0x90, 0x0, 0xa, 0x30, 0xde, 0xee,
    0xef, 0xfe, 0xe5, 0x0, 0x0, 0x0, 0x0, 0x0,
    0x0, 0x0,

    /* U+6FAE "澮" */
    0x0, 0x0, 0x0, 0x0, 0x0, 0x0, 0x0, 0x4,
    0x70, 0x0, 0x2, 0xe7, 0x0, 0x0, 0x1, 0xad,
    0x0, 0x3c, 0x2a, 0xa0, 0x0, 0x0, 0x3, 0x19,
    0xe5, 0x33, 0x9e, 0x70, 0x0, 0x0, 0xd7, 0x38,
    0x88, 0x61, 0xa7, 0x2d, 0x40, 0xa, 0xaa, 0xaa,
    0xaa, 0x50, 0x4, 0xe3, 0xe, 0x41, 0xd0, 0x77,
    0x70, 0x0, 0x10, 0xe, 0x26, 0xd3, 0x76, 0x70,
    0x0, 0x1, 0xf, 0xbb, 0xfb, 0xbd, 0x70, 0x0,
    0x1c, 0x2, 0x55, 0x55, 0x55, 0x0, 0x0, 0x87,
    0x7, 0xa5, 0x55, 0x6e, 0x0, 0x1, 0xe1, 0x7,
    0xda, 0xaa, 0xbe, 0x0, 0x9, 0x80, 0x7, 0x70,
    0x0, 0x1e, 0x0, 0xa, 0x10, 0x7, 0xdb, 0xbb,
    0xce, 0x0,

    /* U+6FDF "濟" */
    0x0, 0x0, 0x0, 0x0, 0x0, 0x0, 0x0, 0x9,
    0x10, 0x0, 0x3, 0xd0, 0x0, 0x0, 0x4, 0xd3,
    0xaa, 0xaa, 0xfa, 0xaa, 0xa3, 0x0, 0x32, 0x33,
    0x3a, 0x3c, 0x43, 0x41, 0x0, 0x0, 0x99, 0x98,
    0x95, 0x7d, 0x60, 0x39, 0x0, 0x58, 0xa2, 0xc2,
    0xa7, 0x30, 0x7, 0xd0, 0x92, 0xa1, 0xc2, 0x92,
    0xa0, 0x0, 0x34, 0x76, 0xb0, 0xc4, 0xc6, 0x62,
    0x0, 0x0, 0xe, 0x0, 0x0, 0xf, 0x0, 0x0,
    0xb0, 0xf, 0xdd, 0xdd, 0xdf, 0x0, 0x2, 0xc0,
    0xf, 0x0, 0x0, 0xf, 0x0, 0x8, 0x60, 0x3f,
    0xdd, 0xdd, 0xdf, 0x0, 0xe, 0x0, 0xb8, 0x0,
    0x0, 0xf, 0x0, 0x16, 0x4, 0xa0, 0x0, 0x0,
    0xf, 0x0,

    /* U+6FE4 "濤" */
    0x4, 0x40, 0x0, 0x0, 0xd2, 0x0, 0x0, 0x4,
    0xda, 0x6a, 0xaa, 0xfb, 0xaa, 0xa1, 0x0, 0x6,
    0x5, 0x55, 0xe7, 0x55, 0x10, 0x0, 0x0, 0x5,
    0x55, 0x55, 0x55, 0x10, 0x29, 0x20, 0x9b, 0xbb,
    0xbb, 0xbb, 0xf2, 0x6, 0xd3, 0x4, 0x88, 0xb9,
    0x86, 0x90, 0x0, 0x0, 0x2a, 0xaa, 0xfb, 0xaa,
    0x50, 0x0, 0x0, 0x55, 0x55, 0x55, 0x55, 0x52,
    0x0, 0x69, 0x77, 0x77, 0x77, 0x7d, 0x73, 0x0,
    0xd4, 0x7b, 0xab, 0x9a, 0xaf, 0xa3, 0x4, 0xd0,
    0x75, 0xb, 0x34, 0x1e, 0x10, 0xc, 0x60, 0x7c,
    0xbb, 0x1c, 0xd, 0x0, 0x9, 0x0, 0x43, 0x0,
    0x2, 0xbc, 0x0,

    /* U+7006 "瀆" */
    0x5, 0x10, 0x0, 0x0, 0xd2, 0x0, 0x0, 0x7,
    0xe5, 0xbb, 0xbb, 0xfc, 0xbb, 0xb4, 0x0, 0x49,
    0x26, 0x66, 0xe8, 0x66, 0x40, 0x0, 0x0, 0x25,
    0x55, 0x55, 0x55, 0x40, 0x26, 0x0, 0xac, 0xbe,
    0xad, 0xcb, 0xd0, 0x2b, 0xd2, 0xa4, 0x1b, 0x8,
    0x42, 0xd0, 0x0, 0x61, 0x6a, 0xaa, 0xaa, 0xaa,
    0x80, 0x0, 0x0, 0x1d, 0x99, 0x99, 0x9c, 0x40,
    0x0, 0x1e, 0x2f, 0x88, 0x88, 0x8d, 0x50, 0x0,
    0x89, 0x1e, 0x77, 0x77, 0x7d, 0x50, 0x2, 0xe1,
    0x1f, 0x99, 0x99, 0x9e, 0x50, 0xb, 0x80, 0x39,
    0xe5, 0x3, 0xd9, 0x20, 0x6, 0x4, 0xb6, 0x0,
    0x0, 0x5, 0xc2,

    /* U+7051 "灑" */
    0x1, 0x0, 0x0, 0x0, 0x0, 0x0, 0x0, 0xa,
    0x91, 0xcc, 0xcc, 0x5c, 0xcc, 0xc4, 0x0, 0x61,
    0xbb, 0xae, 0xd, 0xaa, 0xe0, 0x0, 0x0, 0xb4,
    0x5c, 0xb, 0x73, 0xc0, 0x27, 0x0, 0x70, 0x37,
    0xb7, 0x13, 0x80, 0xa, 0xc0, 0xbd, 0xde, 0xde,
    0xcc, 0xc4, 0x0, 0x30, 0xc3, 0x4a, 0x1d, 0x11,
    0x10, 0x0, 0x0, 0xca, 0xbd, 0x9f, 0x9a, 0xd0,
    0x0, 0x71, 0xd9, 0x9c, 0x7e, 0x78, 0xd0, 0x1,
    0xe0, 0xe4, 0xc2, 0x2c, 0x43, 0x60, 0x7, 0x81,
    0xd1, 0xeb, 0xac, 0xba, 0x60, 0xe, 0x26, 0x92,
    0xc1, 0x3c, 0x30, 0x45, 0x28, 0xb, 0x26, 0xea,
    0x78, 0xcb, 0xc3, 0x0, 0x0, 0x0, 0x0, 0x0,
    0x0, 0x0,

    /* U+7069 "灩" */
    0x0, 0x0, 0x1, 0x0, 0x0, 0x0, 0x0, 0x0,
    0x0, 0x8, 0x20, 0x0, 0x65, 0x0, 0xb, 0x5a,
    0xaa, 0xa8, 0x63, 0x97, 0x30, 0x0, 0x3a, 0xba,
    0xa9, 0x75, 0x98, 0x50, 0x0, 0xa, 0xba, 0xa9,
    0x97, 0xba, 0x72, 0x47, 0xb, 0xcc, 0xcb, 0x73,
    0xd5, 0x40, 0x8, 0x54, 0x44, 0x44, 0x27, 0x53,
    0x90, 0x0, 0x8, 0x99, 0x99, 0x7f, 0xbb, 0xd1,
    0x0, 0x15, 0xaa, 0xaa, 0x24, 0x11, 0x41, 0x0,
    0xc8, 0x30, 0xa, 0x5d, 0xdd, 0xe0, 0x5, 0x88,
    0xba, 0xad, 0x57, 0x88, 0xa0, 0xa, 0x30, 0xa0,
    0x74, 0x37, 0x88, 0xa0, 0xd, 0x0, 0xa7, 0xdb,
    0x67, 0x88, 0xa0, 0x18, 0xd, 0xb8, 0x53, 0xbe,
    0xee, 0xf5,

    /* U+706B "火" */
    0x0, 0x0, 0x0, 0x6c, 0x0, 0x0, 0x0, 0x0,
    0x0, 0x0, 0x6b, 0x0, 0x0, 0x0, 0x0, 0x2,
    0x0, 0x6a, 0x0, 0x1, 0x10, 0x0, 0x1f, 0x0,
    0x79, 0x0, 0x7, 0xc0, 0x0, 0x7b, 0x0, 0x98,
    0x0, 0xe, 0x40, 0x0, 0xe4, 0x0, 0xc9, 0x0,
    0x6c, 0x0, 0x6, 0xb0, 0x0, 0xfe, 0x0, 0xc3,
    0x0, 0x0, 0x0, 0x4, 0xeb, 0x50, 0x0, 0x0,
    0x0, 0x0, 0xc, 0x83, 0xe1, 0x0, 0x0, 0x0,
    0x0, 0x7d, 0x0, 0x9b, 0x0, 0x0, 0x0, 0x8,
    0xe3, 0x0, 0xb, 0xd2, 0x0, 0x6, 0xdc, 0x20,
    0x0, 0x0, 0x8f, 0xc4, 0x7, 0x50, 0x0, 0x0,
    0x0, 0x1, 0x72,

    /* U+706D "灭" */
    0xe, 0xff, 0xff, 0xff, 0xff, 0xff, 0xc0, 0x0,
    0x0, 0x0, 0x99, 0x0, 0x0, 0x0, 0x0, 0x0,
    0x0, 0x97, 0x0, 0x0, 0x0, 0x0, 0x8, 0x10,
    0xa7, 0x0, 0x1a, 0x0, 0x0, 0x2e, 0x0, 0xca,
    0x0, 0x8a, 0x0, 0x0, 0xa8, 0x0, 0xfe, 0x1,
    0xe2, 0x0, 0x2, 0xe0, 0x3, 0xfd, 0x37, 0x80,
    0x0, 0x0, 0x0, 0x8, 0xa6, 0xb0, 0x0, 0x0,
    0x0, 0x0, 0x2f, 0x20, 0xe4, 0x0, 0x0, 0x0,
    0x2, 0xe7, 0x0, 0x4f, 0x50, 0x0, 0x1, 0x8f,
    0x60, 0x0, 0x5, 0xea, 0x30, 0x4f, 0xa2, 0x0,
    0x0, 0x0, 0x29, 0xf3, 0x1, 0x0, 0x0, 0x0,
    0x0, 0x0, 0x0,

    /* U+706F "灯" */
    0x0, 0xf, 0x0, 0x0, 0x0, 0x0, 0x0, 0x0,
    0xf, 0x0, 0xcd, 0xdd, 0xdd, 0xd4, 0x0, 0xf,
    0x2, 0x22, 0x26, 0xe2, 0x20, 0xa, 0x2f, 0x1e,
    0x0, 0x3, 0xd0, 0x0, 0xc, 0xf, 0x68, 0x0,
    0x3, 0xd0, 0x0, 0xd, 0xf, 0x81, 0x0, 0x3,
    0xd0, 0x0, 0x16, 0xe, 0x0, 0x0, 0x3, 0xd0,
    0x0, 0x0, 0x2d, 0x0, 0x0, 0x3, 0xd0, 0x0,
    0x0, 0x5f, 0x40, 0x0, 0x3, 0xd0, 0x0, 0x0,
    0xa9, 0xe3, 0x0, 0x3, 0xd0, 0x0, 0x1, 0xf1,
    0x4c, 0x0, 0x3, 0xd0, 0x0, 0xc, 0x80, 0x1,
    0x1, 0x15, 0xd0, 0x0, 0x2b, 0x0, 0x0, 0xb,
    0xfe, 0x70, 0x0, 0x0, 0x0, 0x0, 0x0, 0x0,
    0x0, 0x0,

    /* U+7075 "灵" */
    0x0, 0xef, 0xff, 0xff, 0xff, 0xfe, 0x0, 0x0,
    0x0, 0x0, 0x0, 0x0, 0x1e, 0x0, 0x0, 0x3c,
    0xcc, 0xcc, 0xcc, 0xce, 0x0, 0x0, 0x0, 0x0,
    0x0, 0x0, 0x2e, 0x0, 0x0, 0xde, 0xee, 0xee,
    0xee, 0xed, 0x0, 0x0, 0x0, 0x0, 0x49, 0x0,
    0x0, 0x0, 0x0, 0x2b, 0x0, 0x89, 0x0, 0xc,
    0x0, 0x0, 0xa8, 0x0, 0xbb, 0x0, 0x7a, 0x0,
    0x2, 0xc0, 0x3, 0xfd, 0x40, 0xc1, 0x0, 0x0,
    0x0, 0x1d, 0x72, 0xe5, 0x0, 0x0, 0x0, 0x17,
    0xe7, 0x0, 0x2d, 0xc5, 0x20, 0xd, 0xe9, 0x20,
    0x0, 0x0, 0x5b, 0xe6, 0x1, 0x0, 0x0, 0x0,
    0x0, 0x0, 0x0,

    /* U+7085 "炅" */
    0x0, 0xee, 0xdd, 0xdd, 0xdd, 0xf4, 0x0, 0x0,
    0xe1, 0x0, 0x0, 0x0, 0xc4, 0x0, 0x0, 0xed,
    0xdd, 0xdd, 0xdd, 0xf4, 0x0, 0x0, 0xe1, 0x0,
    0x0, 0x0, 0xc4, 0x0, 0x0, 0xee, 0xdd, 0xdd,
    0xdd, 0xf4, 0x0, 0x0, 0x0, 0x0, 0x82, 0x0,
    0x0, 0x0, 0x0, 0x2a, 0x0, 0xf3, 0x0, 0xa3,
    0x0, 0x0, 0xa7, 0x4, 0xf8, 0x6, 0xb0, 0x0,
    0x4, 0xc0, 0xd, 0x7d, 0x3b, 0x10, 0x0, 0x0,
    0x1, 0xac, 0x4, 0xe4, 0x0, 0x0, 0x2, 0x7e,
    0xa0, 0x0, 0x4e, 0xb5, 0x10, 0x5f, 0xa3, 0x0,
    0x0, 0x0, 0x6b, 0xb0, 0x0, 0x0, 0x0, 0x0,
    0x0, 0x0, 0x0,

    /* U+7089 "炉" */
    0x0, 0x4a, 0x0, 0x0, 0x86, 0x0, 0x0, 0x4,
    0xa0, 0x0, 0x3, 0xf1, 0x0, 0x0, 0x4a, 0x0,
    0x12, 0x2b, 0x52, 0x20, 0x74, 0xa4, 0x9c, 0xdd,
    0xdd, 0xdf, 0xd, 0x4a, 0x94, 0xc4, 0x0, 0x0,
    0xf2, 0xc5, 0x97, 0xc, 0x40, 0x0, 0xf, 0x14,
    0x59, 0x0, 0xcf, 0xee, 0xef, 0xf0, 0x7, 0x80,
    0xd, 0x30, 0x0, 0xf, 0x0, 0x9c, 0x0, 0xe1,
    0x0, 0x0, 0x50, 0xd, 0xb9, 0xf, 0x0, 0x0,
    0x0, 0x3, 0xe0, 0xc7, 0xd0, 0x0, 0x0, 0x0,
    0xb7, 0x1, 0x97, 0x0, 0x0, 0x0, 0x5c, 0x0,
    0x2e, 0x10, 0x0, 0x0, 0x0, 0x10, 0x0, 0x20,
    0x0, 0x0, 0x0,

    /* U+70AF "炯" */
    0x0, 0x4b, 0x0, 0x0, 0x0, 0x0, 0x0, 0x0,
    0x4b, 0x1, 0xff, 0xff, 0xff, 0xf0, 0x0, 0x4b,
    0x2, 0xe0, 0x0, 0x0, 0xf0, 0xc, 0x5b, 0x5a,
    0xe2, 0xbb, 0xb0, 0xf0, 0xd, 0x5b, 0xb4, 0xe3,
    0x80, 0xc0, 0xf0, 0x2b, 0x5b, 0x91, 0xe3, 0x70,
    0xb0, 0xf0, 0x35, 0x59, 0x1, 0xe3, 0x70, 0xb0,
    0xf0, 0x0, 0x78, 0x1, 0xe3, 0x70, 0xb0, 0xf0,
    0x0, 0xad, 0x11, 0xe3, 0x70, 0xb0, 0xf0, 0x0,
    0xed, 0xc1, 0xe3, 0xec, 0xc0, 0xf0, 0x5, 0xd0,
    0xc8, 0xe1, 0x20, 0x0, 0xf0, 0x1e, 0x50, 0x11,
    0xe0, 0x0, 0x1, 0xf0, 0x48, 0x0, 0x1, 0xe0,
    0x0, 0x9e, 0xa0,

    /* U+70B3 "炳" */
    0x0, 0x67, 0x0, 0x0, 0x0, 0x0, 0x0, 0x0,
    0x67, 0xc, 0xff, 0xff, 0xff, 0xf1, 0x0, 0x67,
    0x20, 0x0, 0x5a, 0x0, 0x0, 0x9, 0x67, 0xb2,
    0x0, 0x5a, 0x0, 0x0, 0xb, 0x67, 0xc7, 0xfe,
    0xff, 0xee, 0xe0, 0x2a, 0x78, 0x77, 0x80, 0x59,
    0x1, 0xe0, 0x34, 0x95, 0x7, 0x80, 0x7d, 0x1,
    0xe0, 0x0, 0xa5, 0x7, 0x80, 0xc9, 0x91, 0xe0,
    0x0, 0xb9, 0x7, 0x86, 0xb0, 0xd4, 0xe0, 0x0,
    0xfc, 0x47, 0xad, 0x10, 0x49, 0xe0, 0x6, 0xa2,
    0xc7, 0x80, 0x0, 0x1, 0xe0, 0x1e, 0x30, 0x7,
    0x80, 0x0, 0x1, 0xe0, 0x27, 0x0, 0x7, 0x80,
    0x0, 0xdf, 0x90, 0x0, 0x0, 0x0, 0x0, 0x0,
    0x0, 0x0,

    /* U+70B9 "点" */
    0x0, 0x0, 0x0, 0xd2, 0x0, 0x0, 0x0, 0x0,
    0x0, 0x0, 0xd3, 0x0, 0x0, 0x0, 0x0, 0x0,
    0x0, 0xdf, 0xee, 0xee, 0xb0, 0x0, 0x0, 0x0,
    0xd2, 0x0, 0x0, 0x0, 0x0, 0xab, 0xbb, 0xfc,
    0xbb, 0xb2, 0x0, 0x0, 0xe5, 0x44, 0x44, 0x44,
    0xd3, 0x0, 0x0, 0xe1, 0x0, 0x0, 0x0, 0xc3,
    0x0, 0x0, 0xe1, 0x0, 0x0, 0x0, 0xc3, 0x0,
    0x0, 0xdf, 0xff, 0xff, 0xff, 0xf3, 0x0, 0x0,
    0x10, 0x0, 0x0, 0x0, 0x0, 0x0, 0x1, 0xe1,
    0x58, 0x6, 0x70, 0x9c, 0x0, 0xa, 0x80, 0x4c,
    0x2, 0xd0, 0xc, 0x90, 0x5c, 0x0, 0x3c, 0x0,
    0xb1, 0x3, 0xd1, 0x0, 0x0, 0x0, 0x0, 0x0,
    0x0, 0x0,

    /* U+70BA "為" */
    0x0, 0x5, 0x0, 0x7, 0x0, 0x0, 0x0, 0x0,
    0x9, 0xa0, 0x4e, 0x0, 0x0, 0x0, 0x1, 0x23,
    0xc3, 0xa9, 0x22, 0x20, 0x0, 0xb, 0xcc, 0xcd,
    0xfc, 0xcd, 0xe0, 0x0, 0x0, 0x0, 0xb, 0x70,
    0x5, 0xa0, 0x0, 0x0, 0x0, 0x6f, 0xee, 0xef,
    0xfe, 0x0, 0x0, 0x2, 0xe2, 0x0, 0x0, 0x2d,
    0x0, 0x0, 0x3e, 0x81, 0x11, 0x11, 0x6a, 0x10,
    0x5, 0xfd, 0xdd, 0xdd, 0xdd, 0xdd, 0xf0, 0x5e,
    0x64, 0x2, 0x4, 0x8, 0x1, 0xe0, 0x1, 0x69,
    0x1c, 0xd, 0x17, 0x74, 0xc0, 0x1, 0xd3, 0xd,
    0x7, 0x40, 0x8, 0x90, 0x4, 0x70, 0x4, 0x0,
    0xc, 0xfd, 0x20,

    /* U+70C8 "烈" */
    0x0, 0x0, 0x0, 0x0, 0x0, 0xc, 0x40, 0xf,
    0xff, 0xff, 0xfb, 0x25, 0xc, 0x40, 0x0, 0xb,
    0x60, 0x0, 0x4a, 0xc, 0x40, 0x0, 0x6f, 0xdc,
    0xd5, 0x4a, 0xc, 0x40, 0x4, 0xe2, 0x0, 0xd3,
    0x4a, 0xc, 0x40, 0x2e, 0x4c, 0x46, 0xd0, 0x4a,
    0xc, 0x40, 0x1, 0x2, 0xdf, 0x50, 0x4a, 0xc,
    0x40, 0x0, 0x3, 0xea, 0x0, 0x0, 0xc, 0x40,
    0x1, 0x8f, 0x80, 0x0, 0x1, 0x1d, 0x30, 0xc,
    0xa3, 0x0, 0x0, 0x9, 0xda, 0x0, 0x0, 0x82,
    0x5, 0x1, 0x50, 0x48, 0x0, 0x4, 0xd0, 0x1e,
    0x0, 0xe0, 0xd, 0x50, 0x1e, 0x40, 0xf, 0x10,
    0xb5, 0x4, 0xe0, 0x3, 0x0, 0x2, 0x0, 0x10,
    0x0, 0x30,

    /* U+70DF "烟" */
    0x0, 0x4c, 0x0, 0x0, 0x0, 0x0, 0x0, 0x4,
    0xc0, 0x1f, 0xff, 0xff, 0xff, 0x0, 0x4c, 0x1,
    0xd0, 0x6, 0x0, 0xf0, 0x84, 0xc3, 0xcd, 0x0,
    0xd0, 0xf, 0xc, 0x4c, 0x86, 0xd1, 0x1d, 0x11,
    0xf2, 0xa4, 0xbc, 0x1d, 0x9c, 0xfc, 0x8f, 0x46,
    0x5a, 0x1, 0xd0, 0x3d, 0x0, 0xf0, 0x7, 0xa0,
    0x1d, 0x6, 0xe6, 0xf, 0x0, 0x9f, 0x31, 0xd0,
    0xc2, 0xc1, 0xf0, 0xe, 0x9e, 0x2d, 0x79, 0x5,
    0x8f, 0x4, 0xe0, 0x9a, 0xe7, 0x0, 0x5, 0xf1,
    0xe6, 0x0, 0x2f, 0xdd, 0xdd, 0xdf, 0x39, 0x0,
    0x1, 0xe1, 0x11, 0x11, 0xd0,

    /* U+70ED "热" */
    0x0, 0x0, 0x0, 0x0, 0x0, 0x0, 0x0, 0x0,
    0xf, 0x0, 0x1, 0xe0, 0x0, 0x0, 0x0, 0xf,
    0x0, 0x1, 0xe0, 0x0, 0x0, 0x1e, 0xef, 0xe9,
    0xde, 0xfe, 0xeb, 0x0, 0x0, 0xf, 0x0, 0x3,
    0xc0, 0x3c, 0x0, 0x0, 0xf, 0x13, 0x4, 0xa0,
    0x3c, 0x0, 0x4, 0x8f, 0xe8, 0xcb, 0x80, 0x3c,
    0x0, 0x3d, 0x8f, 0x0, 0x1e, 0xd2, 0x2c, 0x0,
    0x0, 0xf, 0x0, 0x3e, 0x6e, 0x4d, 0x23, 0x1,
    0x2f, 0x3, 0xe5, 0x2, 0xd, 0x78, 0x5, 0xc8,
    0x6, 0x40, 0x0, 0x5, 0xd2, 0x0, 0x92, 0x16,
    0x1, 0x70, 0x1b, 0x0, 0x5, 0xc0, 0x1f, 0x0,
    0xe2, 0xa, 0x90, 0x2e, 0x20, 0xf, 0x10, 0xa7,
    0x1, 0xe2, 0x2, 0x0, 0x1, 0x0, 0x0, 0x0,
    0x20,

    /* U+7121 "無" */
    0x0, 0x5, 0x30, 0x0, 0x0, 0x0, 0x0, 0x0,
    0x2f, 0x20, 0x0, 0x0, 0x0, 0x0, 0x1, 0xcf,
    0xff, 0xff, 0xff, 0xff, 0xb0, 0x1d, 0xda, 0xc,
    0x14, 0xa0, 0xb4, 0x0, 0x5, 0x4a, 0xc, 0x14,
    0xa0, 0xb4, 0x0, 0xb, 0xff, 0xef, 0xef, 0xfe,
    0xff, 0xb0, 0x0, 0x5a, 0xc, 0x24, 0xa0, 0xb5,
    0x0, 0x0, 0x4a, 0xc, 0x14, 0xa0, 0xb4, 0x0,
    0x2b, 0xce, 0xbf, 0xcc, 0xeb, 0xec, 0xb2, 0x3,
    0x54, 0x33, 0x33, 0x33, 0x45, 0x30, 0x0, 0xe2,
    0x1c, 0x2, 0xc0, 0x2e, 0x20, 0x8, 0xa0, 0xf,
    0x0, 0xd3, 0x7, 0xc0, 0x1b, 0x10, 0xa, 0x10,
    0x65, 0x0, 0xb2,

    /* U+7136 "然" */
    0x0, 0x1, 0x0, 0x0, 0x0, 0x0, 0x0, 0x0,
    0xb, 0x60, 0x0, 0xe, 0x47, 0x0, 0x0, 0x2f,
    0xdd, 0xc0, 0xe, 0x1c, 0x50, 0x0, 0xa8, 0x13,
    0xd0, 0xe, 0x12, 0x50, 0x6, 0xd6, 0x87, 0x9f,
    0xff, 0xff, 0xf0, 0x3e, 0x30, 0x6f, 0x20, 0x2f,
    0x50, 0x0, 0x14, 0xa8, 0x79, 0x0, 0x5f, 0xb0,
    0x0, 0x0, 0xa, 0xe1, 0x0, 0xd4, 0xe2, 0x0,
    0x0, 0x6e, 0x20, 0xa, 0xa0, 0x6c, 0x0, 0xc,
    0xc2, 0x1, 0xcc, 0x0, 0x9, 0xc0, 0x2, 0x0,
    0x0, 0x60, 0x0, 0x1, 0x40, 0x0, 0xe2, 0x1b,
    0x3, 0xa0, 0x4d, 0x0, 0x9, 0x90, 0xf, 0x0,
    0xe1, 0xa, 0x90, 0x2c, 0x0, 0xb, 0x10, 0x83,
    0x1, 0xc0,

    /* U+7159 "煙" */
    0x0, 0xa1, 0x0, 0x0, 0x0, 0x0, 0x0, 0x0,
    0xa1, 0x7e, 0xef, 0xef, 0xfe, 0xe0, 0x0, 0xa2,
    0x10, 0xe, 0x7, 0x80, 0x0, 0xa, 0xa6, 0xae,
    0xef, 0xef, 0xfe, 0xa0, 0xb, 0xaa, 0x5b, 0xd,
    0x7, 0x62, 0xc0, 0x38, 0xb8, 0x2b, 0xd, 0x7,
    0x62, 0xc0, 0x33, 0xc0, 0x2f, 0xdf, 0xee, 0xee,
    0xc0, 0x0, 0xd0, 0x0, 0x0, 0x31, 0x0, 0x0,
    0x0, 0xe0, 0x0, 0x0, 0xb5, 0x0, 0x0, 0x1,
    0xf8, 0xe, 0xee, 0xff, 0xee, 0x90, 0x5, 0x8c,
    0x10, 0x0, 0xb5, 0x0, 0x0, 0xc, 0x35, 0x40,
    0x0, 0xb5, 0x0, 0x0, 0x5a, 0x0, 0xde, 0xee,
    0xff, 0xee, 0xe3, 0x1, 0x0, 0x0, 0x0, 0x0,
    0x0, 0x0,

    /* U+7167 "照" */
    0x0, 0x0, 0x0, 0x0, 0x0, 0x0, 0x0, 0xef,
    0xef, 0x5e, 0xef, 0xee, 0xf7, 0xe, 0x10, 0xe1,
    0x5, 0xd0, 0x9, 0x60, 0xe1, 0xe, 0x12, 0xd4,
    0x12, 0xd3, 0xe, 0xdd, 0xf8, 0xc4, 0x5, 0x97,
    0x0, 0xe1, 0xe, 0x1b, 0xcc, 0xcc, 0xc1, 0xe,
    0x10, 0xe1, 0xe2, 0x11, 0x1e, 0x10, 0xe5, 0x4e,
    0x1e, 0x10, 0x0, 0xe1, 0xe, 0xaa, 0xa0, 0xec,
    0xcc, 0xcf, 0x10, 0xa0, 0x0, 0x1, 0x11, 0x11,
    0x10, 0x1, 0xd0, 0x54, 0x5, 0x60, 0x88, 0x0,
    0x99, 0x6, 0x90, 0x2d, 0x1, 0xe3, 0x4e, 0x10,
    0x4b, 0x0, 0xe2, 0x7, 0xb0, 0x20, 0x0, 0x10,
    0x1, 0x0, 0x1,

    /* U+718A "熊" */
    0x0, 0x0, 0x0, 0x0, 0x0, 0x0, 0x0, 0x0,
    0x1e, 0x21, 0x0, 0xf0, 0x2, 0x10, 0x0, 0xb5,
    0xd, 0x40, 0xf6, 0xcd, 0x50, 0xa, 0xea, 0xbe,
    0xf1, 0xf7, 0x20, 0x10, 0x6, 0x64, 0x31, 0x63,
    0xf0, 0x0, 0x95, 0x2, 0xfc, 0xcd, 0xa0, 0xae,
    0xdd, 0xc1, 0x2, 0xe6, 0x69, 0xa0, 0xd0, 0x2,
    0x10, 0x2, 0xd4, 0x48, 0xa0, 0xf7, 0xcd, 0x50,
    0x2, 0xea, 0xac, 0xa0, 0xf5, 0x10, 0x10, 0x2,
    0xc0, 0x5, 0xa0, 0xf1, 0x0, 0x87, 0x2, 0xb0,
    0xbc, 0x50, 0x9d, 0xdd, 0xb2, 0x0, 0x53, 0x4,
    0x0, 0x50, 0x7, 0x0, 0x1, 0xe1, 0xe, 0x10,
    0xd3, 0x9, 0xa0, 0xb, 0x60, 0xc, 0x20, 0x87,
    0x0, 0xd3, 0x0, 0x0, 0x0, 0x0, 0x0, 0x0,
    0x0,

    /* U+71B1 "熱" */
    0x0, 0x0, 0x0, 0x0, 0x0, 0x0, 0x0, 0x0,
    0x8, 0x60, 0x0, 0x2c, 0x0, 0x0, 0x7, 0xce,
    0xdc, 0x50, 0x3c, 0x0, 0x0, 0x0, 0x8, 0x60,
    0x9, 0xdf, 0xcc, 0x0, 0x1c, 0xcd, 0xdc, 0xb2,
    0x6b, 0x2f, 0x0, 0x2, 0xa1, 0x2a, 0x26, 0x88,
    0xe, 0x0, 0x19, 0x26, 0x42, 0x94, 0xda, 0xe,
    0x0, 0x9, 0xbe, 0xdb, 0x60, 0xcb, 0xad, 0x10,
    0x0, 0x9, 0x60, 0x2, 0xd0, 0x2c, 0x47, 0x3,
    0x4b, 0xba, 0xbc, 0x50, 0x8, 0xa6, 0x2b, 0x97,
    0x64, 0x58, 0x0, 0x2, 0xa1, 0x0, 0x82, 0x15,
    0x1, 0x60, 0x29, 0x0, 0x4, 0xd0, 0x1e, 0x0,
    0xe1, 0xb, 0x80, 0x1e, 0x30, 0xf, 0x0, 0xa4,
    0x1, 0xe1, 0x0, 0x0, 0x0, 0x0, 0x0, 0x0,
    0x0,

    /* U+71C8 "燈" */
    0x0, 0x92, 0x0, 0x0, 0xa, 0x0, 0x0, 0x0,
    0x92, 0xb, 0xef, 0x4a, 0x6d, 0x0, 0x0, 0x92,
    0x4, 0xd, 0x5, 0xe3, 0x40, 0x7, 0x94, 0x89,
    0xd7, 0x0, 0xdb, 0xa0, 0xa, 0x98, 0x53, 0xec,
    0xbb, 0xbe, 0x30, 0x28, 0xab, 0x5e, 0x31, 0x11,
    0x15, 0xe2, 0x34, 0xb1, 0x24, 0xfd, 0xdd, 0xee,
    0x20, 0x0, 0xc0, 0x2, 0xd0, 0x0, 0x1e, 0x0,
    0x0, 0xd3, 0x2, 0xfd, 0xdd, 0xee, 0x0, 0x1,
    0xcc, 0x0, 0x54, 0x0, 0x93, 0x0, 0x5, 0x76,
    0x80, 0x5a, 0x2, 0xf0, 0x0, 0xc, 0x20, 0x40,
    0x1c, 0x8, 0x90, 0x0, 0x49, 0x0, 0x6e, 0xee,
    0xee, 0xee, 0xe1, 0x1, 0x0, 0x0, 0x0, 0x0,
    0x0, 0x0,

    /* U+71D5 "燕" */
    0x0, 0x0, 0x68, 0x0, 0x78, 0x0, 0x0, 0x1d,
    0xdd, 0xef, 0xdd, 0xef, 0xdd, 0xd6, 0x0, 0x0,
    0x78, 0x0, 0x88, 0x0, 0x0, 0x0, 0x0, 0x7d,
    0xaa, 0xd8, 0x0, 0x0, 0x0, 0xd, 0x33, 0x33,
    0x32, 0xf0, 0x0, 0xe, 0xef, 0x1c, 0xdc, 0xd0,
    0xf7, 0xd1, 0x0, 0xd, 0x1d, 0x0, 0xe0, 0xf8,
    0x0, 0x0, 0x2e, 0x1d, 0x0, 0xe0, 0xf0, 0x44,
    0x1c, 0xce, 0x1d, 0xaa, 0xf0, 0xe7, 0xb5, 0x2,
    0x8, 0x12, 0x22, 0x20, 0x37, 0x50, 0x0, 0xd1,
    0xa, 0x0, 0xb0, 0x1e, 0x20, 0x6, 0xb0, 0xe,
    0x10, 0xc4, 0x6, 0xd0, 0xd, 0x10, 0xc, 0x20,
    0x78, 0x0, 0xc6, 0x0, 0x0, 0x0, 0x0, 0x0,
    0x0, 0x0,

    /* U+7231 "爱" */
    0x0, 0x0, 0x0, 0x12, 0x34, 0x67, 0x0, 0x5,
    0xdd, 0xdd, 0xdc, 0xa9, 0xa5, 0x0, 0x0, 0xb,
    0x0, 0x94, 0x2, 0xe0, 0x0, 0x1, 0x1a, 0x61,
    0x69, 0x1a, 0x71, 0x10, 0xe, 0xcc, 0xcc, 0xcc,
    0xcc, 0xcc, 0xe0, 0xe, 0x0, 0xc, 0x0, 0x0,
    0x0, 0xe0, 0x3, 0xce, 0xef, 0xee, 0xee, 0xec,
    0x30, 0x0, 0x0, 0xb6, 0x0, 0x0, 0x0, 0x0,
    0x0, 0x3, 0xff, 0xee, 0xee, 0xe2, 0x0, 0x0,
    0xb, 0x8c, 0x60, 0xa, 0x90, 0x0, 0x0, 0x7c,
    0x0, 0xab, 0xd8, 0x0, 0x0, 0x9, 0xc2, 0x59,
    0xda, 0xce, 0xa7, 0x30, 0x29, 0x2, 0xa5, 0x0,
    0x1, 0x69, 0x90,

    /* U+7236 "父" */
    0x0, 0x0, 0x62, 0x0, 0x35, 0x0, 0x0, 0x0,
    0x4, 0xe1, 0x0, 0x2e, 0x60, 0x0, 0x0, 0x2e,
    0x50, 0x0, 0x2, 0xe7, 0x0, 0x2, 0xe8, 0x0,
    0x0, 0x0, 0x3f, 0x50, 0xe, 0x82, 0x80, 0x0,
    0x9, 0x45, 0xe0, 0x2, 0x0, 0xf2, 0x0, 0x2f,
    0x20, 0x10, 0x0, 0x0, 0x8a, 0x0, 0x9a, 0x0,
    0x0, 0x0, 0x0, 0x1e, 0x64, 0xf2, 0x0, 0x0,
    0x0, 0x0, 0x4, 0xfe, 0x50, 0x0, 0x0, 0x0,
    0x0, 0x4, 0xef, 0x60, 0x0, 0x0, 0x0, 0x0,
    0x9f, 0x65, 0xeb, 0x10, 0x0, 0x3, 0x9f, 0xc2,
    0x0, 0x1b, 0xfb, 0x50, 0x4f, 0x93, 0x0, 0x0,
    0x0, 0x29, 0xe3, 0x0, 0x0, 0x0, 0x0, 0x0,
    0x0, 0x0,

    /* U+723D "爽" */
    0x0, 0x0, 0x0, 0x89, 0x0, 0x0, 0x0, 0x0,
    0x0, 0x0, 0x89, 0x0, 0x0, 0x0, 0x2f, 0xff,
    0xff, 0xff, 0xff, 0xff, 0xf3, 0x0, 0x40, 0x90,
    0x98, 0x3, 0x9, 0x0, 0x1, 0xae, 0x60, 0xa7,
    0x1a, 0xe7, 0x0, 0x4, 0xd8, 0xd1, 0xb8, 0x2d,
    0x9d, 0x10, 0x3, 0x20, 0x60, 0xdc, 0x24, 0x6,
    0x20, 0x2, 0xba, 0x82, 0xff, 0x1a, 0x9d, 0x10,
    0x0, 0xbf, 0x37, 0xb9, 0x85, 0xeb, 0x0, 0x8,
    0x82, 0x8e, 0x42, 0xfa, 0x16, 0x60, 0x0, 0x2,
    0xd9, 0x0, 0x7e, 0x30, 0x0, 0x2, 0x8f, 0x70,
    0x0, 0x7, 0xf8, 0x20, 0x2f, 0x92, 0x0, 0x0,
    0x0, 0x3a, 0xf2, 0x0, 0x0, 0x0, 0x0, 0x0,
    0x0, 0x0,

    /* U+723E "爾" */
    0x1f, 0xff, 0xff, 0xff, 0xff, 0xff, 0xf2, 0x0,
    0xb, 0x50, 0x87, 0x9, 0xc3, 0x0, 0x5, 0xd7,
    0x0, 0x87, 0x0, 0x5e, 0x90, 0x3d, 0xfd, 0xdd,
    0xfe, 0xdd, 0xdf, 0xb2, 0x2, 0xc2, 0x17, 0x87,
    0x34, 0x4a, 0x40, 0x2, 0xc3, 0xe6, 0x87, 0x8f,
    0x1a, 0x40, 0x2, 0xc8, 0x67, 0x88, 0xb4, 0x6a,
    0x40, 0x2, 0xc2, 0x6, 0x87, 0x22, 0x4a, 0x40,
    0x2, 0xc5, 0xc6, 0x87, 0x9d, 0x2a, 0x40, 0x2,
    0xc3, 0xbb, 0x87, 0x89, 0x8a, 0x40, 0x2, 0xd8,
    0x0, 0x89, 0x70, 0xb, 0x40, 0x2, 0xc0, 0x0,
    0x76, 0x8, 0xdd, 0x20,

    /* U+72B6 "状" */
    0x0, 0x0, 0x0, 0x0, 0x0, 0x0, 0x0, 0x0,
    0xc, 0x40, 0x0, 0xf0, 0x41, 0x0, 0x0, 0xc,
    0x40, 0x0, 0xf0, 0x6b, 0x0, 0x4c, 0xc, 0x40,
    0x0, 0xf0, 0xb, 0x60, 0xa, 0x8c, 0x40, 0x0,
    0xf0, 0x2, 0x10, 0x1, 0xbc, 0x7d, 0xdd, 0xfd,
    0xdd, 0xd1, 0x0, 0xc, 0x52, 0x24, 0xf7, 0x22,
    0x20, 0x0, 0xd, 0x40, 0x4, 0xf9, 0x0, 0x0,
    0x1, 0xcf, 0x40, 0x7, 0xad, 0x0, 0x0, 0x2d,
    0x7c, 0x40, 0xd, 0x49, 0x50, 0x0, 0x76, 0xc,
    0x40, 0x5d, 0x3, 0xd0, 0x0, 0x0, 0xc, 0x41,
    0xe5, 0x0, 0xb9, 0x0, 0x0, 0xc, 0x5c, 0xa0,
    0x0, 0x1e, 0x90, 0x0, 0xc, 0x9a, 0x0, 0x0,
    0x2, 0xc2,

    /* U+72B9 "犹" */
    0x6, 0x20, 0x90, 0x1, 0xf0, 0x61, 0x0, 0x6,
    0xd8, 0xb0, 0x1, 0xe0, 0x6b, 0x0, 0x0, 0xaf,
    0x20, 0x1, 0xe0, 0xb, 0x40, 0x3, 0xef, 0x2,
    0x35, 0xe3, 0x35, 0x30, 0x1f, 0x7b, 0x4a, 0xcd,
    0xfc, 0xcc, 0xc3, 0x3, 0x7, 0x90, 0x4, 0xb0,
    0x0, 0x0, 0x0, 0xe, 0xa0, 0x6, 0x99, 0x40,
    0x0, 0x0, 0xac, 0xb0, 0x9, 0x79, 0x40, 0x0,
    0xa, 0xc4, 0xb0, 0xd, 0x39, 0x40, 0x0, 0xa,
    0x14, 0xa0, 0x3e, 0x9, 0x40, 0x0, 0x0, 0x5,
    0xa0, 0xb6, 0x9, 0x40, 0xa3, 0x0, 0x9, 0x78,
    0xd0, 0x9, 0x50, 0xc2, 0x8, 0xed, 0x4d, 0x10,
    0x6, 0xef, 0xd0, 0x0, 0x10, 0x0, 0x0, 0x0,
    0x0, 0x0,

    /* U+72C0 "狀" */
    0x0, 0x0, 0xf0, 0x0, 0x3c, 0x0, 0x0, 0xe,
    0x10, 0xf0, 0x0, 0x3c, 0x2d, 0x10, 0xe, 0x10,
    0xf0, 0x0, 0x3c, 0x5, 0xc0, 0xe, 0x10, 0xf0,
    0x0, 0x3c, 0x0, 0x50, 0xe, 0xee, 0xf6, 0xdd,
    0xdf, 0xdd, 0xd7, 0x0, 0x0, 0xf1, 0x33, 0x7f,
    0x53, 0x31, 0x0, 0x0, 0xf0, 0x0, 0x6f, 0x40,
    0x0, 0x6e, 0xee, 0xf0, 0x0, 0xae, 0x80, 0x0,
    0x6, 0x90, 0xf0, 0x0, 0xe6, 0xd0, 0x0, 0x7,
    0x70, 0xf0, 0x7, 0xc0, 0xd5, 0x0, 0xa, 0x50,
    0xf0, 0x2f, 0x30, 0x5e, 0x10, 0x2e, 0x0, 0xf4,
    0xe6, 0x0, 0xa, 0xd2, 0x25, 0x0, 0xfb, 0x60,
    0x0, 0x0, 0x95, 0x0, 0x0, 0x0, 0x0, 0x0,
    0x0, 0x0,

    /* U+72EC "独" */
    0x27, 0x3, 0x60, 0x0, 0xd2, 0x0, 0x0, 0xd,
    0x6c, 0x60, 0x0, 0xd2, 0x0, 0x0, 0x2, 0xfb,
    0x0, 0x0, 0xd2, 0x0, 0x0, 0x7, 0xf8, 0xe,
    0xee, 0xfe, 0xef, 0x40, 0x5c, 0x4c, 0xe, 0x10,
    0xd2, 0xc, 0x40, 0x0, 0xf, 0x1e, 0x10, 0xd2,
    0xc, 0x40, 0x0, 0x7f, 0x2e, 0x10, 0xd2, 0xc,
    0x40, 0x4, 0xdd, 0x3e, 0xfe, 0xff, 0xef, 0x40,
    0x5e, 0x3c, 0x30, 0x0, 0xd2, 0x23, 0x0, 0x33,
    0xd, 0x20, 0x0, 0xd2, 0x5c, 0x0, 0x0, 0xe,
    0x10, 0x0, 0xd3, 0x2e, 0x40, 0x0, 0x3e, 0x49,
    0xbd, 0xff, 0xed, 0xa0, 0x1f, 0xe5, 0x38, 0x64,
    0x20, 0x1, 0xc0, 0x0, 0x0, 0x0, 0x0, 0x0,
    0x0, 0x0,

    /* U+731B "猛" */
    0x2, 0x1, 0x20, 0x0, 0x0, 0x0, 0x0, 0x1e,
    0x3b, 0x75, 0xee, 0xee, 0xfb, 0x0, 0x3, 0xfc,
    0x0, 0x0, 0x1b, 0x80, 0x0, 0x6, 0xf7, 0x0,
    0x0, 0xa7, 0x0, 0x0, 0x4d, 0x6c, 0x4d, 0xdd,
    0xfe, 0xdd, 0xd1, 0x1, 0xf, 0x0, 0x0, 0x95,
    0x0, 0x0, 0x0, 0x5f, 0x10, 0x15, 0xc5, 0x0,
    0x0, 0x1, 0xee, 0x20, 0x7, 0x60, 0x0, 0x0,
    0x1d, 0x6d, 0x2e, 0xdf, 0xdf, 0xdf, 0x30, 0x27,
    0xd, 0x1e, 0xc, 0xc, 0xb, 0x30, 0x0, 0xe,
    0xe, 0xc, 0xc, 0xb, 0x30, 0x0, 0x3e, 0xe,
    0xc, 0xc, 0xb, 0x30, 0xe, 0xe5, 0xcf, 0xef,
    0xef, 0xef, 0xf3, 0x0, 0x0, 0x0, 0x0, 0x0,
    0x0, 0x0,

    /* U+7336 "猶" */
    0x2, 0x1, 0x31, 0x30, 0x0, 0x16, 0x0, 0x2e,
    0x2b, 0x71, 0xe2, 0x0, 0x99, 0x0, 0x4, 0xfb,
    0x13, 0xaa, 0x35, 0xf5, 0x30, 0x7, 0xf7, 0x4b,
    0xbe, 0xce, 0xbb, 0xb2, 0x6b, 0x4c, 0x0, 0xa,
    0x3c, 0x10, 0x0, 0x0, 0xf, 0xe, 0xef, 0xef,
    0xee, 0xe0, 0x0, 0x8f, 0x2e, 0xa, 0x2c, 0x1,
    0xe0, 0x5, 0xdc, 0x3e, 0x2d, 0xa, 0xaa, 0xe0,
    0x6f, 0x3c, 0x3e, 0x94, 0x0, 0x23, 0xe0, 0x44,
    0xd, 0x2e, 0x22, 0x22, 0x23, 0xe0, 0x0, 0xe,
    0x1e, 0xaa, 0xaa, 0xaa, 0xe0, 0x0, 0x3e, 0xe,
    0x22, 0x22, 0x24, 0xe0, 0x1f, 0xe5, 0xe, 0xaa,
    0xaa, 0xaa, 0xd0, 0x0, 0x0, 0x0, 0x0, 0x0,
    0x0, 0x0,

    /* U+7378 "獸" */
    0x0, 0x0, 0x0, 0x0, 0x2, 0xd0, 0x0, 0xe,
    0xad, 0x7c, 0xc6, 0x2, 0xd5, 0x80, 0xe, 0xad,
    0x7c, 0xc6, 0x2, 0xd0, 0xc3, 0x5, 0x66, 0x66,
    0x62, 0x2, 0xd0, 0x0, 0xd, 0x68, 0xc5, 0xcc,
    0xff, 0xff, 0xf8, 0xd, 0xbc, 0xea, 0xe5, 0x14,
    0xf4, 0x10, 0xd, 0x14, 0xa0, 0xa5, 0x4, 0xf6,
    0x0, 0x9, 0xbb, 0xbb, 0xb3, 0x7, 0xf8, 0x0,
    0x4a, 0xaa, 0xaa, 0xaa, 0xa, 0x7c, 0x0, 0x5,
    0xaa, 0xaa, 0xa1, 0xe, 0xd, 0x10, 0x8, 0x71,
    0x11, 0xe2, 0x6a, 0x8, 0x70, 0x8, 0x71, 0x11,
    0xe4, 0xe1, 0x1, 0xe1, 0x8, 0xca, 0xaa, 0xfc,
    0x40, 0x0, 0x68, 0x0, 0x0, 0x0, 0x0, 0x0,
    0x0, 0x0,

    /* U+7384 "玄" */
    0x0, 0x0, 0x0, 0x0, 0x0, 0x0, 0x0, 0x0,
    0x0, 0x1, 0xd0, 0x0, 0x0, 0x0, 0x0, 0x0,
    0x0, 0x99, 0x0, 0x0, 0x0, 0x2e, 0xee, 0xee,
    0xff, 0xee, 0xee, 0xe2, 0x1, 0x11, 0x2c, 0xa1,
    0x11, 0x11, 0x10, 0x0, 0x0, 0x6e, 0x10, 0x2,
    0x0, 0x0, 0x0, 0x3, 0xf4, 0x0, 0x1d, 0x80,
    0x0, 0x0, 0x2e, 0x60, 0x12, 0xba, 0x0, 0x0,
    0x0, 0xbf, 0xed, 0xdf, 0x90, 0x0, 0x0, 0x0,
    0x10, 0x1, 0xd9, 0x1, 0x30, 0x0, 0x0, 0x0,
    0x3d, 0x60, 0x3, 0xe2, 0x0, 0x0, 0x7, 0xd3,
    0x0, 0x1, 0x8d, 0x0, 0x1, 0xdf, 0xdd, 0xef,
    0xed, 0xcd, 0x80, 0x0, 0x75, 0x32, 0x10, 0x0,
    0x1, 0xd0, 0x0, 0x0, 0x0, 0x0, 0x0, 0x0,
    0x0,

    /* U+7389 "玉" */
    0x6, 0xff, 0xff, 0xff, 0xff, 0xff, 0xc0, 0x0,
    0x0, 0x0, 0x7a, 0x0, 0x0, 0x0, 0x0, 0x0,
    0x0, 0x7a, 0x0, 0x0, 0x0, 0x0, 0x0, 0x0,
    0x7a, 0x0, 0x0, 0x0, 0x0, 0x0, 0x0, 0x7a,
    0x0, 0x0, 0x0, 0x0, 0xcf, 0xff, 0xff, 0xff,
    0xff, 0x30, 0x0, 0x0, 0x0, 0x7a, 0x1, 0x0,
    0x0, 0x0, 0x0, 0x0, 0x7a, 0xc, 0x70, 0x0,
    0x0, 0x0, 0x0, 0x7a, 0x1, 0xd7, 0x0, 0x0,
    0x0, 0x0, 0x7a, 0x0, 0x2d, 0x10, 0x3, 0x33,
    0x33, 0x9b, 0x33, 0x34, 0x31, 0xc, 0xcc, 0xcc,
    0xcc, 0xcc, 0xcc, 0xc5,

    /* U+738B "王" */
    0x5, 0xff, 0xff, 0xff, 0xff, 0xff, 0xb0, 0x0,
    0x11, 0x11, 0x6b, 0x11, 0x11, 0x10, 0x0, 0x0,
    0x0, 0x5b, 0x0, 0x0, 0x0, 0x0, 0x0, 0x0,
    0x5b, 0x0, 0x0, 0x0, 0x0, 0x0, 0x0, 0x5b,
    0x0, 0x0, 0x0, 0x0, 0xbf, 0xff, 0xff, 0xff,
    0xff, 0x40, 0x0, 0x1, 0x11, 0x6b, 0x11, 0x11,
    0x0, 0x0, 0x0, 0x0, 0x5b, 0x0, 0x0, 0x0,
    0x0, 0x0, 0x0, 0x5b, 0x0, 0x0, 0x0, 0x0,
    0x0, 0x0, 0x5b, 0x0, 0x0, 0x0, 0xc, 0xcc,
    0xcc, 0xde, 0xcc, 0xcc, 0xc5, 0x4, 0x44, 0x44,
    0x44, 0x44, 0x44, 0x41,

    /* U+7395 "玕" */
    0x1f, 0xff, 0xfa, 0xdf, 0xff, 0xff, 0xf2, 0x0,
    0x5c, 0x0, 0x0, 0xe, 0x20, 0x0, 0x0, 0x4b,
    0x0, 0x0, 0xe, 0x20, 0x0, 0x0, 0x4b, 0x0,
    0x0, 0xe, 0x20, 0x0, 0xb, 0xdf, 0xc4, 0x0,
    0xe, 0x20, 0x0, 0x2, 0x6c, 0x36, 0xff, 0xff,
    0xff, 0xf9, 0x0, 0x4b, 0x0, 0x0, 0xe, 0x20,
    0x0, 0x0, 0x4b, 0x0, 0x0, 0xe, 0x20, 0x0,
    0x1, 0x7e, 0xcc, 0x0, 0xe, 0x20, 0x0, 0x3f,
    0xb7, 0x30, 0x0, 0xe, 0x20, 0x0, 0x0, 0x0,
    0x0, 0x0, 0xe, 0x20, 0x0, 0x0, 0x0, 0x0,
    0x0, 0xe, 0x20, 0x0,

    /* U+73AF "环" */
    0x3e, 0xee, 0xd5, 0xff, 0xff, 0xff, 0xf9, 0x0,
    0xc4, 0x0, 0x0, 0xd, 0x60, 0x0, 0x0, 0xc3,
    0x0, 0x0, 0x5e, 0x0, 0x0, 0x0, 0xc3, 0x0,
    0x0, 0xdd, 0x60, 0x0, 0x3e, 0xff, 0x70, 0x7,
    0xfd, 0xa9, 0x0, 0x0, 0xc4, 0x0, 0x4f, 0x6d,
    0xc, 0x60, 0x0, 0xc3, 0x4, 0xf6, 0x3d, 0x2,
    0xe2, 0x0, 0xc3, 0x6, 0x60, 0x3d, 0x0, 0x52,
    0x0, 0xca, 0xb0, 0x0, 0x3d, 0x0, 0x0, 0x4d,
    0xd8, 0x20, 0x0, 0x3d, 0x0, 0x0, 0x13, 0x0,
    0x0, 0x0, 0x3d, 0x0, 0x0, 0x0, 0x0, 0x0,
    0x0, 0x3d, 0x0, 0x0,

    /* U+73B0 "现" */
    0x1e, 0xee, 0xe8, 0xcf, 0xee, 0xef, 0x40, 0x0,
    0x3d, 0x0, 0xc4, 0x1, 0xc, 0x40, 0x0, 0x3c,
    0x0, 0xc4, 0x1e, 0xc, 0x40, 0x0, 0x3c, 0x0,
    0xc4, 0x1e, 0xc, 0x40, 0xd, 0xff, 0xe4, 0xc4,
    0x1e, 0xc, 0x40, 0x0, 0x3d, 0x0, 0xc4, 0x2d,
    0xc, 0x40, 0x0, 0x3c, 0x0, 0xc4, 0x3b, 0xc,
    0x40, 0x0, 0x3c, 0x0, 0x52, 0x8d, 0x35, 0x10,
    0x0, 0x3d, 0x46, 0x0, 0xda, 0x50, 0x10, 0x6,
    0xbf, 0xc6, 0x9, 0xa7, 0x50, 0x94, 0x1a, 0x51,
    0x0, 0x7d, 0x17, 0x60, 0xa2, 0x0, 0x0, 0xc,
    0xb1, 0x3, 0xdc, 0xc0, 0x0, 0x0, 0x3, 0x0,
    0x0, 0x0, 0x0,

    /* U+73CD "珍" */
    0x0, 0x0, 0x0, 0x0, 0x67, 0x0, 0x0, 0x7e,
    0xee, 0xe1, 0x1, 0xee, 0x20, 0x0, 0x0, 0xb5,
    0x0, 0x1d, 0x64, 0xe2, 0x0, 0x0, 0xb4, 0x4,
    0xe8, 0x0, 0x5e, 0x60, 0x0, 0xb4, 0x3e, 0x50,
    0x69, 0x3, 0xd4, 0x5e, 0xff, 0xb1, 0x19, 0xb0,
    0x0, 0x0, 0x0, 0xb5, 0x0, 0xd7, 0x1, 0xd1,
    0x0, 0x0, 0xb4, 0x0, 0x0, 0x3d, 0x30, 0x0,
    0x0, 0xb4, 0x0, 0x19, 0xd3, 0x7, 0x80, 0x0,
    0xb9, 0xb3, 0xb8, 0x0, 0x6e, 0x10, 0x5d, 0xe9,
    0x40, 0x0, 0x19, 0xd2, 0x0, 0x23, 0x0, 0x0,
    0x49, 0xe8, 0x0, 0x0, 0x0, 0x0, 0x4, 0xc7,
    0x10, 0x0, 0x0,

    /* U+73EE "珮" */
    0x2f, 0xff, 0xbd, 0xee, 0xee, 0xef, 0x80, 0x0,
    0xa, 0x40, 0xd0, 0x0, 0x0, 0x68, 0x0, 0x0,
    0xa4, 0xd, 0x7d, 0xfd, 0xd7, 0x80, 0x0, 0x1a,
    0x51, 0xd0, 0xc, 0x0, 0x68, 0x0, 0xb, 0xed,
    0x7e, 0x5c, 0xfc, 0xb6, 0x80, 0x0, 0xa, 0x40,
    0xe6, 0x4a, 0xd, 0x68, 0x0, 0x0, 0xa4, 0xd,
    0x54, 0xa0, 0xc6, 0x80, 0x0, 0xa, 0x88, 0xc5,
    0x4a, 0xc, 0x58, 0x0, 0x2a, 0xeb, 0x9a, 0x54,
    0xa0, 0xc4, 0x90, 0x2, 0x61, 0x9, 0x65, 0x4a,
    0x9b, 0x3a, 0x80, 0x0, 0x1, 0xe1, 0x0, 0xa0,
    0x0, 0xda, 0x0, 0x0, 0x66, 0x0, 0x9, 0x0,
    0x9, 0xa0, 0x0, 0x0, 0x0, 0x0, 0x0, 0x0,
    0x0, 0x0,

    /* U+73F0 "珰" */
    0x0, 0x0, 0x0, 0x0, 0x1d, 0x0, 0x7, 0xee,
    0xee, 0x1b, 0x1, 0xd0, 0x3a, 0x0, 0xb4, 0x0,
    0xa4, 0x1d, 0x8, 0x60, 0xb, 0x30, 0x5, 0x91,
    0xd0, 0xd1, 0x0, 0xb3, 0x0, 0x4, 0x1d, 0x6,
    0x4, 0xff, 0xfa, 0x3c, 0xcd, 0xfc, 0xcb, 0x0,
    0xb3, 0x0, 0x33, 0x33, 0x34, 0xe0, 0xb, 0x30,
    0x0, 0x0, 0x0, 0x1e, 0x0, 0xb3, 0x0, 0xef,
    0xff, 0xff, 0xe0, 0xb, 0x9c, 0x40, 0x0, 0x0,
    0x1e, 0x5d, 0xea, 0x50, 0x0, 0x0, 0x1, 0xe3,
    0x40, 0x0, 0x7f, 0xff, 0xff, 0xfe, 0x0, 0x0,
    0x0, 0x0, 0x0, 0x1, 0xe0,

    /* U+73FE "現" */
    0x1f, 0xff, 0xfb, 0x9e, 0xdd, 0xde, 0xf0, 0x0,
    0x2d, 0x0, 0x95, 0x0, 0x0, 0xf0, 0x0, 0x2d,
    0x0, 0x9e, 0xdd, 0xdd, 0xf0, 0x3, 0x5e, 0x32,
    0x95, 0x0, 0x0, 0xf0, 0x9, 0xbf, 0xa6, 0x9e,
    0xcc, 0xcd, 0xf0, 0x0, 0x2d, 0x0, 0x96, 0x0,
    0x1, 0xf0, 0x0, 0x2d, 0x0, 0x96, 0x11, 0x12,
    0xf0, 0x0, 0x2d, 0x2, 0x7d, 0xec, 0xfc, 0xc0,
    0x2, 0x8f, 0xea, 0x8, 0x80, 0xf0, 0x0, 0x3d,
    0x84, 0x0, 0xe, 0x30, 0xf0, 0x3, 0x0, 0x0,
    0x2, 0xc9, 0x0, 0xf1, 0x1c, 0x0, 0x0, 0x6e,
    0x70, 0x0, 0xbe, 0xe7, 0x0, 0x0, 0x0, 0x0,
    0x0, 0x0, 0x0,

    /* U+7405 "琅" */
    0x0, 0x0, 0x0, 0x0, 0x61, 0x0, 0x0, 0x49,
    0x99, 0x90, 0x0, 0x88, 0x0, 0x0, 0x25, 0xc8,
    0x52, 0xfe, 0xee, 0xef, 0x20, 0x0, 0xa4, 0x1,
    0xd0, 0x0, 0xd, 0x20, 0x0, 0xa4, 0x1, 0xfe,
    0xee, 0xef, 0x20, 0x3d, 0xfe, 0xa1, 0xd0, 0x0,
    0xd, 0x20, 0x14, 0xc8, 0x31, 0xd0, 0x0, 0xd,
    0x20, 0x0, 0xa4, 0x1, 0xfe, 0xfe, 0xee, 0x20,
    0x0, 0xa4, 0x1, 0xd0, 0x68, 0x4, 0x50, 0x0,
    0xa8, 0x81, 0xd0, 0xd, 0x9d, 0x20, 0x28, 0xec,
    0x61, 0xd0, 0x5, 0xe1, 0x0, 0x48, 0x20, 0x2,
    0xe5, 0xa0, 0x9c, 0x20, 0x0, 0x0, 0x7, 0xfa,
    0x40, 0x7, 0xd0, 0x0, 0x0, 0x1, 0x10, 0x0,
    0x0, 0x0,

    /* U+7406 "理" */
    0x5e, 0xee, 0xe4, 0xfe, 0xef, 0xee, 0xe0, 0x0,
    0xa6, 0x4, 0xb0, 0xe, 0x1, 0xe0, 0x0, 0x96,
    0x4, 0xc3, 0x3e, 0x34, 0xe0, 0x0, 0x96, 0x4,
    0xea, 0xaf, 0xaa, 0xe0, 0x2b, 0xed, 0x84, 0xb0,
    0xe, 0x1, 0xe0, 0x1, 0xa7, 0x4, 0xfe, 0xef,
    0xee, 0xe0, 0x0, 0x96, 0x0, 0x0, 0x1f, 0x0,
    0x0, 0x0, 0x96, 0x0, 0x0, 0x1f, 0x0, 0x0,
    0x0, 0x98, 0x76, 0xff, 0xff, 0xff, 0xf1, 0x28,
    0xee, 0x90, 0x0, 0x1f, 0x0, 0x0, 0x4a, 0x40,
    0x1, 0x11, 0x2f, 0x11, 0x10, 0x0, 0x0, 0x7d,
    0xdd, 0xdd, 0xdd, 0xd8,

    /* U+7455 "瑕" */
    0x8f, 0xff, 0x6f, 0xee, 0xac, 0xee, 0xd0, 0x0,
    0xd0, 0x2d, 0x2, 0xa0, 0x1, 0xd0, 0x0, 0xd0,
    0x2d, 0x2, 0xa0, 0x1, 0xd0, 0x0, 0xd0, 0x2f,
    0xde, 0xac, 0xee, 0xd0, 0x6e, 0xfe, 0x3d, 0x0,
    0x0, 0x0, 0x0, 0x25, 0xe4, 0x2d, 0x0, 0x29,
    0x99, 0x80, 0x0, 0xd0, 0x2f, 0xdd, 0x5d, 0x68,
    0xc0, 0x0, 0xd0, 0x2d, 0x0, 0x8, 0x59, 0x70,
    0x1, 0xe8, 0x4f, 0xdd, 0x81, 0xde, 0x0, 0x7e,
    0xc7, 0x3d, 0x0, 0x1, 0xea, 0x0, 0x31, 0x0,
    0x2d, 0x0, 0x2c, 0x8d, 0x80, 0x0, 0x0, 0x2d,
    0x0, 0xc5, 0x1, 0xb3, 0x0, 0x0, 0x0, 0x0,
    0x0, 0x0, 0x0,

    /* U+7469 "瑩" */
    0x0, 0x25, 0x80, 0x10, 0x17, 0x80, 0x20, 0x4,
    0x98, 0x58, 0x77, 0x69, 0x66, 0xa0, 0x9, 0x1d,
    0x76, 0x9, 0x1f, 0x77, 0x0, 0x3, 0xc9, 0xba,
    0x15, 0xd8, 0xbc, 0x20, 0x1b, 0x50, 0x7, 0x3a,
    0x30, 0x5, 0xc0, 0xd, 0xed, 0xdd, 0xdd, 0xdd,
    0xde, 0xe0, 0xd, 0x20, 0x0, 0x0, 0x0, 0x2,
    0xe0, 0x6, 0x5e, 0xee, 0xff, 0xee, 0xe5, 0x70,
    0x0, 0x0, 0x0, 0x88, 0x0, 0x0, 0x0, 0x0,
    0x7e, 0xee, 0xff, 0xee, 0xe8, 0x0, 0x0, 0x0,
    0x0, 0x88, 0xa, 0x30, 0x0, 0x0, 0x0, 0x0,
    0x88, 0x4, 0xe3, 0x0, 0xe, 0xee, 0xee, 0xff,
    0xee, 0xfe, 0xe0,

    /* U+7471 "瑱" */
    0x0, 0x0, 0x0, 0x0, 0x35, 0x0, 0x0, 0x29,
    0x99, 0x81, 0x33, 0x9a, 0x33, 0x20, 0x16, 0xc9,
    0x56, 0xaa, 0xeb, 0xaa, 0x90, 0x0, 0x94, 0x0,
    0x89, 0xe9, 0x99, 0x0, 0x0, 0x94, 0x0, 0xf3,
    0x33, 0x3e, 0x10, 0x1e, 0xff, 0xa0, 0xf6, 0x66,
    0x6e, 0x10, 0x0, 0xa5, 0x0, 0xfa, 0xaa, 0xaf,
    0x10, 0x0, 0x94, 0x0, 0xf0, 0x0, 0xe, 0x10,
    0x0, 0x94, 0x0, 0xfa, 0xaa, 0xaf, 0x10, 0x0,
    0x9a, 0xc3, 0xf3, 0x33, 0x3e, 0x41, 0x29, 0xea,
    0x3b, 0xbc, 0xbb, 0xdb, 0xb4, 0x37, 0x10, 0x0,
    0x7e, 0x20, 0xca, 0x10, 0x0, 0x0, 0xc, 0xa1,
    0x0, 0x8, 0xd0, 0x0, 0x0, 0x2, 0x0, 0x0,
    0x0, 0x20,

    /* U+74A7 "璧" */
    0x0, 0x0, 0x0, 0x0, 0x6, 0x50, 0x0, 0x3,
    0xec, 0xcd, 0x89, 0xcd, 0xfc, 0xc2, 0x3, 0xb0,
    0x6, 0x80, 0x80, 0x6, 0x30, 0x4, 0xfe, 0xef,
    0x81, 0x96, 0x1d, 0x20, 0x5, 0xa2, 0x22, 0x2b,
    0xbc, 0xeb, 0xb7, 0x9, 0xfb, 0x9b, 0x91, 0x26,
    0xc2, 0x20, 0x2d, 0xa4, 0x4, 0x97, 0x9b, 0xe9,
    0x93, 0x4, 0x7b, 0xbb, 0x70, 0x4, 0xb0, 0x0,
    0x0, 0xcc, 0xcc, 0xdd, 0xcc, 0xcc, 0xa0, 0x0,
    0x0, 0x0, 0x4c, 0x0, 0x0, 0x0, 0x0, 0x5c,
    0xcc, 0xdf, 0xcd, 0xec, 0x20, 0x0, 0x0, 0x0,
    0x4c, 0x2, 0xd2, 0x0, 0x2d, 0xdd, 0xdd, 0xef,
    0xdd, 0xed, 0xd8,

    /* U+74AB "璫" */
    0x0, 0x0, 0x1, 0x90, 0x1d, 0x8, 0x30, 0x5d,
    0xdd, 0xd1, 0xc5, 0x1d, 0x1d, 0x0, 0x1, 0xa7,
    0x1a, 0xdc, 0xbf, 0xbd, 0xb3, 0x0, 0xa5, 0xd,
    0x22, 0x22, 0x22, 0xb5, 0x0, 0xa5, 0x8, 0x9c,
    0xcc, 0xcd, 0x63, 0x2e, 0xff, 0xd0, 0xa3, 0x0,
    0xf, 0x0, 0x0, 0xa6, 0x0, 0xad, 0xcc, 0xcf,
    0x0, 0x0, 0xa5, 0x0, 0x11, 0x11, 0x11, 0x0,
    0x0, 0xa5, 0x6, 0xec, 0xdf, 0xcd, 0xc0, 0x0,
    0xbc, 0xe8, 0x70, 0x1d, 0x3, 0xc0, 0x5e, 0xd8,
    0x26, 0xec, 0xcf, 0xcd, 0xc0, 0x22, 0x0, 0x6,
    0x70, 0x1d, 0x3, 0xc0, 0x0, 0x0, 0x6, 0xec,
    0xcc, 0xcd, 0xc0,

    /* U+74B0 "環" */
    0x48, 0x88, 0x2e, 0xce, 0xce, 0xcd, 0x70, 0x25,
    0xe4, 0x1e, 0xb, 0x9, 0x26, 0x70, 0x1, 0xd0,
    0xb, 0xcc, 0xcc, 0xcc, 0x60, 0x1, 0xd0, 0x38,
    0x88, 0x88, 0x88, 0x80, 0x4b, 0xfb, 0x24, 0x44,
    0x44, 0x44, 0x40, 0x14, 0xe3, 0x7, 0xdc, 0xcc,
    0xcf, 0x10, 0x1, 0xd0, 0x8, 0x60, 0x0, 0xe,
    0x10, 0x1, 0xd0, 0x7, 0xdd, 0xdd, 0xce, 0x10,
    0x1, 0xe4, 0x10, 0x7c, 0x4b, 0x7, 0x60, 0x5b,
    0xfa, 0x9d, 0xe0, 0x5, 0xe7, 0x0, 0x44, 0x0,
    0x20, 0xe4, 0x75, 0xaa, 0x20, 0x0, 0x0, 0x3,
    0xd9, 0x51, 0x6, 0xc0, 0x0, 0x0, 0x0, 0x0,
    0x0, 0x0, 0x0,

    /* U+74D8 "瓘" */
    0x0, 0x0, 0x0, 0xd, 0x10, 0x57, 0x0, 0x2f,
    0xff, 0xdd, 0xdf, 0xdd, 0xee, 0xd4, 0x0, 0xa3,
    0x0, 0x9, 0x0, 0x35, 0x0, 0x0, 0xa3, 0x5,
    0xcb, 0xd3, 0xdb, 0xd0, 0x0, 0xa3, 0x6, 0x60,
    0xf3, 0xb0, 0xe0, 0xb, 0xed, 0x45, 0xdc, 0xe3,
    0xdb, 0xd0, 0x3, 0xb6, 0x10, 0x88, 0x9, 0x70,
    0x0, 0x0, 0xa3, 0x5, 0xfc, 0xcd, 0xfc, 0xc1,
    0x0, 0xa3, 0x5e, 0xf5, 0x58, 0xc5, 0x30, 0x0,
    0xa7, 0xa2, 0xf5, 0x57, 0xc5, 0x30, 0x19, 0xfc,
    0x60, 0xfa, 0xac, 0xea, 0x60, 0x29, 0x20, 0x0,
    0xf0, 0x4, 0xb0, 0x0, 0x0, 0x0, 0x0, 0xfb,
    0xbb, 0xbb, 0xb4,

    /* U+74F6 "瓶" */
    0x1, 0x50, 0x8, 0x0, 0x0, 0x0, 0x0, 0x0,
    0xe0, 0x3c, 0x6f, 0xff, 0xff, 0xf3, 0x0, 0x72,
    0x95, 0x3, 0xb0, 0x0, 0x0, 0xe, 0xee, 0xfe,
    0x94, 0xa0, 0x0, 0x0, 0x0, 0xc3, 0x78, 0x5,
    0xfe, 0xee, 0x0, 0x0, 0xc2, 0x68, 0x6, 0x90,
    0xe, 0x0, 0x0, 0xc2, 0x68, 0x7, 0x95, 0xe,
    0x0, 0x4f, 0xff, 0xff, 0xe8, 0x7c, 0xe, 0x0,
    0x0, 0xe0, 0x68, 0x9, 0x59, 0x3e, 0x0, 0x1,
    0xd0, 0x68, 0xa, 0x44, 0x5e, 0x0, 0x5, 0xa0,
    0x68, 0xb, 0x30, 0xe, 0x25, 0xc, 0x50, 0x68,
    0xe, 0x8a, 0x8e, 0x46, 0x2c, 0x0, 0x68, 0x4d,
    0x84, 0x9, 0xd2, 0x0, 0x0, 0x0, 0x0, 0x0,
    0x0, 0x0,

    /* U+751F "生" */
    0x0, 0x7, 0x40, 0x5b, 0x0, 0x0, 0x0, 0x0,
    0xe, 0x30, 0x5b, 0x0, 0x0, 0x0, 0x0, 0x4e,
    0x0, 0x6b, 0x0, 0x0, 0x0, 0x0, 0xbf, 0xff,
    0xff, 0xff, 0xff, 0xc0, 0x5, 0xe1, 0x0, 0x5b,
    0x0, 0x0, 0x0, 0xd, 0x50, 0x0, 0x5b, 0x0,
    0x0, 0x0, 0x1, 0x0, 0x0, 0x5b, 0x0, 0x0,
    0x0, 0x0, 0x8f, 0xff, 0xff, 0xff, 0xff, 0x40,
    0x0, 0x0, 0x0, 0x6b, 0x0, 0x0, 0x0, 0x0,
    0x0, 0x0, 0x5b, 0x0, 0x0, 0x0, 0x0, 0x0,
    0x0, 0x5b, 0x0, 0x0, 0x0, 0x2, 0x22, 0x22,
    0x7c, 0x22, 0x22, 0x20, 0x1d, 0xdd, 0xdd, 0xdd,
    0xdd, 0xdd, 0xd6,

    /* U+7528 "用" */
    0x0, 0xdf, 0xff, 0xff, 0xff, 0xff, 0x30, 0xd,
    0x30, 0x4, 0xd0, 0x0, 0xd3, 0x0, 0xd2, 0x0,
    0x3d, 0x0, 0xd, 0x30, 0xd, 0xcb, 0xbc, 0xfb,
    0xbb, 0xf3, 0x0, 0xd6, 0x33, 0x6d, 0x33, 0x3e,
    0x30, 0xe, 0x20, 0x3, 0xd0, 0x0, 0xd3, 0x0,
    0xf2, 0x0, 0x4d, 0x0, 0xd, 0x30, 0xf, 0xff,
    0xff, 0xff, 0xff, 0xf3, 0x2, 0xe0, 0x0, 0x3d,
    0x0, 0xd, 0x30, 0x7a, 0x0, 0x3, 0xd0, 0x0,
    0xd3, 0xd, 0x40, 0x0, 0x3d, 0x0, 0xe, 0x35,
    0xa0, 0x0, 0x3, 0xd0, 0xef, 0xd0, 0x0, 0x0,
    0x0, 0x0, 0x0, 0x0, 0x0,

    /* U+752B "甫" */
    0x0, 0x0, 0x0, 0x89, 0x1c, 0x60, 0x0, 0x0,
    0x0, 0x0, 0x89, 0x1, 0xac, 0x0, 0x1e, 0xee,
    0xee, 0xff, 0xee, 0xef, 0xe2, 0x0, 0x0, 0x0,
    0x89, 0x0, 0x0, 0x0, 0x1, 0xdd, 0xdd, 0xee,
    0xdd, 0xdd, 0x20, 0x1, 0xf1, 0x11, 0x9a, 0x11,
    0x1e, 0x20, 0x1, 0xf0, 0x0, 0x89, 0x0, 0xd,
    0x20, 0x1, 0xff, 0xff, 0xff, 0xff, 0xff, 0x20,
    0x1, 0xf0, 0x0, 0x89, 0x0, 0xd, 0x20, 0x1,
    0xfe, 0xee, 0xff, 0xee, 0xef, 0x20, 0x1, 0xf0,
    0x0, 0x89, 0x0, 0xd, 0x20, 0x1, 0xf0, 0x0,
    0x89, 0x0, 0xe, 0x20, 0x1, 0xf0, 0x0, 0x77,
    0xd, 0xfc, 0x0,

    /* U+7530 "田" */
    0xdf, 0xff, 0xff, 0xff, 0xff, 0xf4, 0xd3, 0x11,
    0x1e, 0x31, 0x11, 0xd4, 0xd2, 0x0, 0xe, 0x20,
    0x0, 0xc4, 0xd2, 0x0, 0xe, 0x20, 0x0, 0xc4,
    0xd2, 0x0, 0xe, 0x20, 0x0, 0xc4, 0xdf, 0xff,
    0xff, 0xff, 0xff, 0xf4, 0xd3, 0x11, 0x1e, 0x31,
    0x11, 0xd4, 0xd2, 0x0, 0xe, 0x20, 0x0, 0xc4,
    0xd2, 0x0, 0xe, 0x20, 0x0, 0xc4, 0xd2, 0x0,
    0xe, 0x20, 0x0, 0xc4, 0xdf, 0xff, 0xff, 0xff,
    0xff, 0xf4, 0xd4, 0x11, 0x11, 0x11, 0x11, 0xd4,

    /* U+7531 "由" */
    0x0, 0x0, 0x2, 0xe0, 0x0, 0x0, 0x0, 0x0,
    0x2, 0xe0, 0x0, 0x0, 0x0, 0x0, 0x2, 0xe0,
    0x0, 0x0, 0x2f, 0xff, 0xff, 0xff, 0xff, 0xff,
    0x2d, 0x0, 0x2, 0xe0, 0x0, 0x1f, 0x2d, 0x0,
    0x2, 0xe0, 0x0, 0x1f, 0x2d, 0x0, 0x2, 0xe0,
    0x0, 0x1f, 0x2f, 0xff, 0xff, 0xff, 0xff, 0xff,
    0x2d, 0x11, 0x13, 0xe1, 0x11, 0x2f, 0x2d, 0x0,
    0x2, 0xe0, 0x0, 0x1f, 0x2d, 0x0, 0x2, 0xe0,
    0x0, 0x1f, 0x2f, 0xff, 0xff, 0xff, 0xff, 0xff,
    0x2d, 0x11, 0x11, 0x11, 0x11, 0x2e,

    /* U+753B "画" */
    0xef, 0xff, 0xff, 0xff, 0xff, 0xfc, 0x0, 0x0,
    0x0, 0x0, 0x0, 0x0, 0x0, 0x0, 0x0, 0x0,
    0x0, 0x0, 0x61, 0xcd, 0xcf, 0xdc, 0xf0, 0x26,
    0xe2, 0xc1, 0xd, 0x10, 0xe0, 0x4c, 0xe2, 0xcd,
    0xcf, 0xdc, 0xf0, 0x4c, 0xe2, 0xc2, 0xd, 0x10,
    0xe0, 0x4c, 0xe2, 0xc1, 0xd, 0x10, 0xe0, 0x4c,
    0xe2, 0xce, 0xef, 0xee, 0xf0, 0x4c, 0xe2, 0x0,
    0x0, 0x0, 0x0, 0x4c, 0xed, 0xcc, 0xcc, 0xcc,
    0xcc, 0xdc, 0x22, 0x22, 0x22, 0x22, 0x22, 0x6c,

    /* U+7545 "畅" */
    0x1, 0xe0, 0x0, 0x0, 0x0, 0x0, 0x0, 0x1e,
    0x0, 0xbf, 0xff, 0xff, 0x50, 0xee, 0xfe, 0xd0,
    0x0, 0x2e, 0x70, 0xc, 0xd, 0xd, 0x0, 0x5e,
    0x50, 0x0, 0xc0, 0xd0, 0xd1, 0xae, 0x42, 0x22,
    0xf, 0xdf, 0xde, 0x9d, 0xfe, 0xee, 0xf5, 0xc0,
    0xd0, 0xd0, 0x1d, 0x19, 0x5c, 0x4d, 0x1d, 0x1d,
    0x8, 0x80, 0xe0, 0xd3, 0xfd, 0xfd, 0xc6, 0xc0,
    0x79, 0xe, 0x13, 0x1e, 0x1, 0xb1, 0x1e, 0x10,
    0xf0, 0x1, 0xe0, 0x0, 0xb, 0x60, 0x3d, 0x0,
    0x1e, 0x0, 0xa, 0x90, 0x9, 0xa0, 0x1, 0xe0,
    0x8, 0x80, 0x2e, 0xc2, 0x0,

    /* U+754C "界" */
    0x0, 0xee, 0xee, 0xfe, 0xee, 0xed, 0x0, 0x0,
    0xe1, 0x0, 0xe2, 0x0, 0x3d, 0x0, 0x0, 0xed,
    0xdd, 0xfd, 0xdd, 0xdd, 0x0, 0x0, 0xe1, 0x0,
    0xe2, 0x0, 0x3d, 0x0, 0x0, 0xec, 0xcc, 0xfd,
    0xcc, 0xdd, 0x0, 0x0, 0x11, 0xb8, 0x12, 0xda,
    0x11, 0x0, 0x0, 0x2c, 0x80, 0x0, 0x1c, 0xc3,
    0x0, 0x2b, 0xd5, 0xa4, 0x0, 0x2d, 0x6e, 0xc2,
    0x6, 0x0, 0xd4, 0x0, 0x2e, 0x0, 0x50, 0x0,
    0x2, 0xf1, 0x0, 0x2e, 0x0, 0x0, 0x0, 0x3e,
    0x70, 0x0, 0x2e, 0x0, 0x0, 0x2, 0xe6, 0x0,
    0x0, 0x2e, 0x0, 0x0, 0x0, 0x0, 0x0, 0x0,
    0x0, 0x0, 0x0,

    /* U+754E "畎" */
    0x0, 0x0, 0x0, 0x1, 0xe0, 0x20, 0xe, 0xee,
    0xec, 0x0, 0x1e, 0x3d, 0x10, 0xd0, 0xc0, 0xd0,
    0x1, 0xe0, 0x78, 0xd, 0xc, 0xd, 0x0, 0x1e,
    0x0, 0x0, 0xd0, 0xc0, 0xdb, 0xef, 0xfe, 0xee,
    0x5f, 0xcf, 0xcd, 0x0, 0x4f, 0x20, 0x0, 0xd0,
    0xc0, 0xd0, 0x6, 0xf5, 0x0, 0xd, 0xc, 0xd,
    0x0, 0xad, 0x90, 0x0, 0xd0, 0xc0, 0xd0, 0xe,
    0x2e, 0x0, 0xd, 0xc, 0xd, 0x7, 0xa0, 0x97,
    0x0, 0xfd, 0xdd, 0xb2, 0xf3, 0x2, 0xf2, 0x6,
    0x0, 0x1, 0xd7, 0x0, 0x7, 0xe2, 0x0, 0x0,
    0x48, 0x0, 0x0, 0x8, 0x40,

    /* U+7559 "留" */
    0x0, 0x4, 0x93, 0x0, 0x0, 0x0, 0x1, 0xbd,
    0xa6, 0x1e, 0xff, 0xef, 0xf0, 0x2d, 0x0, 0x20,
    0x2, 0xd0, 0xf, 0x2, 0xd0, 0x2d, 0x0, 0x79,
    0x1, 0xe0, 0x3d, 0x26, 0xd7, 0xc, 0x30, 0x3d,
    0x7, 0xfd, 0x95, 0xca, 0x90, 0x8b, 0xa0, 0x12,
    0x0, 0x3, 0x60, 0x5, 0x50, 0x0, 0x5d, 0xdd,
    0xdd, 0xdd, 0xdd, 0x0, 0x6, 0xa0, 0x1, 0xe0,
    0x1, 0xf0, 0x0, 0x6e, 0xbb, 0xcf, 0xbb, 0xcf,
    0x0, 0x6, 0xb1, 0x12, 0xe1, 0x12, 0xf0, 0x0,
    0x6a, 0x0, 0x1e, 0x0, 0x1f, 0x0, 0x6, 0xfd,
    0xdd, 0xdd, 0xdd, 0xe0, 0x0,

    /* U+755A "畚" */
    0x0, 0x0, 0x0, 0x0, 0x0, 0x0, 0x0, 0x0,
    0x0, 0x1c, 0x40, 0x21, 0x0, 0x0, 0x0, 0x3,
    0xd6, 0x0, 0x6d, 0x40, 0x0, 0x0, 0x8f, 0xc9,
    0xab, 0xbe, 0xf7, 0x0, 0x0, 0x46, 0x46, 0x92,
    0x10, 0x1d, 0x30, 0x0, 0x0, 0xa, 0x80, 0x0,
    0x0, 0x0, 0x3e, 0xee, 0xff, 0xee, 0xff, 0xee,
    0xe2, 0x0, 0x7, 0xd2, 0x0, 0x3d, 0x60, 0x0,
    0x6, 0xdf, 0xed, 0xdd, 0xde, 0xfd, 0x71, 0x2b,
    0x8c, 0x0, 0x87, 0x0, 0xb8, 0x81, 0x0, 0x4f,
    0xcc, 0xee, 0xcc, 0xe5, 0x0, 0x0, 0x4c, 0x0,
    0x88, 0x0, 0xb5, 0x0, 0x0, 0x4c, 0x22, 0x99,
    0x22, 0xc5, 0x0, 0x0, 0x4e, 0xbb, 0xbb, 0xbb,
    0xe5, 0x0,

    /* U+756B "畫" */
    0x0, 0x0, 0x0, 0x6a, 0x0, 0x0, 0x0, 0x0,
    0x6a, 0xaa, 0xce, 0xaa, 0xbe, 0x0, 0xa, 0xaa,
    0xaa, 0xce, 0xaa, 0xbf, 0xa4, 0x0, 0x12, 0x22,
    0x8b, 0x22, 0x4e, 0x0, 0x0, 0x58, 0x88, 0xbd,
    0x88, 0x87, 0x0, 0x0, 0xaa, 0xaa, 0xce, 0xaa,
    0xaa, 0x50, 0x4, 0x44, 0x44, 0x9c, 0x44, 0x44,
    0x42, 0x6, 0x66, 0x66, 0x66, 0x66, 0x66, 0x63,
    0x0, 0x7c, 0x99, 0xbd, 0x99, 0xae, 0x0, 0x0,
    0x7c, 0x88, 0xbd, 0x88, 0x9f, 0x0, 0x0, 0x79,
    0x22, 0x7b, 0x22, 0x4f, 0x0, 0x0, 0x48, 0x88,
    0x88, 0x88, 0x88, 0x0, 0xb, 0xbb, 0xbb, 0xbb,
    0xbb, 0xbb, 0xb5,

    /* U+7570 "異" */
    0x0, 0xbe, 0xdd, 0xee, 0xdd, 0xdf, 0x10, 0x0,
    0xb4, 0x0, 0x69, 0x0, 0xf, 0x10, 0x0, 0xbd,
    0xcc, 0xde, 0xcc, 0xcf, 0x10, 0x0, 0xb4, 0x0,
    0x69, 0x0, 0xf, 0x10, 0x0, 0x9c, 0xfe, 0xcc,
    0xcf, 0xdc, 0x10, 0x0, 0x0, 0xb5, 0x0, 0xf,
    0x0, 0x0, 0x2, 0xee, 0xff, 0xee, 0xef, 0xee,
    0x90, 0x0, 0x0, 0xb5, 0x0, 0xf, 0x0, 0x0,
    0x2, 0x22, 0xc7, 0x22, 0x2f, 0x32, 0x21, 0xc,
    0xcc, 0xcc, 0xcc, 0xcc, 0xcc, 0xc5, 0x0, 0x4,
    0xba, 0x0, 0x5e, 0x93, 0x0, 0x8, 0xeb, 0x50,
    0x0, 0x1, 0x6d, 0xc1, 0x2, 0x10, 0x0, 0x0,
    0x0, 0x0, 0x30,

    /* U+7576 "當" */
    0x7, 0x30, 0xd, 0x30, 0x6, 0x80, 0x4, 0xd0,
    0xd, 0x30, 0x1e, 0x30, 0xbc, 0xfc, 0xcf, 0xdc,
    0xdf, 0xcb, 0xe3, 0x22, 0x22, 0x22, 0x22, 0x4e,
    0xe1, 0xbc, 0xcc, 0xcc, 0xca, 0x1e, 0x20, 0xd1,
    0x0, 0x0, 0x2d, 0x2, 0x0, 0xda, 0x99, 0x99,
    0xad, 0x0, 0x0, 0x33, 0x33, 0x33, 0x33, 0x0,
    0xe, 0xdd, 0xde, 0xdd, 0xdd, 0xe0, 0xd, 0x0,
    0xc, 0x30, 0x0, 0xd0, 0xe, 0xcc, 0xcf, 0xdc,
    0xcc, 0xf0, 0xd, 0x0, 0xc, 0x30, 0x0, 0xd0,
    0xe, 0xcc, 0xcf, 0xdc, 0xcc, 0xf0,

    /* U+758A "疊" */
    0x0, 0x2e, 0x99, 0xcc, 0x99, 0xe3, 0x0, 0x0,
    0x2e, 0x88, 0xcc, 0x88, 0xe3, 0x0, 0x0, 0x19,
    0x77, 0x88, 0x77, 0x92, 0x0, 0xc, 0x8c, 0x9a,
    0x77, 0xaa, 0xb8, 0xc0, 0xd, 0x8d, 0x9a, 0x88,
    0xaa, 0xc8, 0xd0, 0xb, 0x8b, 0x9a, 0x77, 0xa9,
    0xa8, 0xb0, 0x7, 0xa9, 0x99, 0x99, 0x99, 0x9a,
    0x70, 0xa, 0x37, 0x99, 0x99, 0x99, 0x74, 0xa0,
    0x0, 0xb, 0x75, 0x55, 0x57, 0xb0, 0x0, 0x0,
    0xb, 0x75, 0x55, 0x58, 0xb0, 0x0, 0x0, 0xb,
    0xa8, 0x88, 0x8a, 0xb0, 0x0, 0x2b, 0xbe, 0xcb,
    0xbb, 0xbc, 0xeb, 0xb2,

    /* U+758B "疋" */
    0x6, 0xdd, 0xdd, 0xdd, 0xdd, 0xdd, 0xc0, 0x1,
    0x22, 0x22, 0x5e, 0x22, 0x29, 0x90, 0x0, 0x0,
    0x0, 0x3d, 0x0, 0xe, 0x20, 0x0, 0x2, 0x0,
    0x3d, 0x0, 0x49, 0x0, 0x0, 0xe, 0x30, 0x3d,
    0x0, 0x0, 0x0, 0x0, 0xf, 0x10, 0x3f, 0xff,
    0xff, 0x60, 0x0, 0x1f, 0x0, 0x3d, 0x0, 0x0,
    0x0, 0x0, 0x4f, 0x30, 0x3d, 0x0, 0x0, 0x0,
    0x0, 0x8d, 0xb0, 0x3d, 0x0, 0x0, 0x0, 0x0,
    0xe3, 0xc6, 0x3d, 0x0, 0x0, 0x0, 0x7, 0xc0,
    0x2d, 0xce, 0x20, 0x0, 0x0, 0xe, 0x20, 0x0,
    0x7c, 0xef, 0xff, 0xf8, 0x1, 0x0, 0x0, 0x0,
    0x0, 0x0, 0x0,

    /* U+7591 "疑" */
    0x7, 0x70, 0x0, 0x0, 0x0, 0x0, 0x0, 0x7,
    0x72, 0x7b, 0xc, 0xdd, 0xde, 0xf4, 0x7, 0xda,
    0x51, 0x0, 0x41, 0x1c, 0x70, 0x7, 0x80, 0x3,
    0xa0, 0x7d, 0xe5, 0x0, 0x2, 0xcd, 0xdc, 0x40,
    0x0, 0x8d, 0x0, 0x1, 0xe0, 0x0, 0x1d, 0xdd,
    0xde, 0xd9, 0x7, 0xfe, 0xed, 0x50, 0x2, 0xd0,
    0x86, 0x1d, 0x17, 0x70, 0x7, 0x92, 0xc0, 0x70,
    0xd, 0xce, 0xec, 0x89, 0x72, 0xfc, 0xc4, 0x1,
    0x1b, 0x91, 0x1b, 0x82, 0xd1, 0x10, 0x0, 0x1e,
    0xd5, 0xe, 0xd3, 0xc0, 0x0, 0x0, 0xc6, 0x1e,
    0x6c, 0x4e, 0xd0, 0x0, 0xc, 0x60, 0x1, 0xc4,
    0x4, 0xce, 0xea, 0x0, 0x0, 0x0, 0x0, 0x0,
    0x0, 0x0,

    /* U+75BE "疾" */
    0x0, 0x0, 0x0, 0x7, 0x30, 0x0, 0x0, 0x0,
    0x0, 0x0, 0x8, 0xa0, 0x0, 0x0, 0x0, 0x2f,
    0xee, 0xee, 0xee, 0xee, 0xe7, 0x1a, 0x2e, 0x0,
    0xb1, 0x0, 0x0, 0x0, 0xb, 0x7e, 0x2, 0xe3,
    0x22, 0x22, 0x20, 0x3, 0xbe, 0x8, 0xdb, 0xfc,
    0xbb, 0x90, 0x0, 0x2e, 0x2e, 0x10, 0xd3, 0x0,
    0x0, 0x0, 0x7d, 0x15, 0x0, 0xd3, 0x0, 0x0,
    0x2d, 0xcc, 0x6e, 0xef, 0xff, 0xee, 0xe4, 0x13,
    0x79, 0x0, 0x3, 0xfb, 0x0, 0x0, 0x0, 0xb5,
    0x0, 0xc, 0x7a, 0x60, 0x0, 0x3, 0xf0, 0x2,
    0xca, 0x0, 0xd8, 0x0, 0xb, 0x70, 0x9e, 0x60,
    0x0, 0x8, 0xe4, 0x1, 0x0, 0x20, 0x0, 0x0,
    0x0, 0x10,

    /* U+75D5 "痕" */
    0x0, 0x0, 0x0, 0x4, 0x40, 0x0, 0x0, 0x0,
    0x1, 0x11, 0x18, 0xc1, 0x11, 0x10, 0x0, 0x2f,
    0xdd, 0xdd, 0xdd, 0xdd, 0xd6, 0x19, 0x2e, 0x1,
    0x11, 0x11, 0x11, 0x0, 0xd, 0x4e, 0xf, 0xbb,
    0xbb, 0xbf, 0x10, 0x7, 0x9e, 0xf, 0x11, 0x11,
    0x1e, 0x10, 0x0, 0x2e, 0xf, 0xbb, 0xbb, 0xbf,
    0x10, 0x0, 0x7d, 0xf, 0x0, 0x0, 0xe, 0x10,
    0x3d, 0xdb, 0xf, 0xcd, 0xfc, 0xcc, 0x30, 0x23,
    0x89, 0xf, 0x0, 0xd3, 0x9, 0xb0, 0x0, 0xd4,
    0xf, 0x0, 0x5d, 0xc5, 0x0, 0x6, 0xe0, 0xf,
    0x26, 0x57, 0xe5, 0x0, 0xe, 0x40, 0x4f, 0xc8,
    0x20, 0x3c, 0xe5, 0x1, 0x0, 0x2, 0x0, 0x0,
    0x0, 0x21,

    /* U+767B "登" */
    0x0, 0x0, 0x0, 0x5, 0x0, 0x20, 0x0, 0x8,
    0xee, 0xef, 0x69, 0x85, 0xd2, 0x0, 0x2, 0x50,
    0x3e, 0x0, 0xdb, 0x12, 0x90, 0x1, 0xaa, 0xe3,
    0x0, 0x3e, 0x8c, 0x20, 0x0, 0x4e, 0xbe, 0xee,
    0xeb, 0xf7, 0x0, 0x19, 0xe3, 0x0, 0x0, 0x0,
    0x2d, 0xd3, 0x48, 0x1e, 0xee, 0xee, 0xee, 0xd0,
    0x72, 0x0, 0x1f, 0x0, 0x0, 0x3, 0xe0, 0x0,
    0x0, 0x1f, 0x0, 0x0, 0x3, 0xe0, 0x0, 0x0,
    0x1d, 0xdd, 0xdd, 0xdd, 0xc0, 0x0, 0x0, 0x0,
    0xd1, 0x0, 0x2d, 0x0, 0x0, 0x0, 0x0, 0x87,
    0x0, 0x97, 0x0, 0x0, 0x2e, 0xee, 0xee, 0xee,
    0xfe, 0xee, 0xe2,

    /* U+767C "發" */
    0x0, 0x0, 0x0, 0x6, 0x0, 0x30, 0x0, 0x0,
    0xdd, 0xdf, 0x58, 0x77, 0xb1, 0x0, 0x1, 0xb2,
    0x6b, 0x0, 0xbb, 0x6, 0xb0, 0x0, 0x4f, 0xa0,
    0x0, 0x9, 0xda, 0x0, 0x2a, 0xff, 0xba, 0xb,
    0xcc, 0xed, 0xc3, 0x26, 0x11, 0x2d, 0xe, 0x0,
    0xe0, 0x40, 0x0, 0x33, 0x4d, 0x2c, 0x0, 0xe0,
    0x0, 0x0, 0xe9, 0x98, 0xc4, 0x0, 0x8b, 0xa0,
    0x1, 0xc0, 0x0, 0x47, 0x77, 0x77, 0x0, 0x4,
    0xec, 0xdc, 0x49, 0x44, 0xaa, 0x0, 0x0, 0x0,
    0x3c, 0x8, 0xb6, 0xd1, 0x0, 0x0, 0x0, 0x69,
    0x4, 0xce, 0xa1, 0x0, 0x0, 0xbe, 0xd3, 0xcc,
    0x50, 0x6c, 0x0, 0x0, 0x0, 0x0, 0x0, 0x0,
    0x0, 0x0,

    /* U+767E "百" */
    0x1f, 0xff, 0xff, 0xff, 0xff, 0xff, 0xf1, 0x0,
    0x0, 0x0, 0xd6, 0x0, 0x0, 0x0, 0x0, 0x0,
    0x0, 0xf1, 0x0, 0x0, 0x0, 0x0, 0x7e, 0xee,
    0xfe, 0xee, 0xea, 0x0, 0x0, 0x89, 0x0, 0x0,
    0x0, 0x6b, 0x0, 0x0, 0x88, 0x0, 0x0, 0x0,
    0x5b, 0x0, 0x0, 0x89, 0x11, 0x11, 0x11, 0x7b,
    0x0, 0x0, 0x8e, 0xdd, 0xdd, 0xdd, 0xeb, 0x0,
    0x0, 0x88, 0x0, 0x0, 0x0, 0x5b, 0x0, 0x0,
    0x88, 0x0, 0x0, 0x0, 0x5b, 0x0, 0x0, 0x8f,
    0xee, 0xee, 0xee, 0xfb, 0x0, 0x0, 0x89, 0x0,
    0x0, 0x0, 0x6b, 0x0,

    /* U+7684 "的" */
    0x0, 0x0, 0x0, 0x0, 0x0, 0x0, 0x0, 0xd3,
    0x0, 0xd, 0x20, 0x0, 0x2, 0xe0, 0x0, 0x3e,
    0x0, 0x0, 0xac, 0xeb, 0xb0, 0x8e, 0xcc, 0xca,
    0xe4, 0x33, 0xf1, 0xe4, 0x33, 0x5d, 0xe1, 0x0,
    0xf9, 0x90, 0x0, 0x2d, 0xe1, 0x0, 0xf5, 0x35,
    0x0, 0x3c, 0xed, 0xdd, 0xf0, 0xe, 0x30, 0x3b,
    0xe2, 0x11, 0xf0, 0x4, 0xd0, 0x4b, 0xe1, 0x0,
    0xf0, 0x0, 0xb6, 0x5a, 0xe1, 0x0, 0xf0, 0x0,
    0x10, 0x78, 0xe2, 0x11, 0xf0, 0x0, 0x0, 0x97,
    0xee, 0xdd, 0xd0, 0x0, 0x0, 0xd4, 0xe1, 0x0,
    0x0, 0x7, 0xde, 0xc0, 0x0, 0x0, 0x0, 0x0,
    0x11, 0x0,

    /* U+7687 "皇" */
    0x0, 0x0, 0x0, 0xb7, 0x0, 0x0, 0x0, 0x0,
    0x7a, 0xab, 0xfc, 0xaa, 0xa8, 0x0, 0x0, 0xa7,
    0x22, 0x22, 0x22, 0x6b, 0x0, 0x0, 0xa7, 0x22,
    0x22, 0x22, 0x6b, 0x0, 0x0, 0xac, 0xaa, 0xaa,
    0xaa, 0xcb, 0x0, 0x0, 0xa6, 0x11, 0x11, 0x11,
    0x6b, 0x0, 0x0, 0x8c, 0xcc, 0xcc, 0xcc, 0xc9,
    0x0, 0x0, 0x33, 0x33, 0x33, 0x33, 0x33, 0x10,
    0x2, 0xbb, 0xbb, 0xde, 0xbb, 0xbb, 0x30, 0x0,
    0x1, 0x11, 0x8a, 0x11, 0x11, 0x0, 0x0, 0x7c,
    0xcc, 0xee, 0xcc, 0xc9, 0x0, 0x0, 0x0, 0x0,
    0x79, 0x0, 0x0, 0x0, 0x1e, 0xee, 0xee, 0xff,
    0xee, 0xee, 0xe2,

    /* U+76C8 "盈" */
    0x9, 0xee, 0xfe, 0xee, 0xef, 0x90, 0x0, 0x0,
    0x5, 0xb1, 0x11, 0xa, 0x50, 0x0, 0x0, 0xb,
    0xca, 0xae, 0x5e, 0xdc, 0xb0, 0x0, 0x1e, 0x56,
    0x1e, 0x1, 0x14, 0xc0, 0x0, 0x88, 0x9, 0xf8,
    0x0, 0x5, 0xa0, 0x6, 0xc1, 0x6d, 0x7d, 0x65,
    0x6c, 0x70, 0x1b, 0x10, 0x71, 0x1, 0x34, 0x75,
    0x0, 0x0, 0x7d, 0xdd, 0xdd, 0xdd, 0xdd, 0x0,
    0x0, 0x96, 0xb, 0x30, 0xd1, 0xf, 0x0, 0x0,
    0x96, 0xb, 0x30, 0xd1, 0xf, 0x0, 0x0, 0x96,
    0xb, 0x30, 0xd1, 0xf, 0x0, 0x2e, 0xff, 0xef,
    0xfe, 0xff, 0xef, 0xf9,

    /* U+76D6 "盖" */
    0x0, 0x1, 0x90, 0x0, 0x5, 0x60, 0x0, 0x0,
    0x0, 0xb6, 0x0, 0xd, 0x30, 0x0, 0x3, 0xdd,
    0xdd, 0xde, 0xde, 0xdd, 0x90, 0x0, 0x0, 0x0,
    0x5b, 0x0, 0x0, 0x0, 0x0, 0x7d, 0xdd, 0xef,
    0xdd, 0xdd, 0x0, 0x0, 0x0, 0x0, 0x5b, 0x0,
    0x0, 0x0, 0xa, 0xcc, 0xcc, 0xdf, 0xcc, 0xcc,
    0xc3, 0x0, 0x0, 0x0, 0x0, 0x0, 0x0, 0x0,
    0x0, 0x9e, 0xee, 0xee, 0xee, 0xee, 0x20, 0x0,
    0xa5, 0xb, 0x30, 0xc2, 0xd, 0x20, 0x0, 0xa5,
    0xb, 0x30, 0xc2, 0xd, 0x20, 0x0, 0xa5, 0xb,
    0x30, 0xc2, 0xd, 0x20, 0x2e, 0xff, 0xef, 0xfe,
    0xff, 0xef, 0xf9,

    /* U+76D8 "盘" */
    0x0, 0x0, 0x0, 0x0, 0x0, 0x0, 0x0, 0x0,
    0x0, 0x0, 0x89, 0x0, 0x0, 0x0, 0x0, 0xb,
    0xdd, 0xfe, 0xdd, 0xd8, 0x0, 0x0, 0xd, 0x30,
    0xa2, 0x0, 0x6a, 0x0, 0x0, 0xd, 0x30, 0x2c,
    0x20, 0x6a, 0x0, 0x1e, 0xef, 0xfe, 0xee, 0xee,
    0xff, 0xe8, 0x0, 0x3e, 0x1, 0x91, 0x0, 0x6a,
    0x0, 0x0, 0xc8, 0x0, 0x4d, 0x32, 0x8a, 0x0,
    0x7, 0xb0, 0x0, 0x1, 0xb, 0xb4, 0x0, 0x0,
    0x8d, 0xdd, 0xdd, 0xdd, 0xdd, 0x0, 0x0, 0x96,
    0xb, 0x30, 0xd1, 0xf, 0x0, 0x0, 0x96, 0xb,
    0x30, 0xd1, 0xf, 0x0, 0x0, 0x96, 0xb, 0x30,
    0xd1, 0xf, 0x0, 0x2e, 0xff, 0xef, 0xfe, 0xff,
    0xff, 0xf8,

    /* U+76DB "盛" */
    0x0, 0x0, 0x0, 0xf, 0x18, 0x50, 0x0, 0x0,
    0x0, 0x0, 0xe, 0x22, 0xe2, 0x0, 0x4, 0xfe,
    0xee, 0xef, 0xfe, 0xee, 0xe0, 0x4, 0xc0, 0x0,
    0x6, 0xa0, 0x29, 0x0, 0x6, 0xfd, 0xdf, 0x50,
    0xe3, 0xd5, 0x0, 0x8, 0x90, 0xb, 0x40, 0x8f,
    0x70, 0x20, 0xd, 0x53, 0x5e, 0x28, 0xdd, 0x80,
    0xb0, 0x5c, 0x2, 0x53, 0x48, 0x0, 0xae, 0x90,
    0x2, 0x8b, 0xbb, 0xbb, 0xbb, 0xb7, 0x0, 0x0,
    0xb6, 0x1e, 0x33, 0xe1, 0x6a, 0x0, 0x0, 0xb4,
    0xe, 0x11, 0xd0, 0x5a, 0x0, 0x0, 0xb4, 0xe,
    0x11, 0xd0, 0x5a, 0x0, 0x8f, 0xff, 0xff, 0xff,
    0xff, 0xff, 0xf1,

    /* U+76E1 "盡" */
    0x0, 0x0, 0x0, 0x78, 0x0, 0x0, 0x0, 0x0,
    0xac, 0xcc, 0xee, 0xcc, 0xde, 0x0, 0x1, 0x11,
    0x11, 0x89, 0x11, 0x3e, 0x10, 0x1b, 0xbb, 0xbb,
    0xdd, 0xbb, 0xbf, 0xb6, 0x0, 0x67, 0x77, 0xbc,
    0x77, 0x9e, 0x0, 0x0, 0x33, 0x33, 0x9a, 0x33,
    0x33, 0x0, 0xb, 0xdc, 0xcc, 0xcc, 0xdc, 0xcd,
    0xc4, 0x0, 0xc0, 0x2b, 0x3, 0xb0, 0x1d, 0x20,
    0x7, 0x90, 0xb, 0x0, 0xa2, 0x3, 0xd1, 0x8,
    0xbe, 0xdf, 0xdd, 0xfd, 0xdd, 0x41, 0x0, 0xa5,
    0xd, 0x20, 0xf0, 0x2d, 0x0, 0x0, 0xa5, 0xd,
    0x20, 0xf0, 0x2d, 0x0, 0x2d, 0xfe, 0xdf, 0xed,
    0xfd, 0xef, 0xd8,

    /* U+76E4 "盤" */
    0x0, 0x4, 0x20, 0x0, 0x0, 0x0, 0x0, 0x4,
    0xcf, 0xcc, 0x34, 0xec, 0xe5, 0x0, 0x5, 0x75,
    0x9, 0x38, 0x60, 0x86, 0x10, 0x5, 0x74, 0x49,
    0x7c, 0x10, 0x39, 0xa1, 0x8d, 0xec, 0xce, 0x4c,
    0xcc, 0xcb, 0x0, 0x9, 0x46, 0x9, 0x35, 0xb0,
    0x8a, 0x0, 0xc, 0x17, 0x49, 0x30, 0x9d, 0xc0,
    0x0, 0x4b, 0x0, 0x5c, 0x8b, 0xd9, 0xeb, 0x60,
    0x62, 0x11, 0x87, 0x65, 0x11, 0x27, 0x90, 0x0,
    0xec, 0xcf, 0xbd, 0xeb, 0xe8, 0x0, 0x0, 0xe0,
    0x2d, 0x5, 0x90, 0x88, 0x0, 0x0, 0xe0, 0x2d,
    0x5, 0x90, 0x88, 0x0, 0x8d, 0xfe, 0xef, 0xde,
    0xfd, 0xff, 0xd2,

    /* U+76EE "目" */
    0xef, 0xff, 0xff, 0xff, 0xfc, 0xe2, 0x0, 0x0,
    0x0, 0x5c, 0xe1, 0x0, 0x0, 0x0, 0x4c, 0xed,
    0xcc, 0xcc, 0xcc, 0xdc, 0xe4, 0x33, 0x33, 0x33,
    0x7c, 0xe1, 0x0, 0x0, 0x0, 0x4c, 0xe2, 0x0,
    0x0, 0x0, 0x5c, 0xef, 0xff, 0xff, 0xff, 0xfc,
    0xe1, 0x0, 0x0, 0x0, 0x4c, 0xe1, 0x0, 0x0,
    0x0, 0x4c, 0xef, 0xff, 0xff, 0xff, 0xfc, 0xe2,
    0x0, 0x0, 0x0, 0x5c,

    /* U+76F4 "直" */
    0x0, 0x0, 0x0, 0x6a, 0x0, 0x0, 0x0, 0x8,
    0xcc, 0xcc, 0xee, 0xcc, 0xcc, 0xc2, 0x2, 0x22,
    0x22, 0xc7, 0x22, 0x22, 0x20, 0x0, 0x1b, 0xbb,
    0xfc, 0xbb, 0xb7, 0x0, 0x0, 0x2e, 0x22, 0x22,
    0x22, 0x8a, 0x0, 0x0, 0x2f, 0x99, 0x99, 0x99,
    0xca, 0x0, 0x0, 0x2e, 0x22, 0x22, 0x22, 0x8a,
    0x0, 0x0, 0x2f, 0xaa, 0xaa, 0xaa, 0xca, 0x0,
    0x0, 0x2e, 0x11, 0x11, 0x11, 0x7a, 0x0, 0x0,
    0x2f, 0xaa, 0xaa, 0xaa, 0xca, 0x0, 0x0, 0x2e,
    0x22, 0x22, 0x22, 0x7a, 0x0, 0x2, 0x4e, 0x22,
    0x22, 0x22, 0x7b, 0x21, 0x1d, 0xdd, 0xdd, 0xdd,
    0xdd, 0xdd, 0xd8,

    /* U+76F8 "相" */
    0x0, 0xf, 0x0, 0x0, 0x0, 0x0, 0x0, 0x0,
    0xf0, 0x5, 0xff, 0xff, 0xff, 0x0, 0xf, 0x0,
    0x5a, 0x0, 0x1, 0xf3, 0xee, 0xfe, 0xe6, 0xa0,
    0x0, 0x1f, 0x0, 0x5f, 0x0, 0x6e, 0xcc, 0xcd,
    0xf0, 0xa, 0xf3, 0x5, 0xb2, 0x22, 0x3f, 0x0,
    0xdf, 0xd1, 0x5a, 0x0, 0x1, 0xf0, 0x68, 0xf7,
    0xb6, 0xa0, 0x0, 0x2f, 0xd, 0x1f, 0x8, 0x6f,
    0xee, 0xee, 0xf7, 0x80, 0xf0, 0x5, 0xa0, 0x0,
    0x1f, 0x10, 0xf, 0x0, 0x5a, 0x0, 0x1, 0xf0,
    0x0, 0xf0, 0x5, 0xfe, 0xee, 0xef, 0x0, 0xf,
    0x0, 0x5a, 0x0, 0x2, 0xe0, 0x0, 0x10, 0x0,
    0x0, 0x0, 0x0,

    /* U+7708 "眈" */
    0x0, 0x0, 0x0, 0x1, 0xe0, 0x0, 0xf, 0xff,
    0xe0, 0x0, 0x1e, 0x0, 0x0, 0xf0, 0xe, 0x0,
    0x2, 0xe0, 0x0, 0xf, 0x0, 0xe6, 0xfe, 0xef,
    0xee, 0xf1, 0xfe, 0xee, 0x69, 0x1, 0xe0, 0xe,
    0x1f, 0x0, 0xe6, 0x90, 0x2e, 0x20, 0xe1, 0xf0,
    0xe, 0x0, 0x4, 0xf7, 0x0, 0xf, 0xee, 0xe0,
    0x0, 0x8f, 0x70, 0x0, 0xf0, 0xe, 0x0, 0xd,
    0xc7, 0x0, 0xf, 0x0, 0xe0, 0x7, 0xe7, 0x70,
    0x0, 0xff, 0xee, 0x3, 0xf4, 0x67, 0x6, 0x3e,
    0x0, 0x5, 0xf6, 0x6, 0x70, 0xa4, 0x0, 0x6,
    0xd4, 0x0, 0x3e, 0xee, 0x10, 0x0, 0x0, 0x0,
    0x0, 0x0, 0x0,

    /* U+771F "真" */
    0x0, 0x0, 0x0, 0x56, 0x0, 0x0, 0x0, 0x7,
    0x88, 0x88, 0xcc, 0x88, 0x88, 0x70, 0x4, 0x55,
    0x55, 0xd8, 0x55, 0x55, 0x40, 0x0, 0x2c, 0xbb,
    0xec, 0xbb, 0xc3, 0x0, 0x0, 0x3d, 0x22, 0x22,
    0x22, 0xd3, 0x0, 0x0, 0x3e, 0x88, 0x88, 0x88,
    0xe3, 0x0, 0x0, 0x3f, 0xaa, 0xaa, 0xaa, 0xf3,
    0x0, 0x0, 0x3d, 0x33, 0x33, 0x33, 0xd3, 0x0,
    0x0, 0x3e, 0x66, 0x66, 0x66, 0xe3, 0x0, 0x2a,
    0xbf, 0xaa, 0xaa, 0xaa, 0xfc, 0xa2, 0x3, 0x33,
    0x85, 0x33, 0x69, 0x43, 0x30, 0x1, 0x6d, 0xb3,
    0x0, 0x29, 0xe9, 0x30, 0xb, 0x83, 0x0, 0x0,
    0x0, 0x6, 0xb0,

    /* U+773E "眾" */
    0xc, 0xfe, 0xff, 0xef, 0xfe, 0xef, 0x10, 0xc3,
    0x3, 0xb0, 0x1e, 0x0, 0xe1, 0xc, 0x63, 0x6c,
    0x34, 0xe3, 0x3f, 0x10, 0x8b, 0xbb, 0xbb, 0xbb,
    0xbb, 0xb1, 0x0, 0x11, 0x12, 0x23, 0x46, 0x78,
    0x0, 0xae, 0xed, 0xce, 0xc9, 0x86, 0x30, 0x0,
    0x7, 0x20, 0x95, 0x1, 0xa0, 0x0, 0x1, 0xf1,
    0x9, 0x50, 0x6a, 0x0, 0x0, 0x9e, 0x90, 0x95,
    0xc, 0xe1, 0x0, 0x6d, 0x8, 0xb9, 0x68, 0xa4,
    0xd2, 0x8b, 0x10, 0x1, 0x9c, 0xb1, 0x5, 0xa0,
    0x0, 0x0, 0x9, 0x60, 0x0, 0x0,

    /* U+7760 "睠" */
    0x0, 0x0, 0x0, 0x0, 0x0, 0x0, 0x0, 0x0,
    0x0, 0x30, 0x2d, 0x3, 0x20, 0xff, 0xfc, 0xb,
    0x54, 0xb1, 0xe2, 0xe, 0x2, 0xc0, 0x17, 0x79,
    0x47, 0x0, 0xe0, 0x2c, 0x1e, 0xef, 0xee, 0xec,
    0xf, 0xbc, 0xc0, 0x1, 0xe1, 0x0, 0x0, 0xe0,
    0x2c, 0x7d, 0xef, 0xdd, 0xdd, 0x6e, 0x56, 0xc0,
    0x3e, 0x21, 0x1e, 0x30, 0xf9, 0xac, 0x1d, 0xea,
    0xaa, 0xad, 0x1e, 0x2, 0xcb, 0x8f, 0x33, 0x96,
    0x86, 0xe1, 0x3c, 0x10, 0xe0, 0x8, 0x60, 0xf,
    0xdd, 0xa0, 0xe, 0xa, 0xc3, 0x30, 0xd0, 0x0,
    0x0, 0xf0, 0x0, 0xe, 0x0, 0x0, 0x0, 0xb,
    0xfe, 0xef, 0x90,

    /* U+7779 "睹" */
    0x0, 0x0, 0x0, 0xa, 0x20, 0x0, 0xf, 0xff,
    0xe0, 0x0, 0xa2, 0x7, 0x80, 0xe0, 0xe, 0x1e,
    0xef, 0xfe, 0xd1, 0xe, 0x0, 0xe0, 0x0, 0xa2,
    0x97, 0x0, 0xfd, 0xde, 0x12, 0x2b, 0x7e, 0x22,
    0xe, 0x11, 0xe8, 0xcc, 0xef, 0xcc, 0xc2, 0xe1,
    0x1e, 0x0, 0x8d, 0x20, 0x0, 0xf, 0xcc, 0xe6,
    0xef, 0xee, 0xef, 0x20, 0xe0, 0xe, 0xa6, 0xe0,
    0x0, 0xd2, 0xe, 0x0, 0xe0, 0x1f, 0x99, 0x9e,
    0x20, 0xfe, 0xed, 0x1, 0xe4, 0x44, 0xe2, 0xd,
    0x0, 0x0, 0x1e, 0x11, 0x1d, 0x20, 0x0, 0x0,
    0x1, 0xfb, 0xbb, 0xe2, 0x0,

    /* U+77BB "瞻" */
    0x0, 0x0, 0x2, 0x90, 0x0, 0x0, 0xf, 0xff,
    0xc0, 0xbc, 0xbd, 0xb0, 0x0, 0xe0, 0x1c, 0x6e,
    0x76, 0xda, 0x66, 0xe, 0x1, 0xef, 0x96, 0xb6,
    0x97, 0x60, 0xfe, 0xec, 0x84, 0xa8, 0x14, 0xc3,
    0xe, 0x1, 0xc7, 0x64, 0xc, 0x11, 0x50, 0xe2,
    0x3c, 0x7a, 0xaa, 0xba, 0xaa, 0x1f, 0xbc, 0xc8,
    0x3a, 0xaa, 0xaa, 0x30, 0xe0, 0x1c, 0x82, 0x44,
    0x44, 0x41, 0xe, 0x1, 0xc9, 0x17, 0x77, 0x77,
    0x20, 0xfe, 0xeb, 0xb0, 0xca, 0xaa, 0xb6, 0xd,
    0x0, 0xb, 0xe, 0x0, 0x7, 0x80, 0x0, 0x2,
    0x70, 0xfa, 0xaa, 0xc7, 0x0, 0x0, 0x0, 0x0,
    0x0, 0x0, 0x0,

    /* U+77E3 "矣" */
    0x0, 0x0, 0x8, 0x30, 0x0, 0x0, 0x0, 0x0,
    0x0, 0xaa, 0x0, 0x3b, 0x10, 0x0, 0x0, 0x1b,
    0x90, 0x1, 0x29, 0xe3, 0x0, 0x0, 0xef, 0xef,
    0xfe, 0xdc, 0xbe, 0x30, 0x0, 0x2a, 0x60, 0x0,
    0x0, 0x5, 0x90, 0x0, 0x2f, 0x63, 0x33, 0x33,
    0x33, 0x0, 0x1, 0xdc, 0xbb, 0xed, 0xbb, 0xbb,
    0x10, 0x6, 0x80, 0x0, 0x96, 0x0, 0x0, 0x0,
    0x3d, 0xdd, 0xdd, 0xfe, 0xdd, 0xdd, 0xd3, 0x1,
    0x11, 0x17, 0xdc, 0x71, 0x11, 0x10, 0x0, 0x0,
    0x7e, 0x32, 0xe6, 0x0, 0x0, 0x3, 0x8e, 0xa2,
    0x0, 0x1c, 0xd7, 0x30, 0x1c, 0x72, 0x0, 0x0,
    0x0, 0x39, 0xc1,

    /* U+77E5 "知" */
    0x0, 0xb0, 0x0, 0x0, 0x0, 0x0, 0x0, 0x4c,
    0x0, 0x0, 0x49, 0x99, 0x97, 0x9, 0xfe, 0xee,
    0xa7, 0xc6, 0x69, 0xc1, 0xe2, 0xa7, 0x0, 0x79,
    0x0, 0x4c, 0x79, 0x9, 0x70, 0x7, 0x90, 0x4,
    0xc0, 0x20, 0xa7, 0x0, 0x79, 0x0, 0x4c, 0x7f,
    0xff, 0xff, 0xf8, 0x90, 0x4, 0xc0, 0x0, 0xc4,
    0x0, 0x79, 0x0, 0x4c, 0x0, 0xe, 0xb0, 0x7,
    0x90, 0x4, 0xc0, 0x4, 0xca, 0xa0, 0x79, 0x0,
    0x4c, 0x0, 0xc5, 0xc, 0x77, 0xb2, 0x26, 0xc0,
    0x8d, 0x0, 0x2a, 0x7e, 0xdd, 0xdc, 0x6e, 0x20,
    0x0, 0x7, 0x90, 0x3, 0xa0, 0x10, 0x0, 0x0,
    0x0, 0x0, 0x0,

    /* U+77ED "短" */
    0x1, 0x60, 0x0, 0x0, 0x0, 0x0, 0x0, 0x5,
    0xa0, 0x0, 0xbf, 0xff, 0xff, 0xf7, 0x9, 0xdc,
    0xb8, 0x0, 0x0, 0x0, 0x0, 0xe, 0x1f, 0x0,
    0x4e, 0xee, 0xee, 0xd0, 0x4a, 0xf, 0x0, 0x4b,
    0x0, 0x2, 0xe0, 0x3, 0x2f, 0x22, 0x4b, 0x0,
    0x1, 0xe0, 0x5f, 0xff, 0xfe, 0x4b, 0x0, 0x1,
    0xe0, 0x0, 0x2d, 0x0, 0x4f, 0xff, 0xff, 0xe0,
    0x0, 0x6f, 0x30, 0x5, 0x0, 0x5, 0x30, 0x0,
    0x9a, 0xd0, 0x9, 0x70, 0xe, 0x20, 0x1, 0xe1,
    0x99, 0x3, 0xc0, 0x4c, 0x0, 0xb, 0x80, 0x4,
    0x11, 0xa1, 0xa7, 0x10, 0x3b, 0x0, 0x5, 0xee,
    0xee, 0xee, 0xe8, 0x0, 0x0, 0x0, 0x0, 0x0,
    0x0, 0x0,

    /* U+77F3 "石" */
    0x1e, 0xee, 0xee, 0xee, 0xee, 0xee, 0xe1, 0x1,
    0x11, 0x4e, 0x21, 0x11, 0x11, 0x10, 0x0, 0x0,
    0x98, 0x0, 0x0, 0x0, 0x0, 0x0, 0x1, 0xf1,
    0x0, 0x0, 0x0, 0x0, 0x0, 0x9, 0xa0, 0x0,
    0x0, 0x0, 0x0, 0x0, 0x4f, 0xff, 0xff, 0xff,
    0xff, 0x30, 0x2, 0xee, 0x70, 0x0, 0x0, 0xd,
    0x30, 0x2e, 0x79, 0x70, 0x0, 0x0, 0xd, 0x30,
    0x47, 0x9, 0x70, 0x0, 0x0, 0xd, 0x30, 0x0,
    0x9, 0x70, 0x0, 0x0, 0xd, 0x30, 0x0, 0x9,
    0xff, 0xff, 0xff, 0xff, 0x30, 0x0, 0x9, 0x80,
    0x0, 0x0, 0xd, 0x30,

    /* U+780C "砌" */
    0x6f, 0xff, 0xf0, 0xe0, 0xde, 0xee, 0xe0, 0x0,
    0xe0, 0x0, 0xe0, 0x9, 0x60, 0xe0, 0x3, 0xc0,
    0x2, 0xe9, 0x59, 0x50, 0xe0, 0x7, 0x80, 0x6c,
    0xf5, 0x1a, 0x40, 0xf0, 0xd, 0xfe, 0xa0, 0xe0,
    0xa, 0x30, 0xf0, 0x4f, 0x63, 0xa0, 0xe0, 0xc,
    0x20, 0xf0, 0x8c, 0x62, 0xa0, 0xe1, 0x4e, 0x0,
    0xe0, 0x17, 0x62, 0xa0, 0xfd, 0x8d, 0x1, 0xe0,
    0x7, 0x62, 0xa3, 0xc2, 0x78, 0x2, 0xd0, 0x7,
    0xed, 0xa0, 0x0, 0xd3, 0x3, 0xc0, 0x7, 0x72,
    0x10, 0x9, 0xa0, 0x7, 0xa0, 0x3, 0x30, 0x0,
    0x2c, 0x4, 0xfe, 0x30, 0x0, 0x0, 0x0, 0x0,
    0x0, 0x0, 0x0,

    /* U+786E "确" */
    0x0, 0x0, 0x0, 0x4, 0x50, 0x0, 0x0, 0x1f,
    0xff, 0xf9, 0xc, 0xec, 0xc7, 0x0, 0x0, 0x87,
    0x0, 0x4b, 0x1, 0xd6, 0x0, 0x0, 0xd3, 0x1,
    0xe3, 0x6, 0xc0, 0x0, 0x1, 0xe0, 0xb, 0xfe,
    0xef, 0xee, 0xf1, 0x7, 0xe9, 0x95, 0xa4, 0xe,
    0x0, 0xe1, 0xe, 0xc2, 0xb2, 0xae, 0xdf, 0xdd,
    0xf1, 0x3d, 0xb0, 0xb2, 0xa4, 0xe, 0x0, 0xe1,
    0x3, 0xb0, 0xb2, 0xb8, 0x6f, 0x66, 0xf1, 0x2,
    0xb0, 0xb2, 0xd8, 0x8f, 0x88, 0xf1, 0x2, 0xfc,
    0xf3, 0xd0, 0xe, 0x0, 0xe1, 0x2, 0xc2, 0x26,
    0x80, 0xe, 0x0, 0xe1, 0x1, 0x70, 0xd, 0x10,
    0xb, 0x5e, 0xc0, 0x0, 0x0, 0x0, 0x0, 0x0,
    0x0, 0x0,

    /* U+7891 "碑" */
    0x0, 0x0, 0x0, 0x0, 0xb, 0x10, 0x0, 0x3f,
    0xff, 0xfe, 0x11, 0x4e, 0x11, 0x10, 0x0, 0xb5,
    0x0, 0xad, 0xbf, 0xcb, 0xf0, 0x0, 0xe1, 0x0,
    0xa4, 0xc, 0x10, 0xf0, 0x1, 0xe0, 0x0, 0xae,
    0xdf, 0xdd, 0xf0, 0x5, 0xfb, 0xb4, 0xa4, 0xe,
    0x0, 0xf0, 0xc, 0xb1, 0x96, 0xae, 0xef, 0xdd,
    0xf0, 0x3f, 0xa0, 0x86, 0x0, 0xc5, 0x83, 0x0,
    0x39, 0xa0, 0x86, 0xc, 0x70, 0xa4, 0x0, 0x3,
    0xa0, 0x89, 0xcc, 0xcc, 0xed, 0xc6, 0x3, 0xfe,
    0xf7, 0x22, 0x22, 0xb6, 0x21, 0x3, 0xa0, 0x0,
    0x0, 0x0, 0xa4, 0x0, 0x1, 0x40, 0x0, 0x0,
    0x0, 0xa4, 0x0,

    /* U+78A7 "碧" */
    0x0, 0x0, 0x0, 0x0, 0x7, 0x50, 0x0, 0xc,
    0xdf, 0xdd, 0x5c, 0xdf, 0xed, 0x80, 0x0, 0xc,
    0x30, 0xe, 0x0, 0x6, 0x90, 0xa, 0xcf, 0xdc,
    0x1e, 0xcc, 0xcd, 0x90, 0x0, 0xc, 0x30, 0xe,
    0x10, 0x6, 0x90, 0x18, 0xae, 0xdd, 0x7e, 0x98,
    0x8b, 0x90, 0x5, 0x42, 0x0, 0x4, 0x44, 0x44,
    0x20, 0x3d, 0xdd, 0xdd, 0xdd, 0xdd, 0xdd, 0xd3,
    0x0, 0x3, 0xe2, 0x0, 0x0, 0x0, 0x0, 0x0,
    0x3f, 0xed, 0xdd, 0xdd, 0xdc, 0x0, 0x8, 0xed,
    0x50, 0x0, 0x0, 0x2e, 0x0, 0x5c, 0x1b, 0x60,
    0x0, 0x0, 0x3e, 0x0, 0x0, 0xb, 0xec, 0xcc,
    0xcc, 0xdd, 0x0,

    /* U+78D4 "磔" */
    0x0, 0x0, 0x0, 0x0, 0x0, 0x0, 0x0, 0x0,
    0x0, 0x0, 0x69, 0x0, 0xd, 0x0, 0x4f, 0xff,
    0xf0, 0xc9, 0x41, 0xd, 0x0, 0x0, 0xb3, 0x4,
    0xd8, 0xd8, 0xdf, 0xd1, 0x0, 0xe0, 0x1d, 0x61,
    0xd4, 0x4d, 0x0, 0x3, 0xa0, 0x13, 0x4e, 0x78,
    0x8e, 0x51, 0x9, 0xfe, 0xa0, 0x5c, 0x5, 0x6e,
    0x61, 0x2f, 0x73, 0xa7, 0xb0, 0x18, 0xd, 0x0,
    0x7b, 0x72, 0xa0, 0x0, 0x1e, 0x0, 0x0, 0x16,
    0x72, 0xab, 0xee, 0xff, 0xfe, 0xe0, 0x5, 0x72,
    0xa0, 0x5, 0xdf, 0xb0, 0x0, 0x5, 0xed, 0xa0,
    0x6d, 0x3e, 0x4c, 0x10, 0x5, 0x82, 0x3b, 0xc2,
    0x1e, 0x7, 0xe3, 0x2, 0x30, 0x6, 0x0, 0x1e,
    0x0, 0x40,

    /* U+78E9 "磩" */
    0x0, 0x0, 0x0, 0x0, 0x0, 0xe6, 0x30, 0x7e,
    0xfe, 0xe1, 0x0, 0x0, 0xe1, 0xc0, 0x0, 0xe0,
    0x8, 0xcc, 0xcc, 0xfc, 0xc5, 0x3, 0xc0, 0xa,
    0x32, 0x31, 0xe1, 0x10, 0x6, 0x90, 0xa, 0x24,
    0x80, 0xd0, 0x0, 0xa, 0xc9, 0x6a, 0x24, 0xe9,
    0xc1, 0xc2, 0xe, 0x97, 0xab, 0x14, 0x80, 0xb3,
    0xe0, 0x6f, 0x63, 0xac, 0x8c, 0xec, 0xa9, 0xa0,
    0x8b, 0x63, 0xac, 0x25, 0xa5, 0x8e, 0x40, 0x7,
    0x63, 0xbd, 0x95, 0xa9, 0x6d, 0x0, 0x7, 0xed,
    0xcc, 0xc2, 0xa2, 0xbb, 0x14, 0x7, 0x70, 0x78,
    0x12, 0xa7, 0xac, 0x38, 0x2, 0x20, 0x92, 0x1c,
    0x69, 0x16, 0xe4, 0x0, 0x0, 0x0, 0x0, 0x0,
    0x0, 0x10,

    /* U+791D "礝" */
    0x4f, 0xff, 0xf5, 0xcc, 0xcf, 0xcc, 0xb0, 0x0,
    0xb3, 0x8, 0xbb, 0xbe, 0xbb, 0xb3, 0x0, 0xd0,
    0xb, 0x77, 0x2c, 0x39, 0xa4, 0x3, 0xa0, 0x3,
    0x14, 0x5b, 0x61, 0x21, 0x9, 0xec, 0x81, 0x9c,
    0x5b, 0x7c, 0x60, 0x2f, 0xa7, 0xb0, 0x40, 0x4,
    0x0, 0x20, 0x7e, 0x71, 0xba, 0xcc, 0xee, 0xcc,
    0xc4, 0x16, 0x71, 0xb1, 0x44, 0xa8, 0x44, 0x40,
    0x5, 0x71, 0xb6, 0xb6, 0xe6, 0xe6, 0xe1, 0x5,
    0xed, 0xb6, 0x80, 0xc0, 0xc0, 0xd1, 0x5, 0x82,
    0x16, 0x80, 0xc0, 0xc0, 0xd1, 0x2, 0x30, 0x6,
    0x80, 0xb0, 0xb7, 0xc0,

    /* U+793A "示" */
    0x0, 0xde, 0xee, 0xee, 0xee, 0xee, 0x0, 0x0,
    0x11, 0x11, 0x11, 0x11, 0x11, 0x0, 0x0, 0x0,
    0x0, 0x0, 0x0, 0x0, 0x0, 0x1, 0x11, 0x11,
    0x11, 0x11, 0x11, 0x10, 0x2e, 0xee, 0xee, 0xff,
    0xee, 0xee, 0xe2, 0x0, 0x0, 0x0, 0x89, 0x0,
    0x0, 0x0, 0x0, 0xa, 0x20, 0x89, 0x2, 0x80,
    0x0, 0x0, 0x6c, 0x0, 0x89, 0x0, 0xd6, 0x0,
    0x1, 0xe4, 0x0, 0x89, 0x0, 0x2f, 0x20, 0x1d,
    0x80, 0x0, 0x89, 0x0, 0x9, 0xa0, 0x28, 0x0,
    0x11, 0xa9, 0x0, 0x2, 0x80, 0x0, 0x0, 0xcf,
    0xe4, 0x0, 0x0, 0x0,

    /* U+793C "礼" */
    0x0, 0x0, 0x0, 0x0, 0x0, 0x0, 0x0, 0x0,
    0x4a, 0x0, 0x2, 0xe0, 0x0, 0x0, 0x0, 0xd,
    0x50, 0x2, 0xe0, 0x0, 0x0, 0x2, 0x27, 0x71,
    0x2, 0xe0, 0x0, 0x0, 0xc, 0xdd, 0xee, 0x2,
    0xe0, 0x0, 0x0, 0x0, 0x0, 0xb5, 0x2, 0xe0,
    0x0, 0x0, 0x0, 0x7, 0xb0, 0x2, 0xe0, 0x0,
    0x0, 0x0, 0x4f, 0x90, 0x2, 0xe0, 0x0, 0x0,
    0x6, 0xef, 0xc9, 0x2, 0xe0, 0x0, 0x0, 0x4d,
    0x2e, 0x2c, 0x62, 0xe0, 0x0, 0x0, 0x1, 0xe,
    0x11, 0x2, 0xe0, 0x0, 0x40, 0x0, 0xe, 0x10,
    0x2, 0xe0, 0x0, 0xc2, 0x0, 0xe, 0x10, 0x1,
    0xf0, 0x0, 0xe1, 0x0, 0xe, 0x10, 0x0, 0xbf,
    0xef, 0x90,

    /* U+7947 "祇" */
    0x0, 0x22, 0x0, 0x0, 0x0, 0x1, 0x20, 0x0,
    0x4d, 0x0, 0x35, 0x8a, 0xee, 0x90, 0x2, 0x29,
    0x40, 0xca, 0x66, 0xe0, 0x0, 0x4d, 0xdd, 0xe7,
    0xc3, 0x1, 0xe0, 0x0, 0x0, 0x1, 0xd1, 0xc3,
    0x1, 0xe0, 0x0, 0x0, 0xc, 0x70, 0xc3, 0x1,
    0xf0, 0x0, 0x0, 0xaf, 0x60, 0xcf, 0xee, 0xff,
    0xe1, 0x2d, 0xdf, 0xc5, 0xc3, 0x0, 0xe1, 0x0,
    0x78, 0x1e, 0x17, 0xc3, 0x0, 0xc3, 0x0, 0x0,
    0x1e, 0x0, 0xc3, 0x0, 0xa5, 0x0, 0x0, 0x1e,
    0x0, 0xc3, 0x0, 0x69, 0x39, 0x0, 0x1e, 0x0,
    0xea, 0xdb, 0x1e, 0x87, 0x0, 0x1e, 0x2, 0xe8,
    0x30, 0x5, 0xc2, 0x0, 0x0, 0x0, 0x0, 0x0,
    0x0, 0x0,

    /* U+7955 "祕" */
    0x0, 0x22, 0x0, 0x0, 0x40, 0x0, 0x0, 0x0,
    0x4d, 0x0, 0x1, 0xba, 0x2, 0x70, 0x2, 0x29,
    0x41, 0x0, 0x8, 0x98, 0x90, 0x2d, 0xdd, 0xe9,
    0x0, 0xa0, 0xd, 0x30, 0x0, 0x1, 0xd1, 0x0,
    0xe0, 0x3d, 0x0, 0x0, 0xb, 0x70, 0x62, 0xe0,
    0xac, 0x50, 0x0, 0x9f, 0x80, 0xc2, 0xe2, 0xe4,
    0xd0, 0x1c, 0xcf, 0xc8, 0xe0, 0xeb, 0x70, 0xc3,
    0x58, 0x1e, 0x19, 0x90, 0xfd, 0x0, 0x87, 0x0,
    0x1e, 0x5, 0x23, 0xf3, 0x0, 0x23, 0x0, 0x1e,
    0x0, 0x3e, 0xe0, 0x3, 0x80, 0x0, 0x1e, 0x4,
    0xf7, 0xf0, 0x6, 0x80, 0x0, 0x1e, 0x4, 0x50,
    0xae, 0xed, 0x30,

    /* U+7956 "祖" */
    0x0, 0x45, 0x0, 0x0, 0x0, 0x0, 0x0, 0x0,
    0x1e, 0x30, 0x3f, 0xff, 0xff, 0x20, 0x16, 0x6a,
    0x85, 0x3c, 0x0, 0xe, 0x20, 0x17, 0x77, 0xcb,
    0x3c, 0x0, 0xe, 0x20, 0x0, 0x2, 0xe2, 0x3f,
    0xbb, 0xbf, 0x20, 0x0, 0xd, 0x60, 0x3d, 0x33,
    0x3e, 0x20, 0x1, 0xbf, 0xb0, 0x3c, 0x0, 0xe,
    0x20, 0x2d, 0xbe, 0x9b, 0x3c, 0x0, 0xe, 0x20,
    0x47, 0x1e, 0x8, 0x3f, 0xff, 0xff, 0x20, 0x0,
    0x1e, 0x0, 0x3c, 0x0, 0xe, 0x20, 0x0, 0x1e,
    0x0, 0x3c, 0x0, 0xe, 0x20, 0x0, 0x1e, 0x1,
    0x4d, 0x11, 0x1e, 0x40, 0x0, 0x1e, 0xd, 0xdd,
    0xdd, 0xdd, 0xd4,

    /* U+795E "神" */
    0x0, 0x46, 0x0, 0x0, 0xe, 0x10, 0x0, 0x0,
    0x1e, 0x20, 0x0, 0xe, 0x10, 0x0, 0x2, 0x28,
    0x40, 0x55, 0x5f, 0x65, 0x50, 0xd, 0xdd, 0xe7,
    0xea, 0x9f, 0xa9, 0xf1, 0x0, 0x1, 0xc0, 0xe1,
    0xe, 0x10, 0xe1, 0x0, 0xb, 0x40, 0xee, 0xdf,
    0xed, 0xf1, 0x0, 0xaf, 0xa0, 0xe2, 0xe, 0x20,
    0xe1, 0x1c, 0xad, 0x98, 0xe1, 0xe, 0x10, 0xe1,
    0x6, 0x2d, 0x3, 0xef, 0xef, 0xfe, 0xf1, 0x0,
    0x1d, 0x0, 0xc1, 0xe, 0x10, 0xb1, 0x0, 0x1d,
    0x0, 0x0, 0xe, 0x10, 0x0, 0x0, 0x1d, 0x0,
    0x0, 0xe, 0x10, 0x0, 0x0, 0x1d, 0x0, 0x0,
    0xe, 0x10, 0x0,

    /* U+7985 "禅" */
    0x0, 0x73, 0x0, 0x36, 0x0, 0x1a, 0x0, 0x0,
    0x3d, 0x0, 0x1e, 0x20, 0x89, 0x0, 0x26, 0x6b,
    0x71, 0x6, 0x50, 0xe1, 0x0, 0x28, 0x88, 0xe3,
    0xdd, 0xde, 0xfd, 0xb0, 0x0, 0x7, 0x82, 0xc0,
    0x3c, 0x1, 0xd0, 0x0, 0x2f, 0x12, 0xfd, 0xdf,
    0xdd, 0xd0, 0x2, 0xef, 0x72, 0xc0, 0x3c, 0x1,
    0xd0, 0x3e, 0x9c, 0xd5, 0xea, 0xbe, 0xab, 0xd0,
    0x55, 0x3b, 0x41, 0x22, 0x5d, 0x22, 0x20, 0x0,
    0x3b, 0x3, 0x33, 0x6d, 0x33, 0x31, 0x0, 0x3b,
    0xa, 0xbb, 0xcf, 0xbb, 0xb5, 0x0, 0x3b, 0x0,
    0x0, 0x3c, 0x0, 0x0, 0x0, 0x3b, 0x0, 0x0,
    0x3c, 0x0, 0x0,

    /* U+798F "福" */
    0x0, 0x60, 0x0, 0x0, 0x0, 0x0, 0x0, 0x0,
    0x97, 0x0, 0xee, 0xee, 0xee, 0xe5, 0x0, 0x19,
    0x0, 0x1, 0x11, 0x11, 0x10, 0x3f, 0xff, 0xf9,
    0x4e, 0xbb, 0xbd, 0xa0, 0x0, 0x0, 0xd3, 0x4a,
    0x0, 0x4, 0xa0, 0x0, 0x9, 0x90, 0x4e, 0xbb,
    0xbd, 0xa0, 0x0, 0x6f, 0x80, 0x1, 0x11, 0x11,
    0x10, 0x8, 0xfe, 0xa9, 0xfd, 0xdf, 0xdd, 0xf4,
    0x8c, 0x3e, 0x5, 0xf0, 0xe, 0x0, 0xb4, 0x10,
    0x1e, 0x0, 0xfd, 0xdf, 0xdd, 0xf4, 0x0, 0x1e,
    0x0, 0xf0, 0xe, 0x0, 0xb4, 0x0, 0x1e, 0x0,
    0xf3, 0x3e, 0x43, 0xc4, 0x0, 0x1e, 0x0, 0xfa,
    0xaa, 0xaa, 0xe4, 0x0, 0x0, 0x0, 0x0, 0x0,
    0x0, 0x0,

    /* U+79AA "禪" */
    0x0, 0x20, 0x0, 0x0, 0x0, 0x0, 0x0, 0x0,
    0x69, 0x6, 0xdc, 0xd5, 0xdc, 0xe0, 0x14, 0x4b,
    0x46, 0x70, 0xd5, 0x70, 0xd0, 0x29, 0x99, 0xe5,
    0xcc, 0xa4, 0xcc, 0xb0, 0x0, 0x7, 0x71, 0x88,
    0x88, 0x88, 0x60, 0x0, 0x2e, 0x2, 0xd3, 0x6c,
    0x36, 0xa0, 0x2, 0xdf, 0x52, 0xfc, 0xde, 0xcd,
    0xa0, 0x3e, 0x9b, 0xd4, 0xc0, 0x3b, 0x3, 0xa0,
    0x54, 0x3a, 0x33, 0xfc, 0xdf, 0xcd, 0xa0, 0x0,
    0x3a, 0x0, 0x11, 0x4b, 0x11, 0x0, 0x0, 0x3a,
    0xc, 0xee, 0xef, 0xee, 0xe6, 0x0, 0x3a, 0x0,
    0x0, 0x3b, 0x0, 0x0, 0x0, 0x3a, 0x0, 0x0,
    0x3b, 0x0, 0x0,

    /* U+79AE "禮" */
    0x3, 0x80, 0x0, 0x5, 0x74, 0x80, 0x0, 0x0,
    0xd4, 0x4, 0xbd, 0xdd, 0xeb, 0x70, 0x36, 0x97,
    0x46, 0x74, 0x75, 0x74, 0xa0, 0x49, 0x9c, 0xb6,
    0xdb, 0xdc, 0xcb, 0xa0, 0x0, 0xd, 0x36, 0x84,
    0x85, 0x74, 0xa0, 0x0, 0x7c, 0x4, 0xaa, 0xaa,
    0xaa, 0x60, 0x4, 0xfa, 0x8, 0xaa, 0xaa, 0xaa,
    0xa0, 0x4f, 0xfd, 0x82, 0x44, 0x44, 0x44, 0x20,
    0x75, 0xb4, 0xa0, 0xe9, 0x99, 0x9e, 0x30, 0x0,
    0xb3, 0x0, 0xfa, 0xaa, 0xae, 0x30, 0x0, 0xb3,
    0x0, 0x19, 0x11, 0x75, 0x0, 0x0, 0xb3, 0x0,
    0xd, 0x10, 0xd1, 0x0, 0x0, 0xb3, 0x2d, 0xdf,
    0xed, 0xfd, 0xd2,

    /* U+79C0 "秀" */
    0x0, 0x0, 0x0, 0x13, 0x58, 0xa3, 0x0, 0x3,
    0xdd, 0xed, 0xed, 0x86, 0x41, 0x0, 0x0, 0x0,
    0x0, 0x87, 0x0, 0x0, 0x0, 0x1f, 0xff, 0xff,
    0xff, 0xff, 0xff, 0xf1, 0x0, 0x0, 0x6d, 0xa9,
    0xd6, 0x0, 0x0, 0x0, 0x9, 0xd1, 0x87, 0x1d,
    0x91, 0x0, 0x7, 0xea, 0x10, 0x86, 0x1, 0x9e,
    0x81, 0x4b, 0x7b, 0xbb, 0xbb, 0xb5, 0x2, 0xa1,
    0x0, 0x13, 0x8c, 0x33, 0xd3, 0x0, 0x0, 0x0,
    0x0, 0xa7, 0x1, 0xee, 0xef, 0x0, 0x0, 0x4,
    0xe1, 0x0, 0x0, 0x2e, 0x0, 0x0, 0x6e, 0x40,
    0x0, 0x0, 0x6b, 0x0, 0xc, 0xb3, 0x0, 0x0,
    0xee, 0xe4, 0x0, 0x0, 0x0, 0x0, 0x0, 0x0,
    0x0, 0x0,

    /* U+79CB "秋" */
    0x0, 0x16, 0xb7, 0x0, 0xe, 0x0, 0x0, 0x3e,
    0xdf, 0x51, 0x0, 0xe, 0x0, 0x0, 0x0, 0xf,
    0x0, 0x0, 0x1d, 0x0, 0x0, 0x0, 0xf, 0x0,
    0x29, 0x1d, 0x2, 0xa0, 0x6e, 0xef, 0xee, 0x69,
    0x2c, 0x8, 0x80, 0x0, 0x7f, 0x30, 0x96, 0x4d,
    0xd, 0x20, 0x0, 0xdf, 0xc1, 0xe0, 0x6f, 0x5a,
    0x0, 0x6, 0x9f, 0x68, 0x0, 0x8f, 0x40, 0x0,
    0x1e, 0x2f, 0x1, 0x0, 0xe7, 0x90, 0x0, 0x97,
    0xf, 0x0, 0x5, 0xb0, 0xd1, 0x0, 0x20, 0xf,
    0x0, 0xd, 0x50, 0x8a, 0x0, 0x0, 0xf, 0x1,
    0xba, 0x0, 0xd, 0x90, 0x0, 0xf, 0x8, 0x90,
    0x0, 0x1, 0xb2, 0x0, 0x0, 0x0, 0x0, 0x0,
    0x0, 0x0,

    /* U+79D2 "秒" */
    0x0, 0x3, 0x86, 0x0, 0x1e, 0x0, 0x0, 0x1c,
    0xef, 0x72, 0x0, 0x1e, 0x0, 0x0, 0x2, 0xf,
    0x0, 0x16, 0x1e, 0x9, 0x0, 0x0, 0xf, 0x0,
    0x4b, 0x1e, 0xa, 0x60, 0x5e, 0xff, 0xee, 0x78,
    0x1e, 0x3, 0xd0, 0x0, 0x6f, 0x30, 0xc3, 0x1e,
    0x0, 0xd3, 0x0, 0xdf, 0xc2, 0xd0, 0x1e, 0x0,
    0x31, 0x5, 0xaf, 0x5a, 0x0, 0x1e, 0x8, 0x70,
    0x1e, 0x2f, 0x1, 0x0, 0x19, 0x1e, 0x10, 0x68,
    0xf, 0x0, 0x0, 0x1, 0xd7, 0x0, 0x0, 0xf,
    0x0, 0x0, 0x4d, 0x80, 0x0, 0x0, 0xf, 0x1,
    0x6b, 0xe5, 0x0, 0x0, 0x0, 0xf, 0xa, 0xb5,
    0x0, 0x0, 0x0,

    /* U+79D8 "秘" */
    0x0, 0x2, 0x80, 0x2, 0x80, 0x0, 0x0, 0x8,
    0xef, 0x81, 0x0, 0x9d, 0x23, 0xa0, 0x2, 0x3d,
    0x0, 0x0, 0x6, 0xa8, 0x80, 0x0, 0x2d, 0x0,
    0x0, 0xa0, 0xe, 0x20, 0x1e, 0xef, 0xe6, 0x41,
    0xe0, 0x3d, 0x0, 0x0, 0x7e, 0x10, 0xd1, 0xe0,
    0xab, 0xa0, 0x0, 0xcf, 0x91, 0xc1, 0xe3, 0xe1,
    0xe0, 0x3, 0xdd, 0xc9, 0x81, 0xeb, 0x70, 0xa5,
    0xb, 0x7d, 0x3c, 0x31, 0xfd, 0x0, 0x69, 0x3d,
    0x2d, 0x2, 0x2, 0xf3, 0x0, 0x13, 0x3, 0x2d,
    0x0, 0x3e, 0xe0, 0x3, 0x80, 0x0, 0x2d, 0x4,
    0xf9, 0xf0, 0x5, 0x90, 0x0, 0x2d, 0x8, 0x60,
    0xcf, 0xee, 0x30, 0x0, 0x1, 0x0, 0x0, 0x0,
    0x0, 0x0,

    /* U+79EF "积" */
    0x0, 0x14, 0x88, 0x0, 0x0, 0x0, 0x0, 0x7e,
    0xdf, 0x62, 0x6f, 0xff, 0xff, 0xc0, 0x0, 0x1e,
    0x0, 0x6a, 0x0, 0x4, 0xd0, 0x0, 0x1e, 0x0,
    0x69, 0x0, 0x3, 0xd0, 0x8f, 0xff, 0xff, 0x89,
    0x0, 0x3, 0xd0, 0x0, 0x7f, 0x20, 0x69, 0x0,
    0x3, 0xd0, 0x0, 0xef, 0xc1, 0x6e, 0xcc, 0xcd,
    0xd0, 0x6, 0x9e, 0x5b, 0x13, 0x33, 0x33, 0x20,
    0x2e, 0x2e, 0x5, 0x2, 0x20, 0x3, 0x0, 0x97,
    0x1e, 0x0, 0xc, 0x60, 0x2e, 0x10, 0x20, 0x1e,
    0x0, 0x2f, 0x0, 0x9, 0x90, 0x0, 0x1e, 0x0,
    0xc7, 0x0, 0x1, 0xf1, 0x0, 0x1e, 0x3, 0xb0,
    0x0, 0x0, 0x93,

    /* U+79F0 "称" */
    0x0, 0x1, 0x65, 0x6, 0x30, 0x0, 0x0, 0x9,
    0xdf, 0x94, 0xc, 0x30, 0x0, 0x0, 0x2, 0xe,
    0x10, 0x1f, 0xee, 0xee, 0xe2, 0x0, 0xe, 0x10,
    0x79, 0xe, 0x24, 0xc0, 0x1e, 0xef, 0xed, 0xe3,
    0xe, 0x25, 0x40, 0x0, 0x4f, 0x31, 0x65, 0xe,
    0x27, 0x0, 0x0, 0xaf, 0xc1, 0xe, 0xe, 0x2c,
    0x30, 0x1, 0xbe, 0x6a, 0x3b, 0xe, 0x27, 0x90,
    0xa, 0x4e, 0x12, 0x97, 0xe, 0x22, 0xd0, 0x3b,
    0xe, 0x11, 0xe1, 0xe, 0x20, 0xf1, 0x1, 0xe,
    0x11, 0x50, 0xe, 0x20, 0x51, 0x0, 0xe, 0x10,
    0x0, 0x1e, 0x20, 0x0, 0x0, 0xe, 0x10, 0x4,
    0xeb, 0x0, 0x0,

    /* U+79FB "移" */
    0x0, 0x0, 0x40, 0x0, 0x17, 0x0, 0x0, 0x6,
    0xae, 0xc4, 0x0, 0xcb, 0x33, 0x10, 0x5, 0x4f,
    0x0, 0x3d, 0xcb, 0xbf, 0x90, 0x0, 0xf, 0x2,
    0xb7, 0x91, 0x9d, 0x0, 0x1e, 0xef, 0xea, 0x0,
    0xbf, 0xd1, 0x0, 0x0, 0x6f, 0x21, 0x6d, 0xfc,
    0xb0, 0x0, 0x0, 0xbf, 0xb2, 0xd8, 0x2d, 0xa2,
    0x20, 0x1, 0xdf, 0xa6, 0x1, 0xcd, 0xbb, 0xf6,
    0x9, 0x6f, 0x13, 0x5e, 0x90, 0x3, 0xd0, 0x2d,
    0xf, 0x0, 0x93, 0x9a, 0x3d, 0x40, 0x3, 0xf,
    0x0, 0x0, 0xb, 0xf3, 0x0, 0x0, 0xf, 0x0,
    0x16, 0xda, 0x20, 0x0, 0x0, 0xf, 0x7, 0xd8,
    0x20, 0x0, 0x0, 0x0, 0x0, 0x0, 0x0, 0x0,
    0x0, 0x0,

    /* U+7A0B "程" */
    0x0, 0x0, 0x22, 0x0, 0x0, 0x0, 0x0, 0x6,
    0x9d, 0xd7, 0x6f, 0xee, 0xee, 0xe0, 0x6, 0x4e,
    0x20, 0x68, 0x0, 0x1, 0xe0, 0x0, 0xd, 0x30,
    0x68, 0x0, 0x1, 0xe0, 0x2f, 0xff, 0xfe, 0x6f,
    0xee, 0xee, 0xe0, 0x0, 0x3f, 0x30, 0x0, 0x0,
    0x0, 0x0, 0x0, 0xaf, 0xc0, 0xac, 0xcc, 0xcc,
    0xc4, 0x1, 0xcd, 0x8b, 0x22, 0x2e, 0x32, 0x20,
    0xa, 0x5d, 0x25, 0x0, 0xe, 0x10, 0x0, 0x4c,
    0xd, 0x20, 0x8e, 0xef, 0xee, 0xe1, 0x2, 0xd,
    0x20, 0x0, 0xe, 0x10, 0x0, 0x0, 0xd, 0x20,
    0x0, 0xe, 0x10, 0x0, 0x0, 0xd, 0x27, 0xee,
    0xef, 0xee, 0xea,

    /* U+7A31 "稱" */
    0x0, 0x0, 0x50, 0x0, 0x0, 0x25, 0x60, 0x8,
    0xbf, 0xa3, 0x9b, 0xdd, 0xb8, 0x60, 0x4, 0x3d,
    0x0, 0x94, 0x28, 0x5, 0xc0, 0x0, 0x1d, 0x0,
    0x4b, 0xd, 0x4e, 0x30, 0x1b, 0xcf, 0xb8, 0x6,
    0xa, 0x14, 0x0, 0x3, 0x8e, 0x32, 0x9d, 0xdf,
    0xdd, 0xd0, 0x0, 0xcf, 0x70, 0xb4, 0xe, 0x0,
    0xf0, 0x2, 0xce, 0xa6, 0xbd, 0xdf, 0xdd, 0xf0,
    0xb, 0x5d, 0x1, 0xb4, 0xe, 0x0, 0xf0, 0x2b,
    0x1d, 0x8, 0xec, 0xbf, 0xcb, 0xf9, 0x1, 0x1d,
    0x1, 0xc6, 0x22, 0x22, 0xf2, 0x0, 0x1d, 0x0,
    0xb4, 0x0, 0x0, 0xf0, 0x0, 0x1d, 0x0, 0xb4,
    0x0, 0x6e, 0xb0, 0x0, 0x0, 0x0, 0x0, 0x0,
    0x0, 0x0,

    /* U+7A33 "稳" */
    0x0, 0x3, 0x81, 0x8, 0x50, 0x0, 0x0, 0x9,
    0xef, 0x71, 0x3f, 0xdd, 0xd8, 0x0, 0x1, 0x2d,
    0x3, 0xd2, 0x0, 0xd3, 0x0, 0x0, 0x1d, 0x9,
    0xdb, 0xbd, 0xeb, 0x50, 0x1e, 0xef, 0xe7, 0x11,
    0x11, 0x18, 0x70, 0x0, 0x7f, 0x20, 0xac, 0xcc,
    0xcd, 0x70, 0x0, 0xcf, 0xb0, 0x11, 0x11, 0x17,
    0x70, 0x2, 0xcd, 0xa8, 0xbb, 0xbb, 0xbd, 0x70,
    0xa, 0x6d, 0x21, 0x22, 0x44, 0x22, 0x10, 0x3d,
    0x1d, 0x3, 0x17, 0x3d, 0x13, 0x40, 0x14, 0x1d,
    0xc, 0x3f, 0x7, 0x52, 0xd0, 0x0, 0x1d, 0x3c,
    0xf, 0x0, 0x1b, 0xa5, 0x0, 0x1d, 0x13, 0xb,
    0xdd, 0xd6, 0x22,

    /* U+7A3D "稽" */
    0x0, 0x1, 0x71, 0x0, 0xa3, 0x68, 0x0, 0x8,
    0xcf, 0xa3, 0x0, 0xb3, 0x7, 0x70, 0x6, 0x4e,
    0x4, 0xcd, 0xff, 0xcc, 0xc5, 0x0, 0x1e, 0x0,
    0x9, 0x9e, 0x11, 0x44, 0x2e, 0xef, 0xeb, 0xba,
    0x9, 0xcd, 0xc3, 0x0, 0x7e, 0x3, 0x9a, 0x68,
    0xbb, 0x30, 0x0, 0xcf, 0x80, 0x7b, 0x53, 0x0,
    0x45, 0x2, 0xde, 0xa6, 0x3d, 0xcc, 0xcd, 0xe4,
    0x9, 0x6e, 0x13, 0x35, 0x55, 0x55, 0x50, 0x2d,
    0x1e, 0x0, 0x89, 0x55, 0x56, 0xe0, 0x3, 0x1e,
    0x0, 0x8c, 0xaa, 0xab, 0xe0, 0x0, 0x1e, 0x0,
    0x85, 0x0, 0x0, 0xe0, 0x0, 0x1e, 0x0, 0x8d,
    0xbb, 0xbc, 0xe0,

    /* U+7A4D "積" */
    0x0, 0x2, 0x84, 0x0, 0xe, 0x10, 0x0, 0xa,
    0xef, 0xa4, 0xab, 0xbf, 0xbb, 0xb4, 0x2, 0xe,
    0x10, 0x59, 0x9f, 0x99, 0x90, 0x0, 0xe, 0x11,
    0x34, 0x4f, 0x54, 0x42, 0x1e, 0xef, 0xfd, 0x88,
    0x88, 0x88, 0x86, 0x0, 0x3f, 0x20, 0x5b, 0xbb,
    0xbb, 0xa0, 0x0, 0xaf, 0x90, 0x68, 0x0, 0x1,
    0xe0, 0x1, 0xce, 0xa8, 0x6d, 0xaa, 0xab, 0xe0,
    0xb, 0x5e, 0x25, 0x6b, 0x66, 0x67, 0xe0, 0x4c,
    0xe, 0x10, 0x6a, 0x33, 0x34, 0xe0, 0x2, 0xe,
    0x10, 0x6c, 0xbb, 0xbb, 0xc0, 0x0, 0xe, 0x10,
    0x2b, 0x90, 0x3c, 0x40, 0x0, 0xe, 0x19, 0xc5,
    0x0, 0x2, 0xc6, 0x0, 0x0, 0x0, 0x0, 0x0,
    0x0, 0x0,

    /* U+7A77 "穷" */
    0x0, 0x0, 0x7, 0x20, 0x0, 0x0, 0x11, 0x11,
    0x1b, 0xa1, 0x11, 0x11, 0xed, 0xcc, 0xcc, 0xcc,
    0xcc, 0xde, 0xe1, 0x3, 0x70, 0x5, 0x30, 0x2e,
    0x81, 0x6e, 0x30, 0x2, 0xc9, 0x27, 0x3d, 0xb2,
    0x1e, 0x0, 0x7, 0xd2, 0x13, 0x0, 0x2f, 0x0,
    0x0, 0x30, 0x6e, 0xee, 0xff, 0xee, 0xee, 0xb0,
    0x0, 0x0, 0xa8, 0x0, 0x6, 0xa0, 0x0, 0x2,
    0xf2, 0x0, 0x7, 0x90, 0x0, 0x1c, 0x90, 0x0,
    0xa, 0x60, 0x4, 0xda, 0x0, 0x0, 0xe, 0x30,
    0x6e, 0x60, 0x0, 0x6f, 0xfb, 0x0, 0x0, 0x0,
    0x0, 0x0, 0x0, 0x0,

    /* U+7A7A "空" */
    0x0, 0x0, 0x1a, 0x0, 0x0, 0x0, 0x0, 0x0,
    0xd, 0x70, 0x0, 0x0, 0xef, 0xff, 0xff, 0xff,
    0xff, 0xff, 0xe1, 0x0, 0x0, 0x0, 0x0, 0x1f,
    0xe1, 0x1b, 0x90, 0x1d, 0x92, 0x1c, 0x37, 0xe7,
    0x0, 0x0, 0x6e, 0x91, 0x89, 0x10, 0x0, 0x0,
    0x0, 0x77, 0x7, 0xff, 0xff, 0xff, 0xff, 0x80,
    0x0, 0x0, 0xc, 0x40, 0x0, 0x0, 0x0, 0x0,
    0xc, 0x40, 0x0, 0x0, 0x0, 0x0, 0xc, 0x40,
    0x0, 0x0, 0x11, 0x11, 0x1d, 0x61, 0x11, 0x11,
    0xcd, 0xdd, 0xdd, 0xdd, 0xdd, 0xdd,

    /* U+7A83 "窃" */
    0x0, 0x0, 0x0, 0x62, 0x0, 0x0, 0x0, 0x2,
    0x22, 0x22, 0xa9, 0x22, 0x22, 0x20, 0xe, 0xdc,
    0xcc, 0xcc, 0xcc, 0xcd, 0xf0, 0xe, 0x20, 0x37,
    0x0, 0x55, 0x0, 0xf0, 0x2, 0x7c, 0xa2, 0x0,
    0x28, 0xc8, 0x10, 0x2, 0x92, 0x0, 0x0, 0x0,
    0x4, 0x10, 0x0, 0xb4, 0x0, 0xbe, 0xee, 0xee,
    0xc0, 0x38, 0xed, 0xee, 0x10, 0xb5, 0x3, 0xc0,
    0x26, 0xc6, 0x0, 0x0, 0xd2, 0x4, 0xb0, 0x0,
    0xb4, 0x0, 0x1, 0xe0, 0x5, 0xa0, 0x0, 0xc7,
    0x8d, 0x19, 0x90, 0x7, 0x90, 0x2, 0xfe, 0x82,
    0x6d, 0x0, 0xa, 0x60, 0x0, 0x50, 0x6, 0xb2,
    0xa, 0xfd, 0x10, 0x0, 0x0, 0x0, 0x0, 0x0,
    0x0, 0x0,

    /* U+7AA5 "窥" */
    0x0, 0x0, 0x0, 0x0, 0x0, 0x0, 0x0, 0x0,
    0x0, 0x0, 0xa6, 0x0, 0x0, 0x0, 0xb, 0xbb,
    0xbb, 0xde, 0xbb, 0xbb, 0x90, 0xf, 0x31, 0x38,
    0x22, 0x83, 0x16, 0xc0, 0x6, 0x59, 0xd6, 0x0,
    0x6c, 0xc7, 0x40, 0x5, 0xc7, 0x0, 0x0, 0x0,
    0x3b, 0x40, 0x0, 0xe, 0x0, 0x3d, 0xdd, 0xdd,
    0x10, 0x1d, 0xdf, 0xdd, 0x5a, 0x1, 0xe, 0x10,
    0x0, 0xe, 0x0, 0x4a, 0xd, 0xe, 0x10, 0x3d,
    0xdf, 0xdd, 0x8a, 0xc, 0xe, 0x10, 0x0, 0x3f,
    0x20, 0x4a, 0x3e, 0x1e, 0x10, 0x0, 0xa9, 0xd4,
    0x0, 0x9f, 0x30, 0x0, 0x6, 0xc0, 0x2b, 0x6,
    0xba, 0x30, 0x61, 0x2b, 0x10, 0x4, 0xd9, 0x16,
    0xcb, 0xc0, 0x0, 0x0, 0x0, 0x0, 0x0, 0x0,
    0x0,

    /* U+7AAE "窮" */
    0x0, 0x0, 0x0, 0x64, 0x0, 0x0, 0x0, 0xbc,
    0xcc, 0xcd, 0xec, 0xcc, 0xc8, 0xe, 0x10, 0x57,
    0x1, 0xa5, 0x5, 0xb0, 0x47, 0xc9, 0x10, 0x2,
    0x8d, 0x91, 0x4, 0x72, 0xe1, 0x1, 0x11, 0x26,
    0x0, 0x2c, 0xac, 0xab, 0x7a, 0xaa, 0xe2, 0x3,
    0xd6, 0x67, 0xd0, 0x0, 0xc, 0x20, 0x3d, 0x33,
    0x4d, 0x7d, 0xbb, 0xb2, 0x3, 0xe8, 0x89, 0xda,
    0x40, 0x0, 0x1, 0xbe, 0xab, 0xbd, 0xac, 0xcc,
    0xda, 0x0, 0x2, 0xb7, 0xd0, 0x0, 0x7, 0x80,
    0x39, 0xb2, 0x1d, 0x0, 0x0, 0xb5, 0x9, 0x30,
    0x8d, 0x90, 0x3d, 0xdc, 0x0, 0x0, 0x0, 0x0,
    0x0, 0x0, 0x0,

    /* U+7ABA "窺" */
    0x0, 0x0, 0x0, 0x0, 0x0, 0x0, 0x0, 0x0,
    0x0, 0x0, 0xa6, 0x0, 0x0, 0x0, 0xa, 0xaa,
    0xaa, 0xde, 0xaa, 0xaa, 0xa1, 0xe, 0x31, 0x25,
    0x11, 0x62, 0x12, 0xf1, 0x2, 0x28, 0xe7, 0x0,
    0x8d, 0xb5, 0x20, 0x3, 0xe8, 0x10, 0x0, 0x0,
    0x4b, 0x20, 0x0, 0xe, 0x10, 0x4c, 0x99, 0x9c,
    0x60, 0xb, 0xbf, 0xbb, 0x7d, 0x99, 0x9d, 0x60,
    0x0, 0xe, 0x10, 0x5b, 0x22, 0x2b, 0x60, 0x2d,
    0xdf, 0xdd, 0x9c, 0x77, 0x7c, 0x60, 0x0, 0x2f,
    0x40, 0x5e, 0xaa, 0xae, 0x60, 0x0, 0x89, 0xd6,
    0x7, 0xa1, 0xd0, 0x0, 0x2, 0xe0, 0x1c, 0x2e,
    0x31, 0xe0, 0x48, 0x1d, 0x20, 0x7, 0xd5, 0x0,
    0xdd, 0xd4, 0x0, 0x0, 0x1, 0x0, 0x0, 0x0,
    0x0,

    /* U+7ACA "竊" */
    0x0, 0x0, 0x0, 0x77, 0x0, 0x0, 0x0, 0x9,
    0xcc, 0xcc, 0xdf, 0xcc, 0xcc, 0xc3, 0xc, 0x40,
    0x38, 0x0, 0x65, 0x20, 0xc4, 0x3, 0x8c, 0x92,
    0x0, 0x26, 0xac, 0x70, 0x4, 0x86, 0x8b, 0x20,
    0xd, 0x45, 0x80, 0x7, 0x8d, 0x63, 0x0, 0xe,
    0x55, 0x50, 0x6, 0x6a, 0x4c, 0xd, 0xac, 0xba,
    0xd0, 0x7, 0xac, 0x9a, 0x2d, 0x1c, 0x70, 0xd0,
    0x6, 0x9f, 0xc6, 0x5e, 0x42, 0x41, 0xe2, 0x0,
    0xcf, 0xf6, 0x7d, 0xbf, 0xbb, 0xd6, 0x8, 0xbb,
    0x5b, 0x76, 0x48, 0x65, 0x76, 0x1b, 0x1a, 0x40,
    0x76, 0x89, 0x78, 0x86, 0x0, 0xa, 0x40, 0x76,
    0x0, 0x9, 0xc4,

    /* U+7ACB "立" */
    0x0, 0x0, 0x0, 0x84, 0x0, 0x0, 0x0, 0x0,
    0x0, 0x0, 0x8a, 0x0, 0x0, 0x0, 0x0, 0x11,
    0x11, 0x49, 0x11, 0x11, 0x10, 0x7, 0xff, 0xff,
    0xff, 0xff, 0xff, 0xd0, 0x0, 0x1, 0x20, 0x0,
    0x0, 0x30, 0x0, 0x0, 0x5, 0xc0, 0x0, 0x6,
    0xd0, 0x0, 0x0, 0x1, 0xf0, 0x0, 0xa, 0x80,
    0x0, 0x0, 0x0, 0xd4, 0x0, 0xe, 0x30, 0x0,
    0x0, 0x0, 0x98, 0x0, 0x3e, 0x0, 0x0, 0x0,
    0x0, 0x6b, 0x0, 0x98, 0x0, 0x0, 0x0, 0x0,
    0x27, 0x0, 0xe2, 0x0, 0x0, 0xb, 0xbb, 0xbb,
    0xbc, 0xfb, 0xbb, 0xb5, 0x4, 0x44, 0x44, 0x44,
    0x44, 0x44, 0x42,

    /* U+7AD6 "竖" */
    0x0, 0x0, 0xc2, 0x0, 0x0, 0x0, 0x0, 0x6,
    0x80, 0xc2, 0xcf, 0xee, 0xef, 0x40, 0x6, 0x80,
    0xc2, 0x1d, 0x0, 0x2c, 0x0, 0x6, 0x80, 0xc2,
    0x9, 0x80, 0xc4, 0x0, 0x6, 0x80, 0xc2, 0x0,
    0xcd, 0x80, 0x0, 0x6, 0x80, 0xc2, 0x18, 0xec,
    0xb3, 0x0, 0x5, 0x60, 0xa4, 0xf9, 0x10, 0x39,
    0xb1, 0x0, 0x0, 0x0, 0x97, 0x0, 0x0, 0x0,
    0x7, 0xdd, 0xdd, 0xef, 0xdd, 0xdd, 0x90, 0x0,
    0x15, 0x81, 0x11, 0x18, 0x71, 0x10, 0x0, 0x1,
    0xe0, 0x0, 0xd, 0x40, 0x0, 0x0, 0x0, 0xa2,
    0x0, 0x2e, 0x0, 0x0, 0x3f, 0xff, 0xff, 0xff,
    0xff, 0xff, 0xf3,

    /* U+7AE0 "章" */
    0x0, 0x0, 0x0, 0x10, 0x0, 0x0, 0x0, 0x0,
    0x0, 0x0, 0xe3, 0x0, 0x0, 0x0, 0x8, 0xdd,
    0xdd, 0xfe, 0xdd, 0xdd, 0x20, 0x0, 0x4, 0xa0,
    0x0, 0x2d, 0x0, 0x0, 0x37, 0x77, 0xf7, 0x77,
    0xbc, 0x77, 0x70, 0x37, 0x77, 0x77, 0x77, 0x77,
    0x77, 0x70, 0x0, 0xab, 0xbb, 0xbb, 0xbb, 0xb6,
    0x0, 0x0, 0xe1, 0x0, 0x0, 0x0, 0x88, 0x0,
    0x0, 0xeb, 0xbb, 0xbb, 0xbb, 0xd8, 0x0, 0x0,
    0xe5, 0x44, 0x44, 0x44, 0xa8, 0x0, 0x0, 0x56,
    0x66, 0xd9, 0x66, 0x63, 0x0, 0x5a, 0xaa, 0xaa,
    0xec, 0xaa, 0xaa, 0xa0, 0x12, 0x22, 0x22, 0xd7,
    0x22, 0x22, 0x20, 0x0, 0x0, 0x0, 0xc4, 0x0,
    0x0, 0x0,

    /* U+7AE5 "童" */
    0x0, 0x0, 0x0, 0x0, 0x0, 0x0, 0x0, 0x0,
    0x0, 0x0, 0x5a, 0x0, 0x0, 0x0, 0x2, 0xdd,
    0xdd, 0xdf, 0xdd, 0xdd, 0x80, 0x0, 0x0, 0xd1,
    0x0, 0xb, 0x50, 0x0, 0x7, 0x77, 0xdb, 0x77,
    0x8f, 0x77, 0x73, 0x6, 0x66, 0x66, 0x66, 0x66,
    0x66, 0x63, 0x0, 0x6b, 0xbb, 0xbc, 0xbb, 0xbc,
    0x0, 0x0, 0x86, 0x0, 0x4b, 0x0, 0xf, 0x0,
    0x0, 0x8d, 0xaa, 0xce, 0xaa, 0xaf, 0x0, 0x0,
    0x8a, 0x55, 0x8d, 0x55, 0x5f, 0x0, 0x0, 0x25,
    0x55, 0x8c, 0x55, 0x55, 0x0, 0x1, 0xcc, 0xcc,
    0xdf, 0xcc, 0xcc, 0x70, 0x0, 0x0, 0x0, 0x4b,
    0x0, 0x0, 0x0, 0x1d, 0xdd, 0xdd, 0xef, 0xdd,
    0xdd, 0xd8,

    /* U+7AED "竭" */
    0x0, 0x32, 0x0, 0x0, 0x0, 0x0, 0x0, 0x0,
    0x6a, 0x0, 0x8e, 0xcc, 0xcd, 0xe0, 0x0, 0x1b,
    0x10, 0x87, 0x22, 0x23, 0xe0, 0x1e, 0xee, 0xe9,
    0x8b, 0x99, 0x99, 0xe0, 0x3, 0x10, 0x61, 0x89,
    0x55, 0x56, 0xe0, 0x8, 0x60, 0xe1, 0x3e, 0x65,
    0x55, 0x50, 0x5, 0x80, 0xe0, 0x4f, 0xbb, 0xbb,
    0xb5, 0x3, 0xb2, 0xc0, 0xc3, 0x27, 0x32, 0xa6,
    0x1, 0xc5, 0x97, 0x81, 0xe, 0x0, 0xa5, 0x0,
    0xb8, 0x63, 0x94, 0x9b, 0xa0, 0xb4, 0x5, 0x9e,
    0xfa, 0x87, 0x80, 0x53, 0xc3, 0xc, 0x84, 0x0,
    0x6b, 0xbb, 0xb6, 0xf1, 0x0, 0x0, 0x0, 0x0,
    0x0, 0x7d, 0x90, 0x0, 0x0, 0x0, 0x0, 0x0,
    0x0, 0x0,

    /* U+7AEF "端" */
    0x0, 0x53, 0x0, 0x0, 0xf, 0x0, 0x0, 0x0,
    0x4b, 0x0, 0xe0, 0xf, 0x0, 0xe0, 0x0, 0xb,
    0x10, 0xe0, 0xf, 0x0, 0xe0, 0x1e, 0xee, 0xe9,
    0xe9, 0x9f, 0x89, 0xe0, 0x4, 0x10, 0x71, 0x34,
    0x44, 0x44, 0x30, 0x7, 0x50, 0xd8, 0xee, 0xee,
    0xee, 0xe5, 0x5, 0x80, 0xd0, 0x0, 0x3d, 0x0,
    0x0, 0x3, 0xa2, 0xb0, 0xbb, 0xce, 0xbb, 0xb0,
    0x1, 0xb4, 0x81, 0xe3, 0xe3, 0xd3, 0xe1, 0x0,
    0x57, 0x97, 0xd0, 0xd0, 0xd0, 0xd1, 0x9, 0xde,
    0xb6, 0xd0, 0xd0, 0xd0, 0xd1, 0x7, 0x30, 0x1,
    0xd0, 0xd0, 0xd0, 0xd1, 0x0, 0x0, 0x1, 0xd0,
    0xb0, 0xb7, 0xe0, 0x0, 0x0, 0x0, 0x0, 0x0,
    0x0, 0x0,

    /* U+7B14 "笔" */
    0x0, 0x53, 0x0, 0x0, 0x70, 0x0, 0x0, 0x0,
    0xe7, 0x33, 0x26, 0xd3, 0x33, 0x30, 0x6, 0xed,
    0xda, 0x8d, 0xbe, 0xda, 0xa1, 0x2e, 0x22, 0xe0,
    0xa9, 0x5, 0xb0, 0x0, 0x14, 0x0, 0x52, 0x65,
    0x79, 0xd8, 0x0, 0x1, 0xee, 0xdc, 0xf9, 0x64,
    0x10, 0x0, 0x0, 0x0, 0x0, 0xf2, 0x35, 0x66,
    0x0, 0x4, 0xbc, 0xde, 0xfb, 0xa9, 0x75, 0x0,
    0x1, 0x21, 0x0, 0xf0, 0x0, 0x2, 0x30, 0x4,
    0x57, 0x8a, 0xfc, 0xde, 0xdc, 0xb1, 0x1a, 0x97,
    0x65, 0xf2, 0x0, 0x0, 0x40, 0x0, 0x0, 0x0,
    0xf1, 0x0, 0x2, 0xe0, 0x0, 0x0, 0x0, 0xaf,
    0xfe, 0xef, 0x70,

    /* U+7B26 "符" */
    0x0, 0x35, 0x0, 0x0, 0x52, 0x0, 0x0, 0x0,
    0xb9, 0x33, 0x31, 0xf5, 0x33, 0x31, 0x3, 0xfc,
    0xfb, 0xa9, 0xdc, 0xfb, 0xb5, 0xd, 0x50, 0xe2,
    0x6d, 0x10, 0xd4, 0x0, 0x5, 0x3, 0x91, 0x22,
    0x0, 0x46, 0x0, 0x0, 0xc, 0x60, 0x0, 0x0,
    0x5b, 0x0, 0x0, 0x7e, 0xe, 0xee, 0xee, 0xff,
    0xe9, 0x6, 0xfe, 0x0, 0x20, 0x0, 0x4b, 0x0,
    0xd, 0x5e, 0x0, 0xd4, 0x0, 0x4b, 0x0, 0x0,
    0x1e, 0x0, 0x3e, 0x10, 0x4b, 0x0, 0x0, 0x1e,
    0x0, 0x8, 0x30, 0x4b, 0x0, 0x0, 0x1e, 0x0,
    0x0, 0x0, 0x5b, 0x0, 0x0, 0x1e, 0x0, 0x0,
    0xbf, 0xe6, 0x0, 0x0, 0x0, 0x0, 0x0, 0x0,
    0x0, 0x0,

    /* U+7B2C "第" */
    0x0, 0x0, 0x0, 0x0, 0x0, 0x0, 0x0, 0x0,
    0x87, 0x0, 0x1, 0xe0, 0x0, 0x0, 0x1, 0xfd,
    0xcc, 0xa7, 0xfc, 0xcc, 0xc0, 0xb, 0x74, 0xc0,
    0x2e, 0x25, 0xc0, 0x0, 0x4b, 0x0, 0xa0, 0x67,
    0x0, 0xa2, 0x0, 0x5, 0xdd, 0xdd, 0xdd, 0xdd,
    0xdd, 0x0, 0x0, 0x0, 0x0, 0xd3, 0x0, 0x1f,
    0x0, 0x0, 0xcd, 0xdd, 0xfd, 0xdd, 0xdf, 0x0,
    0x0, 0xf1, 0x0, 0xd4, 0x0, 0x0, 0x0, 0x3,
    0xe3, 0x33, 0xd6, 0x33, 0x33, 0x10, 0x3, 0xbb,
    0xbf, 0xfc, 0xbb, 0xbe, 0x50, 0x0, 0x0, 0xaa,
    0xd3, 0x0, 0xd, 0x30, 0x0, 0x4c, 0x60, 0xd3,
    0x13, 0x4f, 0x0, 0xb, 0x81, 0x0, 0xd3, 0x1b,
    0xb5, 0x0, 0x0, 0x0, 0x0, 0x0, 0x0, 0x0,
    0x0,

    /* U+7B46 "筆" */
    0x0, 0x78, 0x0, 0x2, 0xd0, 0x0, 0x0, 0x0,
    0xed, 0xcc, 0xcc, 0xfc, 0xcc, 0xc5, 0x9, 0x86,
    0xb1, 0xba, 0xb, 0x70, 0x0, 0xa, 0x0, 0x80,
    0xa7, 0x2, 0x60, 0x0, 0x0, 0x7c, 0xcc, 0xee,
    0xcc, 0xcd, 0x0, 0x0, 0x0, 0x0, 0x89, 0x0,
    0x1f, 0x0, 0xc, 0xcc, 0xcc, 0xee, 0xcc, 0xcf,
    0xc6, 0x0, 0x46, 0x66, 0xbc, 0x66, 0x6f, 0x0,
    0x0, 0x45, 0x55, 0xab, 0x55, 0x55, 0x0, 0x1,
    0xcc, 0xcc, 0xee, 0xcc, 0xcc, 0x40, 0x0, 0x0,
    0x0, 0x79, 0x0, 0x0, 0x0, 0xb, 0xdd, 0xdd,
    0xee, 0xdd, 0xdd, 0xd4, 0x0, 0x0, 0x0, 0x79,
    0x0, 0x0, 0x0,

    /* U+7B49 "等" */
    0x0, 0x0, 0x0, 0x0, 0x0, 0x0, 0x0, 0x0,
    0x69, 0x0, 0x0, 0xe2, 0x0, 0x0, 0x0, 0xde,
    0xcc, 0xc6, 0xfc, 0xcc, 0xc5, 0x7, 0x97, 0xa1,
    0x3e, 0x37, 0xb1, 0x10, 0x1c, 0x1, 0xb0, 0x7b,
    0x0, 0xc1, 0x0, 0x0, 0x9c, 0xcc, 0xef, 0xcc,
    0xcc, 0x30, 0x0, 0x1, 0x11, 0x6c, 0x11, 0x11,
    0x0, 0x3, 0x33, 0x33, 0x7c, 0x33, 0x33, 0x32,
    0x1b, 0xbb, 0xbb, 0xbb, 0xbd, 0xeb, 0xb6, 0x0,
    0x11, 0x11, 0x11, 0x18, 0xa1, 0x10, 0x9, 0xdd,
    0xed, 0xdd, 0xde, 0xfd, 0xd3, 0x0, 0x4, 0xd4,
    0x0, 0x7, 0x90, 0x0, 0x0, 0x0, 0x3e, 0x30,
    0x8, 0x90, 0x0, 0x0, 0x0, 0x1, 0xa, 0xfe,
    0x50, 0x0,

    /* U+7B51 "筑" */
    0x0, 0x26, 0x0, 0x0, 0x52, 0x0, 0x0, 0x0,
    0x99, 0x0, 0x0, 0xe4, 0x0, 0x0, 0x1, 0xfe,
    0xfd, 0xc6, 0xfe, 0xfd, 0xd6, 0xc, 0x70, 0xe1,
    0x2e, 0x30, 0xd4, 0x0, 0x29, 0x0, 0x62, 0x38,
    0x11, 0x47, 0x0, 0x1e, 0xee, 0xec, 0x7e, 0xdd,
    0xdd, 0x0, 0x0, 0x1d, 0x0, 0x79, 0x0, 0x2d,
    0x0, 0x0, 0x1d, 0x0, 0x7a, 0x60, 0x2d, 0x0,
    0x0, 0x1d, 0x0, 0x79, 0xba, 0x3d, 0x0, 0x0,
    0x2e, 0x79, 0x97, 0xd, 0x9d, 0x0, 0x3d, 0xfc,
    0x85, 0xe2, 0x2, 0x4d, 0x1, 0x13, 0x0, 0xa,
    0x90, 0x0, 0x2d, 0xc, 0x0, 0x0, 0xba, 0x0,
    0x0, 0xd, 0xe8, 0x0, 0x0, 0x10, 0x0, 0x0,
    0x0, 0x0,

    /* U+7B56 "策" */
    0x0, 0x0, 0x0, 0x0, 0x0, 0x0, 0x0, 0x0,
    0x96, 0x0, 0x2, 0xd0, 0x0, 0x0, 0x2, 0xfc,
    0xbb, 0x9b, 0xeb, 0xbb, 0xb2, 0xc, 0x69, 0xa2,
    0x9d, 0x2a, 0x82, 0x20, 0x38, 0x1, 0xa0, 0xc9,
    0x2, 0x90, 0x0, 0xd, 0xdd, 0xdd, 0xef, 0xdd,
    0xdd, 0xd0, 0x0, 0x0, 0x0, 0x8a, 0x0, 0x0,
    0x0, 0x0, 0xee, 0xee, 0xff, 0xee, 0xee, 0x20,
    0x0, 0xf0, 0x0, 0x7a, 0x0, 0xe, 0x30, 0x0,
    0xf0, 0x0, 0xab, 0x0, 0xe, 0x30, 0x0, 0xf0,
    0xa, 0xff, 0xb3, 0xdc, 0x10, 0x0, 0x6, 0xd7,
    0x7a, 0x5d, 0x82, 0x0, 0x19, 0xea, 0x20, 0x79,
    0x1, 0x9e, 0xc3, 0x6, 0x10, 0x0, 0x79, 0x0,
    0x0, 0x50,

    /* U+7B80 "简" */
    0x0, 0x0, 0x0, 0x0, 0x0, 0x0, 0x0, 0x0,
    0x1e, 0x10, 0x0, 0x96, 0x0, 0x0, 0x0, 0x9f,
    0xbb, 0xb3, 0xfc, 0xbb, 0xb4, 0x5, 0xe2, 0xa9,
    0x2a, 0x92, 0xd7, 0x21, 0xb, 0x31, 0x29, 0x7,
    0x0, 0x49, 0x0, 0x0, 0x5d, 0x28, 0xbb, 0xbb,
    0xbb, 0xb0, 0x2, 0x56, 0xa2, 0x33, 0x33, 0x34,
    0xe0, 0x4, 0xb0, 0x8, 0x88, 0x87, 0x1, 0xe0,
    0x4, 0xb0, 0x1d, 0x33, 0x4d, 0x1, 0xe0, 0x4,
    0xb0, 0x1f, 0xaa, 0xad, 0x1, 0xe0, 0x4, 0xb0,
    0x1d, 0x22, 0x3d, 0x1, 0xe0, 0x4, 0xb0, 0x1d,
    0x22, 0x3d, 0x1, 0xe0, 0x4, 0xb0, 0xa, 0xaa,
    0xa8, 0x2, 0xe0, 0x4, 0xb0, 0x0, 0x0, 0x1,
    0xee, 0x90,

    /* U+7B93 "箓" */
    0x0, 0x94, 0x0, 0x2, 0xb0, 0x0, 0x0, 0x3,
    0xfc, 0xbb, 0x99, 0xeb, 0xbb, 0xb2, 0x1d, 0x44,
    0xb0, 0x5d, 0x4, 0xd0, 0x0, 0x16, 0x1, 0xa1,
    0x93, 0x1, 0x92, 0x0, 0x0, 0xaa, 0xaa, 0xaa,
    0xaa, 0xe5, 0x0, 0x0, 0x47, 0x77, 0x77, 0x77,
    0xd5, 0x0, 0x0, 0x12, 0x22, 0x22, 0x22, 0xb5,
    0x0, 0x1c, 0xdc, 0xcc, 0xee, 0xcc, 0xcd, 0xc2,
    0x0, 0x9a, 0x10, 0x88, 0x0, 0x7c, 0x0, 0x0,
    0x6, 0xb3, 0xcf, 0x8b, 0x90, 0x0, 0x0, 0x28,
    0xd9, 0xa8, 0x6d, 0x72, 0x0, 0xb, 0xc6, 0x0,
    0x87, 0x1, 0x7d, 0xc0, 0x0, 0x0, 0x4e, 0xe4,
    0x0, 0x0, 0x10,

    /* U+7B97 "算" */
    0x0, 0xa4, 0x0, 0x2, 0xc0, 0x0, 0x0, 0x4,
    0xfe, 0xdd, 0xbb, 0xfd, 0xdd, 0xd2, 0x2e, 0x36,
    0xa0, 0x8b, 0x5, 0xc0, 0x0, 0x15, 0x5a, 0xd9,
    0xcb, 0x9a, 0xd7, 0x0, 0x0, 0x89, 0x22, 0x22,
    0x22, 0x6c, 0x0, 0x0, 0x8d, 0xaa, 0xaa, 0xaa,
    0xcc, 0x0, 0x0, 0x8c, 0x77, 0x77, 0x77, 0xac,
    0x0, 0x0, 0x89, 0x22, 0x22, 0x22, 0x6c, 0x0,
    0x0, 0x6b, 0xed, 0xbb, 0xbf, 0xb8, 0x0, 0x0,
    0x0, 0xa6, 0x0, 0xf, 0x0, 0x0, 0x3d, 0xdd,
    0xfe, 0xdd, 0xdf, 0xdd, 0xd3, 0x0, 0x2b, 0xb0,
    0x0, 0xf, 0x0, 0x0, 0x9, 0xc5, 0x0, 0x0,
    0xf, 0x0, 0x0, 0x0, 0x0, 0x0, 0x0, 0x0,
    0x0, 0x0,

    /* U+7BC4 "範" */
    0x0, 0x0, 0x0, 0x0, 0x0, 0x0, 0x0, 0x0,
    0xb5, 0x0, 0x4, 0xd0, 0x0, 0x0, 0x4, 0xfe,
    0xee, 0xcd, 0xfe, 0xee, 0xe7, 0x2e, 0x39, 0x60,
    0xb9, 0x8, 0xa0, 0x0, 0x14, 0x6, 0x60, 0x40,
    0x0, 0x60, 0x0, 0x1c, 0xce, 0xdc, 0xc5, 0xee,
    0xee, 0xd0, 0x1, 0x18, 0x71, 0x14, 0xb1, 0x12,
    0xe0, 0xd, 0xbd, 0xdb, 0xc4, 0xb0, 0x1, 0xe0,
    0xd, 0x7b, 0xa7, 0xc4, 0xb0, 0x1, 0xe0, 0xd,
    0x49, 0x85, 0xc4, 0xb0, 0x79, 0xe0, 0xa, 0xbd,
    0xdb, 0xa4, 0xb0, 0x56, 0x20, 0x1, 0x18, 0x71,
    0x15, 0xb0, 0x0, 0x34, 0x4b, 0xbd, 0xdb, 0xb7,
    0xc0, 0x0, 0x78, 0x0, 0x7, 0x60, 0x1, 0xdf,
    0xff, 0xe3,

    /* U+7BC7 "篇" */
    0x0, 0xc3, 0x0, 0x3, 0xd0, 0x0, 0x0, 0x5f,
    0xdd, 0xd8, 0xcf, 0xdd, 0xdc, 0x1e, 0x37, 0x90,
    0xab, 0x5, 0xb0, 0x5, 0x70, 0x16, 0x8, 0xa0,
    0x6, 0x0, 0x0, 0xbc, 0xcc, 0xdf, 0xdc, 0xcc,
    0x10, 0xd, 0x20, 0x0, 0x0, 0x0, 0xe1, 0x0,
    0xda, 0x99, 0x99, 0x99, 0x9f, 0x10, 0xf, 0x43,
    0x33, 0x33, 0x33, 0x30, 0x0, 0xfb, 0xdc, 0xec,
    0xdd, 0xcd, 0x60, 0x2c, 0xc2, 0xe, 0x1, 0xc0,
    0x86, 0x7, 0x9c, 0xdc, 0xfc, 0xcf, 0xce, 0x60,
    0xe3, 0xc2, 0xe, 0x1, 0xc0, 0x86, 0x5a, 0xc,
    0x20, 0xe0, 0x1c, 0x8e, 0x40, 0x0, 0x0, 0x0,
    0x0, 0x0, 0x0,

    /* U+7BC9 "築" */
    0x0, 0x87, 0x0, 0x1, 0xd1, 0x0, 0x0, 0x1,
    0xfe, 0xdd, 0xda, 0xfd, 0xdd, 0xd7, 0xd, 0x67,
    0x80, 0x7c, 0x5, 0xb0, 0x0, 0x6, 0x1, 0x50,
    0x43, 0x11, 0x81, 0x0, 0xb, 0xcf, 0xcc, 0x2f,
    0xaa, 0xbc, 0x0, 0x0, 0xe, 0x0, 0x3c, 0x83,
    0x3c, 0x0, 0x3, 0x5f, 0xac, 0xa8, 0x2c, 0x7c,
    0x19, 0xa, 0x85, 0x4b, 0xe3, 0x0, 0x1e, 0xd6,
    0x0, 0x0, 0x6, 0x5a, 0x0, 0x0, 0x0, 0x1d,
    0xdd, 0xde, 0xff, 0xfd, 0xdd, 0xd6, 0x0, 0x0,
    0x7c, 0x9c, 0xba, 0x20, 0x0, 0x5, 0xad, 0x80,
    0x5a, 0x4, 0xcc, 0x82, 0x8, 0x40, 0x0, 0x5a,
    0x0, 0x2, 0x73,

    /* U+7C37 "簷" */
    0x0, 0xc3, 0x0, 0x3, 0xd0, 0x0, 0x0, 0x8,
    0xef, 0xdc, 0xce, 0xce, 0xfc, 0xc2, 0x3d, 0x6,
    0xb6, 0xa8, 0x1, 0xe3, 0x0, 0x0, 0x9, 0xb9,
    0x99, 0xdc, 0x21, 0x0, 0x5, 0xdf, 0xaa, 0xab,
    0xfb, 0xaa, 0xa4, 0x29, 0xf1, 0x3a, 0x72, 0x9,
    0x82, 0x0, 0x0, 0xe6, 0xa4, 0x1b, 0x42, 0x5b,
    0x30, 0x0, 0xf8, 0x88, 0x88, 0x88, 0x88, 0x80,
    0x0, 0xf0, 0x99, 0x99, 0x99, 0x98, 0x0, 0x1,
    0xc4, 0x88, 0x88, 0x88, 0x88, 0x20, 0x5, 0xa0,
    0x99, 0x99, 0x99, 0x98, 0x0, 0xa, 0x41, 0xe0,
    0x0, 0x0, 0x1e, 0x0, 0x3a, 0x1, 0xf9, 0x99,
    0x99, 0xae, 0x0,

    /* U+7C59 "籙" */
    0x0, 0x93, 0x0, 0x4, 0x90, 0x0, 0x0, 0x3,
    0xfc, 0xbb, 0x7c, 0xeb, 0xbb, 0xb0, 0x1e, 0x35,
    0xb0, 0xa8, 0x5, 0xa0, 0x0, 0x26, 0x19, 0x70,
    0x61, 0x1, 0x81, 0x0, 0x0, 0xbd, 0x91, 0x7a,
    0xaa, 0xae, 0x30, 0x2c, 0x70, 0x4c, 0x47, 0x77,
    0x7d, 0x30, 0x4a, 0xdf, 0xc6, 0x13, 0x33, 0x3c,
    0x30, 0x0, 0xd, 0x0, 0xaa, 0xaa, 0xae, 0xc1,
    0x2c, 0xcf, 0xc9, 0x64, 0x3e, 0x44, 0x70, 0x8,
    0xd, 0x36, 0x4c, 0xe, 0x9c, 0x40, 0x8, 0x4d,
    0x72, 0x5, 0xbf, 0xb8, 0x0, 0x16, 0x8f, 0xcc,
    0xba, 0x1e, 0x19, 0xc1, 0x27, 0x52, 0x0, 0x24,
    0xcd, 0x0, 0x10,

    /* U+7C73 "米" */
    0x0, 0x0, 0x0, 0x98, 0x0, 0x1, 0x0, 0x2,
    0xd1, 0x0, 0x98, 0x0, 0xe, 0x40, 0x0, 0xa9,
    0x0, 0x98, 0x0, 0x7c, 0x0, 0x0, 0x1f, 0x20,
    0x98, 0x1, 0xe3, 0x0, 0x0, 0x8, 0x40, 0x98,
    0x6, 0x90, 0x0, 0x2, 0x22, 0x22, 0xa9, 0x22,
    0x22, 0x20, 0x2e, 0xee, 0xef, 0xff, 0xfe, 0xee,
    0xe2, 0x0, 0x0, 0x1d, 0xdd, 0xd1, 0x0, 0x0,
    0x0, 0x0, 0xc7, 0x98, 0x7c, 0x0, 0x0, 0x0,
    0xa, 0xa0, 0x98, 0x9, 0xb0, 0x0, 0x1, 0xcb,
    0x0, 0x98, 0x0, 0xad, 0x30, 0x3f, 0x80, 0x0,
    0x98, 0x0, 0x6, 0xf3, 0x2, 0x0, 0x0, 0x98,
    0x0, 0x0, 0x10,

    /* U+7C92 "粒" */
    0x0, 0x0, 0x0, 0x0, 0x0, 0x0, 0x0, 0x0,
    0x1d, 0x0, 0x0, 0x4a, 0x0, 0x0, 0xa, 0x1d,
    0xc, 0x0, 0x1e, 0x0, 0x0, 0xa, 0x4d, 0x39,
    0x0, 0xa, 0x10, 0x0, 0x7, 0x7d, 0x83, 0xdf,
    0xff, 0xff, 0xf3, 0x3, 0x5e, 0x50, 0x3, 0x0,
    0x3, 0x10, 0x1e, 0xff, 0xeb, 0xe, 0x0, 0xc,
    0x40, 0x0, 0x7e, 0x10, 0xc, 0x30, 0xf, 0x10,
    0x0, 0xdf, 0xb0, 0x9, 0x60, 0x1e, 0x0, 0x4,
    0xbd, 0x98, 0x6, 0x90, 0x4b, 0x0, 0xd, 0x5d,
    0x16, 0x3, 0xc0, 0x77, 0x0, 0x2b, 0x1d, 0x0,
    0x1, 0xd0, 0xa4, 0x0, 0x1, 0x1d, 0x1, 0x34,
    0x43, 0xe4, 0x32, 0x0, 0x1d, 0x5, 0xcc, 0xcc,
    0xcc, 0xc7,

    /* U+7C97 "粗" */
    0x0, 0xf, 0x0, 0x0, 0x0, 0x0, 0x0, 0x7,
    0xf, 0x8, 0x3f, 0xff, 0xff, 0x10, 0xc, 0x1f,
    0xd, 0x2d, 0x0, 0xe, 0x10, 0x8, 0x5f, 0x57,
    0x2d, 0x0, 0xe, 0x10, 0x3, 0x3f, 0x42, 0x2e,
    0x88, 0x8f, 0x10, 0x3e, 0xff, 0xee, 0x3e, 0x66,
    0x6f, 0x10, 0x0, 0x7f, 0x30, 0x2d, 0x0, 0xe,
    0x10, 0x0, 0xcf, 0xd1, 0x2d, 0x0, 0xe, 0x10,
    0x4, 0x9f, 0x5c, 0x2f, 0xee, 0xef, 0x10, 0xc,
    0x3f, 0x6, 0x2d, 0x0, 0xe, 0x10, 0x4a, 0xf,
    0x0, 0x2d, 0x0, 0xe, 0x10, 0x1, 0xf, 0x0,
    0x2d, 0x0, 0xe, 0x10, 0x0, 0xf, 0x9, 0xff,
    0xff, 0xff, 0xf5,

    /* U+7CA4 "粤" */
    0x0, 0x0, 0x4, 0xa0, 0x0, 0x0, 0x0, 0x0,
    0xab, 0xbe, 0xdb, 0xbb, 0xba, 0x0, 0x0, 0xe0,
    0x74, 0x55, 0x56, 0x1d, 0x0, 0x0, 0xe5, 0xae,
    0xcc, 0xea, 0x4d, 0x0, 0x0, 0xe0, 0x19, 0xc7,
    0x92, 0x1d, 0x0, 0x0, 0xe4, 0xb3, 0x65, 0x19,
    0x2d, 0x0, 0x0, 0xcc, 0xbb, 0xbb, 0xbb, 0xcc,
    0x0, 0x0, 0x0, 0x0, 0x0, 0x0, 0x0, 0x0,
    0x2c, 0xce, 0xec, 0xcc, 0xcc, 0xcc, 0xc1, 0x0,
    0xc, 0x50, 0x0, 0x0, 0x0, 0x0, 0x0, 0x1b,
    0xbb, 0xbb, 0xbb, 0xe8, 0x0, 0x0, 0x0, 0x0,
    0x0, 0x0, 0xc4, 0x0, 0x0, 0x0, 0x0, 0x8,
    0xdd, 0xb0, 0x0, 0x0, 0x0, 0x0, 0x0, 0x0,
    0x0, 0x0,

    /* U+7CB5 "粵" */
    0x0, 0x0, 0x0, 0xb4, 0x0, 0x0, 0x0, 0x0,
    0xdc, 0xcc, 0xdc, 0xcc, 0xce, 0x0, 0x0, 0xe1,
    0x9a, 0xab, 0xa9, 0xe, 0x0, 0x0, 0xe0, 0x75,
    0x75, 0x76, 0xe, 0x0, 0x0, 0xe4, 0xab, 0xdc,
    0xb9, 0x4e, 0x0, 0x0, 0xe1, 0x59, 0xbb, 0x94,
    0xe, 0x0, 0x0, 0xe5, 0x73, 0x76, 0x38, 0x4e,
    0x0, 0x0, 0x78, 0x88, 0x88, 0x88, 0x88, 0x0,
    0x2c, 0xcc, 0xcc, 0xcc, 0xcc, 0xcc, 0xc2, 0x0,
    0x9, 0x80, 0x0, 0x0, 0x0, 0x0, 0x0, 0xe,
    0xed, 0xdd, 0xdd, 0xd6, 0x0, 0x0, 0x0, 0x0,
    0x0, 0x0, 0xc4, 0x0, 0x0, 0x0, 0x0, 0x7,
    0xdd, 0xb0, 0x0, 0x0, 0x0, 0x0, 0x0, 0x0,
    0x0, 0x0,

    /* U+7CB9 "粹" */
    0x0, 0x0, 0x0, 0x0, 0x0, 0x0, 0x0, 0x0,
    0x2d, 0x0, 0x0, 0xb, 0x30, 0x0, 0x8, 0x2d,
    0xc, 0x0, 0x8, 0x70, 0x0, 0xc, 0x3d, 0x4a,
    0xcf, 0xff, 0xff, 0xf4, 0xa, 0x5d, 0x94, 0x5,
    0x40, 0x9, 0x0, 0x3, 0x3d, 0x40, 0xd, 0x30,
    0x4c, 0x0, 0x2e, 0xff, 0xed, 0x4f, 0xa1, 0xcd,
    0x30, 0x0, 0x9e, 0x12, 0xe3, 0x6c, 0x93, 0xd4,
    0x0, 0xef, 0xb2, 0x50, 0xc, 0x10, 0x21, 0x7,
    0x9d, 0x8c, 0xee, 0xef, 0xee, 0xe9, 0x1e, 0x3d,
    0x1, 0x11, 0x1e, 0x31, 0x11, 0x26, 0x2d, 0x0,
    0x0, 0xe, 0x10, 0x0, 0x0, 0x2d, 0x0, 0x0,
    0xe, 0x10, 0x0, 0x0, 0x2d, 0x0, 0x0, 0xe,
    0x10, 0x0,

    /* U+7CBE "精" */
    0x0, 0x0, 0x0, 0x0, 0x0, 0x0, 0x0, 0x0,
    0x78, 0x0, 0x0, 0xe, 0x0, 0x0, 0x29, 0x78,
    0x85, 0xbc, 0xcf, 0xcc, 0xc3, 0xc, 0x78, 0xc0,
    0x11, 0x1e, 0x21, 0x10, 0xa, 0x99, 0xa0, 0x6c,
    0xcf, 0xcc, 0xb0, 0x15, 0x9a, 0x42, 0x55, 0x5f,
    0x54, 0x42, 0x5b, 0xee, 0xb3, 0x66, 0x66, 0x66,
    0x64, 0x0, 0xed, 0x0, 0x4c, 0xcc, 0xcc, 0x80,
    0x3, 0xfe, 0x80, 0x69, 0x0, 0x4, 0xa0, 0x9,
    0xb8, 0xd2, 0x6e, 0xbb, 0xbd, 0xa0, 0x2d, 0x78,
    0x40, 0x69, 0x0, 0x4, 0xa0, 0x66, 0x78, 0x0,
    0x6e, 0xbb, 0xbd, 0xa0, 0x0, 0x78, 0x0, 0x69,
    0x0, 0x5, 0xa0, 0x0, 0x78, 0x0, 0x69, 0x0,
    0xae, 0x70,

    /* U+7D0D "納" */
    0x0, 0x0, 0x0, 0x0, 0x0, 0x0, 0x0, 0x3,
    0xa0, 0x0, 0x0, 0xe0, 0x0, 0x0, 0xa5, 0x0,
    0x0, 0xe, 0x0, 0x0, 0x2d, 0xb, 0x0, 0x0,
    0xe0, 0x0, 0xb, 0x37, 0x80, 0xce, 0xef, 0xee,
    0xc6, 0xfe, 0xe1, 0xe, 0x22, 0xe1, 0x2e, 0x11,
    0xa5, 0x70, 0xe1, 0x4e, 0x1, 0xe0, 0x6a, 0xb,
    0x2e, 0x18, 0xf6, 0x1e, 0x3f, 0xdd, 0xd7, 0xe1,
    0xd6, 0xe1, 0xe1, 0x41, 0x3, 0x2e, 0x7c, 0xa,
    0x7e, 0xb, 0x46, 0xb1, 0xec, 0x30, 0x3a, 0xe1,
    0xb3, 0x96, 0x5e, 0x10, 0x0, 0x1e, 0x58, 0x1a,
    0x24, 0xe1, 0x0, 0x13, 0xe3, 0x30, 0x10, 0xe,
    0x10, 0xc, 0xd8,

    /* U+7D14 "純" */
    0x0, 0x0, 0x0, 0x0, 0x0, 0x0, 0x0, 0x0,
    0x1d, 0x0, 0x0, 0xf, 0x0, 0x0, 0x0, 0x79,
    0x0, 0x0, 0xf, 0x0, 0x0, 0x1, 0xe2, 0x50,
    0xde, 0xef, 0xee, 0xe5, 0x9, 0x72, 0xe1, 0x0,
    0xf, 0x0, 0x0, 0x4f, 0xbd, 0x50, 0x52, 0xf,
    0x1, 0x70, 0x15, 0x9b, 0x50, 0x94, 0xf, 0x3,
    0xb0, 0x3, 0xd1, 0xb3, 0x94, 0xf, 0x3, 0xb0,
    0x2e, 0xcc, 0xe9, 0x94, 0xf, 0x3, 0xb0, 0x17,
    0x41, 0x16, 0x9d, 0xcf, 0xcd, 0xb0, 0x9, 0x27,
    0xa3, 0x12, 0x2f, 0x25, 0xb0, 0xe, 0x1c, 0x58,
    0x0, 0xf, 0x0, 0x31, 0x3b, 0xe, 0x17, 0x0,
    0xf, 0x0, 0x96, 0x46, 0x6, 0x0, 0x0, 0x9,
    0xee, 0xd1,

    /* U+7D27 "紧" */
    0x0, 0xd, 0x10, 0x0, 0x0, 0x0, 0x3, 0xb0,
    0xd1, 0xaf, 0xfe, 0xef, 0x60, 0x3b, 0xd, 0x10,
    0x79, 0x4, 0xc0, 0x3, 0xb0, 0xd1, 0x0, 0xba,
    0xd1, 0x0, 0x3b, 0xd, 0x15, 0x9d, 0xbd, 0x83,
    0x0, 0x10, 0x4a, 0xd6, 0x12, 0x15, 0x81, 0x0,
    0x3c, 0x80, 0x1c, 0xb0, 0x0, 0x0, 0x2f, 0xfe,
    0xfd, 0x61, 0x40, 0x0, 0x0, 0x49, 0xd6, 0x0,
    0x2d, 0x90, 0x2, 0xdf, 0xfe, 0xdf, 0xdc, 0xbb,
    0xa0, 0x3, 0x38, 0x1, 0xf0, 0x54, 0x4, 0x0,
    0x7e, 0x50, 0x1f, 0x2, 0xbb, 0x20, 0x79, 0x10,
    0xde, 0xa0, 0x0, 0x5a, 0x0,

    /* U+7D55 "絕" */
    0x0, 0x45, 0x0, 0x0, 0x0, 0x0, 0x0, 0x0,
    0xb5, 0x4, 0xee, 0xfe, 0xee, 0xc0, 0x1, 0xd0,
    0x50, 0x3, 0xe0, 0x5, 0xa0, 0x9, 0x53, 0xc0,
    0xc, 0x60, 0x29, 0x70, 0x4f, 0x8d, 0x34, 0xe7,
    0x1, 0xba, 0x10, 0x37, 0xaa, 0x4, 0xee, 0xef,
    0xee, 0xf0, 0x1, 0xc1, 0xc0, 0xd2, 0xe, 0x0,
    0xf0, 0x1c, 0xb9, 0xe2, 0xd2, 0xe, 0x0, 0xf0,
    0x28, 0x52, 0x42, 0xdf, 0xee, 0xee, 0xf0, 0x7,
    0x34, 0xb0, 0xd2, 0x0, 0x0, 0x90, 0xd, 0x39,
    0x93, 0xd2, 0x0, 0x0, 0x42, 0x2b, 0x1c, 0x34,
    0xc3, 0x0, 0x0, 0xa5, 0x24, 0x2, 0x0, 0x7e,
    0xee, 0xee, 0xc0,

    /* U+7D79 "絹" */
    0x0, 0x5, 0x0, 0x0, 0x0, 0x0, 0x0, 0x0,
    0x4d, 0x0, 0x9f, 0xee, 0xee, 0xe0, 0x0, 0xc3,
    0x41, 0x96, 0x0, 0x1, 0xe0, 0x8, 0x81, 0xe1,
    0x9c, 0x99, 0x9a, 0xe0, 0x4f, 0xce, 0x60, 0x12,
    0x22, 0x22, 0x20, 0x2, 0x8a, 0x70, 0xcd, 0xdd,
    0xdd, 0xd3, 0x4, 0xc0, 0xa3, 0xe3, 0x0, 0x0,
    0xc3, 0x3f, 0xee, 0xd7, 0xeb, 0xaa, 0xaa, 0xe3,
    0x14, 0x10, 0x23, 0xe5, 0x33, 0x33, 0xd3, 0x9,
    0x25, 0xa1, 0xe3, 0x0, 0x0, 0xc3, 0xd, 0x3a,
    0x65, 0xed, 0xcc, 0xcc, 0xf3, 0x4a, 0x1c, 0x25,
    0xe2, 0x0, 0x0, 0xd3, 0x34, 0x3, 0x0, 0xe2,
    0x0, 0x5e, 0xc1,

    /* U+7D93 "經" */
    0x0, 0x8, 0x0, 0x0, 0x0, 0x0, 0x0, 0x0,
    0x79, 0x6, 0xff, 0xff, 0xff, 0xf0, 0x0, 0xd1,
    0x50, 0x25, 0x6, 0x3, 0x40, 0x8, 0x74, 0xb0,
    0xb4, 0x4b, 0xd, 0x20, 0x4f, 0xbe, 0x25, 0xa0,
    0xd1, 0x87, 0x0, 0x14, 0xa8, 0x42, 0xd0, 0xb5,
    0x5b, 0x0, 0x4, 0xc0, 0xc0, 0x79, 0x1d, 0x19,
    0x70, 0x3f, 0xdd, 0xe3, 0x6, 0x4, 0x11, 0x50,
    0x15, 0x20, 0x54, 0xff, 0xff, 0xff, 0x80, 0xb,
    0x46, 0xb0, 0x0, 0x4b, 0x0, 0x0, 0xe, 0x3a,
    0xa1, 0x0, 0x4b, 0x0, 0x0, 0x3b, 0x1b, 0x41,
    0x0, 0x4b, 0x0, 0x0, 0x57, 0x6, 0xe, 0xff,
    0xff, 0xff, 0xf2, 0x0, 0x0, 0x0, 0x0, 0x0,
    0x0, 0x0,

    /* U+7DB2 "網" */
    0x0, 0x7, 0x0, 0x0, 0x0, 0x0, 0x0, 0x0,
    0x6b, 0x1, 0xfe, 0xee, 0xee, 0xf1, 0x0, 0xd3,
    0x41, 0xd0, 0x50, 0x41, 0xd1, 0x6, 0x92, 0xe2,
    0xd0, 0xb0, 0xb1, 0xd1, 0x3f, 0x8c, 0x61, 0xd2,
    0x84, 0xc2, 0xd1, 0x38, 0xab, 0x11, 0xd7, 0xad,
    0xa8, 0xd1, 0x1, 0xc1, 0xc2, 0xd0, 0xc, 0x0,
    0xd1, 0x1c, 0xba, 0xe6, 0xd7, 0xfd, 0xd8, 0xd1,
    0x29, 0x64, 0x58, 0xd0, 0xd0, 0x0, 0xd1, 0x6,
    0x33, 0xa1, 0xd0, 0xe2, 0x21, 0xd1, 0xd, 0x57,
    0xb3, 0xd0, 0xaa, 0xa6, 0xd1, 0x3a, 0x39, 0x44,
    0xd0, 0x0, 0x0, 0xe1, 0x34, 0x2, 0x1, 0xd0,
    0x0, 0x3e, 0xb0,

    /* U+7DB7 "綷" */
    0x0, 0x18, 0x0, 0x0, 0x19, 0x0, 0x0, 0x0,
    0x89, 0x0, 0x0, 0xd, 0x50, 0x0, 0x0, 0xe1,
    0x50, 0xce, 0xee, 0xee, 0xe6, 0x8, 0x73, 0xe1,
    0x5, 0x40, 0x9, 0x0, 0x4f, 0xbe, 0x50, 0xd,
    0x30, 0x3c, 0x0, 0x14, 0x9a, 0x40, 0x6f, 0x90,
    0xbe, 0x40, 0x2, 0xc0, 0xd3, 0xe2, 0x89, 0xc2,
    0xd3, 0x1d, 0xcd, 0xf5, 0x40, 0x9, 0x30, 0x20,
    0x29, 0x63, 0x76, 0x0, 0xd, 0x30, 0x0, 0x6,
    0x33, 0xa1, 0xee, 0xef, 0xfe, 0xea, 0xd, 0x58,
    0xb4, 0x0, 0xc, 0x30, 0x0, 0x3a, 0x3a, 0x45,
    0x0, 0xc, 0x30, 0x0, 0x45, 0x4, 0x0, 0x0,
    0xc, 0x30, 0x0,

    /* U+7DEC "緬" */
    0x0, 0x18, 0x0, 0x0, 0x0, 0x0, 0x0, 0x0,
    0x87, 0xa, 0xee, 0xff, 0xee, 0xe1, 0x1, 0xd0,
    0x60, 0x0, 0x88, 0x0, 0x0, 0x9, 0x65, 0x90,
    0x0, 0xb5, 0x0, 0x0, 0x4f, 0x9c, 0x15, 0xff,
    0xff, 0xff, 0xd0, 0x25, 0xa6, 0x45, 0x83, 0x81,
    0xa1, 0xd0, 0x3, 0x90, 0xb5, 0x83, 0xec, 0xa1,
    0xd0, 0x2e, 0xde, 0xe7, 0x83, 0x93, 0xa1, 0xd0,
    0x26, 0x20, 0x36, 0x83, 0x81, 0xa1, 0xd0, 0x9,
    0x35, 0xb5, 0x83, 0xfe, 0xa1, 0xd0, 0x1c, 0x49,
    0x88, 0x83, 0x81, 0xa1, 0xd0, 0x58, 0x2a, 0x27,
    0xdc, 0xdb, 0xeb, 0xd0, 0x33, 0x0, 0x5, 0xa3,
    0x33, 0x34, 0xd0,

    /* U+7E1B "縛" */
    0x0, 0x0, 0x0, 0x0, 0x0, 0x0, 0x0, 0x0,
    0x2b, 0x0, 0x0, 0x4a, 0x7a, 0x10, 0x0, 0x97,
    0x5, 0x88, 0xad, 0x8d, 0xa0, 0x1, 0xe0, 0x73,
    0x44, 0x8c, 0x44, 0x40, 0xb, 0x54, 0xb1, 0xcc,
    0xde, 0xcc, 0x70, 0x5f, 0xde, 0x22, 0xd2, 0x6b,
    0x27, 0x90, 0x12, 0x97, 0x52, 0xe8, 0xad, 0x8b,
    0x90, 0x5, 0xb0, 0xb2, 0xea, 0xbe, 0xac, 0x90,
    0x3f, 0xee, 0xf4, 0xb1, 0x48, 0x36, 0x70, 0x28,
    0x40, 0x63, 0x0, 0x0, 0xa5, 0x0, 0x7, 0x24,
    0x99, 0xdd, 0xdd, 0xfe, 0xd2, 0xd, 0x39, 0xa1,
    0x2c, 0x10, 0xa5, 0x0, 0x3a, 0x1b, 0x52, 0x4,
    0x70, 0xa5, 0x0, 0x56, 0x5, 0x0, 0x0, 0x2e,
    0xe2, 0x0,

    /* U+7E41 "繁" */
    0x0, 0x62, 0x0, 0x0, 0x7, 0x0, 0x0, 0x4,
    0xdb, 0xbb, 0xb5, 0x7d, 0x77, 0x73, 0x1c, 0xda,
    0xaa, 0xb2, 0xf7, 0x2b, 0x61, 0x0, 0xd1, 0x91,
    0xc6, 0x6d, 0x4c, 0x0, 0x1b, 0xeb, 0xaa, 0xe8,
    0x7, 0xf3, 0x0, 0x3, 0xa1, 0x93, 0x90, 0x6d,
    0xac, 0x30, 0x3, 0xaa, 0xad, 0xc8, 0x91, 0x5,
    0xd6, 0x0, 0x4, 0xad, 0x64, 0xa8, 0x0, 0x0,
    0x0, 0x1a, 0x9d, 0xe9, 0x23, 0xa1, 0x0, 0x1,
    0x7b, 0xfe, 0x9a, 0xbb, 0xee, 0x50, 0x1, 0x87,
    0xb5, 0x4f, 0x13, 0x21, 0x60, 0x2, 0x7d, 0x60,
    0x1f, 0x4, 0xbc, 0x40, 0x8, 0x70, 0xc, 0xeb,
    0x0, 0x3, 0x91,

    /* U+7E44 "繄" */
    0xd, 0xbd, 0xbb, 0x90, 0xcc, 0xcd, 0x0, 0xd,
    0x6a, 0xa7, 0x17, 0xc0, 0xd, 0x71, 0xd, 0x6a,
    0xe9, 0x77, 0xcb, 0xbc, 0x50, 0xd, 0x8, 0xba,
    0x10, 0xa5, 0x3e, 0x10, 0xd, 0x67, 0x4, 0x60,
    0x1e, 0xe4, 0x0, 0xa, 0xbb, 0xbe, 0xba, 0xb8,
    0x7b, 0xc2, 0x0, 0x3, 0xa9, 0x23, 0x86, 0x0,
    0x0, 0x0, 0x5a, 0xae, 0xe8, 0x23, 0x80, 0x0,
    0x2, 0x6b, 0xfb, 0x89, 0x9a, 0xdc, 0x20, 0x4,
    0x77, 0x73, 0x5d, 0x4, 0x13, 0x60, 0x1, 0x7c,
    0x30, 0x2d, 0x4, 0xc9, 0x10, 0xa, 0x50, 0x2c,
    0xc9, 0x0, 0x5, 0x80,

    /* U+7E5E "繞" */
    0x0, 0x0, 0x0, 0x0, 0x0, 0x0, 0x0, 0x0,
    0x48, 0x0, 0x0, 0x4b, 0x0, 0x0, 0x0, 0xa4,
    0x0, 0xbc, 0xdf, 0xcc, 0x30, 0x1, 0xd0, 0x60,
    0x0, 0x4b, 0x0, 0x0, 0x9, 0x56, 0x77, 0xdd,
    0xdf, 0xdd, 0xd0, 0x3f, 0xad, 0x0, 0x27, 0x0,
    0x26, 0x0, 0x15, 0x97, 0x17, 0xde, 0x96, 0xde,
    0xb0, 0x1, 0xb2, 0x70, 0x39, 0x0, 0x38, 0x0,
    0xc, 0xaa, 0xc8, 0xce, 0xba, 0xde, 0xd2, 0x2b,
    0x63, 0x75, 0x42, 0x22, 0x22, 0x20, 0x4, 0x23,
    0x89, 0xbd, 0xdc, 0xfb, 0xb3, 0xc, 0x38, 0xa0,
    0xb, 0x42, 0xc0, 0x0, 0xb, 0xa, 0x62, 0x6d,
    0x2, 0xc0, 0x75, 0x26, 0x3, 0x1d, 0xa1, 0x0,
    0xdd, 0xd2, 0x0, 0x0, 0x0, 0x0, 0x0, 0x0,
    0x0,

    /* U+7E6A "繪" */
    0x0, 0x0, 0x0, 0x0, 0x0, 0x0, 0x0, 0x0,
    0xc, 0x10, 0x0, 0x8d, 0x0, 0x0, 0x0, 0x7a,
    0x0, 0x9, 0xc7, 0xc2, 0x0, 0x0, 0xd2, 0x55,
    0xdb, 0x33, 0x7d, 0xa1, 0x9, 0x62, 0xe7, 0x34,
    0x88, 0x80, 0x61, 0x4f, 0xdf, 0x60, 0xaa, 0xaa,
    0xaa, 0x70, 0x2, 0x7b, 0x50, 0xd5, 0xc, 0x46,
    0xa0, 0x3, 0xd1, 0xd0, 0xd4, 0x3c, 0x74, 0xa0,
    0x2e, 0xcc, 0xf4, 0xfb, 0xbf, 0xbc, 0xa0, 0x17,
    0x42, 0x64, 0x35, 0x55, 0x55, 0x10, 0x9, 0x35,
    0xc0, 0x89, 0x55, 0x5d, 0x20, 0xd, 0x39, 0x84,
    0x8c, 0xaa, 0xae, 0x20, 0x2b, 0x1a, 0x48, 0x85,
    0x0, 0xc, 0x20, 0x67, 0xb, 0x0, 0x8d, 0xbb,
    0xbe, 0x20,

    /* U+7E7C "繼" */
    0x0, 0x5, 0x0, 0x0, 0x40, 0x4, 0x0, 0x0,
    0x69, 0x3, 0xa1, 0xa0, 0x1b, 0x0, 0x0, 0xc2,
    0x34, 0xbb, 0x89, 0xa7, 0xb0, 0x4, 0xa2, 0xe4,
    0xb7, 0xc2, 0x7d, 0x50, 0x1d, 0x8c, 0x63, 0xbb,
    0xbb, 0x8c, 0xc2, 0x9, 0xac, 0x3, 0xb6, 0x48,
    0x65, 0x54, 0x0, 0xc5, 0x93, 0xea, 0xca, 0xac,
    0xa5, 0xa, 0xa7, 0xe4, 0xa1, 0xb0, 0xb, 0x0,
    0xb, 0x86, 0xb6, 0xba, 0x89, 0x98, 0xb0, 0x5,
    0x34, 0x93, 0xa6, 0xc2, 0x6b, 0x60, 0xc, 0x47,
    0xc4, 0xa9, 0xab, 0x6c, 0xb3, 0xc, 0x19, 0x88,
    0xb6, 0x47, 0x65, 0x44, 0x3a, 0x8, 0x3, 0xcc,
    0xcc, 0xcc, 0xcb, 0x0, 0x0, 0x0, 0x0, 0x0,
    0x0, 0x0,

    /* U+7E8C "續" */
    0x0, 0x0, 0x0, 0x0, 0x0, 0x0, 0x0, 0x0,
    0x49, 0x0, 0x0, 0x5b, 0x0, 0x0, 0x0, 0xa6,
    0xb, 0xbb, 0xde, 0xbb, 0xb1, 0x1, 0xe0, 0x52,
    0x66, 0x9d, 0x66, 0x30, 0x8, 0x75, 0xa1, 0x55,
    0x55, 0x55, 0x30, 0x3f, 0x7d, 0x2d, 0xbd, 0xdb,
    0xeb, 0xf0, 0x38, 0xb8, 0xd, 0x27, 0x83, 0xc1,
    0xe0, 0x2, 0xc2, 0xa7, 0x99, 0x99, 0x99, 0x90,
    0x1d, 0xa9, 0xe5, 0xb8, 0x88, 0x8b, 0x70, 0x27,
    0x42, 0x87, 0xc8, 0x88, 0x8b, 0x80, 0xa, 0x56,
    0x96, 0xc7, 0x77, 0x7a, 0x80, 0xd, 0x57, 0xb6,
    0xda, 0xaa, 0xac, 0x80, 0x3a, 0x38, 0x51, 0x6d,
    0x30, 0xc8, 0x20, 0x55, 0x13, 0xc, 0x81, 0x0,
    0x5, 0xc1, 0x0, 0x0, 0x0, 0x0, 0x0, 0x0,
    0x0,

    /* U+7EA2 "红" */
    0x0, 0x3, 0x20, 0x0, 0x0, 0x0, 0x0, 0x0,
    0xd, 0x50, 0x33, 0x33, 0x33, 0x31, 0x0, 0x5d,
    0x0, 0xbd, 0xdf, 0xed, 0xd3, 0x0, 0xe3, 0x15,
    0x0, 0xd, 0x40, 0x0, 0xa, 0x91, 0xa9, 0x0,
    0xd, 0x40, 0x0, 0x2f, 0xee, 0xd0, 0x0, 0xd,
    0x40, 0x0, 0x0, 0x3e, 0x20, 0x0, 0xd, 0x40,
    0x0, 0x2, 0xe4, 0x23, 0x0, 0xd, 0x40, 0x0,
    0x1e, 0xff, 0xc8, 0x0, 0xd, 0x40, 0x0, 0x4,
    0x10, 0x0, 0x0, 0xd, 0x40, 0x0, 0x0, 0x25,
    0x88, 0x0, 0xd, 0x40, 0x0, 0x2f, 0xea, 0x74,
    0xff, 0xff, 0xff, 0xf9, 0x1, 0x0, 0x0, 0x11,
    0x11, 0x11, 0x10,

    /* U+7EAF "纯" */
    0x0, 0x0, 0x0, 0x0, 0x0, 0x0, 0x0, 0x0,
    0xb, 0x20, 0x0, 0xf, 0x10, 0x0, 0x0, 0x3d,
    0x0, 0x0, 0xf, 0x10, 0x0, 0x0, 0xa6, 0x1,
    0xee, 0xef, 0xfe, 0xe7, 0x2, 0xd0, 0x46, 0x0,
    0xf, 0x20, 0x0, 0xc, 0x74, 0xd3, 0x72, 0xf,
    0x11, 0x90, 0x2e, 0xbe, 0x80, 0xb3, 0xf, 0x11,
    0xe0, 0x0, 0x4c, 0x0, 0xb3, 0xf, 0x11, 0xe0,
    0x2, 0xd4, 0x55, 0xb3, 0xf, 0x11, 0xe0, 0xe,
    0xfc, 0x94, 0xbe, 0xdf, 0xee, 0xe0, 0x3, 0x0,
    0x0, 0x11, 0x1f, 0x33, 0xe0, 0x0, 0x26, 0xaa,
    0x0, 0xf, 0x10, 0x43, 0x1f, 0xd9, 0x51, 0x0,
    0xe, 0x20, 0x79, 0x1, 0x0, 0x0, 0x0, 0x9,
    0xff, 0xe3, 0x0, 0x0, 0x0, 0x0, 0x0, 0x0,
    0x0,

    /* U+7EB2 "纲" */
    0x0, 0x8, 0x10, 0x0, 0x0, 0x0, 0x0, 0x0,
    0x3d, 0x1, 0xfe, 0xee, 0xee, 0xf0, 0x0, 0xa7,
    0x1, 0xd0, 0x0, 0x42, 0xe0, 0x2, 0xd0, 0x65,
    0xd4, 0x30, 0xc2, 0xe0, 0xb, 0x74, 0xe4, 0xd3,
    0xc1, 0xc0, 0xe0, 0x1e, 0xcf, 0x81, 0xd0, 0xab,
    0x70, 0xe0, 0x0, 0x4c, 0x1, 0xd0, 0x1f, 0x30,
    0xe0, 0x2, 0xd3, 0x45, 0xd0, 0x2f, 0x60, 0xe0,
    0xe, 0xfd, 0x95, 0xd0, 0x97, 0xd0, 0xe0, 0x3,
    0x0, 0x1, 0xd2, 0xd0, 0xa5, 0xe0, 0x0, 0x26,
    0xa8, 0xdb, 0x50, 0x22, 0xe0, 0x1f, 0xc8, 0x42,
    0xd1, 0x0, 0x12, 0xf0, 0x0, 0x0, 0x1, 0xd0,
    0x0, 0x7c, 0x80,

    /* U+7EB3 "纳" */
    0x0, 0x0, 0x0, 0x0, 0x0, 0x0, 0x0, 0x0,
    0xc, 0x10, 0x0, 0xe, 0x0, 0x0, 0x0, 0x4c,
    0x0, 0x0, 0xf, 0x0, 0x0, 0x0, 0xb5, 0x0,
    0x0, 0xf, 0x0, 0x0, 0x3, 0xc0, 0x76, 0xee,
    0xef, 0xee, 0xe0, 0xc, 0x76, 0xd2, 0xe1, 0x3e,
    0x11, 0xf0, 0x2c, 0x9e, 0x41, 0xe0, 0x5d, 0x0,
    0xe0, 0x0, 0x69, 0x1, 0xe0, 0x9f, 0x60, 0xe0,
    0x3, 0xd4, 0x64, 0xe0, 0xe4, 0xe1, 0xe0, 0x1f,
    0xea, 0x73, 0xe8, 0xb0, 0x89, 0xe0, 0x2, 0x0,
    0x1, 0xfd, 0x10, 0x19, 0xf0, 0x0, 0x37, 0xb8,
    0xe0, 0x0, 0x0, 0xe0, 0x2f, 0xc7, 0x31, 0xe0,
    0x0, 0x1, 0xf0, 0x0, 0x0, 0x1, 0xe0, 0x0,
    0xce, 0xa0,

    /* U+7EBF "线" */
    0x0, 0xb, 0x0, 0x0, 0xf2, 0x81, 0x0, 0x0,
    0x6b, 0x0, 0x0, 0xe1, 0x5d, 0x10, 0x0, 0xd3,
    0x0, 0x0, 0xe3, 0x46, 0x40, 0x5, 0xa0, 0xa3,
    0xac, 0xfd, 0xb8, 0x40, 0x2e, 0x67, 0xd0, 0x42,
    0xc3, 0x0, 0x0, 0x4c, 0xaf, 0x30, 0x0, 0xa8,
    0x69, 0xc0, 0x0, 0x98, 0x2, 0xad, 0xfd, 0x85,
    0x20, 0x6, 0xc4, 0x63, 0x41, 0x6a, 0x2, 0xc0,
    0x3f, 0xeb, 0x71, 0x0, 0x2d, 0x1d, 0x40, 0x2,
    0x0, 0x0, 0x0, 0xf, 0xe6, 0x0, 0x1, 0x59,
    0xe4, 0x1, 0x9f, 0x90, 0x30, 0x4f, 0xa6, 0x12,
    0x9d, 0x83, 0xe4, 0xa3, 0x0, 0x0, 0x5, 0x70,
    0x0, 0x5e, 0xc0,

    /* U+7EC3 "练" */
    0x0, 0x26, 0x0, 0x2, 0x80, 0x0, 0x0, 0x0,
    0x88, 0x0, 0x7, 0xa0, 0x0, 0x0, 0x0, 0xe2,
    0xe, 0xef, 0xfe, 0xee, 0xe0, 0x5, 0x91, 0x70,
    0xe, 0x0, 0x0, 0x0, 0xd, 0x59, 0x8a, 0xef,
    0xec, 0x0, 0x0, 0x4e, 0xdf, 0x10, 0xb5, 0x3d,
    0x0, 0x0, 0x0, 0xa7, 0x1, 0xe0, 0x2d, 0x0,
    0x0, 0x4, 0xc1, 0x37, 0xff, 0xff, 0xff, 0xb0,
    0x2e, 0xfd, 0x90, 0x10, 0x2d, 0x1, 0x0, 0x5,
    0x10, 0x10, 0xd4, 0x2d, 0xd, 0x20, 0x2, 0x7c,
    0x97, 0xb0, 0x2d, 0x5, 0xc0, 0x3e, 0x81, 0x2d,
    0x10, 0x2d, 0x0, 0xc4, 0x0, 0x0, 0x1, 0xc,
    0xe9, 0x0, 0x0,

    /* U+7EC6 "细" */
    0x0, 0x7, 0x30, 0x0, 0x0, 0x0, 0x0, 0x0,
    0x2f, 0x10, 0xef, 0xff, 0xff, 0xf0, 0x0, 0xa8,
    0x0, 0xe1, 0xf, 0x10, 0xf0, 0x3, 0xd0, 0x24,
    0xe0, 0xe, 0x0, 0xf0, 0x1d, 0x64, 0xc7, 0xe0,
    0xe, 0x0, 0xf0, 0x5e, 0xbe, 0xb0, 0xe0, 0xe,
    0x0, 0xf0, 0x0, 0x5d, 0x10, 0xef, 0xff, 0xff,
    0xf0, 0x4, 0xd3, 0x33, 0xe1, 0xf, 0x10, 0xf0,
    0x3f, 0xfd, 0xb6, 0xe0, 0xe, 0x0, 0xf0, 0x13,
    0x0, 0x0, 0xe0, 0xe, 0x0, 0xf0, 0x0, 0x13,
    0x66, 0xe0, 0xe, 0x0, 0xf0, 0x5e, 0xfc, 0x84,
    0xef, 0xff, 0xff, 0xf0, 0x12, 0x0, 0x0, 0xe0,
    0x0, 0x0, 0xe0,

    /* U+7ECF "经" */
    0x0, 0x8, 0x0, 0x0, 0x0, 0x0, 0x0, 0x0,
    0x6b, 0x2, 0xff, 0xff, 0xff, 0x20, 0x0, 0xd3,
    0x0, 0x0, 0x0, 0xb9, 0x0, 0x7, 0xa0, 0x83,
    0x0, 0x1b, 0xb0, 0x0, 0x3e, 0x57, 0xe1, 0x6,
    0xef, 0x92, 0x0, 0x6b, 0xaf, 0x47, 0xec, 0x30,
    0x7e, 0xa1, 0x0, 0xb7, 0x7, 0x40, 0x0, 0x0,
    0x70, 0x9, 0xd6, 0x93, 0xdd, 0xdd, 0xdd, 0x90,
    0x6f, 0xc8, 0x50, 0x11, 0x5c, 0x11, 0x10, 0x0,
    0x0, 0x0, 0x0, 0x4b, 0x0, 0x0, 0x0, 0x26,
    0xa2, 0x0, 0x4b, 0x0, 0x0, 0x5e, 0xfb, 0x60,
    0x0, 0x4b, 0x0, 0x0, 0x34, 0x0, 0xe, 0xff,
    0xff, 0xff, 0xf5,

    /* U+7ED3 "结" */
    0x0, 0x1b, 0x0, 0x0, 0xf, 0x0, 0x0, 0x0,
    0x8b, 0x0, 0x0, 0xf, 0x0, 0x0, 0x0, 0xe3,
    0x4, 0xff, 0xff, 0xff, 0xf3, 0x8, 0xa0, 0x74,
    0x0, 0x1f, 0x10, 0x0, 0x4f, 0x77, 0xf2, 0x0,
    0xf, 0x0, 0x0, 0x4a, 0x8f, 0x70, 0xde, 0xef,
    0xee, 0xe0, 0x0, 0x9c, 0x0, 0x11, 0x11, 0x11,
    0x10, 0x5, 0xe1, 0x22, 0x0, 0x0, 0x0, 0x0,
    0x3f, 0xef, 0xd6, 0x8f, 0xee, 0xef, 0x90, 0x27,
    0x30, 0x0, 0x87, 0x0, 0x6, 0x90, 0x0, 0x1,
    0x44, 0x87, 0x0, 0x6, 0x90, 0x4b, 0xee, 0xb5,
    0x89, 0x33, 0x39, 0x90, 0x35, 0x20, 0x0, 0x8d,
    0xbb, 0xbc, 0x90,

    /* U+7ED5 "绕" */
    0x0, 0x0, 0x0, 0x0, 0x0, 0x0, 0x0, 0x0,
    0x5a, 0x0, 0xb, 0x40, 0x0, 0x0, 0x0, 0xa7,
    0x0, 0x9, 0x84, 0x67, 0x70, 0x1, 0xf1, 0x6,
    0xfe, 0xfb, 0x98, 0x50, 0x7, 0x90, 0xa0, 0x0,
    0xe1, 0x1d, 0x50, 0x1e, 0x38, 0xa0, 0x0, 0x9a,
    0xe6, 0x0, 0x6f, 0xef, 0x10, 0x38, 0xdf, 0x60,
    0xa1, 0x0, 0x98, 0x5, 0xe8, 0x23, 0xeb, 0xe0,
    0x4, 0xd0, 0x10, 0x0, 0x0, 0x15, 0x30, 0x2e,
    0xee, 0x8b, 0xdf, 0xee, 0xfd, 0xd1, 0x27, 0x20,
    0x0, 0xd, 0x35, 0xb0, 0x0, 0x0, 0x26, 0x80,
    0x2f, 0x5, 0xb0, 0x10, 0x3d, 0xd8, 0x31, 0xc8,
    0x5, 0xb0, 0x84, 0x12, 0x0, 0x3f, 0x80, 0x2,
    0xed, 0xd1, 0x0, 0x0, 0x1, 0x0, 0x0, 0x0,
    0x0,

    /* U+7ED8 "绘" */
    0x0, 0x27, 0x0, 0x0, 0x37, 0x0, 0x0, 0x0,
    0x89, 0x0, 0x0, 0xce, 0x10, 0x0, 0x0, 0xe2,
    0x0, 0x6, 0xc7, 0xc0, 0x0, 0x5, 0xb0, 0x80,
    0x5e, 0x10, 0x8c, 0x10, 0xd, 0x37, 0x97, 0xf4,
    0x0, 0x8, 0xe2, 0x5f, 0xee, 0x9, 0x6f, 0xff,
    0xf9, 0x61, 0x0, 0xb4, 0x0, 0x0, 0x0, 0x0,
    0x0, 0x8, 0xc8, 0xa5, 0xdd, 0xdd, 0xdd, 0xc0,
    0x3f, 0xb7, 0x20, 0x16, 0xd1, 0x11, 0x10, 0x0,
    0x0, 0x40, 0xd, 0x40, 0x84, 0x0, 0x4, 0x9e,
    0xa0, 0x8a, 0x0, 0x3d, 0x10, 0x4c, 0x61, 0x7,
    0xfc, 0xcd, 0xed, 0x80, 0x0, 0x0, 0x4, 0x64,
    0x20, 0x1, 0xb0,

    /* U+7EDD "绝" */
    0x0, 0x6, 0x0, 0x3, 0x60, 0x0, 0x0, 0x0,
    0x4d, 0x0, 0xc, 0x82, 0x20, 0x0, 0x0, 0xb5,
    0x0, 0x6e, 0xcc, 0xe9, 0x0, 0x4, 0xb0, 0x66,
    0xe3, 0x3, 0xd0, 0x0, 0x1d, 0x66, 0xeb, 0xfe,
    0xef, 0xfe, 0xb0, 0x7e, 0xbf, 0x40, 0xe1, 0xe,
    0x3, 0xc0, 0x0, 0x8a, 0x0, 0xe1, 0xe, 0x3,
    0xc0, 0x3, 0xd0, 0x21, 0xe2, 0x1e, 0x14, 0xc0,
    0x3e, 0xde, 0xc4, 0xed, 0xcc, 0xcc, 0x90, 0x36,
    0x20, 0x0, 0xe1, 0x0, 0x0, 0x0, 0x0, 0x3,
    0x75, 0xe1, 0x0, 0x0, 0x43, 0x4c, 0xeb, 0x72,
    0xd2, 0x0, 0x0, 0xa6, 0x22, 0x0, 0x0, 0x7e,
    0xee, 0xef, 0xd1,

    /* U+7EE2 "绢" */
    0x0, 0x5, 0x0, 0x0, 0x0, 0x0, 0x0, 0x4,
    0xe0, 0x6, 0xed, 0xdd, 0xf2, 0x0, 0xc5, 0x0,
    0x68, 0x0, 0xc, 0x20, 0x5b, 0x8, 0x26, 0xc8,
    0x88, 0xe2, 0x2e, 0x68, 0xd0, 0x13, 0x33, 0x33,
    0x5, 0xaa, 0xf3, 0xc, 0xdd, 0xdd, 0xd8, 0x0,
    0xb6, 0x0, 0xe1, 0x0, 0x6, 0x90, 0x8c, 0x58,
    0x3e, 0xba, 0xaa, 0xc9, 0x5f, 0xc9, 0x51, 0xe3,
    0x22, 0x27, 0x90, 0x0, 0x0, 0xe, 0x10, 0x0,
    0x69, 0x0, 0x3, 0x62, 0xed, 0xcc, 0xce, 0x94,
    0xdc, 0x96, 0x1e, 0x10, 0x0, 0x69, 0x0, 0x0,
    0x0, 0xe1, 0x0, 0xed, 0x50,

    /* U+7EE7 "继" */
    0x0, 0x0, 0x0, 0x0, 0x0, 0x0, 0x0, 0x0,
    0x1c, 0x0, 0x0, 0x0, 0xe0, 0x0, 0x0, 0x7c,
    0x1, 0xe2, 0x30, 0xe0, 0x51, 0x0, 0xc5, 0x1,
    0xe2, 0xb0, 0xe0, 0xd0, 0x4, 0xd0, 0x42, 0xe0,
    0xc1, 0xe5, 0x70, 0xc, 0x50, 0xe3, 0xe0, 0x31,
    0xe3, 0x10, 0x4f, 0xdf, 0x71, 0xe9, 0xde, 0xfd,
    0xd6, 0x1, 0x4b, 0x1, 0xe0, 0xb, 0xf8, 0x0,
    0x2, 0xc2, 0x32, 0xe0, 0x58, 0xe8, 0x70, 0x1e,
    0xfc, 0x93, 0xe4, 0xd0, 0xe0, 0xc3, 0x4, 0x0,
    0x1, 0xe4, 0x20, 0xe0, 0x10, 0x2, 0x58, 0xc6,
    0xe0, 0x0, 0xa0, 0x0, 0x3d, 0x95, 0x11, 0xfc,
    0xcc, 0xcc, 0xc7, 0x0, 0x0, 0x0, 0x22, 0x22,
    0x22, 0x21,

    /* U+7EED "续" */
    0x0, 0x1b, 0x0, 0x0, 0x6a, 0x0, 0x0, 0x0,
    0x79, 0x0, 0xaa, 0xce, 0xaa, 0x30, 0x0, 0xd2,
    0x0, 0x33, 0x8b, 0x33, 0x10, 0x6, 0x90, 0x70,
    0x11, 0x7a, 0x11, 0x10, 0x2e, 0x47, 0xb6, 0xdd,
    0xde, 0xdd, 0xd0, 0x4a, 0xae, 0x10, 0x2b, 0x2f,
    0x7, 0x60, 0x0, 0xb4, 0x2, 0x82, 0x6f, 0x1,
    0x0, 0x8, 0xc8, 0xa0, 0x69, 0x1e, 0x0, 0x0,
    0x4f, 0xa6, 0x18, 0xbb, 0xcf, 0xbb, 0xb0, 0x0,
    0x1, 0x52, 0x23, 0xd7, 0x42, 0x20, 0x5, 0xbe,
    0x80, 0x8, 0xc2, 0xd5, 0x0, 0x4a, 0x40, 0x2,
    0xac, 0x10, 0x1c, 0x70, 0x0, 0x0, 0xa, 0x70,
    0x0, 0x0, 0xa1,

    /* U+7EF4 "维" */
    0x0, 0x4, 0x0, 0x1, 0x41, 0x30, 0x0, 0x0,
    0x1e, 0x10, 0x9, 0x93, 0xd0, 0x0, 0x0, 0x88,
    0x0, 0xf, 0x20, 0x92, 0x0, 0x1, 0xd0, 0x33,
    0x9f, 0xef, 0xfe, 0xe6, 0xb, 0x74, 0xd8, 0xfb,
    0x0, 0xf0, 0x0, 0x1b, 0x9e, 0x87, 0x7e, 0xbb,
    0xfb, 0xb0, 0x0, 0x6b, 0x0, 0x3c, 0x33, 0xf3,
    0x30, 0x3, 0xe5, 0x73, 0x3b, 0x0, 0xf0, 0x0,
    0xf, 0xd9, 0x61, 0x3f, 0xff, 0xff, 0xf1, 0x1,
    0x0, 0x0, 0x3b, 0x0, 0xf0, 0x0, 0x0, 0x37,
    0xb9, 0x3b, 0x0, 0xf0, 0x0, 0x1f, 0xc8, 0x40,
    0x3f, 0xef, 0xfe, 0xe9, 0x0, 0x0, 0x0, 0x3b,
    0x0, 0x0, 0x0,

    /* U+7F05 "缅" */
    0x0, 0x25, 0x0, 0x0, 0x0, 0x0, 0x0, 0x0,
    0x99, 0xe, 0xff, 0xff, 0xff, 0xf3, 0x0, 0xe2,
    0x0, 0x0, 0x79, 0x0, 0x0, 0x7, 0xa0, 0x70,
    0x0, 0xa4, 0x0, 0x0, 0x2e, 0x27, 0xa7, 0xfe,
    0xfe, 0xfe, 0xd0, 0x6d, 0xcf, 0x17, 0x64, 0x71,
    0xb0, 0xd0, 0x0, 0xc6, 0x7, 0x64, 0xdc, 0xb0,
    0xd0, 0x8, 0xa3, 0x47, 0x64, 0x71, 0xb0, 0xd0,
    0x5f, 0xea, 0x67, 0x64, 0x71, 0xb0, 0xd0, 0x11,
    0x0, 0x7, 0x64, 0xdc, 0xb0, 0xd0, 0x0, 0x4,
    0x67, 0x64, 0x71, 0xb0, 0xd0, 0x4c, 0xfb, 0x67,
    0x86, 0x93, 0xc3, 0xd0, 0x24, 0x0, 0x7, 0xda,
    0xaa, 0xab, 0xd0,

    /* U+7F1A "缚" */
    0x0, 0x0, 0x0, 0x0, 0x0, 0x0, 0x0, 0x0,
    0x4a, 0x0, 0x0, 0x59, 0x6a, 0x20, 0x0, 0xb7,
    0x6, 0x88, 0xbd, 0x8c, 0xa0, 0x2, 0xe0, 0x3,
    0x44, 0x8b, 0x44, 0x40, 0xb, 0x60, 0xa5, 0xcc,
    0xde, 0xcc, 0x70, 0x6e, 0x58, 0xc4, 0xb2, 0x7a,
    0x27, 0x90, 0x6a, 0xaf, 0x24, 0xd8, 0xbc, 0x8b,
    0x90, 0x0, 0xc5, 0x4, 0xea, 0xcd, 0xac, 0x90,
    0xb, 0x94, 0x53, 0xa1, 0x57, 0x36, 0x70, 0x8f,
    0xda, 0x70, 0x0, 0x0, 0x95, 0x0, 0x10, 0x0,
    0xb, 0xdd, 0xdd, 0xfe, 0xd3, 0x0, 0x13, 0x60,
    0x4b, 0x0, 0x95, 0x0, 0x7e, 0xc9, 0x60, 0x6,
    0x80, 0x95, 0x0, 0x0, 0x0, 0x0, 0x0, 0x2e,
    0xe3, 0x0,

    /* U+7F51 "网" */
    0xef, 0xff, 0xff, 0xff, 0xff, 0xfd, 0xe2, 0x0,
    0x0, 0x0, 0x0, 0x2d, 0xe2, 0x0, 0x86, 0x0,
    0x77, 0x2d, 0xe5, 0xc0, 0xc4, 0xc0, 0xa4, 0x2d,
    0xe2, 0x99, 0xe0, 0x7a, 0xe1, 0x2d, 0xe2, 0xc,
    0xb0, 0xb, 0xd0, 0x2d, 0xe2, 0xa, 0xe1, 0x9,
    0xf2, 0x2d, 0xe2, 0x2e, 0x7b, 0x1e, 0x7b, 0x2d,
    0xe2, 0xc6, 0x6, 0xa8, 0xc, 0x3d, 0xea, 0xa0,
    0x7, 0xc0, 0x0, 0x2d, 0xe2, 0x0, 0x1, 0x10,
    0x0, 0x4d, 0xe2, 0x0, 0x0, 0x0, 0x7f, 0xe7,

    /* U+7F55 "罕" */
    0xc, 0xfe, 0xee, 0xee, 0xee, 0xef, 0xd0, 0xc,
    0x40, 0x3, 0x0, 0x20, 0x3, 0xd0, 0x7, 0x21,
    0xbb, 0x0, 0xbc, 0x51, 0x60, 0x1, 0x8e, 0x80,
    0x0, 0x4, 0xcc, 0x20, 0x8, 0xa2, 0x0, 0x0,
    0x0, 0x7, 0x90, 0x0, 0x6e, 0xee, 0xff, 0xee,
    0xe7, 0x0, 0x0, 0x0, 0x0, 0x98, 0x0, 0x0,
    0x0, 0x0, 0x0, 0x0, 0x98, 0x0, 0x0, 0x0,
    0x1f, 0xff, 0xff, 0xff, 0xff, 0xff, 0xf2, 0x0,
    0x0, 0x0, 0x98, 0x0, 0x0, 0x0, 0x0, 0x0,
    0x0, 0x98, 0x0, 0x0, 0x0, 0x0, 0x0, 0x0,
    0x98, 0x0, 0x0, 0x0,

    /* U+7F57 "罗" */
    0x3f, 0xee, 0xfe, 0xef, 0xee, 0xee, 0x3b, 0x0,
    0xf0, 0xe, 0x10, 0x2e, 0x3b, 0x0, 0xf0, 0xe,
    0x10, 0x2e, 0x3e, 0xee, 0xfe, 0xee, 0xee, 0xed,
    0x0, 0x1, 0xd3, 0x0, 0x0, 0x0, 0x0, 0x2d,
    0xfe, 0xee, 0xee, 0xe1, 0x19, 0xd3, 0x0, 0x0,
    0xc, 0x90, 0x39, 0x4, 0xd2, 0x0, 0x9e, 0x0,
    0x0, 0x0, 0x4e, 0x3b, 0xd2, 0x0, 0x0, 0x0,
    0x1a, 0xfa, 0x0, 0x0, 0x2, 0x6a, 0xfa, 0x30,
    0x0, 0x0, 0x7e, 0xa6, 0x10, 0x0, 0x0, 0x0,
    0x0, 0x0, 0x0, 0x0, 0x0, 0x0,

    /* U+7F6E "置" */
    0x5, 0xec, 0xcf, 0xcc, 0xfc, 0xce, 0x80, 0x5,
    0xb2, 0x4d, 0x22, 0xd4, 0x29, 0x80, 0x2, 0x77,
    0x77, 0xda, 0x77, 0x77, 0x40, 0xd, 0xdd, 0xdd,
    0xfe, 0xdd, 0xdd, 0xc0, 0x0, 0x2, 0x22, 0xf3,
    0x22, 0x20, 0x0, 0x0, 0x5d, 0x88, 0x88, 0x88,
    0xe4, 0x0, 0x0, 0x5e, 0xaa, 0xaa, 0xaa, 0xe4,
    0x0, 0x0, 0x5b, 0x22, 0x22, 0x22, 0xc4, 0x0,
    0x0, 0x5d, 0x88, 0x88, 0x88, 0xd4, 0x0, 0x0,
    0x5e, 0x99, 0x99, 0x99, 0xe4, 0x0, 0x0, 0x5a,
    0x0, 0x0, 0x0, 0xb4, 0x0, 0x2c, 0xde, 0xcc,
    0xcc, 0xcc, 0xfd, 0xc2,

    /* U+7F74 "罴" */
    0x9, 0xec, 0xdf, 0xcc, 0xfd, 0xce, 0xb0, 0x9,
    0x60, 0x4c, 0x0, 0xd3, 0x6, 0xb0, 0x8, 0xdd,
    0xdd, 0xdd, 0xdd, 0xdd, 0x90, 0x0, 0x0, 0x0,
    0x75, 0x0, 0x0, 0x0, 0x1, 0xdd, 0xdd, 0xee,
    0xdd, 0xdd, 0x10, 0x2, 0x22, 0x22, 0xa8, 0x22,
    0x22, 0x20, 0x2b, 0xbb, 0xdf, 0xbb, 0xbe, 0xbb,
    0xb1, 0x0, 0x18, 0xc3, 0x0, 0x1b, 0xa0, 0x0,
    0x1, 0xff, 0xdc, 0xcc, 0xba, 0xad, 0x10, 0x0,
    0x61, 0x3, 0x1, 0x30, 0x47, 0x0, 0x4, 0xd0,
    0x1e, 0x2, 0xd0, 0x2e, 0x30, 0x2e, 0x20, 0xc,
    0x10, 0xa3, 0x4, 0xd0, 0x0, 0x0, 0x0, 0x0,
    0x0, 0x0, 0x0,

    /* U+7F85 "羅" */
    0xb, 0xdc, 0xee, 0xcd, 0xfc, 0xcf, 0x50, 0xb,
    0x40, 0x68, 0x0, 0xe0, 0xa, 0x50, 0x9, 0xce,
    0xcc, 0xcd, 0xdc, 0xcc, 0x40, 0x0, 0x5c, 0x0,
    0x8, 0x85, 0x60, 0x0, 0x1, 0xd1, 0x65, 0xf,
    0x43, 0xd1, 0x10, 0x1d, 0xca, 0xc0, 0xaf, 0xcc,
    0xfc, 0xc0, 0x5, 0x7c, 0x48, 0xee, 0x2, 0xe0,
    0x0, 0x5, 0xd4, 0x7d, 0x1f, 0xbc, 0xfb, 0x80,
    0x2c, 0xa8, 0x6b, 0x3e, 0x12, 0xe1, 0x0, 0x7,
    0x27, 0x57, 0x1f, 0xbb, 0xfb, 0x80, 0xd, 0xd,
    0xd, 0x1e, 0x12, 0xe1, 0x10, 0x28, 0xa, 0x4,
    0x1f, 0xcc, 0xcc, 0xc2,

    /* U+7F86 "羆" */
    0x3, 0xeb, 0xbf, 0xbb, 0xed, 0xbc, 0xe0, 0x3,
    0xe9, 0x9f, 0x99, 0xdc, 0x9a, 0xe0, 0x0, 0x4d,
    0x23, 0x22, 0x72, 0x23, 0x30, 0x1, 0xc5, 0xb,
    0x61, 0xe7, 0xbc, 0x50, 0x7, 0xba, 0xaa, 0xc4,
    0xe4, 0x10, 0x46, 0x4, 0xb9, 0x9a, 0x90, 0x8a,
    0xaa, 0xa2, 0x5, 0xd9, 0x9b, 0xb1, 0xd1, 0x48,
    0x80, 0x5, 0xb5, 0x58, 0xb1, 0xfa, 0x74, 0x13,
    0x5, 0xa3, 0x36, 0xb0, 0xe5, 0x55, 0x8a, 0x3,
    0x80, 0x5a, 0x40, 0x57, 0x8b, 0x61, 0x1, 0xd3,
    0xe, 0x0, 0xd1, 0xb, 0x80, 0xc, 0x60, 0xb,
    0x40, 0x76, 0x0, 0xb6, 0x0, 0x0, 0x0, 0x0,
    0x0, 0x0, 0x0,

    /* U+7FA4 "群" */
    0x0, 0x0, 0x0, 0x3, 0x40, 0x2, 0x70, 0x9,
    0xef, 0xef, 0x42, 0xe1, 0x9, 0x70, 0x0, 0x1d,
    0xa, 0x41, 0xb5, 0x2c, 0x20, 0x8e, 0xef, 0xef,
    0xea, 0xcd, 0xfc, 0xc2, 0x0, 0x59, 0xa, 0x40,
    0x3, 0xc0, 0x0, 0x4, 0xaa, 0x5c, 0x40, 0x4,
    0xc0, 0x0, 0x6, 0xea, 0x99, 0x28, 0xef, 0xfe,
    0xe0, 0x2, 0xe0, 0x0, 0x0, 0x3, 0xc0, 0x0,
    0xa, 0xfe, 0xef, 0x70, 0x4, 0xc0, 0x0, 0x7e,
    0xf0, 0x8, 0x8e, 0xef, 0xfe, 0xe7, 0x32, 0xe0,
    0x8, 0x70, 0x3, 0xc0, 0x0, 0x0, 0xfc, 0xce,
    0x70, 0x3, 0xc0, 0x0, 0x0, 0xe2, 0x22, 0x10,
    0x3, 0xc0, 0x0,

    /* U+7FA9 "義" */
    0x0, 0x2, 0x40, 0x0, 0x5, 0x20, 0x0, 0x0,
    0x12, 0xe3, 0x11, 0x2e, 0x21, 0x0, 0x7, 0xcc,
    0xcc, 0xee, 0xcc, 0xcc, 0x70, 0x0, 0x66, 0x66,
    0xcb, 0x66, 0x66, 0x0, 0x0, 0x34, 0x44, 0xaa,
    0x44, 0x44, 0x0, 0x3d, 0xdd, 0xdd, 0xee, 0xdd,
    0xdd, 0xd3, 0x5, 0x68, 0x9b, 0x85, 0x91, 0xb4,
    0x0, 0x5, 0x46, 0xc0, 0x4, 0xc0, 0x2c, 0x30,
    0x3d, 0xdd, 0xfd, 0xdd, 0xfd, 0xdd, 0xd3, 0x0,
    0x4, 0xc3, 0x41, 0xb5, 0x3a, 0x0, 0x3d, 0xdd,
    0xe9, 0x71, 0x4e, 0xd2, 0x10, 0x0, 0x4, 0xc0,
    0x28, 0xdc, 0xb2, 0x86, 0x1, 0xcd, 0x81, 0xc7,
    0x10, 0x7d, 0xc1,

    /* U+7FCA "翊" */
    0x0, 0x50, 0x0, 0x0, 0x0, 0x0, 0x0, 0x0,
    0xc4, 0x7, 0xff, 0xf8, 0xff, 0xf0, 0x0, 0x76,
    0x0, 0x0, 0xd1, 0x0, 0xe0, 0x4e, 0xee, 0xe1,
    0x40, 0xd4, 0x30, 0xe0, 0x4, 0x2, 0x30, 0xc0,
    0xd3, 0xb0, 0xe0, 0xc, 0x6, 0x80, 0x93, 0xd1,
    0xb2, 0xe0, 0xa, 0x38, 0x50, 0x21, 0xd1, 0x20,
    0xf0, 0x7, 0x6a, 0x20, 0x7, 0xf1, 0xa, 0xf0,
    0x5, 0x7c, 0x0, 0x9a, 0xe2, 0xc6, 0xe0, 0x3,
    0x5c, 0x28, 0x90, 0xd6, 0x50, 0xe0, 0x17, 0xbf,
    0xc2, 0x0, 0xd1, 0x0, 0xe0, 0x28, 0x40, 0x0,
    0x0, 0xe1, 0x0, 0xf0, 0x0, 0x0, 0x0, 0x9e,
    0xc0, 0xae, 0xc0, 0x0, 0x0, 0x0, 0x0, 0x0,
    0x0, 0x0,

    /* U+7FD2 "習" */
    0x3e, 0xee, 0xee, 0xce, 0xee, 0xec, 0x5, 0x40,
    0x1e, 0x6, 0x20, 0x2c, 0x3, 0xa7, 0x2e, 0x16,
    0xc8, 0x4c, 0x0, 0x3a, 0xde, 0x0, 0x6c, 0xbc,
    0x2c, 0xb4, 0x1e, 0x6e, 0x81, 0x2c, 0x12, 0x0,
    0xa, 0x60, 0x0, 0x18, 0x2, 0xdd, 0xde, 0xdd,
    0xdd, 0xc0, 0x2, 0xd0, 0x0, 0x0, 0x2, 0xe0,
    0x2, 0xfb, 0xbb, 0xbb, 0xbc, 0xe0, 0x2, 0xe2,
    0x22, 0x22, 0x24, 0xe0, 0x2, 0xd0, 0x0, 0x0,
    0x2, 0xe0, 0x2, 0xfc, 0xcc, 0xcc, 0xcd, 0xe0,

    /* U+7FD5 "翕" */
    0x0, 0x0, 0x0, 0x68, 0x0, 0x0, 0x0, 0x0,
    0x0, 0x19, 0xbb, 0x90, 0x0, 0x0, 0x0, 0x28,
    0xeb, 0x55, 0xbe, 0x82, 0x0, 0x5c, 0xd6, 0x46,
    0x66, 0x63, 0x7d, 0xd3, 0x23, 0xb, 0xbb, 0xbb,
    0xbb, 0xc0, 0x30, 0x0, 0xe, 0x32, 0x22, 0x23,
    0xf0, 0x0, 0x0, 0x7, 0x77, 0x77, 0x77, 0x70,
    0x0, 0xc, 0xdd, 0xdd, 0x3c, 0xcc, 0xcc, 0x40,
    0x1, 0xa1, 0xb, 0x32, 0xa1, 0x9, 0x50, 0x0,
    0x4c, 0xc, 0x20, 0x6a, 0xa, 0x50, 0x0, 0x2a,
    0xce, 0x20, 0x29, 0xbd, 0x50, 0x1b, 0xa4, 0xc,
    0x3b, 0xb4, 0x9, 0x50, 0x1, 0x1, 0xcd, 0x11,
    0x2, 0xce, 0x20, 0x0, 0x0, 0x0, 0x0, 0x0,
    0x0, 0x0,

    /* U+7FFB "翻" */
    0x0, 0x12, 0x47, 0x50, 0x0, 0x0, 0x0, 0xbb,
    0xcc, 0x63, 0xad, 0xfa, 0xdf, 0x4, 0x75, 0x87,
    0x60, 0xd, 0x0, 0xe0, 0x3b, 0x7a, 0xd3, 0x50,
    0xd5, 0xe, 0x1a, 0xaf, 0xfa, 0x96, 0x6d, 0x66,
    0xe0, 0x8, 0xdc, 0xb2, 0x1b, 0xd0, 0xbe, 0x1b,
    0x95, 0x82, 0xb0, 0x1d, 0x1, 0xe1, 0xc8, 0x9a,
    0x86, 0x7, 0xf0, 0x7f, 0xa, 0x57, 0x95, 0xb7,
    0xad, 0x7a, 0xe0, 0xac, 0xcd, 0xbb, 0x60, 0xd4,
    0xe, 0xa, 0x25, 0x82, 0xb0, 0xd, 0x0, 0xe0,
    0xac, 0xdd, 0xcb, 0x0, 0xd0, 0xe, 0xa, 0x31,
    0x12, 0x91, 0xeb, 0x2e, 0xb0,

    /* U+7FFC "翼" */
    0xc, 0xdc, 0xce, 0x4b, 0xdc, 0xcc, 0xd0, 0x1,
    0xb4, 0xb, 0x40, 0xb6, 0x5, 0xd0, 0x5, 0x9c,
    0xad, 0x54, 0x8d, 0xa8, 0xd0, 0x5, 0x99, 0x9f,
    0xcf, 0xd9, 0x99, 0x70, 0x0, 0xb6, 0x33, 0xa9,
    0x33, 0x5d, 0x0, 0x0, 0xba, 0x88, 0xcb, 0x88,
    0x9d, 0x0, 0x0, 0xbb, 0xaa, 0xdd, 0xaa, 0xbd,
    0x0, 0x3, 0x44, 0xd6, 0x44, 0x6d, 0x44, 0x30,
    0x5, 0x77, 0xe9, 0x77, 0x9e, 0x77, 0x70, 0x1b,
    0xbb, 0xfc, 0xbb, 0xcf, 0xbb, 0xb7, 0x0, 0x27,
    0xc4, 0x0, 0x5c, 0x94, 0x0, 0xb, 0xa5, 0x0,
    0x0, 0x0, 0x39, 0xc0, 0x0, 0x0, 0x0, 0x0,
    0x0, 0x0, 0x0,

    /* U+8005 "者" */
    0x0, 0x0, 0x3, 0xc0, 0x0, 0x1, 0x20, 0x0,
    0x0, 0x3, 0xc0, 0x0, 0xd, 0x70, 0x0, 0xce,
    0xef, 0xfe, 0xee, 0xda, 0x0, 0x0, 0x0, 0x3,
    0xc0, 0xa, 0xc0, 0x0, 0x0, 0x0, 0x4, 0xc1,
    0xbc, 0x10, 0x0, 0x1e, 0xee, 0xee, 0xff, 0xee,
    0xee, 0xe6, 0x0, 0x0, 0x2a, 0xc3, 0x0, 0x0,
    0x0, 0x0, 0x4a, 0xff, 0xee, 0xee, 0xea, 0x0,
    0x1e, 0xa6, 0xe0, 0x0, 0x0, 0x5b, 0x0, 0x0,
    0x2, 0xfc, 0xcc, 0xcc, 0xdb, 0x0, 0x0, 0x2,
    0xe0, 0x0, 0x0, 0x6b, 0x0, 0x0, 0x2, 0xe0,
    0x0, 0x0, 0x6b, 0x0, 0x0, 0x2, 0xfd, 0xdd,
    0xdd, 0xea, 0x0,

    /* U+800C "而" */
    0x1f, 0xff, 0xff, 0xff, 0xff, 0xff, 0xf7, 0x0,
    0x0, 0x0, 0xb8, 0x0, 0x0, 0x0, 0x0, 0x0,
    0x0, 0xf2, 0x0, 0x0, 0x0, 0x5, 0xff, 0xff,
    0xff, 0xff, 0xff, 0xb0, 0x5, 0xb0, 0x1f, 0x0,
    0xb5, 0x5, 0xb0, 0x5, 0xb0, 0x1f, 0x0, 0xb5,
    0x4, 0xb0, 0x5, 0xb0, 0x1f, 0x0, 0xb5, 0x4,
    0xb0, 0x5, 0xb0, 0x1f, 0x0, 0xb5, 0x4, 0xb0,
    0x5, 0xb0, 0x1f, 0x0, 0xb5, 0x4, 0xb0, 0x5,
    0xb0, 0x1f, 0x0, 0xb5, 0x4, 0xb0, 0x5, 0xb0,
    0x1f, 0x0, 0xb5, 0x6, 0xb0, 0x5, 0xb0, 0xa,
    0x0, 0x75, 0xed, 0x60,

    /* U+8038 "耸" */
    0x0, 0x2, 0xa0, 0x0, 0xa, 0x30, 0x0, 0x0,
    0x9, 0x90, 0x0, 0x3f, 0x0, 0x0, 0x0, 0x2f,
    0xb1, 0x0, 0xbe, 0x70, 0x0, 0x2, 0xe5, 0x6d,
    0x2a, 0xc1, 0xc9, 0x10, 0x9, 0x50, 0x4, 0x4b,
    0x10, 0xa, 0x60, 0x2e, 0xee, 0xee, 0xee, 0xee,
    0xee, 0xe2, 0x0, 0x2e, 0x0, 0x0, 0x0, 0xd2,
    0x0, 0x0, 0x2f, 0xbb, 0xbb, 0xbb, 0xf2, 0x0,
    0x0, 0x2e, 0x0, 0x0, 0x0, 0xd2, 0x0, 0x0,
    0x2f, 0xbb, 0xbb, 0xbb, 0xf2, 0x0, 0x0, 0x2e,
    0x11, 0x22, 0x34, 0xe7, 0x50, 0x4f, 0xee, 0xdd,
    0xcb, 0xba, 0xfa, 0x80, 0x0, 0x0, 0x0, 0x0,
    0x0, 0xd2, 0x0,

    /* U+8054 "联" */
    0x0, 0x0, 0x0, 0x3, 0x0, 0x3, 0x0, 0x5f,
    0xff, 0xfe, 0xd, 0x40, 0x2f, 0x20, 0x9, 0x50,
    0x94, 0x3, 0xd0, 0xa7, 0x0, 0x9, 0x50, 0x94,
    0x6a, 0xba, 0xfa, 0x90, 0x9, 0xed, 0xf4, 0x35,
    0x6f, 0x55, 0x40, 0x9, 0x50, 0x94, 0x0, 0x1f,
    0x0, 0x0, 0x9, 0x61, 0xa5, 0x11, 0x3f, 0x11,
    0x10, 0x9, 0xdc, 0xe5, 0xdd, 0xef, 0xdd, 0xd5,
    0x9, 0x50, 0x94, 0x0, 0x6f, 0x30, 0x0, 0x9,
    0x63, 0xbb, 0x40, 0xcb, 0xc0, 0x0, 0x5f, 0xda,
    0xd8, 0x15, 0xc0, 0xc5, 0x0, 0x0, 0x0, 0x94,
    0x5e, 0x30, 0x2e, 0x60, 0x0, 0x0, 0x98, 0xd3,
    0x0, 0x1, 0xb3, 0x0, 0x0, 0x0, 0x0, 0x0,
    0x0, 0x0,

    /* U+8056 "聖" */
    0xc, 0xfd, 0xcd, 0xf5, 0xbe, 0xee, 0xe0, 0x0,
    0xea, 0xab, 0xc0, 0xc2, 0x0, 0xf0, 0x0, 0xe2,
    0x14, 0xc0, 0xc2, 0x0, 0xf0, 0x0, 0xec, 0xbc,
    0xc0, 0xc2, 0x0, 0xf0, 0x0, 0xe2, 0x25, 0xd3,
    0xc7, 0x56, 0xf0, 0x1d, 0xcb, 0xaa, 0xe4, 0x68,
    0x88, 0x80, 0x0, 0x0, 0x1, 0x80, 0x0, 0x0,
    0x0, 0x2, 0xdd, 0xdd, 0xef, 0xdd, 0xdd, 0x80,
    0x0, 0x0, 0x0, 0x5b, 0x0, 0x0, 0x0, 0x0,
    0x7d, 0xdd, 0xef, 0xdd, 0xdc, 0x0, 0x0, 0x0,
    0x0, 0x5b, 0x0, 0x0, 0x0, 0x2e, 0xee, 0xee,
    0xef, 0xee, 0xee, 0xe9,

    /* U+805A "聚" */
    0xc, 0xfc, 0xcd, 0xea, 0xdd, 0xdd, 0xa0, 0x0,
    0xfb, 0xbd, 0xa0, 0x20, 0x9, 0xa0, 0x0, 0xf0,
    0x4, 0xa2, 0xd9, 0x5e, 0x20, 0x0, 0xfa, 0xac,
    0xa0, 0xa, 0xf9, 0x0, 0x1, 0xf4, 0x6a, 0xe8,
    0xbd, 0x4c, 0xb0, 0x3b, 0x98, 0x67, 0xb6, 0x73,
    0x43, 0x60, 0x1, 0xcd, 0xdd, 0xde, 0xa8, 0x64,
    0x0, 0x0, 0x11, 0x47, 0x7c, 0x0, 0x3c, 0x60,
    0x9, 0xcc, 0x83, 0x6f, 0xbb, 0x91, 0x0, 0x2,
    0x1, 0x7d, 0xba, 0x4c, 0x71, 0x0, 0x19, 0xdc,
    0x71, 0x5a, 0x0, 0x7c, 0xc5, 0x4, 0x10, 0x0,
    0x5a, 0x0, 0x0, 0x21,

    /* U+805E "聞" */
    0xec, 0xbc, 0xf0, 0xcc, 0xbb, 0xcd, 0xe3, 0x12,
    0xf0, 0xc4, 0x11, 0x4d, 0xea, 0x9a, 0xf0, 0xcb,
    0x99, 0xbd, 0xe7, 0x66, 0xf0, 0xc8, 0x66, 0x7d,
    0xe6, 0x44, 0x40, 0x34, 0x44, 0x6d, 0xe1, 0xbe,
    0xcc, 0xce, 0xc1, 0x2d, 0xe1, 0xe, 0x55, 0x5f,
    0x0, 0x2d, 0xe1, 0xe, 0x55, 0x5e, 0x0, 0x2d,
    0xe1, 0xe, 0xaa, 0xaf, 0x0, 0x2d, 0xe1, 0xe,
    0x22, 0x3e, 0xa9, 0x2d, 0xe2, 0xdc, 0xba, 0x9f,
    0x75, 0x3d, 0xe1, 0x0, 0x0, 0x8, 0x2f, 0xf8,
    0x0, 0x0, 0x0, 0x0, 0x0, 0x0,

    /* U+806F "聯" */
    0x0, 0x0, 0x0, 0x14, 0x0, 0x3, 0x0, 0x8f,
    0xff, 0xf1, 0x86, 0x0, 0x66, 0x0, 0xb, 0x16,
    0x72, 0xb2, 0x71, 0xb3, 0x60, 0xb, 0x16, 0x7d,
    0xbc, 0x3a, 0xcd, 0x20, 0xb, 0xee, 0x73, 0xa6,
    0x12, 0x78, 0x30, 0xb, 0x16, 0x78, 0xa3, 0xc4,
    0xd4, 0xc1, 0xb, 0x7a, 0x8a, 0x87, 0xa7, 0x85,
    0x64, 0xb, 0xbc, 0x73, 0x70, 0xa3, 0xb0, 0x60,
    0xb, 0x16, 0x74, 0xa0, 0xd3, 0xb1, 0xc0, 0xb,
    0x39, 0xb5, 0xd8, 0xd3, 0xe9, 0xc0, 0x8f, 0xdd,
    0xb2, 0x59, 0xb3, 0xd6, 0xb0, 0x10, 0x6, 0x70,
    0x1c, 0x43, 0xb0, 0x0, 0x0, 0x6, 0x71, 0xc5,
    0x3, 0xb0, 0x0, 0x0, 0x0, 0x0, 0x0, 0x0,
    0x0, 0x0,

    /* U+8072 "聲" */
    0x0, 0x8, 0x60, 0x0, 0x0, 0x0, 0x0, 0x1a,
    0xad, 0xca, 0xa0, 0xfc, 0xd8, 0x0, 0x6, 0x9b,
    0xa9, 0x6a, 0x80, 0x3d, 0xa1, 0x6, 0xaa, 0xaa,
    0x68, 0xda, 0xad, 0x30, 0x9, 0x47, 0x54, 0x80,
    0x79, 0x8a, 0x0, 0xc, 0xa9, 0x99, 0x54, 0x8e,
    0xe8, 0x40, 0x2b, 0x33, 0x33, 0x4b, 0x74, 0x47,
    0xb1, 0x17, 0x8f, 0x77, 0x77, 0x77, 0xf8, 0x71,
    0x0, 0x1f, 0xbb, 0xbb, 0xbb, 0xf1, 0x0, 0x0,
    0x1f, 0x44, 0x44, 0x44, 0xf1, 0x0, 0x0, 0x1f,
    0x55, 0x55, 0x55, 0xf1, 0x0, 0x2c, 0xcf, 0xdd,
    0xdd, 0xdd, 0xfd, 0xc2, 0x1, 0x10, 0x0, 0x0,
    0x0, 0xe1, 0x0,

    /* U+8073 "聳" */
    0x0, 0x4c, 0x0, 0xa5, 0x0, 0xd1, 0x0, 0x9,
    0xc2, 0x4, 0xeb, 0x1a, 0xd9, 0x10, 0x4, 0x3d,
    0x7c, 0x14, 0xba, 0x6, 0xa0, 0x7, 0xf7, 0x3,
    0xc0, 0x7c, 0x88, 0x20, 0x18, 0x97, 0x9, 0xe3,
    0x79, 0x22, 0x0, 0x0, 0x87, 0x7b, 0x19, 0xcc,
    0xbb, 0xb2, 0x6, 0x88, 0x77, 0x66, 0x66, 0x66,
    0x60, 0x7, 0x8f, 0x77, 0x77, 0x77, 0xf7, 0x70,
    0x0, 0x1f, 0xaa, 0xaa, 0xaa, 0xf1, 0x0, 0x0,
    0x1e, 0x44, 0x44, 0x44, 0xf1, 0x0, 0x0, 0x1f,
    0x55, 0x55, 0x55, 0xf1, 0x0, 0x1c, 0xcf, 0xcd,
    0xdd, 0xdd, 0xfd, 0xc0, 0x1, 0x10, 0x0, 0x0,
    0x0, 0xe1, 0x0,

    /* U+807F "聿" */
    0x0, 0x0, 0x0, 0xa6, 0x0, 0x0, 0x0, 0x0,
    0x23, 0x33, 0xb8, 0x33, 0x32, 0x0, 0x0, 0x9b,
    0xbb, 0xed, 0xbb, 0xcb, 0x0, 0x1, 0x11, 0x11,
    0xb7, 0x11, 0x5c, 0x10, 0x5c, 0xcc, 0xcc, 0xee,
    0xcc, 0xdf, 0xc2, 0x0, 0x0, 0x0, 0xa6, 0x0,
    0x4b, 0x0, 0x0, 0xde, 0xee, 0xfe, 0xee, 0xea,
    0x0, 0x0, 0x0, 0x0, 0xa6, 0x0, 0x0, 0x0,
    0x4, 0xee, 0xee, 0xff, 0xee, 0xee, 0x20, 0x0,
    0x0, 0x0, 0xa6, 0x0, 0x0, 0x0, 0x4e, 0xee,
    0xee, 0xff, 0xee, 0xee, 0xe1, 0x0, 0x0, 0x0,
    0xa6, 0x0, 0x0, 0x0, 0x0, 0x0, 0x0, 0xa6,
    0x0, 0x0, 0x0,

    /* U+8087 "肇" */
    0x0, 0x8, 0x50, 0x0, 0x93, 0x0, 0x0, 0x3,
    0xcd, 0xec, 0x53, 0xfb, 0xbb, 0xb2, 0x4, 0x90,
    0x7, 0x9d, 0xd2, 0x6b, 0x10, 0x6, 0xec, 0xce,
    0x73, 0x5d, 0xd1, 0x0, 0xa, 0x30, 0x0, 0x6,
    0xda, 0xda, 0x40, 0x3d, 0x0, 0x0, 0x9b, 0x40,
    0x19, 0xe4, 0x2, 0x59, 0x99, 0xdc, 0x99, 0xba,
    0x0, 0x18, 0x88, 0x88, 0xdc, 0x88, 0xbd, 0x81,
    0x0, 0x6a, 0xaa, 0xdd, 0xaa, 0xca, 0x0, 0x0,
    0x44, 0x44, 0xba, 0x44, 0x44, 0x10, 0x1, 0x66,
    0x66, 0xcb, 0x66, 0x66, 0x10, 0x1b, 0xbb, 0xbb,
    0xed, 0xbb, 0xbb, 0xb1, 0x0, 0x0, 0x0, 0x97,
    0x0, 0x0, 0x0,

    /* U+8096 "肖" */
    0x32, 0x0, 0x1e, 0x0, 0x4, 0x47, 0xd0, 0x1,
    0xe0, 0x0, 0xe5, 0xb, 0x80, 0x1e, 0x0, 0xaa,
    0x0, 0x39, 0x1, 0xe0, 0x1b, 0x0, 0x4e, 0xee,
    0xff, 0xee, 0xee, 0x14, 0xc0, 0x0, 0x0, 0x0,
    0xf1, 0x4c, 0x22, 0x22, 0x22, 0x2f, 0x14, 0xeb,
    0xbb, 0xbb, 0xbb, 0xf1, 0x4c, 0x0, 0x0, 0x0,
    0xf, 0x14, 0xfe, 0xee, 0xee, 0xee, 0xf1, 0x4c,
    0x0, 0x0, 0x0, 0xf, 0x14, 0xc0, 0x0, 0x0,
    0x0, 0xf1, 0x4c, 0x0, 0x0, 0x6f, 0xfb, 0x0,

    /* U+8098 "肘" */
    0x0, 0x0, 0x0, 0x0, 0x0, 0xd3, 0x0, 0xbf,
    0xff, 0x20, 0x0, 0xd, 0x30, 0xb, 0x30, 0xc2,
    0x0, 0x0, 0xd3, 0x0, 0xb3, 0xc, 0x57, 0x77,
    0x7e, 0x97, 0xb, 0xff, 0xf6, 0x88, 0x88, 0xea,
    0x70, 0xb4, 0xc, 0x20, 0x10, 0xd, 0x30, 0xb,
    0x30, 0xc2, 0x6b, 0x0, 0xd3, 0x0, 0xce, 0xdf,
    0x20, 0xd4, 0xd, 0x30, 0xd, 0x42, 0xd2, 0x6,
    0xb0, 0xd3, 0x0, 0xe0, 0xc, 0x20, 0x2, 0xd,
    0x30, 0x1d, 0x0, 0xc2, 0x0, 0x0, 0xd3, 0x5,
    0x90, 0xd, 0x20, 0x0, 0xd, 0x30, 0x94, 0x2f,
    0xd0, 0x1, 0xff, 0xd0, 0x0, 0x0, 0x0, 0x0,
    0x1, 0x10, 0x0,

    /* U+80A9 "肩" */
    0x0, 0x0, 0x0, 0x72, 0x0, 0x0, 0x0, 0x3,
    0x33, 0x39, 0xc3, 0x33, 0x30, 0x0, 0xfb, 0xaa,
    0xaa, 0xaa, 0xbf, 0x0, 0xf, 0x10, 0x0, 0x0,
    0x0, 0xf0, 0x0, 0xfe, 0xee, 0xee, 0xee, 0xef,
    0x0, 0xf, 0x0, 0x0, 0x0, 0x0, 0x0, 0x1,
    0xf1, 0xfc, 0xcc, 0xcc, 0xcf, 0x40, 0x2d, 0x1f,
    0x0, 0x0, 0x0, 0xc4, 0x4, 0xc1, 0xfb, 0xbb,
    0xbb, 0xbf, 0x40, 0x79, 0x1f, 0x0, 0x0, 0x0,
    0xc4, 0xc, 0x41, 0xfc, 0xcc, 0xcc, 0xcf, 0x44,
    0xd0, 0x1f, 0x0, 0x0, 0x0, 0xc4, 0x13, 0x1,
    0xf0, 0x0, 0x9, 0xdc, 0x10,

    /* U+80CE "胎" */
    0x0, 0x0, 0x0, 0x0, 0x61, 0x0, 0x0, 0xc,
    0xfe, 0xf0, 0x3, 0xe0, 0x0, 0x0, 0xc, 0x10,
    0xe0, 0xb, 0x60, 0x60, 0x0, 0xc, 0x10, 0xe0,
    0x4c, 0x0, 0xa8, 0x0, 0xc, 0xff, 0xf2, 0xd2,
    0x12, 0x4f, 0x40, 0xd, 0x10, 0xeb, 0xfe, 0xdc,
    0xaa, 0xd0, 0xd, 0x10, 0xe2, 0x0, 0x0, 0x0,
    0x50, 0xe, 0xdd, 0xf0, 0xbc, 0xcc, 0xcc, 0x10,
    0xe, 0x22, 0xe0, 0xe3, 0x22, 0x2e, 0x10, 0xd,
    0x0, 0xe0, 0xe1, 0x0, 0xe, 0x10, 0x2c, 0x0,
    0xe0, 0xe1, 0x0, 0xe, 0x10, 0x58, 0x0, 0xe0,
    0xe4, 0x33, 0x3e, 0x10, 0x93, 0x4f, 0xc0, 0xeb,
    0xbb, 0xbf, 0x10, 0x0, 0x0, 0x0, 0x10, 0x0,
    0x1, 0x0,

    /* U+80DC "胜" */
    0x0, 0x0, 0x0, 0x0, 0x1e, 0x0, 0x0, 0xc,
    0xfe, 0xf0, 0x47, 0x1e, 0x0, 0x0, 0xc, 0x20,
    0xe0, 0x97, 0x1e, 0x0, 0x0, 0xc, 0x20, 0xe0,
    0xdb, 0xaf, 0x99, 0x80, 0xc, 0xff, 0xf4, 0xd5,
    0x6f, 0x55, 0x50, 0xc, 0x20, 0xeb, 0x60, 0x1e,
    0x0, 0x0, 0xd, 0x10, 0xe3, 0x0, 0x1e, 0x0,
    0x0, 0xe, 0xdd, 0xf0, 0xbc, 0xdf, 0xcc, 0x90,
    0xe, 0x22, 0xf0, 0x22, 0x4e, 0x22, 0x20, 0xd,
    0x0, 0xe0, 0x0, 0x1e, 0x0, 0x0, 0x2c, 0x0,
    0xe0, 0x0, 0x1e, 0x0, 0x0, 0x58, 0x0, 0xf0,
    0x0, 0x1e, 0x0, 0x0, 0xa3, 0x5f, 0xc8, 0xff,
    0xff, 0xff, 0xf4, 0x0, 0x0, 0x0, 0x0, 0x0,
    0x0, 0x0,

    /* U+80E4 "胤" */
    0x0, 0x0, 0x0, 0x50, 0x0, 0x0, 0x0, 0x0,
    0xf0, 0xa, 0x60, 0x40, 0x3c, 0x0, 0x0, 0xf0,
    0x89, 0x19, 0x90, 0x3c, 0x0, 0x0, 0xf4, 0xec,
    0xf9, 0x20, 0x3c, 0x0, 0x0, 0xf0, 0xa, 0x80,
    0xd5, 0x3c, 0x0, 0x0, 0xf2, 0xde, 0xbb, 0xce,
    0x5c, 0x0, 0x0, 0xf1, 0x75, 0x32, 0x29, 0x6c,
    0x0, 0x1, 0xe0, 0xda, 0xaa, 0xe3, 0x3c, 0x0,
    0x2, 0xd0, 0xd8, 0x77, 0xd3, 0x3c, 0x0, 0x4,
    0xc0, 0xd4, 0x22, 0xc3, 0x3c, 0x1, 0x8, 0x80,
    0xdc, 0xbb, 0xe3, 0x3c, 0x1b, 0xe, 0x30, 0xd1,
    0x0, 0xb3, 0x3c, 0x2b, 0x4b, 0x0, 0xd1, 0x1c,
    0xd1, 0x1d, 0xf6, 0x0, 0x0, 0x0, 0x0, 0x0,
    0x0, 0x0,

    /* U+80FD "能" */
    0x0, 0x0, 0x0, 0x0, 0x0, 0x0, 0x0, 0x0,
    0x97, 0x0, 0x4, 0xb0, 0x0, 0x0, 0x1, 0xe1,
    0xa6, 0x4, 0xb0, 0x3a, 0x20, 0xb, 0x70, 0x3f,
    0x14, 0xdc, 0xd6, 0x0, 0x4f, 0xdd, 0xde, 0x94,
    0xd3, 0x0, 0x0, 0x1, 0x0, 0x2, 0x34, 0xc0,
    0x0, 0xd1, 0xb, 0xee, 0xee, 0x12, 0xfb, 0xab,
    0xd0, 0xc, 0x20, 0xe, 0x11, 0x64, 0x44, 0x10,
    0xc, 0xdd, 0xdf, 0x14, 0xb0, 0x6, 0x20, 0xc,
    0x20, 0xe, 0x14, 0xc7, 0xda, 0x20, 0xc, 0xdc,
    0xcf, 0x14, 0xe6, 0x10, 0x0, 0xc, 0x20, 0xe,
    0x14, 0xb0, 0x0, 0x92, 0xc, 0x20, 0xe, 0x14,
    0xd1, 0x1, 0xd2, 0xc, 0x25, 0xec, 0x1, 0xce,
    0xee, 0xa0,

    /* U+811A "脚" */
    0x0, 0x0, 0x0, 0x1c, 0x0, 0x0, 0x0, 0xcf,
    0xfb, 0x1, 0xc0, 0xf, 0xff, 0xc, 0x1, 0xb4,
    0x8e, 0x72, 0xd0, 0xe0, 0xc0, 0x1b, 0x59, 0xe8,
    0x3d, 0xe, 0xc, 0xff, 0xb0, 0x1c, 0x0, 0xd0,
    0xe0, 0xc0, 0x1b, 0x46, 0xd5, 0x3d, 0xe, 0xd,
    0x1, 0xb7, 0xcc, 0x95, 0xd0, 0xe0, 0xdd, 0xdb,
    0xa, 0x52, 0xd, 0xe, 0xd, 0x23, 0xb0, 0xd1,
    0xc0, 0xd0, 0xe0, 0xc0, 0x1b, 0x2b, 0xc, 0x2d,
    0x2e, 0x2b, 0x1, 0xb9, 0xba, 0xe6, 0xd9, 0x85,
    0x80, 0x2b, 0x56, 0x24, 0x5d, 0x0, 0x75, 0x6e,
    0x80, 0x0, 0x0, 0xd0, 0x0, 0x0, 0x0, 0x0,
    0x0, 0x1, 0x0,

    /* U+8123 "脣" */
    0x0, 0xfb, 0xbb, 0xbb, 0xbb, 0xbb, 0xa0, 0x0,
    0xf1, 0x88, 0x88, 0x88, 0x88, 0x0, 0x0, 0xfa,
    0xaa, 0xaa, 0xaa, 0xaa, 0xa2, 0x0, 0xf0, 0xb3,
    0x9, 0xa1, 0x4a, 0x30, 0x0, 0xf0, 0xc4, 0x57,
    0x7f, 0xd4, 0x0, 0x1, 0xe1, 0xfb, 0x73, 0x1,
    0x6b, 0xe5, 0x2, 0xd1, 0xcc, 0xcc, 0xcc, 0xcb,
    0x0, 0x3, 0xc2, 0xd3, 0x33, 0x33, 0x4e, 0x0,
    0x6, 0x92, 0xe7, 0x77, 0x77, 0x8e, 0x0, 0xa,
    0x62, 0xeb, 0xbb, 0xbb, 0xbe, 0x0, 0x1f, 0x12,
    0xc0, 0x0, 0x0, 0x1e, 0x0, 0x17, 0x2, 0xc0,
    0x0, 0x3c, 0xdb, 0x0, 0x0, 0x0, 0x0, 0x0,
    0x0, 0x0, 0x0,

    /* U+8129 "脩" */
    0x0, 0xc, 0x0, 0x1, 0xc0, 0x0, 0x0, 0x0,
    0x5b, 0x40, 0xa, 0xeb, 0xbb, 0x30, 0x0, 0xc5,
    0xd1, 0x8f, 0x51, 0x5e, 0x0, 0x3, 0xf1, 0xda,
    0xd5, 0xd2, 0xd5, 0x0, 0xd, 0xf1, 0xd2, 0x10,
    0x6f, 0x80, 0x0, 0x8c, 0xe1, 0xd1, 0x39, 0xd7,
    0xca, 0x40, 0x61, 0xe1, 0xdb, 0xee, 0x87, 0x7d,
    0xc2, 0x0, 0xe1, 0xd1, 0x1e, 0x44, 0x4e, 0x20,
    0x0, 0xe1, 0xd1, 0x1f, 0xbb, 0xbf, 0x20, 0x0,
    0xe1, 0xd1, 0x1e, 0x0, 0xd, 0x20, 0x0, 0xe1,
    0xa0, 0x1f, 0xbb, 0xbf, 0x20, 0x0, 0xe1, 0x0,
    0x1e, 0x0, 0xd, 0x20, 0x0, 0xe1, 0x0, 0x1e,
    0x2, 0xcd, 0x0,

    /* U+812B "脫" */
    0x0, 0x0, 0x0, 0x0, 0x0, 0x30, 0x0, 0xc,
    0xff, 0xd0, 0x1e, 0x10, 0xc3, 0x0, 0xc, 0x21,
    0xd0, 0xa8, 0x0, 0x3d, 0x10, 0xc, 0x21, 0xd8,
    0xb0, 0x0, 0x6, 0xd1, 0xc, 0xff, 0xd8, 0xde,
    0xee, 0xee, 0x91, 0xc, 0x21, 0xd0, 0xd1, 0x0,
    0xa, 0x20, 0xc, 0x11, 0xd0, 0xd1, 0x0, 0xa,
    0x20, 0xd, 0xdd, 0xd0, 0xde, 0xee, 0xef, 0x20,
    0xe, 0x23, 0xd0, 0xc, 0x62, 0xd0, 0x0, 0xd,
    0x1, 0xd0, 0xf, 0x42, 0xd0, 0x0, 0x2c, 0x1,
    0xd0, 0x3f, 0x2, 0xd0, 0x82, 0x58, 0x1, 0xd0,
    0xc8, 0x2, 0xd0, 0xb3, 0x94, 0x8e, 0xab, 0x90,
    0x1, 0xdf, 0xd0, 0x0, 0x0, 0x0, 0x0, 0x0,
    0x0, 0x0,

    /* U+8131 "脱" */
    0x0, 0x0, 0x0, 0x13, 0x0, 0x5, 0x0, 0xc,
    0xfe, 0xf0, 0x2e, 0x10, 0x5c, 0x0, 0xc, 0x20,
    0xf0, 0x9, 0x80, 0xd4, 0x0, 0xc, 0x20, 0xf0,
    0xde, 0xdd, 0xfd, 0x40, 0xc, 0xff, 0xf0, 0xf0,
    0x0, 0x8, 0x50, 0xc, 0x20, 0xf0, 0xf0, 0x0,
    0x8, 0x50, 0xc, 0x10, 0xf0, 0xf9, 0x99, 0x9d,
    0x50, 0xd, 0xdd, 0xf0, 0x4a, 0xb5, 0xf4, 0x10,
    0xe, 0x22, 0xf0, 0x9, 0x71, 0xe0, 0x0, 0xd,
    0x0, 0xf0, 0xd, 0x41, 0xe0, 0x0, 0x2c, 0x0,
    0xf0, 0x3f, 0x1, 0xe0, 0x72, 0x58, 0x0, 0xf2,
    0xd6, 0x1, 0xf0, 0xb2, 0x93, 0x5f, 0xbc, 0x70,
    0x0, 0xbe, 0xc0, 0x0, 0x0, 0x0, 0x0, 0x0,
    0x0, 0x0,

    /* U+81E8 "臨" */
    0x0, 0x0, 0x0, 0x93, 0x0, 0x0, 0xf, 0xff,
    0xff, 0x3f, 0x31, 0x11, 0x10, 0xe0, 0xd1, 0xc,
    0xed, 0xdd, 0xdc, 0xe, 0xd, 0x14, 0xa4, 0x66,
    0x66, 0x10, 0xff, 0xff, 0xb0, 0xc8, 0x44, 0xd2,
    0xe, 0x0, 0x3c, 0xc, 0x50, 0xb, 0x20, 0xe0,
    0x3, 0xc0, 0xce, 0xdd, 0xf2, 0xf, 0x55, 0x8c,
    0x0, 0x0, 0x0, 0x0, 0xf9, 0xfa, 0x7c, 0xde,
    0xac, 0xdf, 0x1e, 0xd, 0x10, 0xc0, 0x2a, 0xa0,
    0xc1, 0xe0, 0xd1, 0xc, 0x2, 0xaa, 0xc, 0x1e,
    0xee, 0xee, 0xdd, 0xda, 0xcd, 0xf1, 0x0, 0x0,
    0xc, 0x3, 0x8a, 0xb, 0x10, 0x0, 0x0, 0x0,
    0x0, 0x0, 0x0,

    /* U+81EA "自" */
    0x0, 0x0, 0xb4, 0x0, 0x0, 0x0, 0x2, 0xf0,
    0x0, 0x0, 0xef, 0xff, 0xff, 0xff, 0xfe, 0xe3,
    0x0, 0x0, 0x0, 0x3e, 0xe2, 0x0, 0x0, 0x0,
    0x2e, 0xef, 0xff, 0xff, 0xff, 0xfe, 0xe2, 0x0,
    0x0, 0x0, 0x3e, 0xe2, 0x0, 0x0, 0x0, 0x2e,
    0xee, 0xee, 0xee, 0xee, 0xee, 0xe3, 0x0, 0x0,
    0x0, 0x3e, 0xe2, 0x0, 0x0, 0x0, 0x2e, 0xee,
    0xdd, 0xdd, 0xdd, 0xee, 0xe3, 0x11, 0x11, 0x11,
    0x4d,

    /* U+81F3 "至" */
    0xb, 0xff, 0xff, 0xff, 0xff, 0xff, 0xf0, 0x0,
    0x0, 0x6e, 0x10, 0x1, 0x0, 0x0, 0x0, 0x4,
    0xf3, 0x0, 0x3e, 0x40, 0x0, 0x0, 0x4e, 0x40,
    0x0, 0x5, 0xf6, 0x0, 0x0, 0xff, 0xee, 0xee,
    0xdc, 0xce, 0x50, 0x0, 0x21, 0x0, 0x36, 0x0,
    0x3, 0x50, 0x0, 0x0, 0x0, 0x6a, 0x0, 0x0,
    0x0, 0x0, 0xdf, 0xff, 0xff, 0xff, 0xff, 0x40,
    0x0, 0x0, 0x0, 0x6a, 0x0, 0x0, 0x0, 0x0,
    0x0, 0x0, 0x6a, 0x0, 0x0, 0x0, 0x3, 0x33,
    0x33, 0x8c, 0x33, 0x33, 0x31, 0xc, 0xcc, 0xcc,
    0xcc, 0xcc, 0xcc, 0xc5,

    /* U+81FB "臻" */
    0x0, 0x0, 0x0, 0x0, 0x8, 0x20, 0x0, 0x2f,
    0xff, 0xfd, 0x26, 0x6e, 0x76, 0x61, 0x0, 0xa5,
    0x0, 0x26, 0x7f, 0x66, 0x61, 0x1, 0xc0, 0xc1,
    0x3c, 0xdf, 0xcc, 0xb0, 0xa, 0x75, 0xb8, 0x0,
    0xa6, 0x0, 0x0, 0x1e, 0xcf, 0x7d, 0xbd, 0xfd,
    0xdd, 0xd5, 0x0, 0x1e, 0x0, 0x1c, 0x70, 0x4c,
    0x20, 0x6, 0x7e, 0x65, 0xce, 0xcf, 0x95, 0xd4,
    0x8, 0x9f, 0x86, 0x60, 0xd, 0x10, 0x34, 0x0,
    0x1e, 0x0, 0x5d, 0xef, 0xfd, 0xb0, 0x0, 0x1e,
    0x46, 0x2, 0xcf, 0xc8, 0x0, 0x4d, 0xec, 0x96,
    0x7d, 0x3d, 0x18, 0xb0, 0x1, 0x0, 0x0, 0x61,
    0xd, 0x10, 0x30,

    /* U+8207 "與" */
    0x0, 0x0, 0x0, 0x0, 0x0, 0x0, 0x0, 0x0,
    0x6, 0x98, 0x60, 0x0, 0x0, 0x0, 0x0, 0xcc,
    0x68, 0x60, 0xb, 0xef, 0x50, 0x0, 0xe0, 0x8,
    0xed, 0x90, 0xa, 0x50, 0x0, 0xe5, 0x48, 0x60,
    0x3, 0x4c, 0x50, 0x0, 0xe7, 0x58, 0xed, 0x85,
    0x8d, 0x50, 0x0, 0xe0, 0x1, 0x4, 0xa0, 0xb,
    0x40, 0x0, 0xde, 0xb7, 0x64, 0xaa, 0xef, 0x40,
    0x0, 0xd1, 0x7, 0x64, 0xa0, 0xc, 0x30, 0x0,
    0xc2, 0x8, 0x64, 0xa0, 0xd, 0x30, 0x1e, 0xee,
    0xee, 0xee, 0xee, 0xee, 0xe8, 0x0, 0x1, 0x94,
    0x0, 0x59, 0x20, 0x0, 0x0, 0x5e, 0x90, 0x0,
    0x6, 0xea, 0x10, 0xa, 0xb3, 0x0, 0x0, 0x0,
    0x8, 0xd0, 0x0, 0x0, 0x0, 0x0, 0x0, 0x0,
    0x0,

    /* U+8208 "興" */
    0x0, 0x4, 0x0, 0x0, 0x0, 0x0, 0x0, 0x6,
    0xeb, 0x9d, 0xdd, 0xe8, 0xdf, 0x40, 0x8, 0x60,
    0x66, 0x33, 0x66, 0x9, 0x40, 0x8, 0xb7, 0x77,
    0x77, 0x77, 0x6c, 0x30, 0x7, 0xa5, 0x76, 0xaa,
    0x77, 0x5c, 0x30, 0x7, 0x80, 0x66, 0x77, 0x76,
    0xa, 0x30, 0x6, 0xed, 0x96, 0x77, 0x79, 0xcf,
    0x20, 0x6, 0x91, 0x76, 0xaa, 0x77, 0x1c, 0x10,
    0x6, 0x90, 0x76, 0x0, 0x67, 0xc, 0x20, 0x8e,
    0xee, 0xee, 0xee, 0xee, 0xee, 0xe1, 0x0, 0x1,
    0x93, 0x0, 0x59, 0x10, 0x0, 0x0, 0x7e, 0x80,
    0x0, 0x7, 0xe7, 0x0, 0x2e, 0x92, 0x0, 0x0,
    0x0, 0x1b, 0x80, 0x1, 0x0, 0x0, 0x0, 0x0,
    0x0, 0x0,

    /* U+8209 "舉" */
    0x0, 0x0, 0x0, 0x0, 0x0, 0x0, 0x0, 0x0,
    0x6, 0xb4, 0x90, 0x0, 0x0, 0x0, 0x0, 0xcb,
    0x64, 0xc8, 0x4c, 0xcf, 0x20, 0x0, 0xdc, 0xa4,
    0xa3, 0x1a, 0xbf, 0x20, 0x0, 0xc1, 0x2, 0x9d,
    0x50, 0xe, 0x10, 0x0, 0xcc, 0xb5, 0x48, 0x5b,
    0xbf, 0x0, 0x0, 0xb2, 0x7, 0x58, 0x50, 0xf,
    0x0, 0x1e, 0xee, 0xfe, 0xee, 0xef, 0xee, 0xe8,
    0x0, 0xb, 0x70, 0x87, 0x5, 0xd2, 0x0, 0x5,
    0xd8, 0xdd, 0xee, 0xdd, 0x5d, 0x92, 0x1a, 0x30,
    0x0, 0x87, 0x0, 0x0, 0x64, 0x0, 0xbe, 0xee,
    0xff, 0xee, 0xee, 0x40, 0x0, 0x0, 0x0, 0x87,
    0x0, 0x0, 0x0, 0x0, 0x0, 0x0, 0x87, 0x0,
    0x0, 0x0,

    /* U+820D "舍" */
    0x0, 0x0, 0x0, 0x17, 0x0, 0x0, 0x0, 0x0,
    0x0, 0x1, 0xce, 0x60, 0x0, 0x0, 0x0, 0x0,
    0x3d, 0x51, 0xca, 0x0, 0x0, 0x0, 0x2a, 0xd2,
    0x0, 0x9, 0xd6, 0x0, 0x9, 0xe9, 0xee, 0xff,
    0xee, 0xbb, 0xe5, 0x5, 0x0, 0x0, 0x5b, 0x0,
    0x0, 0x21, 0x5, 0xff, 0xff, 0xff, 0xff, 0xff,
    0xd0, 0x0, 0x0, 0x0, 0x5b, 0x0, 0x0, 0x0,
    0x0, 0x3, 0x33, 0x7c, 0x33, 0x32, 0x0, 0x0,
    0x2f, 0xbb, 0xbb, 0xbb, 0xda, 0x0, 0x0, 0x2d,
    0x0, 0x0, 0x0, 0x6a, 0x0, 0x0, 0x2f, 0xaa,
    0xaa, 0xaa, 0xda, 0x0, 0x0, 0x2e, 0x33, 0x33,
    0x33, 0x9a, 0x0,

    /* U+8212 "舒" */
    0x0, 0x6, 0x30, 0x0, 0x0, 0x0, 0x0, 0x0,
    0x4f, 0xc1, 0xa, 0xee, 0xef, 0x70, 0x4, 0xe3,
    0x6e, 0x20, 0x10, 0x6d, 0x0, 0x4f, 0x50, 0x6,
    0xc2, 0xd8, 0xd1, 0x0, 0x14, 0xde, 0xea, 0x10,
    0xb, 0xa0, 0x0, 0x0, 0x9, 0x60, 0x9, 0x99,
    0xfa, 0x90, 0xd, 0xef, 0xee, 0xa4, 0x4c, 0x77,
    0xc0, 0x0, 0x9, 0x60, 0x0, 0xb, 0x4a, 0x50,
    0x8, 0xdf, 0xed, 0x50, 0xb, 0x40, 0x0, 0x9,
    0x60, 0x9, 0x60, 0xb, 0x40, 0x0, 0x9, 0x50,
    0x9, 0x60, 0xb, 0x40, 0x0, 0x9, 0xed, 0xdf,
    0x60, 0xb, 0x40, 0x0, 0x9, 0x50, 0x4, 0x21,
    0xfd, 0x10, 0x0,

    /* U+821F "舟" */
    0x0, 0x0, 0x0, 0x67, 0x0, 0x0, 0x0, 0x0,
    0x0, 0x0, 0xd5, 0x0, 0x0, 0x0, 0x0, 0xe,
    0xfe, 0xee, 0xee, 0xf5, 0x0, 0x0, 0xe, 0x21,
    0x70, 0x0, 0xb5, 0x0, 0x0, 0xe, 0x20, 0x8c,
    0x10, 0xb5, 0x0, 0x0, 0xe, 0x20, 0x6, 0x40,
    0xb5, 0x0, 0x1c, 0xcf, 0xdc, 0xcc, 0xcc, 0xfe,
    0xc6, 0x2, 0x3f, 0x32, 0x32, 0x22, 0xc7, 0x21,
    0x0, 0x3e, 0x2, 0xd3, 0x0, 0xb5, 0x0, 0x0,
    0x7a, 0x0, 0x3e, 0x40, 0xb5, 0x0, 0x0, 0xd5,
    0x0, 0x3, 0x40, 0xb5, 0x0, 0x7, 0xd0, 0x0,
    0x0, 0x0, 0xc5, 0x0, 0x1d, 0x20, 0x0, 0x0,
    0xbf, 0xd2, 0x0, 0x0, 0x0, 0x0, 0x0, 0x0,
    0x0, 0x0,

    /* U+822A "航" */
    0x0, 0x8, 0x10, 0x0, 0x73, 0x0, 0x0, 0x0,
    0x2e, 0x0, 0x0, 0x7d, 0x0, 0x0, 0x8, 0xef,
    0xdb, 0x33, 0x4d, 0x53, 0x31, 0x9, 0x52, 0x1d,
    0xab, 0xbb, 0xbb, 0xb4, 0x9, 0x6c, 0x1d, 0x1,
    0x11, 0x11, 0x0, 0x9, 0x55, 0x3d, 0xe, 0xba,
    0xbd, 0x0, 0x5f, 0xed, 0xed, 0xe, 0x10, 0x2d,
    0x0, 0x9, 0x53, 0x1d, 0xe, 0x10, 0x2d, 0x0,
    0xa, 0x4d, 0x1d, 0xf, 0x0, 0x2d, 0x0, 0xb,
    0x28, 0x6d, 0xe, 0x0, 0x2d, 0x0, 0xe, 0x10,
    0x1d, 0x2c, 0x0, 0x2d, 0x17, 0x2d, 0x0, 0x1d,
    0x77, 0x0, 0x2d, 0x29, 0x58, 0x8, 0xea, 0xc1,
    0x0, 0xd, 0xe4, 0x0, 0x0, 0x0, 0x0, 0x0,
    0x0, 0x0,

    /* U+8272 "色" */
    0x0, 0x0, 0x0, 0x0, 0x0, 0x0, 0x0, 0x0,
    0xb, 0x40, 0x0, 0x0, 0x0, 0x0, 0x6, 0xfc,
    0xbb, 0xb1, 0x0, 0x0, 0x2, 0xe4, 0x22, 0x8b,
    0x0, 0x0, 0x4, 0xe6, 0x0, 0x2e, 0x20, 0x0,
    0x5, 0xff, 0xfe, 0xef, 0xfe, 0xee, 0x40, 0x45,
    0xd3, 0x0, 0xc4, 0x0, 0xc4, 0x0, 0xd, 0x20,
    0xc, 0x30, 0xb, 0x40, 0x0, 0xd6, 0x33, 0xd6,
    0x33, 0xc4, 0x0, 0xd, 0xcc, 0xcc, 0xcc, 0xcf,
    0x40, 0x0, 0xd2, 0x0, 0x0, 0x0, 0x11, 0x10,
    0xd, 0x20, 0x0, 0x0, 0x0, 0x6a, 0x0, 0xc6,
    0x0, 0x0, 0x0, 0xb, 0x70, 0x4, 0xdf, 0xff,
    0xff, 0xff, 0xb1,

    /* U+82A5 "芥" */
    0x0, 0x1, 0xf0, 0x0, 0xe, 0x20, 0x0, 0x2,
    0x23, 0xf2, 0x22, 0x2f, 0x42, 0x20, 0x2d, 0xdd,
    0xfd, 0xdd, 0xdf, 0xdd, 0xd2, 0x0, 0x1, 0xf0,
    0x47, 0xe, 0x20, 0x0, 0x0, 0x0, 0x37, 0xed,
    0x52, 0x0, 0x0, 0x0, 0x6, 0xd9, 0x11, 0x9c,
    0x61, 0x0, 0x2a, 0xea, 0x50, 0x0, 0x6, 0xaf,
    0xc4, 0x6, 0x10, 0xe2, 0x0, 0x1f, 0x0, 0x50,
    0x0, 0x0, 0xf2, 0x0, 0x1f, 0x0, 0x0, 0x0,
    0x2, 0xf0, 0x0, 0x1f, 0x0, 0x0, 0x0, 0xa,
    0xa0, 0x0, 0x1f, 0x0, 0x0, 0x1, 0xae, 0x10,
    0x0, 0x1f, 0x0, 0x0, 0x7, 0xa1, 0x0, 0x0,
    0x1f, 0x0, 0x0, 0x0, 0x0, 0x0, 0x0, 0x0,
    0x0, 0x0,

    /* U+82B1 "花" */
    0x0, 0x0, 0xc4, 0x0, 0x3d, 0x0, 0x0, 0x2,
    0x22, 0xd6, 0x22, 0x5e, 0x22, 0x20, 0x2d, 0xdd,
    0xfd, 0xdd, 0xdf, 0xdd, 0xd1, 0x0, 0x0, 0xc4,
    0x0, 0x3d, 0x0, 0x0, 0x0, 0x0, 0xa1, 0x8,
    0x41, 0x0, 0x0, 0x0, 0x8, 0xb0, 0xb, 0x50,
    0x5, 0x20, 0x0, 0x4f, 0x20, 0xb, 0x51, 0xae,
    0x40, 0x4, 0xff, 0x10, 0xb, 0xbe, 0x80, 0x0,
    0x1e, 0x5f, 0x11, 0x8f, 0xa1, 0x0, 0x0, 0x0,
    0xf, 0x19, 0x7c, 0x50, 0x0, 0x0, 0x0, 0xf,
    0x10, 0xb, 0x50, 0x0, 0x95, 0x0, 0xf, 0x10,
    0xb, 0x70, 0x0, 0xc4, 0x0, 0xf, 0x10, 0x5,
    0xff, 0xff, 0xc0,

    /* U+82BB "芻" */
    0x0, 0x3, 0xd0, 0x0, 0x0, 0x0, 0x0, 0x0,
    0xd, 0xec, 0xcc, 0xcc, 0xcc, 0xa0, 0x0, 0xbb,
    0x1, 0xe0, 0x2, 0x3, 0xc0, 0xc, 0xbe, 0x1,
    0xe0, 0xe, 0x4, 0xa0, 0x3, 0xf, 0xbb, 0xfb,
    0xbd, 0x6, 0x90, 0x0, 0x2, 0x7d, 0x30, 0x2,
    0x3b, 0x60, 0x1, 0xcd, 0xd0, 0x0, 0x5, 0x86,
    0x0, 0x0, 0x1e, 0xed, 0xdd, 0xdd, 0xdd, 0xd0,
    0x2, 0xdb, 0x1, 0xe0, 0x6, 0x0, 0xe0, 0x1e,
    0x7d, 0x1, 0xe0, 0xf, 0x2, 0xd0, 0x1, 0x1f,
    0xab, 0xfa, 0xaf, 0x3, 0xc0, 0x0, 0x0, 0x5d,
    0x50, 0x0, 0x7, 0x90, 0x1, 0xcc, 0x82, 0x0,
    0xb, 0xdd, 0x30, 0x0, 0x0, 0x0, 0x0, 0x0,
    0x0, 0x0,

    /* U+82BD "芽" */
    0x0, 0x0, 0xf0, 0x0, 0x1e, 0x0, 0x0, 0x1c,
    0xcc, 0xfc, 0xcc, 0xdf, 0xcc, 0xc1, 0x2, 0x22,
    0xf3, 0x22, 0x3e, 0x22, 0x20, 0x0, 0x0, 0x70,
    0x0, 0x7, 0x0, 0x0, 0x6, 0xee, 0xee, 0xee,
    0xee, 0xee, 0x70, 0x0, 0x38, 0x0, 0x0, 0x2f,
    0x0, 0x0, 0x0, 0x79, 0x0, 0x0, 0x1e, 0x0,
    0x0, 0x0, 0xbd, 0xbb, 0xbb, 0xcf, 0xbb, 0xb2,
    0x0, 0x33, 0x33, 0x6f, 0x9f, 0x33, 0x30, 0x0,
    0x0, 0x7, 0xe5, 0x1e, 0x0, 0x0, 0x0, 0x17,
    0xda, 0x10, 0x1e, 0x0, 0x0, 0x1b, 0xfb, 0x30,
    0x0, 0x2e, 0x0, 0x0, 0x5, 0x10, 0x0, 0x9f,
    0xe9, 0x0, 0x0,

    /* U+82CD "苍" */
    0x0, 0x1, 0xe0, 0x0, 0xf, 0x10, 0x0, 0x2,
    0x24, 0xf2, 0x22, 0x2f, 0x32, 0x20, 0x2c, 0xcd,
    0xfc, 0xcc, 0xcf, 0xdc, 0xc2, 0x0, 0x1, 0xe0,
    0x58, 0xf, 0x10, 0x0, 0x0, 0x0, 0x28, 0xed,
    0x52, 0x0, 0x0, 0x0, 0x4, 0xdb, 0x11, 0xbc,
    0x50, 0x0, 0x27, 0xde, 0x50, 0x0, 0x5, 0xbf,
    0xb3, 0x3a, 0x4b, 0xfe, 0xee, 0xef, 0x41, 0x71,
    0x0, 0xb, 0x50, 0x0, 0xd, 0x30, 0x0, 0x0,
    0xb, 0x50, 0x0, 0x1f, 0x10, 0x0, 0x0, 0xb,
    0x50, 0x2c, 0xc8, 0x17, 0x0, 0x0, 0xb, 0x70,
    0x0, 0x0, 0x5d, 0x0, 0x0, 0x5, 0xef, 0xff,
    0xff, 0xe5, 0x0,

    /* U+82E5 "若" */
    0x0, 0x0, 0xd3, 0x0, 0xe, 0x20, 0x0, 0x2,
    0x22, 0xd5, 0x22, 0x2e, 0x42, 0x21, 0xc, 0xcc,
    0xfd, 0xcc, 0xcf, 0xdc, 0xc4, 0x0, 0x0, 0xd3,
    0x40, 0xe, 0x20, 0x0, 0x0, 0x0, 0x25, 0xd0,
    0x2, 0x0, 0x0, 0x1f, 0xff, 0xff, 0xff, 0xff,
    0xff, 0xf6, 0x0, 0x0, 0x6d, 0x0, 0x0, 0x0,
    0x0, 0x0, 0x3, 0xf4, 0x0, 0x0, 0x0, 0x0,
    0x0, 0x2e, 0xff, 0xff, 0xff, 0xff, 0x30, 0x6,
    0xfb, 0xc0, 0x0, 0x0, 0xd, 0x30, 0x1b, 0x33,
    0xc0, 0x0, 0x0, 0xd, 0x30, 0x0, 0x3, 0xfb,
    0xbb, 0xbb, 0xbf, 0x30, 0x0, 0x3, 0xd3, 0x33,
    0x33, 0x3d, 0x30,

    /* U+82F1 "英" */
    0x0, 0x0, 0xf0, 0x0, 0xf, 0x0, 0x0, 0x3,
    0x34, 0xf3, 0x33, 0x4f, 0x43, 0x30, 0xb, 0xbb,
    0xfb, 0xbb, 0xbf, 0xbb, 0xb0, 0x0, 0x0, 0xf0,
    0x54, 0xf, 0x0, 0x0, 0x0, 0x0, 0x20, 0x97,
    0x2, 0x0, 0x0, 0x0, 0xcf, 0xee, 0xff, 0xee,
    0xfd, 0x0, 0x0, 0xc3, 0x0, 0x97, 0x0, 0x3d,
    0x0, 0x0, 0xc3, 0x0, 0xa7, 0x0, 0x3d, 0x0,
    0x3f, 0xff, 0xff, 0xff, 0xff, 0xff, 0xf3, 0x0,
    0x0, 0x4, 0xed, 0x50, 0x0, 0x0, 0x0, 0x0,
    0x5e, 0x52, 0xe5, 0x0, 0x0, 0x1, 0x5c, 0xd4,
    0x0, 0x2d, 0xc5, 0x10, 0x2e, 0xa5, 0x0, 0x0,
    0x0, 0x5b, 0xf4, 0x0, 0x0, 0x0, 0x0, 0x0,
    0x0, 0x0,

    /* U+82FE "苾" */
    0x0, 0x0, 0xe1, 0x0, 0x2d, 0x0, 0x0, 0x0,
    0x0, 0xe2, 0x0, 0x3e, 0x0, 0x0, 0x1f, 0xff,
    0xff, 0xff, 0xff, 0xff, 0xf1, 0x0, 0x0, 0xe1,
    0x0, 0x2d, 0x0, 0x0, 0x0, 0x0, 0x3a, 0xa1,
    0x5, 0xa0, 0x0, 0x0, 0x0, 0x0, 0x9d, 0x1b,
    0x90, 0x0, 0x0, 0x71, 0xa3, 0x8, 0x8d, 0x31,
    0x0, 0x1, 0xf0, 0xc4, 0x4, 0xe2, 0x7b, 0x0,
    0x5, 0xb0, 0xc4, 0x5e, 0x40, 0xc, 0x60, 0x1e,
    0x40, 0xcb, 0xd2, 0x0, 0x14, 0xe0, 0x27, 0x4,
    0xeb, 0x10, 0x3, 0xc0, 0xc3, 0x5, 0xdd, 0xe6,
    0x0, 0x6, 0xa0, 0x0, 0x9, 0x50, 0x6f, 0xff,
    0xfe, 0x30, 0x0,

    /* U+8303 "范" */
    0x0, 0x0, 0xf0, 0x0, 0xf, 0x0, 0x0, 0x2c,
    0xcc, 0xfc, 0xcc, 0xcf, 0xcc, 0xc2, 0x3, 0x33,
    0xf3, 0x33, 0x4f, 0x33, 0x30, 0x0, 0x10, 0x90,
    0x0, 0x9, 0x0, 0x0, 0x1, 0xd9, 0x13, 0xcc,
    0xcc, 0xcc, 0x20, 0x0, 0x8, 0x84, 0xd3, 0x33,
    0x3e, 0x30, 0x7, 0x10, 0x4, 0xc0, 0x0, 0xd,
    0x30, 0x7, 0xe8, 0x4, 0xc0, 0x0, 0xe, 0x30,
    0x0, 0x3, 0x24, 0xc0, 0x1e, 0xed, 0x10, 0x0,
    0x6, 0xc4, 0xc0, 0x0, 0x0, 0x0, 0x0, 0x4e,
    0x24, 0xc0, 0x0, 0x0, 0x94, 0x4, 0xe3, 0x3,
    0xe1, 0x0, 0x0, 0xd4, 0xb, 0x50, 0x0, 0xbf,
    0xff, 0xff, 0xb0, 0x0, 0x0, 0x0, 0x0, 0x0,
    0x0, 0x0,

    /* U+8332 "茲" */
    0x0, 0x0, 0xf0, 0x0, 0x1e, 0x0, 0x0, 0x3,
    0x33, 0xf4, 0x33, 0x5f, 0x33, 0x30, 0x1b, 0xbb,
    0xfc, 0xbb, 0xcf, 0xbb, 0xb1, 0x0, 0x1, 0xf0,
    0x0, 0x1e, 0x0, 0x0, 0x0, 0x1e, 0x20, 0x0,
    0xe, 0x20, 0x0, 0x0, 0x88, 0x2, 0x0, 0x79,
    0x2, 0x0, 0x2, 0xd0, 0xd, 0x42, 0xd0, 0xd,
    0x50, 0xc, 0xb8, 0xb9, 0x1c, 0xb9, 0xba, 0x0,
    0x8, 0x69, 0xd0, 0x8, 0x68, 0xe1, 0x0, 0x0,
    0x1d, 0x44, 0x0, 0x1d, 0x47, 0x0, 0x0, 0xc5,
    0xe, 0x10, 0xc5, 0xb, 0x60, 0x1c, 0xda, 0xbf,
    0x8b, 0xea, 0xbe, 0xe0, 0x19, 0x64, 0x23, 0xc9,
    0x64, 0x20, 0xb4, 0x0, 0x0, 0x0, 0x0, 0x0,
    0x0, 0x0,

    /* U+8339 "茹" */
    0x0, 0x0, 0xf0, 0x0, 0xf, 0x0, 0x0, 0x2b,
    0xbb, 0xfb, 0xbb, 0xbf, 0xbb, 0xb2, 0x4, 0x44,
    0xf4, 0x44, 0x4f, 0x44, 0x40, 0x0, 0x2, 0xb0,
    0x0, 0xb, 0x0, 0x0, 0x0, 0xd, 0x30, 0x0,
    0x66, 0x66, 0x30, 0x1e, 0xef, 0xfe, 0xc2, 0xe9,
    0x9c, 0x90, 0x0, 0x88, 0x5, 0x92, 0xd0, 0x7,
    0x90, 0x0, 0xe2, 0x9, 0x62, 0xd0, 0x7, 0x90,
    0x5, 0xd0, 0xe, 0x22, 0xd0, 0x7, 0x90, 0x1,
    0xae, 0xaa, 0x2, 0xd0, 0x7, 0x90, 0x0, 0x6,
    0xfb, 0x12, 0xd0, 0x7, 0x90, 0x0, 0x5e, 0x5a,
    0xd2, 0xfe, 0xef, 0x90, 0xd, 0xc3, 0x0, 0x32,
    0xd0, 0x6, 0x80, 0x1, 0x0, 0x0, 0x0, 0x0,
    0x0, 0x0,

    /* U+8349 "草" */
    0x0, 0x0, 0xe1, 0x0, 0x1e, 0x0, 0x0, 0x1e,
    0xee, 0xff, 0xee, 0xff, 0xee, 0xe2, 0x0, 0x0,
    0xe1, 0x0, 0x2e, 0x0, 0x0, 0x0, 0x6a, 0xba,
    0xaa, 0xab, 0xa6, 0x0, 0x0, 0x98, 0x22, 0x22,
    0x22, 0x89, 0x0, 0x0, 0x98, 0x22, 0x22, 0x22,
    0x89, 0x0, 0x0, 0x9c, 0x99, 0x99, 0x99, 0xc9,
    0x0, 0x0, 0x98, 0x22, 0x22, 0x22, 0x89, 0x0,
    0x0, 0x6b, 0xbb, 0xdd, 0xbb, 0xb7, 0x0, 0x0,
    0x0, 0x0, 0x97, 0x0, 0x0, 0x0, 0x3f, 0xff,
    0xff, 0xff, 0xff, 0xff, 0xf4, 0x0, 0x0, 0x0,
    0x97, 0x0, 0x0, 0x0, 0x0, 0x0, 0x0, 0x97,
    0x0, 0x0, 0x0,

    /* U+8350 "荐" */
    0x0, 0x0, 0xf0, 0x0, 0xf, 0x0, 0x0, 0x3e,
    0xee, 0xfe, 0xee, 0xef, 0xee, 0xe3, 0x0, 0x1,
    0xf4, 0x10, 0xf, 0x10, 0x0, 0x0, 0x0, 0x4f,
    0x10, 0x3, 0x0, 0x0, 0x2f, 0xff, 0xff, 0xff,
    0xff, 0xff, 0xf1, 0x0, 0x3, 0xe1, 0x0, 0x0,
    0x0, 0x0, 0x0, 0x1e, 0x42, 0xdd, 0xdd, 0xdc,
    0x10, 0x1, 0xdc, 0x0, 0x0, 0x7, 0xc2, 0x0,
    0x3e, 0xbc, 0x0, 0x0, 0x6c, 0x0, 0x0, 0x25,
    0x3c, 0x3e, 0xee, 0xff, 0xee, 0xe4, 0x0, 0x3c,
    0x0, 0x0, 0x6a, 0x0, 0x0, 0x0, 0x3c, 0x0,
    0x0, 0x6a, 0x0, 0x0, 0x0, 0x3c, 0x0, 0x2e,
    0xe6, 0x0, 0x0,

    /* U+8364 "荤" */
    0x0, 0x0, 0xe1, 0x0, 0x2d, 0x0, 0x0, 0x2e,
    0xee, 0xff, 0xee, 0xff, 0xee, 0xe2, 0x0, 0x0,
    0xc1, 0x0, 0x2b, 0x0, 0x0, 0xa, 0xcc, 0xcc,
    0xcc, 0xcc, 0xcc, 0xa0, 0xd, 0x40, 0x8, 0x30,
    0x0, 0x4, 0xd0, 0x4, 0x32, 0x3f, 0x32, 0x22,
    0x23, 0x30, 0x0, 0xbb, 0xfc, 0xbb, 0xbb, 0xbb,
    0x0, 0x0, 0x8, 0x90, 0xf, 0x0, 0x0, 0x0,
    0x0, 0x6f, 0xee, 0xef, 0xee, 0xec, 0x0, 0x0,
    0x0, 0x0, 0xf, 0x0, 0x0, 0x0, 0xb, 0xcc,
    0xcc, 0xcf, 0xcc, 0xcc, 0xc2, 0x0, 0x0, 0x0,
    0xf, 0x10, 0x0, 0x0, 0x0, 0x0, 0x0, 0xf,
    0x0, 0x0, 0x0,

    /* U+8377 "荷" */
    0x0, 0x0, 0xf1, 0x0, 0x1f, 0x0, 0x0, 0x1d,
    0xdd, 0xfd, 0xdd, 0xdf, 0xdd, 0xd3, 0x1, 0x11,
    0xf2, 0x11, 0x3f, 0x11, 0x10, 0x0, 0x5, 0xa0,
    0x0, 0x5, 0x0, 0x0, 0x0, 0x1e, 0x4e, 0xee,
    0xee, 0xee, 0xe4, 0x0, 0xaa, 0x0, 0x0, 0x0,
    0x2f, 0x0, 0x9, 0xf7, 0x9, 0xaa, 0xa5, 0x1e,
    0x0, 0x6e, 0xa7, 0xe, 0x43, 0x88, 0x1e, 0x0,
    0x13, 0x87, 0xe, 0x0, 0x68, 0x1e, 0x0, 0x0,
    0x87, 0xe, 0x32, 0x88, 0x1e, 0x0, 0x0, 0x87,
    0xe, 0xbb, 0xb6, 0x1e, 0x0, 0x0, 0x87, 0x1,
    0x0, 0x0, 0x2e, 0x0, 0x0, 0x87, 0x0, 0x0,
    0x5f, 0xe9, 0x0, 0x0, 0x0, 0x0, 0x0, 0x0,
    0x0, 0x0,

    /* U+838A "莊" */
    0x0, 0x0, 0xd2, 0x0, 0x3d, 0x0, 0x0, 0x2e,
    0xee, 0xfe, 0xee, 0xef, 0xee, 0xe3, 0x1, 0x11,
    0xd3, 0x11, 0x4d, 0x11, 0x10, 0x0, 0x0, 0x80,
    0x0, 0x17, 0x0, 0x0, 0x9, 0x40, 0xf0, 0x0,
    0x1e, 0x0, 0x0, 0xa, 0x40, 0xf0, 0x0, 0x1e,
    0x0, 0x0, 0xa, 0xa7, 0xf1, 0x22, 0x3f, 0x22,
    0x20, 0x4, 0x77, 0xf6, 0xdd, 0xdf, 0xdd, 0xd5,
    0x13, 0x34, 0xf0, 0x0, 0x1e, 0x0, 0x0, 0x4c,
    0xdb, 0xf0, 0x0, 0x1e, 0x0, 0x0, 0x7, 0x70,
    0xf0, 0x0, 0x1e, 0x0, 0x0, 0xb, 0x40, 0xf0,
    0x11, 0x3f, 0x11, 0x10, 0x3b, 0x0, 0xf2, 0xdd,
    0xdd, 0xdd, 0xd1, 0x0, 0x0, 0x0, 0x0, 0x0,
    0x0, 0x0,

    /* U+83AB "莫" */
    0x0, 0x0, 0x0, 0x0, 0x0, 0x0, 0x0, 0x0,
    0x0, 0xf0, 0x0, 0xf, 0x0, 0x0, 0x1f, 0xff,
    0xff, 0xff, 0xff, 0xff, 0xf2, 0x0, 0x0, 0xf0,
    0x0, 0xf, 0x0, 0x0, 0x0, 0x6a, 0xca, 0xaa,
    0xac, 0xa7, 0x0, 0x0, 0x97, 0x11, 0x11, 0x11,
    0x5b, 0x0, 0x0, 0x9d, 0xbb, 0xbb, 0xbb, 0xdb,
    0x0, 0x0, 0x95, 0x0, 0x0, 0x0, 0x4b, 0x0,
    0x0, 0x9d, 0xcc, 0xdd, 0xcc, 0xdb, 0x0, 0x0,
    0x0, 0x0, 0x96, 0x0, 0x0, 0x0, 0x2e, 0xee,
    0xee, 0xff, 0xee, 0xee, 0xe3, 0x0, 0x0, 0xb,
    0x98, 0xb1, 0x0, 0x0, 0x1, 0x48, 0xe8, 0x0,
    0x7e, 0x95, 0x20, 0x3e, 0xb7, 0x10, 0x0, 0x1,
    0x7b, 0xe3,

    /* U+83B2 "莲" */
    0x0, 0x0, 0xf1, 0x0, 0x2e, 0x0, 0x0, 0x2e,
    0xee, 0xfe, 0xee, 0xef, 0xee, 0xe3, 0x0, 0x0,
    0xf1, 0x2, 0x2e, 0x0, 0x0, 0x9, 0x20, 0x0,
    0xf, 0x20, 0x0, 0x0, 0x4, 0xe1, 0x8f, 0xff,
    0xff, 0xff, 0xd0, 0x0, 0x63, 0x1, 0xe4, 0x24,
    0x0, 0x0, 0x2, 0x21, 0x8, 0xc3, 0x8b, 0x33,
    0x10, 0x2a, 0xd7, 0x9, 0xaa, 0xce, 0xaa, 0x40,
    0x0, 0x77, 0x0, 0x0, 0x5a, 0x0, 0x0, 0x0,
    0x77, 0x9e, 0xee, 0xef, 0xee, 0xe2, 0x0, 0x98,
    0x0, 0x0, 0x5a, 0x0, 0x0, 0x9, 0xaa, 0xa3,
    0x0, 0x48, 0x0, 0x0, 0x3c, 0x0, 0x4b, 0xed,
    0xdd, 0xde, 0xf4, 0x0, 0x0, 0x0, 0x0, 0x10,
    0x0, 0x0,

    /* U+83B9 "莹" */
    0x0, 0x0, 0xf1, 0x0, 0x1f, 0x0, 0x0, 0x1c,
    0xcc, 0xfc, 0xcc, 0xcf, 0xcc, 0xc2, 0x2, 0x22,
    0xf3, 0x22, 0x4f, 0x22, 0x20, 0x0, 0x0, 0x30,
    0x0, 0x3, 0x0, 0x0, 0xe, 0xee, 0xee, 0xee,
    0xee, 0xef, 0xd0, 0xe, 0x20, 0x0, 0x0, 0x0,
    0x3, 0xd0, 0x6, 0x7d, 0xdd, 0xdd, 0xdd, 0xd8,
    0x40, 0x0, 0x0, 0x0, 0x88, 0x0, 0x0, 0x0,
    0x0, 0x0, 0x0, 0x88, 0x0, 0x0, 0x0, 0x0,
    0x7e, 0xee, 0xff, 0xee, 0xe8, 0x0, 0x0, 0x0,
    0x0, 0x88, 0xa, 0x80, 0x0, 0x0, 0x0, 0x0,
    0x88, 0x0, 0xa3, 0x0, 0xe, 0xee, 0xee, 0xee,
    0xee, 0xee, 0xe0,

    /* U+83E9 "菩" */
    0x0, 0x0, 0xf0, 0x0, 0x1e, 0x0, 0x0, 0x1e,
    0xee, 0xff, 0xee, 0xff, 0xee, 0xe2, 0x0, 0x0,
    0xf0, 0x52, 0x1e, 0x0, 0x0, 0x0, 0x0, 0x10,
    0x89, 0x1, 0x0, 0x0, 0x6, 0xee, 0xee, 0xee,
    0xee, 0xee, 0x70, 0x0, 0x3, 0xc0, 0x0, 0xb,
    0x60, 0x0, 0x0, 0x0, 0xd2, 0x0, 0x2e, 0x0,
    0x0, 0x3e, 0xee, 0xee, 0xee, 0xee, 0xee, 0xe3,
    0x0, 0x0, 0x0, 0x0, 0x0, 0x0, 0x0, 0x0,
    0x5f, 0xee, 0xee, 0xee, 0xf7, 0x0, 0x0, 0x5a,
    0x0, 0x0, 0x0, 0x97, 0x0, 0x0, 0x5b, 0x0,
    0x0, 0x0, 0x97, 0x0, 0x0, 0x5f, 0xdd, 0xdd,
    0xdd, 0xe7, 0x0,

    /* U+83EF "華" */
    0x0, 0x0, 0xc3, 0x0, 0xf, 0x0, 0x0, 0xe,
    0xff, 0xff, 0xff, 0xff, 0xff, 0xf5, 0x0, 0x0,
    0xc3, 0x0, 0xf, 0x0, 0x0, 0x0, 0x22, 0x32,
    0x22, 0x23, 0x22, 0x10, 0x0, 0xbe, 0xdb, 0xde,
    0xbc, 0xfb, 0x60, 0x0, 0x8, 0x70, 0x6a, 0x0,
    0xe0, 0x0, 0x1e, 0xef, 0xfe, 0xff, 0xee, 0xfe,
    0xe6, 0x0, 0x8, 0x70, 0x6a, 0x0, 0xe0, 0x0,
    0x4, 0xef, 0xfe, 0xef, 0xee, 0xfe, 0xb0, 0x0,
    0x0, 0x0, 0x6a, 0x0, 0x0, 0x0, 0xd, 0xee,
    0xee, 0xef, 0xee, 0xee, 0xe4, 0x0, 0x0, 0x0,
    0x6a, 0x0, 0x0, 0x0, 0x0, 0x0, 0x0, 0x6a,
    0x0, 0x0, 0x0,

    /* U+840C "萌" */
    0x0, 0x0, 0xf0, 0x0, 0xf, 0x0, 0x0, 0x1c,
    0xcc, 0xfc, 0xcc, 0xcf, 0xcc, 0xc2, 0x2, 0x23,
    0xf2, 0x22, 0x3f, 0x22, 0x20, 0x0, 0x0, 0x60,
    0x2, 0x28, 0x22, 0x10, 0x8, 0xee, 0xeb, 0xd,
    0xdc, 0xce, 0x90, 0x9, 0x50, 0x3c, 0xd, 0x20,
    0x7, 0x90, 0x9, 0x60, 0x4c, 0xd, 0x75, 0x5a,
    0x90, 0x9, 0xed, 0xec, 0xd, 0xa9, 0x9c, 0x90,
    0x9, 0x50, 0x3c, 0xe, 0x32, 0x28, 0x90, 0x9,
    0xed, 0xec, 0x2e, 0xaa, 0xac, 0x90, 0x9, 0x61,
    0x10, 0x88, 0x0, 0x7, 0x90, 0x1, 0x0, 0x5,
    0xe1, 0x0, 0x7, 0x90, 0x0, 0x0, 0x1c, 0x20,
    0x5, 0xfe, 0x50, 0x0, 0x0, 0x0, 0x0, 0x0,
    0x0, 0x0,

    /* U+8424 "萤" */
    0x0, 0x0, 0xd2, 0x0, 0x2d, 0x0, 0x0, 0x2f,
    0xff, 0xff, 0xff, 0xff, 0xff, 0xf2, 0x0, 0x0,
    0xd2, 0x0, 0x2d, 0x0, 0x0, 0x0, 0x0, 0x11,
    0x0, 0x0, 0x0, 0x0, 0xe, 0xdd, 0xdd, 0xdd,
    0xdd, 0xde, 0xd0, 0xe, 0x20, 0x0, 0x66, 0x0,
    0x4, 0xd0, 0x4, 0x9d, 0xdd, 0xee, 0xdd, 0xda,
    0x30, 0x0, 0x97, 0x0, 0x88, 0x0, 0x7a, 0x0,
    0x0, 0x97, 0x0, 0x88, 0x0, 0x7a, 0x0, 0x0,
    0x8d, 0xdd, 0xee, 0xdd, 0xd9, 0x0, 0x0, 0x0,
    0x0, 0x88, 0x0, 0xc3, 0x0, 0x0, 0x1, 0x12,
    0x9a, 0x44, 0x9e, 0x20, 0xe, 0xff, 0xed, 0xdc,
    0xba, 0xab, 0xc0, 0x0, 0x0, 0x0, 0x0, 0x0,
    0x0, 0x40,

    /* U+8428 "萨" */
    0x0, 0x0, 0xb5, 0x0, 0xf, 0x10, 0x0, 0x1d,
    0xdd, 0xfe, 0xdd, 0xdf, 0xdd, 0xd6, 0x0, 0x0,
    0xa5, 0x0, 0xe, 0x10, 0x0, 0x4, 0x88, 0x81,
    0x0, 0x3d, 0x0, 0x0, 0x7, 0xa6, 0xf2, 0xbb,
    0xbf, 0xcb, 0xb1, 0x7, 0x65, 0x90, 0x1c, 0x41,
    0x4c, 0x10, 0x7, 0x6b, 0x30, 0x7, 0x80, 0x96,
    0x0, 0x7, 0x66, 0x93, 0xfe, 0xee, 0xfe, 0xe5,
    0x7, 0x60, 0xd4, 0xc0, 0x0, 0x0, 0x0, 0x7,
    0x70, 0xd7, 0xa0, 0x0, 0x0, 0x0, 0x7, 0x7c,
    0x97, 0x80, 0x0, 0x0, 0x0, 0x7, 0x60, 0xd,
    0x30, 0x0, 0x0, 0x0, 0x7, 0x60, 0x4a, 0x0,
    0x0, 0x0, 0x0,

    /* U+842C "萬" */
    0x0, 0x0, 0xf0, 0x0, 0x1e, 0x0, 0x0, 0xe,
    0xee, 0xfe, 0xee, 0xef, 0xee, 0xe0, 0x0, 0x0,
    0xc0, 0x0, 0x1b, 0x0, 0x0, 0x0, 0x8d, 0xbb,
    0xdd, 0xbb, 0xd9, 0x0, 0x0, 0x96, 0x0, 0x87,
    0x0, 0x69, 0x0, 0x0, 0x9d, 0xbb, 0xed, 0xbb,
    0xd9, 0x0, 0x0, 0x9a, 0x55, 0xba, 0x55, 0xa9,
    0x0, 0x0, 0x35, 0x55, 0xaa, 0x55, 0x53, 0x0,
    0x6, 0xee, 0xee, 0xff, 0xee, 0xee, 0x80, 0x7,
    0x80, 0x0, 0x87, 0x18, 0x6, 0x90, 0x7, 0x84,
    0x89, 0xdd, 0xbf, 0x46, 0x90, 0x7, 0x83, 0x65,
    0x43, 0x23, 0x97, 0x90, 0x7, 0x80, 0x0, 0x0,
    0x0, 0xbe, 0x60, 0x0, 0x0, 0x0, 0x0, 0x0,
    0x0, 0x0,

    /* U+843C "萼" */
    0x0, 0x0, 0xf0, 0x0, 0x1f, 0x0, 0x0, 0x1e,
    0xee, 0xfe, 0xee, 0xef, 0xee, 0xe1, 0x0, 0x0,
    0xa0, 0x0, 0xa, 0x0, 0x0, 0x0, 0xca, 0xac,
    0x44, 0xca, 0xac, 0x0, 0x0, 0xe0, 0x9, 0x55,
    0x90, 0xe, 0x0, 0x0, 0xdb, 0xbc, 0x44, 0xcb,
    0xbd, 0x0, 0x0, 0x57, 0x77, 0x77, 0x77, 0x76,
    0x0, 0x0, 0x46, 0x66, 0x66, 0x66, 0x65, 0x0,
    0x2d, 0xdd, 0xdd, 0xdd, 0xdd, 0xdd, 0xd2, 0x0,
    0xb, 0x50, 0x0, 0x0, 0x0, 0x0, 0x0, 0xb,
    0xbb, 0xbb, 0xbb, 0xe6, 0x0, 0x0, 0x0, 0x0,
    0x0, 0x0, 0xe2, 0x0, 0x0, 0x0, 0x0, 0x5d,
    0xcd, 0xa0, 0x0, 0x0, 0x0, 0x0, 0x0, 0x0,
    0x0, 0x0,

    /* U+843D "落" */
    0x0, 0x0, 0xf0, 0x0, 0x2e, 0x0, 0x0, 0x2e,
    0xee, 0xff, 0xee, 0xff, 0xee, 0xe2, 0x0, 0x0,
    0xf0, 0x0, 0x2e, 0x0, 0x0, 0x2, 0x81, 0x20,
    0x2e, 0x12, 0x0, 0x0, 0x0, 0x8e, 0x31, 0xdd,
    0xdd, 0xdf, 0x30, 0x0, 0x2, 0x2d, 0xcb, 0x10,
    0xb9, 0x0, 0x2d, 0x60, 0x86, 0x7, 0xdd, 0x80,
    0x0, 0x2, 0xc5, 0x0, 0x3b, 0xcc, 0xc5, 0x0,
    0x0, 0x0, 0x7e, 0xb4, 0x0, 0x4b, 0xe4, 0x0,
    0xd, 0x37, 0xfd, 0xdd, 0xdf, 0x30, 0x0, 0xa8,
    0x5, 0xa0, 0x0, 0xe, 0x10, 0x8, 0xc0, 0x5,
    0xa1, 0x11, 0x1e, 0x10, 0xa, 0x10, 0x5, 0xeb,
    0xbb, 0xbf, 0x10,

    /* U+8457 "著" */
    0x0, 0x0, 0xf0, 0x0, 0x2e, 0x0, 0x0, 0x2e,
    0xee, 0xff, 0xee, 0xff, 0xee, 0xe2, 0x0, 0x0,
    0xf2, 0x10, 0x2e, 0x0, 0x0, 0x0, 0x0, 0x6,
    0x90, 0x0, 0x1c, 0x20, 0x0, 0xee, 0xee, 0xfe,
    0xee, 0xc5, 0x0, 0x0, 0x0, 0x6, 0x90, 0x4d,
    0x40, 0x0, 0x2e, 0xee, 0xee, 0xff, 0xfe, 0xee,
    0xe3, 0x0, 0x0, 0x4b, 0xd5, 0x0, 0x0, 0x0,
    0x4, 0x9e, 0xed, 0xdd, 0xdd, 0xde, 0x0, 0x4d,
    0x78, 0x90, 0x0, 0x0, 0x2e, 0x0, 0x0, 0x6,
    0xeb, 0xbb, 0xbb, 0xce, 0x0, 0x0, 0x6, 0x90,
    0x0, 0x0, 0x2e, 0x0, 0x0, 0x6, 0xed, 0xdd,
    0xdd, 0xde, 0x0,

    /* U+846C "葬" */
    0x0, 0x0, 0xe2, 0x0, 0x3d, 0x0, 0x0, 0x2d,
    0xdd, 0xfe, 0xdd, 0xef, 0xdd, 0xd3, 0x0, 0x0,
    0xb2, 0x0, 0x2b, 0x0, 0x0, 0xa, 0xbb, 0xbb,
    0xbb, 0xbb, 0xbb, 0xb0, 0x3, 0x4c, 0xa4, 0x47,
    0xc4, 0x46, 0x40, 0x4, 0xcb, 0xac, 0xd4, 0xc7,
    0xaa, 0x20, 0x7, 0x39, 0x7d, 0x44, 0xc2, 0x0,
    0x71, 0x3, 0x7d, 0xa2, 0x0, 0xdd, 0xdd, 0xc0,
    0x7, 0x61, 0x81, 0x0, 0x29, 0x0, 0x0, 0x4a,
    0xaa, 0xfb, 0xaa, 0xbf, 0xaa, 0xa3, 0x13, 0x35,
    0xf4, 0x33, 0x6e, 0x33, 0x31, 0x0, 0x4d, 0x70,
    0x0, 0x3d, 0x0, 0x0, 0xb, 0xb4, 0x0, 0x0,
    0x3d, 0x0, 0x0,

    /* U+8473 "葳" */
    0x0, 0x0, 0xf1, 0x0, 0x1e, 0x0, 0x0, 0x1e,
    0xee, 0xfe, 0xee, 0xef, 0xee, 0xe2, 0x0, 0x0,
    0xf1, 0x0, 0x1e, 0x44, 0x0, 0x0, 0x0, 0x0,
    0x0, 0xa4, 0x3d, 0x30, 0x4, 0xfe, 0xee, 0xee,
    0xfe, 0xee, 0xe3, 0x4, 0xb1, 0x11, 0x11, 0x96,
    0x2, 0x10, 0x4, 0xba, 0xbf, 0xbb, 0x68, 0xc,
    0x30, 0x5, 0xa0, 0x4b, 0x0, 0x4a, 0x1e, 0x0,
    0x6, 0x9c, 0xfc, 0xcd, 0x1e, 0x88, 0x0, 0x7,
    0x76, 0xb0, 0xa6, 0xc, 0xe1, 0x0, 0xb, 0x42,
    0x9d, 0xd0, 0x1c, 0xb0, 0x43, 0x2e, 0x28, 0xe8,
    0x7a, 0xd8, 0xd5, 0x85, 0x37, 0x17, 0x10, 0xb,
    0x60, 0x2c, 0xd0, 0x0, 0x0, 0x0, 0x0, 0x0,
    0x0, 0x0,

    /* U+8477 "葷" */
    0x0, 0x0, 0xe2, 0x0, 0x2d, 0x0, 0x0, 0x2d,
    0xdd, 0xfe, 0xdd, 0xef, 0xdd, 0xd3, 0x0, 0x0,
    0xc1, 0x0, 0x2b, 0x0, 0x0, 0xc, 0xcc, 0xcc,
    0xcc, 0xcc, 0xcc, 0xc0, 0xe, 0x0, 0x0, 0x87,
    0x0, 0x0, 0xe0, 0x9, 0x4b, 0xbb, 0xed, 0xbb,
    0xb4, 0x90, 0x0, 0x58, 0x88, 0xcc, 0x88, 0x85,
    0x0, 0x0, 0x97, 0x22, 0xa8, 0x22, 0x7a, 0x0,
    0x0, 0x9c, 0x99, 0xdc, 0x99, 0xca, 0x0, 0x0,
    0x9a, 0x77, 0xcb, 0x77, 0xaa, 0x0, 0x0, 0x23,
    0x33, 0xa9, 0x33, 0x32, 0x0, 0x2c, 0xcc, 0xcc,
    0xee, 0xcc, 0xcc, 0xc2, 0x0, 0x0, 0x0, 0x87,
    0x0, 0x0, 0x0,

    /* U+847A "葺" */
    0x0, 0x0, 0xf1, 0x0, 0x1e, 0x0, 0x0, 0x1e,
    0xee, 0xfe, 0xee, 0xef, 0xee, 0xe0, 0x0, 0x0,
    0xa0, 0x0, 0x19, 0x0, 0x0, 0x0, 0x7e, 0xbb,
    0xbb, 0xbb, 0xe6, 0x0, 0x0, 0x7a, 0x44, 0x44,
    0x44, 0xb6, 0x0, 0x0, 0x36, 0x66, 0x66, 0x66,
    0x62, 0x0, 0x1c, 0xcc, 0xcc, 0xcc, 0xcc, 0xcc,
    0xc1, 0x0, 0x3d, 0x22, 0x22, 0x22, 0xe2, 0x0,
    0x0, 0x3e, 0x77, 0x77, 0x77, 0xe2, 0x0, 0x0,
    0x3f, 0xaa, 0xaa, 0xaa, 0xf2, 0x0, 0x0, 0x3d,
    0x0, 0x0, 0x0, 0xd4, 0x20, 0x3b, 0xcf, 0xdd,
    0xdd, 0xdd, 0xfc, 0xb1, 0x2, 0x11, 0x0, 0x0,
    0x0, 0xd2, 0x0,

    /* U+84BC "蒼" */
    0x0, 0x0, 0xf0, 0x0, 0xf, 0x0, 0x0, 0x1e,
    0xee, 0xfe, 0xee, 0xef, 0xee, 0xe2, 0x0, 0x0,
    0xe0, 0x77, 0xe, 0x0, 0x0, 0x0, 0x0, 0x1a,
    0xbc, 0x80, 0x0, 0x0, 0x0, 0x39, 0xe6, 0x61,
    0x7e, 0x83, 0x0, 0x2d, 0xfb, 0x43, 0x9a, 0x35,
    0xcf, 0xe2, 0x4, 0x5d, 0x77, 0x77, 0x77, 0xe3,
    0x30, 0x0, 0x5d, 0x99, 0x99, 0x99, 0xe3, 0x0,
    0x0, 0x7c, 0x66, 0x66, 0x66, 0xd3, 0x0, 0x0,
    0x99, 0x44, 0x44, 0x44, 0x40, 0x0, 0x0, 0xdf,
    0xbb, 0xbb, 0xbb, 0xca, 0x0, 0x7, 0xae, 0x10,
    0x0, 0x0, 0x5a, 0x0, 0xb, 0x1e, 0xbb, 0xbb,
    0xbb, 0xca, 0x0,

    /* U+84C4 "蓄" */
    0x0, 0x0, 0xf1, 0x0, 0x2e, 0x0, 0x0, 0x1e,
    0xee, 0xfe, 0xee, 0xef, 0xee, 0xe2, 0x0, 0x0,
    0xd1, 0x73, 0x2c, 0x0, 0x0, 0xa, 0xaa, 0xaa,
    0xde, 0xaa, 0xaa, 0xa1, 0x3, 0x34, 0xbc, 0x43,
    0x57, 0x33, 0x30, 0x0, 0x7f, 0xfb, 0xcd, 0xc7,
    0x20, 0x0, 0x0, 0x24, 0x8c, 0xa4, 0x4, 0xe3,
    0x0, 0x3, 0xdf, 0xfd, 0xcc, 0xbb, 0xad, 0x30,
    0x0, 0x77, 0x66, 0x66, 0x66, 0x69, 0x20, 0x0,
    0xf6, 0x44, 0xba, 0x44, 0x6f, 0x0, 0x0, 0xfb,
    0xaa, 0xdd, 0xaa, 0xbf, 0x0, 0x0, 0xf1, 0x0,
    0x88, 0x0, 0x2f, 0x0, 0x0, 0xfc, 0xbb, 0xee,
    0xbb, 0xcf, 0x0,

    /* U+84CB "蓋" */
    0x0, 0x0, 0xf1, 0x0, 0x2e, 0x0, 0x0, 0x2e,
    0xee, 0xfe, 0xee, 0xef, 0xee, 0xe2, 0x0, 0x0,
    0xd1, 0x54, 0x2c, 0x0, 0x0, 0x0, 0x99, 0x99,
    0xdc, 0x99, 0x99, 0x0, 0x0, 0x22, 0x22, 0xa9,
    0x22, 0x22, 0x0, 0x2c, 0xcc, 0xcc, 0xee, 0xcc,
    0xcc, 0xc2, 0x0, 0x2, 0xd6, 0x0, 0x1c, 0x30,
    0x0, 0x0, 0x8f, 0xb8, 0x89, 0x9d, 0xf7, 0x0,
    0x0, 0x77, 0x66, 0x55, 0x54, 0x4c, 0x30, 0x0,
    0x9d, 0xce, 0xdd, 0xec, 0xda, 0x0, 0x0, 0x95,
    0xc, 0x11, 0xc0, 0x5a, 0x0, 0x0, 0x96, 0xc,
    0x11, 0xc0, 0x5a, 0x0, 0x3d, 0xdd, 0xdd, 0xdd,
    0xdd, 0xdd, 0xd4,

    /* U+84EE "蓮" */
    0x0, 0x0, 0xf1, 0x0, 0x2e, 0x0, 0x0, 0x2e,
    0xee, 0xfe, 0xee, 0xef, 0xee, 0xe3, 0x0, 0x0,
    0xe1, 0x0, 0x3d, 0x0, 0x0, 0xb, 0x50, 0x47,
    0x77, 0xf8, 0x77, 0x70, 0x2, 0xe5, 0x24, 0x44,
    0xe5, 0x44, 0x40, 0x0, 0x21, 0x1e, 0xbb, 0xfb,
    0xbd, 0x50, 0x15, 0x52, 0x1e, 0x55, 0xe6, 0x5c,
    0x50, 0x29, 0xc7, 0x1e, 0x55, 0xf6, 0x5c, 0x50,
    0x0, 0x77, 0x1f, 0xbb, 0xfb, 0xbe, 0x50, 0x0,
    0x77, 0x22, 0x22, 0xe4, 0x22, 0x20, 0x0, 0x98,
    0x89, 0x99, 0xfa, 0x99, 0x91, 0x9, 0xaa, 0x92,
    0x0, 0xb0, 0x0, 0x0, 0x4b, 0x0, 0x4b, 0xdc,
    0xcc, 0xdd, 0xe5, 0x0, 0x0, 0x0, 0x0, 0x10,
    0x0, 0x0,

    /* U+8514 "蔔" */
    0x0, 0x0, 0xe2, 0x0, 0x2d, 0x0, 0x0, 0x3e,
    0xee, 0xfe, 0xee, 0xef, 0xee, 0xe3, 0x0, 0x7,
    0xd2, 0x0, 0x2c, 0x0, 0x0, 0x0, 0x6f, 0xbb,
    0xbb, 0xbb, 0xbb, 0x50, 0x1, 0xe7, 0x55, 0x55,
    0x54, 0x9, 0x70, 0xc, 0x96, 0x66, 0x66, 0x64,
    0x9, 0x60, 0x38, 0xf, 0x88, 0x88, 0xf1, 0x9,
    0x60, 0x0, 0xd, 0x88, 0x88, 0xd1, 0xa, 0x50,
    0x0, 0x69, 0x99, 0x99, 0x95, 0xa, 0x50, 0x0,
    0xa6, 0x2a, 0x72, 0x79, 0xb, 0x40, 0x0, 0xaa,
    0x7c, 0xa7, 0xa9, 0xd, 0x30, 0x0, 0xac, 0xad,
    0xca, 0xc9, 0xf, 0x10, 0x0, 0xa4, 0x0, 0x0,
    0xa, 0xea, 0x0,

    /* U+8564 "蕤" */
    0x0, 0x0, 0xb5, 0x0, 0xf, 0x0, 0x0, 0x1d,
    0xdd, 0xfe, 0xdd, 0xdf, 0xed, 0xd6, 0x0, 0x0,
    0x84, 0x0, 0xc, 0x10, 0x0, 0xa, 0xbb, 0xbb,
    0xb3, 0x72, 0xd0, 0x0, 0x5, 0x6e, 0x96, 0x61,
    0xd4, 0xe3, 0x20, 0x2, 0xcd, 0x0, 0x65, 0xeb,
    0xfb, 0xb0, 0x1b, 0x4a, 0x69, 0xa5, 0x30, 0xd0,
    0x0, 0x0, 0x6b, 0xfc, 0x50, 0xbd, 0xfe, 0xc0,
    0xb, 0x82, 0xe5, 0xb0, 0x0, 0xd0, 0x0, 0x0,
    0x1c, 0xc5, 0xd8, 0xaa, 0xfb, 0xa3, 0x6, 0xe4,
    0x95, 0x3f, 0x83, 0x33, 0x31, 0xc, 0x30, 0xd3,
    0x5, 0xeb, 0x40, 0x0, 0x0, 0x8e, 0xa0, 0x0,
    0x6, 0xcf, 0xe6, 0x0, 0x0, 0x0, 0x0, 0x0,
    0x0, 0x0,

    /* U+85A9 "薩" */
    0x0, 0x0, 0xe2, 0x0, 0x1e, 0x0, 0x0, 0x2e,
    0xee, 0xfe, 0xee, 0xef, 0xee, 0xe3, 0x0, 0x0,
    0xc1, 0x0, 0x2c, 0x0, 0x0, 0x8, 0xbb, 0x90,
    0x0, 0x6b, 0x0, 0x0, 0xb, 0x57, 0x97, 0xce,
    0xcc, 0xce, 0xc0, 0xb, 0x3b, 0x20, 0x1d, 0x40,
    0x7a, 0x0, 0xb, 0x4d, 0x7, 0xcd, 0xdc, 0xfd,
    0xc3, 0xb, 0x39, 0x59, 0x43, 0x14, 0x30, 0x0,
    0xb, 0x32, 0xca, 0x4e, 0xcd, 0xdb, 0x90, 0xb,
    0x31, 0xec, 0x96, 0x7, 0x70, 0x0, 0xb, 0x6e,
    0x8e, 0x8, 0xbd, 0xdb, 0x60, 0xb, 0x30, 0x4b,
    0x0, 0x7, 0x70, 0x0, 0xb, 0x30, 0xa2, 0x9c,
    0xce, 0xdc, 0xc3,

    /* U+85CF "藏" */
    0x0, 0x0, 0xd3, 0x0, 0x3c, 0x0, 0x0, 0x2e,
    0xee, 0xfe, 0xee, 0xef, 0xee, 0xe2, 0x0, 0x0,
    0xd3, 0x0, 0x3d, 0x2a, 0x20, 0x7, 0x6, 0x77,
    0x77, 0x8c, 0xbb, 0xd2, 0xc, 0xc, 0x76, 0x66,
    0x6b, 0xa6, 0x62, 0xc, 0x5d, 0x4b, 0xbb, 0xb6,
    0x73, 0x70, 0x6, 0x7e, 0x49, 0x29, 0x5, 0x88,
    0x80, 0x0, 0xc, 0x4d, 0xbc, 0xc4, 0x9c, 0x40,
    0x5f, 0xef, 0x39, 0x0, 0xc2, 0xce, 0x0, 0xa,
    0x2e, 0x3e, 0xce, 0xa0, 0xf8, 0x0, 0xc, 0xd,
    0x39, 0x29, 0x1, 0xf3, 0x10, 0x57, 0x58, 0x2b,
    0xbb, 0xcd, 0xb9, 0x75, 0x0, 0x73, 0x0, 0x0,
    0x95, 0xb, 0xd1,

    /* U+8655 "處" */
    0x0, 0x0, 0x0, 0x3c, 0x0, 0x0, 0x0, 0x0,
    0x0, 0x0, 0x3f, 0xcc, 0xcc, 0x70, 0x0, 0x0,
    0x0, 0x3c, 0x0, 0x0, 0x0, 0x0, 0xfd, 0xdd,
    0xef, 0xdd, 0xdd, 0xf7, 0x0, 0xf0, 0x1, 0x5d,
    0x45, 0x62, 0xe2, 0x0, 0xf2, 0xba, 0xad, 0x65,
    0x41, 0x81, 0x0, 0xe0, 0x15, 0xa, 0x99, 0x99,
    0xa1, 0x1, 0xd0, 0x9d, 0x97, 0x3a, 0xa9, 0x0,
    0x2, 0xc4, 0xf2, 0x87, 0x69, 0x2e, 0x0, 0x4,
    0xdd, 0xa6, 0xd2, 0x95, 0xe, 0x9, 0x7, 0x70,
    0x1f, 0x83, 0xe0, 0xd, 0xb8, 0xc, 0x30, 0xac,
    0xe6, 0x40, 0x0, 0x10, 0x1c, 0x3d, 0x70, 0x29,
    0xce, 0xee, 0xeb, 0x0, 0x0, 0x0, 0x0, 0x0,
    0x0, 0x0,

    /* U+865F "號" */
    0x0, 0x0, 0x0, 0x0, 0xe, 0x10, 0x0, 0x8,
    0xdc, 0xd8, 0x0, 0xe, 0xed, 0xc0, 0x8, 0x40,
    0x58, 0x0, 0xe, 0x10, 0x0, 0x8, 0x40, 0x58,
    0x8e, 0xef, 0xee, 0xe8, 0x6, 0xcc, 0xc6, 0x94,
    0xe, 0x0, 0x76, 0x1, 0x11, 0x11, 0x98, 0x9f,
    0xca, 0x61, 0x2c, 0xfc, 0xca, 0x95, 0x2e, 0x0,
    0x80, 0x3, 0xc1, 0x10, 0xa3, 0x6, 0x88, 0x50,
    0x4, 0xaa, 0xe3, 0xb2, 0xad, 0xd5, 0x0, 0x0,
    0x0, 0xc2, 0xc1, 0xe1, 0x86, 0x0, 0x0, 0x0,
    0xd1, 0xd0, 0xe0, 0x86, 0x8, 0x0, 0x1, 0xe4,
    0xa6, 0x90, 0x86, 0x1b, 0x0, 0xbe, 0x7a, 0x5d,
    0x10, 0x5e, 0xe6, 0x0, 0x0, 0x0, 0x0, 0x0,
    0x0, 0x0,

    /* U+867D "虽" */
    0x0, 0x8f, 0xee, 0xee, 0xee, 0xf4, 0x0, 0x0,
    0x88, 0x0, 0x0, 0x0, 0xd4, 0x0, 0x0, 0x8e,
    0xdd, 0xdd, 0xdd, 0xf4, 0x0, 0x0, 0x0, 0x0,
    0xd5, 0x0, 0x0, 0x0, 0x0, 0x0, 0x0, 0xd5,
    0x0, 0x0, 0x0, 0x1, 0xfe, 0xdd, 0xfe, 0xdd,
    0xed, 0x0, 0x1, 0xf0, 0x0, 0xc4, 0x0, 0x3d,
    0x0, 0x1, 0xf3, 0x22, 0xd7, 0x22, 0x6d, 0x0,
    0x1, 0xfc, 0xcc, 0xfd, 0xcc, 0xca, 0x0, 0x0,
    0x70, 0x0, 0xc4, 0x7, 0x80, 0x0, 0x2, 0x23,
    0x34, 0xd8, 0x67, 0xeb, 0x0, 0x3e, 0xdd, 0xcb,
    0xaa, 0x98, 0x7a, 0xa0, 0x0, 0x0, 0x0, 0x0,
    0x0, 0x0, 0x20,

    /* U+8681 "蚁" */
    0x0, 0xd, 0x10, 0x0, 0x53, 0x0, 0x0, 0x0,
    0xd, 0x10, 0x35, 0x5b, 0x3, 0xb0, 0x0, 0xd,
    0x10, 0x4b, 0xe, 0x27, 0xa0, 0xd, 0xef, 0xef,
    0x1e, 0x7, 0x5a, 0x60, 0xd, 0xc, 0xd, 0xe,
    0x10, 0xd, 0x30, 0xd, 0xc, 0xd, 0xa, 0x50,
    0x1f, 0x0, 0xd, 0xc, 0xd, 0x5, 0xb0, 0x89,
    0x0, 0xd, 0xef, 0xee, 0x0, 0xe2, 0xe2, 0x0,
    0xa, 0xd, 0x10, 0x0, 0x8c, 0xb0, 0x0, 0x0,
    0xd, 0x3c, 0x0, 0x2f, 0x50, 0x0, 0x0, 0xe,
    0x5e, 0x21, 0xcd, 0xd1, 0x0, 0x3c, 0xed, 0xbb,
    0x8d, 0xa0, 0xad, 0x20, 0x13, 0x0, 0x3, 0xf8,
    0x0, 0x8, 0xf3, 0x0, 0x0, 0x0, 0x20, 0x0,
    0x0, 0x20,

    /* U+8695 "蚕" */
    0x2, 0xee, 0xee, 0xfe, 0xee, 0xee, 0x30, 0x0,
    0x0, 0x9, 0x80, 0x0, 0x0, 0x0, 0x3d, 0xdd,
    0xdf, 0xed, 0xdd, 0xdd, 0xd3, 0x1, 0x13, 0xe5,
    0x11, 0xbb, 0x11, 0x10, 0x0, 0x1d, 0x70, 0x54,
    0x1d, 0xb0, 0x0, 0x4, 0xdc, 0x22, 0x98, 0x23,
    0xee, 0x60, 0x4e, 0xbe, 0xbb, 0xed, 0xbb, 0xf9,
    0xc3, 0x0, 0x5b, 0x0, 0x87, 0x0, 0xd3, 0x0,
    0x0, 0x4e, 0xdd, 0xfe, 0xdd, 0xe3, 0x0, 0x0,
    0x0, 0x0, 0x87, 0x3, 0xa0, 0x0, 0x0, 0x11,
    0x23, 0xaa, 0x56, 0xec, 0x10, 0xc, 0xed, 0xdc,
    0xba, 0x98, 0x89, 0xc0, 0x0, 0x0, 0x0, 0x0,
    0x0, 0x0, 0x10,

    /* U+86C7 "蛇" */
    0x0, 0x0, 0x0, 0x0, 0x0, 0x0, 0x0, 0x0,
    0xe, 0x0, 0x0, 0xc, 0x10, 0x0, 0x0, 0xe,
    0x0, 0x0, 0x8, 0x70, 0x0, 0x0, 0xe, 0x0,
    0x59, 0x9b, 0xc9, 0x90, 0xf, 0xef, 0xee, 0x8b,
    0x66, 0x66, 0xf1, 0xd, 0xc, 0xd, 0x77, 0x30,
    0x0, 0xb1, 0xd, 0xc, 0xd, 0x1, 0xe0, 0x0,
    0x0, 0xd, 0xc, 0xd, 0x1, 0xe0, 0x2d, 0x60,
    0xf, 0xef, 0xec, 0x1, 0xe8, 0xe6, 0x0, 0xa,
    0xe, 0x0, 0x1, 0xfa, 0x10, 0x0, 0x0, 0xe,
    0x2b, 0x1, 0xe0, 0x0, 0x0, 0x0, 0xe, 0x4e,
    0x21, 0xe0, 0x0, 0x82, 0x4d, 0xfd, 0xab, 0x71,
    0xe0, 0x0, 0xb3, 0x12, 0x0, 0x2, 0x30, 0xce,
    0xee, 0xc0,

    /* U+87A2 "螢" */
    0x0, 0x2b, 0x31, 0x2, 0xc, 0x30, 0x20, 0x6,
    0x7d, 0x1d, 0x2c, 0x1e, 0x17, 0xb0, 0xa, 0x3f,
    0x54, 0x47, 0x5f, 0x38, 0x0, 0x3, 0xd7, 0xd6,
    0x17, 0xe6, 0xda, 0x10, 0x2b, 0x30, 0x17, 0x58,
    0x10, 0x8, 0xb0, 0xe, 0xee, 0xee, 0xee, 0xee,
    0xee, 0xe0, 0xe, 0x10, 0x0, 0x91, 0x0, 0x2,
    0xe0, 0x6, 0x7c, 0xcc, 0xfd, 0xcc, 0xc5, 0x60,
    0x0, 0x75, 0x0, 0xd2, 0x0, 0xe5, 0x0, 0x0,
    0x7d, 0xbb, 0xfc, 0xbb, 0xf5, 0x0, 0x0, 0x1,
    0x11, 0xe3, 0x16, 0xb1, 0x0, 0x0, 0x0, 0x0,
    0xe3, 0x12, 0xdc, 0x10, 0xb, 0xff, 0xee, 0xdd,
    0xcc, 0xbc, 0xc0, 0x0, 0x0, 0x0, 0x0, 0x0,
    0x0, 0x40,

    /* U+87FB "蟻" */
    0x0, 0x0, 0x0, 0x0, 0x0, 0x0, 0x0, 0x0,
    0x66, 0x0, 0x29, 0x0, 0x1d, 0x0, 0x0, 0x66,
    0x1, 0x3d, 0x53, 0x99, 0x30, 0x1, 0x77, 0x14,
    0xbb, 0xcf, 0xbb, 0xb1, 0xf, 0xdd, 0xf0, 0x55,
    0x7d, 0x55, 0x40, 0xc, 0x45, 0xc0, 0x44, 0x6d,
    0x44, 0x30, 0xc, 0x45, 0xc8, 0xcc, 0xcd, 0xcc,
    0xc4, 0xc, 0x55, 0xc3, 0x79, 0xb5, 0x87, 0x40,
    0xf, 0xee, 0xd2, 0x3e, 0x3, 0xa0, 0xa0, 0x8,
    0x66, 0x19, 0xcf, 0xcc, 0xfc, 0xc5, 0x0, 0x67,
    0xc0, 0xe, 0x42, 0xd2, 0x80, 0x1, 0x8a, 0xea,
    0xcf, 0x72, 0xad, 0x20, 0x6d, 0x96, 0x95, 0xe,
    0x6, 0xdb, 0x36, 0x0, 0x0, 0x0, 0xcc, 0x58,
    0x8, 0xe3, 0x0, 0x0, 0x0, 0x0, 0x0, 0x0,
    0x0,

    /* U+8840 "血" */
    0x0, 0x0, 0x0, 0x84, 0x0, 0x0, 0x0, 0x0,
    0x0, 0x1, 0xf3, 0x0, 0x0, 0x0, 0x0, 0x0,
    0x6, 0xc0, 0x0, 0x0, 0x0, 0x0, 0xcf, 0xff,
    0xff, 0xff, 0xff, 0x50, 0x0, 0xc3, 0xc, 0x30,
    0xb3, 0xb, 0x50, 0x0, 0xc3, 0xc, 0x30, 0xb3,
    0xb, 0x50, 0x0, 0xc3, 0xc, 0x30, 0xb3, 0xb,
    0x50, 0x0, 0xc3, 0xc, 0x30, 0xb3, 0xb, 0x50,
    0x0, 0xc3, 0xc, 0x30, 0xb3, 0xb, 0x50, 0x0,
    0xc3, 0xc, 0x30, 0xb3, 0xb, 0x50, 0x0, 0xc3,
    0xc, 0x30, 0xb3, 0xb, 0x50, 0x2e, 0xfe, 0xef,
    0xee, 0xfe, 0xef, 0xe9, 0x2, 0x22, 0x22, 0x22,
    0x22, 0x22, 0x21,

    /* U+884C "行" */
    0x0, 0x5, 0x70, 0x0, 0x0, 0x0, 0x0, 0x0,
    0x4e, 0x30, 0x7f, 0xff, 0xff, 0xf6, 0x6, 0xe3,
    0x0, 0x0, 0x0, 0x0, 0x0, 0x1d, 0x20, 0x93,
    0x0, 0x0, 0x0, 0x0, 0x0, 0x7, 0xd0, 0x0,
    0x0, 0x0, 0x0, 0x0, 0x4f, 0x21, 0xff, 0xff,
    0xff, 0xfc, 0x5, 0xfe, 0x0, 0x0, 0x0, 0x6a,
    0x0, 0x3f, 0x6e, 0x0, 0x0, 0x0, 0x6a, 0x0,
    0x1, 0x1e, 0x0, 0x0, 0x0, 0x6a, 0x0, 0x0,
    0x1e, 0x0, 0x0, 0x0, 0x6a, 0x0, 0x0, 0x1e,
    0x0, 0x0, 0x0, 0x6a, 0x0, 0x0, 0x1e, 0x0,
    0x0, 0x0, 0x7a, 0x0, 0x0, 0x1e, 0x0, 0x0,
    0xcf, 0xe6, 0x0, 0x0, 0x1, 0x0, 0x0, 0x0,
    0x0, 0x0,

    /* U+8861 "衡" */
    0x0, 0x86, 0x9, 0x80, 0x0, 0x0, 0x0, 0x3,
    0xe1, 0xf, 0xec, 0xa0, 0xef, 0xe0, 0x2e, 0x30,
    0x89, 0x6, 0x90, 0x0, 0x0, 0x14, 0x4e, 0xfb,
    0xae, 0xc7, 0x0, 0x0, 0x0, 0xd6, 0xd2, 0x3a,
    0x3d, 0x99, 0x92, 0x8, 0xf0, 0xbb, 0xce, 0xcc,
    0x6e, 0x71, 0x4e, 0xf0, 0xb1, 0x2a, 0x2b, 0xd,
    0x10, 0x24, 0xe0, 0xbb, 0xbe, 0xbb, 0xd, 0x10,
    0x0, 0xe0, 0x11, 0x58, 0x11, 0xd, 0x10, 0x0,
    0xe2, 0xdd, 0xef, 0xda, 0xd, 0x10, 0x0, 0xe0,
    0x2, 0xed, 0x50, 0xd, 0x10, 0x0, 0xe0, 0x2c,
    0x61, 0xb5, 0xe, 0x10, 0x0, 0xe2, 0xb3, 0x0,
    0x4, 0xeb, 0x0,

    /* U+8862 "衢" */
    0x0, 0x32, 0x0, 0x0, 0x0, 0x0, 0x0, 0x0,
    0xe3, 0xea, 0xbb, 0xad, 0xbf, 0xf1, 0xa, 0x90,
    0xd9, 0xbb, 0x9d, 0x0, 0x0, 0x4c, 0x48, 0xd7,
    0xbb, 0x7d, 0x0, 0x0, 0x1, 0xb6, 0xc2, 0xbb,
    0x2b, 0x99, 0x92, 0x5, 0xe0, 0xac, 0x7a, 0xa9,
    0x5d, 0x81, 0x2e, 0xd0, 0x7b, 0x4d, 0x44, 0xb,
    0x30, 0x26, 0xd1, 0xea, 0x6e, 0x66, 0xb, 0x30,
    0x0, 0xdc, 0xcd, 0xbf, 0xb7, 0xb, 0x30, 0x0,
    0xd1, 0x87, 0x3d, 0x32, 0xb, 0x30, 0x0, 0xd0,
    0x8a, 0x7e, 0x74, 0xb, 0x30, 0x0, 0xd0, 0x8c,
    0xaf, 0xaa, 0xc, 0x30, 0x0, 0xd0, 0x86, 0x11,
    0x11, 0xdd, 0x10,

    /* U+8863 "衣" */
    0x0, 0x0, 0x0, 0x62, 0x0, 0x0, 0x0, 0x0,
    0x0, 0x0, 0xaa, 0x0, 0x0, 0x0, 0x4, 0x44,
    0x44, 0x7d, 0x44, 0x44, 0x40, 0x1b, 0xbb, 0xbc,
    0xff, 0xcb, 0xbb, 0xb1, 0x0, 0x0, 0xa, 0xae,
    0x20, 0x0, 0x0, 0x0, 0x0, 0xab, 0x9, 0x60,
    0x9, 0x70, 0x0, 0x3c, 0xd0, 0x5, 0xb0, 0x8c,
    0x10, 0x19, 0xfb, 0xa0, 0x0, 0xea, 0xb0, 0x0,
    0x3a, 0x15, 0xa0, 0x0, 0x7e, 0x0, 0x0, 0x0,
    0x5, 0xa0, 0x0, 0xd, 0x70, 0x0, 0x0, 0x5,
    0xa0, 0x3, 0x42, 0xe6, 0x0, 0x0, 0x7, 0xd9,
    0xed, 0x60, 0x3e, 0xa1, 0x0, 0xe, 0xd7, 0x20,
    0x0, 0x1, 0xb3, 0x0, 0x1, 0x0, 0x0, 0x0,
    0x0, 0x0,

    /* U+8868 "表" */
    0x0, 0x0, 0x0, 0x87, 0x0, 0x0, 0x0, 0x6,
    0xbb, 0xbb, 0xed, 0xbb, 0xbb, 0x70, 0x1, 0x22,
    0x22, 0xa9, 0x22, 0x22, 0x10, 0x0, 0x22, 0x22,
    0xa9, 0x22, 0x22, 0x0, 0x0, 0x8a, 0xaa, 0xdd,
    0xaa, 0xaa, 0x0, 0x1, 0x11, 0x11, 0x98, 0x11,
    0x11, 0x10, 0x1d, 0xdd, 0xde, 0xff, 0xdd, 0xdd,
    0xd1, 0x0, 0x0, 0x6d, 0x3c, 0x50, 0x5, 0x30,
    0x0, 0x3b, 0xd1, 0x4, 0xe0, 0x7d, 0x20, 0x2c,
    0xeb, 0xa0, 0x0, 0xae, 0x90, 0x0, 0x5, 0x6,
    0xa0, 0x1, 0x1c, 0xa1, 0x0, 0x0, 0x6, 0xc7,
    0xce, 0x20, 0xae, 0x71, 0x0, 0xc, 0xe9, 0x40,
    0x0, 0x3, 0xa2, 0x0, 0x1, 0x0, 0x0, 0x0,
    0x0, 0x0,

    /* U+8877 "衷" */
    0x0, 0x0, 0x0, 0x0, 0x0, 0x0, 0x0, 0x0,
    0x0, 0x0, 0xa6, 0x0, 0x0, 0x0, 0xc, 0xcc,
    0xcc, 0xef, 0xcc, 0xcc, 0xc0, 0x1, 0x11, 0x11,
    0x77, 0x11, 0x11, 0x10, 0x0, 0x8a, 0xaa, 0xdd,
    0xaa, 0xa9, 0x0, 0x0, 0xc6, 0x33, 0xa9, 0x33,
    0x5d, 0x0, 0x0, 0xc3, 0x0, 0x87, 0x0, 0x2d,
    0x0, 0x0, 0xad, 0xdd, 0xfe, 0xdd, 0xdc, 0x0,
    0x0, 0x0, 0x1, 0xc9, 0x0, 0x1, 0x0, 0x0,
    0x2, 0x8d, 0x8e, 0x20, 0x6e, 0x20, 0x18, 0xdf,
    0xc1, 0x6, 0xcb, 0xa1, 0x0, 0x17, 0x25, 0xa0,
    0x0, 0x8e, 0x20, 0x0, 0x0, 0x6, 0xc5, 0x9c,
    0x6, 0xe9, 0x40, 0x0, 0xd, 0xd9, 0x51, 0x0,
    0x17, 0xc1, 0x0, 0x0, 0x0, 0x0, 0x0, 0x0,
    0x0,

    /* U+88AD "袭" */
    0x0, 0x0, 0x6, 0x30, 0x43, 0x0, 0x0, 0x0,
    0x0, 0xd, 0x30, 0x3b, 0xc0, 0x0, 0x2e, 0xee,
    0xef, 0xef, 0xfe, 0xee, 0xe2, 0x0, 0x0, 0xb7,
    0x7, 0x83, 0xb4, 0x0, 0x0, 0x8, 0xc0, 0x19,
    0xeb, 0x30, 0x42, 0x5, 0xdc, 0x3c, 0xdb, 0xc5,
    0x45, 0xc4, 0x6, 0x50, 0x1, 0xb3, 0x67, 0x77,
    0x60, 0x3c, 0xcc, 0xcc, 0xee, 0xcc, 0xcc, 0xc3,
    0x1, 0x11, 0x6d, 0x8d, 0x51, 0x29, 0x30, 0x3,
    0x7d, 0xf3, 0x4, 0xe5, 0xd8, 0x0, 0x2c, 0x74,
    0xe0, 0x0, 0x4f, 0xa1, 0x0, 0x0, 0x4, 0xf7,
    0xac, 0x21, 0x9e, 0xb4, 0x0, 0x8, 0xa6, 0x20,
    0x0, 0x0, 0x40,

    /* U+88C1 "裁" */
    0x0, 0x0, 0x0, 0x0, 0x0, 0x0, 0x0, 0x0,
    0x0, 0xf0, 0x0, 0x79, 0x0, 0x0, 0x1, 0x22,
    0xf2, 0x21, 0x79, 0x6c, 0x0, 0x5, 0xcc, 0xfc,
    0xc7, 0x69, 0x8, 0xa0, 0x0, 0x0, 0xf0, 0x0,
    0x6a, 0x0, 0x30, 0x1e, 0xee, 0xfe, 0xee, 0xff,
    0xee, 0xe6, 0x0, 0x0, 0xa1, 0x0, 0x4c, 0x1,
    0x20, 0x8, 0xaa, 0xec, 0xaa, 0x3e, 0x9, 0x90,
    0x2, 0x3c, 0x93, 0x44, 0xf, 0x3f, 0x20, 0x0,
    0x9c, 0x85, 0xb7, 0xc, 0xd9, 0x0, 0xd, 0xca,
    0x1c, 0xd0, 0xa, 0xd0, 0x10, 0x3, 0x4a, 0x2,
    0xa9, 0x4f, 0xd0, 0x58, 0x0, 0x7e, 0xe7, 0x7,
    0xe3, 0xc7, 0x86, 0x0, 0x45, 0x0, 0x2d, 0x20,
    0x2d, 0xd1, 0x0, 0x0, 0x0, 0x0, 0x0, 0x0,
    0x0,

    /* U+88F1 "裱" */
    0x3, 0x80, 0x0, 0x0, 0x69, 0x0, 0x0, 0x0,
    0xd3, 0x0, 0x0, 0x69, 0x0, 0x0, 0x1, 0x65,
    0x8, 0xee, 0xef, 0xee, 0xb0, 0x2d, 0xdf, 0x40,
    0x0, 0x69, 0x0, 0x0, 0x0, 0x1d, 0x3, 0xdd,
    0xef, 0xdd, 0x60, 0x0, 0x86, 0x10, 0x0, 0x69,
    0x0, 0x0, 0x2, 0xf9, 0x9c, 0xee, 0xff, 0xee,
    0xe0, 0xd, 0xfe, 0x10, 0x9, 0xbe, 0x0, 0x40,
    0x48, 0xd6, 0x72, 0xbe, 0xa, 0x6c, 0x90, 0x0,
    0xd1, 0x4e, 0x7d, 0x4, 0xf5, 0x0, 0x0, 0xd1,
    0x0, 0x2d, 0x0, 0xb8, 0x0, 0x0, 0xd1, 0x0,
    0x3e, 0xba, 0x1d, 0x90, 0x0, 0xd1, 0x0, 0x7b,
    0x40, 0x1, 0x80, 0x0, 0x0, 0x0, 0x0, 0x0,
    0x0, 0x0,

    /* U+8972 "襲" */
    0x0, 0x0, 0x0, 0x0, 0x0, 0x0, 0x0, 0x0,
    0x7, 0x60, 0x3, 0xb1, 0x11, 0x10, 0x7, 0xdb,
    0xae, 0x93, 0xd8, 0x88, 0x80, 0x4, 0xb6, 0x5d,
    0x42, 0x99, 0x9b, 0x80, 0x6, 0x88, 0x88, 0x73,
    0xc9, 0x9a, 0x70, 0x3, 0xd7, 0x7b, 0x73, 0xd8,
    0x88, 0x20, 0x3, 0xd8, 0x8b, 0x73, 0xd8, 0x88,
    0x10, 0x3, 0xd8, 0x8b, 0x73, 0xd8, 0x88, 0x94,
    0x3, 0x80, 0x4a, 0x95, 0xa8, 0x88, 0xa2, 0xa,
    0xaa, 0xaa, 0xce, 0xaa, 0xaa, 0xa4, 0x1, 0x12,
    0x7c, 0x8c, 0x61, 0x5c, 0x20, 0x9, 0xcb, 0xf1,
    0x1, 0xdc, 0x91, 0x0, 0x2, 0x0, 0xf6, 0x79,
    0x2a, 0xd6, 0x20, 0x0, 0x4, 0xb8, 0x53, 0x0,
    0x28, 0xc5,

    /* U+897F "西" */
    0x2f, 0xff, 0xff, 0xff, 0xff, 0xff, 0xf2, 0x0,
    0x0, 0xf, 0x0, 0xf0, 0x0, 0x0, 0x0, 0x0,
    0xe, 0x0, 0xf0, 0x0, 0x0, 0x6, 0xee, 0xef,
    0xee, 0xfe, 0xee, 0x70, 0x6, 0xa0, 0x2d, 0x1,
    0xf0, 0x8, 0x80, 0x6, 0x90, 0x5a, 0x0, 0xf0,
    0x8, 0x80, 0x6, 0x91, 0xd3, 0x0, 0xf1, 0x8,
    0x80, 0x6, 0xbd, 0x70, 0x0, 0xbf, 0xff, 0x80,
    0x6, 0x93, 0x0, 0x0, 0x0, 0x8, 0x80, 0x6,
    0x90, 0x0, 0x0, 0x0, 0x8, 0x80, 0x6, 0xfe,
    0xee, 0xee, 0xee, 0xef, 0x80, 0x6, 0xa0, 0x0,
    0x0, 0x0, 0x8, 0x70,

    /* U+8981 "要" */
    0xd, 0xee, 0xff, 0xee, 0xff, 0xee, 0xe3, 0x0,
    0x0, 0xf, 0x0, 0xc3, 0x0, 0x0, 0x2, 0xfd,
    0xef, 0xdd, 0xfe, 0xde, 0x90, 0x2, 0xd0, 0xf,
    0x0, 0xc3, 0x6, 0x90, 0x2, 0xd0, 0x1f, 0x0,
    0xc4, 0x7, 0x90, 0x2, 0xcc, 0xce, 0xec, 0xcc,
    0xcc, 0x70, 0x0, 0x0, 0xd, 0x50, 0x0, 0x0,
    0x0, 0x1e, 0xee, 0xff, 0xee, 0xef, 0xfe, 0xe6,
    0x0, 0x3, 0xe1, 0x0, 0xd, 0x60, 0x0, 0x0,
    0xd, 0xe9, 0x53, 0xc9, 0x0, 0x0, 0x0, 0x0,
    0x3a, 0xff, 0xfa, 0x51, 0x0, 0x9, 0xcd, 0xd9,
    0x40, 0x15, 0xaf, 0xa0, 0x2, 0x10, 0x0, 0x0,
    0x0, 0x1, 0x10,

    /* U+8986 "覆" */
    0xb, 0xbb, 0xcf, 0xbb, 0xfc, 0xbb, 0xb1, 0x4,
    0xba, 0xbe, 0xaa, 0xfb, 0xab, 0x50, 0x6, 0xa3,
    0x5d, 0x33, 0xe4, 0x3a, 0x70, 0x3, 0x8d, 0x87,
    0xe8, 0x77, 0x77, 0x30, 0x0, 0xa8, 0x6, 0xfc,
    0xbb, 0xbb, 0xa0, 0x1c, 0x86, 0x7f, 0xa8, 0x88,
    0x89, 0x0, 0x3, 0x5c, 0x77, 0xc8, 0x88, 0x8e,
    0x10, 0x5, 0xf5, 0x5, 0xb5, 0x55, 0x5e, 0x10,
    0x4d, 0xb4, 0x1, 0x8f, 0x65, 0x55, 0x0, 0x0,
    0xa4, 0x18, 0xfc, 0xaa, 0xeb, 0x0, 0x0, 0xa4,
    0x44, 0x2c, 0xac, 0xa0, 0x0, 0x0, 0xa4, 0x6a,
    0xa7, 0x45, 0x8a, 0xb2,

    /* U+898B "見" */
    0x0, 0x2f, 0xee, 0xee, 0xee, 0xfe, 0x0, 0x0,
    0x2d, 0x0, 0x0, 0x0, 0x2e, 0x0, 0x0, 0x2f,
    0xdd, 0xdd, 0xdd, 0xee, 0x0, 0x0, 0x2d, 0x0,
    0x0, 0x0, 0x2e, 0x0, 0x0, 0x2f, 0xcc, 0xcc,
    0xcc, 0xde, 0x0, 0x0, 0x2d, 0x11, 0x11, 0x11,
    0x4e, 0x0, 0x0, 0x2d, 0x0, 0x0, 0x0, 0x2e,
    0x0, 0x0, 0x2f, 0xff, 0xff, 0xff, 0xfd, 0x0,
    0x0, 0x0, 0x7a, 0x0, 0xe2, 0x0, 0x0, 0x0,
    0x1, 0xe4, 0x0, 0xe2, 0x0, 0x18, 0x0, 0x5d,
    0x90, 0x0, 0xe3, 0x0, 0x4c, 0xe, 0xb5, 0x0,
    0x0, 0x9f, 0xff, 0xf6, 0x0, 0x0, 0x0, 0x0,
    0x0, 0x0, 0x0,

    /* U+89A9 "覩" */
    0x0, 0x2c, 0x0, 0x0, 0x0, 0x0, 0x0, 0x0,
    0x2d, 0x1, 0xb8, 0xfe, 0xef, 0xd0, 0xc, 0xef,
    0xdd, 0x68, 0x40, 0x5, 0xd0, 0x0, 0x2c, 0x4b,
    0x8, 0xba, 0xac, 0xd0, 0x4e, 0xef, 0xff, 0xea,
    0x40, 0x5, 0xd0, 0x0, 0x1e, 0x40, 0x8, 0xdb,
    0xbd, 0xd0, 0x2, 0xda, 0x11, 0x8, 0x85, 0x58,
    0xd0, 0x3e, 0xfb, 0xbd, 0x78, 0x51, 0x16, 0xd0,
    0x14, 0xd0, 0x7, 0x75, 0xec, 0xeb, 0x90, 0x1,
    0xfc, 0xce, 0x70, 0xd3, 0xb2, 0x0, 0x1, 0xd0,
    0x7, 0x71, 0xf0, 0xb2, 0x24, 0x1, 0xfd, 0xde,
    0x8a, 0xa0, 0xb2, 0x48, 0x1, 0xd0, 0x0, 0x9c,
    0x10, 0x8d, 0xe4, 0x0, 0x0, 0x0, 0x10, 0x0,
    0x0, 0x0,

    /* U+89BA "覺" */
    0x0, 0x0, 0x61, 0x13, 0x10, 0x0, 0x0, 0x0,
    0x7a, 0x41, 0xdc, 0xb, 0xbe, 0x0, 0x0, 0xab,
    0xa3, 0x56, 0x38, 0xae, 0x0, 0x0, 0x9b, 0x82,
    0xbd, 0x8, 0x9d, 0x0, 0x1, 0x99, 0x47, 0xa8,
    0x54, 0x6d, 0x10, 0xe, 0xa9, 0x99, 0x99, 0x99,
    0x99, 0xf1, 0xb, 0xc, 0x98, 0x88, 0x88, 0xc1,
    0xa1, 0x0, 0xf, 0xa9, 0x99, 0x99, 0xf1, 0x0,
    0x0, 0xf, 0x54, 0x44, 0x44, 0xf1, 0x0, 0x0,
    0xf, 0x55, 0x55, 0x55, 0xf1, 0x0, 0x0, 0xa,
    0xcd, 0x9a, 0xe9, 0xa1, 0x10, 0x0, 0x4, 0xd4,
    0x1, 0xe0, 0x0, 0x68, 0x2c, 0xda, 0x30, 0x0,
    0xcd, 0xdd, 0xd3, 0x1, 0x0, 0x0, 0x0, 0x0,
    0x0, 0x0,

    /* U+89C0 "觀" */
    0x0, 0x76, 0xa, 0x30, 0x0, 0x0, 0x0, 0x1c,
    0xee, 0xce, 0xd9, 0xbc, 0xcc, 0xe0, 0x0, 0x66,
    0x9, 0x30, 0xb2, 0x0, 0xd0, 0xa, 0x9c, 0x4c,
    0xb5, 0xbc, 0xbb, 0xe0, 0xb, 0x1b, 0x47, 0x75,
    0xb2, 0x0, 0xd0, 0x5, 0xb8, 0x58, 0x72, 0xbc,
    0xbb, 0xe0, 0x0, 0xd6, 0xa9, 0x52, 0xb2, 0x0,
    0xd0, 0x7, 0xe6, 0xaa, 0x63, 0xb8, 0x77, 0xd0,
    0x2d, 0xfb, 0xdd, 0xb1, 0x3d, 0x4d, 0x40, 0x1,
    0xd2, 0x88, 0x20, 0xc, 0xc, 0x0, 0x0, 0xe7,
    0xbb, 0x72, 0x4a, 0xc, 0x5, 0x0, 0xe9, 0xcc,
    0x95, 0xc4, 0xc, 0xa, 0x0, 0xd2, 0x22, 0x28,
    0x80, 0xc, 0xd6, 0x0, 0x0, 0x0, 0x0, 0x0,
    0x0, 0x0,

    /* U+89C1 "见" */
    0x0, 0x4f, 0xff, 0xff, 0xff, 0xfe, 0x0, 0x0,
    0x4c, 0x0, 0x0, 0x0, 0x4e, 0x0, 0x0, 0x4c,
    0x0, 0x45, 0x0, 0x3e, 0x0, 0x0, 0x4c, 0x0,
    0x89, 0x0, 0x3e, 0x0, 0x0, 0x4c, 0x0, 0x98,
    0x0, 0x3e, 0x0, 0x0, 0x4c, 0x0, 0xa7, 0x0,
    0x3e, 0x0, 0x0, 0x4c, 0x0, 0xd4, 0x0, 0x3e,
    0x0, 0x0, 0x4c, 0x1, 0xf8, 0x70, 0x3e, 0x0,
    0x0, 0x0, 0x7, 0xb8, 0x70, 0x0, 0x10, 0x0,
    0x0, 0x3f, 0x38, 0x70, 0x0, 0x4a, 0x0, 0x18,
    0xf5, 0x8, 0x80, 0x0, 0x78, 0xb, 0xfa, 0x20,
    0x4, 0xef, 0xff, 0xe2, 0x2, 0x0, 0x0, 0x0,
    0x0, 0x0, 0x0,

    /* U+89C2 "观" */
    0x7e, 0xee, 0xe5, 0xbf, 0xee, 0xef, 0x20, 0x1,
    0x11, 0xb5, 0xb3, 0x2, 0xd, 0x20, 0x3, 0x0,
    0xe2, 0xb3, 0x1e, 0xd, 0x20, 0x2e, 0x12, 0xf0,
    0xb3, 0x1e, 0xd, 0x20, 0x8, 0xa5, 0xc0, 0xb3,
    0x1e, 0xd, 0x20, 0x0, 0xdd, 0x70, 0xb3, 0x2d,
    0xd, 0x20, 0x0, 0x4f, 0x20, 0xb3, 0x4b, 0xd,
    0x20, 0x0, 0x6f, 0x60, 0x51, 0x8d, 0x46, 0x10,
    0x0, 0xe7, 0xe0, 0x1, 0xe9, 0x50, 0x0, 0x9,
    0xb0, 0xc4, 0xb, 0x96, 0x50, 0xc0, 0x6e, 0x10,
    0x0, 0xab, 0x6, 0x60, 0xd0, 0x33, 0x0, 0xd,
    0x90, 0x3, 0xdc, 0xa0, 0x0, 0x0, 0x1, 0x0,
    0x0, 0x0, 0x0,

    /* U+89C9 "觉" */
    0x0, 0x10, 0x2, 0x30, 0x0, 0x22, 0x0, 0x0,
    0xa8, 0x2, 0xe1, 0x0, 0xd6, 0x0, 0x0, 0x1d,
    0x10, 0x95, 0x8, 0xb0, 0x0, 0xe, 0xee, 0xee,
    0xee, 0xee, 0xee, 0xc0, 0xe, 0x10, 0x0, 0x0,
    0x0, 0x4, 0xc0, 0xb, 0x5f, 0xee, 0xee, 0xef,
    0xf3, 0x90, 0x0, 0x3c, 0x0, 0x51, 0x1, 0xf0,
    0x0, 0x0, 0x3c, 0x0, 0xe2, 0x1, 0xf0, 0x0,
    0x0, 0x3c, 0x0, 0xf1, 0x1, 0xf0, 0x0, 0x0,
    0x3c, 0x3, 0xe7, 0x41, 0xf0, 0x0, 0x0, 0x0,
    0x1d, 0x6b, 0x60, 0x10, 0x30, 0x0, 0x6, 0xe7,
    0xa, 0x70, 0x0, 0xe1, 0x9, 0xea, 0x20, 0x5,
    0xfe, 0xef, 0xa0, 0x2, 0x0, 0x0, 0x0, 0x0,
    0x0, 0x0,

    /* U+89D2 "角" */
    0x0, 0x6, 0xb0, 0x0, 0x0, 0x0, 0x0, 0x2f,
    0xee, 0xee, 0xf2, 0x0, 0x1, 0xc8, 0x0, 0x8,
    0x90, 0x0, 0x2d, 0xfb, 0xbb, 0xbf, 0xcb, 0xb2,
    0xba, 0xf3, 0x33, 0xf4, 0x33, 0xd3, 0x2, 0xe0,
    0x0, 0xf1, 0x0, 0xd3, 0x2, 0xfe, 0xee, 0xfe,
    0xee, 0xf3, 0x3, 0xe0, 0x0, 0xf1, 0x0, 0xd3,
    0x4, 0xd0, 0x0, 0xf1, 0x0, 0xd3, 0x6, 0xfe,
    0xee, 0xff, 0xee, 0xf3, 0xa, 0x70, 0x0, 0xf1,
    0x0, 0xd3, 0x2f, 0x10, 0x0, 0xf1, 0x0, 0xd3,
    0xa6, 0x0, 0x0, 0xf1, 0xcf, 0xc1, 0x0, 0x0,
    0x0, 0x0, 0x0, 0x0,

    /* U+89E3 "解" */
    0x0, 0x70, 0x0, 0x0, 0x0, 0x0, 0x0, 0x1,
    0xfb, 0xb3, 0x1e, 0xef, 0xee, 0xc0, 0x7, 0x81,
    0xd4, 0x0, 0x69, 0x3, 0xb0, 0x2f, 0x88, 0xe6,
    0x10, 0xd3, 0x5, 0xa0, 0x8f, 0x8d, 0x6d, 0x5d,
    0x90, 0xce, 0x50, 0xb, 0x3c, 0xb, 0x36, 0x62,
    0x70, 0x0, 0xa, 0xbe, 0xae, 0x25, 0xa3, 0xc0,
    0x0, 0xb, 0x6d, 0x3c, 0x2b, 0xef, 0xfe, 0xc0,
    0xc, 0x4c, 0x2c, 0x5c, 0x3, 0xc0, 0x0, 0xd,
    0x9e, 0x9e, 0x3b, 0xbc, 0xfb, 0xb2, 0xd, 0xc,
    0xb, 0x23, 0x36, 0xd3, 0x30, 0x3a, 0xc, 0xb,
    0x20, 0x3, 0xc0, 0x0, 0x84, 0x4, 0xbd, 0x0,
    0x3, 0xc0, 0x0, 0x0, 0x0, 0x0, 0x0, 0x0,
    0x0, 0x0,

    /* U+8A00 "言" */
    0x0, 0x0, 0x0, 0xb5, 0x0, 0x0, 0x0, 0x0,
    0x0, 0x0, 0x3f, 0x10, 0x0, 0x0, 0x1d, 0xdd,
    0xdd, 0xdf, 0xed, 0xdd, 0xd6, 0x0, 0x0, 0x0,
    0x0, 0x0, 0x0, 0x0, 0x0, 0xc, 0xcc, 0xcc,
    0xcc, 0xc5, 0x0, 0x0, 0x0, 0x0, 0x0, 0x0,
    0x0, 0x0, 0x0, 0xb, 0xbb, 0xbb, 0xbb, 0xb4,
    0x0, 0x0, 0x2, 0x22, 0x22, 0x22, 0x21, 0x0,
    0x0, 0x1, 0x11, 0x11, 0x11, 0x10, 0x0, 0x0,
    0x2f, 0xdd, 0xdd, 0xdd, 0xe8, 0x0, 0x0, 0x2d,
    0x0, 0x0, 0x0, 0x78, 0x0, 0x0, 0x2e, 0x22,
    0x22, 0x22, 0x98, 0x0, 0x0, 0x2f, 0xbb, 0xbb,
    0xbb, 0xd8, 0x0,

    /* U+8A17 "託" */
    0x0, 0x0, 0x0, 0x0, 0x0, 0x0, 0x0, 0x0,
    0x94, 0x0, 0x0, 0x0, 0x39, 0x50, 0x0, 0x3c,
    0x0, 0x48, 0xbe, 0xc7, 0x20, 0x39, 0x9a, 0x98,
    0x87, 0x7c, 0x0, 0x0, 0x14, 0x44, 0x43, 0x0,
    0x3c, 0x0, 0x0, 0x9, 0xbb, 0xb3, 0x0, 0x3c,
    0x0, 0x0, 0x1, 0x11, 0x10, 0x0, 0x4d, 0x57,
    0xa7, 0xa, 0xdd, 0xd7, 0xce, 0xff, 0xb8, 0x62,
    0x0, 0x0, 0x1, 0x52, 0x4c, 0x0, 0x0, 0xb,
    0xee, 0xe4, 0x0, 0x3c, 0x0, 0x0, 0xc, 0x20,
    0x95, 0x0, 0x3c, 0x0, 0x11, 0xc, 0x20, 0x95,
    0x0, 0x3c, 0x0, 0x3b, 0xc, 0xdd, 0xe5, 0x0,
    0x3d, 0x0, 0x69, 0xc, 0x20, 0x0, 0x0, 0xd,
    0xff, 0xf3,

    /* U+8A18 "記" */
    0x0, 0x83, 0x0, 0x0, 0x0, 0x0, 0x0, 0x0,
    0x3d, 0x0, 0x5f, 0xff, 0xff, 0x30, 0x6c, 0xcd,
    0xcc, 0x0, 0x0, 0xc, 0x30, 0x1, 0x11, 0x11,
    0x0, 0x0, 0xc, 0x30, 0x8, 0x99, 0x93, 0x0,
    0x0, 0xc, 0x30, 0x5, 0x55, 0x52, 0x2, 0x22,
    0x2d, 0x30, 0x6, 0x66, 0x64, 0x2f, 0xcc, 0xcf,
    0x30, 0x4, 0x44, 0x43, 0x2d, 0x0, 0x5, 0x10,
    0xc, 0xdd, 0xd5, 0x2d, 0x0, 0x0, 0x0, 0xe,
    0x0, 0x86, 0x2d, 0x0, 0x0, 0x60, 0xe, 0x0,
    0x86, 0x2d, 0x0, 0x0, 0xf0, 0xe, 0xbb, 0xd6,
    0x2e, 0x0, 0x2, 0xe0, 0xe, 0x22, 0x20, 0xc,
    0xff, 0xff, 0x70, 0x2, 0x0, 0x0, 0x0, 0x0,
    0x0, 0x0,

    /* U+8A31 "許" */
    0x0, 0x55, 0x0, 0x8, 0x70, 0x0, 0x0, 0x0,
    0x3b, 0x0, 0xd, 0x30, 0x0, 0x0, 0x5a, 0xad,
    0xaa, 0x3f, 0xed, 0xdd, 0xd2, 0x13, 0x33, 0x33,
    0xb8, 0x1e, 0x31, 0x10, 0x9, 0xbb, 0xb9, 0xe0,
    0xe, 0x10, 0x0, 0x1, 0x11, 0x10, 0x20, 0xe,
    0x10, 0x0, 0xa, 0xdd, 0xd7, 0x99, 0x9f, 0xa9,
    0x94, 0x0, 0x0, 0x0, 0x66, 0x6f, 0x86, 0x63,
    0xc, 0xdd, 0xd6, 0x0, 0xe, 0x10, 0x0, 0xd,
    0x10, 0x67, 0x0, 0xe, 0x10, 0x0, 0xd, 0x10,
    0x67, 0x0, 0xe, 0x10, 0x0, 0xd, 0xcc, 0xd7,
    0x0, 0xe, 0x10, 0x0, 0xb, 0x21, 0x10, 0x0,
    0xe, 0x10, 0x0,

    /* U+8A54 "詔" */
    0x0, 0x44, 0x0, 0x0, 0x0, 0x0, 0x0, 0x0,
    0x3d, 0x0, 0xdf, 0xff, 0xff, 0xf3, 0x2, 0x28,
    0x32, 0x0, 0xa7, 0x0, 0xc2, 0x2b, 0xbb, 0xba,
    0x0, 0xf2, 0x0, 0xe1, 0x5, 0x88, 0x83, 0x7,
    0xb0, 0x0, 0xf0, 0x1, 0x22, 0x21, 0x9d, 0x10,
    0xbc, 0xb0, 0x9, 0xee, 0xe6, 0x50, 0x0, 0x33,
    0x0, 0x0, 0x0, 0x0, 0x5c, 0xcc, 0xcc, 0xb0,
    0x9, 0xee, 0xe7, 0x6a, 0x33, 0x34, 0xe0, 0xa,
    0x30, 0x68, 0x69, 0x0, 0x1, 0xe0, 0xa, 0x30,
    0x68, 0x69, 0x0, 0x1, 0xe0, 0xa, 0xdd, 0xe8,
    0x6e, 0xbb, 0xbc, 0xe0, 0xa, 0x40, 0x0, 0x6a,
    0x33, 0x34, 0xe0, 0x0, 0x0, 0x0, 0x11, 0x0,
    0x0, 0x10,

    /* U+8A63 "詣" */
    0x0, 0x0, 0x0, 0x0, 0x0, 0x0, 0x0, 0x0,
    0x95, 0x0, 0x5b, 0x0, 0x0, 0x0, 0x0, 0x4a,
    0x0, 0x5b, 0x1, 0x7e, 0x80, 0x13, 0x3b, 0x32,
    0x5d, 0xbf, 0xb4, 0x0, 0x3a, 0xaa, 0xa9, 0x5d,
    0x40, 0x0, 0x32, 0x3, 0x66, 0x62, 0x5c, 0x0,
    0x0, 0xa6, 0x3, 0x55, 0x51, 0x1c, 0xee, 0xee,
    0xc1, 0x7, 0x88, 0x86, 0x0, 0x0, 0x0, 0x0,
    0x3, 0x44, 0x43, 0x2f, 0xee, 0xee, 0xe0, 0x6,
    0xaa, 0xa4, 0x2d, 0x0, 0x1, 0xe0, 0xa, 0x62,
    0x87, 0x2f, 0xdd, 0xdd, 0xe0, 0xa, 0x40, 0x77,
    0x2d, 0x0, 0x1, 0xe0, 0xa, 0x72, 0x97, 0x2e,
    0x33, 0x34, 0xe0, 0xa, 0xca, 0xa5, 0x2f, 0xaa,
    0xab, 0xe0,

    /* U+8A72 "該" */
    0x0, 0x73, 0x0, 0x0, 0xa, 0x0, 0x0, 0x0,
    0x3d, 0x0, 0x0, 0x9, 0x60, 0x0, 0x27, 0x79,
    0x76, 0xbe, 0xef, 0xfe, 0xe7, 0x15, 0x55, 0x55,
    0x0, 0xa6, 0x0, 0x0, 0x8, 0xbb, 0xb4, 0x3,
    0xc0, 0x1b, 0x0, 0x1, 0x11, 0x10, 0x3e, 0x97,
    0xc6, 0x0, 0x9, 0xdd, 0xd5, 0x69, 0x8e, 0xa0,
    0x20, 0x0, 0x0, 0x0, 0x0, 0x9b, 0x6, 0xd0,
    0xa, 0xee, 0xe5, 0x3c, 0x80, 0x3e, 0x30, 0xb,
    0x20, 0x76, 0x93, 0x3, 0xe4, 0x0, 0xb, 0x20,
    0x76, 0x0, 0x7e, 0xca, 0x0, 0xb, 0xdd, 0xe7,
    0x6d, 0xb1, 0xb, 0xb0, 0xb, 0x30, 0x9, 0xd5,
    0x0, 0x0, 0xd4, 0x0, 0x0, 0x0, 0x0, 0x0,
    0x0, 0x0,

    /* U+8A93 "誓" */
    0x0, 0xa, 0x50, 0x0, 0x14, 0x8d, 0x40, 0xb,
    0xbe, 0xdb, 0x6c, 0xda, 0x72, 0x0, 0x3, 0x3b,
    0x73, 0x1e, 0x0, 0x0, 0x0, 0x6, 0x8d, 0xcb,
    0x7f, 0xdd, 0xfe, 0xd5, 0x5, 0x3b, 0x60, 0x9b,
    0x0, 0xa5, 0x0, 0x0, 0xcd, 0x24, 0xf1, 0x0,
    0xa5, 0x0, 0x6, 0x66, 0x66, 0xda, 0x66, 0x77,
    0x61, 0x5, 0x55, 0x55, 0x55, 0x55, 0x55, 0x51,
    0x0, 0x29, 0x99, 0x99, 0x99, 0x93, 0x0, 0x0,
    0x29, 0x99, 0x99, 0x99, 0x93, 0x0, 0x0, 0x4a,
    0xaa, 0xaa, 0xaa, 0xa4, 0x0, 0x0, 0x69, 0x0,
    0x0, 0x0, 0x87, 0x0, 0x0, 0x6d, 0xaa, 0xaa,
    0xaa, 0xd7, 0x0,

    /* U+8A95 "誕" */
    0x3, 0x30, 0x0, 0x0, 0x0, 0x5, 0x20, 0x3,
    0xc0, 0x6f, 0xf6, 0x7b, 0xfb, 0x40, 0x7a, 0xda,
    0x20, 0xd1, 0x31, 0xe0, 0x0, 0x23, 0x33, 0x4,
    0x90, 0x0, 0xe0, 0x0, 0x19, 0x98, 0xc, 0x20,
    0xc0, 0xe1, 0x10, 0x2, 0x22, 0x5c, 0xd7, 0xc0,
    0xed, 0xa0, 0x2d, 0xdb, 0x0, 0x75, 0xc0, 0xe0,
    0x0, 0x0, 0x0, 0x47, 0xa3, 0xc0, 0xe0, 0x0,
    0x3d, 0xdc, 0x1c, 0xd0, 0xc0, 0xe0, 0x0, 0x39,
    0xd, 0xb, 0xa0, 0xc8, 0xf8, 0x70, 0x39, 0xd,
    0xa, 0xd1, 0x45, 0x55, 0x40, 0x3e, 0xce, 0x5c,
    0x5d, 0x52, 0x0, 0x0, 0x3a, 0x11, 0xd3, 0x3,
    0xbe, 0xff, 0xd0, 0x1, 0x0, 0x0, 0x0, 0x0,
    0x0, 0x0,

    /* U+8AA0 "誠" */
    0x1, 0xa0, 0x0, 0x0, 0x5, 0x98, 0x20, 0x0,
    0xb6, 0x0, 0x0, 0x5, 0x92, 0xd0, 0x24, 0x88,
    0x40, 0x0, 0x4, 0x90, 0x30, 0x59, 0x99, 0x96,
    0xff, 0xff, 0xff, 0xf4, 0x4, 0x44, 0x36, 0x80,
    0x3, 0xa0, 0x0, 0x7, 0x88, 0x56, 0x91, 0x12,
    0xb0, 0xa0, 0x6, 0x66, 0x46, 0xec, 0xf2, 0xd5,
    0xa0, 0x4, 0x44, 0x27, 0x80, 0xd1, 0xeb, 0x50,
    0xd, 0xdd, 0x88, 0x60, 0xe0, 0xdd, 0x0, 0xd,
    0x4, 0x99, 0x50, 0xe0, 0xc6, 0x10, 0xd, 0x4,
    0x9c, 0x7b, 0xc4, 0xf7, 0x47, 0xf, 0xcd, 0xbe,
    0x13, 0x3c, 0x3d, 0x94, 0xb, 0x11, 0x47, 0x0,
    0x82, 0x9, 0xd0,

    /* U+8AA6 "誦" */
    0x0, 0x44, 0x0, 0x0, 0x0, 0x0, 0x0, 0x0,
    0x2e, 0x0, 0x7e, 0xee, 0xef, 0xc0, 0x16, 0x6a,
    0x64, 0x5, 0x50, 0x8c, 0x10, 0x15, 0x55, 0x54,
    0x1, 0x9f, 0xb0, 0x0, 0x7, 0xbb, 0xb4, 0xad,
    0xdf, 0xfe, 0xd1, 0x0, 0x11, 0x10, 0xb3, 0xe,
    0x10, 0xf1, 0x8, 0xdd, 0xd5, 0xb7, 0x4e, 0x54,
    0xf1, 0x0, 0x0, 0x0, 0xbb, 0x9f, 0xa9, 0xf1,
    0x8, 0xee, 0xe6, 0xb3, 0xd, 0x10, 0xf1, 0x9,
    0x40, 0x77, 0xbc, 0xbf, 0xcb, 0xf1, 0x9, 0x40,
    0x77, 0xb5, 0x1e, 0x21, 0xf1, 0x9, 0xed, 0xe7,
    0xb3, 0xd, 0x10, 0xf1, 0x9, 0x50, 0x0, 0xb3,
    0xd, 0x8e, 0xc0, 0x0, 0x0, 0x0, 0x20, 0x1,
    0x0, 0x0,

    /* U+8AB0 "誰" */
    0x0, 0x33, 0x0, 0x0, 0x51, 0x20, 0x0, 0x0,
    0x4d, 0x0, 0x6, 0xb4, 0xc0, 0x0, 0x2, 0x29,
    0x32, 0xc, 0x50, 0xa1, 0x0, 0x2b, 0xbb, 0xba,
    0x5f, 0xef, 0xfe, 0xe1, 0x5, 0x77, 0x74, 0xed,
    0x1, 0xe0, 0x0, 0x1, 0x22, 0x23, 0x9f, 0xbb,
    0xfb, 0x90, 0x8, 0xdd, 0xd6, 0x1e, 0x34, 0xe3,
    0x30, 0x0, 0x0, 0x0, 0x1d, 0x1, 0xe0, 0x0,
    0xa, 0xed, 0xe8, 0x1f, 0xff, 0xff, 0xd0, 0xa,
    0x40, 0x68, 0x1d, 0x1, 0xe0, 0x0, 0xa, 0x40,
    0x68, 0x1d, 0x12, 0xe1, 0x10, 0xa, 0xed, 0xe8,
    0x1f, 0xee, 0xee, 0xe4, 0xa, 0x50, 0x0, 0x1d,
    0x0, 0x0, 0x0,

    /* U+8ACB "請" */
    0x0, 0x65, 0x0, 0x0, 0xe, 0x10, 0x0, 0x0,
    0x2d, 0x0, 0x9c, 0xcf, 0xdc, 0xc5, 0x16, 0x6a,
    0x75, 0x13, 0x3f, 0x43, 0x30, 0x15, 0x55, 0x54,
    0x27, 0x7f, 0x77, 0x71, 0x7, 0xbb, 0xb4, 0xaa,
    0xaf, 0xba, 0xa8, 0x0, 0x11, 0x10, 0x11, 0x11,
    0x11, 0x11, 0x8, 0xdd, 0xd4, 0xf, 0xdd, 0xdd,
    0xe0, 0x0, 0x0, 0x0, 0xe, 0x11, 0x13, 0xe0,
    0x9, 0xee, 0xe6, 0xf, 0xaa, 0xaa, 0xe0, 0xa,
    0x30, 0x76, 0xe, 0x55, 0x56, 0xe0, 0xa, 0x30,
    0x76, 0xe, 0x55, 0x56, 0xe0, 0xa, 0xdd, 0xe6,
    0xd, 0x0, 0x1, 0xe0, 0x8, 0x30, 0x0, 0xd,
    0x0, 0xbd, 0xa0,

    /* U+8AF8 "諸" */
    0x0, 0x74, 0x0, 0x0, 0x97, 0x0, 0x0, 0x0,
    0x4c, 0x0, 0x0, 0x97, 0x0, 0xc3, 0x2, 0x28,
    0x21, 0xcf, 0xff, 0xfc, 0xb0, 0x2b, 0xbb, 0xb7,
    0x1, 0xa8, 0x2d, 0x20, 0x3, 0x44, 0x41, 0x22,
    0xa8, 0xc9, 0x21, 0x5, 0x88, 0x85, 0xcc, 0xdf,
    0xdc, 0xc9, 0x5, 0x88, 0x81, 0x5, 0xe6, 0x0,
    0x0, 0x1, 0x22, 0x22, 0xbf, 0xee, 0xee, 0xe0,
    0x8, 0xcc, 0xc7, 0x7e, 0x10, 0x1, 0xe0, 0xa,
    0x30, 0x94, 0xe, 0xdd, 0xdd, 0xe0, 0xa, 0x30,
    0x94, 0xe, 0x10, 0x1, 0xe0, 0xa, 0x97, 0xc4,
    0xe, 0x42, 0x24, 0xe0, 0x8, 0x87, 0x71, 0xe,
    0xbb, 0xbb, 0xe0,

    /* U+8B02 "謂" */
    0x0, 0x23, 0x0, 0x0, 0x0, 0x0, 0x0, 0x0,
    0x4d, 0x0, 0xbd, 0xcf, 0xcc, 0xe6, 0x2, 0x29,
    0x32, 0xb4, 0xe, 0x0, 0x96, 0x2b, 0xbb, 0xb9,
    0xbc, 0xbf, 0xbb, 0xe6, 0x4, 0x66, 0x62, 0xb6,
    0x3f, 0x33, 0xb6, 0x2, 0x44, 0x41, 0x57, 0x77,
    0x77, 0x73, 0x8, 0xdd, 0xd4, 0x2d, 0xdd, 0xdd,
    0xc0, 0x0, 0x0, 0x0, 0x3c, 0x0, 0x1, 0xe0,
    0x8, 0xdd, 0xd5, 0x3f, 0xdd, 0xdd, 0xe0, 0xa,
    0x40, 0x86, 0x3c, 0x0, 0x2, 0xe0, 0xa, 0x40,
    0x76, 0x3e, 0xbb, 0xbb, 0xe0, 0xa, 0xdd, 0xe6,
    0x3b, 0x0, 0x1, 0xe0, 0x8, 0x40, 0x0, 0x3b,
    0x0, 0xbd, 0x90,

    /* U+8B1B "講" */
    0x0, 0x0, 0x0, 0x0, 0x0, 0x0, 0x0, 0x0,
    0xd1, 0x0, 0xd, 0x30, 0xb0, 0x0, 0x0, 0x89,
    0x6, 0xbf, 0xcb, 0xeb, 0x80, 0x46, 0x78, 0x61,
    0x1e, 0x51, 0xc2, 0x10, 0x47, 0x77, 0x73, 0xcf,
    0xdc, 0xfc, 0x50, 0x8, 0x88, 0x53, 0x3e, 0x63,
    0xc4, 0x30, 0x3, 0x33, 0x27, 0x77, 0x9e, 0x77,
    0x70, 0x1d, 0xdd, 0x80, 0xbb, 0xcf, 0xbb, 0x20,
    0x0, 0x0, 0x0, 0xe1, 0x3d, 0x1d, 0x30, 0x1d,
    0xdd, 0x90, 0xfb, 0xcf, 0xbf, 0x30, 0x1b, 0x2,
    0xb2, 0xe1, 0x3d, 0x1d, 0x40, 0x1b, 0x1, 0xb9,
    0xfa, 0xaa, 0xae, 0xb0, 0x1f, 0xdd, 0xb0, 0xe0,
    0x0, 0xc, 0x30, 0x1b, 0x0, 0x0, 0xe0, 0x1,
    0xdd, 0x10,

    /* U+8B1D "謝" */
    0x0, 0x0, 0x0, 0x0, 0x0, 0x0, 0x0, 0x0,
    0xa0, 0x0, 0x4b, 0x0, 0x1, 0xe0, 0x0, 0xa3,
    0x0, 0x77, 0x0, 0x1, 0xe0, 0x3, 0x76, 0x2a,
    0xed, 0xe0, 0x1, 0xe0, 0xa, 0xaa, 0x7a, 0x30,
    0xe5, 0x78, 0xf5, 0x3, 0x55, 0x2a, 0xdc, 0xe5,
    0x78, 0xf5, 0x4, 0x77, 0x2a, 0x30, 0xe2, 0x11,
    0xe0, 0x4, 0x77, 0x2a, 0xdc, 0xe7, 0x71, 0xe0,
    0x2, 0x44, 0x2c, 0x96, 0xe1, 0xe1, 0xe0, 0x8,
    0xdd, 0x65, 0x6e, 0xe0, 0xa2, 0xe0, 0xa, 0x26,
    0x50, 0xb7, 0xe0, 0x1, 0xe0, 0xa, 0x26, 0x9d,
    0x70, 0xe0, 0x1, 0xe0, 0xa, 0xcd, 0x74, 0x0,
    0xe0, 0x1, 0xe0, 0x9, 0x41, 0x0, 0x6e, 0xa0,
    0xbe, 0x90, 0x0, 0x0, 0x0, 0x0, 0x0, 0x0,
    0x0,

    /* U+8B2C "謬" */
    0x0, 0x50, 0x0, 0x0, 0x0, 0x0, 0x0, 0x0,
    0xb4, 0x3, 0xcc, 0xe5, 0xcc, 0xe0, 0x24, 0x77,
    0x41, 0xa1, 0xd2, 0x90, 0xe0, 0x26, 0x66, 0x60,
    0x37, 0xe0, 0x69, 0xe0, 0xb, 0xbb, 0x73, 0xc5,
    0xe6, 0xb3, 0xe0, 0x1, 0x11, 0x1, 0x0, 0x7e,
    0x0, 0xd0, 0x7, 0x88, 0x50, 0x5, 0xea, 0x91,
    0x0, 0x3, 0x33, 0x23, 0xcc, 0x37, 0x4d, 0xa3,
    0xd, 0xee, 0xa6, 0x54, 0xc3, 0x61, 0x63, 0xc,
    0x0, 0xb0, 0x27, 0x3b, 0x63, 0x20, 0xc, 0x0,
    0xb0, 0x2b, 0x92, 0x6d, 0x10, 0xe, 0xdd, 0xb0,
    0x4, 0x8d, 0x91, 0x0, 0xc, 0x0, 0x0, 0xed,
    0x81, 0x0, 0x0, 0x0, 0x0, 0x0, 0x0, 0x0,
    0x0, 0x0,

    /* U+8B49 "證" */
    0x0, 0x50, 0x0, 0x0, 0x3, 0x10, 0x0, 0x0,
    0xc3, 0x5, 0xde, 0x98, 0x9c, 0x0, 0x24, 0x77,
    0x44, 0x2c, 0x42, 0xf2, 0x70, 0x57, 0x77, 0x73,
    0xdb, 0x0, 0x8e, 0x40, 0x19, 0x99, 0x62, 0xdd,
    0xdd, 0xdc, 0x90, 0x3, 0x33, 0x2b, 0x31, 0x11,
    0x12, 0xa2, 0x1d, 0xdd, 0x80, 0xdc, 0xbb, 0xce,
    0x0, 0x0, 0x0, 0x0, 0xd0, 0x0, 0xe, 0x0,
    0x1f, 0xdd, 0xb0, 0xda, 0xaa, 0xae, 0x0, 0x1b,
    0x1, 0xb0, 0x49, 0x22, 0x96, 0x0, 0x1b, 0x1,
    0xb0, 0x1f, 0x10, 0xe2, 0x0, 0x1f, 0xdd, 0xb0,
    0xb, 0x35, 0xb0, 0x0, 0x1b, 0x0, 0xb, 0xdd,
    0xdf, 0xed, 0xd1, 0x1, 0x0, 0x0, 0x0, 0x0,
    0x0, 0x0,

    /* U+8B58 "識" */
    0x0, 0xa0, 0x0, 0x54, 0x6, 0x80, 0x0, 0x0,
    0x95, 0x2, 0x6b, 0x36, 0x9a, 0x10, 0x2, 0x46,
    0x2a, 0xdd, 0xd8, 0x96, 0x80, 0xb, 0xbb, 0x93,
    0x72, 0xa4, 0xa1, 0xb0, 0x4, 0x66, 0x47, 0xca,
    0xa9, 0xc6, 0x61, 0x2, 0x44, 0x25, 0x55, 0x57,
    0xd5, 0x51, 0x8, 0xdd, 0x68, 0xcb, 0xf1, 0xd1,
    0xb0, 0x0, 0x0, 0x8, 0x40, 0xe0, 0xe6, 0x70,
    0x7, 0xcc, 0x68, 0xdc, 0xf0, 0xec, 0x0, 0x9,
    0x35, 0x78, 0x40, 0xe0, 0xc8, 0x0, 0x9, 0x24,
    0x78, 0xcb, 0xf4, 0xf7, 0x63, 0x9, 0xdd, 0x78,
    0x40, 0xac, 0x3d, 0xb2, 0x9, 0x31, 0x0, 0x0,
    0xa1, 0x9, 0xb0,

    /* U+8B6C "譬" */
    0x0, 0x0, 0x0, 0x0, 0x3, 0x50, 0x0, 0x4,
    0xea, 0xad, 0x77, 0xeb, 0xbd, 0xc1, 0x5, 0xeb,
    0xbd, 0x70, 0x94, 0xc, 0x20, 0x7, 0xa4, 0x44,
    0x4b, 0xbc, 0xeb, 0xb6, 0xc, 0xf7, 0x58, 0x87,
    0x9b, 0xd9, 0x91, 0x1b, 0xbb, 0xac, 0x91, 0x5,
    0xa0, 0x0, 0x2, 0x22, 0x22, 0x7c, 0x23, 0x42,
    0x21, 0x18, 0x88, 0x88, 0x88, 0x88, 0x88, 0x85,
    0x0, 0x8, 0x99, 0x99, 0x99, 0x93, 0x0, 0x0,
    0x8, 0x88, 0x88, 0x88, 0x83, 0x0, 0x0, 0x1a,
    0xaa, 0xaa, 0xaa, 0xa6, 0x0, 0x0, 0x2d, 0x0,
    0x0, 0x0, 0x79, 0x0, 0x0, 0x2f, 0xaa, 0xaa,
    0xaa, 0xc9, 0x0,

    /* U+8B70 "議" */
    0x0, 0x40, 0x0, 0x24, 0x0, 0x6, 0x0, 0x0,
    0xd1, 0x1, 0x3d, 0x32, 0x89, 0x20, 0x12, 0x85,
    0x24, 0x99, 0xbe, 0x99, 0x90, 0x4b, 0xbb, 0xa0,
    0x77, 0xad, 0x77, 0x50, 0x6, 0x66, 0x40, 0x22,
    0x6c, 0x22, 0x10, 0x4, 0x44, 0x3c, 0xcc, 0xcc,
    0xcc, 0xc4, 0x9, 0xaa, 0x63, 0x7a, 0xc5, 0x78,
    0x30, 0x2, 0x22, 0x13, 0x4f, 0x4, 0x91, 0xb0,
    0xb, 0xcc, 0x7c, 0xdf, 0xdd, 0xed, 0xd4, 0xd,
    0x14, 0x90, 0xf, 0x33, 0xd3, 0x50, 0xc, 0x3,
    0xab, 0xbf, 0x73, 0xcc, 0x10, 0xe, 0xcd, 0x90,
    0xe, 0x7, 0xe9, 0x36, 0xb, 0x11, 0x4, 0xcb,
    0x57, 0xb, 0xd3, 0x0, 0x0, 0x0, 0x0, 0x0,
    0x0, 0x0,

    /* U+8B8A "變" */
    0x0, 0x60, 0x0, 0x60, 0x0, 0x24, 0x0, 0x3,
    0x91, 0x25, 0xd7, 0x50, 0xb2, 0x20, 0x1d, 0x3c,
    0x45, 0x55, 0x58, 0x96, 0x80, 0x39, 0xe5, 0x18,
    0x88, 0x58, 0xba, 0x30, 0x1b, 0x8a, 0x49, 0x99,
    0x56, 0xd6, 0xc0, 0x37, 0x55, 0x6a, 0xaa, 0x57,
    0x53, 0x81, 0x47, 0xa8, 0x39, 0x2, 0x8c, 0x37,
    0xa0, 0x74, 0xb3, 0x5c, 0xab, 0x8c, 0x19, 0x71,
    0x31, 0x4, 0xc1, 0x0, 0x2, 0x1, 0x0, 0x0,
    0x6f, 0xcb, 0xbb, 0xbe, 0xfb, 0xa0, 0x2c, 0xa6,
    0xc5, 0x0, 0x8d, 0x30, 0x0, 0x4, 0x0, 0x2c,
    0xef, 0xc2, 0x0, 0x0, 0x49, 0xbd, 0xc8, 0x44,
    0x9d, 0xfc, 0xa2, 0x25, 0x20, 0x0, 0x0, 0x0,
    0x2, 0x40,

    /* U+8BA1 "计" */
    0x0, 0x71, 0x0, 0x0, 0x5b, 0x0, 0x0, 0x0,
    0x7d, 0x10, 0x0, 0x5b, 0x0, 0x0, 0x0, 0x8,
    0x80, 0x0, 0x5b, 0x0, 0x0, 0x0, 0x0, 0x0,
    0x0, 0x5b, 0x0, 0x0, 0x25, 0x55, 0x1, 0x11,
    0x6c, 0x11, 0x10, 0x3a, 0xbe, 0xe, 0xff, 0xff,
    0xff, 0xf4, 0x0, 0x1e, 0x0, 0x0, 0x5b, 0x0,
    0x0, 0x0, 0x1e, 0x0, 0x0, 0x5b, 0x0, 0x0,
    0x0, 0x1e, 0x0, 0x0, 0x5b, 0x0, 0x0, 0x0,
    0x1e, 0x4, 0x0, 0x5b, 0x0, 0x0, 0x0, 0x2f,
    0xd8, 0x0, 0x5b, 0x0, 0x0, 0x0, 0x8e, 0x40,
    0x0, 0x5b, 0x0, 0x0, 0x0, 0x52, 0x0, 0x0,
    0x5b, 0x0, 0x0,

    /* U+8BAE "议" */
    0x0, 0x0, 0x0, 0x0, 0x10, 0x0, 0x0, 0x0,
    0xd3, 0x3, 0x30, 0xe2, 0x2, 0x80, 0x0, 0x4e,
    0x16, 0xa0, 0x7a, 0x6, 0xa0, 0x0, 0x4, 0x1,
    0xe0, 0x1d, 0xa, 0x70, 0x2, 0x22, 0x0, 0xd2,
    0x0, 0xe, 0x30, 0x1d, 0xed, 0x0, 0x97, 0x0,
    0x2f, 0x0, 0x0, 0x2d, 0x0, 0x4e, 0x0, 0x89,
    0x0, 0x0, 0x2d, 0x0, 0xb, 0x60, 0xe2, 0x0,
    0x0, 0x2d, 0x0, 0x3, 0xe9, 0xa0, 0x0, 0x0,
    0x2d, 0x0, 0x0, 0xbf, 0x10, 0x0, 0x0, 0x2e,
    0x8b, 0x4, 0xee, 0xa0, 0x0, 0x0, 0x5f, 0xa1,
    0x8e, 0x31, 0xcc, 0x30, 0x0, 0x76, 0x2e, 0xb2,
    0x0, 0x8, 0xf8, 0x0, 0x0, 0x3, 0x0, 0x0,
    0x0, 0x11,

    /* U+8BB0 "记" */
    0x0, 0x50, 0x0, 0x0, 0x0, 0x0, 0x0, 0x0,
    0xc9, 0x5, 0xff, 0xff, 0xff, 0x30, 0x0, 0xd,
    0x50, 0x11, 0x11, 0x1d, 0x30, 0x0, 0x1, 0x0,
    0x0, 0x0, 0xc, 0x30, 0x15, 0x54, 0x0, 0x0,
    0x0, 0xc, 0x30, 0x4c, 0xce, 0x0, 0x0, 0x0,
    0xc, 0x30, 0x0, 0x1e, 0x0, 0xef, 0xff, 0xff,
    0x30, 0x0, 0x1e, 0x0, 0xe2, 0x0, 0x4, 0x10,
    0x0, 0x1e, 0x0, 0xe2, 0x0, 0x0, 0x0, 0x0,
    0x1e, 0x0, 0xe2, 0x0, 0x0, 0x40, 0x0, 0x1f,
    0xb5, 0xe2, 0x0, 0x0, 0xd3, 0x0, 0x5f, 0x70,
    0xe4, 0x0, 0x1, 0xf0, 0x0, 0x74, 0x0, 0x8f,
    0xff, 0xff, 0x80,

    /* U+8BB2 "讲" */
    0x0, 0x60, 0x0, 0xf, 0x0, 0x78, 0x0, 0x0,
    0xc8, 0x0, 0xf, 0x0, 0x78, 0x0, 0x0, 0x1e,
    0x30, 0xf, 0x0, 0x78, 0x0, 0x0, 0x2, 0xe,
    0xff, 0xff, 0xff, 0xf4, 0x2, 0x21, 0x2, 0x2f,
    0x22, 0x9a, 0x20, 0x2d, 0xec, 0x0, 0xf, 0x0,
    0x78, 0x0, 0x0, 0x3c, 0x0, 0xf, 0x0, 0x78,
    0x0, 0x0, 0x3c, 0x2e, 0xff, 0xee, 0xff, 0xe7,
    0x0, 0x3c, 0x1, 0x4d, 0x11, 0x89, 0x10, 0x0,
    0x3c, 0x41, 0x6a, 0x0, 0x78, 0x0, 0x0, 0x4f,
    0xd1, 0xb6, 0x0, 0x78, 0x0, 0x0, 0xbb, 0x14,
    0xe1, 0x0, 0x78, 0x0, 0x0, 0x40, 0xb, 0x40,
    0x0, 0x78, 0x0, 0x0, 0x0, 0x0, 0x0, 0x0,
    0x0, 0x0,

    /* U+8BB8 "许" */
    0x0, 0x0, 0x0, 0x16, 0x0, 0x0, 0x0, 0x1,
    0xd3, 0x0, 0x6b, 0x0, 0x0, 0x0, 0x0, 0x4e,
    0x20, 0xaa, 0x44, 0x44, 0x40, 0x0, 0x4, 0x21,
    0xeb, 0xcf, 0xbb, 0xb0, 0x2, 0x22, 0x8, 0xa0,
    0x2e, 0x0, 0x0, 0x4d, 0xde, 0x9, 0x20, 0x2e,
    0x0, 0x0, 0x0, 0x1e, 0x0, 0x0, 0x3e, 0x0,
    0x0, 0x0, 0x1e, 0xe, 0xff, 0xff, 0xff, 0xf7,
    0x0, 0x1e, 0x0, 0x0, 0x2e, 0x0, 0x0, 0x0,
    0x1e, 0x1, 0x0, 0x2e, 0x0, 0x0, 0x0, 0x1f,
    0xa8, 0x0, 0x2e, 0x0, 0x0, 0x0, 0x6f, 0x60,
    0x0, 0x2e, 0x0, 0x0, 0x0, 0x22, 0x0, 0x0,
    0x2e, 0x0, 0x0,

    /* U+8BBE "设" */
    0x0, 0x10, 0x0, 0x0, 0x0, 0x0, 0x0, 0x0,
    0xc7, 0x0, 0xe, 0xff, 0xfc, 0x0, 0x0, 0x1c,
    0x70, 0xf, 0x10, 0x3c, 0x0, 0x0, 0x1, 0x10,
    0x2e, 0x0, 0x3c, 0x0, 0x16, 0x65, 0x2, 0xd6,
    0x0, 0x1e, 0x86, 0x17, 0x9c, 0xa, 0x60, 0x0,
    0x3, 0x43, 0x0, 0x3c, 0x5, 0xcc, 0xcc, 0xcc,
    0xb0, 0x0, 0x3c, 0x1, 0xb7, 0x22, 0x2a, 0x80,
    0x0, 0x3c, 0x0, 0x3e, 0x10, 0x2e, 0x10, 0x0,
    0x3c, 0x14, 0x7, 0xd4, 0xe4, 0x0, 0x0, 0x3e,
    0xe5, 0x0, 0xcf, 0xa0, 0x0, 0x0, 0xad, 0x22,
    0x7e, 0xb6, 0xdd, 0x62, 0x0, 0x40, 0xa, 0x93,
    0x0, 0x5, 0xa8,

    /* U+8BC0 "诀" */
    0x0, 0x70, 0x0, 0x0, 0xc3, 0x0, 0x0, 0x0,
    0xba, 0x0, 0x0, 0xc3, 0x0, 0x0, 0x0, 0xc,
    0x61, 0x22, 0xc5, 0x22, 0x0, 0x0, 0x1, 0x15,
    0xcc, 0xfd, 0xcf, 0x20, 0x2, 0x22, 0x0, 0x0,
    0xc3, 0xd, 0x20, 0x3d, 0xde, 0x0, 0x0, 0xc3,
    0xd, 0x20, 0x0, 0x1e, 0x1, 0x11, 0xd4, 0x1d,
    0x30, 0x0, 0x1e, 0xd, 0xee, 0xff, 0xee, 0xe4,
    0x0, 0x1e, 0x0, 0x2, 0xee, 0x10, 0x0, 0x0,
    0x1e, 0x2, 0x8, 0x98, 0x90, 0x0, 0x0, 0x1f,
    0xb7, 0x2e, 0x21, 0xe2, 0x0, 0x0, 0x4f, 0x63,
    0xe6, 0x0, 0x7e, 0x20, 0x0, 0x84, 0x5e, 0x50,
    0x0, 0x7, 0xf4, 0x0, 0x0, 0x1, 0x0, 0x0,
    0x0, 0x20,

    /* U+8BC1 "证" */
    0x0, 0x50, 0x0, 0x0, 0x0, 0x0, 0x0, 0x1,
    0xc8, 0x6, 0xee, 0xee, 0xee, 0xe3, 0x0, 0x1d,
    0x40, 0x11, 0x1e, 0x41, 0x10, 0x0, 0x1, 0x0,
    0x0, 0xd, 0x20, 0x0, 0x3, 0x32, 0x0, 0x0,
    0xd, 0x20, 0x0, 0xb, 0xbe, 0x0, 0xb4, 0xd,
    0x30, 0x0, 0x0, 0x1e, 0x0, 0xb4, 0xd, 0xff,
    0xd0, 0x0, 0x1e, 0x0, 0xb4, 0xd, 0x20, 0x0,
    0x0, 0x1e, 0x0, 0xb4, 0xd, 0x20, 0x0, 0x0,
    0x1e, 0x2, 0xb4, 0xd, 0x20, 0x0, 0x0, 0x2f,
    0xd6, 0xb4, 0xd, 0x20, 0x0, 0x0, 0x6f, 0x53,
    0xc7, 0x3e, 0x53, 0x32, 0x0, 0x83, 0xb, 0xcc,
    0xcc, 0xcc, 0xc7,

    /* U+8BC6 "识" */
    0x0, 0x50, 0x0, 0x0, 0x0, 0x0, 0x0, 0x1,
    0xc8, 0x0, 0xdf, 0xff, 0xff, 0xe0, 0x0, 0xc,
    0x40, 0xd3, 0x0, 0x3, 0xe0, 0x0, 0x0, 0x0,
    0xd2, 0x0, 0x2, 0xe0, 0x9, 0x98, 0x0, 0xd2,
    0x0, 0x2, 0xe0, 0x6, 0x7e, 0x0, 0xd2, 0x0,
    0x2, 0xe0, 0x0, 0x1e, 0x0, 0xdd, 0xcc, 0xcd,
    0xe0, 0x0, 0x1e, 0x0, 0x33, 0x33, 0x33, 0x30,
    0x0, 0x1e, 0x0, 0x4, 0x0, 0x4, 0x0, 0x0,
    0x1e, 0x45, 0x3e, 0x0, 0x1e, 0x30, 0x0, 0x3f,
    0xd2, 0xa8, 0x0, 0x7, 0xc0, 0x0, 0x9b, 0x14,
    0xe1, 0x0, 0x0, 0xe3, 0x0, 0x30, 0x7, 0x40,
    0x0, 0x0, 0x64,

    /* U+8BCF "诏" */
    0x0, 0x10, 0x0, 0x0, 0x0, 0x0, 0x0, 0x1,
    0xe5, 0x4, 0xff, 0xff, 0xff, 0xf1, 0x0, 0x3e,
    0x40, 0x1, 0xf0, 0x0, 0xf0, 0x0, 0x3, 0x10,
    0x5, 0xb0, 0x0, 0xf0, 0x2, 0x22, 0x0, 0xd,
    0x40, 0x2, 0xe0, 0x1d, 0xde, 0x1, 0xb9, 0x1,
    0x48, 0xa0, 0x0, 0x1e, 0x5, 0x50, 0x1, 0x76,
    0x10, 0x0, 0x1e, 0x0, 0xdd, 0xdd, 0xdd, 0xc0,
    0x0, 0x1e, 0x0, 0xf1, 0x11, 0x13, 0xe0, 0x0,
    0x1e, 0x36, 0xf0, 0x0, 0x1, 0xe0, 0x0, 0x2f,
    0xe4, 0xf0, 0x0, 0x1, 0xe0, 0x0, 0x9c, 0x10,
    0xfc, 0xbb, 0xbc, 0xe0, 0x0, 0x30, 0x0, 0xf4,
    0x33, 0x34, 0xd0,

    /* U+8BDA "诚" */
    0x3, 0x0, 0x0, 0x0, 0xe, 0x18, 0x0, 0x8,
    0xc1, 0x0, 0x0, 0xe, 0xa, 0x60, 0x0, 0x9b,
    0x2, 0x22, 0x2e, 0x34, 0x50, 0x0, 0x8, 0xf,
    0xcc, 0xcf, 0xcc, 0xc2, 0x46, 0x61, 0xf, 0x0,
    0xb, 0x20, 0x10, 0x46, 0xd3, 0xf, 0xbb, 0x8a,
    0x42, 0xc0, 0x0, 0xc3, 0xf, 0x35, 0xb8, 0x66,
    0x70, 0x0, 0xc3, 0xf, 0x3, 0xb6, 0x9c, 0x30,
    0x0, 0xc3, 0xe, 0x4, 0xa3, 0xec, 0x0, 0x0,
    0xc3, 0x5d, 0x5, 0x90, 0xf4, 0x0, 0x0, 0xcd,
    0xda, 0xad, 0x56, 0xf4, 0x74, 0x1, 0xf8, 0xa6,
    0x11, 0x3c, 0x6a, 0x92, 0x2, 0x60, 0xc1, 0x0,
    0xb2, 0xb, 0xc0, 0x0, 0x0, 0x0, 0x0, 0x0,
    0x0, 0x0,

    /* U+8BDE "诞" */
    0x2, 0x0, 0x0, 0x0, 0x0, 0x3, 0x30, 0xb,
    0x80, 0xdf, 0xf6, 0x6a, 0xec, 0x60, 0x1, 0xe4,
    0x0, 0xd1, 0x74, 0xe1, 0x0, 0x0, 0x54, 0x6,
    0x70, 0x0, 0xd1, 0x0, 0x24, 0x40, 0xd, 0x0,
    0xa0, 0xd1, 0x0, 0x5a, 0xf1, 0x8e, 0xe6, 0xd0,
    0xdf, 0xf1, 0x0, 0xd1, 0x0, 0x84, 0xd0, 0xd1,
    0x0, 0x0, 0xd1, 0x64, 0xb2, 0xd0, 0xd1, 0x0,
    0x0, 0xd1, 0x49, 0xd0, 0xd0, 0xd1, 0x0, 0x0,
    0xd1, 0x2e, 0xa0, 0xe3, 0xe4, 0x30, 0x0, 0xeb,
    0x8b, 0xa0, 0xbb, 0xbb, 0xb2, 0x2, 0xf7, 0x4d,
    0xab, 0x41, 0x0, 0x0, 0x4, 0x51, 0xe2, 0x5,
    0xbd, 0xff, 0xf4, 0x0, 0x0, 0x10, 0x0, 0x0,
    0x0, 0x0,

    /* U+8BE3 "诣" */
    0x1, 0x60, 0x0, 0xf0, 0x0, 0x1, 0x30, 0x0,
    0xc9, 0x0, 0xf0, 0x26, 0xbf, 0xa0, 0x0, 0x1d,
    0x50, 0xfe, 0xd9, 0x50, 0x0, 0x0, 0x2, 0x0,
    0xf1, 0x0, 0x0, 0x64, 0x2, 0x22, 0x0, 0xe4,
    0x22, 0x23, 0xc4, 0x1d, 0xde, 0x0, 0x5a, 0xbb,
    0xbb, 0x80, 0x0, 0x1e, 0x0, 0x12, 0x22, 0x22,
    0x20, 0x0, 0x1e, 0x0, 0xcc, 0xbb, 0xbb, 0xe0,
    0x0, 0x1e, 0x0, 0xc2, 0x0, 0x0, 0xe0, 0x0,
    0x1e, 0x14, 0xcd, 0xcc, 0xcd, 0xe0, 0x0, 0x2f,
    0xe5, 0xc2, 0x0, 0x0, 0xe0, 0x0, 0x9d, 0x20,
    0xcd, 0xdd, 0xdd, 0xe0, 0x0, 0x30, 0x0, 0xc2,
    0x0, 0x0, 0xe0,

    /* U+8BE5 "该" */
    0x0, 0x50, 0x0, 0x0, 0x66, 0x0, 0x0, 0x1,
    0xd6, 0x0, 0x0, 0x4d, 0x0, 0x0, 0x0, 0x2e,
    0x2d, 0xee, 0xef, 0xee, 0xe3, 0x0, 0x2, 0x0,
    0x4, 0xe1, 0x0, 0x0, 0x14, 0x43, 0x0, 0xd,
    0x50, 0x27, 0x0, 0x4d, 0xde, 0x2, 0xbc, 0x34,
    0xc6, 0x0, 0x0, 0x1e, 0x7, 0xec, 0xbf, 0xa0,
    0x0, 0x0, 0x1e, 0x0, 0x0, 0xbb, 0x6, 0xd0,
    0x0, 0x1e, 0x0, 0x4d, 0x80, 0x3f, 0x40, 0x0,
    0x1e, 0x9, 0xd4, 0x4, 0xe5, 0x0, 0x0, 0x1e,
    0x56, 0x0, 0x8f, 0xd1, 0x0, 0x0, 0x3f, 0xc2,
    0x5d, 0xb1, 0x6e, 0x30, 0x0, 0x98, 0x3e, 0xc5,
    0x0, 0x4, 0xe1, 0x0, 0x0, 0x3, 0x0, 0x0,
    0x0, 0x0,

    /* U+8BF5 "诵" */
    0x0, 0x0, 0x0, 0x0, 0x0, 0x0, 0x0, 0x1,
    0xd4, 0x0, 0xee, 0xee, 0xef, 0xa0, 0x0, 0x4e,
    0x40, 0x4, 0x20, 0x9c, 0x10, 0x0, 0x4, 0x20,
    0x5, 0xde, 0xa0, 0x0, 0x2, 0x21, 0x0, 0x66,
    0x7c, 0xf8, 0x60, 0x1d, 0xec, 0x1, 0xe7, 0x8f,
    0x77, 0xf1, 0x0, 0x2c, 0x1, 0xd0, 0x1e, 0x0,
    0xe1, 0x0, 0x2c, 0x1, 0xfe, 0xef, 0xee, 0xf1,
    0x0, 0x2c, 0x1, 0xd0, 0x1e, 0x0, 0xe1, 0x0,
    0x2c, 0x26, 0xfe, 0xef, 0xee, 0xf1, 0x0, 0x3f,
    0xe8, 0xd0, 0x1e, 0x0, 0xe1, 0x0, 0xae, 0x31,
    0xd0, 0x1e, 0x0, 0xe1, 0x0, 0x51, 0x1, 0xd0,
    0x1c, 0x1e, 0xd0, 0x0, 0x0, 0x0, 0x0, 0x0,
    0x0, 0x0,

    /* U+8BF7 "请" */
    0x0, 0x50, 0x0, 0x0, 0x3c, 0x0, 0x0, 0x0,
    0xc8, 0x6, 0xcc, 0xdf, 0xcc, 0xc2, 0x0, 0x1d,
    0x40, 0x11, 0x4c, 0x11, 0x10, 0x0, 0x1, 0x1,
    0xcc, 0xdf, 0xcc, 0x80, 0x16, 0x66, 0x4, 0x44,
    0x7d, 0x44, 0x42, 0x17, 0x8e, 0x6, 0x77, 0x77,
    0x77, 0x74, 0x0, 0x1e, 0x0, 0xbc, 0xcc, 0xcc,
    0x60, 0x0, 0x1e, 0x0, 0xe0, 0x0, 0x8, 0x70,
    0x0, 0x1e, 0x0, 0xec, 0xbb, 0xbe, 0x70, 0x0,
    0x1e, 0x2, 0xe0, 0x0, 0x8, 0x70, 0x0, 0x1f,
    0xc6, 0xec, 0xcc, 0xce, 0x70, 0x0, 0x7f, 0x50,
    0xe0, 0x0, 0x8, 0x70, 0x0, 0x52, 0x0, 0xe0,
    0x3, 0xed, 0x30,

    /* U+8BF8 "诸" */
    0x0, 0x20, 0x0, 0x0, 0xf0, 0x0, 0x30, 0x2,
    0xe4, 0x0, 0x0, 0xf0, 0x2, 0xf2, 0x0, 0x3e,
    0x27, 0xee, 0xfe, 0xec, 0x70, 0x0, 0x4, 0x0,
    0x0, 0xf0, 0x7c, 0x0, 0x2, 0x21, 0x5, 0x55,
    0xf7, 0xf7, 0x53, 0x2d, 0xed, 0xa, 0xaa, 0xef,
    0xaa, 0xa6, 0x0, 0x2d, 0x0, 0x9, 0xe2, 0x0,
    0x0, 0x0, 0x2d, 0x6, 0xef, 0xee, 0xee, 0xb0,
    0x0, 0x2d, 0x6c, 0x7c, 0x0, 0x4, 0xb0, 0x0,
    0x2d, 0x11, 0x3f, 0xdd, 0xde, 0xb0, 0x0, 0x3e,
    0xd5, 0x3c, 0x0, 0x4, 0xb0, 0x0, 0x7f, 0x60,
    0x3d, 0x33, 0x37, 0xb0, 0x0, 0x93, 0x0, 0x3e,
    0xaa, 0xac, 0xb0,

    /* U+8BFB "读" */
    0x0, 0x60, 0x0, 0x0, 0x3c, 0x0, 0x0, 0x0,
    0xca, 0x1, 0xaa, 0xbf, 0xaa, 0x70, 0x0, 0xd,
    0x50, 0x33, 0x6d, 0x33, 0x20, 0x0, 0x1, 0x2,
    0x44, 0x6d, 0x44, 0x40, 0x2, 0x21, 0x8, 0xdd,
    0xde, 0xdd, 0xf2, 0x3d, 0xed, 0x0, 0x35, 0xd,
    0x22, 0xc0, 0x0, 0x2d, 0x3, 0x47, 0x9d, 0x22,
    0x40, 0x0, 0x2d, 0x1, 0x89, 0xe, 0x10, 0x0,
    0x0, 0x2d, 0xb, 0xbc, 0xbf, 0xbb, 0xb5, 0x0,
    0x2d, 0x35, 0x22, 0xba, 0x42, 0x21, 0x0, 0x2f,
    0xe3, 0x6, 0xe2, 0xc8, 0x0, 0x0, 0x8d, 0x12,
    0xad, 0x20, 0x9, 0xb0, 0x0, 0x40, 0xb, 0x70,
    0x0, 0x0, 0x85,

    /* U+8C01 "谁" */
    0x0, 0x0, 0x0, 0x5, 0x1, 0x20, 0x0, 0x1,
    0xe3, 0x0, 0x3e, 0x5, 0xa0, 0x0, 0x0, 0x3e,
    0x30, 0xa8, 0x0, 0xb0, 0x0, 0x0, 0x4, 0x14,
    0xff, 0xef, 0xfe, 0xe1, 0x15, 0x54, 0x1e, 0xf1,
    0x1, 0xe0, 0x0, 0x16, 0x8c, 0x36, 0xeb, 0xbb,
    0xfb, 0x90, 0x0, 0x3c, 0x0, 0xe4, 0x34, 0xe3,
    0x20, 0x0, 0x3c, 0x0, 0xe1, 0x1, 0xe0, 0x0,
    0x0, 0x3c, 0x0, 0xef, 0xff, 0xff, 0xc0, 0x0,
    0x3c, 0x43, 0xe1, 0x1, 0xe0, 0x0, 0x0, 0x4f,
    0xd3, 0xe1, 0x1, 0xe0, 0x0, 0x0, 0xac, 0x10,
    0xef, 0xef, 0xfe, 0xe7, 0x0, 0x50, 0x0, 0xe1,
    0x0, 0x0, 0x0,

    /* U+8C13 "谓" */
    0x0, 0x0, 0x0, 0x0, 0x0, 0x0, 0x0, 0x2,
    0xd1, 0xc, 0xdc, 0xdf, 0xcc, 0xe8, 0x0, 0x6d,
    0x1c, 0x30, 0x1d, 0x0, 0x88, 0x0, 0x5, 0xc,
    0xcb, 0xcf, 0xbb, 0xd8, 0x2, 0x21, 0xc, 0x40,
    0x1d, 0x0, 0x88, 0x2d, 0xec, 0x9, 0xbb, 0xbb,
    0xbb, 0xb6, 0x0, 0x3c, 0x0, 0x77, 0x77, 0x77,
    0x70, 0x0, 0x3c, 0x1, 0xf3, 0x33, 0x34, 0xe0,
    0x0, 0x3c, 0x1, 0xfd, 0xdd, 0xdd, 0xe0, 0x0,
    0x3c, 0x2, 0xf0, 0x0, 0x1, 0xe0, 0x0, 0x3d,
    0xb7, 0xfd, 0xdd, 0xdd, 0xe0, 0x0, 0x7e, 0x41,
    0xf0, 0x0, 0x1, 0xe0, 0x0, 0x21, 0x1, 0xf0,
    0x0, 0xad, 0xa0,

    /* U+8C22 "谢" */
    0x0, 0x0, 0x0, 0x0, 0x0, 0x0, 0x0, 0x6,
    0x20, 0x0, 0x96, 0x0, 0xb, 0x30, 0x5, 0xe1,
    0x7, 0xd8, 0x50, 0xb, 0x30, 0x0, 0x99, 0x1e,
    0x68, 0xa0, 0xb, 0x30, 0x0, 0x0, 0x1e, 0x8a,
    0xac, 0xef, 0xe1, 0x49, 0x90, 0x1d, 0x46, 0xa1,
    0x1c, 0x40, 0x36, 0xe1, 0x1e, 0xab, 0xa8, 0xb,
    0x30, 0x0, 0xd1, 0x1d, 0x25, 0xa9, 0x3b, 0x30,
    0x0, 0xd1, 0x3d, 0x25, 0xa4, 0x7b, 0x30, 0x0,
    0xd1, 0xab, 0xbf, 0xa1, 0xab, 0x30, 0x0, 0xd1,
    0x10, 0xaa, 0xa0, 0xb, 0x30, 0x0, 0xea, 0x99,
    0xa3, 0xa0, 0xb, 0x30, 0x3, 0xf8, 0xc9, 0x3,
    0xa0, 0xc, 0x30, 0x2, 0x50, 0x40, 0x9e, 0x72,
    0xee, 0x10, 0x0, 0x0, 0x0, 0x0, 0x0, 0x0,
    0x0,

    /* U+8C2C "谬" */
    0x0, 0x10, 0x0, 0x0, 0x0, 0x0, 0x0, 0x1,
    0xe5, 0x8, 0xdd, 0xd9, 0xdd, 0xe0, 0x0, 0x2e,
    0x64, 0x81, 0xd1, 0x91, 0xe0, 0x0, 0x2, 0x10,
    0x47, 0xd0, 0x3a, 0xe0, 0x2, 0x22, 0x5, 0xc8,
    0xd4, 0xc8, 0xe0, 0x2d, 0xde, 0x5, 0x10, 0x94,
    0x10, 0xd0, 0x0, 0x1e, 0x0, 0x2, 0xce, 0x30,
    0x0, 0x0, 0x1e, 0x3, 0x9d, 0x44, 0xbb, 0x61,
    0x0, 0x1e, 0x1b, 0x61, 0x8a, 0x12, 0x85, 0x0,
    0x1e, 0x0, 0x4b, 0x44, 0xc4, 0x0, 0x0, 0x1e,
    0x8a, 0x27, 0xb9, 0x29, 0xa0, 0x0, 0x4f, 0xa0,
    0x44, 0x27, 0xd8, 0x0, 0x0, 0x76, 0x4, 0xad,
    0xc7, 0x10, 0x0, 0x0, 0x0, 0x1, 0x30, 0x0,
    0x0, 0x0,

    /* U+8C48 "豈" */
    0x0, 0x0, 0x0, 0x87, 0x0, 0x0, 0x0, 0x1,
    0xe0, 0x0, 0x87, 0x0, 0xd, 0x30, 0x1, 0xe0,
    0x0, 0x87, 0x0, 0xd, 0x30, 0x1, 0xdd, 0xdd,
    0xdd, 0xdd, 0xdd, 0x30, 0x1, 0x11, 0x11, 0x11,
    0x11, 0x11, 0x10, 0xc, 0xcc, 0xcc, 0xcc, 0xcc,
    0xcc, 0xc0, 0x0, 0x12, 0x22, 0x22, 0x22, 0x21,
    0x0, 0x0, 0x7d, 0xaa, 0xaa, 0xaa, 0xd9, 0x0,
    0x0, 0x78, 0x0, 0x0, 0x0, 0x79, 0x0, 0x0,
    0x7d, 0xdc, 0xcc, 0xcd, 0xd9, 0x0, 0x0, 0x0,
    0xe1, 0x0, 0x1f, 0x10, 0x0, 0x0, 0x0, 0xa6,
    0x0, 0x79, 0x0, 0x0, 0x1e, 0xee, 0xfe, 0xee,
    0xef, 0xee, 0xe2,

    /* U+8C61 "象" */
    0x0, 0x0, 0x96, 0x0, 0x0, 0x0, 0x0, 0x0,
    0x8, 0xfe, 0xdd, 0xc0, 0x0, 0x0, 0x0, 0x9c,
    0x10, 0xb, 0x80, 0x0, 0x0, 0x2d, 0xfd, 0xcc,
    0xdf, 0xdc, 0xdd, 0x0, 0x3, 0xe1, 0x0, 0xb6,
    0x0, 0x1e, 0x0, 0x0, 0xed, 0xcd, 0xfc, 0xcc,
    0xde, 0x0, 0x0, 0x18, 0xdd, 0x60, 0x0, 0x48,
    0x0, 0xb, 0xd7, 0x5, 0xf7, 0x19, 0xd4, 0x0,
    0x2, 0x4, 0xb9, 0x2f, 0xdd, 0x50, 0x0, 0x6,
    0xd9, 0x22, 0xbc, 0x93, 0xe1, 0x0, 0x0, 0x4,
    0xab, 0x24, 0xc0, 0x8d, 0x20, 0x8, 0xeb, 0x40,
    0x9, 0xa0, 0x7, 0xf2, 0x2, 0x10, 0xe, 0xfc,
    0x10, 0x0, 0x30, 0x0, 0x0, 0x0, 0x0, 0x0,
    0x0, 0x0,

    /* U+8C6B "豫" */
    0x0, 0x0, 0x0, 0x7, 0x20, 0x0, 0x0, 0x6d,
    0xde, 0xf3, 0x3e, 0xcd, 0xf3, 0x0, 0x4, 0xa,
    0x62, 0xd3, 0x5, 0xd0, 0x0, 0x7, 0xe9, 0x1e,
    0xfc, 0xcf, 0xdc, 0xd0, 0x0, 0x3c, 0x12, 0xe0,
    0x29, 0x1, 0xd0, 0x8d, 0xfd, 0xf6, 0xfc, 0xee,
    0xcd, 0xd0, 0x0, 0xe1, 0xc3, 0x9, 0xd0, 0x1,
    0x50, 0x0, 0xe2, 0xd6, 0xd7, 0xa5, 0x5d, 0x60,
    0x0, 0xe1, 0x21, 0x2a, 0x8f, 0xbb, 0x0, 0x0,
    0xe1, 0x9, 0xb3, 0x9f, 0x1c, 0x20, 0x0, 0xe1,
    0x2, 0x2b, 0x6a, 0x25, 0xa0, 0x0, 0xe1, 0xa,
    0xa2, 0xd, 0x20, 0xb5, 0x3f, 0xc0, 0x1, 0x6,
    0xd9, 0x0, 0x10, 0x0, 0x0, 0x0, 0x0, 0x0,
    0x0, 0x0,

    /* U+8C8C "貌" */
    0x0, 0x0, 0x52, 0x0, 0x8, 0x20, 0x0, 0x1,
    0x6d, 0x91, 0x0, 0xf, 0x10, 0x0, 0x4c, 0x78,
    0x1, 0x7f, 0xdd, 0xde, 0xf0, 0x9, 0x35, 0xcc,
    0x88, 0x0, 0x2, 0xf0, 0x2, 0xdc, 0x90, 0x7e,
    0xdd, 0xdd, 0xf0, 0x1b, 0xda, 0x80, 0x78, 0x0,
    0x2, 0xf0, 0x6, 0x5, 0xf1, 0x78, 0x0, 0x2,
    0xf0, 0x0, 0x8c, 0xb5, 0x6d, 0xfd, 0xfd, 0xd0,
    0x1d, 0x80, 0xa8, 0x2, 0xd0, 0xe1, 0x0, 0x1,
    0xb, 0xca, 0x5, 0xb0, 0xe1, 0x0, 0x6, 0xd5,
    0x59, 0xa, 0x60, 0xe1, 0x23, 0x3a, 0x10, 0xa7,
    0x7d, 0x0, 0xe1, 0x49, 0x0, 0x8f, 0xc5, 0xb2,
    0x0, 0xae, 0xe4, 0x0, 0x0, 0x0, 0x0, 0x0,
    0x0, 0x0,

    /* U+8C9D "貝" */
    0x4, 0xff, 0xff, 0xff, 0xff, 0xe0, 0x0, 0x4c,
    0x0, 0x0, 0x0, 0x2e, 0x0, 0x4, 0xeb, 0xbb,
    0xbb, 0xbc, 0xe0, 0x0, 0x4d, 0x33, 0x33, 0x33,
    0x5e, 0x0, 0x4, 0xc0, 0x0, 0x0, 0x2, 0xe0,
    0x0, 0x4f, 0xee, 0xee, 0xee, 0xee, 0x0, 0x4,
    0xc0, 0x0, 0x0, 0x2, 0xe0, 0x0, 0x4c, 0x11,
    0x11, 0x11, 0x4e, 0x0, 0x3, 0xdd, 0xdd, 0xdd,
    0xdd, 0xc0, 0x0, 0x0, 0x57, 0x0, 0x28, 0x10,
    0x0, 0x2, 0xae, 0x50, 0x1, 0x9f, 0x80, 0x8,
    0xf8, 0x10, 0x0, 0x0, 0x2b, 0xe2, 0x11, 0x0,
    0x0, 0x0, 0x0, 0x3, 0x0,

    /* U+8C9E "貞" */
    0x0, 0x0, 0x0, 0xe2, 0x0, 0x0, 0x0, 0x0,
    0x0, 0xe, 0xed, 0xdd, 0xd8, 0x0, 0x0, 0x0,
    0xe3, 0x0, 0x0, 0x0, 0x9, 0xcc, 0xcf, 0xdc,
    0xcc, 0x30, 0x0, 0xc5, 0x0, 0x0, 0x0, 0xc4,
    0x0, 0xc, 0xca, 0xaa, 0xaa, 0xae, 0x40, 0x0,
    0xc6, 0x22, 0x22, 0x22, 0xc4, 0x0, 0xc, 0x51,
    0x11, 0x11, 0x1c, 0x40, 0x0, 0xcc, 0xbb, 0xbb,
    0xbb, 0xe4, 0x0, 0xc, 0x40, 0x0, 0x0, 0xc,
    0x40, 0x0, 0xad, 0xdd, 0xdd, 0xdd, 0xd4, 0x0,
    0x0, 0x7c, 0x20, 0x9, 0xa4, 0x0, 0x1b, 0xe9,
    0x10, 0x0, 0x5, 0xcd, 0x40, 0x30, 0x0, 0x0,
    0x0, 0x0, 0x30,

    /* U+8CA0 "負" */
    0x0, 0x0, 0xb3, 0x0, 0x0, 0x0, 0x0, 0x0,
    0xb, 0xfd, 0xdd, 0xd2, 0x0, 0x0, 0x0, 0xac,
    0x0, 0x8, 0xb0, 0x0, 0x0, 0x2d, 0xfc, 0xcc,
    0xcf, 0xdc, 0xc9, 0x0, 0x29, 0xc5, 0x11, 0x11,
    0x11, 0x6c, 0x0, 0x0, 0xb6, 0x22, 0x22, 0x22,
    0x6c, 0x0, 0x0, 0xbb, 0x99, 0x99, 0x99, 0xbc,
    0x0, 0x0, 0xb5, 0x0, 0x0, 0x0, 0x5c, 0x0,
    0x0, 0xbd, 0xbb, 0xbb, 0xbb, 0xdc, 0x0, 0x0,
    0xb4, 0x0, 0x0, 0x0, 0x4c, 0x0, 0x0, 0xad,
    0xdd, 0xdd, 0xdd, 0xda, 0x0, 0x0, 0x17, 0xc3,
    0x0, 0x5c, 0x60, 0x0, 0x1c, 0xe9, 0x20, 0x0,
    0x2, 0x9e, 0x80, 0x3, 0x0, 0x0, 0x0, 0x0,
    0x1, 0x10,

    /* U+8CA1 "財" */
    0x0, 0x0, 0x0, 0x0, 0x0, 0xb4, 0x0, 0xe,
    0xed, 0xef, 0x0, 0x0, 0xb4, 0x0, 0xe, 0x10,
    0xf, 0x0, 0x0, 0xb4, 0x0, 0xe, 0x65, 0x5f,
    0x13, 0x33, 0xc7, 0x30, 0xe, 0x87, 0x8f, 0x7c,
    0xcc, 0xfd, 0xc1, 0xe, 0x10, 0xf, 0x0, 0x7,
    0xf4, 0x0, 0xe, 0xdd, 0xdf, 0x0, 0x1d, 0xc4,
    0x0, 0xe, 0x10, 0xf, 0x0, 0x86, 0xb4, 0x0,
    0xe, 0x21, 0x1f, 0x3, 0xc0, 0xb4, 0x0, 0xb,
    0xcc, 0xcc, 0x2d, 0x20, 0xb4, 0x0, 0x3, 0xb0,
    0xa4, 0x83, 0x0, 0xb4, 0x0, 0xc, 0x60, 0x2e,
    0x10, 0x0, 0xc4, 0x0, 0x59, 0x0, 0x3, 0x0,
    0x7f, 0xd1, 0x0, 0x0, 0x0, 0x0, 0x0, 0x0,
    0x0, 0x0,

    /* U+8CC7 "資" */
    0x1, 0x50, 0x0, 0x1a, 0x0, 0x0, 0x0, 0x1,
    0x8d, 0x90, 0xbe, 0xcc, 0xcc, 0xc1, 0x0, 0x0,
    0x2a, 0x80, 0x88, 0x7, 0x90, 0x0, 0x49, 0xb1,
    0x18, 0xba, 0x94, 0x0, 0xe, 0xb5, 0x8, 0xd7,
    0x0, 0x6d, 0xa1, 0x0, 0x3c, 0xbc, 0xbb, 0xbb,
    0xbb, 0x30, 0x0, 0x3c, 0x0, 0x0, 0x0, 0x1e,
    0x0, 0x0, 0x3e, 0xaa, 0xaa, 0xaa, 0xbe, 0x0,
    0x0, 0x3d, 0x66, 0x66, 0x66, 0x7e, 0x0, 0x0,
    0x3d, 0x33, 0x33, 0x33, 0x5e, 0x0, 0x0, 0x3d,
    0xab, 0xaa, 0xab, 0xbc, 0x0, 0x0, 0x16, 0xc8,
    0x0, 0x1c, 0xa4, 0x0, 0x9, 0xd8, 0x20, 0x0,
    0x0, 0x3a, 0xd1, 0x0, 0x0, 0x0, 0x0, 0x0,
    0x0, 0x0,

    /* U+8CD3 "賓" */
    0x0, 0x0, 0x1, 0xa0, 0x0, 0x0, 0x0, 0x8,
    0x99, 0x99, 0xfb, 0x99, 0x99, 0x80, 0xe, 0x54,
    0x44, 0x44, 0x44, 0x45, 0xe0, 0xa, 0xb, 0xcc,
    0xed, 0xcc, 0x81, 0xa0, 0x0, 0x2b, 0x60, 0xa5,
    0x6c, 0x90, 0x0, 0x3, 0xe8, 0x7a, 0xed, 0x83,
    0x10, 0x0, 0x5c, 0xdd, 0x88, 0x88, 0x88, 0xe7,
    0x0, 0x0, 0x5d, 0x99, 0x99, 0x99, 0xe7, 0x0,
    0x0, 0x5a, 0x22, 0x22, 0x22, 0xc7, 0x0, 0x0,
    0x5c, 0x77, 0x77, 0x77, 0xe7, 0x0, 0x0, 0x5d,
    0xaa, 0xaa, 0xaa, 0xe7, 0x0, 0x0, 0x38, 0xd4,
    0x0, 0x8c, 0x94, 0x0, 0x1c, 0xa6, 0x0, 0x0,
    0x0, 0x4a, 0xb0,

    /* U+8CDC "賜" */
    0xd, 0xed, 0xf1, 0xbe, 0xdd, 0xde, 0xe0, 0xd,
    0x10, 0xd1, 0xb5, 0x22, 0x23, 0xe0, 0xd, 0xcc,
    0xf1, 0xba, 0x88, 0x89, 0xe0, 0xd, 0x10, 0xe1,
    0xb4, 0x0, 0x2, 0xe0, 0xd, 0x10, 0xd1, 0xaf,
    0xfe, 0xee, 0xd0, 0xd, 0xdd, 0xf1, 0x1e, 0x20,
    0x0, 0x0, 0xd, 0x10, 0xd1, 0xaf, 0xcc, 0xcc,
    0xc2, 0xd, 0x20, 0xe8, 0xc3, 0xe4, 0xa8, 0x91,
    0xb, 0xcc, 0xca, 0x19, 0x72, 0xe0, 0x90, 0x4,
    0x93, 0x80, 0x8a, 0xa, 0x60, 0xa0, 0xc, 0x40,
    0xd6, 0x90, 0x9a, 0x1, 0xa0, 0x4a, 0x0, 0x10,
    0x3, 0xb0, 0xde, 0x40, 0x0, 0x0, 0x0, 0x0,
    0x0, 0x0, 0x0,

    /* U+8CE2 "賢" */
    0x0, 0x0, 0x0, 0x0, 0x0, 0x0, 0x0, 0xc,
    0xbb, 0xea, 0x7b, 0xdc, 0xcf, 0x30, 0xc, 0x99,
    0x9a, 0xa2, 0xc1, 0x8b, 0x0, 0xc, 0x98, 0xb9,
    0x80, 0x6e, 0xc0, 0x0, 0xc, 0xaa, 0xea, 0x9c,
    0xb5, 0xbe, 0x80, 0x0, 0x46, 0x66, 0x67, 0x66,
    0x64, 0x50, 0x0, 0xaa, 0x55, 0x55, 0x55, 0xe3,
    0x0, 0x0, 0xad, 0xaa, 0xaa, 0xaa, 0xf3, 0x0,
    0x0, 0xaa, 0x33, 0x33, 0x33, 0xe3, 0x0, 0x0,
    0xab, 0x66, 0x66, 0x66, 0xe3, 0x0, 0x0, 0xad,
    0xaa, 0xaa, 0xaa, 0xf3, 0x0, 0x0, 0x17, 0xb2,
    0x0, 0x99, 0x40, 0x0, 0x2d, 0xc7, 0x10, 0x0,
    0x4, 0xad, 0x40, 0x0, 0x0, 0x0, 0x0, 0x0,
    0x0, 0x0,

    /* U+8CEA "質" */
    0x0, 0x1, 0x37, 0x20, 0x1, 0x37, 0x30, 0x1,
    0xea, 0x85, 0x12, 0xea, 0x85, 0x20, 0x2, 0xfc,
    0xcc, 0xc3, 0xfc, 0xcc, 0xc7, 0x6, 0x90, 0xc2,
    0x9, 0x70, 0xd1, 0x0, 0xd, 0x20, 0x81, 0x1c,
    0x0, 0xa0, 0x0, 0x0, 0x3d, 0xbb, 0xbb, 0xbb,
    0xd6, 0x0, 0x0, 0x4b, 0x33, 0x33, 0x33, 0xb7,
    0x0, 0x0, 0x4c, 0x66, 0x66, 0x66, 0xc7, 0x0,
    0x0, 0x4e, 0xaa, 0xaa, 0xaa, 0xe7, 0x0, 0x0,
    0x49, 0x0, 0x0, 0x0, 0xa7, 0x0, 0x0, 0x4d,
    0xbb, 0xbb, 0xbb, 0xd6, 0x0, 0x0, 0x27, 0xc3,
    0x0, 0x1c, 0xa5, 0x0, 0xc, 0xc6, 0x0, 0x0,
    0x0, 0x39, 0xe2, 0x0, 0x0, 0x0, 0x0, 0x0,
    0x0, 0x0,

    /* U+8D0A "贊" */
    0x1, 0x94, 0x90, 0x0, 0xa1, 0xd0, 0x0, 0x7,
    0xcc, 0xdb, 0x55, 0xdb, 0xfb, 0x80, 0x7, 0x5,
    0x90, 0x6, 0x11, 0xd0, 0x0, 0x1a, 0xdc, 0xec,
    0x98, 0xce, 0xcd, 0xa2, 0x0, 0xd1, 0xb8, 0x81,
    0xb5, 0x47, 0x42, 0x1d, 0x61, 0xa6, 0x3c, 0x81,
    0x2c, 0xb1, 0x0, 0x5d, 0x88, 0x88, 0x88, 0x9c,
    0x0, 0x0, 0x5e, 0xaa, 0xaa, 0xaa, 0xbc, 0x0,
    0x0, 0x5b, 0x22, 0x22, 0x22, 0x3c, 0x0, 0x0,
    0x5c, 0x77, 0x77, 0x77, 0x8c, 0x0, 0x0, 0x5e,
    0xaa, 0xaa, 0xaa, 0xbc, 0x0, 0x0, 0x27, 0xc6,
    0x0, 0x3c, 0x94, 0x0, 0xa, 0xb6, 0x10, 0x0,
    0x0, 0x4a, 0xa0,

    /* U+8D14 "贔" */
    0x0, 0x8c, 0x99, 0x99, 0x99, 0xf2, 0x0, 0x0,
    0x8c, 0x99, 0x99, 0x99, 0xf2, 0x0, 0x0, 0x8c,
    0x88, 0x88, 0x88, 0xf2, 0x0, 0x0, 0x8c, 0xa9,
    0x99, 0xa9, 0xe2, 0x0, 0x4, 0x7c, 0xa1, 0x0,
    0x9c, 0x94, 0x0, 0xc, 0xa5, 0x44, 0x3, 0x44,
    0x8d, 0x70, 0xb, 0x85, 0x5f, 0xd, 0x75, 0x5d,
    0x40, 0xb, 0xb9, 0x9f, 0xd, 0xa9, 0x9e, 0x40,
    0xb, 0xa8, 0x8f, 0xd, 0x98, 0x8d, 0x40, 0xb,
    0xba, 0xaf, 0xd, 0xaa, 0xae, 0x40, 0x4, 0xb0,
    0x86, 0x4, 0xa0, 0x2c, 0x20, 0x6a, 0x10, 0x9,
    0x89, 0x0, 0x3, 0xc0, 0x0, 0x0, 0x0, 0x0,
    0x0, 0x0, 0x0,

    /* U+8D1D "贝" */
    0x4, 0xff, 0xff, 0xff, 0xff, 0xf0, 0x0, 0x4c,
    0x0, 0x0, 0x0, 0xf, 0x0, 0x4, 0xc0, 0x2,
    0xe0, 0x0, 0xf0, 0x0, 0x4c, 0x0, 0x2e, 0x0,
    0xf, 0x0, 0x4, 0xc0, 0x2, 0xe0, 0x0, 0xf0,
    0x0, 0x4c, 0x0, 0x3d, 0x0, 0xf, 0x0, 0x4,
    0xc0, 0x5, 0xc0, 0x0, 0xf0, 0x0, 0x4c, 0x0,
    0xb7, 0x0, 0xf, 0x0, 0x1, 0x30, 0x4e, 0x1,
    0x0, 0x30, 0x0, 0x0, 0x6e, 0x40, 0xdb, 0x40,
    0x0, 0x4, 0xcd, 0x30, 0x0, 0x5d, 0xc4, 0xa,
    0xc6, 0x0, 0x0, 0x0, 0x5, 0xd1, 0x0, 0x0,
    0x0, 0x0, 0x0, 0x0, 0x0,

    /* U+8D1E "贞" */
    0x0, 0x0, 0x0, 0x5b, 0x0, 0x0, 0x0, 0x0,
    0x0, 0x0, 0x5e, 0xbb, 0xbb, 0xb2, 0x0, 0x0,
    0x0, 0x5c, 0x33, 0x33, 0x30, 0x0, 0x0, 0x0,
    0x5c, 0x0, 0x0, 0x0, 0x0, 0x3f, 0xee, 0xee,
    0xee, 0xfe, 0x0, 0x0, 0x3d, 0x0, 0x2, 0x0,
    0x2e, 0x0, 0x0, 0x3d, 0x0, 0x2e, 0x0, 0x2e,
    0x0, 0x0, 0x3d, 0x0, 0x2e, 0x0, 0x2e, 0x0,
    0x0, 0x3d, 0x0, 0x4d, 0x0, 0x2e, 0x0, 0x0,
    0x3d, 0x0, 0xb8, 0x0, 0x2e, 0x0, 0x0, 0x14,
    0x9, 0xd2, 0xb5, 0x14, 0x0, 0x0, 0x38, 0xea,
    0x10, 0x39, 0xe9, 0x20, 0xc, 0xe9, 0x20, 0x0,
    0x0, 0x17, 0xe1, 0x0, 0x0, 0x0, 0x0, 0x0,
    0x0, 0x0,

    /* U+8D1F "负" */
    0x0, 0x0, 0x3d, 0x10, 0x0, 0x0, 0x0, 0x0,
    0x0, 0xde, 0xbb, 0xba, 0x0, 0x0, 0x0, 0xb,
    0xa2, 0x22, 0x9a, 0x0, 0x0, 0x1, 0xcb, 0x0,
    0x2, 0xe1, 0x0, 0x0, 0xd, 0xcf, 0xee, 0xef,
    0xfe, 0xec, 0x0, 0x2, 0x2e, 0x0, 0x0, 0x0,
    0x3d, 0x0, 0x0, 0x2e, 0x0, 0x2e, 0x0, 0x3d,
    0x0, 0x0, 0x2e, 0x0, 0x4c, 0x0, 0x3d, 0x0,
    0x0, 0x2e, 0x0, 0x89, 0x0, 0x3d, 0x0, 0x0,
    0x2e, 0x0, 0xe2, 0x0, 0x3d, 0x0, 0x0, 0x1,
    0x1b, 0xa1, 0xd9, 0x31, 0x0, 0x1, 0x49, 0xe8,
    0x0, 0x6, 0xda, 0x20, 0xa, 0xa6, 0x10, 0x0,
    0x0, 0x6, 0xb0,

    /* U+8D22 "财" */
    0x0, 0x0, 0x0, 0x0, 0x0, 0x3d, 0x0, 0xd,
    0xdd, 0xdd, 0x0, 0x0, 0x3d, 0x0, 0xd, 0x4,
    0xd, 0x0, 0x0, 0x3d, 0x0, 0xd, 0xe, 0xd,
    0x7f, 0xff, 0xff, 0xf7, 0xd, 0xe, 0xd, 0x0,
    0x0, 0xdd, 0x0, 0xd, 0xe, 0xd, 0x0, 0x5,
    0xfd, 0x0, 0xd, 0xe, 0xd, 0x0, 0xd, 0x9d,
    0x0, 0xd, 0xe, 0xd, 0x0, 0x6c, 0x3d, 0x0,
    0xd, 0x1d, 0xd, 0x2, 0xf3, 0x3d, 0x0, 0x8,
    0x4a, 0x18, 0x1d, 0x70, 0x3d, 0x0, 0x0, 0xc5,
    0xd2, 0x99, 0x0, 0x3d, 0x0, 0x9, 0xa0, 0x5c,
    0x0, 0x0, 0x4d, 0x0, 0x5a, 0x0, 0x6, 0x0,
    0x1f, 0xf8, 0x0, 0x0, 0x0, 0x0, 0x0, 0x0,
    0x0, 0x0,

    /* U+8D24 "贤" */
    0x0, 0xc, 0x20, 0x0, 0x0, 0x0, 0x3, 0xb0,
    0xc2, 0x7f, 0xee, 0xef, 0xa0, 0x3b, 0xc, 0x20,
    0xb5, 0x1, 0xd2, 0x3, 0xb0, 0xc2, 0x1, 0xd6,
    0xd6, 0x0, 0x3b, 0xc, 0x20, 0x2a, 0xfe, 0x50,
    0x2, 0x80, 0x82, 0xbb, 0x61, 0x6d, 0xf7, 0x0,
    0x33, 0x33, 0x33, 0x33, 0x32, 0x10, 0x1f, 0xbb,
    0xbb, 0xbb, 0xcc, 0x0, 0x1, 0xd0, 0x4, 0xa0,
    0x4, 0xc0, 0x0, 0x1d, 0x0, 0x6b, 0x0, 0x4c,
    0x0, 0x1, 0xd0, 0x1d, 0x66, 0x14, 0xc0, 0x0,
    0x2, 0x6e, 0x81, 0x8e, 0xb5, 0x0, 0x4c, 0xe9,
    0x20, 0x0, 0x4, 0xbd, 0x0, 0x20, 0x0, 0x0,
    0x0, 0x0, 0x10,

    /* U+8D28 "质" */
    0x0, 0x0, 0x0, 0x12, 0x46, 0x9a, 0x0, 0x0,
    0xde, 0xee, 0xdd, 0xf8, 0x64, 0x0, 0x0, 0xf0,
    0x0, 0x4, 0xc0, 0x0, 0x0, 0x0, 0xfe, 0xee,
    0xef, 0xfe, 0xee, 0xe4, 0x0, 0xf0, 0x0, 0x7,
    0x90, 0x0, 0x0, 0x1, 0xf0, 0x33, 0x3a, 0x93,
    0x33, 0x0, 0x2, 0xf0, 0xec, 0xcc, 0xcc, 0xcf,
    0x20, 0x3, 0xe0, 0xe1, 0x1, 0x90, 0xe, 0x20,
    0x3, 0xc0, 0xe1, 0x3, 0xe0, 0xe, 0x20, 0x6,
    0xa0, 0xe1, 0x5, 0xc0, 0xe, 0x20, 0xa, 0x60,
    0x91, 0x1d, 0x53, 0x9, 0x10, 0xe, 0x20, 0x6,
    0xe8, 0x2b, 0xd5, 0x0, 0x4b, 0x9, 0xea, 0x30,
    0x0, 0x2b, 0xc0, 0x0, 0x2, 0x10, 0x0, 0x0,
    0x0, 0x10,

    /* U+8D44 "资" */
    0x1, 0x30, 0x0, 0x3b, 0x0, 0x0, 0x0, 0x3,
    0xcd, 0x40, 0xbd, 0xaa, 0xaa, 0xa1, 0x0, 0x5,
    0x79, 0xb2, 0x8b, 0x26, 0xc0, 0x0, 0x0, 0x2a,
    0x0, 0xde, 0x26, 0x40, 0x1, 0x6c, 0xe0, 0xa,
    0x84, 0xd3, 0x0, 0xe, 0xa5, 0x7, 0xd9, 0x0,
    0x4d, 0xc3, 0x0, 0x0, 0x8, 0x40, 0x0, 0x0,
    0x51, 0x0, 0x3f, 0xee, 0xee, 0xee, 0xee, 0x0,
    0x0, 0x3c, 0x0, 0x28, 0x0, 0x2e, 0x0, 0x0,
    0x3c, 0x0, 0x79, 0x0, 0x2e, 0x0, 0x0, 0x3a,
    0x2, 0xe4, 0x82, 0x2b, 0x0, 0x0, 0x1, 0x8e,
    0x51, 0x7d, 0xd7, 0x10, 0x9, 0xdd, 0x81, 0x0,
    0x0, 0x3a, 0xe2, 0x2, 0x10, 0x0, 0x0, 0x0,
    0x0, 0x10,

    /* U+8D50 "赐" */
    0xe, 0xff, 0xfb, 0x2f, 0xdd, 0xde, 0xc0, 0xd,
    0x0, 0x2b, 0x2b, 0x0, 0x2, 0xc0, 0xd, 0x1c,
    0x2b, 0x2f, 0xcc, 0xcd, 0xc0, 0xd, 0x1d, 0x2b,
    0x2b, 0x0, 0x2, 0xc0, 0xd, 0x1d, 0x2b, 0x2e,
    0xed, 0xdd, 0xb0, 0xd, 0x1d, 0x2b, 0x5, 0xa0,
    0x0, 0x0, 0xd, 0x2c, 0x2b, 0x1e, 0xee, 0xde,
    0xe6, 0xd, 0x3b, 0x2c, 0xd5, 0x67, 0x66, 0x76,
    0x7, 0x78, 0x25, 0x21, 0xc0, 0xc1, 0x85, 0x0,
    0xd6, 0xc0, 0x1c, 0x34, 0xa0, 0xa4, 0xb, 0x70,
    0x7a, 0x45, 0x2d, 0x10, 0xc2, 0x67, 0x0, 0x3,
    0x0, 0x83, 0x4d, 0xb0, 0x0, 0x0, 0x0, 0x0,
    0x0, 0x0, 0x0,

    /* U+8D51 "赑" */
    0x0, 0xae, 0xdd, 0xdd, 0xdd, 0xf0, 0x0, 0xa,
    0x60, 0x1a, 0x0, 0xe, 0x0, 0x0, 0xa6, 0x8,
    0xb0, 0x0, 0xe0, 0x0, 0x17, 0x8b, 0xc1, 0x8d,
    0xab, 0x20, 0x3c, 0xa7, 0x20, 0x0, 0x3, 0x7c,
    0x60, 0x8b, 0xbb, 0xb0, 0xbc, 0xcc, 0xc0, 0xa,
    0x64, 0x3e, 0x1e, 0x24, 0x3e, 0x10, 0xa3, 0xb1,
    0xd1, 0xe0, 0xb1, 0xd1, 0xa, 0x3c, 0xd, 0x1e,
    0xc, 0xd, 0x10, 0x84, 0xc4, 0xa0, 0xa2, 0xb4,
    0xa0, 0x4, 0xc4, 0x8b, 0x15, 0xc3, 0x8c, 0x13,
    0x82, 0x0, 0x66, 0x71, 0x0, 0x67,

    /* U+8D5E "赞" */
    0x1, 0x96, 0x90, 0x0, 0xb2, 0xe0, 0x0, 0x8,
    0xed, 0xeb, 0x56, 0xfc, 0xfb, 0x80, 0x9, 0x16,
    0x90, 0x9, 0x21, 0xe0, 0x0, 0x2b, 0xed, 0xed,
    0x9a, 0xde, 0xdd, 0xb2, 0x0, 0xd1, 0xa6, 0x50,
    0x96, 0x66, 0x32, 0x2c, 0x50, 0xb7, 0x39, 0x80,
    0x2a, 0xa2, 0x0, 0x4d, 0xdd, 0xdd, 0xdd, 0xd7,
    0x0, 0x0, 0x4c, 0x11, 0x22, 0x11, 0x88, 0x0,
    0x0, 0x4b, 0x0, 0x88, 0x0, 0x78, 0x0, 0x0,
    0x4b, 0x0, 0xb6, 0x0, 0x78, 0x0, 0x0, 0x37,
    0x7, 0xe7, 0xb5, 0x44, 0x0, 0x0, 0x37, 0xdb,
    0x20, 0x5a, 0xe9, 0x10, 0x5, 0xc8, 0x30, 0x0,
    0x0, 0x19, 0x60,

    /* U+8D6B "赫" */
    0x0, 0x8, 0x70, 0x0, 0x3, 0xb0, 0x0, 0x0,
    0x8, 0x70, 0x0, 0x3, 0xb0, 0x0, 0x8, 0xef,
    0xfe, 0x56, 0xef, 0xfe, 0xe0, 0x0, 0x8, 0x70,
    0x0, 0x3, 0xb0, 0x0, 0x3, 0x39, 0x93, 0x22,
    0x36, 0xc3, 0x31, 0xc, 0xdb, 0xad, 0x9a, 0xce,
    0x7e, 0xc5, 0x1, 0x49, 0x86, 0x0, 0x1c, 0x3a,
    0x10, 0x9, 0x88, 0x8b, 0x65, 0x8c, 0x3a, 0xc0,
    0xc, 0x66, 0x86, 0xb9, 0x6a, 0x3a, 0x94, 0x29,
    0x84, 0x85, 0x3c, 0x57, 0x3a, 0x48, 0x0, 0xd0,
    0x85, 0x1, 0xb3, 0x3a, 0x1, 0x7, 0xa0, 0x85,
    0x4, 0xc0, 0x3a, 0x0, 0xb, 0x1a, 0xd2, 0xa,
    0x27, 0xe7, 0x0, 0x0, 0x0, 0x0, 0x0, 0x0,
    0x0, 0x0,

    /* U+8D70 "走" */
    0x0, 0x0, 0x0, 0x97, 0x0, 0x0, 0x0, 0x0,
    0x0, 0x0, 0x98, 0x0, 0x0, 0x0, 0x0, 0xde,
    0xee, 0xff, 0xee, 0xee, 0x10, 0x0, 0x0, 0x0,
    0x97, 0x0, 0x0, 0x0, 0x0, 0x0, 0x0, 0x98,
    0x0, 0x0, 0x0, 0x1e, 0xee, 0xee, 0xff, 0xee,
    0xee, 0xe1, 0x0, 0x3, 0x0, 0x97, 0x0, 0x0,
    0x0, 0x0, 0x1f, 0x0, 0x97, 0x0, 0x0, 0x0,
    0x0, 0x5d, 0x0, 0x9f, 0xff, 0xff, 0x30, 0x0,
    0x9f, 0x40, 0x97, 0x0, 0x0, 0x0, 0x0, 0xe6,
    0xd2, 0x97, 0x0, 0x0, 0x0, 0x9, 0xa0, 0x5e,
    0xd9, 0x20, 0x0, 0x0, 0x4d, 0x0, 0x1, 0x8c,
    0xef, 0xff, 0xf4, 0x0, 0x0, 0x0, 0x0, 0x0,
    0x0, 0x0,

    /* U+8D75 "赵" */
    0x0, 0x8, 0x60, 0x0, 0x0, 0x0, 0x0, 0x0,
    0x8, 0x60, 0x0, 0x0, 0xa, 0x60, 0xc, 0xef,
    0xfe, 0x8a, 0x40, 0xf, 0x10, 0x0, 0x8, 0x60,
    0x3, 0xe1, 0x5b, 0x0, 0x1, 0x19, 0x71, 0x10,
    0x8b, 0xa6, 0x0, 0x3d, 0xde, 0xed, 0xc0, 0xc,
    0xf0, 0x0, 0x2, 0x15, 0x90, 0x0, 0x9, 0xf2,
    0x0, 0x9, 0x65, 0xb3, 0x20, 0x2e, 0x9b, 0x0,
    0xa, 0x55, 0xeb, 0x80, 0xc6, 0xe, 0x40, 0xc,
    0x95, 0x90, 0xa, 0xb0, 0x6, 0xc0, 0xe, 0xc9,
    0x90, 0x1b, 0x10, 0x0, 0x20, 0x2d, 0x2f, 0xc3,
    0x0, 0x0, 0x0, 0x0, 0x88, 0x1, 0x9d, 0xef,
    0xff, 0xff, 0xf5, 0x1, 0x0, 0x0, 0x0, 0x0,
    0x0, 0x0,

    /* U+8D77 "起" */
    0x0, 0x9, 0x60, 0x0, 0x0, 0x0, 0x0, 0x0,
    0x9, 0x60, 0x5, 0xee, 0xef, 0xe0, 0xd, 0xef,
    0xfe, 0xa0, 0x0, 0x1, 0xe0, 0x0, 0x9, 0x60,
    0x0, 0x0, 0x1, 0xe0, 0x14, 0x4b, 0x94, 0x40,
    0x0, 0x1, 0xe0, 0x3b, 0xbc, 0xeb, 0xb4, 0xfe,
    0xef, 0xe0, 0x2, 0x15, 0xa0, 0x3, 0xc0, 0x0,
    0x20, 0x9, 0x65, 0xb3, 0x33, 0xc0, 0x0, 0x0,
    0xa, 0x55, 0xeb, 0xa3, 0xc0, 0x0, 0x36, 0xb,
    0xa5, 0xa0, 0x3, 0xd0, 0x0, 0x79, 0xd, 0xda,
    0xa0, 0x0, 0xcf, 0xff, 0xe3, 0xe, 0x2e, 0xc3,
    0x10, 0x0, 0x0, 0x0, 0x6a, 0x1, 0x8c, 0xef,
    0xff, 0xff, 0xf9, 0x12, 0x0, 0x0, 0x0, 0x0,
    0x0, 0x0,

    /* U+8D85 "超" */
    0x0, 0x8, 0x60, 0x0, 0x0, 0x0, 0x0, 0x0,
    0x8, 0x60, 0x2e, 0xef, 0xee, 0xf3, 0xb, 0xef,
    0xfe, 0x90, 0x4c, 0x0, 0xd2, 0x0, 0x8, 0x60,
    0x0, 0x98, 0x0, 0xe1, 0x2, 0x2a, 0x82, 0x23,
    0xd1, 0x34, 0xe0, 0xc, 0xcd, 0xec, 0xcc, 0x10,
    0x9a, 0x50, 0x3, 0x35, 0x90, 0x7, 0xaa, 0xaa,
    0xa0, 0x8, 0x75, 0xda, 0x8a, 0x50, 0x2, 0xe0,
    0x8, 0x75, 0xa3, 0x3a, 0x50, 0x2, 0xe0, 0x9,
    0xc5, 0x90, 0xa, 0x61, 0x13, 0xe0, 0xb, 0xeb,
    0x90, 0x8, 0xcc, 0xcc, 0xb0, 0xd, 0x2e, 0xc3,
    0x10, 0x0, 0x0, 0x0, 0x4a, 0x1, 0x8c, 0xef,
    0xff, 0xff, 0xf8, 0x2, 0x0, 0x0, 0x0, 0x0,
    0x0, 0x0,

    /* U+8D99 "趙" */
    0x0, 0x8, 0x60, 0x3, 0xb, 0x30, 0x52, 0x0,
    0x9, 0x60, 0xd, 0xb, 0x30, 0xe1, 0xc, 0xff,
    0xff, 0x98, 0x4b, 0x36, 0xa0, 0x0, 0x9, 0x60,
    0x4, 0x4c, 0x65, 0x40, 0x2, 0x29, 0x72, 0x2b,
    0xba, 0xaa, 0xe0, 0x2c, 0xce, 0xec, 0xbb, 0x41,
    0x13, 0xe0, 0x1, 0x17, 0x80, 0xb, 0xba, 0xaa,
    0xe0, 0x8, 0x67, 0xa3, 0x2b, 0x31, 0x12, 0xe0,
    0x9, 0x67, 0xdb, 0x8b, 0xba, 0xab, 0xe0, 0xa,
    0xb7, 0x80, 0xb, 0x20, 0x1, 0xe0, 0xc, 0xad,
    0x80, 0xa, 0x20, 0xce, 0x90, 0xe, 0xb, 0xd6,
    0x20, 0x0, 0x0, 0x0, 0x69, 0x0, 0x5a, 0xef,
    0xff, 0xff, 0xf7, 0x1, 0x0, 0x0, 0x0, 0x0,
    0x0, 0x0,

    /* U+8DAF "趯" */
    0x0, 0xd, 0x10, 0x0, 0x0, 0x0, 0x0, 0x0,
    0xd, 0x10, 0xbc, 0xca, 0xdc, 0xe0, 0xb, 0xdf,
    0xdc, 0x6b, 0x3a, 0x86, 0xd0, 0x0, 0xd, 0x10,
    0x27, 0xca, 0x4a, 0xe0, 0x0, 0xd, 0x21, 0xb6,
    0x3c, 0xa3, 0xd0, 0x3c, 0xcf, 0xdc, 0x7, 0x63,
    0x90, 0x10, 0x2, 0xb, 0x30, 0x2f, 0xbb, 0xeb,
    0xa0, 0xb, 0x4b, 0x62, 0xbf, 0x77, 0xd6, 0x40,
    0xb, 0x3b, 0xca, 0x1f, 0x45, 0xc4, 0x20, 0xc,
    0x9b, 0x30, 0xf, 0x99, 0xd8, 0x50, 0xe, 0xae,
    0x30, 0xf, 0xcc, 0xec, 0xc0, 0x1c, 0x1d, 0x92,
    0x9, 0x0, 0x0, 0x0, 0x77, 0x0, 0x7b, 0xee,
    0xdd, 0xdd, 0xe3, 0x0, 0x0, 0x0, 0x0, 0x0,
    0x0, 0x0,

    /* U+8DDD "距" */
    0xe, 0xee, 0xea, 0x3f, 0xff, 0xff, 0xf4, 0xe,
    0x0, 0x4a, 0x3d, 0x0, 0x0, 0x0, 0xe, 0x0,
    0x4a, 0x3c, 0x0, 0x0, 0x0, 0xe, 0xef, 0xea,
    0x3f, 0xff, 0xff, 0x10, 0x0, 0xe, 0x0, 0x3c,
    0x0, 0xe, 0x10, 0x7, 0xe, 0x0, 0x3c, 0x0,
    0xe, 0x10, 0xe, 0xe, 0xec, 0x3c, 0x0, 0xe,
    0x10, 0xe, 0xe, 0x11, 0x3f, 0xff, 0xff, 0x10,
    0xe, 0xe, 0x0, 0x3d, 0x0, 0x0, 0x0, 0xe,
    0xf, 0x7b, 0x4c, 0x0, 0x0, 0x0, 0x3f, 0xee,
    0x94, 0x4d, 0x33, 0x33, 0x32, 0x47, 0x20, 0x0,
    0x3c, 0xcc, 0xcc, 0xc6,

    /* U+8DEA "跪" */
    0x0, 0x0, 0x0, 0x5, 0x30, 0x0, 0x0, 0xe,
    0xee, 0xf1, 0xe, 0xdc, 0xd7, 0x0, 0xe, 0x0,
    0xd1, 0x69, 0x11, 0xc7, 0x0, 0xe, 0x0, 0xd4,
    0xf7, 0x57, 0xf6, 0x52, 0xe, 0xee, 0xfe, 0xfa,
    0x99, 0x99, 0x93, 0x0, 0x3a, 0x6, 0xd1, 0x33,
    0x33, 0x20, 0x8, 0x3a, 0x0, 0xd1, 0xeb, 0xbc,
    0xb0, 0xd, 0x3f, 0xe3, 0xe1, 0xe1, 0x3, 0xb0,
    0xd, 0x3a, 0x0, 0xf0, 0xe1, 0x4, 0xa0, 0xd,
    0x3a, 0x0, 0xe0, 0xe1, 0x9d, 0x50, 0xd, 0x5d,
    0xba, 0xc0, 0xe1, 0x0, 0x42, 0x5f, 0xe9, 0x59,
    0x80, 0xe1, 0x0, 0x85, 0x23, 0x0, 0xd, 0x10,
    0x9f, 0xee, 0xd1, 0x0, 0x0, 0x0, 0x0, 0x0,
    0x0, 0x0,

    /* U+8DF3 "跳" */
    0x0, 0x0, 0x0, 0x3, 0xb1, 0xe0, 0x0, 0xd,
    0xee, 0xf0, 0x3, 0xb1, 0xe0, 0x0, 0xd, 0x0,
    0xe7, 0x63, 0xb1, 0xe1, 0xc0, 0xd, 0x0, 0xe2,
    0xf5, 0xb1, 0xe6, 0x80, 0xd, 0xdd, 0xf0, 0xab,
    0xb1, 0xec, 0x10, 0x0, 0x39, 0x0, 0x14, 0xb1,
    0xe2, 0x0, 0x9, 0x39, 0x0, 0x3, 0xb1, 0xf2,
    0x0, 0xc, 0x3f, 0xe0, 0x3c, 0xa1, 0xfd, 0x20,
    0xc, 0x39, 0xa, 0xea, 0x81, 0xe4, 0xe1, 0xc,
    0x39, 0x7, 0xa, 0x51, 0xe0, 0x30, 0xc, 0x5c,
    0xb5, 0x2e, 0x1, 0xe0, 0x41, 0x6f, 0xd8, 0x42,
    0xd6, 0x1, 0xf0, 0xb3, 0x11, 0x0, 0x1e, 0x60,
    0x0, 0xcf, 0xd0, 0x0, 0x0, 0x0, 0x0, 0x0,
    0x0, 0x0,

    /* U+8E0A "踊" */
    0xe, 0xee, 0xf7, 0xae, 0xee, 0xef, 0x90, 0xe0,
    0x7, 0x70, 0x62, 0x1a, 0xa0, 0xe, 0x0, 0x77,
    0x3, 0xbf, 0x80, 0x0, 0xee, 0xef, 0x7b, 0xcc,
    0xff, 0xcb, 0x0, 0xe, 0x0, 0xe2, 0x2e, 0x12,
    0xe0, 0x80, 0xe0, 0xe, 0x34, 0xe3, 0x4e, 0xd,
    0xe, 0xe7, 0xeb, 0xbf, 0xbb, 0xe0, 0xd0, 0xe0,
    0xe, 0x0, 0xd0, 0x1e, 0xd, 0xe, 0x0, 0xee,
    0xef, 0xde, 0xe0, 0xd5, 0xfd, 0x8e, 0x11, 0xe0,
    0x1e, 0x6f, 0xb6, 0x20, 0xe0, 0xd, 0x1, 0xe1,
    0x0, 0x0, 0xe, 0x0, 0xca, 0xea, 0x0, 0x0,
    0x0, 0x0, 0x0, 0x0, 0x0,

    /* U+8E34 "踴" */
    0x0, 0x0, 0x0, 0x0, 0x0, 0x0, 0x0, 0xe,
    0xee, 0xf1, 0xbd, 0xdd, 0xdf, 0x50, 0xe, 0x0,
    0xd1, 0x7, 0xa7, 0xb3, 0x0, 0xe, 0x0, 0xd1,
    0x66, 0x8e, 0xe7, 0x50, 0xe, 0xbb, 0xf2, 0xe5,
    0x6e, 0x56, 0xe0, 0x2, 0x5b, 0x21, 0xfb, 0xcf,
    0xbc, 0xe0, 0x6, 0x3a, 0x1, 0xd0, 0x1d, 0x1,
    0xe0, 0xd, 0x3e, 0xb4, 0xfb, 0xcf, 0xbc, 0xe0,
    0xd, 0x3a, 0x10, 0x30, 0x59, 0x0, 0x30, 0xd,
    0x3a, 0x8, 0xee, 0xfe, 0xee, 0xf2, 0xd, 0x6d,
    0xa6, 0x2, 0xe1, 0x0, 0xf0, 0x6e, 0xb7, 0x30,
    0x6e, 0x50, 0x3, 0xd0, 0x0, 0x0, 0x1d, 0x92,
    0x3, 0xde, 0x60,

    /* U+8E85 "躅" */
    0xe, 0xee, 0xf5, 0xec, 0xfc, 0xfc, 0xe0, 0xe,
    0x0, 0xd5, 0xa0, 0xc0, 0xc0, 0xe0, 0xe, 0x0,
    0xd5, 0xed, 0xec, 0xec, 0xd0, 0xe, 0xcc, 0xf1,
    0x6c, 0x0, 0x0, 0x0, 0x1, 0x4a, 0x15, 0xee,
    0xee, 0xee, 0xf0, 0x7, 0x39, 0xb, 0x20, 0xb0,
    0x0, 0xf0, 0xd, 0x3f, 0xe2, 0xea, 0xea, 0xd0,
    0xf0, 0xd, 0x3a, 0x0, 0xd0, 0xc0, 0xb1, 0xf0,
    0xd, 0x39, 0x0, 0xaa, 0xea, 0xb1, 0xe0, 0xd,
    0x6e, 0xd2, 0x12, 0xd5, 0xc2, 0xd0, 0x4f, 0xb6,
    0x17, 0xb9, 0x86, 0x79, 0xb0, 0x0, 0x0, 0x0,
    0x0, 0x0, 0xad, 0x50, 0x0, 0x0, 0x0, 0x0,
    0x0, 0x0, 0x0,

    /* U+8EAB "身" */
    0x0, 0x0, 0x0, 0x53, 0x0, 0x0, 0x0, 0x0,
    0x2, 0x23, 0xf5, 0x22, 0x20, 0x0, 0x0, 0xf,
    0xbb, 0xbb, 0xbc, 0xe0, 0x0, 0x0, 0xf, 0x0,
    0x0, 0x1, 0xe0, 0x0, 0x0, 0xf, 0xcc, 0xcc,
    0xcc, 0xe0, 0x0, 0x0, 0xf, 0x0, 0x0, 0x1,
    0xe0, 0x70, 0x0, 0xf, 0xcc, 0xcc, 0xcd, 0xea,
    0x80, 0x0, 0xf, 0x0, 0x0, 0x1, 0xf9, 0x0,
    0xc, 0xff, 0xee, 0xee, 0xff, 0xe0, 0x0, 0x0,
    0x0, 0x0, 0x18, 0xd6, 0xe0, 0x0, 0x0, 0x0,
    0x7, 0xe8, 0x1, 0xe0, 0x0, 0x0, 0x4a, 0xea,
    0x20, 0x2, 0xe0, 0x0, 0x1e, 0xb5, 0x0, 0xc,
    0xfe, 0x80, 0x0, 0x0, 0x0, 0x0, 0x0, 0x0,
    0x0, 0x0,

    /* U+8ECA "車" */
    0x0, 0x0, 0x0, 0x6a, 0x0, 0x0, 0x0, 0x7,
    0xbb, 0xbb, 0xde, 0xbb, 0xbb, 0xb0, 0x2, 0x33,
    0x33, 0x8c, 0x33, 0x33, 0x30, 0x0, 0x6b, 0xbb,
    0xde, 0xbb, 0xbb, 0x0, 0x0, 0x98, 0x22, 0x7b,
    0x22, 0x2f, 0x0, 0x0, 0x96, 0x0, 0x6a, 0x0,
    0xf, 0x0, 0x0, 0x9e, 0xdd, 0xef, 0xdd, 0xdf,
    0x0, 0x0, 0x96, 0x0, 0x6a, 0x0, 0xf, 0x0,
    0x0, 0x9e, 0xdd, 0xef, 0xdd, 0xef, 0x0, 0x0,
    0x0, 0x0, 0x6a, 0x0, 0x0, 0x0, 0x1e, 0xee,
    0xee, 0xff, 0xee, 0xee, 0xe7, 0x0, 0x0, 0x0,
    0x6b, 0x0, 0x0, 0x0, 0x0, 0x0, 0x0, 0x6a,
    0x0, 0x0, 0x0,

    /* U+8F09 "載" */
    0x0, 0x0, 0x0, 0x0, 0x0, 0x0, 0x0, 0x0,
    0x0, 0xe1, 0x0, 0x97, 0x47, 0x0, 0x6, 0xdd,
    0xfd, 0xd8, 0x87, 0xc, 0x80, 0x0, 0x0, 0xe1,
    0x0, 0x88, 0x1, 0x80, 0xb, 0xbb, 0xfc, 0xbb,
    0xee, 0xbb, 0xb5, 0x3, 0x33, 0xe4, 0x33, 0x8b,
    0x33, 0x31, 0x8, 0xcc, 0xfc, 0xcb, 0x4b, 0x5,
    0x90, 0x1, 0x44, 0xe5, 0x42, 0x3c, 0xc, 0x50,
    0x5, 0x95, 0xd5, 0x79, 0x1f, 0x3f, 0x0, 0x5,
    0xc9, 0xe9, 0xa9, 0xe, 0xd7, 0x0, 0x5, 0xa7,
    0xe7, 0x99, 0xa, 0xd0, 0x0, 0x1, 0x33, 0xe3,
    0x31, 0x3f, 0xc0, 0x49, 0xc, 0xdd, 0xfd, 0xde,
    0xd6, 0xd7, 0x87, 0x0, 0x0, 0xe0, 0x1c, 0x20,
    0x3c, 0xe2,

    /* U+8F14 "輔" */
    0x0, 0xe, 0x0, 0x0, 0xc, 0x3a, 0x10, 0x0,
    0xf, 0x0, 0x0, 0xc, 0x24, 0xd0, 0x3e, 0xef,
    0xee, 0x79, 0x9e, 0xa9, 0xb3, 0x0, 0xf, 0x0,
    0x25, 0x5d, 0x65, 0x52, 0xe, 0xbe, 0xbf, 0x15,
    0x5d, 0x75, 0x50, 0xc, 0xb, 0xc, 0x5c, 0x8e,
    0x98, 0xf1, 0xe, 0xbe, 0xbf, 0x59, 0xc, 0x20,
    0xe1, 0xc, 0xb, 0xc, 0x5e, 0xcf, 0xdc, 0xf1,
    0xb, 0xcf, 0xcc, 0x58, 0xc, 0x20, 0xe1, 0x0,
    0xf, 0x0, 0x5d, 0xbf, 0xbb, 0xf1, 0x6e, 0xef,
    0xee, 0xaa, 0x3d, 0x53, 0xe1, 0x0, 0xe, 0x0,
    0x58, 0xc, 0x20, 0xe1, 0x0, 0xe, 0x0, 0x58,
    0xb, 0x3e, 0xc0, 0x0, 0x0, 0x0, 0x0, 0x0,
    0x0, 0x0,

    /* U+8F1D "輝" */
    0x0, 0x3a, 0x0, 0x0, 0x0, 0x0, 0x0, 0x14,
    0x3a, 0x15, 0xed, 0xdd, 0xdd, 0xf4, 0xc, 0x3a,
    0x58, 0xe0, 0x8, 0x0, 0x94, 0xc, 0x4a, 0xa3,
    0xbd, 0xdf, 0xdd, 0xf0, 0x5, 0x5a, 0x70, 0x0,
    0xe, 0x10, 0x0, 0x5e, 0xef, 0xed, 0x6d, 0xbf,
    0xbb, 0xe0, 0x5, 0xb6, 0xa2, 0x66, 0xe, 0x10,
    0xe0, 0x4, 0x94, 0x90, 0x6c, 0xaf, 0xaa, 0xe0,
    0x5, 0x84, 0x90, 0x6a, 0x7f, 0x77, 0xe0, 0x7,
    0x75, 0xa5, 0x12, 0x2e, 0x42, 0x20, 0xa, 0x4b,
    0xe8, 0xee, 0xef, 0xee, 0xe7, 0x1e, 0x3, 0x0,
    0x0, 0xe, 0x10, 0x0, 0x47, 0x0, 0x0, 0x0,
    0xe, 0x10, 0x0,

    /* U+8F2A "輪" */
    0x0, 0x0, 0x0, 0x0, 0x0, 0x0, 0x0, 0x0,
    0x1d, 0x0, 0x0, 0xc, 0x30, 0x0, 0x0, 0x2d,
    0x0, 0x0, 0x8f, 0x90, 0x0, 0x2d, 0xdf, 0xdc,
    0x4, 0xe4, 0xc8, 0x0, 0x3, 0x5e, 0x32, 0x5f,
    0x40, 0xc, 0xa0, 0xd, 0x7d, 0x9d, 0xfc, 0xee,
    0xed, 0xb8, 0xc, 0xb, 0x2a, 0x20, 0x0, 0x0,
    0x0, 0xe, 0xce, 0xca, 0x7a, 0xaa, 0xaa, 0xa0,
    0xc, 0xb, 0x2a, 0xa6, 0xb4, 0xc3, 0xe0, 0xb,
    0xdf, 0xc8, 0xa3, 0x92, 0xb0, 0xd0, 0x0, 0x1d,
    0x0, 0xaf, 0xff, 0xff, 0xf0, 0x4e, 0xef, 0xed,
    0xa4, 0xa2, 0xc0, 0xe0, 0x0, 0x1d, 0x0, 0xa3,
    0x92, 0xb0, 0xe0, 0x0, 0x1d, 0x0, 0xa3, 0x92,
    0xb8, 0xa0,

    /* U+8F2F "輯" */
    0x0, 0xa, 0x40, 0x0, 0x0, 0x0, 0x0, 0x0,
    0xa, 0x50, 0x6, 0xec, 0xcd, 0xe0, 0x1e, 0xef,
    0xee, 0xa6, 0x90, 0x1, 0xe0, 0x0, 0xa, 0x50,
    0x6, 0xdc, 0xcc, 0xd0, 0xb, 0xce, 0xcd, 0x84,
    0x44, 0x44, 0x42, 0xb, 0x18, 0x36, 0x9b, 0xd9,
    0x9a, 0xf6, 0xb, 0xce, 0xcd, 0x75, 0xb3, 0x34,
    0xe0, 0xb, 0x18, 0x35, 0x75, 0xd8, 0x89, 0xe0,
    0x8, 0xce, 0xdc, 0x55, 0xb3, 0x34, 0xe0, 0x0,
    0xa, 0x50, 0x5, 0xd9, 0x9a, 0xe0, 0x3e, 0xef,
    0xee, 0xc5, 0xa0, 0x14, 0xe3, 0x0, 0xa, 0x40,
    0x6d, 0xcb, 0xaa, 0xf5, 0x0, 0xa, 0x40, 0x0,
    0x0, 0x1, 0xe0, 0x0, 0x0, 0x0, 0x0, 0x0,
    0x0, 0x0,

    /* U+8F66 "车" */
    0x0, 0x0, 0x0, 0x0, 0x0, 0x0, 0x0, 0x0,
    0x0, 0xd, 0x40, 0x0, 0x0, 0x0, 0x0, 0x0,
    0x4f, 0x0, 0x0, 0x0, 0x0, 0xe, 0xff, 0xff,
    0xff, 0xff, 0xff, 0xe0, 0x1, 0x14, 0xe2, 0x11,
    0x11, 0x11, 0x10, 0x0, 0xb, 0x60, 0xe, 0x30,
    0x0, 0x0, 0x0, 0x5d, 0x0, 0xe, 0x30, 0x0,
    0x0, 0x0, 0xef, 0xee, 0xef, 0xfe, 0xee, 0x0,
    0x0, 0x21, 0x11, 0x1e, 0x41, 0x11, 0x0, 0x0,
    0x0, 0x0, 0xe, 0x30, 0x0, 0x0, 0x1c, 0xcc,
    0xcc, 0xcf, 0xdc, 0xcc, 0xc2, 0x3, 0x33, 0x33,
    0x3e, 0x63, 0x33, 0x30, 0x0, 0x0, 0x0, 0xe,
    0x30, 0x0, 0x0, 0x0, 0x0, 0x0, 0xe, 0x30,
    0x0, 0x0,

    /* U+8F6C "转" */
    0x0, 0x18, 0x0, 0x0, 0x6, 0x40, 0x0, 0x0,
    0x4c, 0x0, 0x0, 0xd, 0x40, 0x0, 0x4e, 0xff,
    0xed, 0x7e, 0xff, 0xee, 0xd0, 0x0, 0xc2, 0x0,
    0x0, 0x5b, 0x0, 0x0, 0x2, 0xc8, 0x70, 0x44,
    0xb9, 0x44, 0x41, 0x8, 0x68, 0x70, 0xbb, 0xfb,
    0xbb, 0xb4, 0xf, 0xbd, 0xda, 0x4, 0xd0, 0x0,
    0x0, 0x2, 0x19, 0x81, 0x9, 0xfe, 0xef, 0x90,
    0x0, 0x8, 0x83, 0x10, 0x0, 0x3e, 0x10, 0x28,
    0xbe, 0xeb, 0x21, 0x40, 0xd5, 0x0, 0x28, 0x49,
    0x70, 0x2, 0xdd, 0x90, 0x0, 0x0, 0x8, 0x70,
    0x0, 0x8, 0xe3, 0x0, 0x0, 0x8, 0x70, 0x0,
    0x0, 0x5b, 0x0, 0x0, 0x0, 0x0, 0x0, 0x0,
    0x0, 0x0,

    /* U+8F6E "轮" */
    0x0, 0x18, 0x0, 0x0, 0x1a, 0x0, 0x0, 0x0,
    0x5b, 0x0, 0x0, 0x8f, 0x40, 0x0, 0x1f, 0xff,
    0xfc, 0x1, 0xe5, 0xe1, 0x0, 0x0, 0xc2, 0x0,
    0xa, 0x70, 0x7a, 0x0, 0x1, 0xc8, 0x60, 0x8a,
    0x0, 0xa, 0x80, 0x7, 0x68, 0x64, 0xa4, 0x10,
    0x0, 0x95, 0xd, 0xff, 0xfc, 0xd, 0x30, 0x4d,
    0x10, 0x1, 0x8, 0x60, 0xd, 0x5a, 0xe6, 0x0,
    0x0, 0x8, 0x62, 0xd, 0xf9, 0x10, 0x0, 0x6,
    0x9d, 0xfe, 0xd, 0x40, 0x0, 0x0, 0x1c, 0x8b,
    0x70, 0xd, 0x30, 0x0, 0xb1, 0x0, 0x8, 0x60,
    0xd, 0x40, 0x0, 0xf0, 0x0, 0x8, 0x60, 0x8,
    0xff, 0xef, 0x90,

    /* U+8F74 "轴" */
    0x0, 0x0, 0x0, 0x0, 0x0, 0x0, 0x0, 0x0,
    0x4a, 0x0, 0x0, 0xe, 0x10, 0x0, 0x15, 0x9b,
    0x54, 0x0, 0xe, 0x10, 0x0, 0x2a, 0xeb, 0xa8,
    0x0, 0xe, 0x10, 0x0, 0x0, 0xe1, 0x0, 0x8f,
    0xff, 0xff, 0xf0, 0x3, 0xa6, 0x80, 0x85, 0xe,
    0x10, 0xf0, 0x9, 0x46, 0x80, 0x85, 0xe, 0x10,
    0xf0, 0xf, 0xff, 0xfc, 0x85, 0xe, 0x10, 0xf0,
    0x1, 0x7, 0x80, 0x8f, 0xef, 0xfe, 0xf0, 0x0,
    0x6, 0x94, 0x85, 0xe, 0x10, 0xf0, 0x2a, 0xdf,
    0xd9, 0x85, 0xe, 0x10, 0xf0, 0x15, 0x27, 0x80,
    0x85, 0xe, 0x10, 0xf0, 0x0, 0x6, 0x80, 0x8e,
    0xdf, 0xdd, 0xf0, 0x0, 0x6, 0x70, 0x87, 0x11,
    0x11, 0xd0,

    /* U+8F7B "轻" */
    0x0, 0x37, 0x0, 0x0, 0x0, 0x0, 0x0, 0x0,
    0x89, 0x0, 0x6f, 0xff, 0xff, 0x40, 0x4f, 0xff,
    0xfe, 0x0, 0x0, 0x7d, 0x0, 0x0, 0xe0, 0x0,
    0x0, 0x6, 0xe2, 0x0, 0x4, 0xa8, 0x60, 0x1,
    0x9f, 0xb2, 0x0, 0xa, 0x48, 0x60, 0x7e, 0x81,
    0x6d, 0xa0, 0x1f, 0xef, 0xfc, 0x62, 0x0, 0x0,
    0x60, 0x0, 0x8, 0x60, 0x4d, 0xdd, 0xdd, 0x80,
    0x0, 0x8, 0x85, 0x1, 0x1e, 0x31, 0x0, 0x29,
    0xcf, 0xfb, 0x0, 0xe, 0x10, 0x0, 0x3a, 0x6a,
    0x60, 0x0, 0xe, 0x10, 0x0, 0x0, 0x8, 0x60,
    0x0, 0xe, 0x10, 0x0, 0x0, 0x8, 0x61, 0xff,
    0xff, 0xff, 0xf3,

    /* U+8F7D "载" */
    0x0, 0x0, 0x0, 0x0, 0x0, 0x0, 0x0, 0x0,
    0x0, 0xa4, 0x0, 0x4b, 0x26, 0x0, 0x4, 0xdd,
    0xfe, 0xda, 0x4c, 0xb, 0x70, 0x0, 0x0, 0xa4,
    0x0, 0x3c, 0x1, 0x50, 0x1c, 0xcc, 0xfd, 0xcc,
    0xdf, 0xcc, 0xc6, 0x0, 0x7, 0x60, 0x0, 0x2d,
    0x0, 0x0, 0x1, 0x1c, 0x61, 0x11, 0x1f, 0x4,
    0xa0, 0xa, 0xde, 0xcd, 0xbb, 0x3f, 0xb, 0x60,
    0x0, 0xb4, 0x2c, 0x0, 0xd, 0x4f, 0x10, 0x5,
    0xfe, 0xef, 0xee, 0xa, 0xd9, 0x0, 0x0, 0x0,
    0x2c, 0x0, 0x7, 0xf1, 0x0, 0x4, 0x67, 0xaf,
    0xbd, 0x5c, 0xe0, 0x39, 0x8, 0x86, 0x7d, 0x20,
    0xa9, 0xb9, 0x77, 0x0, 0x0, 0x2c, 0x7, 0x90,
    0x1b, 0xe2, 0x0, 0x0, 0x0, 0x0, 0x0, 0x0,
    0x0,

    /* U+8F85 "辅" */
    0x0, 0x2c, 0x0, 0x0, 0xb, 0x4b, 0x30, 0x2,
    0x7c, 0x22, 0x0, 0xb, 0x42, 0xc0, 0x2c, 0xed,
    0xcb, 0xbe, 0xef, 0xee, 0xe8, 0x0, 0xc2, 0x0,
    0x0, 0xb, 0x40, 0x0, 0x1, 0xc4, 0xa0, 0x5e,
    0xef, 0xee, 0xe1, 0x6, 0x74, 0xa0, 0x68, 0xa,
    0x30, 0xd1, 0xd, 0xcc, 0xe7, 0x69, 0x1b, 0x41,
    0xe1, 0x6, 0x68, 0xc4, 0x6e, 0xce, 0xdc, 0xf1,
    0x0, 0x4, 0xa2, 0x68, 0xa, 0x30, 0xd1, 0x17,
    0xad, 0xfa, 0x6f, 0xef, 0xee, 0xf1, 0x18, 0x56,
    0xa0, 0x68, 0xa, 0x30, 0xd1, 0x0, 0x4, 0xa0,
    0x68, 0xa, 0x30, 0xe1, 0x0, 0x4, 0xa0, 0x68,
    0xa, 0x3d, 0xc0,

    /* U+8F89 "辉" */
    0x0, 0xd, 0x0, 0x0, 0x0, 0x0, 0x0, 0x7,
    0xd, 0x8, 0xbf, 0xff, 0xff, 0xf2, 0xc, 0x1d,
    0x39, 0xb4, 0x16, 0x0, 0xc2, 0x8, 0x4d, 0x84,
    0x62, 0x6c, 0x0, 0x71, 0x4, 0x4d, 0x70, 0x2e,
    0xfe, 0xee, 0x90, 0x1d, 0xdf, 0xdc, 0x3, 0xd1,
    0x70, 0x0, 0x1, 0xd4, 0xb1, 0xb, 0x52, 0xd0,
    0x0, 0x0, 0xd2, 0xb0, 0x3f, 0xff, 0xff, 0xe0,
    0x2, 0xc2, 0xb0, 0x1, 0x2, 0xd0, 0x0, 0x3,
    0xa2, 0xb5, 0x10, 0x3, 0xe0, 0x0, 0x7, 0x63,
    0xfb, 0xbe, 0xee, 0xfe, 0xe6, 0xd, 0x26, 0x70,
    0x0, 0x2, 0xd0, 0x0, 0x18, 0x0, 0x0, 0x0,
    0x2, 0xd0, 0x0,

    /* U+8F91 "辑" */
    0x0, 0x5, 0x0, 0x0, 0x0, 0x0, 0x0, 0x0,
    0x3d, 0x0, 0x2f, 0xcc, 0xcd, 0xe0, 0x1d, 0xef,
    0xdd, 0x2d, 0x0, 0x1, 0xe0, 0x0, 0xb3, 0x0,
    0x2c, 0xcc, 0xcc, 0xb0, 0x1, 0xd5, 0x90, 0x99,
    0x99, 0x99, 0x97, 0x7, 0x75, 0x90, 0x4f, 0x33,
    0x35, 0xd3, 0xd, 0xff, 0xfd, 0xf, 0x99, 0x9a,
    0xd0, 0x0, 0x5, 0x90, 0xf, 0x22, 0x24, 0xd0,
    0x0, 0x5, 0x90, 0xf, 0x22, 0x24, 0xd0, 0x4,
    0x6b, 0xed, 0xf, 0x99, 0x9a, 0xd0, 0x1b, 0x89,
    0xa0, 0x1f, 0x13, 0x46, 0xe6, 0x0, 0x5, 0x91,
    0xdc, 0xba, 0x99, 0xe5, 0x0, 0x5, 0x90, 0x0,
    0x0, 0x2, 0xd0, 0x0, 0x0, 0x0, 0x0, 0x0,
    0x0, 0x0,

    /* U+8FB0 "辰" */
    0x0, 0xff, 0xff, 0xff, 0xff, 0xff, 0xe0, 0x0,
    0xf0, 0x0, 0x0, 0x0, 0x0, 0x0, 0x0, 0xf0,
    0xbc, 0xcc, 0xcc, 0xcc, 0x0, 0x0, 0xf0, 0x33,
    0x33, 0x33, 0x33, 0x0, 0x1, 0xf0, 0x0, 0x0,
    0x0, 0x0, 0x0, 0x2, 0xff, 0xff, 0xff, 0xff,
    0xff, 0xf4, 0x3, 0xe0, 0x88, 0x9, 0x70, 0x5,
    0x40, 0x4, 0xc0, 0x88, 0x2, 0xe1, 0x7d, 0x20,
    0x6, 0xa0, 0x88, 0x0, 0x9e, 0xa0, 0x0, 0xa,
    0x70, 0x88, 0x0, 0x2c, 0xa0, 0x0, 0x1e, 0x10,
    0xac, 0xbe, 0x60, 0xae, 0x71, 0x5b, 0x0, 0xda,
    0x50, 0x0, 0x3, 0xa2, 0x0, 0x0, 0x0, 0x0,
    0x0, 0x0, 0x0,

    /* U+8FBE "达" */
    0x3, 0x50, 0x0, 0x0, 0xc5, 0x0, 0x0, 0x3,
    0xe1, 0x0, 0x0, 0xc4, 0x0, 0x0, 0x0, 0x8a,
    0x0, 0x0, 0xd3, 0x0, 0x0, 0x0, 0x17, 0x4f,
    0xff, 0xff, 0xff, 0xf4, 0x0, 0x0, 0x0, 0x1,
    0xf0, 0x0, 0x0, 0x1b, 0xba, 0x0, 0x4, 0xf8,
    0x0, 0x0, 0x4, 0x6e, 0x0, 0x9, 0x7c, 0x70,
    0x0, 0x0, 0x2e, 0x0, 0x2e, 0x1, 0xd7, 0x0,
    0x0, 0x2e, 0x2, 0xd6, 0x0, 0x1e, 0x50, 0x0,
    0x2e, 0x2e, 0x70, 0x0, 0x4, 0xe0, 0x1, 0xce,
    0x52, 0x0, 0x0, 0x0, 0x10, 0xc, 0x70, 0xba,
    0x32, 0x1, 0x12, 0x43, 0x1b, 0x0, 0x5, 0xbd,
    0xee, 0xed, 0xd4, 0x0, 0x0, 0x0, 0x0, 0x0,
    0x0, 0x0,

    /* U+8FC1 "迁" */
    0x0, 0x0, 0x0, 0x0, 0x0, 0x14, 0x0, 0x9,
    0x90, 0x3, 0x57, 0xad, 0xea, 0x20, 0x0, 0xc8,
    0xa, 0x86, 0xd4, 0x0, 0x0, 0x0, 0x18, 0x0,
    0x0, 0xc3, 0x0, 0x0, 0x0, 0x0, 0x0, 0x0,
    0xc3, 0x0, 0x0, 0x0, 0x0, 0x4a, 0xaa, 0xeb,
    0xaa, 0xa3, 0x1e, 0xee, 0x24, 0x44, 0xd7, 0x44,
    0x41, 0x0, 0x2e, 0x0, 0x0, 0xc3, 0x0, 0x0,
    0x0, 0x2e, 0x0, 0x0, 0xc3, 0x0, 0x0, 0x0,
    0x2e, 0x0, 0x0, 0xc3, 0x0, 0x0, 0x0, 0x4e,
    0x0, 0x0, 0xc3, 0x0, 0x0, 0x7, 0xc7, 0xd7,
    0x20, 0x51, 0x1, 0x21, 0xc, 0x10, 0x18, 0xce,
    0xee, 0xee, 0xd4, 0x0, 0x0, 0x0, 0x0, 0x0,
    0x0, 0x0,

    /* U+8FC7 "过" */
    0x1, 0x20, 0x0, 0x0, 0x0, 0xe2, 0x0, 0x4,
    0xe2, 0x0, 0x0, 0x0, 0xe2, 0x0, 0x0, 0x7c,
    0x0, 0x0, 0x0, 0xe2, 0x0, 0x0, 0x8, 0x3e,
    0xee, 0xee, 0xff, 0xe1, 0x0, 0x0, 0x0, 0x10,
    0x0, 0xe2, 0x0, 0xb, 0xba, 0x3, 0xd0, 0x0,
    0xe2, 0x0, 0x3, 0x5e, 0x0, 0x99, 0x0, 0xe2,
    0x0, 0x0, 0x2e, 0x0, 0x1d, 0x10, 0xe2, 0x0,
    0x0, 0x2e, 0x0, 0x0, 0x0, 0xe2, 0x0, 0x0,
    0x2e, 0x0, 0x1, 0x22, 0xf1, 0x0, 0x0, 0x7d,
    0x20, 0x4, 0xed, 0xa0, 0x0, 0xb, 0x70, 0xaa,
    0x53, 0x23, 0x35, 0x73, 0xa, 0x0, 0x4, 0xab,
    0xdd, 0xcc, 0xb2, 0x0, 0x0, 0x0, 0x0, 0x0,
    0x0, 0x0,

    /* U+8FCE "迎" */
    0x0, 0x0, 0x0, 0x4c, 0x30, 0x0, 0x0, 0xd,
    0x60, 0x1c, 0xa3, 0xae, 0xee, 0xc0, 0x2, 0xc9,
    0x1d, 0x0, 0xb3, 0x1, 0xe0, 0x0, 0x2, 0x1d,
    0x0, 0xb3, 0x1, 0xe0, 0x0, 0x0, 0x1d, 0x0,
    0xb3, 0x1, 0xe0, 0x8e, 0xe4, 0x1d, 0x0, 0xb3,
    0x1, 0xe0, 0x0, 0xb4, 0x1d, 0x0, 0xb3, 0x1,
    0xe0, 0x0, 0xb4, 0x1d, 0x3, 0xd3, 0x1, 0xe0,
    0x0, 0xb4, 0x5f, 0xdd, 0xe3, 0x24, 0xe0, 0x0,
    0xb4, 0x88, 0x20, 0xb3, 0x8b, 0x60, 0x0, 0xd7,
    0x0, 0x0, 0xb3, 0x0, 0x0, 0x1c, 0x89, 0xa4,
    0x0, 0x20, 0x0, 0x21, 0x79, 0x0, 0x4a, 0xef,
    0xef, 0xff, 0xf3, 0x0, 0x0, 0x0, 0x0, 0x0,
    0x0, 0x0,

    /* U+8FD0 "运" */
    0x0, 0x0, 0x0, 0x0, 0x0, 0x0, 0x0, 0x8,
    0xb1, 0x3, 0xff, 0xff, 0xff, 0xc0, 0x0, 0x8e,
    0x20, 0x0, 0x0, 0x0, 0x0, 0x0, 0x3, 0x0,
    0x0, 0x0, 0x0, 0x0, 0x0, 0x0, 0x3c, 0xcc,
    0xcc, 0xcc, 0xca, 0x2e, 0xeb, 0x13, 0x3a, 0xc3,
    0x43, 0x33, 0x0, 0x5b, 0x0, 0xe, 0x40, 0xb5,
    0x0, 0x0, 0x4b, 0x0, 0x6c, 0x0, 0x3e, 0x0,
    0x0, 0x4b, 0x1, 0xe3, 0x13, 0x4c, 0x80, 0x0,
    0x4b, 0x8, 0xff, 0xdc, 0xa9, 0xe2, 0x0, 0x7d,
    0x11, 0x10, 0x0, 0x0, 0x51, 0x8, 0xd7, 0xd8,
    0x20, 0x0, 0x0, 0x23, 0x1e, 0x20, 0x18, 0xdf,
    0xff, 0xff, 0xfb, 0x0, 0x0, 0x0, 0x0, 0x1,
    0x0, 0x0,

    /* U+8FD1 "近" */
    0x1, 0x20, 0x0, 0x1, 0x24, 0x69, 0x90, 0x3,
    0xe3, 0x0, 0xfd, 0xca, 0x85, 0x20, 0x0, 0x4e,
    0x10, 0xf1, 0x0, 0x0, 0x0, 0x0, 0x2, 0x0,
    0xf1, 0x0, 0x0, 0x0, 0x0, 0x0, 0x0, 0xfd,
    0xcc, 0xcc, 0xc6, 0xe, 0xec, 0x1, 0xf2, 0x23,
    0xf2, 0x21, 0x1, 0x3e, 0x2, 0xe0, 0x1, 0xf0,
    0x0, 0x0, 0x2e, 0x4, 0xc0, 0x1, 0xf0, 0x0,
    0x0, 0x2e, 0x8, 0x90, 0x1, 0xf0, 0x0, 0x0,
    0x2e, 0xe, 0x30, 0x1, 0xf0, 0x0, 0x0, 0x8f,
    0x59, 0x0, 0x1, 0xd0, 0x0, 0xa, 0x91, 0xb9,
    0x42, 0x11, 0x23, 0x54, 0xb, 0x0, 0x5, 0xbd,
    0xee, 0xed, 0xd6, 0x0, 0x0, 0x0, 0x0, 0x0,
    0x0, 0x0,

    /* U+8FD4 "返" */
    0x1, 0x0, 0x0, 0x0, 0x1, 0x47, 0x10, 0xd,
    0x60, 0xb, 0xde, 0xfd, 0xb8, 0x30, 0x2, 0xe4,
    0xe, 0x30, 0x0, 0x0, 0x0, 0x0, 0x21, 0xe,
    0x54, 0x44, 0x44, 0x0, 0x0, 0x0, 0xf, 0xa9,
    0x99, 0xaf, 0x0, 0x6b, 0xb3, 0xf, 0x24, 0x0,
    0x99, 0x0, 0x23, 0xd4, 0x1e, 0x2d, 0x73, 0xe1,
    0x0, 0x0, 0xc4, 0x4c, 0x1, 0xcf, 0x60, 0x0,
    0x0, 0xc4, 0xa7, 0x3, 0xdc, 0xc1, 0x0, 0x0,
    0xc6, 0xe3, 0xae, 0x40, 0x8d, 0x10, 0x3, 0xe8,
    0x20, 0x70, 0x0, 0x5, 0x0, 0x3e, 0x4a, 0xb5,
    0x21, 0x11, 0x24, 0x70, 0x75, 0x0, 0x4a, 0xde,
    0xee, 0xed, 0xb0, 0x0, 0x0, 0x0, 0x0, 0x0,
    0x0, 0x0,

    /* U+8FD8 "还" */
    0x7, 0x10, 0x0, 0x0, 0x0, 0x0, 0x0, 0x7,
    0xe1, 0x7f, 0xff, 0xff, 0xff, 0xe0, 0x0, 0x9c,
    0x1, 0x11, 0x9b, 0x11, 0x10, 0x0, 0x1, 0x0,
    0x3, 0xf3, 0x0, 0x0, 0x0, 0x0, 0x0, 0xd,
    0xf2, 0x20, 0x0, 0x9f, 0xf3, 0x0, 0xbc, 0xf5,
    0xe3, 0x0, 0x0, 0xc3, 0x1d, 0xd1, 0xf1, 0x4e,
    0x30, 0x0, 0xc4, 0xeb, 0x10, 0xf1, 0x5, 0xe0,
    0x0, 0xc3, 0x20, 0x0, 0xf1, 0x0, 0x10, 0x0,
    0xc3, 0x0, 0x0, 0xf1, 0x0, 0x0, 0x3, 0xe8,
    0x0, 0x0, 0xe1, 0x0, 0x0, 0x4f, 0x6b, 0xb5,
    0x10, 0x0, 0x1, 0x32, 0xa7, 0x0, 0x6c, 0xff,
    0xff, 0xff, 0xf5, 0x0, 0x0, 0x0, 0x0, 0x10,
    0x0, 0x0,

    /* U+8FDB "进" */
    0x4, 0x60, 0x0, 0xf, 0x0, 0xe1, 0x0, 0x1,
    0xe4, 0x0, 0xf, 0x0, 0xe1, 0x0, 0x0, 0x4e,
    0x10, 0x1f, 0x0, 0xe2, 0x0, 0x0, 0x5, 0xf,
    0xff, 0xff, 0xff, 0xe0, 0x0, 0x0, 0x0, 0xf,
    0x0, 0xe1, 0x0, 0xc, 0xca, 0x0, 0xf, 0x0,
    0xe1, 0x0, 0x0, 0x3e, 0x1e, 0xef, 0xee, 0xfe,
    0xe3, 0x0, 0x2e, 0x1, 0x6b, 0x11, 0xe3, 0x10,
    0x0, 0x2e, 0x0, 0xc6, 0x0, 0xe1, 0x0, 0x0,
    0x2e, 0x9, 0xc0, 0x0, 0xe1, 0x0, 0x1, 0xdf,
    0x73, 0x10, 0x0, 0x50, 0x0, 0xb, 0xb4, 0xeb,
    0x31, 0x0, 0x12, 0x32, 0x1c, 0x0, 0x17, 0xcd,
    0xee, 0xee, 0xd3, 0x0, 0x0, 0x0, 0x0, 0x0,
    0x0, 0x0,

    /* U+8FDC "远" */
    0x0, 0x0, 0x0, 0x0, 0x0, 0x0, 0x0, 0x9,
    0xa1, 0x4, 0xff, 0xff, 0xff, 0xc0, 0x0, 0x9e,
    0x10, 0x0, 0x0, 0x0, 0x0, 0x0, 0x3, 0x0,
    0x0, 0x0, 0x0, 0x0, 0x0, 0x0, 0x4d, 0xdd,
    0xdd, 0xdd, 0xd8, 0x2e, 0xeb, 0x1, 0x1d, 0x33,
    0xe1, 0x11, 0x0, 0x5b, 0x0, 0xf, 0x1, 0xd0,
    0x0, 0x0, 0x4b, 0x0, 0x2e, 0x1, 0xd0, 0x0,
    0x0, 0x4b, 0x0, 0x99, 0x1, 0xd0, 0x37, 0x0,
    0x4b, 0x6, 0xe1, 0x1, 0xe1, 0x69, 0x0, 0x4c,
    0x6b, 0x20, 0x0, 0xbd, 0xd3, 0x5, 0xc6, 0xb5,
    0x10, 0x0, 0x0, 0x12, 0xd, 0x10, 0x18, 0xdf,
    0xee, 0xff, 0xfb, 0x0, 0x0, 0x0, 0x0, 0x0,
    0x0, 0x0,

    /* U+8FDD "违" */
    0x0, 0x0, 0x0, 0x0, 0xb4, 0x0, 0x0, 0x8,
    0x90, 0x0, 0x0, 0xc4, 0x0, 0x0, 0x0, 0xb8,
    0x6e, 0xee, 0xfe, 0xee, 0xe4, 0x0, 0x8, 0x0,
    0x0, 0xb4, 0x0, 0x0, 0x0, 0x0, 0xd, 0xee,
    0xfe, 0xee, 0x90, 0x8, 0x86, 0x0, 0x0, 0xb4,
    0x0, 0x0, 0x9, 0xbb, 0x1, 0x11, 0xc5, 0x11,
    0x10, 0x0, 0x4b, 0x7d, 0xdd, 0xfe, 0xdd, 0xf5,
    0x0, 0x4b, 0x0, 0x0, 0xb4, 0x0, 0xc3, 0x0,
    0x4b, 0x0, 0x0, 0xb4, 0x12, 0xf0, 0x0, 0x4c,
    0x0, 0x0, 0xb4, 0x7b, 0x60, 0x5, 0xda, 0xb4,
    0x0, 0x0, 0x0, 0x11, 0xd, 0x20, 0x3a, 0xee,
    0xee, 0xef, 0xf6, 0x0, 0x0, 0x0, 0x0, 0x10,
    0x0, 0x0,

    /* U+8FE6 "迦" */
    0x2, 0x0, 0xd, 0x10, 0x0, 0x0, 0x0, 0x2e,
    0x10, 0xd, 0x0, 0xa, 0xcc, 0xa0, 0x7, 0xb5,
    0xef, 0xef, 0x3e, 0x45, 0xd0, 0x0, 0x90, 0xe,
    0xc, 0x3e, 0x1, 0xd0, 0x0, 0x0, 0xe, 0xc,
    0x2e, 0x1, 0xd0, 0x1, 0x10, 0x1c, 0xc, 0x2e,
    0x1, 0xd0, 0x6e, 0xf3, 0x3b, 0xd, 0x2e, 0x1,
    0xd0, 0x0, 0xb3, 0x59, 0xe, 0x1e, 0x1, 0xd0,
    0x0, 0xb3, 0xa5, 0xf, 0xe, 0x1, 0xd0, 0x0,
    0xb4, 0xe2, 0x4e, 0xe, 0x67, 0xd0, 0x1, 0xd8,
    0x64, 0xb5, 0x6, 0x77, 0x60, 0x2e, 0x8c, 0xa3,
    0x0, 0x0, 0x0, 0x11, 0x88, 0x0, 0x6c, 0xff,
    0xef, 0xff, 0xf4, 0x0, 0x0, 0x0, 0x0, 0x0,
    0x0, 0x0,

    /* U+8FF7 "迷" */
    0xb, 0x10, 0x2, 0x1, 0xe0, 0x4, 0x10, 0x7,
    0xc0, 0x3d, 0x1, 0xe0, 0xe, 0x20, 0x0, 0xb7,
    0xb, 0x51, 0xe0, 0x6a, 0x0, 0x0, 0x10, 0x5,
    0x81, 0xe0, 0xb2, 0x0, 0x0, 0x0, 0x34, 0x45,
    0xf4, 0x44, 0x30, 0x9f, 0xf3, 0xab, 0xbf, 0xfe,
    0xbb, 0x90, 0x0, 0xb3, 0x0, 0x4d, 0xfd, 0x50,
    0x0, 0x0, 0xb3, 0x2, 0xe3, 0xe1, 0xd5, 0x0,
    0x0, 0xb3, 0x3e, 0x41, 0xe0, 0x1d, 0x50, 0x0,
    0xb4, 0xc4, 0x1, 0xe0, 0x2, 0x80, 0x5, 0xfa,
    0x0, 0x1, 0xc0, 0x0, 0x0, 0x4e, 0x18, 0xc5,
    0x10, 0x0, 0x2, 0x41, 0xa5, 0x0, 0x4b, 0xff,
    0xff, 0xff, 0xf2, 0x0, 0x0, 0x0, 0x0, 0x10,
    0x0, 0x0,

    /* U+8FF9 "迹" */
    0x0, 0x0, 0x0, 0x5, 0xa0, 0x0, 0x0, 0xd,
    0x60, 0x0, 0x0, 0xe3, 0x0, 0x0, 0x1, 0xc9,
    0x9f, 0xff, 0xff, 0xff, 0xf1, 0x0, 0x2, 0x0,
    0xf, 0x9, 0x60, 0x0, 0x0, 0x0, 0x8, 0xf,
    0x9, 0x67, 0x0, 0x7e, 0xe4, 0x2d, 0xf, 0x9,
    0x6b, 0x40, 0x0, 0xb4, 0x87, 0x2d, 0x9, 0x64,
    0xb0, 0x0, 0xb6, 0xe0, 0x6a, 0x9, 0x60, 0xe0,
    0x0, 0xb4, 0x20, 0xd4, 0x9, 0x60, 0x40, 0x0,
    0xb4, 0x8, 0xc0, 0x9, 0x60, 0x0, 0x1, 0xd8,
    0x2d, 0x10, 0xee, 0x30, 0x0, 0x1d, 0x8a, 0xb4,
    0x0, 0x0, 0x1, 0x20, 0x79, 0x0, 0x4b, 0xef,
    0xef, 0xff, 0xe0, 0x0, 0x0, 0x0, 0x0, 0x0,
    0x0, 0x0,

    /* U+9006 "逆" */
    0x0, 0x0, 0x1, 0x60, 0x0, 0x6, 0x10, 0xa,
    0x50, 0x0, 0xd4, 0x0, 0x8c, 0x0, 0x2, 0xe5,
    0x12, 0x7b, 0x24, 0xf5, 0x21, 0x0, 0x37, 0x6c,
    0xcc, 0xfd, 0xcc, 0xc7, 0x0, 0x0, 0xc, 0x10,
    0xc4, 0x1, 0xc0, 0xf, 0xfb, 0xe, 0x10, 0xc4,
    0x1, 0xe0, 0x0, 0x4c, 0xe, 0x10, 0xc4, 0x1,
    0xe0, 0x0, 0x3c, 0xe, 0xfe, 0xff, 0xef, 0xe0,
    0x0, 0x3c, 0x0, 0x1, 0xf0, 0x0, 0x0, 0x0,
    0x3c, 0x0, 0xb, 0x90, 0x0, 0x0, 0x0, 0x5d,
    0x4, 0xcc, 0x0, 0x0, 0x0, 0x5, 0xe9, 0xdb,
    0x80, 0x0, 0x0, 0x2, 0xd, 0x20, 0x18, 0xde,
    0xee, 0xef, 0xfa, 0x0, 0x0, 0x0, 0x0, 0x0,
    0x0, 0x0,

    /* U+9009 "选" */
    0x3, 0x10, 0x0, 0x43, 0x1e, 0x0, 0x0, 0x8,
    0xd1, 0x0, 0xd5, 0x1e, 0x0, 0x0, 0x0, 0x9c,
    0x4, 0xfe, 0xef, 0xee, 0xe0, 0x0, 0x5, 0xd,
    0x60, 0x1e, 0x0, 0x0, 0x0, 0x0, 0x5, 0x0,
    0x1e, 0x0, 0x0, 0x2, 0x22, 0x2b, 0xbb, 0xbf,
    0xbb, 0xb6, 0xc, 0xdb, 0x14, 0x4c, 0x95, 0xf4,
    0x42, 0x0, 0x4b, 0x0, 0xe, 0x30, 0xe0, 0x0,
    0x0, 0x4b, 0x0, 0x5d, 0x0, 0xe0, 0x25, 0x0,
    0x4b, 0x6, 0xf4, 0x0, 0xf1, 0x6a, 0x0, 0x4c,
    0x5c, 0x30, 0x0, 0xbe, 0xe4, 0x2, 0xcd, 0xc5,
    0x10, 0x0, 0x0, 0x1, 0xd, 0x60, 0x39, 0xef,
    0xee, 0xff, 0xfa, 0x0, 0x0, 0x0, 0x0, 0x11,
    0x0, 0x0,

    /* U+9010 "逐" */
    0x0, 0x0, 0x0, 0x0, 0x0, 0x0, 0x0, 0x1e,
    0x30, 0xde, 0xee, 0xfe, 0xee, 0xc0, 0x4, 0xe2,
    0x0, 0x3d, 0x50, 0x0, 0x0, 0x0, 0x41, 0x29,
    0xcb, 0x50, 0xb, 0x40, 0x0, 0x1, 0xc5, 0x6,
    0xf4, 0xc6, 0x0, 0x7e, 0xe3, 0x1, 0xa9, 0x5f,
    0x70, 0x0, 0x0, 0xc3, 0x7d, 0x50, 0xaf, 0xe3,
    0x0, 0x0, 0xb3, 0x10, 0xb, 0x7d, 0x4e, 0x30,
    0x0, 0xb3, 0x7, 0xe5, 0xd, 0x14, 0xd0, 0x0,
    0xb4, 0xda, 0x20, 0x1f, 0x0, 0x10, 0x0, 0xc6,
    0x10, 0x3b, 0xd9, 0x0, 0x0, 0x1c, 0xbc, 0xa4,
    0x14, 0x30, 0x1, 0x30, 0x78, 0x0, 0x4a, 0xde,
    0xfe, 0xee, 0xd1, 0x0, 0x0, 0x0, 0x0, 0x0,
    0x0, 0x0,

    /* U+9012 "递" */
    0x0, 0x0, 0x0, 0x53, 0x0, 0x66, 0x0, 0x5,
    0xc0, 0x0, 0x3b, 0x2, 0xe2, 0x0, 0x0, 0xb8,
    0xc, 0xde, 0xee, 0xed, 0xd0, 0x0, 0x28, 0x0,
    0x0, 0xb4, 0x0, 0xe0, 0x0, 0x0, 0x6, 0xdd,
    0xfe, 0xdd, 0xe0, 0xa, 0xa8, 0x9, 0x30, 0xb4,
    0x0, 0x0, 0x4, 0x7c, 0xb, 0xdd, 0xfe, 0xdd,
    0xd0, 0x0, 0x3c, 0x0, 0xb, 0xf4, 0x0, 0x90,
    0x0, 0x3c, 0x0, 0xaa, 0xb4, 0x0, 0x90, 0x0,
    0x3c, 0x2d, 0x80, 0xb4, 0x6c, 0x60, 0x0, 0x9e,
    0x32, 0x0, 0xb4, 0x0, 0x0, 0xa, 0xa3, 0xd9,
    0x43, 0x22, 0x34, 0x63, 0xa, 0x0, 0x6, 0xac,
    0xdd, 0xcc, 0xb3, 0x0, 0x0, 0x0, 0x0, 0x0,
    0x0, 0x0,

    /* U+901A "通" */
    0x0, 0x0, 0x0, 0x0, 0x0, 0x0, 0x0, 0x8,
    0x60, 0xb, 0xcc, 0xcc, 0xcf, 0xb0, 0x1, 0xd6,
    0x0, 0x3a, 0x51, 0xaa, 0x10, 0x0, 0x1c, 0x0,
    0x3, 0xaf, 0xb0, 0x0, 0x0, 0x0, 0xe, 0xcc,
    0xcf, 0xcc, 0xf0, 0x4, 0x43, 0xe, 0x10, 0x1d,
    0x0, 0xf0, 0x1a, 0xcc, 0xe, 0xcc, 0xcf, 0xcc,
    0xf0, 0x0, 0x3c, 0xe, 0x10, 0x1d, 0x0, 0xf0,
    0x0, 0x3c, 0xe, 0xdd, 0xdf, 0xdd, 0xf0, 0x0,
    0x3c, 0xe, 0x10, 0x1d, 0x0, 0xf0, 0x0, 0x6e,
    0x1e, 0x10, 0x1c, 0x4d, 0xd0, 0x7, 0xb5, 0xc6,
    0x0, 0x0, 0x0, 0x1, 0x1d, 0x10, 0x18, 0xde,
    0xdd, 0xef, 0xf9, 0x0, 0x0, 0x0, 0x0, 0x0,
    0x0, 0x0,

    /* U+9020 "造" */
    0x0, 0x0, 0x0, 0x74, 0x3c, 0x0, 0x0, 0x7,
    0xc1, 0x0, 0xe2, 0x3c, 0x0, 0x0, 0x0, 0xab,
    0x6, 0xfe, 0xef, 0xee, 0x90, 0x0, 0x7, 0x2f,
    0x30, 0x3c, 0x0, 0x0, 0x0, 0x0, 0x16, 0x0,
    0x4c, 0x0, 0x0, 0x2, 0x22, 0x5d, 0xdd, 0xdd,
    0xdd, 0xd3, 0x1c, 0xdb, 0x0, 0x0, 0x0, 0x0,
    0x0, 0x0, 0x4b, 0x2, 0xfd, 0xdd, 0xdf, 0x20,
    0x0, 0x4b, 0x2, 0xd0, 0x0, 0xd, 0x20, 0x0,
    0x4b, 0x2, 0xd0, 0x0, 0xd, 0x20, 0x0, 0x4b,
    0x2, 0xee, 0xee, 0xee, 0x20, 0x3, 0xdb, 0xa3,
    0x0, 0x0, 0x0, 0x22, 0xd, 0x30, 0x4b, 0xee,
    0xee, 0xff, 0xf5, 0x0, 0x0, 0x0, 0x0, 0x10,
    0x0, 0x0,

    /* U+9022 "逢" */
    0x1, 0x10, 0x0, 0xc, 0x20, 0x0, 0x0, 0x7,
    0xc0, 0x0, 0xbf, 0xcc, 0xd7, 0x0, 0x0, 0xb9,
    0x3d, 0xc9, 0x5, 0xd1, 0x0, 0x0, 0x12, 0x33,
    0x8, 0xde, 0x20, 0x0, 0x0, 0x0, 0x3, 0x9d,
    0x7a, 0xea, 0x61, 0x7, 0x76, 0x8a, 0x50, 0xd3,
    0x16, 0x91, 0x7, 0x9c, 0x6, 0xcc, 0xfd, 0xca,
    0x0, 0x0, 0x2c, 0x3, 0x33, 0xe6, 0x33, 0x0,
    0x0, 0x2c, 0x7, 0x88, 0xea, 0x88, 0x10, 0x0,
    0x2c, 0x27, 0x77, 0xe9, 0x77, 0x70, 0x0, 0x5e,
    0x24, 0x44, 0xe7, 0x44, 0x40, 0x7, 0xc8, 0xd5,
    0x0, 0x51, 0x1, 0x52, 0xd, 0x10, 0x29, 0xef,
    0xee, 0xff, 0xf3, 0x0, 0x0, 0x0, 0x0, 0x10,
    0x0, 0x0,

    /* U+9032 "進" */
    0x6, 0x20, 0x0, 0x46, 0x27, 0x0, 0x0, 0x6,
    0xe3, 0x0, 0xb4, 0xe, 0x30, 0x0, 0x0, 0x6d,
    0x3, 0xfb, 0xae, 0xda, 0xa5, 0x0, 0x1, 0xd,
    0xd3, 0x3e, 0x43, 0x31, 0x0, 0x0, 0xbe, 0xc0,
    0xe, 0x10, 0x0, 0x3, 0x33, 0xa4, 0xfd, 0xdf,
    0xdd, 0xd0, 0xa, 0xcc, 0x3, 0xc0, 0xe, 0x10,
    0x0, 0x0, 0x4c, 0x3, 0xfd, 0xdf, 0xdd, 0xd0,
    0x0, 0x4c, 0x3, 0xc0, 0xe, 0x10, 0x0, 0x0,
    0x4c, 0x3, 0xfb, 0xbf, 0xcb, 0xb8, 0x0, 0x7e,
    0x20, 0x22, 0x22, 0x22, 0x21, 0x8, 0xe9, 0xe9,
    0x31, 0x0, 0x1, 0x24, 0xd, 0x30, 0x18, 0xdf,
    0xff, 0xff, 0xfb, 0x0, 0x0, 0x0, 0x0, 0x1,
    0x0, 0x0,

    /* U+903E "逾" */
    0x2, 0x0, 0x0, 0x1, 0xa0, 0x0, 0x0, 0xc,
    0x90, 0x0, 0x2c, 0xb9, 0x0, 0x0, 0x0, 0x97,
    0x6, 0xd3, 0x7, 0xb2, 0x0, 0x0, 0x3, 0xca,
    0xcc, 0xcc, 0xad, 0x90, 0x0, 0x3, 0x30, 0x11,
    0x0, 0x1, 0x50, 0x8e, 0xe4, 0xbc, 0xbe, 0x47,
    0x2c, 0x20, 0x0, 0xb4, 0xb6, 0x4a, 0x49, 0x3c,
    0x20, 0x0, 0xb4, 0xb7, 0x5b, 0x49, 0x3c, 0x20,
    0x0, 0xb4, 0xba, 0x9d, 0x49, 0x3c, 0x20, 0x0,
    0xb4, 0xb2, 0x8, 0x42, 0xc, 0x20, 0x1, 0xd8,
    0xa2, 0x6d, 0x20, 0xae, 0x10, 0xd, 0x58, 0xb3,
    0x0, 0x0, 0x0, 0x20, 0x68, 0x0, 0x3b, 0xee,
    0xde, 0xff, 0xc0, 0x0, 0x0, 0x0, 0x0, 0x0,
    0x0, 0x0,

    /* U+9042 "遂" */
    0x4, 0x0, 0x5, 0x90, 0x0, 0xd1, 0x0, 0x1d,
    0x60, 0x0, 0xd3, 0x7, 0xa0, 0x0, 0x1, 0xe4,
    0xbb, 0xec, 0xbf, 0xdb, 0xb0, 0x0, 0x20, 0x22,
    0x4e, 0x72, 0x25, 0x20, 0x0, 0x0, 0x6, 0xed,
    0x40, 0x5d, 0x10, 0x12, 0x21, 0xd9, 0x16, 0xe5,
    0xc1, 0x0, 0x7c, 0xf3, 0x1, 0x9a, 0x9f, 0x50,
    0x0, 0x0, 0xc3, 0x4c, 0x51, 0xbe, 0xd8, 0x0,
    0x0, 0xc3, 0x0, 0x5c, 0x4d, 0xa, 0xa0, 0x0,
    0xc3, 0x7d, 0x91, 0x3d, 0x0, 0x60, 0x0, 0xd6,
    0x41, 0x4c, 0xf5, 0x0, 0x0, 0xc, 0xdd, 0xa3,
    0x1, 0x0, 0x0, 0x0, 0x6a, 0x0, 0x6c, 0xfe,
    0xde, 0xef, 0xf1, 0x0, 0x0, 0x0, 0x0, 0x10,
    0x0, 0x0,

    /* U+904A "遊" */
    0x0, 0x0, 0x5, 0x30, 0xa, 0x0, 0x0, 0x2b,
    0x10, 0x5, 0xa0, 0x2e, 0x44, 0x30, 0x6, 0xd7,
    0xee, 0xfe, 0xdb, 0x99, 0x80, 0x0, 0x40, 0xd,
    0x0, 0xb4, 0x34, 0x10, 0x1, 0x10, 0xf, 0xaa,
    0x27, 0x8f, 0x50, 0x9f, 0xf4, 0xd, 0x2e, 0x0,
    0xb6, 0x0, 0x0, 0xc4, 0x2b, 0xe, 0x0, 0xd0,
    0x0, 0x0, 0xb4, 0x49, 0xe, 0x8d, 0xfe, 0xd0,
    0x0, 0xb4, 0x95, 0xe, 0x0, 0xd0, 0x0, 0x0,
    0xb7, 0xd0, 0x1d, 0x0, 0xd0, 0x0, 0x1, 0xdc,
    0x45, 0xe7, 0x1d, 0xd0, 0x0, 0x1d, 0x69, 0xb4,
    0x0, 0x0, 0x1, 0x20, 0x78, 0x0, 0x4b, 0xef,
    0xef, 0xff, 0xc0, 0x0, 0x0, 0x0, 0x0, 0x0,
    0x0, 0x0,

    /* U+904B "運" */
    0x7, 0x50, 0x8d, 0xcc, 0xcc, 0xcc, 0xe7, 0x2,
    0xe3, 0x84, 0x0, 0x91, 0x0, 0x87, 0x0, 0x4a,
    0x4a, 0xcc, 0xfd, 0xcc, 0x74, 0x0, 0x0, 0x5,
    0x66, 0xe7, 0x66, 0x40, 0x3, 0x32, 0xe, 0x44,
    0xe6, 0x47, 0xb0, 0x1b, 0xcc, 0xe, 0xaa, 0xfb,
    0xab, 0xb0, 0x0, 0x3c, 0xe, 0x44, 0xe6, 0x47,
    0xb0, 0x0, 0x3c, 0x5, 0x66, 0xe7, 0x66, 0x40,
    0x0, 0x3c, 0x7c, 0xcc, 0xfd, 0xcc, 0xc7, 0x0,
    0xbf, 0x40, 0x0, 0xd2, 0x0, 0x0, 0xb, 0x92,
    0xca, 0x42, 0x52, 0x12, 0x45, 0xa, 0x0, 0x5,
    0xac, 0xdd, 0xdc, 0xc8, 0x0, 0x0, 0x0, 0x0,
    0x0, 0x0, 0x0,

    /* U+904D "遍" */
    0x0, 0x0, 0x0, 0x0, 0x60, 0x0, 0x0, 0xc,
    0x50, 0x2, 0x22, 0xd5, 0x22, 0x10, 0x2, 0xe3,
    0x2e, 0x99, 0x99, 0x9c, 0xa0, 0x0, 0x43, 0x2c,
    0x33, 0x33, 0x37, 0xa0, 0x12, 0x20, 0x3d, 0x66,
    0x66, 0x66, 0x40, 0x7b, 0xf2, 0x4b, 0xaa, 0xaa,
    0xaa, 0x90, 0x0, 0xd2, 0x5a, 0xb2, 0xb2, 0xb2,
    0xd0, 0x0, 0xd2, 0x88, 0xb0, 0xa0, 0xb0, 0xd0,
    0x0, 0xd2, 0xc3, 0xfc, 0xec, 0xfc, 0xd0, 0x0,
    0xd6, 0xc2, 0xb0, 0xa0, 0xb0, 0xd0, 0x3, 0xf7,
    0x12, 0xb0, 0x60, 0x69, 0xa0, 0x3e, 0x5a, 0xb4,
    0x0, 0x0, 0x1, 0x22, 0xa6, 0x0, 0x5c, 0xff,
    0xff, 0xff, 0xf6, 0x0, 0x0, 0x0, 0x0, 0x11,
    0x0, 0x0,

    /* U+904E "過" */
    0x2, 0x0, 0x0, 0x0, 0x0, 0x0, 0x0, 0xb,
    0xa0, 0x1, 0xfc, 0xcc, 0xf9, 0x0, 0x0, 0xc9,
    0x1, 0xd1, 0x10, 0xa9, 0x0, 0x0, 0x14, 0x1,
    0xfa, 0xd0, 0xa9, 0x0, 0x0, 0x0, 0x1, 0xd0,
    0x90, 0xa9, 0x0, 0x9f, 0xf3, 0x3e, 0xed, 0xdd,
    0xde, 0xb0, 0x0, 0xb3, 0x3b, 0x0, 0x0, 0x3,
    0xb0, 0x0, 0xb3, 0x3b, 0x1e, 0xbe, 0x13, 0xb0,
    0x0, 0xb3, 0x3b, 0x1b, 0xb, 0x13, 0xb0, 0x0,
    0xb3, 0x3b, 0x1e, 0xab, 0x13, 0xb0, 0x1, 0xd5,
    0x3b, 0x6, 0x0, 0xcd, 0x80, 0x2d, 0x4b, 0x82,
    0x0, 0x0, 0x1, 0x32, 0xa5, 0x0, 0x6c, 0xff,
    0xff, 0xff, 0xf6, 0x0, 0x0, 0x0, 0x0, 0x10,
    0x0, 0x0,

    /* U+9053 "道" */
    0x0, 0x0, 0x0, 0x64, 0x0, 0x54, 0x0, 0x9,
    0xa0, 0x0, 0x3c, 0x0, 0xd1, 0x0, 0x0, 0xb8,
    0x4d, 0xde, 0xee, 0xfd, 0xd3, 0x0, 0x16, 0x0,
    0x0, 0xc3, 0x0, 0x0, 0x0, 0x0, 0x2, 0xdc,
    0xec, 0xcd, 0x10, 0xc, 0xca, 0x2, 0xc0, 0x0,
    0xe, 0x10, 0x3, 0x5e, 0x2, 0xfb, 0xbb, 0xbf,
    0x10, 0x0, 0x1e, 0x2, 0xc0, 0x0, 0xe, 0x10,
    0x0, 0x1e, 0x2, 0xfb, 0xbb, 0xbf, 0x10, 0x0,
    0x1e, 0x2, 0xc0, 0x0, 0xe, 0x10, 0x0, 0x3e,
    0x2, 0xcc, 0xcc, 0xcc, 0x10, 0x5, 0xc7, 0xc5,
    0x0, 0x0, 0x0, 0x11, 0xd, 0x10, 0x29, 0xee,
    0xee, 0xef, 0xf4, 0x0, 0x0, 0x0, 0x0, 0x0,
    0x0, 0x0,

    /* U+9054 "達" */
    0x2, 0x0, 0x0, 0x0, 0xf0, 0x0, 0x0, 0xd,
    0x70, 0x1c, 0xcc, 0xfc, 0xcc, 0x20, 0x2, 0xe5,
    0x0, 0x0, 0xf0, 0x0, 0x0, 0x0, 0x42, 0xdd,
    0xdd, 0xfd, 0xdd, 0xd1, 0x0, 0x0, 0x1, 0xe0,
    0x1, 0xe1, 0x0, 0x23, 0x30, 0x58, 0xda, 0x8a,
    0xd8, 0x70, 0x6b, 0xf3, 0x24, 0x44, 0xf5, 0x44,
    0x40, 0x0, 0xc3, 0x2c, 0xcc, 0xfc, 0xcc, 0x40,
    0x0, 0xc3, 0x0, 0x0, 0xf0, 0x0, 0x0, 0x0,
    0xc3, 0xac, 0xcc, 0xfd, 0xcc, 0xc0, 0x3, 0xe8,
    0x0, 0x0, 0xf0, 0x0, 0x0, 0x2d, 0x28, 0xc5,
    0x10, 0x41, 0x12, 0x42, 0x56, 0x0, 0x29, 0xcd,
    0xee, 0xdd, 0xc2, 0x0, 0x0, 0x0, 0x0, 0x0,
    0x0, 0x0,

    /* U+9055 "違" */
    0x1, 0x0, 0x0, 0x5, 0x70, 0x0, 0x0, 0x9,
    0xb0, 0xb, 0xbe, 0xeb, 0xb8, 0x0, 0x0, 0xab,
    0x0, 0x2f, 0x10, 0x4c, 0x0, 0x0, 0x4, 0x9b,
    0xbb, 0xbb, 0xbb, 0xb5, 0x0, 0x0, 0x8, 0xaa,
    0xaa, 0xaa, 0x20, 0x6, 0x64, 0xc, 0x30, 0x0,
    0xc, 0x30, 0x9, 0xbb, 0xa, 0xba, 0xad, 0xbc,
    0x30, 0x0, 0x4b, 0x37, 0x77, 0x7f, 0x77, 0x71,
    0x0, 0x4b, 0x1d, 0x53, 0x3e, 0x43, 0x30, 0x0,
    0x4b, 0x1f, 0xbb, 0xbf, 0xbb, 0xb1, 0x0, 0x6d,
    0x10, 0x0, 0xe, 0x20, 0x0, 0x7, 0xe9, 0xd6,
    0x0, 0x7, 0x0, 0x11, 0x2e, 0x20, 0x29, 0xee,
    0xde, 0xef, 0xf6, 0x0, 0x0, 0x0, 0x0, 0x10,
    0x0, 0x0,

    /* U+9057 "遗" */
    0x6, 0x0, 0x0, 0x0, 0xf0, 0x0, 0x0, 0xa,
    0xa0, 0x1f, 0xbc, 0xfb, 0xbf, 0x30, 0x0, 0xd7,
    0x1e, 0x1, 0xf0, 0xc, 0x30, 0x0, 0x23, 0xa,
    0xab, 0xfa, 0xaa, 0x20, 0x0, 0x0, 0x77, 0x78,
    0xf7, 0x77, 0x70, 0x7c, 0xc3, 0x44, 0x44, 0x44,
    0x44, 0x40, 0x12, 0xc4, 0xe, 0xcc, 0xcc, 0xce,
    0x0, 0x0, 0xb4, 0xe, 0x11, 0xb0, 0x1e, 0x0,
    0x0, 0xb4, 0xe, 0x12, 0xd0, 0x1e, 0x0, 0x0,
    0xb4, 0x7, 0x2b, 0x78, 0x56, 0x0, 0x1, 0xd5,
    0x3a, 0xc5, 0x2, 0x8d, 0x60, 0x2d, 0x6b, 0x95,
    0x0, 0x0, 0x1, 0x31, 0xa5, 0x0, 0x6c, 0xee,
    0xef, 0xff, 0xf3, 0x0, 0x0, 0x0, 0x0, 0x0,
    0x0, 0x0,

    /* U+905E "遞" */
    0x6, 0x10, 0x0, 0x0, 0x25, 0x8a, 0x30, 0x6,
    0xc0, 0x7c, 0xcc, 0xbc, 0x52, 0x0, 0x0, 0x89,
    0x93, 0x0, 0x2d, 0xaa, 0x50, 0x0, 0x1, 0x93,
    0x56, 0x8c, 0x66, 0x60, 0x0, 0x0, 0xa3, 0xc4,
    0x5a, 0x44, 0xc0, 0x8f, 0xf1, 0xb2, 0xc7, 0xbd,
    0x94, 0x20, 0x0, 0xe1, 0xc1, 0xd0, 0xb, 0x99,
    0x70, 0x0, 0xe1, 0xd0, 0xd0, 0x6a, 0xa0, 0x0,
    0x0, 0xe3, 0xc2, 0xc0, 0xb2, 0xd0, 0x0, 0x0,
    0xe9, 0x68, 0x71, 0xd0, 0xd0, 0x40, 0x2, 0xf9,
    0x1c, 0x3d, 0x60, 0xab, 0xa0, 0x2e, 0x6c, 0x93,
    0x2, 0x0, 0x1, 0x31, 0x96, 0x0, 0x7d, 0xff,
    0xff, 0xff, 0xe1, 0x0, 0x0, 0x0, 0x0, 0x10,
    0x0, 0x0,

    /* U+9060 "遠" */
    0x0, 0x0, 0x0, 0x0, 0xb4, 0x0, 0x0, 0x8,
    0xa1, 0xb, 0xcc, 0xfd, 0xcc, 0x60, 0x0, 0x9d,
    0x10, 0x0, 0xb4, 0x0, 0x0, 0x0, 0x6, 0x9d,
    0xdd, 0xfe, 0xdd, 0xd4, 0x0, 0x0, 0x1, 0x22,
    0x22, 0x22, 0x0, 0xa, 0xa7, 0x8, 0xda, 0xaa,
    0xaf, 0x20, 0x4, 0x8b, 0x8, 0x70, 0x0, 0xd,
    0x20, 0x0, 0x4b, 0x6, 0xcd, 0xfd, 0xcc, 0x60,
    0x0, 0x4b, 0x0, 0x2d, 0xfc, 0x5c, 0x70, 0x0,
    0x4b, 0x29, 0xd3, 0xc5, 0xab, 0x10, 0x0, 0x5c,
    0x57, 0x0, 0xc3, 0x5, 0xa0, 0x6, 0xda, 0xc5,
    0x0, 0x51, 0x0, 0x11, 0x1d, 0x20, 0x29, 0xef,
    0xee, 0xff, 0xf6, 0x0, 0x0, 0x0, 0x0, 0x0,
    0x0, 0x0,

    /* U+9063 "遣" */
    0x0, 0x0, 0x0, 0x0, 0xe1, 0x0, 0x0, 0x8,
    0xb0, 0xe, 0xba, 0xfb, 0xae, 0x50, 0x0, 0xa9,
    0xe, 0x87, 0xf8, 0x7d, 0x50, 0x0, 0x4, 0x3,
    0x33, 0xf4, 0x33, 0x10, 0x0, 0x0, 0x9a, 0xaa,
    0xaa, 0xaa, 0xa5, 0x9, 0x97, 0x5, 0x99, 0x99,
    0x99, 0x0, 0x6, 0x8c, 0x9, 0x71, 0x11, 0x1f,
    0x0, 0x0, 0x2c, 0x9, 0xca, 0xaa, 0xaa, 0x0,
    0x0, 0x2c, 0x9, 0xb8, 0x88, 0x88, 0x40, 0x0,
    0x2c, 0x9, 0x71, 0x11, 0x19, 0x70, 0x0, 0x6e,
    0x17, 0xbb, 0xbb, 0xbb, 0x50, 0x8, 0xc6, 0xd7,
    0x20, 0x0, 0x1, 0x32, 0xc, 0x10, 0x17, 0xce,
    0xff, 0xee, 0xd5, 0x0, 0x0, 0x0, 0x0, 0x0,
    0x0, 0x0,

    /* U+9077 "遷" */
    0x7, 0x80, 0x8c, 0xcf, 0xcf, 0xcc, 0xc4, 0x1,
    0xc9, 0x2a, 0xae, 0xae, 0xba, 0x90, 0x0, 0x14,
    0x3b, 0xc, 0xb, 0x11, 0xe0, 0x0, 0x0, 0x3c,
    0xae, 0xbc, 0xba, 0xc0, 0x5, 0x54, 0x36, 0x6d,
    0x86, 0x66, 0x62, 0x19, 0xbb, 0x37, 0xe9, 0x68,
    0xfa, 0x62, 0x0, 0x4b, 0x5e, 0xfa, 0xaa, 0xda,
    0xa1, 0x0, 0x4c, 0x84, 0xe5, 0x56, 0xe0, 0x55,
    0x0, 0x4b, 0x1, 0xe4, 0x44, 0x33, 0x50, 0x0,
    0x8d, 0x0, 0xbc, 0xbb, 0xcd, 0x40, 0x9, 0xc9,
    0xd6, 0x0, 0x0, 0x0, 0x22, 0x1d, 0x10, 0x3a,
    0xef, 0xee, 0xff, 0xf7, 0x0, 0x0, 0x0, 0x0,
    0x11, 0x0, 0x0,

    /* U+9078 "選" */
    0x0, 0x0, 0x0, 0x0, 0x0, 0x0, 0x0, 0x9,
    0x90, 0x3e, 0xbc, 0x5d, 0xbb, 0xf0, 0x0, 0xbb,
    0x4e, 0xbc, 0x5d, 0xbb, 0xf0, 0x0, 0x4, 0x3a,
    0x0, 0x4d, 0x0, 0x23, 0x0, 0x0, 0x1d, 0xbc,
    0x79, 0xcb, 0xc4, 0x7, 0x75, 0x0, 0x1d, 0x1,
    0xc0, 0x0, 0x9, 0xbb, 0x1c, 0xdf, 0xcd, 0xfc,
    0xb0, 0x0, 0x4b, 0x0, 0x1d, 0x1, 0xd0, 0x0,
    0x0, 0x4b, 0x8c, 0xdf, 0xcd, 0xfc, 0xc5, 0x0,
    0x4b, 0x0, 0x3b, 0x13, 0xb3, 0x0, 0x0, 0x5d,
    0x1a, 0xd3, 0x0, 0x3c, 0x90, 0x5, 0xe9, 0xd9,
    0x10, 0x0, 0x0, 0x41, 0xe, 0x30, 0x18, 0xde,
    0xee, 0xef, 0xf7, 0x0, 0x0, 0x0, 0x0, 0x1,
    0x0, 0x0,

    /* U+907A "遺" */
    0x7, 0x10, 0x0, 0x1, 0xe0, 0x0, 0x0, 0x7,
    0xd0, 0x2e, 0xaa, 0xfa, 0xae, 0x0, 0x0, 0xaa,
    0x2e, 0x67, 0xf6, 0x7e, 0x0, 0x0, 0x2, 0x4,
    0x45, 0xf4, 0x44, 0x0, 0x0, 0x3, 0xbb, 0xbb,
    0xbb, 0xbb, 0xb0, 0x8d, 0xe3, 0xb, 0x88, 0x88,
    0x99, 0x0, 0x0, 0xb3, 0xf, 0x99, 0x99, 0xad,
    0x0, 0x0, 0xb3, 0xf, 0x44, 0x44, 0x6d, 0x0,
    0x0, 0xb3, 0xf, 0x55, 0x55, 0x7d, 0x0, 0x0,
    0xb3, 0xa, 0xbb, 0x9c, 0xa9, 0x0, 0x2, 0xe5,
    0x29, 0xc3, 0x6, 0xd8, 0x10, 0x3e, 0x6d, 0xc9,
    0x0, 0x0, 0x7, 0x51, 0xa5, 0x0, 0x7d, 0xff,
    0xff, 0xff, 0xf3, 0x0, 0x0, 0x0, 0x0, 0x10,
    0x0, 0x0,

    /* U+9084 "還" */
    0x2, 0x0, 0x0, 0x0, 0x0, 0x0, 0x0, 0xb,
    0x80, 0xcb, 0xdc, 0xaf, 0xad, 0x60, 0x0, 0xb5,
    0xca, 0xcb, 0x9f, 0x9c, 0x60, 0x0, 0x1, 0x44,
    0x44, 0x44, 0x44, 0x30, 0x12, 0x24, 0xaa, 0xaa,
    0xaa, 0xaa, 0xa1, 0x8d, 0xf3, 0x3a, 0xaa, 0xaa,
    0xaa, 0x0, 0x0, 0xb3, 0x5a, 0x0, 0x0, 0x1f,
    0x0, 0x0, 0xb3, 0x4d, 0xab, 0xba, 0xbe, 0x0,
    0x0, 0xb3, 0x3, 0xb9, 0x56, 0x4c, 0x30, 0x0,
    0xb6, 0xd9, 0xe0, 0x7, 0xf5, 0x0, 0x1, 0xd5,
    0x1, 0xfa, 0xc1, 0x2c, 0x60, 0x2e, 0x7c, 0x85,
    0x83, 0x0, 0x1, 0x41, 0x87, 0x1, 0x7d, 0xff,
    0xff, 0xff, 0xf4, 0x0, 0x0, 0x0, 0x0, 0x0,
    0x0, 0x0,

    /* U+90AA "邪" */
    0x0, 0x0, 0x0, 0x0, 0x0, 0x0, 0x0, 0xe,
    0xff, 0xff, 0xf9, 0xbf, 0xff, 0xf3, 0x0, 0x0,
    0xf, 0x0, 0xb4, 0x3, 0xe0, 0x3, 0xc0, 0xf,
    0x0, 0xb4, 0xa, 0x60, 0x5, 0xa0, 0xf, 0x0,
    0xb4, 0x2e, 0x0, 0x7, 0x92, 0x2f, 0x31, 0xb4,
    0x88, 0x0, 0x8, 0xcc, 0xef, 0xd8, 0xb4, 0x4c,
    0x10, 0x0, 0x2, 0xef, 0x0, 0xb4, 0x5, 0xb0,
    0x0, 0x1d, 0x5f, 0x0, 0xb4, 0x0, 0xe1, 0x1,
    0xc8, 0xf, 0x0, 0xb4, 0x0, 0xe2, 0x2d, 0x80,
    0xf, 0x0, 0xb5, 0xdf, 0xb0, 0x26, 0x0, 0xf,
    0x0, 0xb4, 0x11, 0x0, 0x0, 0xd, 0xfb, 0x0,
    0xb4, 0x0, 0x0, 0x0, 0x0, 0x0, 0x0, 0x0,
    0x0, 0x0,

    /* U+90CE "郎" */
    0x0, 0x57, 0x0, 0x0, 0x0, 0x0, 0x0, 0x1,
    0xe1, 0x0, 0xdf, 0xff, 0xe0, 0x4f, 0xee, 0xef,
    0xd, 0x20, 0x8a, 0x4, 0xb0, 0x0, 0xe0, 0xd2,
    0xe, 0x20, 0x4f, 0xee, 0xef, 0xd, 0x26, 0xa0,
    0x4, 0xb0, 0x0, 0xe0, 0xd2, 0xb7, 0x0, 0x4c,
    0x0, 0xe, 0xd, 0x22, 0xe3, 0x4, 0xfd, 0xdd,
    0xd0, 0xd2, 0x4, 0xc0, 0x4b, 0x1, 0x60, 0xd,
    0x20, 0xd, 0x14, 0xb0, 0xd, 0x30, 0xd2, 0x0,
    0xe1, 0x4d, 0x8e, 0xbd, 0xd, 0x6d, 0xe9, 0x9,
    0xf8, 0x20, 0xa3, 0xd2, 0x10, 0x0, 0x21, 0x0,
    0x0, 0xd, 0x20, 0x0, 0x0,

    /* U+90E8 "部" */
    0x0, 0x4, 0x60, 0x0, 0x0, 0x0, 0x0, 0x0,
    0x2, 0xe0, 0x0, 0x3f, 0xff, 0xf1, 0xd, 0xff,
    0xff, 0xfb, 0x3b, 0x3, 0xd0, 0x0, 0xb1, 0x1,
    0xc0, 0x3b, 0x8, 0x70, 0x0, 0xa6, 0x7, 0x90,
    0x3b, 0xe, 0x10, 0x1, 0x59, 0x1c, 0x51, 0x3b,
    0x4a, 0x0, 0x3d, 0xdd, 0xdd, 0xdd, 0x3b, 0x1d,
    0x20, 0x0, 0x0, 0x0, 0x0, 0x3b, 0x4, 0xb0,
    0x7, 0xff, 0xff, 0xf6, 0x3b, 0x0, 0xe0, 0x7,
    0x80, 0x0, 0xa6, 0x3b, 0x0, 0xf0, 0x7, 0x80,
    0x0, 0xa6, 0x3b, 0xad, 0x70, 0x7, 0xec, 0xcc,
    0xe6, 0x3b, 0x0, 0x0, 0x6, 0x82, 0x22, 0x95,
    0x3b, 0x0, 0x0,

    /* U+90FD "都" */
    0x0, 0x8, 0x70, 0x4, 0x0, 0x0, 0x0, 0x0,
    0x8, 0x70, 0x3c, 0x8f, 0xff, 0xf3, 0xa, 0xef,
    0xfe, 0xd3, 0x78, 0x2, 0xe0, 0x0, 0x8, 0x76,
    0x90, 0x78, 0x9, 0x70, 0x3b, 0xbd, 0xdf, 0xca,
    0x78, 0x1e, 0x0, 0x13, 0x37, 0xf4, 0x32, 0x78,
    0x79, 0x0, 0x0, 0x5f, 0x60, 0x0, 0x78, 0x1d,
    0x40, 0x9, 0xfe, 0xdd, 0xf4, 0x78, 0x3, 0xe0,
    0x4a, 0xe1, 0x0, 0xb4, 0x78, 0x0, 0xe2, 0x0,
    0xdd, 0xdd, 0xf4, 0x78, 0x0, 0xd2, 0x0, 0xd1,
    0x0, 0xb4, 0x78, 0xad, 0xa0, 0x0, 0xde, 0xdd,
    0xf4, 0x78, 0x0, 0x0, 0x0, 0xd1, 0x0, 0xb4,
    0x78, 0x0, 0x0, 0x0, 0x0, 0x0, 0x0, 0x0,
    0x0, 0x0,

    /* U+9192 "醒" */
    0x1e, 0xee, 0xee, 0xb7, 0xed, 0xdd, 0xd0, 0x0,
    0x47, 0xb0, 0x7, 0x70, 0x0, 0xd0, 0x4, 0x8a,
    0xd5, 0x37, 0xec, 0xcc, 0xd0, 0xd, 0xac, 0xda,
    0xa7, 0x70, 0x0, 0xd0, 0xd, 0x27, 0xa3, 0xa6,
    0xdd, 0xdd, 0xb0, 0xd, 0x55, 0xa3, 0xa1, 0xb1,
    0xc0, 0x0, 0xd, 0xa0, 0x6b, 0xa8, 0xed, 0xfc,
    0xc1, 0xd, 0x0, 0x3, 0xdd, 0x11, 0xd0, 0x0,
    0xd, 0xdd, 0xdd, 0xa4, 0x89, 0xf8, 0x70, 0xd,
    0x0, 0x3, 0xa1, 0x45, 0xe4, 0x30, 0xd, 0xdd,
    0xde, 0xa0, 0x1, 0xd0, 0x0, 0xd, 0x0, 0x3,
    0xad, 0xde, 0xed, 0xd6,

    /* U+91CA "释" */
    0x0, 0x2, 0x57, 0x0, 0x0, 0x0, 0x0, 0x2d,
    0xdf, 0x95, 0x6f, 0xfe, 0xef, 0xd0, 0x6, 0xd,
    0x17, 0x16, 0x80, 0x1d, 0x40, 0x8, 0x4d, 0x4b,
    0x0, 0xa8, 0xd5, 0x0, 0x1, 0x4d, 0x42, 0x1,
    0x9f, 0xc3, 0x0, 0x2e, 0xef, 0xed, 0x9e, 0x70,
    0x6e, 0xc3, 0x0, 0x4f, 0x70, 0x40, 0xc, 0x10,
    0x51, 0x0, 0xbf, 0xc7, 0x3b, 0xbf, 0xbb, 0x70,
    0x4, 0xad, 0x2c, 0x13, 0x3e, 0x53, 0x20, 0x1e,
    0x2d, 0x10, 0x0, 0xe, 0x20, 0x0, 0x38, 0xd,
    0x10, 0xcf, 0xff, 0xff, 0xf3, 0x0, 0xd, 0x10,
    0x0, 0xe, 0x20, 0x0, 0x0, 0xd, 0x10, 0x0,
    0xe, 0x20, 0x0,

    /* U+91CB "釋" */
    0x0, 0x1, 0x53, 0x0, 0x0, 0x0, 0x0, 0x3b,
    0xcf, 0x84, 0xbc, 0xeb, 0xeb, 0xf0, 0x6, 0x1c,
    0x8, 0xb1, 0xb0, 0xb0, 0xe0, 0xc, 0x2c, 0x58,
    0x9c, 0xde, 0xdc, 0xd0, 0x8, 0x4c, 0x92, 0x15,
    0x5f, 0x65, 0x30, 0x4a, 0xbf, 0xaa, 0x15, 0x5f,
    0x65, 0x30, 0x12, 0xad, 0x24, 0xbb, 0xbf, 0xcb,
    0xb5, 0x0, 0xdf, 0x80, 0x8, 0x40, 0x2b, 0x0,
    0x6, 0x9d, 0x88, 0x69, 0xb6, 0xb9, 0x61, 0x1d,
    0x2c, 0x1, 0x55, 0x5f, 0x65, 0x50, 0x67, 0x1c,
    0x0, 0x7b, 0xbf, 0xcb, 0xa0, 0x0, 0x1c, 0x0,
    0x0, 0xe, 0x10, 0x0, 0x0, 0x1c, 0x0, 0x0,
    0xe, 0x10, 0x0, 0x0, 0x0, 0x0, 0x0, 0x0,
    0x0, 0x0,

    /* U+91CD "重" */
    0x0, 0x0, 0x0, 0x1, 0x35, 0x74, 0x0, 0x0,
    0xdd, 0xdd, 0xed, 0xa8, 0x63, 0x0, 0x4, 0x44,
    0x44, 0xba, 0x44, 0x44, 0x40, 0x17, 0x77, 0x77,
    0xcb, 0x77, 0x77, 0x71, 0x0, 0x9c, 0xcc, 0xee,
    0xcc, 0xca, 0x0, 0x0, 0xc3, 0x0, 0x97, 0x0,
    0x2d, 0x0, 0x0, 0xcc, 0xbb, 0xdd, 0xbb, 0xcd,
    0x0, 0x0, 0xc3, 0x0, 0x97, 0x0, 0x2d, 0x0,
    0x0, 0x9c, 0xcc, 0xee, 0xcc, 0xcb, 0x0, 0x0,
    0x0, 0x0, 0x97, 0x0, 0x0, 0x0, 0x2, 0xcc,
    0xcc, 0xee, 0xcc, 0xcc, 0x50, 0x0, 0x0, 0x0,
    0x97, 0x0, 0x0, 0x0, 0x3d, 0xdd, 0xdd, 0xdd,
    0xdd, 0xdd, 0xd3,

    /* U+91D1 "金" */
    0x0, 0x0, 0x0, 0x0, 0x0, 0x0, 0x0, 0x0,
    0x0, 0x0, 0x8b, 0x0, 0x0, 0x0, 0x0, 0x0,
    0x6, 0xed, 0x50, 0x0, 0x0, 0x0, 0x0, 0x9e,
    0x21, 0xd9, 0x0, 0x0, 0x0, 0x6e, 0xa1, 0x0,
    0x9, 0xe8, 0x10, 0x4e, 0xdc, 0xcc, 0xcc, 0xcc,
    0xbb, 0xf4, 0x4, 0x2, 0x33, 0xa9, 0x33, 0x10,
    0x30, 0x0, 0x0, 0x0, 0x98, 0x0, 0x0, 0x0,
    0x6, 0xee, 0xee, 0xff, 0xee, 0xee, 0x60, 0x0,
    0x16, 0x11, 0xa8, 0x11, 0x71, 0x0, 0x0, 0xd,
    0x30, 0x98, 0x3, 0xe0, 0x0, 0x0, 0x6, 0xa0,
    0x98, 0xb, 0x60, 0x0, 0x0, 0x1, 0x80, 0x98,
    0x9, 0x0, 0x0, 0xf, 0xff, 0xff, 0xff, 0xff,
    0xff, 0xf1,

    /* U+9274 "鉴" */
    0x0, 0x0, 0xa5, 0x0, 0xc1, 0x0, 0x0, 0x7,
    0x80, 0xa5, 0x6, 0xe1, 0x11, 0x10, 0x7, 0x80,
    0xa5, 0x1d, 0xdd, 0xdd, 0xd2, 0x7, 0x80, 0xa5,
    0xba, 0x19, 0x10, 0x0, 0x7, 0x80, 0xa5, 0x74,
    0x4, 0xb5, 0x0, 0x1, 0x10, 0x18, 0x89, 0x60,
    0x1, 0x0, 0x2, 0x6b, 0xc3, 0x0, 0x4c, 0xb6,
    0x30, 0x3d, 0x84, 0xcc, 0xee, 0xcb, 0x27, 0xc3,
    0x0, 0x0, 0x0, 0x97, 0x0, 0x0, 0x0, 0x2,
    0xcc, 0xcc, 0xee, 0xcc, 0xcc, 0x20, 0x0, 0x9,
    0x40, 0x97, 0x5, 0xa0, 0x0, 0x0, 0x5, 0x90,
    0x97, 0xc, 0x40, 0x0, 0x1d, 0xde, 0xed, 0xfe,
    0xef, 0xdd, 0xd1,

    /* U+9280 "銀" */
    0x0, 0x5, 0x20, 0x0, 0x0, 0x0, 0x0, 0x0,
    0x4f, 0x80, 0x2f, 0xee, 0xee, 0xe0, 0x2, 0xd4,
    0xb9, 0x3d, 0x0, 0x1, 0xe0, 0x3e, 0x50, 0xa,
    0x5e, 0x55, 0x56, 0xe0, 0x2a, 0xef, 0xe6, 0x2e,
    0x88, 0x89, 0xe0, 0x0, 0xe, 0x0, 0x2d, 0x0,
    0x1, 0xe0, 0x1c, 0xcf, 0xcb, 0x2f, 0xee, 0xee,
    0xe0, 0x3, 0x2f, 0x25, 0x2d, 0xc, 0x10, 0x40,
    0xa, 0x1e, 0x2a, 0x2d, 0x6, 0x88, 0xd2, 0x7,
    0x5e, 0x74, 0x2d, 0x0, 0xe9, 0x0, 0x3, 0x4f,
    0x65, 0x3d, 0x0, 0x8c, 0x0, 0x18, 0xbf, 0xd9,
    0x4e, 0x9d, 0x3b, 0xc2, 0x8, 0x41, 0x0, 0x9c,
    0x61, 0x0, 0x95, 0x0, 0x0, 0x0, 0x0, 0x0,
    0x0, 0x0,

    /* U+9285 "銅" */
    0x0, 0x8, 0x0, 0x0, 0x0, 0x0, 0x0, 0x0,
    0x6f, 0x40, 0x9f, 0xff, 0xff, 0xf2, 0x2, 0xe4,
    0xd7, 0x94, 0x0, 0x0, 0xb2, 0x2e, 0x50, 0x1a,
    0x94, 0x89, 0x94, 0xb2, 0x2b, 0xef, 0xe3, 0x94,
    0x44, 0x42, 0xb2, 0x0, 0xd, 0x0, 0x94, 0x57,
    0x71, 0xb2, 0x1e, 0xef, 0xea, 0x94, 0xb3, 0x93,
    0xb2, 0x0, 0xd, 0x11, 0x94, 0xb0, 0x73, 0xb2,
    0xb, 0xd, 0x56, 0x94, 0xb0, 0x73, 0xb2, 0x8,
    0x3d, 0x92, 0x94, 0xbd, 0xd3, 0xb2, 0x3, 0x3d,
    0x73, 0x94, 0x60, 0x0, 0xb2, 0x19, 0xcd, 0xa5,
    0x94, 0x0, 0x0, 0xc2, 0x4, 0x10, 0x0, 0x94,
    0x0, 0x6f, 0xd0, 0x0, 0x0, 0x0, 0x0, 0x0,
    0x0, 0x0,

    /* U+92D2 "鋒" */
    0x0, 0x0, 0x0, 0x0, 0x0, 0x0, 0x0, 0x0,
    0x1e, 0x20, 0x0, 0x78, 0x0, 0x0, 0x0, 0x8c,
    0xc0, 0x0, 0xee, 0xcd, 0x60, 0x3, 0xd0, 0x8b,
    0xa, 0xd0, 0x1e, 0x30, 0x1e, 0x60, 0x19, 0xac,
    0xb7, 0x8a, 0x0, 0x3a, 0xdf, 0xd6, 0x60, 0x1e,
    0xe1, 0x0, 0x0, 0xe, 0x0, 0x28, 0xd9, 0xac,
    0x72, 0xf, 0xff, 0xfd, 0xca, 0x39, 0x63, 0x95,
    0x2, 0xe, 0x14, 0xc, 0xce, 0xec, 0xb0, 0xa,
    0x1e, 0x2a, 0x0, 0x9, 0x60, 0x0, 0x6, 0x5e,
    0x56, 0xc, 0xce, 0xec, 0xa0, 0x3, 0x4e, 0x31,
    0x12, 0x2a, 0x72, 0x21, 0x3, 0x5f, 0xbd, 0x8a,
    0xad, 0xda, 0xa4, 0x9, 0x74, 0x10, 0x0, 0x9,
    0x60, 0x0,

    /* U+9322 "錢" */
    0x0, 0x0, 0x0, 0x0, 0x0, 0x0, 0x0, 0x0,
    0xd, 0x0, 0x0, 0xc2, 0x97, 0x0, 0x0, 0x8f,
    0x80, 0x0, 0xa4, 0x8, 0x40, 0x4, 0xe2, 0xba,
    0x4a, 0xee, 0xef, 0xd5, 0x3f, 0x40, 0xa, 0x35,
    0x5d, 0x1a, 0x30, 0x2a, 0xef, 0xe5, 0x0, 0xc,
    0xd6, 0x11, 0x0, 0xd, 0x0, 0x4a, 0xb8, 0xb9,
    0xa6, 0x1e, 0xef, 0xeb, 0x22, 0xb0, 0x88, 0x40,
    0x1, 0xd, 0x2, 0x0, 0xe0, 0x29, 0x51, 0xa,
    0xd, 0x47, 0x5a, 0xfd, 0xdd, 0xc6, 0x7, 0x3d,
    0x82, 0x23, 0x6a, 0xb, 0x30, 0x2, 0x2e, 0x65,
    0x0, 0xd, 0xd5, 0x1, 0x19, 0xce, 0xa6, 0x5,
    0xbc, 0xe3, 0x39, 0x6, 0x20, 0x0, 0xaa, 0x30,
    0x3c, 0xd3, 0x0, 0x0, 0x0, 0x0, 0x0, 0x0,
    0x0,

    /* U+932B "錫" */
    0x0, 0x7, 0x0, 0x0, 0x0, 0x0, 0x0, 0x0,
    0x5f, 0x50, 0x3f, 0xdd, 0xdd, 0xd0, 0x3, 0xd4,
    0xca, 0x3c, 0x0, 0x1, 0xd0, 0x2f, 0x72, 0x2a,
    0x4f, 0xcc, 0xcd, 0xd0, 0x18, 0xbf, 0xb4, 0x3c,
    0x0, 0x1, 0xd0, 0x0, 0xe, 0x0, 0x2e, 0xed,
    0xdd, 0xc0, 0xb, 0xbf, 0xbb, 0x6, 0xa0, 0x0,
    0x0, 0x2, 0x2e, 0x23, 0x1e, 0xee, 0xde, 0xe6,
    0xa, 0xe, 0x39, 0xd4, 0x86, 0x76, 0x86, 0x7,
    0x4e, 0x73, 0x22, 0xc0, 0xd0, 0x95, 0x3, 0x3e,
    0x64, 0x1c, 0x35, 0x90, 0xa3, 0x18, 0xbf, 0xb6,
    0x93, 0x3d, 0x10, 0xd1, 0x6, 0x30, 0x0, 0x0,
    0xa2, 0x6d, 0xa0, 0x0, 0x0, 0x0, 0x0, 0x0,
    0x0, 0x0,

    /* U+939A "鎚" */
    0x0, 0x6, 0x0, 0x0, 0x0, 0x34, 0x0, 0x0,
    0x7d, 0x10, 0xa0, 0x0, 0xa5, 0x0, 0x3, 0xd5,
    0xe4, 0x6b, 0x1f, 0xdd, 0xe0, 0x3f, 0x51, 0x48,
    0x5, 0x2c, 0x0, 0xe0, 0x29, 0xce, 0xb0, 0x0,
    0x1d, 0x33, 0xe0, 0x0, 0x1b, 0x8, 0xec, 0x1e,
    0x99, 0x90, 0x9, 0xae, 0x94, 0x3c, 0x1d, 0x0,
    0x0, 0x6, 0x7d, 0x63, 0x3c, 0x1f, 0xdd, 0xf3,
    0x9, 0x1b, 0x83, 0x3c, 0x1c, 0x0, 0xa3, 0x9,
    0x3b, 0xb0, 0x3c, 0x1c, 0x0, 0xa3, 0x4, 0x4b,
    0x61, 0x3c, 0x1e, 0xee, 0xe3, 0x6, 0xaf, 0xd8,
    0xdb, 0xa2, 0x0, 0x0, 0x1a, 0x61, 0x8, 0x60,
    0x5c, 0xee, 0xfa, 0x0, 0x0, 0x0, 0x0, 0x0,
    0x0, 0x0,

    /* U+93AE "鎮" */
    0x0, 0x6, 0x0, 0x0, 0x4, 0x30, 0x0, 0x0,
    0x6e, 0x20, 0x23, 0x3b, 0x73, 0x31, 0x3, 0xd5,
    0xd5, 0x6a, 0xaf, 0xaa, 0xa4, 0x2e, 0x51, 0x29,
    0x8, 0x8f, 0x88, 0x70, 0x29, 0xcf, 0xc2, 0xe,
    0x22, 0x24, 0xd0, 0x0, 0xd, 0x0, 0xf, 0xaa,
    0xaa, 0xd0, 0xb, 0xbf, 0xb6, 0xf, 0x88, 0x88,
    0xd0, 0x3, 0x3d, 0x42, 0xe, 0x11, 0x13, 0xd0,
    0xb, 0x1d, 0x66, 0xf, 0xaa, 0xab, 0xd0, 0x8,
    0x4d, 0x92, 0x3e, 0x33, 0x34, 0xe2, 0x4, 0x5d,
    0x72, 0xbb, 0xcb, 0xbc, 0xb8, 0x3, 0x7f, 0xd9,
    0x1a, 0xc0, 0x3e, 0x50, 0x1b, 0x84, 0x4, 0xf8,
    0x0, 0x3, 0xd6, 0x0, 0x0, 0x0, 0x20, 0x0,
    0x0, 0x11,

    /* U+93E1 "鏡" */
    0x0, 0x1b, 0x0, 0x0, 0x1b, 0x0, 0x0, 0x0,
    0x9f, 0x80, 0xad, 0xdf, 0xdd, 0xd3, 0x5, 0xd1,
    0xbb, 0x5, 0x50, 0x29, 0x0, 0x5f, 0x41, 0x2a,
    0x4, 0xb0, 0x78, 0x0, 0x4a, 0xcf, 0xc8, 0xdd,
    0xdd, 0xdd, 0xd6, 0x0, 0xe, 0x0, 0x37, 0x77,
    0x77, 0x60, 0x2d, 0xdf, 0xdc, 0x69, 0x33, 0x35,
    0xd0, 0x1, 0xe, 0x3, 0x6d, 0xaa, 0xab, 0xd0,
    0xc, 0x1e, 0x2a, 0x68, 0x11, 0x13, 0xd0, 0x8,
    0x4e, 0x65, 0x4b, 0xfa, 0xfa, 0x80, 0x4, 0x3e,
    0x33, 0x5, 0xb0, 0xe1, 0x0, 0x16, 0x9f, 0xdb,
    0x3d, 0x40, 0xe1, 0x49, 0x28, 0x51, 0xb, 0xc5,
    0x0, 0xad, 0xe5, 0x0, 0x0, 0x0, 0x0, 0x0,
    0x0, 0x0,

    /* U+940D "鐍" */
    0x0, 0x5, 0x0, 0x0, 0x0, 0x0, 0x0, 0x0,
    0x4f, 0x20, 0x5c, 0xcc, 0xce, 0xd0, 0x2, 0xd6,
    0xd3, 0x0, 0xb9, 0x8a, 0x10, 0x2e, 0x50, 0x2b,
    0xac, 0xcf, 0xfc, 0xc7, 0x2a, 0xef, 0xe5, 0x1,
    0xaa, 0xf0, 0xc2, 0x0, 0xd, 0x1, 0xac, 0x40,
    0xf1, 0x40, 0x8, 0x8f, 0x86, 0x30, 0x1c, 0xa0,
    0x0, 0x5, 0x5e, 0x64, 0xcc, 0xcc, 0xdc, 0xd7,
    0xa, 0xd, 0x47, 0xc3, 0xb2, 0x69, 0x77, 0x8,
    0x3d, 0x92, 0xc7, 0xaa, 0xaa, 0xa7, 0x2, 0x2e,
    0x65, 0xc0, 0xb0, 0x29, 0x67, 0x19, 0xde, 0xa5,
    0xc0, 0xca, 0xb9, 0x67, 0x5, 0x20, 0x0, 0xc0,
    0x40, 0x7, 0xd4,

    /* U+9438 "鐸" */
    0x0, 0x6, 0x0, 0x0, 0x0, 0x0, 0x0, 0x0,
    0x5f, 0x21, 0xfc, 0xfc, 0xfc, 0xf0, 0x2, 0xe6,
    0xe5, 0xc0, 0xc0, 0xc0, 0xe0, 0x2e, 0x40, 0x3b,
    0xea, 0xea, 0xea, 0xf0, 0x3a, 0xef, 0xe2, 0x22,
    0x4e, 0x22, 0x20, 0x0, 0xd, 0x0, 0x78, 0x9f,
    0x88, 0x60, 0x1d, 0xdf, 0xd8, 0xaa, 0xbf, 0xaa,
    0xa2, 0x2, 0xd, 0x13, 0x29, 0x42, 0x58, 0x20,
    0xb, 0xd, 0x56, 0x5b, 0xb7, 0xca, 0x60, 0x8,
    0x3d, 0xa1, 0x45, 0x6f, 0x55, 0x40, 0x2, 0x1e,
    0x76, 0xaa, 0xaf, 0xaa, 0xa1, 0x1a, 0xdd, 0x94,
    0x22, 0x3e, 0x22, 0x20, 0x5, 0x10, 0x0, 0x0,
    0x1e, 0x0, 0x0,

    /* U+9452 "鑒" */
    0x0, 0x0, 0x0, 0x0, 0x70, 0x0, 0x0, 0xd,
    0xcc, 0xfb, 0x74, 0xfc, 0xcc, 0xc4, 0xd, 0x9a,
    0xe9, 0x6d, 0x15, 0xd2, 0x0, 0xd, 0x32, 0x27,
    0x99, 0xaa, 0xdc, 0xa0, 0xd, 0xcc, 0xdc, 0x78,
    0x4a, 0x55, 0xc1, 0xd, 0x22, 0xc0, 0x8, 0x4a,
    0x55, 0xb1, 0x9, 0xbb, 0xbd, 0xff, 0xca, 0xaa,
    0xa0, 0x0, 0x26, 0xca, 0x33, 0xab, 0x62, 0x0,
    0x4e, 0xc7, 0xbb, 0xcc, 0xbb, 0x6b, 0xe4, 0x1,
    0x1, 0x11, 0x98, 0x11, 0x10, 0x0, 0x0, 0x8b,
    0xca, 0xdd, 0xac, 0xb8, 0x0, 0x0, 0x3, 0xc0,
    0x87, 0xc, 0x20, 0x0, 0xa, 0xbb, 0xfb, 0xdd,
    0xbf, 0xbb, 0x90,

    /* U+946A "鑪" */
    0x0, 0x0, 0x0, 0x0, 0x0, 0x0, 0x0, 0x0,
    0x1c, 0x0, 0x0, 0xe, 0x20, 0x0, 0x0, 0xae,
    0x40, 0x0, 0xe, 0xbb, 0xb2, 0x6, 0xc2, 0xd6,
    0xbc, 0xcf, 0xdc, 0xc5, 0x3f, 0x53, 0x46, 0xd0,
    0x1e, 0x53, 0x84, 0x17, 0xbe, 0xa0, 0xd6, 0x8f,
    0x63, 0x90, 0x0, 0x1b, 0x0, 0xd0, 0x6, 0xaa,
    0x30, 0xc, 0xcf, 0xc5, 0xd6, 0xb9, 0xca, 0xa0,
    0x2, 0x3c, 0x31, 0xd7, 0xc9, 0xd9, 0xb0, 0xa,
    0x1b, 0x83, 0xd7, 0x95, 0xc6, 0xb0, 0x8, 0x3b,
    0xa0, 0xc3, 0x66, 0x66, 0x40, 0x5, 0x5b, 0x63,
    0xbb, 0xae, 0xbc, 0xe0, 0x3, 0x7e, 0xdd, 0x7b,
    0xc, 0x35, 0xc0, 0x1c, 0x84, 0x9, 0x9f, 0xcf,
    0xdd, 0xf8, 0x0, 0x0, 0x1, 0x0, 0x0, 0x0,
    0x0,

    /* U+947D "鑽" */
    0x0, 0x0, 0x0, 0x0, 0x0, 0x0, 0x0, 0x0,
    0x3a, 0x0, 0x9b, 0x5, 0x69, 0x0, 0x0, 0xcd,
    0x24, 0xee, 0x9b, 0xdd, 0xa0, 0x8, 0xb3, 0xd8,
    0x3b, 0x8, 0x39, 0x0, 0x5f, 0x20, 0x39, 0xed,
    0xca, 0xef, 0xb2, 0x3a, 0xde, 0x90, 0xc4, 0x95,
    0x7c, 0x22, 0x0, 0x48, 0x7, 0x57, 0x6a, 0x17,
    0xa1, 0x2b, 0xde, 0xb2, 0xab, 0x99, 0x9d, 0x50,
    0x2, 0x69, 0x40, 0xac, 0xaa, 0xae, 0x50, 0xb,
    0x48, 0xa1, 0xa7, 0x33, 0x3b, 0x50, 0xb, 0x58,
    0xb0, 0xaa, 0x77, 0x7c, 0x50, 0x5, 0x68, 0x61,
    0xac, 0xaa, 0xbd, 0x50, 0x27, 0xcf, 0xb3, 0x5d,
    0x30, 0xc6, 0x0, 0x27, 0x30, 0xd, 0x92, 0x0,
    0x18, 0xc0, 0x0, 0x0, 0x0, 0x0, 0x0, 0x0,
    0x0,

    /* U+947F "鑿" */
    0x5, 0x18, 0x82, 0x50, 0x0, 0x0, 0x0, 0x8,
    0x79, 0x96, 0xb1, 0xf, 0xce, 0x0, 0x5, 0xb7,
    0x6c, 0x52, 0x3b, 0xd, 0x10, 0x7, 0x9c, 0xc9,
    0x96, 0xd3, 0x6, 0xa2, 0x19, 0xac, 0xc9, 0x95,
    0xab, 0xbd, 0x80, 0x9, 0x87, 0x88, 0xb0, 0x69,
    0x3c, 0x10, 0xb, 0x87, 0x78, 0xe0, 0xa, 0xf9,
    0x0, 0x9, 0x9a, 0xba, 0xfe, 0xd7, 0x18, 0xb0,
    0x0, 0x5, 0xbc, 0x44, 0xab, 0x51, 0x0, 0x3c,
    0xc8, 0x8a, 0xdd, 0xaa, 0x6a, 0xd5, 0x1, 0x4a,
    0xaa, 0xdd, 0xaa, 0xa7, 0x0, 0x0, 0x1, 0xd0,
    0x79, 0x8, 0x50, 0x0, 0xc, 0xcc, 0xfc, 0xee,
    0xcf, 0xcc, 0xc2,

    /* U+949F "钟" */
    0x0, 0xa4, 0x0, 0x0, 0xe, 0x10, 0x0, 0x1,
    0xf2, 0x0, 0x0, 0xe, 0x10, 0x0, 0xa, 0xfe,
    0xed, 0x0, 0xe, 0x10, 0x0, 0x3d, 0x10, 0x0,
    0x8c, 0xcf, 0xcc, 0xc1, 0x8, 0xdd, 0xd7, 0xa4,
    0xe, 0x20, 0xe1, 0x0, 0x3e, 0x10, 0xa3, 0xe,
    0x10, 0xe1, 0x0, 0x2d, 0x0, 0xa3, 0xe, 0x10,
    0xe1, 0xa, 0xbf, 0xaa, 0xa6, 0x3f, 0x53, 0xf1,
    0x5, 0x7e, 0x55, 0xad, 0xcf, 0xcc, 0xf1, 0x0,
    0x2d, 0x0, 0x41, 0xe, 0x10, 0x50, 0x0, 0x2d,
    0x28, 0x0, 0xe, 0x10, 0x0, 0x0, 0x5f, 0xd5,
    0x0, 0xe, 0x10, 0x0, 0x0, 0x86, 0x0, 0x0,
    0xe, 0x10, 0x0,

    /* U+94A9 "钩" */
    0x0, 0x52, 0x0, 0x2, 0x70, 0x0, 0x0, 0x0,
    0xf2, 0x0, 0x9, 0x90, 0x0, 0x0, 0x9, 0xff,
    0xfe, 0xe, 0xa6, 0x66, 0x60, 0x3d, 0x10, 0x0,
    0x9b, 0x66, 0x66, 0xf1, 0x8, 0xdd, 0xd8, 0xe1,
    0xa1, 0x0, 0xf0, 0x0, 0x4d, 0x10, 0x23, 0xe0,
    0x0, 0xf0, 0x0, 0x2c, 0x0, 0x8, 0x86, 0x30,
    0xf0, 0x1e, 0xef, 0xeb, 0xd, 0x14, 0x91, 0xe0,
    0x0, 0x3c, 0x0, 0x6d, 0x7a, 0xf2, 0xd0, 0x0,
    0x2c, 0x0, 0x9a, 0x63, 0xa6, 0xc0, 0x0, 0x2c,
    0x29, 0x0, 0x0, 0x5, 0xb0, 0x0, 0x5f, 0xd6,
    0x0, 0x0, 0xa, 0x80, 0x0, 0x66, 0x0, 0x0,
    0xb, 0xfd, 0x20, 0x0, 0x0, 0x0, 0x0, 0x0,
    0x0, 0x0,

    /* U+94B1 "钱" */
    0x0, 0x84, 0x0, 0x0, 0xe2, 0x50, 0x0, 0x1,
    0xf3, 0x0, 0x0, 0xd2, 0x9c, 0x0, 0xa, 0xfe,
    0xe9, 0x0, 0xd2, 0x5, 0x10, 0x4d, 0x10, 0x0,
    0x59, 0xfc, 0xba, 0x50, 0x7, 0xdd, 0xd6, 0x22,
    0xb4, 0x0, 0x0, 0x0, 0x1e, 0x10, 0x0, 0xa8,
    0x7a, 0xd0, 0x0, 0xe, 0x0, 0xad, 0xfd, 0x85,
    0x20, 0x1e, 0xef, 0xec, 0x52, 0x5a, 0x2, 0xc0,
    0x0, 0x1e, 0x0, 0x0, 0x2d, 0x1d, 0x40, 0x0,
    0xe, 0x0, 0x0, 0xe, 0xd6, 0x0, 0x0, 0xe,
    0x5b, 0x0, 0x7f, 0x90, 0x30, 0x0, 0x3f, 0xb2,
    0x6e, 0xa4, 0xe3, 0xb2, 0x0, 0x75, 0x0, 0x93,
    0x0, 0x5e, 0xc0,

    /* U+94BB "钻" */
    0x0, 0x85, 0x0, 0x0, 0x1f, 0x0, 0x0, 0x1,
    0xf3, 0x0, 0x0, 0x1f, 0x0, 0x0, 0xa, 0xfe,
    0xee, 0x20, 0x1f, 0x0, 0x0, 0x4d, 0x10, 0x0,
    0x0, 0x1f, 0xcc, 0xc6, 0x7, 0xdd, 0xd9, 0x0,
    0x1f, 0x0, 0x0, 0x0, 0x1f, 0x10, 0x0, 0x1f,
    0x0, 0x0, 0x0, 0xf, 0x0, 0x12, 0x3f, 0x22,
    0x20, 0x1e, 0xef, 0xed, 0x6e, 0xdd, 0xdd, 0xf0,
    0x0, 0x1f, 0x0, 0x69, 0x0, 0x1, 0xf0, 0x0,
    0xf, 0x0, 0x69, 0x0, 0x1, 0xf0, 0x0, 0xf,
    0x49, 0x69, 0x0, 0x1, 0xf0, 0x0, 0x5f, 0xc4,
    0x6e, 0xbb, 0xbc, 0xf0, 0x0, 0x76, 0x0, 0x6a,
    0x33, 0x34, 0xe0,

    /* U+94CE "铎" */
    0x0, 0x63, 0x0, 0x0, 0x0, 0x0, 0x0, 0x0,
    0xf2, 0x0, 0xcf, 0xff, 0xff, 0xe0, 0x8, 0xff,
    0xfa, 0x9, 0x60, 0xb, 0x60, 0x2d, 0x10, 0x0,
    0x0, 0xb7, 0xc7, 0x0, 0x8, 0xdd, 0xd4, 0x1,
    0x9f, 0xd2, 0x0, 0x0, 0x3d, 0x11, 0xae, 0x70,
    0x6e, 0xb4, 0x0, 0x1d, 0x0, 0x50, 0xc, 0x10,
    0x53, 0x1e, 0xff, 0xea, 0x6b, 0xbf, 0xcb, 0x80,
    0x0, 0x1d, 0x0, 0x13, 0x3f, 0x43, 0x20, 0x0,
    0x1d, 0x0, 0x0, 0xe, 0x10, 0x0, 0x0, 0x2d,
    0x5, 0xff, 0xff, 0xff, 0xf6, 0x0, 0x6f, 0xd6,
    0x0, 0xe, 0x10, 0x0, 0x0, 0x87, 0x0, 0x0,
    0xe, 0x10, 0x0,

    /* U+94DC "铜" */
    0x0, 0x43, 0x0, 0x0, 0x0, 0x0, 0x0, 0x0,
    0xe5, 0x11, 0xaf, 0xff, 0xff, 0xf3, 0x8, 0xdb,
    0xba, 0xa3, 0x0, 0x0, 0xb3, 0x3d, 0x10, 0x0,
    0xa3, 0xde, 0xe7, 0xb3, 0x6, 0xcc, 0xc8, 0xa3,
    0x0, 0x0, 0xb3, 0x0, 0x3d, 0x11, 0xa3, 0x8b,
    0xb3, 0xb3, 0x0, 0x2d, 0x0, 0xa3, 0xb2, 0x84,
    0xb3, 0x1e, 0xff, 0xea, 0xa3, 0xb0, 0x74, 0xb3,
    0x2, 0x4d, 0x21, 0xa3, 0xb0, 0x74, 0xb3, 0x0,
    0x2d, 0x0, 0xa3, 0xbd, 0xd3, 0xb3, 0x0, 0x2d,
    0x67, 0xa3, 0x40, 0x0, 0xb3, 0x0, 0x6f, 0xa1,
    0xa3, 0x0, 0x0, 0xb3, 0x0, 0x84, 0x0, 0xa3,
    0x0, 0x5e, 0xc0,

    /* U+94F6 "银" */
    0x0, 0x52, 0x0, 0x0, 0x0, 0x0, 0x0, 0x0,
    0xe3, 0x0, 0x6f, 0xee, 0xee, 0xe0, 0x8, 0xff,
    0xfb, 0x68, 0x0, 0x1, 0xe0, 0x3d, 0x10, 0x0,
    0x6c, 0x88, 0x89, 0xe0, 0x8, 0xdd, 0xd8, 0x69,
    0x22, 0x23, 0xe0, 0x0, 0x4d, 0x10, 0x69, 0x11,
    0x12, 0xe0, 0x0, 0x2d, 0x0, 0x6f, 0xef, 0xdd,
    0xc0, 0x1e, 0xef, 0xed, 0x68, 0xd, 0x0, 0x42,
    0x0, 0x3d, 0x0, 0x68, 0xa, 0x69, 0xd2, 0x0,
    0x2d, 0x0, 0x68, 0x2, 0xf9, 0x0, 0x0, 0x2d,
    0x29, 0x68, 0x0, 0x9c, 0x0, 0x0, 0x5f, 0xd5,
    0x8c, 0xae, 0xb, 0xc3, 0x0, 0x66, 0x0, 0xaa,
    0x50, 0x0, 0x77, 0x0, 0x0, 0x0, 0x0, 0x0,
    0x0, 0x0,

    /* U+950B "锋" */
    0x0, 0x60, 0x0, 0x0, 0x71, 0x0, 0x0, 0x3,
    0xe0, 0x0, 0x6, 0xe3, 0x33, 0x0, 0xb, 0xfe,
    0xe4, 0x5f, 0xaa, 0xbf, 0x20, 0x5c, 0x0, 0x5,
    0xd8, 0xc3, 0xd5, 0x0, 0x8, 0xdd, 0xc0, 0x0,
    0xaf, 0x90, 0x0, 0x0, 0x6a, 0x10, 0x5c, 0xa4,
    0xcc, 0x50, 0x0, 0x59, 0xb, 0xb4, 0x1e, 0x5,
    0xb7, 0x2c, 0xee, 0xc4, 0xac, 0xdf, 0xcc, 0x80,
    0x2, 0x7a, 0x21, 0x0, 0x1e, 0x0, 0x0, 0x0,
    0x59, 0x0, 0x8c, 0xdf, 0xcc, 0x50, 0x0, 0x5a,
    0x97, 0x22, 0x3e, 0x22, 0x20, 0x0, 0x9f, 0x84,
    0xaa, 0xbf, 0xaa, 0xa1, 0x0, 0x92, 0x0, 0x0,
    0x1e, 0x0, 0x0,

    /* U+9510 "锐" */
    0x0, 0x61, 0x0, 0x7, 0x0, 0x6, 0x20, 0x1,
    0xe1, 0x0, 0xb, 0x60, 0x1f, 0x20, 0x9, 0xff,
    0xfa, 0x3, 0xd0, 0x89, 0x0, 0x4c, 0x0, 0x0,
    0x9c, 0xcb, 0xdc, 0xc0, 0x9, 0xdd, 0xd3, 0xa5,
    0x0, 0x2, 0xe0, 0x0, 0x5b, 0x10, 0xa5, 0x0,
    0x2, 0xe0, 0x0, 0x4b, 0x0, 0xab, 0x99, 0x9a,
    0xe0, 0x1e, 0xff, 0xe8, 0x48, 0xe6, 0xf7, 0x50,
    0x0, 0x4b, 0x0, 0x5, 0xb0, 0xf0, 0x0, 0x0,
    0x4b, 0x0, 0x8, 0x80, 0xf0, 0x0, 0x0, 0x4b,
    0x33, 0xe, 0x30, 0xf0, 0x25, 0x0, 0x6f, 0xe4,
    0xab, 0x0, 0xf1, 0x59, 0x0, 0xa7, 0xa, 0xb1,
    0x0, 0xbf, 0xf5, 0x0, 0x0, 0x0, 0x0, 0x0,
    0x0, 0x0,

    /* U+9521 "锡" */
    0x0, 0x42, 0x0, 0x0, 0x0, 0x0, 0x0, 0x0,
    0xe3, 0x0, 0x6e, 0xdd, 0xde, 0xc0, 0x7, 0xed,
    0xdc, 0x68, 0x0, 0x2, 0xc0, 0x3e, 0x10, 0x0,
    0x6e, 0xcc, 0xcd, 0xc0, 0x18, 0xaa, 0xa6, 0x68,
    0x0, 0x2, 0xc0, 0x2, 0x4e, 0x42, 0x5e, 0xed,
    0xdd, 0xb0, 0x0, 0xd, 0x0, 0xb, 0x50, 0x0,
    0x0, 0x2e, 0xef, 0xeb, 0x5e, 0xee, 0xee, 0xe7,
    0x0, 0x1e, 0x5, 0xc1, 0xb3, 0xa4, 0x96, 0x0,
    0xd, 0x6, 0x16, 0x91, 0xc0, 0xa4, 0x0, 0xe,
    0x47, 0x5c, 0x19, 0x60, 0xc2, 0x0, 0x5f, 0xb5,
    0xc1, 0x8a, 0x0, 0xf0, 0x0, 0x74, 0x0, 0x2,
    0xb0, 0xae, 0x80, 0x0, 0x0, 0x0, 0x0, 0x0,
    0x0, 0x0,

    /* U+9524 "锤" */
    0x0, 0xb1, 0x0, 0x1, 0x24, 0x69, 0x30, 0x4,
    0xe4, 0x42, 0xed, 0xcf, 0x85, 0x10, 0xc, 0xba,
    0xa4, 0x0, 0x1d, 0x0, 0x0, 0x6b, 0x0, 0x6,
    0xcc, 0xdf, 0xcc, 0xc0, 0x19, 0xdd, 0xd2, 0x7a,
    0x4d, 0x2e, 0x30, 0x1, 0x7a, 0x10, 0x59, 0x1d,
    0xd, 0x0, 0x0, 0x69, 0xb, 0xff, 0xff, 0xef,
    0xf6, 0x3e, 0xff, 0xe4, 0x59, 0x2d, 0xe, 0x10,
    0x1, 0x79, 0x10, 0x59, 0x1d, 0xd, 0x0, 0x0,
    0x69, 0x8, 0xff, 0xff, 0xff, 0xf3, 0x0, 0x69,
    0x63, 0x0, 0x1d, 0x0, 0x0, 0x0, 0x8f, 0xb1,
    0x0, 0x1d, 0x0, 0x0, 0x0, 0xd6, 0x0, 0xef,
    0xff, 0xff, 0xa0, 0x0, 0x0, 0x0, 0x0, 0x0,
    0x0, 0x0,

    /* U+952E "键" */
    0x0, 0x0, 0x0, 0x0, 0x0, 0x0, 0x0, 0x0,
    0xe1, 0x0, 0x0, 0x0, 0xc0, 0x0, 0x4, 0xe4,
    0x4f, 0xfd, 0x8c, 0xfc, 0xa0, 0xb, 0xcb, 0x90,
    0x78, 0x0, 0xc0, 0xc0, 0x3c, 0x0, 0x0, 0xc2,
    0xcd, 0xfc, 0xf9, 0x1b, 0xbb, 0x94, 0x90, 0x0,
    0xc0, 0xc0, 0x2, 0xb7, 0x3e, 0xeb, 0x8c, 0xfc,
    0xd0, 0x0, 0x95, 0x1, 0x2c, 0x0, 0xc0, 0x0,
    0x1d, 0xfe, 0xd7, 0x5a, 0x9d, 0xfd, 0xd0, 0x1,
    0xa6, 0x1a, 0xb6, 0x0, 0xc0, 0x0, 0x0, 0x95,
    0x3, 0xf3, 0xdd, 0xfd, 0xd5, 0x0, 0xa8, 0x94,
    0xf7, 0x0, 0xc0, 0x0, 0x0, 0xdd, 0x2c, 0x3b,
    0x93, 0x30, 0x0, 0x2, 0xb0, 0x87, 0x0, 0x6b,
    0xee, 0xe7, 0x0, 0x0, 0x0, 0x0, 0x0, 0x0,
    0x0,

    /* U+9547 "镇" */
    0x0, 0x52, 0x0, 0x0, 0x6, 0x30, 0x0, 0x0,
    0xe2, 0x0, 0x44, 0x4d, 0x84, 0x42, 0x7, 0xfe,
    0xea, 0x78, 0x9f, 0x98, 0x83, 0x3e, 0x10, 0x0,
    0x28, 0x9e, 0x88, 0x70, 0x18, 0x99, 0x93, 0x3c,
    0x22, 0x24, 0xd0, 0x2, 0x7d, 0x41, 0x3e, 0xaa,
    0xaa, 0xd0, 0x0, 0x3c, 0x0, 0x3e, 0x88, 0x89,
    0xd0, 0xc, 0xdf, 0xc9, 0x3c, 0x11, 0x13, 0xd0,
    0x2, 0x5c, 0x22, 0x3e, 0xaa, 0xab, 0xd0, 0x0,
    0x3c, 0x0, 0x6d, 0x33, 0x34, 0xe2, 0x0, 0x3c,
    0x6, 0xbb, 0xcb, 0xbb, 0xb8, 0x0, 0x4e, 0xe6,
    0x7, 0xd1, 0x5d, 0x30, 0x0, 0xba, 0x20, 0xcb,
    0x10, 0x3, 0xe4, 0x0, 0x0, 0x0, 0x20, 0x0,
    0x0, 0x10,

    /* U+955C "镜" */
    0x0, 0x51, 0x0, 0x0, 0x8, 0x0, 0x0, 0x1,
    0xe1, 0x0, 0x49, 0x9e, 0xa9, 0x90, 0x9, 0xfe,
    0xe6, 0x26, 0x94, 0x5b, 0x40, 0x3d, 0x0, 0x0,
    0x45, 0xc4, 0x9b, 0x41, 0x9, 0xdd, 0xd1, 0x77,
    0x77, 0x77, 0x73, 0x0, 0x5b, 0x10, 0x2c, 0xcc,
    0xcc, 0xa0, 0x0, 0x4a, 0x0, 0x2c, 0x0, 0x3,
    0xd0, 0x1c, 0xdf, 0xc8, 0x2e, 0xbb, 0xbc, 0xd0,
    0x3, 0x7c, 0x32, 0x2c, 0x11, 0x14, 0xd0, 0x0,
    0x4a, 0x0, 0x1a, 0xfa, 0xfa, 0x80, 0x0, 0x4b,
    0x46, 0x1, 0xd0, 0xe1, 0x0, 0x0, 0x9f, 0xc3,
    0x1b, 0x70, 0xe1, 0x48, 0x0, 0xb5, 0xa, 0xe7,
    0x0, 0xad, 0xd4, 0x0, 0x0, 0x1, 0x0, 0x0,
    0x0, 0x0,

    /* U+957F "长" */
    0x0, 0x8, 0x80, 0x0, 0x0, 0x21, 0x0, 0x0,
    0x8, 0x80, 0x0, 0x3, 0xe5, 0x0, 0x0, 0x8,
    0x80, 0x0, 0x7e, 0x40, 0x0, 0x0, 0x8, 0x80,
    0x5d, 0xc2, 0x0, 0x0, 0x0, 0x8, 0x82, 0xe6,
    0x0, 0x0, 0x0, 0x1, 0x19, 0x91, 0x11, 0x11,
    0x11, 0x10, 0x3f, 0xff, 0xff, 0xff, 0xff, 0xff,
    0xf3, 0x0, 0x8, 0x80, 0xe, 0x20, 0x0, 0x0,
    0x0, 0x8, 0x80, 0x7, 0xb0, 0x0, 0x0, 0x0,
    0x8, 0x80, 0x0, 0xc9, 0x0, 0x0, 0x0, 0x8,
    0x80, 0x1, 0x1d, 0xa1, 0x0, 0x0, 0x9, 0xb9,
    0xde, 0x1, 0xbe, 0x81, 0x0, 0xe, 0xc7, 0x30,
    0x0, 0x4, 0xb2, 0x0, 0x1, 0x0, 0x0, 0x0,
    0x0, 0x0,

    /* U+9580 "門" */
    0xee, 0xee, 0xf1, 0xce, 0xee, 0xec, 0xe1, 0x0,
    0xe1, 0xc2, 0x0, 0x3c, 0xed, 0xcc, 0xf1, 0xcd,
    0xcc, 0xdc, 0xe1, 0x0, 0xe1, 0xc2, 0x0, 0x3c,
    0xee, 0xdd, 0xf1, 0xce, 0xdd, 0xec, 0xe1, 0x0,
    0x0, 0x0, 0x0, 0x3c, 0xe1, 0x0, 0x0, 0x0,
    0x0, 0x3c, 0xe1, 0x0, 0x0, 0x0, 0x0, 0x3c,
    0xe1, 0x0, 0x0, 0x0, 0x0, 0x3c, 0xe1, 0x0,
    0x0, 0x0, 0x0, 0x3c, 0xe1, 0x0, 0x0, 0x0,
    0x0, 0x5c, 0xe1, 0x0, 0x0, 0x0, 0xef, 0xe7,
    0x0, 0x0, 0x0, 0x0, 0x0, 0x0,

    /* U+958B "開" */
    0xed, 0xcc, 0xf2, 0x9e, 0xcc, 0xdd, 0xe1, 0x0,
    0xd2, 0x96, 0x0, 0x2d, 0xec, 0xbb, 0xf2, 0x9d,
    0xbb, 0xcd, 0xe4, 0x33, 0xd2, 0x98, 0x33, 0x5d,
    0xe8, 0x77, 0x71, 0x47, 0x77, 0x9d, 0xe1, 0x8c,
    0xcc, 0xcc, 0xc3, 0x2d, 0xe1, 0x13, 0xc1, 0x5b,
    0x10, 0x2d, 0xe1, 0x2, 0xc0, 0x4a, 0x0, 0x2d,
    0xe1, 0xde, 0xfe, 0xef, 0xe8, 0x2d, 0xe1, 0x6,
    0x80, 0x4a, 0x0, 0x2d, 0xe1, 0xc, 0x30, 0x4a,
    0x0, 0x3d, 0xe1, 0x87, 0x0, 0x4a, 0x4f, 0xf8,
    0x0, 0x0, 0x0, 0x0, 0x0, 0x0,

    /* U+95DC "關" */
    0xec, 0xcc, 0xf1, 0x9d, 0xcc, 0xce, 0xe5, 0x44,
    0xf1, 0x99, 0x44, 0x6e, 0xe6, 0x55, 0xf1, 0x99,
    0x55, 0x6e, 0xec, 0xcc, 0xf1, 0x9d, 0xcc, 0xce,
    0xe1, 0x2a, 0x10, 0x29, 0x10, 0x1e, 0xe1, 0xda,
    0xb2, 0xe9, 0xa0, 0x1e, 0xe1, 0x4b, 0x70, 0x5a,
    0x70, 0x1e, 0xe2, 0xfb, 0xb8, 0xfb, 0xc4, 0x1e,
    0xe1, 0x60, 0x64, 0x90, 0x70, 0x1e, 0xe1, 0xa6,
    0xb3, 0xc5, 0xd0, 0x1e, 0xe1, 0x25, 0xe1, 0xc3,
    0x81, 0x3e, 0xe1, 0x1c, 0x40, 0xc0, 0xc, 0xe8,

    /* U+95E8 "门" */
    0x15, 0x0, 0x0, 0x0, 0x0, 0x0, 0x1d, 0x70,
    0xff, 0xff, 0xff, 0xfc, 0x1, 0xd4, 0x0, 0x0,
    0x0, 0x4c, 0xe2, 0x10, 0x0, 0x0, 0x0, 0x4c,
    0xe2, 0x0, 0x0, 0x0, 0x0, 0x4c, 0xe2, 0x0,
    0x0, 0x0, 0x0, 0x4c, 0xe2, 0x0, 0x0, 0x0,
    0x0, 0x4c, 0xe2, 0x0, 0x0, 0x0, 0x0, 0x4c,
    0xe2, 0x0, 0x0, 0x0, 0x0, 0x4c, 0xe2, 0x0,
    0x0, 0x0, 0x0, 0x4c, 0xe2, 0x0, 0x0, 0x0,
    0x0, 0x4c, 0xe2, 0x0, 0x0, 0x0, 0x0, 0x5c,
    0xe2, 0x0, 0x0, 0x0, 0xcf, 0xe6,

    /* U+95EE "问" */
    0x42, 0x0, 0x0, 0x0, 0x0, 0x0, 0x3d, 0x17,
    0xff, 0xff, 0xff, 0xf3, 0x5, 0xb0, 0x0, 0x0,
    0x0, 0xc3, 0xa1, 0x0, 0x0, 0x0, 0x0, 0xc3,
    0xe1, 0xa, 0xbb, 0xbb, 0x10, 0xc3, 0xe1, 0xd,
    0x43, 0x3f, 0x10, 0xc3, 0xe1, 0xd, 0x10, 0xe,
    0x10, 0xc3, 0xe1, 0xd, 0x10, 0xe, 0x10, 0xc3,
    0xe1, 0xd, 0x21, 0x1e, 0x10, 0xc3, 0xe1, 0xd,
    0xdd, 0xdd, 0x10, 0xc3, 0xe1, 0x4, 0x0, 0x0,
    0x0, 0xc3, 0xe1, 0x0, 0x0, 0x0, 0x0, 0xd3,
    0xe1, 0x0, 0x0, 0x0, 0xbf, 0xc1,

    /* U+95F4 "间" */
    0x33, 0x0, 0x0, 0x0, 0x0, 0x0, 0x3e, 0x30,
    0xff, 0xff, 0xff, 0xfc, 0x5, 0x70, 0x0, 0x0,
    0x0, 0x4c, 0xa1, 0x0, 0x0, 0x0, 0x0, 0x4c,
    0xe2, 0xc, 0xdd, 0xdd, 0x30, 0x4c, 0xe2, 0xd,
    0x10, 0xb, 0x30, 0x4c, 0xe2, 0xd, 0x10, 0xb,
    0x30, 0x4c, 0xe2, 0xd, 0xee, 0xef, 0x30, 0x4c,
    0xe2, 0xd, 0x10, 0xb, 0x30, 0x4c, 0xe2, 0xd,
    0x10, 0xc, 0x30, 0x4c, 0xe2, 0xb, 0xdd, 0xdd,
    0x30, 0x4c, 0xe2, 0x0, 0x0, 0x0, 0x0, 0x4c,
    0xe2, 0x0, 0x0, 0x0, 0xe, 0xe7,

    /* U+95FB "闻" */
    0x22, 0x0, 0x0, 0x0, 0x0, 0x0, 0x3e, 0x30,
    0xff, 0xff, 0xff, 0xfc, 0x5, 0x50, 0x0, 0x0,
    0x0, 0x3c, 0xa1, 0xab, 0xbb, 0xbb, 0xb3, 0x3c,
    0xe1, 0x2c, 0x62, 0x2a, 0x60, 0x3c, 0xe1, 0xb,
    0xcb, 0xbe, 0x50, 0x3c, 0xe1, 0xb, 0x51, 0x1a,
    0x50, 0x3c, 0xe1, 0xb, 0xdb, 0xbe, 0x50, 0x3c,
    0xe1, 0xb, 0x50, 0x9, 0x50, 0x3c, 0xe2, 0x4c,
    0x96, 0x8d, 0xca, 0x3c, 0xe4, 0x97, 0x65, 0x4b,
    0x61, 0x3c, 0xe1, 0x0, 0x0, 0x6, 0x30, 0x4c,
    0xe1, 0x0, 0x0, 0x0, 0x2f, 0xe7,

    /* U+9633 "阳" */
    0x0, 0x0, 0x0, 0x0, 0x0, 0x0, 0xef, 0xff,
    0x2d, 0xff, 0xff, 0xfc, 0xe1, 0x3b, 0xd, 0x20,
    0x0, 0x3c, 0xe1, 0xb3, 0xd, 0x20, 0x0, 0x3c,
    0xe4, 0xc0, 0xd, 0x20, 0x0, 0x3c, 0xe2, 0xc3,
    0xd, 0x20, 0x0, 0x4c, 0xe1, 0x2d, 0xd, 0xee,
    0xee, 0xfc, 0xe1, 0xd, 0x2d, 0x20, 0x0, 0x3c,
    0xe2, 0x3f, 0x2d, 0x20, 0x0, 0x3c, 0xe8, 0xc7,
    0xd, 0x20, 0x0, 0x3c, 0xe1, 0x0, 0xd, 0x20,
    0x0, 0x4c, 0xe1, 0x0, 0xd, 0xff, 0xff, 0xfc,
    0xe1, 0x0, 0xd, 0x20, 0x0, 0x3b, 0x10, 0x0,
    0x0, 0x0, 0x0, 0x0,

    /* U+9634 "阴" */
    0x11, 0x11, 0x0, 0x0, 0x0, 0x0, 0xed, 0xdf,
    0x41, 0xff, 0xff, 0xfe, 0xe1, 0xe, 0x1, 0xe0,
    0x0, 0x1e, 0xe1, 0x39, 0x1, 0xe0, 0x0, 0x1e,
    0xe1, 0x73, 0x1, 0xff, 0xff, 0xfe, 0xe1, 0x48,
    0x1, 0xe0, 0x0, 0x1e, 0xe1, 0xe, 0x1, 0xe0,
    0x0, 0x1e, 0xe1, 0xc, 0x32, 0xe7, 0x77, 0x8e,
    0xe1, 0x2e, 0x33, 0xe8, 0x88, 0x9e, 0xe1, 0x99,
    0x7, 0x80, 0x0, 0x1e, 0xe1, 0x0, 0xd, 0x40,
    0x0, 0x1e, 0xe1, 0x0, 0x6c, 0x0, 0x0, 0x2e,
    0xe1, 0x2, 0xe2, 0x0, 0xc, 0xf9, 0x10, 0x0,
    0x0, 0x0, 0x0, 0x0,

    /* U+9636 "阶" */
    0x0, 0x0, 0x0, 0x4, 0x50, 0x0, 0xe, 0xff,
    0xf2, 0x0, 0xdc, 0x0, 0x0, 0xe1, 0x3d, 0x0,
    0x6c, 0xb8, 0x0, 0xe, 0x1a, 0x50, 0x3e, 0x21,
    0xd6, 0x0, 0xe3, 0xd0, 0x4e, 0x40, 0x2, 0xda,
    0xe, 0x2c, 0x5a, 0x36, 0x0, 0x51, 0x70, 0xe1,
    0x2e, 0x0, 0xf0, 0xe, 0x10, 0xe, 0x10, 0xd2,
    0x1f, 0x0, 0xe1, 0x0, 0xe3, 0x3f, 0x22, 0xe0,
    0xe, 0x10, 0xe, 0x6c, 0x70, 0x4d, 0x0, 0xe1,
    0x0, 0xe1, 0x0, 0x8, 0x90, 0xe, 0x10, 0xe,
    0x10, 0x2, 0xf2, 0x0, 0xe1, 0x0, 0xe1, 0x0,
    0xb7, 0x0, 0xe, 0x10, 0x0, 0x0, 0x0, 0x0,
    0x0, 0x0, 0x0,

    /* U+9644 "附" */
    0x0, 0x0, 0x0, 0x0, 0x0, 0x0, 0x0, 0x0,
    0x0, 0x1e, 0x0, 0xe, 0x10, 0xdf, 0xfd, 0x6,
    0xa0, 0x0, 0xe1, 0xd, 0x16, 0x90, 0xc4, 0x0,
    0xe, 0x10, 0xd1, 0xb3, 0x5f, 0x4c, 0xcc, 0xfc,
    0x4d, 0x2d, 0x1e, 0xf1, 0x33, 0x3f, 0x41, 0xd1,
    0xd8, 0xae, 0x1, 0x0, 0xe1, 0xd, 0x16, 0x91,
    0xe0, 0xc2, 0xe, 0x10, 0xd1, 0x2c, 0xe, 0x5,
    0x90, 0xe1, 0xd, 0x12, 0xc0, 0xe0, 0xe, 0xe,
    0x10, 0xd6, 0xe7, 0xe, 0x0, 0x30, 0xe1, 0xd,
    0x10, 0x0, 0xe0, 0x0, 0xe, 0x10, 0xd1, 0x0,
    0xe, 0x0, 0x0, 0xf1, 0xd, 0x10, 0x0, 0xd0,
    0x9, 0xfb, 0x0, 0x0, 0x0, 0x0, 0x0, 0x0,
    0x0, 0x0,

    /* U+9648 "陈" */
    0x0, 0x0, 0x0, 0x2a, 0x0, 0x0, 0xe, 0xff,
    0xe0, 0x6, 0xc0, 0x0, 0x0, 0xe1, 0x4a, 0xce,
    0xff, 0xee, 0xee, 0x3e, 0x19, 0x40, 0x1f, 0x20,
    0x0, 0x0, 0xe1, 0xc0, 0x6, 0x91, 0xc0, 0x0,
    0xe, 0x1a, 0x30, 0xd2, 0x1e, 0x0, 0x0, 0xe1,
    0x3b, 0x6f, 0xcd, 0xfc, 0xc9, 0xe, 0x11, 0xe1,
    0x32, 0x3e, 0x22, 0x10, 0xe1, 0x3e, 0x3, 0x11,
    0xe0, 0x40, 0xe, 0x2c, 0x60, 0xe2, 0x1e, 0xa,
    0x50, 0xe1, 0x0, 0x89, 0x1, 0xe0, 0x2d, 0xe,
    0x10, 0x3d, 0x0, 0x2e, 0x0, 0xa4, 0xe1, 0x0,
    0x10, 0xae, 0x90, 0x0, 0x0,

    /* U+964D "降" */
    0x0, 0x0, 0x0, 0x3d, 0x0, 0x0, 0xe, 0xff,
    0xe0, 0x1d, 0xec, 0xcb, 0x10, 0xe0, 0x59, 0x2d,
    0xe3, 0x18, 0xe1, 0xe, 0xc, 0x2a, 0x64, 0xd7,
    0xe3, 0x0, 0xe3, 0xc0, 0x0, 0x3d, 0xf9, 0x10,
    0xe, 0xb, 0x47, 0xcd, 0x51, 0x9e, 0xb3, 0xe0,
    0x3c, 0x63, 0x0, 0xf0, 0x4, 0xe, 0x0, 0xe3,
    0xee, 0xef, 0xee, 0xb0, 0xe2, 0x4e, 0x7, 0x0,
    0xf0, 0x0, 0xe, 0x6c, 0x53, 0xc0, 0xf, 0x0,
    0x0, 0xe0, 0x0, 0x7f, 0xee, 0xfe, 0xee, 0x2e,
    0x0, 0x0, 0x0, 0xf, 0x0, 0x0, 0xe0, 0x0,
    0x0, 0x0, 0xf0, 0x0, 0x0,

    /* U+965B "陛" */
    0x0, 0x0, 0x58, 0x0, 0xc3, 0x0, 0xd, 0xff,
    0xd6, 0x80, 0xc, 0x30, 0x20, 0xd1, 0x69, 0x5e,
    0xda, 0xca, 0xc7, 0xd, 0x1d, 0x25, 0x91, 0x1c,
    0x70, 0x0, 0xd5, 0xc0, 0x58, 0x0, 0xc3, 0x4,
    0x1d, 0x3d, 0x26, 0xa7, 0xbc, 0x40, 0xb3, 0xd1,
    0x59, 0xad, 0x83, 0x7d, 0xdb, 0xd, 0x11, 0xd1,
    0x0, 0xc3, 0x0, 0x0, 0xd2, 0x5d, 0x34, 0x4e,
    0x74, 0x42, 0xd, 0x8b, 0x47, 0xaa, 0xfb, 0xaa,
    0x40, 0xd1, 0x0, 0x0, 0xd, 0x30, 0x0, 0xd,
    0x10, 0x1, 0x11, 0xd4, 0x11, 0x10, 0xd1, 0x9,
    0xee, 0xee, 0xee, 0xee, 0x30,

    /* U+9664 "除" */
    0x0, 0x0, 0x0, 0x0, 0x80, 0x0, 0xe, 0xff,
    0xd0, 0x0, 0xaf, 0x30, 0x0, 0xe0, 0x68, 0x0,
    0xab, 0x3e, 0x50, 0xe, 0xc, 0x14, 0xd9, 0x0,
    0x2d, 0xa2, 0xe4, 0xb0, 0xa9, 0xaa, 0xaa, 0xb8,
    0x3e, 0xb, 0x30, 0x13, 0x5e, 0x33, 0x0, 0xe0,
    0x4a, 0x0, 0x1, 0xe0, 0x0, 0xe, 0x1, 0xdc,
    0xee, 0xff, 0xee, 0xe5, 0xe1, 0x5d, 0x11, 0x13,
    0xe1, 0x21, 0xe, 0x6c, 0x40, 0xb5, 0x1e, 0x1d,
    0x20, 0xe0, 0x0, 0x5c, 0x1, 0xe0, 0x4c, 0xe,
    0x0, 0x1e, 0x20, 0x2e, 0x0, 0xa4, 0xe0, 0x0,
    0x0, 0xce, 0x90, 0x0, 0x0, 0x0, 0x0, 0x0,
    0x0, 0x0, 0x0,

    /* U+9670 "陰" */
    0x0, 0x0, 0x0, 0x5, 0x30, 0x0, 0xd, 0xff,
    0xe0, 0x4, 0xeb, 0x0, 0x0, 0xd1, 0x4b, 0x6,
    0xd1, 0x5d, 0x40, 0xd, 0x1a, 0x7c, 0xb1, 0xc2,
    0x3c, 0xb2, 0xd1, 0xd2, 0x50, 0x5, 0x70, 0x5,
    0x1d, 0x2d, 0x23, 0xcc, 0xcc, 0xe9, 0x0, 0xd1,
    0x5a, 0x0, 0x0, 0xd, 0x20, 0xd, 0x10, 0xe2,
    0xcc, 0xcc, 0xdc, 0x40, 0xd1, 0x3e, 0x0, 0x0,
    0x0, 0x0, 0xd, 0x5c, 0x6c, 0xcf, 0xec, 0xdc,
    0xc3, 0xd1, 0x0, 0x2, 0xd2, 0xa, 0x60, 0xd,
    0x10, 0x2, 0xd5, 0x23, 0x6f, 0x30, 0xd1, 0x0,
    0xad, 0xdc, 0xba, 0x9c, 0x0, 0x0, 0x0, 0x0,
    0x0, 0x0, 0x0,

    /* U+9673 "陳" */
    0x0, 0x0, 0x0, 0x3, 0xd0, 0x0, 0xd, 0xff,
    0xe1, 0x11, 0x4d, 0x11, 0x10, 0xd1, 0x3c, 0xcd,
    0xde, 0xfd, 0xdd, 0x5d, 0x18, 0x60, 0x0, 0x3d,
    0x0, 0x0, 0xd1, 0xc0, 0x4f, 0xcd, 0xfc, 0xcd,
    0xd, 0x1c, 0x24, 0xb0, 0x3d, 0x2, 0xd0, 0xd1,
    0x4a, 0x4e, 0xbc, 0xfb, 0xcd, 0xd, 0x10, 0xe4,
    0xb0, 0x4d, 0x3, 0xd0, 0xd1, 0x1f, 0x2a, 0xcf,
    0xfe, 0xa9, 0xd, 0x3e, 0x70, 0xc, 0x9d, 0xc4,
    0x0, 0xd1, 0x0, 0x2c, 0x73, 0xd1, 0xd5, 0xd,
    0x10, 0x6e, 0x50, 0x3d, 0x2, 0xd7, 0xd1, 0x1,
    0x10, 0x3, 0xd0, 0x0, 0x10,

    /* U+967D "陽" */
    0x0, 0x0, 0x0, 0x0, 0x0, 0x0, 0xd, 0xff,
    0xe0, 0xed, 0xcc, 0xcf, 0x10, 0xd1, 0x4b, 0xe,
    0x21, 0x11, 0xe1, 0xd, 0x1a, 0x40, 0xea, 0xaa,
    0xaf, 0x10, 0xd1, 0xd0, 0xe, 0x65, 0x55, 0xf1,
    0xd, 0x2d, 0x20, 0x55, 0x55, 0x55, 0x0, 0xd1,
    0x4a, 0xdd, 0xdd, 0xdd, 0xdd, 0x3d, 0x10, 0xe0,
    0x97, 0x0, 0x0, 0x0, 0xd1, 0x2e, 0x3f, 0xfe,
    0xee, 0xea, 0xd, 0x6d, 0xad, 0x29, 0x65, 0x85,
    0xa0, 0xd1, 0x2, 0x35, 0xb0, 0xd1, 0x69, 0xd,
    0x10, 0x6, 0xc1, 0xa7, 0x9, 0x60, 0xd1, 0x0,
    0x70, 0x39, 0x1d, 0xd2, 0x0, 0x0, 0x0, 0x0,
    0x0, 0x0, 0x0,

    /* U+968E "階" */
    0x0, 0x0, 0x69, 0x0, 0xe1, 0x0, 0xe, 0xff,
    0xd7, 0x90, 0xe, 0x10, 0x40, 0xe0, 0x78, 0x6f,
    0xee, 0xe9, 0xc6, 0xe, 0xd, 0x16, 0x90, 0xe,
    0x60, 0x0, 0xe5, 0xb0, 0x79, 0x13, 0xe2, 0xa,
    0x2e, 0xc, 0x2c, 0xfd, 0x9c, 0xcb, 0xe0, 0xe0,
    0x4a, 0x31, 0xc, 0x32, 0x20, 0xe, 0x1, 0xd2,
    0xdd, 0xfd, 0xdd, 0x30, 0xe3, 0x8b, 0x3c, 0x0,
    0x0, 0xb4, 0xe, 0x58, 0x23, 0xea, 0xaa, 0xae,
    0x40, 0xe0, 0x0, 0x3c, 0x22, 0x22, 0xc4, 0xe,
    0x0, 0x3, 0xc0, 0x0, 0xc, 0x40, 0xe0, 0x0,
    0x3f, 0xcc, 0xcc, 0xf4, 0x0, 0x0, 0x0, 0x0,
    0x0, 0x0, 0x0,

    /* U+9690 "隐" */
    0x0, 0x0, 0x0, 0x23, 0x0, 0x0, 0xd, 0xff,
    0xf1, 0xd, 0xec, 0xc6, 0x0, 0xd1, 0x2b, 0x1c,
    0x50, 0xd, 0x50, 0xd, 0x17, 0x6a, 0xb1, 0x18,
    0xb1, 0x10, 0xd1, 0xb1, 0x1b, 0xbb, 0xbb, 0xcc,
    0xd, 0x1c, 0x10, 0x12, 0x22, 0x24, 0xc0, 0xd1,
    0x4a, 0x7, 0xaa, 0xaa, 0xbc, 0xd, 0x10, 0xe0,
    0x22, 0x22, 0x25, 0xc0, 0xd1, 0x1f, 0x19, 0x9d,
    0x99, 0x97, 0xd, 0x3e, 0x82, 0x15, 0xaa, 0x3,
    0x20, 0xd1, 0x0, 0xc3, 0xd0, 0x76, 0x4c, 0xd,
    0x10, 0x4b, 0x1d, 0x0, 0x1b, 0xb5, 0xd1, 0x4,
    0x30, 0xce, 0xee, 0x72, 0x31, 0x0, 0x0, 0x0,
    0x0, 0x0, 0x0,

    /* U+96B1 "隱" */
    0x0, 0x0, 0x0, 0x11, 0x34, 0x67, 0xe, 0xff,
    0xd4, 0xfe, 0xdc, 0xaa, 0x70, 0xe0, 0x58, 0x8,
    0x53, 0xb0, 0xb4, 0xe, 0xa, 0x20, 0xcb, 0xbd,
    0xbe, 0xb0, 0xe0, 0xb0, 0x24, 0x46, 0xe4, 0x44,
    0x2e, 0xc, 0x23, 0x77, 0x77, 0x77, 0x73, 0xe0,
    0x59, 0x2a, 0xaa, 0xaa, 0xbc, 0xe, 0x1, 0xc0,
    0x77, 0x77, 0x78, 0xd0, 0xe0, 0x3c, 0x3, 0x33,
    0x33, 0x4d, 0xe, 0x4e, 0x52, 0xbb, 0xeb, 0xbb,
    0xa0, 0xe0, 0x0, 0x46, 0xb4, 0xc1, 0x46, 0xe,
    0x0, 0xc, 0x3d, 0x3, 0x26, 0xd2, 0xe0, 0x3,
    0x90, 0xcd, 0xcd, 0x74, 0x40, 0x0, 0x0, 0x0,
    0x0, 0x0, 0x0,

    /* U+96BE "难" */
    0x0, 0x0, 0x0, 0x0, 0x51, 0x30, 0x0, 0x0,
    0x0, 0x0, 0x6, 0xc4, 0xd0, 0x0, 0xe, 0xee,
    0xf9, 0xd, 0x50, 0xa2, 0x0, 0x1, 0x0, 0x78,
    0x5f, 0xef, 0xfe, 0xe6, 0xd, 0x40, 0xc7, 0xed,
    0x0, 0xe0, 0x0, 0x3, 0xe3, 0xfa, 0x9f, 0xbb,
    0xfb, 0xb1, 0x0, 0x7f, 0xb1, 0x2e, 0x33, 0xf3,
    0x30, 0x0, 0xe, 0x80, 0x1d, 0x0, 0xe0, 0x0,
    0x0, 0x5e, 0xe1, 0x1f, 0xff, 0xff, 0xf2, 0x0,
    0xd5, 0x8a, 0x1d, 0x0, 0xe0, 0x0, 0xb, 0xa0,
    0x15, 0x1d, 0x0, 0xe0, 0x0, 0x1a, 0x0, 0x0,
    0x1f, 0xef, 0xfe, 0xe8, 0x0, 0x0, 0x0, 0x1e,
    0x0, 0x0, 0x0,

    /* U+96C4 "雄" */
    0x0, 0xa, 0x0, 0x0, 0x71, 0x30, 0x0, 0x0,
    0x1e, 0x0, 0x3, 0xb3, 0xd0, 0x0, 0x4, 0x6d,
    0x44, 0x29, 0x60, 0xa2, 0x0, 0xb, 0xde, 0xbb,
    0x8f, 0xfe, 0xff, 0xe1, 0x0, 0x96, 0x0, 0x9f,
    0x30, 0xd1, 0x0, 0x0, 0xd2, 0x62, 0xeb, 0x40,
    0xe1, 0x0, 0x1, 0xe1, 0xe0, 0x1a, 0xee, 0xfe,
    0xe1, 0x6, 0xa6, 0x90, 0xa, 0x30, 0xd1, 0x0,
    0xd, 0x3b, 0x49, 0xa, 0x63, 0xe4, 0x30, 0x5b,
    0x1d, 0xb, 0x2a, 0xcb, 0xfb, 0xb1, 0x2, 0x97,
    0x3a, 0x7a, 0x30, 0xd1, 0x0, 0x0, 0xfc, 0x97,
    0xba, 0xdc, 0xfd, 0xc3, 0x0, 0x0, 0x0, 0x3a,
    0x62, 0x22, 0x20,

    /* U+96C5 "雅" */
    0x0, 0x0, 0x0, 0x0, 0x81, 0x40, 0x0, 0xf,
    0xff, 0xff, 0x82, 0xd1, 0xd0, 0x0, 0x1, 0x30,
    0x77, 0x7, 0x80, 0xb2, 0x0, 0x6, 0x80, 0x77,
    0xe, 0xff, 0xff, 0xf3, 0x9, 0x50, 0x77, 0x8f,
    0x40, 0xd1, 0x0, 0xc, 0x42, 0x98, 0xdc, 0x51,
    0xe3, 0x10, 0xc, 0xde, 0xfe, 0x8a, 0xdc, 0xfc,
    0xc0, 0x0, 0xb, 0xc7, 0xa, 0x40, 0xd1, 0x0,
    0x0, 0x6b, 0x87, 0xa, 0xcb, 0xfb, 0xb0, 0x3,
    0xe2, 0x77, 0xa, 0x62, 0xe4, 0x20, 0x3e, 0x70,
    0x77, 0xa, 0x40, 0xd1, 0x0, 0x3a, 0x0, 0x87,
    0xa, 0xee, 0xfe, 0xe5, 0x0, 0x5f, 0xe3, 0xa,
    0x51, 0x11, 0x10, 0x0, 0x0, 0x0, 0x0, 0x0,
    0x0, 0x0,

    /* U+96C6 "集" */
    0x0, 0x3, 0x50, 0x15, 0x0, 0x0, 0x0, 0x0,
    0xd, 0x70, 0x1e, 0x20, 0x0, 0x0, 0x0, 0x9e,
    0xcc, 0xdf, 0xcc, 0xcc, 0x50, 0x9, 0xfb, 0x55,
    0x6f, 0x55, 0x54, 0x0, 0x2a, 0x8b, 0x55, 0x6f,
    0x55, 0x54, 0x0, 0x0, 0x7e, 0xbb, 0xcf, 0xbb,
    0xba, 0x0, 0x0, 0x79, 0x0, 0xe, 0x0, 0x0,
    0x0, 0x0, 0x7e, 0xdd, 0xff, 0xdd, 0xdd, 0xb0,
    0x0, 0x11, 0x0, 0x78, 0x0, 0x0, 0x0, 0x1e,
    0xee, 0xef, 0xff, 0xfe, 0xee, 0xe6, 0x0, 0x0,
    0x8c, 0xab, 0xb9, 0x20, 0x0, 0x3, 0x9d, 0x70,
    0x78, 0x5, 0xdb, 0x61, 0x2b, 0x60, 0x0, 0x78,
    0x0, 0x4, 0x93,

    /* U+96D6 "雖" */
    0x0, 0x0, 0x0, 0x0, 0x60, 0x0, 0x0, 0xc,
    0xed, 0xec, 0x3, 0xd5, 0xb0, 0x0, 0xc, 0x20,
    0x1c, 0x9, 0x82, 0xb5, 0x20, 0xc, 0xdc, 0xdc,
    0x1f, 0xaa, 0xfa, 0xa0, 0x0, 0xf, 0x10, 0xbf,
    0x10, 0xe1, 0x0, 0x6, 0x6f, 0x67, 0xce, 0x20,
    0xe1, 0x0, 0xe, 0x8e, 0x8e, 0xd, 0xed, 0xfe,
    0xc0, 0xd, 0xd, 0xd, 0xd, 0x10, 0xe1, 0x0,
    0xe, 0x7e, 0x7e, 0xd, 0x43, 0xe4, 0x30, 0x5,
    0x5f, 0x66, 0xd, 0xbb, 0xfb, 0xa0, 0x0, 0xe,
    0x2d, 0xd, 0x10, 0xe1, 0x0, 0x5c, 0xee, 0xcd,
    0x4d, 0xdc, 0xfd, 0xc2, 0x12, 0x0, 0x4, 0x4d,
    0x42, 0x22, 0x20,

    /* U+96DC "雜" */
    0x0, 0x7, 0x20, 0x0, 0x53, 0x40, 0x0, 0x1,
    0x19, 0xa1, 0x10, 0xe2, 0xe2, 0x0, 0x3d, 0xdd,
    0xdd, 0xc3, 0xc0, 0x74, 0x0, 0x1, 0xc0, 0x47,
    0xa, 0xff, 0xff, 0xf4, 0x5, 0xc0, 0xa7, 0x3f,
    0x70, 0xc2, 0x0, 0xc, 0xa9, 0xdc, 0xad, 0x80,
    0xc2, 0x0, 0x48, 0x9, 0x52, 0x67, 0xed, 0xfe,
    0xd2, 0x2, 0x18, 0x91, 0x16, 0x70, 0xc2, 0x0,
    0x4e, 0xef, 0xfe, 0xe6, 0x93, 0xd5, 0x30, 0x3,
    0x67, 0x88, 0x6, 0xdb, 0xeb, 0xb1, 0xa, 0x57,
    0x87, 0x86, 0x70, 0xc2, 0x0, 0x2c, 0x7, 0x81,
    0x76, 0xec, 0xfd, 0xc4, 0x0, 0x6d, 0x50, 0x6,
    0x92, 0x22, 0x21, 0x0, 0x0, 0x0, 0x0, 0x0,
    0x0, 0x0,

    /* U+96E3 "難" */
    0x0, 0x0, 0x0, 0x0, 0x0, 0x0, 0x0, 0x1,
    0xd0, 0x2c, 0x0, 0xa5, 0x80, 0x0, 0x4d, 0xfc,
    0xdf, 0xb0, 0xe0, 0xe3, 0x0, 0x1, 0xe6, 0x8c,
    0x5, 0xb2, 0x76, 0x20, 0x0, 0x5c, 0x74, 0xc,
    0xed, 0xfe, 0xd4, 0xe, 0xbe, 0xcd, 0xcf, 0x70,
    0xc2, 0x0, 0xd, 0xa, 0x35, 0xdb, 0x93, 0xd5,
    0x30, 0xb, 0xbe, 0xcb, 0x56, 0xda, 0xeb, 0xa1,
    0x6, 0x7d, 0x97, 0x46, 0x70, 0xc2, 0x0, 0x4,
    0x4d, 0x74, 0x26, 0xb6, 0xd8, 0x61, 0x5d, 0xdf,
    0xdd, 0xc6, 0xb7, 0xe9, 0x71, 0x0, 0x5e, 0x90,
    0x6, 0x70, 0xc2, 0x0, 0x5, 0xe2, 0x5d, 0x26,
    0xec, 0xfd, 0xc4, 0x2c, 0x20, 0x3, 0x16, 0x92,
    0x22, 0x21,

    /* U+96E8 "雨" */
    0x1f, 0xff, 0xff, 0xff, 0xff, 0xff, 0xf7, 0x0,
    0x0, 0x0, 0x6a, 0x0, 0x0, 0x0, 0x0, 0x0,
    0x0, 0x6a, 0x0, 0x0, 0x0, 0x6, 0xff, 0xff,
    0xff, 0xff, 0xff, 0xd0, 0x6, 0x90, 0x0, 0x6a,
    0x10, 0x3, 0xd0, 0x6, 0x97, 0xb2, 0x6a, 0x7c,
    0x33, 0xd0, 0x6, 0x90, 0x3c, 0x6a, 0x3, 0xc4,
    0xd0, 0x6, 0x94, 0x0, 0x6a, 0x40, 0x3, 0xd0,
    0x6, 0x96, 0xd4, 0x6a, 0x6d, 0x53, 0xd0, 0x6,
    0x90, 0x29, 0x6a, 0x1, 0x93, 0xd0, 0x6, 0x90,
    0x0, 0x6a, 0x0, 0x4, 0xd0, 0x6, 0x90, 0x0,
    0x58, 0x4, 0xed, 0x70,

    /* U+96EA "雪" */
    0x1d, 0xdd, 0xdf, 0xed, 0xdd, 0xd1, 0x22, 0x22,
    0x2d, 0x52, 0x22, 0x22, 0xeb, 0xaa, 0xae, 0xca,
    0xaa, 0xbf, 0xe2, 0x66, 0x3c, 0x46, 0x66, 0x2f,
    0xd1, 0x44, 0x2c, 0x44, 0x44, 0x1d, 0x7, 0xbb,
    0x6c, 0x4b, 0xbb, 0x70, 0x0, 0x11, 0x14, 0x21,
    0x11, 0x0, 0x8, 0xcc, 0xcc, 0xcc, 0xce, 0x80,
    0x0, 0x11, 0x11, 0x11, 0x19, 0x80, 0x4, 0xbb,
    0xbb, 0xbb, 0xbe, 0x80, 0x0, 0x0, 0x0, 0x0,
    0x8, 0x80, 0xc, 0xcc, 0xcc, 0xcc, 0xce, 0x80,

    /* U+96F2 "雲" */
    0x0, 0xdd, 0xdd, 0xef, 0xdd, 0xdd, 0x40, 0x1,
    0x22, 0x22, 0x7b, 0x22, 0x22, 0x20, 0xb, 0xba,
    0xaa, 0xce, 0xaa, 0xaa, 0xf2, 0xb, 0x37, 0x76,
    0x5a, 0x47, 0x73, 0xd2, 0xa, 0x33, 0x33, 0x5a,
    0x23, 0x31, 0xb1, 0x0, 0x4b, 0xba, 0x5a, 0x7b,
    0xb9, 0x0, 0x0, 0x25, 0x55, 0x67, 0x55, 0x54,
    0x0, 0x0, 0x25, 0x55, 0x55, 0x55, 0x54, 0x0,
    0x1d, 0xdd, 0xdd, 0xdd, 0xdd, 0xdd, 0xd6, 0x0,
    0x1, 0xe6, 0x0, 0xc, 0x70, 0x0, 0x0, 0x1c,
    0x90, 0x0, 0x14, 0xf8, 0x0, 0x0, 0x8f, 0xee,
    0xdc, 0xcb, 0xae, 0x60, 0x0, 0x0, 0x0, 0x0,
    0x0, 0x2, 0x10,

    /* U+9732 "露" */
    0x1, 0xcc, 0xcc, 0xed, 0xcc, 0xcc, 0x0, 0x9,
    0x99, 0x99, 0xda, 0x99, 0x99, 0x80, 0xe, 0x29,
    0x95, 0xa3, 0x99, 0x93, 0xd0, 0x9, 0x12, 0x21,
    0xa3, 0x22, 0x22, 0x80, 0x0, 0x49, 0x95, 0x93,
    0xba, 0x93, 0x0, 0x4, 0xcb, 0xbe, 0x2, 0xeb,
    0xab, 0x20, 0x5, 0x70, 0xe, 0x6b, 0xb1, 0x8a,
    0x0, 0x4, 0xcd, 0xcc, 0x30, 0x7f, 0xd1, 0x0,
    0x5, 0x39, 0x74, 0x7d, 0xa4, 0x7d, 0xb3, 0x6,
    0x59, 0xa7, 0x4c, 0xba, 0xaf, 0x40, 0x6, 0x59,
    0x41, 0x1b, 0x20, 0xd, 0x10, 0x1c, 0xcc, 0xcb,
    0x4b, 0xcb, 0xbe, 0x10,

    /* U+9748 "靈" */
    0x0, 0x9b, 0xbb, 0xde, 0xbb, 0xbb, 0x30, 0x8,
    0x98, 0x88, 0xbd, 0x88, 0x88, 0xa1, 0xb, 0x39,
    0x98, 0x5a, 0x69, 0x94, 0xc1, 0x4, 0x34, 0x44,
    0x5a, 0x34, 0x44, 0x40, 0x0, 0x36, 0x66, 0x47,
    0x46, 0x66, 0x0, 0x3, 0xd9, 0xd6, 0xb9, 0xb8,
    0xaa, 0xa0, 0x2, 0xb7, 0xc5, 0xa8, 0xa8, 0x98,
    0x90, 0x2, 0xaa, 0xaa, 0xaa, 0xaa, 0xaa, 0x60,
    0x0, 0x13, 0x91, 0x6b, 0x17, 0x61, 0x0, 0x0,
    0xb, 0xb1, 0x5a, 0x1e, 0x90, 0x0, 0x0, 0xb6,
    0x4c, 0x6a, 0xc4, 0x5c, 0x0, 0xb, 0xdb, 0xbc,
    0xde, 0xcb, 0xbc, 0xb5,

    /* U+9759 "静" */
    0x0, 0x0, 0x0, 0x0, 0x0, 0x0, 0x0, 0x0,
    0xa, 0x50, 0x0, 0x86, 0x0, 0x0, 0xa, 0xae,
    0xca, 0x80, 0xea, 0x98, 0x0, 0x3, 0x3b, 0x73,
    0x28, 0xa4, 0xba, 0x0, 0x9, 0xbe, 0xdb, 0x9e,
    0x12, 0xe1, 0x0, 0x0, 0xa, 0x50, 0xc, 0xff,
    0xff, 0xd0, 0x3c, 0xcc, 0xcc, 0xb0, 0x1e, 0x22,
    0xd0, 0x3, 0x77, 0x77, 0x37, 0x7f, 0x88, 0xe5,
    0x7, 0x94, 0x4c, 0x55, 0x5f, 0x66, 0xe4, 0x7,
    0xec, 0xce, 0x31, 0x2e, 0x33, 0xd0, 0x7, 0x70,
    0xb, 0x37, 0xcf, 0xcc, 0xd0, 0x7, 0xdb, 0xbe,
    0x30, 0xe, 0x10, 0x30, 0x7, 0x70, 0xb, 0x30,
    0xe, 0x10, 0x0, 0x7, 0x71, 0xdd, 0x15, 0xfc,
    0x0, 0x0, 0x0, 0x0, 0x0, 0x0, 0x0, 0x0,
    0x0,

    /* U+975C "靜" */
    0x0, 0xa, 0x50, 0x0, 0x13, 0x6a, 0x90, 0xa,
    0xae, 0xca, 0x9e, 0xdb, 0x85, 0x20, 0x3, 0x3b,
    0x73, 0x27, 0xc, 0x0, 0xc3, 0x9, 0xbe, 0xdb,
    0x5a, 0x2a, 0x42, 0xd0, 0x0, 0xa, 0x50, 0x4,
    0x32, 0x17, 0x50, 0x3c, 0xcc, 0xcc, 0xb8, 0xdf,
    0xdd, 0xe0, 0x3, 0x77, 0x77, 0x10, 0xe, 0x11,
    0xe0, 0x7, 0x94, 0x4c, 0x9c, 0xcf, 0xdd, 0xf9,
    0x7, 0xec, 0xce, 0x30, 0xe, 0x11, 0xe0, 0x7,
    0x70, 0xb, 0x38, 0xcf, 0xdd, 0xe0, 0x7, 0xdb,
    0xbe, 0x30, 0x1e, 0x21, 0x90, 0x7, 0x70, 0xb,
    0x30, 0xe, 0x10, 0x0, 0x7, 0x71, 0xdd, 0x14,
    0xec, 0x0, 0x0,

    /* U+975E "非" */
    0x0, 0x0, 0x0, 0x0, 0x0, 0x0, 0x0, 0x0,
    0x0, 0xf, 0x0, 0xe2, 0x0, 0x0, 0x0, 0x0,
    0xf, 0x0, 0xe2, 0x0, 0x0, 0xc, 0xdd, 0xdf,
    0x0, 0xed, 0xdd, 0xd1, 0x2, 0x22, 0x3f, 0x0,
    0xe5, 0x22, 0x20, 0x0, 0x0, 0xf, 0x0, 0xe2,
    0x0, 0x0, 0x2, 0x44, 0x4f, 0x0, 0xe5, 0x33,
    0x30, 0x8, 0xbb, 0xcf, 0x0, 0xec, 0xbb, 0xa0,
    0x0, 0x0, 0xf, 0x0, 0xe2, 0x0, 0x0, 0x1,
    0x11, 0x2f, 0x0, 0xe3, 0x11, 0x10, 0x3e, 0xee,
    0xff, 0x0, 0xef, 0xff, 0xf5, 0x0, 0x0, 0xf,
    0x0, 0xe2, 0x0, 0x0, 0x0, 0x0, 0xf, 0x0,
    0xe2, 0x0, 0x0, 0x0, 0x0, 0xf, 0x0, 0xe2,
    0x0, 0x0,

    /* U+9762 "面" */
    0x2f, 0xff, 0xff, 0xff, 0xff, 0xff, 0xf3, 0x0,
    0x0, 0x0, 0xe5, 0x0, 0x0, 0x0, 0x0, 0x0,
    0x1, 0xf1, 0x0, 0x0, 0x0, 0x8, 0xfe, 0xff,
    0xee, 0xff, 0xef, 0x80, 0x8, 0x70, 0x87, 0x0,
    0x96, 0x8, 0x80, 0x8, 0x70, 0x8d, 0xbb, 0xe6,
    0x8, 0x80, 0x8, 0x70, 0x88, 0x11, 0x96, 0x8,
    0x80, 0x8, 0x70, 0x87, 0x0, 0x96, 0x8, 0x80,
    0x8, 0x70, 0x8e, 0xdd, 0xf6, 0x8, 0x80, 0x8,
    0x70, 0x87, 0x0, 0x96, 0x8, 0x80, 0x8, 0xed,
    0xee, 0xdd, 0xee, 0xde, 0x80, 0x8, 0x82, 0x22,
    0x22, 0x22, 0x29, 0x80,

    /* U+97F3 "音" */
    0x0, 0x0, 0x0, 0x0, 0x0, 0x0, 0x0, 0x0,
    0x0, 0x0, 0xb6, 0x0, 0x0, 0x0, 0x4, 0xbb,
    0xbb, 0xde, 0xbb, 0xbb, 0x60, 0x1, 0x37, 0x93,
    0x33, 0x39, 0x93, 0x20, 0x0, 0x3, 0xe0, 0x0,
    0xd, 0x50, 0x0, 0x0, 0x0, 0xe3, 0x0, 0x3e,
    0x0, 0x0, 0x3f, 0xff, 0xff, 0xff, 0xff, 0xff,
    0xf3, 0x0, 0x0, 0x0, 0x0, 0x0, 0x0, 0x0,
    0x0, 0x4f, 0xee, 0xee, 0xee, 0xf7, 0x0, 0x0,
    0x4b, 0x0, 0x0, 0x0, 0xa7, 0x0, 0x0, 0x4f,
    0xdd, 0xdd, 0xdd, 0xf7, 0x0, 0x0, 0x4b, 0x0,
    0x0, 0x0, 0xa7, 0x0, 0x0, 0x4c, 0x11, 0x11,
    0x11, 0xa7, 0x0, 0x0, 0x4f, 0xdd, 0xdd, 0xdd,
    0xe7, 0x0,

    /* U+9802 "頂" */
    0x3f, 0xff, 0xfc, 0xee, 0xef, 0xfe, 0xe8, 0x0,
    0xf, 0x0, 0x0, 0x1f, 0x10, 0x0, 0x0, 0xf,
    0x0, 0x7d, 0xdf, 0xcc, 0xd1, 0x0, 0xf, 0x0,
    0x86, 0x0, 0x0, 0xe1, 0x0, 0xf, 0x0, 0x8e,
    0xcc, 0xcc, 0xf1, 0x0, 0xf, 0x0, 0x86, 0x0,
    0x0, 0xe1, 0x0, 0xf, 0x0, 0x8d, 0xbb, 0xbb,
    0xf1, 0x0, 0xf, 0x0, 0x87, 0x0, 0x0, 0xe1,
    0x0, 0xf, 0x0, 0x88, 0x22, 0x22, 0xe1, 0x0,
    0xf, 0x0, 0x5a, 0xaa, 0xaa, 0xa1, 0x2, 0x2f,
    0x0, 0x3c, 0x80, 0x5c, 0x30, 0xc, 0xd9, 0x1c,
    0xd5, 0x0, 0x4, 0xe7, 0x0, 0x0, 0x2, 0x0,
    0x0, 0x0, 0x11,

    /* U+9806 "順" */
    0xc, 0x3, 0xe, 0x7e, 0xef, 0xfe, 0xe4, 0xc,
    0xc, 0xe, 0x0, 0xb, 0x60, 0x0, 0xc, 0xc,
    0xe, 0xb, 0xbf, 0xcb, 0xb0, 0xc, 0xc, 0xe,
    0xe, 0x0, 0x1, 0xe0, 0xc, 0xc, 0xe, 0xf,
    0x99, 0x9a, 0xe0, 0xd, 0xc, 0xe, 0xe, 0x22,
    0x23, 0xe0, 0xd, 0xc, 0xe, 0xf, 0x77, 0x78,
    0xe0, 0xd, 0xc, 0xe, 0xf, 0x44, 0x45, 0xe0,
    0xd, 0xc, 0xe, 0xf, 0x55, 0x56, 0xe0, 0x2d,
    0xc, 0xe, 0x7, 0x87, 0x78, 0x60, 0x6a, 0x1,
    0xe, 0x5, 0xe1, 0x2e, 0x40, 0x95, 0x0, 0xd,
    0xad, 0x20, 0x3, 0xe4, 0x10, 0x0, 0x0, 0x30,
    0x0, 0x0, 0x21,

    /* U+9808 "須" */
    0x0, 0x2, 0x20, 0x0, 0x0, 0x0, 0x0, 0x0,
    0x4e, 0x4b, 0xee, 0xff, 0xee, 0xe2, 0x8, 0xe4,
    0x0, 0x0, 0x98, 0x0, 0x0, 0x4a, 0x10, 0x1,
    0xdc, 0xed, 0xcd, 0x90, 0x0, 0x3, 0x91, 0xe0,
    0x0, 0x6, 0xa0, 0x0, 0x3e, 0x41, 0xfc, 0xcc,
    0xcd, 0xa0, 0x8, 0xe4, 0x1, 0xe0, 0x0, 0x6,
    0xa0, 0x2a, 0x10, 0x1, 0xfc, 0xcc, 0xcd, 0xa0,
    0x0, 0x1, 0xb3, 0xe0, 0x0, 0x6, 0xa0, 0x0,
    0xb, 0x91, 0xf9, 0x99, 0x9c, 0xa0, 0x1, 0xbb,
    0x0, 0x38, 0x33, 0x73, 0x10, 0x5f, 0x80, 0x5,
    0xda, 0x10, 0x7e, 0x50, 0x24, 0x0, 0x7a, 0x30,
    0x0, 0x2, 0xb2,

    /* U+9810 "預" */
    0x0, 0x0, 0x0, 0x0, 0x0, 0x0, 0x0, 0x4e,
    0xee, 0xfc, 0xce, 0xef, 0xee, 0xe3, 0x1, 0x0,
    0xc3, 0x0, 0x1f, 0x0, 0x0, 0x7, 0xdc, 0x60,
    0x4d, 0xdf, 0xdd, 0xa0, 0x0, 0x2c, 0x90, 0x5a,
    0x0, 0x4, 0xb0, 0x7b, 0xbb, 0xfb, 0x8e, 0xcc,
    0xcd, 0xb0, 0x13, 0x4f, 0x3d, 0x6a, 0x0, 0x4,
    0xb0, 0x0, 0x1e, 0x2a, 0x5e, 0xbb, 0xbd, 0xb0,
    0x0, 0x1e, 0x12, 0x5a, 0x0, 0x4, 0xb0, 0x0,
    0x1e, 0x0, 0x5b, 0x22, 0x25, 0xb0, 0x0, 0x1e,
    0x0, 0x3a, 0xba, 0xbb, 0x80, 0x0, 0x1e, 0x0,
    0x2c, 0x80, 0x6d, 0x30, 0xe, 0xf9, 0x7, 0xc5,
    0x0, 0x3, 0xd2, 0x0, 0x0, 0x0, 0x0, 0x0,
    0x0, 0x0,

    /* U+9813 "頓" */
    0x0, 0xb, 0x30, 0x0, 0x0, 0x0, 0x0, 0x0,
    0xb, 0x30, 0x1f, 0xff, 0xff, 0xf8, 0xb, 0xbe,
    0xcb, 0x70, 0x7, 0x90, 0x0, 0x0, 0xb, 0x30,
    0x7, 0xde, 0xed, 0xd0, 0xc, 0xb, 0x39, 0x48,
    0x60, 0x0, 0xf0, 0xc, 0xb, 0x39, 0x48, 0xdc,
    0xcc, 0xf0, 0xc, 0xb, 0x39, 0x48, 0x60, 0x0,
    0xf0, 0xc, 0x9d, 0xac, 0x48, 0xec, 0xcc, 0xf0,
    0x4, 0x5d, 0x85, 0x18, 0x60, 0x0, 0xf0, 0x0,
    0xb, 0x30, 0x8, 0xdb, 0xbb, 0xf0, 0x0, 0xb,
    0x79, 0x90, 0x95, 0x2a, 0x20, 0x0, 0x1e, 0xd6,
    0x3c, 0xa0, 0x6, 0xd1, 0x0, 0x4, 0x0, 0xa5,
    0x0, 0x0, 0x66,

    /* U+984C "題" */
    0x8, 0xdc, 0xcf, 0x3c, 0xcd, 0xdc, 0xc6, 0x8,
    0x95, 0x5e, 0x11, 0x2a, 0x82, 0x20, 0x8, 0x94,
    0x4e, 0x19, 0xb7, 0x78, 0xe0, 0x8, 0xdc, 0xcf,
    0x19, 0xc9, 0x9a, 0xe0, 0x0, 0x0, 0x0, 0x9,
    0x82, 0x23, 0xe0, 0x4d, 0xdd, 0xdd, 0xc9, 0xdb,
    0xbc, 0xe0, 0x2, 0x29, 0x50, 0x9, 0x60, 0x1,
    0xe0, 0x7, 0x69, 0xca, 0x77, 0xcc, 0xcc, 0xb0,
    0x9, 0x89, 0x72, 0x10, 0x82, 0x1b, 0x20, 0xb,
    0xdc, 0x50, 0x3c, 0x80, 0x3, 0xe2, 0xe, 0x1d,
    0x93, 0x45, 0x0, 0x0, 0x43, 0x59, 0x0, 0x6b,
    0xdd, 0xdd, 0xdd, 0xd7, 0x1, 0x0, 0x0, 0x0,
    0x0, 0x0, 0x0,

    /* U+984D "額" */
    0x0, 0x7, 0x0, 0x0, 0x0, 0x0, 0x0, 0x4,
    0x4c, 0x84, 0x3c, 0xef, 0xfe, 0xe3, 0xe, 0x78,
    0x78, 0xb0, 0x7, 0x70, 0x0, 0xb, 0x5a, 0x22,
    0xa6, 0xdf, 0xed, 0xb0, 0x2, 0xd9, 0xad, 0x6,
    0x80, 0x2, 0xc0, 0xc, 0x73, 0xb4, 0x6, 0xed,
    0xdd, 0xc0, 0x0, 0x3f, 0xd0, 0x6, 0x80, 0x2,
    0xc0, 0x4, 0xd9, 0x8e, 0x46, 0xdb, 0xbc, 0xc0,
    0x3f, 0xa4, 0x39, 0x56, 0x81, 0x14, 0xc0, 0x4,
    0xfd, 0xdf, 0x16, 0x92, 0x25, 0xc0, 0x2, 0xb0,
    0xd, 0x14, 0xbb, 0xbb, 0x90, 0x2, 0xb0, 0xd,
    0x11, 0xa6, 0x3c, 0x20, 0x2, 0xfd, 0xdf, 0x4a,
    0x30, 0x2, 0xc1, 0x0, 0x0, 0x0, 0x0, 0x0,
    0x0, 0x0,

    /* U+984F "顏" */
    0x0, 0x7, 0x20, 0x0, 0x0, 0x0, 0x0, 0x15,
    0x5b, 0xa5, 0x4e, 0xef, 0xfe, 0xe7, 0x19, 0xb7,
    0x9e, 0x60, 0x7, 0x80, 0x0, 0x1, 0x9d, 0xe3,
    0x7, 0xce, 0xec, 0xc0, 0x8, 0xc6, 0x7c, 0x19,
    0x50, 0x0, 0xe0, 0xc, 0xed, 0xde, 0xd9, 0xdc,
    0xcc, 0xf0, 0xd, 0x10, 0x79, 0x9, 0x50, 0x0,
    0xe0, 0xd, 0x5c, 0x60, 0x9, 0xdb, 0xbb, 0xf0,
    0xe, 0x10, 0x19, 0x19, 0x61, 0x11, 0xf0, 0xe,
    0x6, 0xc4, 0x9, 0x71, 0x11, 0xf0, 0xe, 0x27,
    0x4, 0x76, 0xbb, 0xbb, 0xb0, 0x5a, 0x0, 0x7b,
    0x12, 0xd4, 0x1c, 0x30, 0x75, 0x7d, 0x70, 0x8e,
    0x50, 0x3, 0xe4, 0x0, 0x20, 0x0, 0x20, 0x0,
    0x0, 0x10,

    /* U+9858 "願" */
    0xd, 0xfe, 0xff, 0xea, 0xef, 0xfe, 0xe3, 0xd,
    0x0, 0xe0, 0x0, 0x6, 0x90, 0x0, 0xd, 0x4c,
    0xfc, 0xb3, 0xde, 0xed, 0xb0, 0xd, 0x57, 0x0,
    0xe3, 0xa0, 0x0, 0xd0, 0xd, 0x5e, 0xcc, 0xe3,
    0xec, 0xcc, 0xd0, 0xd, 0x57, 0x0, 0xe3, 0xa0,
    0x0, 0xd0, 0xe, 0x4d, 0xbb, 0xe3, 0xeb, 0xbc,
    0xd0, 0xe, 0x1, 0xd2, 0x13, 0xb0, 0x1, 0xd0,
    0x1d, 0x48, 0xc2, 0xa3, 0xb1, 0x12, 0xd0, 0x4b,
    0x84, 0xc0, 0xc4, 0xbb, 0xbb, 0x90, 0x87, 0xa0,
    0xc0, 0x33, 0xb6, 0xc, 0x60, 0x52, 0xa, 0xd0,
    0x2d, 0x50, 0x0, 0xb3, 0x0, 0x0, 0x0, 0x0,
    0x0, 0x0, 0x0,

    /* U+9875 "页" */
    0xf, 0xff, 0xff, 0xff, 0xff, 0xff, 0xf1, 0x0,
    0x0, 0x0, 0xe4, 0x0, 0x0, 0x0, 0x0, 0x11,
    0x14, 0xe1, 0x11, 0x11, 0x0, 0x0, 0x9e, 0xdd,
    0xdd, 0xdd, 0xeb, 0x0, 0x0, 0x97, 0x0, 0x12,
    0x0, 0x5b, 0x0, 0x0, 0x97, 0x0, 0x79, 0x0,
    0x5b, 0x0, 0x0, 0x97, 0x0, 0x79, 0x0, 0x5b,
    0x0, 0x0, 0x97, 0x0, 0x88, 0x0, 0x5b, 0x0,
    0x0, 0x97, 0x0, 0xc6, 0x0, 0x5b, 0x0, 0x0,
    0x43, 0x7, 0xd2, 0xd6, 0x24, 0x0, 0x0, 0x4,
    0xcd, 0x20, 0x2a, 0xe6, 0x0, 0x1b, 0xeb, 0x50,
    0x0, 0x0, 0x2c, 0xb0, 0x3, 0x0, 0x0, 0x0,
    0x0, 0x0, 0x20,

    /* U+9876 "顶" */
    0x29, 0x99, 0x99, 0xce, 0xff, 0xfe, 0xe8, 0x14,
    0x4f, 0x54, 0x0, 0x3d, 0x0, 0x0, 0x0, 0xf,
    0x0, 0x4f, 0xff, 0xff, 0xf0, 0x0, 0xf, 0x0,
    0x4a, 0x2, 0x11, 0xf0, 0x0, 0xf, 0x0, 0x4a,
    0xd, 0x20, 0xf0, 0x0, 0xf, 0x0, 0x4a, 0xd,
    0x20, 0xf0, 0x0, 0xf, 0x0, 0x4a, 0xd, 0x20,
    0xf0, 0x0, 0xf, 0x0, 0x4a, 0xe, 0x10, 0xf0,
    0x0, 0xf, 0x0, 0x36, 0x1e, 0x0, 0xa0, 0x0,
    0xf, 0x0, 0x0, 0x99, 0xb3, 0x0, 0x3, 0x4f,
    0x0, 0x7, 0xd0, 0x5e, 0x60, 0xc, 0xc8, 0x1,
    0xda, 0x10, 0x2, 0xe5, 0x0, 0x0, 0x0, 0x20,
    0x0, 0x0, 0x10,

    /* U+987A "顺" */
    0xc, 0x3, 0xe, 0x4e, 0xef, 0xfe, 0xe6, 0xd,
    0xd, 0xe, 0x0, 0xf, 0x10, 0x0, 0xd, 0xd,
    0xe, 0xa, 0xbe, 0xaa, 0x90, 0xd, 0xd, 0xe,
    0xe, 0x44, 0x45, 0xe0, 0xd, 0xd, 0xe, 0xe,
    0xa, 0x11, 0xe0, 0xd, 0xd, 0xe, 0xe, 0xd,
    0x11, 0xe0, 0xe, 0xd, 0xe, 0xe, 0xd, 0x11,
    0xe0, 0xe, 0xd, 0xe, 0xe, 0xe, 0x11, 0xe0,
    0xe, 0xd, 0xe, 0xd, 0xe, 0x1, 0xc0, 0x2d,
    0xd, 0xe, 0x0, 0x6c, 0xd2, 0x0, 0x6a, 0x1,
    0xe, 0x3, 0xe1, 0x4e, 0x40, 0x95, 0x0, 0xe,
    0x7e, 0x40, 0x3, 0xe2, 0x0, 0x0, 0x0, 0x21,
    0x0, 0x0, 0x20,

    /* U+987B "须" */
    0x0, 0x2, 0x10, 0x0, 0x0, 0x0, 0x0, 0x0,
    0x2e, 0x5a, 0xff, 0xff, 0xff, 0xf1, 0x6, 0xe5,
    0x0, 0x0, 0xb6, 0x0, 0x0, 0x8, 0x20, 0x0,
    0xff, 0xff, 0xff, 0x70, 0x0, 0x4, 0xb0, 0xf0,
    0x0, 0xa, 0x70, 0x0, 0x4e, 0x30, 0xf0, 0x4b,
    0x9, 0x70, 0x8, 0xe3, 0x0, 0xf0, 0x4b, 0x9,
    0x70, 0x7, 0x10, 0x0, 0xf0, 0x4b, 0x9, 0x70,
    0x0, 0x1, 0xc2, 0xf0, 0x5a, 0x9, 0x70, 0x0,
    0xb, 0x90, 0xb0, 0x97, 0x7, 0x50, 0x1, 0xbc,
    0x0, 0x4, 0xd3, 0xd5, 0x0, 0x2e, 0x80, 0x1,
    0x7e, 0x20, 0x2d, 0xa0, 0x3, 0x0, 0xc, 0x81,
    0x0, 0x0, 0xa3,

    /* U+987F "顿" */
    0x0, 0x9, 0x50, 0x0, 0x0, 0x0, 0x0, 0x0,
    0x9, 0x50, 0xe, 0xee, 0xfe, 0xe7, 0x1c, 0xce,
    0xdc, 0x80, 0x6, 0x80, 0x0, 0x0, 0x9, 0x50,
    0x6, 0xdf, 0xed, 0xd0, 0x9, 0x9, 0x54, 0x67,
    0x70, 0x10, 0xe0, 0xc, 0x9, 0x55, 0x77, 0x72,
    0xb0, 0xe0, 0xc, 0x9, 0x55, 0x77, 0x73, 0xb0,
    0xe0, 0xc, 0x2a, 0x66, 0x77, 0x74, 0xa0, 0xe0,
    0x9, 0xce, 0xdc, 0x67, 0x77, 0x70, 0xe0, 0x0,
    0x9, 0x50, 0x14, 0x4b, 0x40, 0x80, 0x0, 0xa,
    0x9b, 0xa0, 0x5d, 0x6a, 0x0, 0x0, 0xe, 0xc4,
    0x6, 0xe2, 0x7, 0xc1, 0x0, 0x4, 0x0, 0x79,
    0x10, 0x0, 0x56,

    /* U+9882 "颂" */
    0x0, 0x20, 0x0, 0x0, 0x0, 0x0, 0x0, 0x4,
    0xc0, 0xe0, 0x9e, 0xef, 0xfe, 0xe2, 0x8, 0x70,
    0xb4, 0x0, 0xe, 0x10, 0x0, 0xe, 0x20, 0x5a,
    0x2f, 0xff, 0xff, 0x90, 0x6b, 0x0, 0x1e, 0x2c,
    0x1, 0x15, 0xa0, 0x83, 0x6a, 0x9, 0x3c, 0xb,
    0x34, 0xa0, 0x0, 0xa5, 0x0, 0x2c, 0xb, 0x34,
    0xa0, 0x0, 0xe1, 0x90, 0x2c, 0xb, 0x34, 0xa0,
    0x5, 0xa0, 0xc3, 0x2c, 0xc, 0x24, 0xa0, 0xb,
    0x40, 0x69, 0x19, 0xe, 0x3, 0x70, 0x4f, 0xbd,
    0xee, 0x0, 0x89, 0xa5, 0x0, 0x48, 0x41, 0xa,
    0x28, 0xd0, 0x1c, 0x80, 0x0, 0x0, 0x0, 0x88,
    0x0, 0x0, 0xa1,

    /* U+9884 "预" */
    0x0, 0x0, 0x0, 0x0, 0x0, 0x0, 0x0, 0xd,
    0xee, 0xff, 0x5e, 0xee, 0xfe, 0xea, 0x0, 0x10,
    0xc7, 0x0, 0x6, 0xa0, 0x0, 0x3, 0xdc, 0x60,
    0xa, 0xef, 0xfe, 0xe2, 0x0, 0x2c, 0x90, 0xb,
    0x51, 0x20, 0xd2, 0x5c, 0xcd, 0xfc, 0x8b, 0x45,
    0xa0, 0xd2, 0x12, 0x3e, 0x2a, 0x6b, 0x45, 0xa0,
    0xd2, 0x0, 0x1e, 0xe, 0xb, 0x45, 0xa0, 0xd2,
    0x0, 0x1e, 0x14, 0xb, 0x46, 0x90, 0xd2, 0x0,
    0x1e, 0x0, 0x8, 0x3a, 0x60, 0x91, 0x0, 0x1e,
    0x0, 0x0, 0x5e, 0x5a, 0x0, 0x0, 0x1e, 0x0,
    0x7, 0xe2, 0x9, 0xc1, 0x8, 0xfa, 0x0, 0xa9,
    0x10, 0x0, 0x87, 0x0, 0x0, 0x0, 0x0, 0x0,
    0x0, 0x0,

    /* U+9898 "题" */
    0x7, 0xec, 0xce, 0x4d, 0xde, 0xed, 0xd8, 0x7,
    0xa4, 0x4c, 0x40, 0x9, 0x60, 0x0, 0x7, 0xa6,
    0x6c, 0x46, 0xdd, 0xdc, 0xd0, 0x7, 0xc8, 0x8d,
    0x46, 0x71, 0x40, 0xe0, 0x1, 0x22, 0x22, 0x6,
    0x73, 0xa0, 0xe0, 0x4d, 0xdd, 0xdd, 0xd6, 0x74,
    0x90, 0xe0, 0x1, 0x37, 0x60, 0x6, 0x77, 0x70,
    0xe0, 0x5, 0x87, 0xca, 0x76, 0x7b, 0x41, 0xd0,
    0x7, 0x97, 0x82, 0x20, 0x5c, 0x5d, 0x20, 0x9,
    0xeb, 0x60, 0x19, 0xd2, 0x4, 0xe3, 0xe, 0x1c,
    0xa3, 0x47, 0x0, 0x0, 0x42, 0x5a, 0x0, 0x6b,
    0xdd, 0xdd, 0xdd, 0xd7, 0x1, 0x0, 0x0, 0x0,
    0x0, 0x0, 0x0,

    /* U+989C "颜" */
    0x0, 0x8, 0x30, 0x0, 0x0, 0x0, 0x0, 0x2,
    0x28, 0x92, 0x2a, 0xdd, 0xfd, 0xd4, 0xb, 0xdb,
    0xbc, 0xb0, 0x6, 0x70, 0x0, 0x0, 0xc2, 0xd,
    0x14, 0x8d, 0xa8, 0x70, 0x8, 0xdc, 0xce, 0xa7,
    0x62, 0x41, 0xe0, 0xb, 0x52, 0x39, 0x47, 0x53,
    0x90, 0xe0, 0xb, 0x35, 0xd7, 0x7, 0x54, 0x80,
    0xe0, 0xc, 0x99, 0x25, 0x37, 0x54, 0x80, 0xe0,
    0xc, 0x21, 0xab, 0x7, 0x57, 0x60, 0xe0, 0xd,
    0x9d, 0x62, 0x57, 0x5a, 0x20, 0xe0, 0xf, 0x20,
    0x3d, 0x40, 0x2d, 0x44, 0x0, 0x4c, 0x4b, 0xc3,
    0x2, 0xc4, 0x1c, 0x70, 0x68, 0x84, 0x0, 0x9c,
    0x40, 0x0, 0xa4, 0x0, 0x0, 0x0, 0x0, 0x0,
    0x0, 0x0,

    /* U+989D "额" */
    0x0, 0x9, 0x10, 0x0, 0x0, 0x0, 0x0, 0x3,
    0x3a, 0x93, 0x2c, 0xef, 0xfe, 0xe3, 0xf, 0xaa,
    0xab, 0xd0, 0x7, 0x70, 0x0, 0xd, 0x29, 0x0,
    0xc3, 0x4c, 0x74, 0x30, 0x0, 0xcd, 0xdf, 0x2a,
    0x96, 0x68, 0xb0, 0xc, 0x70, 0x79, 0xa, 0x34,
    0x62, 0xb0, 0x4, 0x6e, 0xe0, 0xa, 0x36, 0x72,
    0xb0, 0x3, 0xbc, 0xbc, 0x3a, 0x37, 0x72, 0xb0,
    0x2e, 0x81, 0x6, 0x8a, 0x39, 0x52, 0xb0, 0x2,
    0xfc, 0xcf, 0x1a, 0x3c, 0x22, 0xb0, 0x1, 0xc0,
    0xe, 0x10, 0x2d, 0x53, 0x0, 0x1, 0xd1, 0x1e,
    0x11, 0xc3, 0x2c, 0x60, 0x1, 0xfc, 0xcf, 0x5c,
    0x40, 0x0, 0xa3, 0x0, 0x0, 0x0, 0x0, 0x0,
    0x0, 0x0,

    /* U+98D8 "飘" */
    0x1d, 0xde, 0xed, 0xc8, 0xed, 0xde, 0x90, 0x1,
    0x48, 0xa2, 0x18, 0x40, 0x4, 0x90, 0xd, 0xbd,
    0xeb, 0xb8, 0x50, 0x59, 0x90, 0xb, 0x37, 0x91,
    0xb8, 0xa7, 0x87, 0x80, 0xc, 0xcd, 0xec, 0xb9,
    0x5c, 0xc4, 0x80, 0x2, 0x66, 0x66, 0x19, 0x48,
    0xb3, 0x90, 0x2, 0x55, 0x55, 0x1a, 0x36, 0xb3,
    0x90, 0xc, 0xcc, 0xcc, 0xbb, 0x2c, 0xd4, 0x90,
    0x1, 0x57, 0x75, 0xd, 0x3b, 0x78, 0xa0, 0x8,
    0x67, 0x6c, 0x2d, 0xa4, 0x2b, 0xb3, 0x1d, 0x7,
    0x65, 0xb9, 0x90, 0x2, 0xca, 0x2, 0x6d, 0x40,
    0x92, 0x0, 0x0, 0x87, 0x0, 0x0, 0x0, 0x0,
    0x0, 0x0, 0x0,

    /* U+98DB "飛" */
    0x7, 0xff, 0xff, 0xff, 0xff, 0x9, 0x60, 0x0,
    0x0, 0x61, 0x90, 0xc, 0xba, 0x0, 0x6, 0xae,
    0xa3, 0xf0, 0x9, 0xbc, 0xa0, 0x6, 0x7b, 0x0,
    0xf0, 0x4, 0xd0, 0x31, 0x0, 0x4b, 0x0, 0xf0,
    0x0, 0x9c, 0xa4, 0x5f, 0xff, 0xff, 0xff, 0xff,
    0x23, 0x60, 0x0, 0x6a, 0x0, 0xf0, 0xc, 0x3a,
    0x90, 0x0, 0x98, 0x0, 0xf0, 0xa, 0xeb, 0x0,
    0x0, 0xc5, 0x0, 0xf0, 0x8, 0xab, 0xc0, 0x2,
    0xe0, 0x0, 0xf0, 0x4, 0xc0, 0x30, 0xc, 0x80,
    0x0, 0xf0, 0x0, 0xd6, 0x37, 0x4b, 0x0, 0x0,
    0xf0, 0x0, 0x2c, 0xf3, 0x0, 0x0, 0x0, 0x0,
    0x0, 0x0, 0x0,

    /* U+98DE "飞" */
    0x3f, 0xff, 0xff, 0xff, 0xf0, 0x0, 0x0, 0x1,
    0x11, 0x11, 0x11, 0xf1, 0x7, 0x70, 0x0, 0x0,
    0x0, 0x0, 0xf1, 0x6d, 0x10, 0x0, 0x0, 0x0,
    0x0, 0xe9, 0xc1, 0x0, 0x0, 0x0, 0x0, 0x0,
    0xdf, 0x20, 0x0, 0x0, 0x0, 0x0, 0x0, 0xcb,
    0xe6, 0x0, 0x0, 0x0, 0x0, 0x0, 0xa7, 0x2c,
    0xb0, 0x0, 0x0, 0x0, 0x0, 0x79, 0x0, 0x40,
    0x0, 0x0, 0x0, 0x0, 0x4d, 0x0, 0x30, 0x0,
    0x0, 0x0, 0x0, 0xf, 0x30, 0x93, 0x0, 0x0,
    0x0, 0x0, 0x8, 0xd3, 0xd1, 0x0, 0x0, 0x0,
    0x0, 0x0, 0x9e, 0xa0,

    /* U+98DF "食" */
    0x0, 0x0, 0x0, 0x57, 0x0, 0x0, 0x0, 0x0,
    0x0, 0x4, 0xed, 0x40, 0x0, 0x0, 0x0, 0x0,
    0x7c, 0x52, 0xd8, 0x0, 0x0, 0x0, 0x4d, 0xa0,
    0xa6, 0x8, 0xe9, 0x20, 0x2d, 0xdf, 0xed, 0xee,
    0xde, 0xf9, 0xf5, 0x3, 0xf, 0x0, 0x0, 0x1,
    0xf0, 0x0, 0x0, 0xf, 0xdc, 0xcc, 0xcd, 0xf0,
    0x0, 0x0, 0xf, 0x0, 0x0, 0x1, 0xf0, 0x0,
    0x0, 0xf, 0xdd, 0xdd, 0xdd, 0xf4, 0x0, 0x0,
    0xf, 0x0, 0x66, 0x2, 0xc9, 0x0, 0x0, 0xf,
    0x0, 0x19, 0xee, 0x40, 0x0, 0x0, 0xf, 0x68,
    0xb6, 0x2b, 0xc3, 0x0, 0x0, 0x4e, 0xa7, 0x30,
    0x0, 0x5d, 0x10, 0x0, 0x0, 0x0, 0x0, 0x0,
    0x0, 0x0,

    /* U+98FE "飾" */
    0x0, 0x39, 0x0, 0x4, 0x60, 0x0, 0x0, 0x0,
    0xdd, 0x70, 0xa, 0x50, 0x0, 0x0, 0x1c, 0x72,
    0xd7, 0x1f, 0xff, 0xff, 0xf2, 0x88, 0x48, 0x23,
    0xaa, 0xe, 0x10, 0x0, 0xa, 0xdf, 0xc4, 0xf2,
    0xe, 0x10, 0x0, 0xc, 0x20, 0xd1, 0x3f, 0xff,
    0xff, 0xd0, 0xc, 0xdc, 0xf1, 0x1d, 0xe, 0x12,
    0xd0, 0xc, 0x20, 0xd1, 0x1d, 0xe, 0x12, 0xd0,
    0xc, 0xdc, 0xf1, 0x1d, 0xe, 0x12, 0xd0, 0xc,
    0x23, 0x50, 0x1d, 0xe, 0x12, 0xd0, 0xd, 0x27,
    0xd0, 0x1d, 0xe, 0x4d, 0xa0, 0x2f, 0xe7, 0xc4,
    0x2, 0xe, 0x10, 0x0, 0x27, 0x0, 0x10, 0x0,
    0xe, 0x10, 0x0,

    /* U+990A "養" */
    0x0, 0x1, 0x60, 0x0, 0x6, 0x10, 0x0, 0x0,
    0x12, 0xe5, 0x11, 0x5e, 0x21, 0x0, 0x5, 0xbb,
    0xbb, 0xed, 0xbb, 0xbb, 0x40, 0x0, 0x58, 0x88,
    0xfa, 0x88, 0x85, 0x0, 0x0, 0x23, 0x3d, 0x83,
    0x33, 0x32, 0x0, 0x2d, 0xdd, 0xfe, 0xdd, 0xdf,
    0xdd, 0xd2, 0x0, 0xa, 0xc0, 0x97, 0xa, 0xa0,
    0x0, 0x4, 0xde, 0xdb, 0xbb, 0xbd, 0xed, 0x60,
    0x4d, 0x49, 0xb8, 0x88, 0x8b, 0x92, 0xa2, 0x0,
    0x9, 0x93, 0x33, 0x39, 0x90, 0x0, 0x0, 0x9,
    0xca, 0xad, 0xaa, 0x8a, 0x30, 0x0, 0xa, 0x85,
    0x7a, 0xcb, 0xd3, 0x0, 0x0, 0x2f, 0xd8, 0x30,
    0x4, 0xad, 0x40, 0x0, 0x1, 0x0, 0x0, 0x0,
    0x1, 0x10,

    /* U+9918 "餘" */
    0x0, 0x59, 0x0, 0x0, 0x1b, 0x10, 0x0, 0x1,
    0xed, 0x60, 0x0, 0xbd, 0x80, 0x0, 0x2e, 0x62,
    0xd5, 0x2b, 0x80, 0xaa, 0x10, 0xa6, 0x59, 0x14,
    0xe6, 0x0, 0x7, 0xe2, 0xa, 0xdf, 0xc0, 0x3c,
    0xcc, 0xcc, 0x30, 0xc, 0x10, 0xe0, 0x1, 0x1f,
    0x11, 0x0, 0xc, 0xdc, 0xf0, 0x11, 0x1f, 0x11,
    0x10, 0xc, 0x10, 0xe0, 0xcd, 0xdf, 0xdd, 0xd1,
    0xc, 0xdc, 0xf0, 0x3, 0xe, 0x4, 0x0, 0xc,
    0x13, 0x40, 0x78, 0xe, 0xc, 0x30, 0xd, 0x25,
    0xd1, 0xd1, 0xe, 0x4, 0xc0, 0x2f, 0xda, 0xc7,
    0x70, 0xf, 0x0, 0xa1, 0x38, 0x10, 0x10, 0x6,
    0xfb, 0x0, 0x0,

    /* U+9970 "饰" */
    0x2, 0xa0, 0x0, 0xd, 0x10, 0x0, 0x0, 0x6,
    0x90, 0x0, 0x4e, 0x22, 0x22, 0x20, 0xa, 0xec,
    0xc5, 0xbd, 0xdf, 0xdd, 0xd3, 0xe, 0x21, 0xd8,
    0xd0, 0x1e, 0x0, 0x0, 0x5b, 0x3, 0xc4, 0x40,
    0x1e, 0x0, 0x0, 0x94, 0xd2, 0x20, 0xbb, 0xcf,
    0xbb, 0xa0, 0x0, 0xd1, 0x1, 0xe3, 0x5f, 0x34,
    0xe0, 0x0, 0xd1, 0x1, 0xe0, 0x1e, 0x1, 0xe0,
    0x0, 0xd1, 0x1, 0xe0, 0x1e, 0x1, 0xe0, 0x0,
    0xd1, 0x11, 0xe0, 0x1e, 0x1, 0xe0, 0x0, 0xd7,
    0xe2, 0xe0, 0x1e, 0x5e, 0xb0, 0x0, 0xfc, 0x20,
    0x20, 0x1e, 0x1, 0x0, 0x2, 0x90, 0x0, 0x0,
    0x1e, 0x0, 0x0,

    /* U+9971 "饱" */
    0x1, 0x60, 0x0, 0x7, 0x0, 0x0, 0x0, 0x5,
    0xb0, 0x0, 0x5b, 0x0, 0x0, 0x0, 0x9, 0xb6,
    0x61, 0xcf, 0xee, 0xef, 0x40, 0xd, 0x76, 0xf8,
    0xb0, 0x0, 0xb, 0x40, 0x4d, 0x5, 0xad, 0xdd,
    0xdd, 0x1b, 0x30, 0x95, 0xb4, 0x11, 0xe1, 0xd,
    0x1b, 0x30, 0x0, 0xc3, 0x0, 0xe1, 0xd, 0x1c,
    0x30, 0x0, 0xc3, 0x0, 0xe6, 0x5e, 0x1c, 0x20,
    0x0, 0xc3, 0x0, 0xea, 0x9b, 0x3e, 0x10, 0x0,
    0xc3, 0x10, 0xe1, 0x6, 0xb7, 0x0, 0x0, 0xc8,
    0xc0, 0xe1, 0x0, 0x0, 0x70, 0x0, 0xed, 0x10,
    0xe2, 0x0, 0x1, 0xe0, 0x3, 0xc0, 0x0, 0x8f,
    0xfe, 0xef, 0x80, 0x0, 0x0, 0x0, 0x0, 0x0,
    0x0, 0x0,

    /* U+9996 "首" */
    0x0, 0x5, 0x90, 0x0, 0x4, 0xb0, 0x0, 0x0,
    0x0, 0xd5, 0x0, 0xd, 0x50, 0x0, 0x1e, 0xee,
    0xff, 0xee, 0xff, 0xee, 0xe6, 0x0, 0x0, 0x0,
    0x9a, 0x0, 0x0, 0x0, 0x0, 0x5c, 0xcc, 0xfd,
    0xcc, 0xca, 0x0, 0x0, 0x7a, 0x22, 0x22, 0x22,
    0x6d, 0x0, 0x0, 0x78, 0x0, 0x0, 0x0, 0x4d,
    0x0, 0x0, 0x7e, 0xdd, 0xdd, 0xdd, 0xed, 0x0,
    0x0, 0x78, 0x0, 0x0, 0x0, 0x4d, 0x0, 0x0,
    0x7e, 0xdd, 0xdd, 0xdd, 0xed, 0x0, 0x0, 0x78,
    0x0, 0x0, 0x0, 0x4d, 0x0, 0x0, 0x7e, 0xdd,
    0xdd, 0xdd, 0xdd, 0x0, 0x0, 0x79, 0x11, 0x11,
    0x11, 0x5d, 0x0,

    /* U+9999 "香" */
    0x0, 0x0, 0x0, 0x2, 0x47, 0xa2, 0x0, 0x0,
    0xac, 0xde, 0xfe, 0xa8, 0x51, 0x0, 0x0, 0x21,
    0x0, 0x88, 0x0, 0x0, 0x0, 0x2c, 0xcc, 0xcc,
    0xee, 0xcc, 0xcc, 0xc2, 0x2, 0x22, 0x5e, 0xcc,
    0xe5, 0x22, 0x20, 0x0, 0x2, 0xe4, 0x88, 0x4e,
    0x40, 0x0, 0x0, 0x6e, 0x50, 0x88, 0x3, 0xe8,
    0x10, 0x2d, 0xe6, 0x33, 0x66, 0x33, 0x4a, 0xf3,
    0x6, 0x2f, 0xaa, 0xaa, 0xaa, 0xe5, 0x30, 0x0,
    0x1e, 0x11, 0x11, 0x11, 0xc5, 0x0, 0x0, 0x1f,
    0xaa, 0xaa, 0xaa, 0xe5, 0x0, 0x0, 0x1e, 0x0,
    0x0, 0x0, 0xb5, 0x0, 0x0, 0x1f, 0xcc, 0xcc,
    0xcc, 0xe5, 0x0,

    /* U+99D0 "駐" */
    0x0, 0x0, 0x0, 0x0, 0x33, 0x0, 0x0, 0xd,
    0xdf, 0xed, 0x20, 0x3d, 0x0, 0x0, 0xd, 0xc,
    0x10, 0x0, 0x8, 0x20, 0x0, 0xd, 0xdf, 0xdb,
    0x5f, 0xff, 0xff, 0xe0, 0xd, 0xc, 0x10, 0x0,
    0xe, 0x10, 0x0, 0xd, 0xdf, 0xdc, 0x0, 0xe,
    0x10, 0x0, 0xd, 0xc, 0x10, 0x0, 0xe, 0x20,
    0x0, 0xd, 0xdf, 0xed, 0x4d, 0xdf, 0xed, 0x80,
    0x0, 0x1, 0x3a, 0x40, 0xe, 0x10, 0x0, 0x19,
    0x88, 0xab, 0x30, 0xe, 0x10, 0x0, 0x36, 0x89,
    0x5e, 0x10, 0xe, 0x10, 0x0, 0x73, 0x73, 0xe,
    0x0, 0xe, 0x20, 0x0, 0x10, 0xa, 0xd8, 0x8d,
    0xdd, 0xdd, 0xd2, 0x0, 0x0, 0x0, 0x0, 0x0,
    0x0, 0x0,

    /* U+9A45 "驅" */
    0xc, 0xde, 0xdb, 0x7e, 0xdd, 0xdd, 0xd4, 0xd,
    0xd, 0x0, 0x77, 0x16, 0x66, 0x20, 0xd, 0xdf,
    0xd8, 0x77, 0x3b, 0x38, 0x60, 0xd, 0xd, 0x0,
    0x77, 0x3a, 0x6, 0x60, 0xd, 0xdf, 0xd8, 0x77,
    0x2c, 0xbc, 0x50, 0xd, 0xd, 0x0, 0x77, 0x55,
    0x15, 0x50, 0xd, 0xef, 0xed, 0x77, 0xb8, 0x5b,
    0xa1, 0x1, 0x3, 0xd, 0x77, 0x95, 0x58, 0x71,
    0x19, 0xa7, 0x7d, 0x77, 0x95, 0x58, 0x71, 0x46,
    0x88, 0x6c, 0x77, 0xbb, 0x4b, 0xb1, 0x72, 0x63,
    0x3a, 0x78, 0x11, 0x11, 0x10, 0x0, 0x7, 0xd5,
    0x5b, 0xbb, 0xbb, 0xb5, 0x0, 0x0, 0x0, 0x0,
    0x0, 0x0, 0x0,

    /* U+9A57 "驗" */
    0x0, 0x0, 0x0, 0x0, 0x9, 0x30, 0x0, 0xd,
    0xdf, 0xdb, 0x0, 0xae, 0xc1, 0x0, 0xd, 0x1d,
    0x10, 0x1b, 0xb0, 0x3c, 0x60, 0xd, 0xaf, 0xa7,
    0xeb, 0xdd, 0xdd, 0xa7, 0xd, 0xd, 0x0, 0x0,
    0x0, 0x0, 0x0, 0xd, 0xdf, 0xd7, 0x5b, 0xb5,
    0xab, 0xb0, 0xd, 0xd, 0x0, 0x75, 0x56, 0xb0,
    0xc0, 0xd, 0x9f, 0x98, 0x75, 0x56, 0xb0, 0xc0,
    0x4, 0x57, 0x5d, 0x5b, 0xb5, 0xab, 0xb0, 0x19,
    0x98, 0x6c, 0x7, 0x50, 0xd, 0x0, 0x36, 0x88,
    0x7b, 0xe, 0x90, 0x5d, 0x0, 0x72, 0x51, 0x3a,
    0x89, 0x99, 0xdb, 0xc1, 0x0, 0x8, 0xd8, 0xb0,
    0x6, 0x80, 0x63, 0x0, 0x0, 0x0, 0x0, 0x0,
    0x0, 0x0,

    /* U+9A5A "驚" */
    0x0, 0x66, 0xd, 0x0, 0x49, 0x0, 0x0, 0x6,
    0xc8, 0x5b, 0x64, 0xde, 0xcc, 0xb3, 0x6, 0xea,
    0xaa, 0xcd, 0xe5, 0x1d, 0x0, 0x2c, 0xa8, 0x91,
    0xc4, 0x1d, 0xc4, 0x0, 0x1, 0xc5, 0xb2, 0xe3,
    0x9d, 0xbc, 0x60, 0x0, 0x44, 0x5c, 0x87, 0x61,
    0x13, 0x93, 0x0, 0x5d, 0x99, 0xbd, 0x99, 0x97,
    0x0, 0x0, 0x5d, 0x99, 0xbd, 0x99, 0x92, 0x0,
    0x0, 0x5c, 0x55, 0x9c, 0x55, 0x51, 0x0, 0x0,
    0x5b, 0x44, 0x8b, 0x44, 0x41, 0x0, 0x0, 0x4b,
    0xbb, 0xbb, 0xbb, 0xbc, 0xc0, 0x2, 0xe1, 0x92,
    0x38, 0xc, 0x15, 0xa0, 0xc, 0x40, 0x74, 0x7,
    0x2, 0xcd, 0x40,

    /* U+9A71 "驱" */
    0x0, 0x0, 0x0, 0x0, 0x0, 0x0, 0x0, 0x1e,
    0xee, 0xf1, 0xef, 0xff, 0xff, 0xd0, 0x0, 0x0,
    0xe0, 0xe1, 0x0, 0x0, 0x0, 0xa, 0x30, 0xe0,
    0xe3, 0x40, 0xb, 0x20, 0xb, 0x21, 0xd0, 0xe2,
    0xd2, 0x3d, 0x0, 0xd, 0x12, 0xc0, 0xe1, 0x4d,
    0x96, 0x0, 0xe, 0x4, 0xa0, 0xe1, 0x9, 0xf0,
    0x0, 0xd, 0xdd, 0xe9, 0xe1, 0x9, 0xf3, 0x0,
    0x0, 0x0, 0x57, 0xe1, 0x2e, 0x5d, 0x0, 0x2,
    0x6a, 0x76, 0xe2, 0xd6, 0xb, 0x60, 0x8b, 0x72,
    0x84, 0xe6, 0xa0, 0x2, 0x60, 0x0, 0x0, 0xc2,
    0xe4, 0x33, 0x33, 0x30, 0x0, 0xcd, 0xa0, 0xab,
    0xbb, 0xbb, 0xb1, 0x0, 0x0, 0x0, 0x0, 0x0,
    0x0, 0x0,

    /* U+9A7B "驻" */
    0x0, 0x0, 0x0, 0x0, 0x41, 0x0, 0x0, 0x2e,
    0xee, 0xf1, 0x0, 0x7a, 0x0, 0x0, 0x0, 0x0,
    0xd0, 0x0, 0x1c, 0x0, 0x0, 0xa, 0x30, 0xe2,
    0xee, 0xef, 0xee, 0xd0, 0xb, 0x20, 0xd0, 0x0,
    0x1e, 0x0, 0x0, 0xd, 0x2, 0xc0, 0x0, 0x1e,
    0x0, 0x0, 0xe, 0x26, 0xb1, 0x0, 0x1e, 0x0,
    0x0, 0xa, 0xaa, 0xc9, 0xde, 0xef, 0xee, 0x70,
    0x0, 0x0, 0x58, 0x0, 0x1e, 0x0, 0x0, 0x3,
    0x7b, 0x87, 0x0, 0x1e, 0x0, 0x0, 0x8c, 0x73,
    0x95, 0x0, 0x1e, 0x0, 0x0, 0x0, 0x0, 0xc3,
    0x0, 0x2e, 0x0, 0x0, 0x0, 0xcd, 0xa6, 0xdd,
    0xdd, 0xdd, 0xd3, 0x0, 0x0, 0x0, 0x0, 0x0,
    0x0, 0x0,

    /* U+9A8C "验" */
    0x0, 0x0, 0x0, 0x0, 0x27, 0x0, 0x0, 0x3e,
    0xee, 0xf3, 0x0, 0xbd, 0x0, 0x0, 0x0, 0x0,
    0xc2, 0x4, 0xc9, 0xa0, 0x0, 0xa, 0x30, 0xe0,
    0x2d, 0x20, 0xb9, 0x0, 0xb, 0x20, 0xe2, 0xe8,
    0x33, 0x4c, 0xb0, 0xd, 0x1, 0xe6, 0x59, 0xbb,
    0xb3, 0x90, 0xe, 0x2, 0xc0, 0x0, 0x12, 0x0,
    0x0, 0xd, 0xdd, 0xdc, 0x75, 0x2b, 0x6, 0x90,
    0x0, 0x0, 0x3b, 0x3a, 0xe, 0xc, 0x20, 0x25,
    0x9b, 0x7a, 0xd, 0xb, 0x4b, 0x0, 0x56, 0x30,
    0x68, 0x1, 0x0, 0xc2, 0x0, 0x0, 0x0, 0xa5,
    0xab, 0xbb, 0xfb, 0xa0, 0x0, 0xcd, 0xc1, 0x33,
    0x33, 0x33, 0x30, 0x0, 0x0, 0x0, 0x0, 0x0,
    0x0, 0x0,

    /* U+9AD4 "體" */
    0x0, 0x0, 0x0, 0xb, 0x1d, 0x0, 0x4, 0xed,
    0xee, 0x6, 0xd7, 0xe7, 0x60, 0x4d, 0xb1, 0xe1,
    0xaa, 0x5c, 0x3e, 0x4, 0x7a, 0x1e, 0x1d, 0xda,
    0xe9, 0xf0, 0xdd, 0xec, 0xf9, 0xbb, 0x7d, 0x6e,
    0xd, 0x0, 0x3, 0xb5, 0x55, 0x55, 0x50, 0x6f,
    0xee, 0xe5, 0xee, 0xee, 0xee, 0x53, 0x90, 0x2e,
    0x2, 0x33, 0x33, 0x20, 0x3e, 0xbc, 0xe0, 0xc7,
    0x77, 0xaa, 0x3, 0x90, 0x2e, 0xb, 0x22, 0x27,
    0xa0, 0x3e, 0xcc, 0xe0, 0x7b, 0x89, 0xd6, 0x3,
    0x90, 0x3e, 0x13, 0xc0, 0x5b, 0x0, 0x39, 0x4d,
    0x87, 0xff, 0xde, 0xec, 0x60,

    /* U+9AD8 "高" */
    0x0, 0x0, 0x0, 0x95, 0x0, 0x0, 0x0, 0x17,
    0x77, 0x77, 0xbd, 0x77, 0x77, 0x70, 0x17, 0x77,
    0x77, 0x77, 0x77, 0x77, 0x70, 0x0, 0xc, 0xcc,
    0xcc, 0xcc, 0xc2, 0x0, 0x0, 0xf, 0x0, 0x0,
    0x0, 0xe2, 0x0, 0x0, 0xf, 0xaa, 0xaa, 0xaa,
    0xf2, 0x0, 0x0, 0x2, 0x22, 0x22, 0x22, 0x20,
    0x0, 0xa, 0xee, 0xee, 0xee, 0xee, 0xee, 0xa0,
    0xa, 0x50, 0x11, 0x11, 0x11, 0x5, 0xa0, 0xa,
    0x50, 0xfb, 0xbb, 0xbe, 0x5, 0xa0, 0xa, 0x50,
    0xe0, 0x0, 0xe, 0x5, 0xa0, 0xa, 0x50, 0xfc,
    0xcc, 0xcb, 0x6, 0xa0, 0xa, 0x50, 0x70, 0x0,
    0x0, 0xad, 0x60,

    /* U+9AEB "髫" */
    0x0, 0x0, 0x0, 0x0, 0x0, 0x6, 0x20, 0x0,
    0xea, 0xaa, 0xa4, 0x49, 0xc6, 0x0, 0x0, 0xe9,
    0x99, 0x70, 0x63, 0x19, 0x80, 0x0, 0xe9, 0x88,
    0x70, 0x3a, 0xc5, 0x0, 0xa, 0xfb, 0xaa, 0xa9,
    0x33, 0x3, 0xc2, 0x3, 0xc7, 0x4a, 0x80, 0x27,
    0xbb, 0x20, 0x6, 0x97, 0x64, 0x81, 0x96, 0x10,
    0x0, 0x8, 0xcc, 0xcf, 0xcc, 0xcc, 0xcf, 0x40,
    0x0, 0x1, 0xa7, 0x0, 0x33, 0x3e, 0x10, 0x9,
    0xcc, 0x50, 0x0, 0x58, 0x84, 0x0, 0x4, 0x7e,
    0xcc, 0xcc, 0xcc, 0xce, 0x0, 0x0, 0x59, 0x0,
    0x0, 0x0, 0x1e, 0x0, 0x0, 0x5e, 0xbb, 0xbb,
    0xbb, 0xce, 0x0,

    /* U+9AEE "髮" */
    0x0, 0x0, 0x0, 0x0, 0x0, 0x2, 0x0, 0x0,
    0xda, 0x99, 0x93, 0x4, 0xba, 0x10, 0x0, 0xd9,
    0x99, 0x90, 0x88, 0x33, 0x40, 0x0, 0xd9, 0x88,
    0x80, 0x16, 0xba, 0x20, 0xa, 0xdd, 0xac, 0xb9,
    0x46, 0x12, 0xa0, 0x2, 0xd6, 0x4a, 0xc0, 0x37,
    0xcb, 0x20, 0x7, 0x98, 0x6b, 0x83, 0xac, 0x20,
    0x0, 0x16, 0x66, 0x8f, 0x66, 0x7c, 0xd6, 0x61,
    0x15, 0x56, 0xe9, 0x55, 0x55, 0x55, 0x51, 0x0,
    0x5, 0xfc, 0xbb, 0xbb, 0xb1, 0x0, 0x0, 0x2e,
    0x5b, 0x50, 0x3c, 0x70, 0x0, 0x4, 0xe6, 0x3,
    0xde, 0xf7, 0x10, 0x0, 0x2e, 0x4a, 0xda, 0x62,
    0x49, 0xcd, 0xb0, 0x0, 0x0, 0x0, 0x0, 0x0,
    0x0, 0x0,

    /* U+9C81 "鲁" */
    0x0, 0x0, 0xc3, 0x0, 0x0, 0x0, 0x0, 0x0,
    0xbc, 0xbb, 0xcf, 0x20, 0x0, 0x2, 0xce, 0x66,
    0x6b, 0xd6, 0x64, 0x3, 0xee, 0x85, 0x5b, 0xa5,
    0x58, 0xa0, 0x2, 0xac, 0xaa, 0xdd, 0xaa, 0xca,
    0x0, 0xa, 0x84, 0x4a, 0x94, 0x48, 0xa0, 0x0,
    0x46, 0x66, 0x66, 0x66, 0x64, 0x0, 0xbb, 0xbb,
    0xbb, 0xbb, 0xbb, 0xbb, 0x0, 0x2a, 0xaa, 0xaa,
    0xaa, 0xa2, 0x0, 0x3, 0xd2, 0x22, 0x22, 0x2d,
    0x30, 0x0, 0x3f, 0xbb, 0xbb, 0xbb, 0xf3, 0x0,
    0x3, 0xc0, 0x0, 0x0, 0xc, 0x30, 0x0, 0x3f,
    0xcc, 0xcc, 0xcc, 0xe3, 0x0,

    /* U+9CE5 "鳥" */
    0x0, 0x0, 0x0, 0x79, 0x0, 0x0, 0x0, 0x0,
    0x3c, 0xcc, 0xfd, 0xcc, 0xc9, 0x0, 0x0, 0x4c,
    0x0, 0x0, 0x0, 0x4b, 0x0, 0x0, 0x4e, 0xbb,
    0xbb, 0xbb, 0xcb, 0x0, 0x0, 0x4c, 0x0, 0x0,
    0x0, 0x4b, 0x0, 0x0, 0x4f, 0xcc, 0xcc, 0xcc,
    0xc9, 0x0, 0x0, 0x4d, 0x55, 0x55, 0x55, 0x55,
    0x52, 0x0, 0x4d, 0x55, 0x55, 0x55, 0x55, 0x52,
    0x0, 0x4f, 0xcc, 0xcc, 0xcc, 0xcc, 0xc1, 0x0,
    0x40, 0x10, 0x12, 0x7, 0x0, 0xd0, 0x1, 0xe0,
    0xa4, 0x2c, 0xa, 0x60, 0xd0, 0x8, 0x90, 0x77,
    0xd, 0x11, 0x42, 0xc0, 0xa, 0x0, 0x33, 0x1,
    0x2, 0xdd, 0x60,

    /* U+9D6C "鵬" */
    0x0, 0x0, 0x0, 0x0, 0x0, 0x90, 0x0, 0xc,
    0xdd, 0x8e, 0xf1, 0x58, 0xe5, 0x50, 0xc, 0xc,
    0x83, 0xc3, 0xd5, 0x55, 0xe0, 0xc, 0xc, 0x83,
    0xc3, 0xeb, 0xbb, 0xe0, 0xc, 0xad, 0x8c, 0xe3,
    0xc0, 0x0, 0xe0, 0xc, 0x3c, 0x86, 0xd3, 0xfc,
    0xcc, 0xa0, 0xc, 0xc, 0x83, 0xc3, 0xd6, 0x66,
    0x63, 0xc, 0x5c, 0x97, 0xd3, 0xd4, 0x44, 0x42,
    0xd, 0x7c, 0x98, 0xe2, 0xdc, 0xcc, 0xd6, 0xb,
    0xc, 0xa1, 0xc2, 0x20, 0x25, 0x55, 0x1b, 0xc,
    0xb0, 0xc6, 0x69, 0xa4, 0xc4, 0x57, 0xc, 0xb0,
    0xca, 0x39, 0x52, 0x92, 0x73, 0xbb, 0x88, 0xb7,
    0x2, 0x3b, 0xb0, 0x0, 0x0, 0x0, 0x0, 0x0,
    0x0, 0x0,

    /* U+9DC7 "鷇" */
    0x0, 0x9, 0x40, 0x0, 0x0, 0x0, 0x0, 0x5b,
    0xbe, 0xcb, 0xb0, 0xcd, 0xdd, 0x0, 0x8, 0xac,
    0xba, 0x40, 0xc1, 0xd, 0x0, 0x39, 0x99, 0x99,
    0x90, 0xd0, 0xd, 0x0, 0x57, 0x77, 0x75, 0xc3,
    0xc0, 0xd, 0x81, 0x12, 0x5e, 0x54, 0x23, 0x30,
    0x2, 0x40, 0xb, 0x98, 0x8c, 0x44, 0xcc, 0xcd,
    0x60, 0xb, 0x98, 0x8c, 0x40, 0xb0, 0xa, 0x30,
    0xb, 0xa9, 0x9a, 0x30, 0x86, 0x3e, 0x0, 0xb,
    0xa9, 0x99, 0x94, 0x1d, 0xb5, 0x0, 0xa, 0xa9,
    0xaa, 0xa0, 0xb, 0xe0, 0x0, 0x9, 0x65, 0x66,
    0xc1, 0xaa, 0x7d, 0x30, 0x15, 0x32, 0x5a, 0x8b,
    0x70, 0x3, 0xb2, 0x0, 0x0, 0x0, 0x0, 0x0,
    0x0, 0x0,

    /* U+9DD9 "鷙" */
    0x0, 0x7, 0x70, 0x0, 0xd, 0x0, 0x0, 0x5,
    0xbd, 0xdb, 0x55, 0xbf, 0xbb, 0x0, 0x26, 0xc6,
    0x6d, 0x61, 0x2c, 0xc, 0x0, 0x6, 0xcb, 0xac,
    0x53, 0xdb, 0xc, 0x10, 0x17, 0x7b, 0xb7, 0x62,
    0xd7, 0x8a, 0x57, 0x1, 0x16, 0x63, 0xc8, 0x20,
    0x3, 0xd3, 0x0, 0x3e, 0x99, 0x99, 0x99, 0xd5,
    0x0, 0x0, 0x3e, 0x88, 0x88, 0x88, 0xd5, 0x0,
    0x0, 0x3e, 0x99, 0x99, 0x99, 0xb4, 0x0, 0x0,
    0x3e, 0x99, 0x99, 0x99, 0x99, 0x92, 0x0, 0x3e,
    0x99, 0x99, 0x99, 0x99, 0x50, 0x2, 0xb0, 0x62,
    0x45, 0x1a, 0x7, 0x70, 0xb, 0x30, 0x64, 0x17,
    0x3, 0xad, 0x20, 0x0, 0x0, 0x0, 0x0, 0x0,
    0x0, 0x0,

    /* U+9DF2 "鷲" */
    0x0, 0x0, 0x0, 0x0, 0x0, 0x0, 0x0, 0x0,
    0x7, 0x70, 0x0, 0xa, 0x3a, 0x10, 0xa, 0xaa,
    0xaa, 0xa5, 0x5d, 0x69, 0x90, 0x4, 0xb9, 0x9a,
    0x85, 0x7e, 0x87, 0x71, 0x5, 0xc8, 0x8a, 0xa0,
    0x59, 0xe0, 0x0, 0x3, 0x94, 0x88, 0x32, 0xd2,
    0xe3, 0x86, 0x9, 0x19, 0x41, 0xc9, 0x30, 0x58,
    0x81, 0x0, 0x2e, 0x99, 0x99, 0x99, 0xd4, 0x0,
    0x0, 0x2e, 0x88, 0x88, 0x88, 0xd4, 0x0, 0x0,
    0x2f, 0x99, 0x99, 0x99, 0xb3, 0x0, 0x0, 0x2f,
    0x99, 0x99, 0x99, 0x99, 0x92, 0x0, 0x2f, 0x99,
    0x99, 0x99, 0x99, 0x40, 0x2, 0xc1, 0x63, 0x36,
    0x29, 0xa, 0x50, 0xa, 0x30, 0x54, 0x6, 0x5,
    0xad, 0x10, 0x0, 0x0, 0x0, 0x0, 0x0, 0x0,
    0x0,

    /* U+9E1F "鸟" */
    0x0, 0x0, 0x0, 0x72, 0x0, 0x0, 0x0, 0x1,
    0x33, 0x5f, 0x33, 0x33, 0x10, 0x0, 0x6e, 0xcc,
    0xcc, 0xcc, 0xe5, 0x0, 0x6, 0x91, 0x60, 0x0,
    0xc, 0x30, 0x0, 0x69, 0x8, 0xd6, 0x0, 0xe1,
    0x0, 0x6, 0x90, 0x1, 0x66, 0xbc, 0x0, 0x0,
    0x69, 0x0, 0x0, 0x23, 0x0, 0x0, 0x6, 0xff,
    0xff, 0xff, 0xff, 0xfd, 0x0, 0x0, 0x0, 0x0,
    0x0, 0x4, 0xc4, 0xdd, 0xdd, 0xdd, 0xdd, 0xd2,
    0x5a, 0x1, 0x11, 0x11, 0x11, 0x11, 0x7, 0x80,
    0x0, 0x0, 0x0, 0x0, 0x0, 0xc5, 0x0, 0x0,
    0x0, 0x0, 0x1e, 0xeb, 0x0, 0x0, 0x0, 0x0,
    0x0, 0x0, 0x0,

    /* U+9E37 "鸷" */
    0x0, 0xc, 0x10, 0x0, 0xa4, 0x0, 0x0, 0xd,
    0xdf, 0xdc, 0x7c, 0xfd, 0xca, 0x0, 0x0, 0xd,
    0x55, 0x11, 0xe0, 0x1d, 0x0, 0x1a, 0xdf, 0xb7,
    0x3d, 0xe0, 0x1d, 0x0, 0x3, 0xd, 0x10, 0x3d,
    0x9d, 0x2e, 0x67, 0x3, 0xca, 0x9, 0x93, 0x2,
    0x5, 0xa2, 0x0, 0x4d, 0xdf, 0xcc, 0xcc, 0xd1,
    0x0, 0x0, 0x49, 0xa, 0x70, 0x0, 0xd0, 0x0,
    0x0, 0x49, 0x0, 0x6a, 0x4a, 0x60, 0x0, 0x0,
    0x4e, 0xcc, 0xcc, 0xcc, 0xcc, 0xa0, 0x0, 0x0,
    0x0, 0x0, 0x0, 0x4, 0xa0, 0x3c, 0xcc, 0xcc,
    0xcc, 0xcc, 0x16, 0x80, 0x0, 0x0, 0x0, 0x0,
    0x9, 0xcd, 0x30, 0x0, 0x0, 0x0, 0x0, 0x0,
    0x0, 0x0,

    /* U+9E4F "鹏" */
    0x0, 0x0, 0x0, 0x0, 0x2, 0x40, 0x0, 0xd,
    0xde, 0x4e, 0xda, 0x19, 0x72, 0x10, 0xc, 0xc,
    0x48, 0x2a, 0x9c, 0xab, 0xa0, 0xc, 0xc, 0x48,
    0x2a, 0x99, 0x63, 0x90, 0xd, 0xde, 0x4e, 0xea,
    0x94, 0x98, 0x80, 0xc, 0xc, 0x48, 0x2a, 0x93,
    0x4a, 0x60, 0xc, 0xc, 0x48, 0x2a, 0x93, 0x45,
    0x0, 0xd, 0xce, 0x5e, 0xda, 0x9d, 0xdd, 0xd1,
    0xc, 0xc, 0x57, 0x3a, 0x0, 0x0, 0xc1, 0xb,
    0xc, 0x66, 0x2a, 0xbb, 0xb8, 0xd0, 0x1b, 0xc,
    0x84, 0x2a, 0x22, 0x21, 0xe0, 0x48, 0xc, 0xc1,
    0x2a, 0x0, 0x1, 0xd0, 0x65, 0xa9, 0xc4, 0xc8,
    0x0, 0xad, 0x70, 0x0, 0x0, 0x0, 0x0, 0x0,
    0x0, 0x0,

    /* U+9E6B "鹫" */
    0x0, 0x0, 0x0, 0x0, 0x0, 0x0, 0x0, 0x0,
    0x7, 0x60, 0x0, 0xa, 0x39, 0x20, 0x1a, 0xaa,
    0xaa, 0xa4, 0x3c, 0x57, 0xa0, 0x5, 0xb8, 0x8a,
    0x84, 0x7f, 0x97, 0x70, 0x4, 0xa9, 0xaa, 0x70,
    0x5e, 0xa0, 0x40, 0x4, 0x85, 0x8a, 0x36, 0xe5,
    0xc4, 0xc0, 0x9, 0x3a, 0x41, 0xb6, 0x10, 0x57,
    0x40, 0x0, 0x4e, 0xcc, 0xdc, 0xcc, 0xe2, 0x0,
    0x0, 0x5a, 0x8, 0x91, 0x11, 0xd1, 0x0, 0x0,
    0x5a, 0x0, 0x4a, 0x39, 0x60, 0x0, 0x0, 0x4d,
    0xcc, 0xcc, 0xcc, 0xcd, 0xc0, 0x0, 0x0, 0x0,
    0x0, 0x0, 0x4, 0xc0, 0x2c, 0xcc, 0xcc, 0xcc,
    0xcc, 0x27, 0x90, 0x0, 0x0, 0x0, 0x0, 0x9,
    0xcd, 0x40, 0x0, 0x0, 0x0, 0x0, 0x0, 0x0,
    0x0,

    /* U+9E97 "麗" */
    0xa, 0xbb, 0xbb, 0x86, 0xbb, 0xbb, 0xb3, 0x6,
    0xca, 0xac, 0x51, 0xda, 0xaa, 0xc0, 0x6, 0x79,
    0x38, 0x61, 0xd4, 0x81, 0xd0, 0x4, 0x51, 0x45,
    0xba, 0x90, 0x51, 0x90, 0x6, 0xda, 0xbf, 0xaa,
    0xdd, 0xaa, 0xa2, 0x6, 0xda, 0xaf, 0xaa, 0xdc,
    0xaa, 0x80, 0x6, 0x91, 0x2d, 0x11, 0x88, 0x13,
    0xd0, 0x8, 0xec, 0xdf, 0xcc, 0xee, 0xcc, 0xd0,
    0x9, 0x67, 0x80, 0x0, 0xb3, 0x5, 0x60, 0xc,
    0x37, 0xdb, 0xb6, 0xbc, 0xb7, 0x30, 0x1e, 0x8,
    0x81, 0x32, 0xb4, 0x0, 0x49, 0x67, 0xe, 0xdb,
    0x94, 0x8d, 0xcc, 0xd4, 0x0, 0x0, 0x0, 0x0,
    0x0, 0x0, 0x0,

    /* U+9EC3 "黃" */
    0x0, 0x0, 0xc3, 0x0, 0xc, 0x30, 0x0, 0x5,
    0xdd, 0xfd, 0xdd, 0xdf, 0xdd, 0xb0, 0x0, 0x0,
    0xc3, 0x0, 0xc, 0x30, 0x0, 0x0, 0x0, 0xbc,
    0xcc, 0xce, 0x30, 0x0, 0x6, 0x66, 0x66, 0x66,
    0x66, 0x66, 0x63, 0x7, 0x77, 0x77, 0xad, 0x77,
    0x77, 0x73, 0x0, 0x5c, 0xcc, 0xde, 0xcc, 0xcc,
    0x0, 0x0, 0x78, 0x0, 0x5a, 0x0, 0xf, 0x0,
    0x0, 0x7e, 0xbb, 0xde, 0xbb, 0xcf, 0x0, 0x0,
    0x78, 0x0, 0x5a, 0x0, 0xf, 0x0, 0x0, 0x6d,
    0xdc, 0xcd, 0xcd, 0xcd, 0x0, 0x0, 0x28, 0xe5,
    0x0, 0x1c, 0xc6, 0x10, 0xc, 0xc7, 0x10, 0x0,
    0x0, 0x29, 0xe3, 0x0, 0x0, 0x0, 0x0, 0x0,
    0x0, 0x0,

    /* U+9EC4 "黄" */
    0x0, 0x0, 0x97, 0x0, 0x1f, 0x0, 0x0, 0x0,
    0xbb, 0xed, 0xbb, 0xcf, 0xbb, 0x50, 0x0, 0x33,
    0xa9, 0x33, 0x4f, 0x33, 0x10, 0x0, 0x0, 0x97,
    0x0, 0x2f, 0x0, 0x0, 0x1e, 0xee, 0xee, 0xff,
    0xee, 0xee, 0xe6, 0x0, 0x0, 0x0, 0x6b, 0x0,
    0x0, 0x0, 0x0, 0x8d, 0xbb, 0xde, 0xbb, 0xcf,
    0x0, 0x0, 0x87, 0x0, 0x6b, 0x0, 0x1f, 0x0,
    0x0, 0x8d, 0xbb, 0xde, 0xbb, 0xcf, 0x0, 0x0,
    0x87, 0x0, 0x6b, 0x0, 0x1f, 0x0, 0x0, 0x6c,
    0xcc, 0xcc, 0xcc, 0xcb, 0x0, 0x0, 0x3, 0xa9,
    0x0, 0x3d, 0x72, 0x0, 0x7, 0xdc, 0x50, 0x0,
    0x1, 0x7d, 0xb1, 0x2, 0x10, 0x0, 0x0, 0x0,
    0x0, 0x30,

    /* U+9ED8 "默" */
    0x0, 0x0, 0x0, 0x0, 0xb, 0x30, 0x0, 0xd,
    0xbd, 0xdc, 0xb0, 0xb, 0x74, 0x0, 0xd, 0x55,
    0x58, 0xb0, 0xb, 0x4c, 0x10, 0xd, 0x86, 0x97,
    0xb0, 0xb, 0x34, 0x40, 0xd, 0x26, 0x92, 0xb8,
    0x9e, 0xa9, 0x90, 0xa, 0xce, 0xdc, 0x94, 0x5d,
    0x85, 0x50, 0x1, 0x18, 0x71, 0x0, 0xe, 0x70,
    0x0, 0xb, 0xce, 0xec, 0x80, 0xf, 0xa0, 0x0,
    0x0, 0x18, 0x83, 0x40, 0x4a, 0xd0, 0x0, 0x2e,
    0xdc, 0xba, 0x80, 0x95, 0x85, 0x0, 0x7, 0x23,
    0x53, 0x40, 0xe1, 0x3d, 0x0, 0x1c, 0x28, 0xa2,
    0xa9, 0x70, 0xb, 0x80, 0x66, 0x19, 0x52, 0x3d,
    0x0, 0x1, 0xe3, 0x0, 0x0, 0x0, 0x1, 0x0,
    0x0, 0x10,

    /* U+9F4B "齋" */
    0x0, 0x0, 0x0, 0x85, 0x0, 0x0, 0x0, 0x19,
    0x99, 0x99, 0xcd, 0x99, 0x99, 0x91, 0x3, 0x33,
    0x39, 0x46, 0x93, 0x47, 0x40, 0xb, 0xcc, 0xc8,
    0x9c, 0x5b, 0xdc, 0x20, 0x0, 0xd0, 0x93, 0x87,
    0x39, 0x1c, 0x0, 0x6, 0x90, 0xb2, 0x86, 0x4a,
    0x5a, 0x60, 0x3b, 0x2d, 0x90, 0x86, 0x59, 0x72,
    0xb3, 0x0, 0x7c, 0x88, 0x88, 0x88, 0xb9, 0x0,
    0x0, 0x7a, 0x33, 0x33, 0x33, 0x89, 0x0, 0x0,
    0x9d, 0xbb, 0xdc, 0xbb, 0xd9, 0x0, 0x0, 0xc4,
    0x54, 0xa4, 0x80, 0x69, 0x0, 0x5, 0xe1, 0xe2,
    0xa4, 0x69, 0x69, 0x0, 0x1e, 0x32, 0x60, 0xa4,
    0x7, 0x79, 0x0, 0x0, 0x0, 0x0, 0x0, 0x0,
    0x1, 0x0,

    /* U+9F52 "齒" */
    0x0, 0x0, 0x0, 0x69, 0x0, 0x0, 0x0, 0x0,
    0xf, 0x0, 0x6f, 0xdd, 0xdd, 0x0, 0x0, 0xf,
    0x0, 0x6a, 0x0, 0x0, 0x0, 0xc, 0xcf, 0xcc,
    0xde, 0xcc, 0xcc, 0xc6, 0x4, 0x62, 0x49, 0x22,
    0x66, 0x24, 0x51, 0x4, 0xa0, 0xab, 0x0, 0xd6,
    0x7, 0x90, 0x4, 0xaa, 0x74, 0x9b, 0x69, 0xa7,
    0x90, 0x4, 0xec, 0xaa, 0xac, 0xaa, 0xcd, 0x90,
    0x4, 0xb2, 0x49, 0x22, 0x66, 0x28, 0x90, 0x4,
    0xa0, 0x9a, 0x0, 0xc5, 0x7, 0x90, 0x4, 0xa5,
    0xb7, 0xa7, 0xac, 0x67, 0x90, 0x4, 0xa8, 0x10,
    0x38, 0x1, 0x97, 0x90, 0x4, 0xdd, 0xdd, 0xdd,
    0xdd, 0xde, 0x90,

    /* U+9F54 "齔" */
    0x0, 0x0, 0x0, 0x0, 0x0, 0x0, 0x0, 0x0,
    0x1, 0xc0, 0x0, 0x1e, 0x0, 0x0, 0x1, 0xc1,
    0xe9, 0x90, 0x1e, 0x0, 0x0, 0x1, 0xc1, 0xd2,
    0x20, 0x1e, 0x0, 0x30, 0x1d, 0xfd, 0xfd, 0xd7,
    0x1e, 0x4, 0xe1, 0x1, 0x0, 0x0, 0x10, 0x1e,
    0x3d, 0x20, 0x9, 0x49, 0x46, 0xb1, 0x1f, 0xc1,
    0x0, 0x9, 0xb9, 0xa9, 0xc4, 0xcf, 0x0, 0x0,
    0x9, 0xca, 0xbb, 0xe2, 0x4e, 0x0, 0x0, 0x9,
    0x47, 0x26, 0xb1, 0x1e, 0x0, 0x20, 0x9, 0x6a,
    0x68, 0xb1, 0x1e, 0x0, 0xb4, 0x9, 0xb5, 0x97,
    0xc1, 0x1e, 0x0, 0xb3, 0x9, 0xa9, 0xab, 0xe1,
    0x1f, 0x0, 0xe1, 0x2, 0x32, 0x10, 0xb1, 0xc,
    0xff, 0xa0,

    /* U+9F7F "齿" */
    0x0, 0x0, 0x0, 0x5a, 0x0, 0x0, 0x0, 0x0,
    0xf, 0x10, 0x5b, 0x0, 0x0, 0x0, 0x0, 0xf,
    0x10, 0x5f, 0xdd, 0xdd, 0x10, 0x0, 0xf, 0x10,
    0x5a, 0x0, 0x0, 0x0, 0x1d, 0xdf, 0xdd, 0xef,
    0xdd, 0xdd, 0xd5, 0x2, 0x41, 0x11, 0x35, 0x11,
    0x13, 0x30, 0x3, 0xd0, 0x0, 0x78, 0x0, 0xa,
    0x70, 0x3, 0xd0, 0x0, 0xe9, 0x0, 0xa, 0x70,
    0x3, 0xd0, 0x9, 0x99, 0xc1, 0xa, 0x70, 0x3,
    0xd0, 0x9c, 0x0, 0x5d, 0x3a, 0x70, 0x3, 0xd6,
    0x80, 0x0, 0x3, 0x7a, 0x70, 0x3, 0xfb, 0xbb,
    0xbb, 0xbb, 0xbe, 0x70, 0x0, 0x33, 0x33, 0x33,
    0x33, 0x3b, 0x70,

    /* U+9F80 "龀" */
    0x0, 0x0, 0xe0, 0x0, 0xd, 0x10, 0x0, 0x2,
    0xb0, 0xe0, 0x0, 0xe, 0x10, 0x0, 0x2, 0xb0,
    0xfc, 0xc1, 0xe, 0x10, 0x20, 0x2, 0xb0, 0xe0,
    0x0, 0xe, 0x12, 0xf4, 0x2c, 0xeb, 0xfb, 0xb8,
    0xe, 0x4e, 0x80, 0x2, 0x23, 0x72, 0x21, 0xe,
    0xf9, 0x0, 0x8, 0x23, 0x90, 0xa0, 0x2f, 0x80,
    0x0, 0xa, 0x36, 0x70, 0xd6, 0xef, 0x10, 0x0,
    0xa, 0x3b, 0xc0, 0xd3, 0x3e, 0x10, 0x0, 0xa,
    0x7b, 0x59, 0xd0, 0xe, 0x10, 0x11, 0xa, 0x82,
    0x4, 0xd0, 0xe, 0x10, 0x3b, 0xa, 0xba, 0xbc,
    0xd0, 0xe, 0x20, 0x59, 0x3, 0x32, 0x11, 0xd0,
    0x9, 0xff, 0xe3,

    /* U+9F8D "龍" */
    0x0, 0x0, 0x0, 0x0, 0x0, 0x0, 0x0, 0x0,
    0xb, 0x30, 0x3, 0xc0, 0x0, 0x0, 0x1c, 0xce,
    0xdc, 0x93, 0xfd, 0xdd, 0xd3, 0x3, 0xa2, 0x3b,
    0x13, 0xd0, 0x0, 0x0, 0x0, 0xe0, 0x68, 0x3,
    0xfd, 0xdd, 0xb0, 0x5e, 0xfe, 0xfe, 0xe0, 0x0,
    0x2, 0xd0, 0x1, 0x11, 0x11, 0x12, 0x99, 0x9a,
    0xd0, 0x9, 0xdc, 0xce, 0x63, 0xd4, 0x44, 0x30,
    0xa, 0x50, 0xa, 0x63, 0xfc, 0xcc, 0xa0, 0xa,
    0xdb, 0xbe, 0x63, 0xd2, 0x22, 0x20, 0xa, 0x95,
    0x5c, 0x63, 0xe7, 0x77, 0x60, 0xa, 0x95, 0x5c,
    0x63, 0xfa, 0xaa, 0x90, 0xa, 0x50, 0xa, 0x63,
    0xd0, 0x0, 0x65, 0xa, 0x50, 0xdc, 0x20, 0xce,
    0xdd, 0xd2,

    /* U+9F99 "龙" */
    0x0, 0x0, 0x0, 0x0, 0x0, 0x0, 0x0, 0x0,
    0x0, 0xf, 0x10, 0x33, 0x0, 0x0, 0x0, 0x0,
    0xf, 0x0, 0x2d, 0x60, 0x0, 0x0, 0x0, 0x1f,
    0x0, 0x1, 0xd5, 0x0, 0x2, 0x22, 0x4f, 0x22,
    0x22, 0x43, 0x20, 0x3c, 0xcc, 0xdf, 0xce, 0xec,
    0xcc, 0xc2, 0x0, 0x0, 0x6a, 0xa, 0x60, 0x4,
    0x0, 0x0, 0x0, 0x97, 0xa, 0x60, 0x4e, 0x0,
    0x0, 0x0, 0xd4, 0xa, 0x61, 0xd4, 0x0, 0x0,
    0x3, 0xe0, 0xa, 0x7c, 0x80, 0x0, 0x0, 0xb,
    0x80, 0xa, 0xf8, 0x0, 0x0, 0x0, 0x6e, 0x0,
    0x5e, 0x90, 0x0, 0x42, 0x7, 0xf3, 0x3c, 0xdc,
    0x70, 0x0, 0xa5, 0x4e, 0x30, 0x37, 0x5, 0xef,
    0xff, 0xd1, 0x0, 0x0, 0x0, 0x0, 0x0, 0x0,
    0x0,

    /* U+FF08 "（" */
    0x0, 0xc, 0x10, 0xa, 0x80, 0x3, 0xd0, 0x0,
    0xa6, 0x0, 0xe, 0x10, 0x2, 0xe0, 0x0, 0x3c,
    0x0, 0x2, 0xd0, 0x0, 0xf, 0x0, 0x0, 0xc4,
    0x0, 0x6, 0xa0, 0x0, 0xd, 0x40, 0x0, 0x3e,
    0x10, 0x0, 0x20,

    /* U+FF09 "）" */
    0x1c, 0x0, 0x0, 0x8a, 0x0, 0x0, 0xd3, 0x0,
    0x6, 0xa0, 0x0, 0x1e, 0x0, 0x0, 0xe1, 0x0,
    0xc, 0x30, 0x0, 0xd2, 0x0, 0xf, 0x0, 0x4,
    0xc0, 0x0, 0xb6, 0x0, 0x4d, 0x0, 0x1e, 0x30,
    0x0, 0x20, 0x0,

    /* U+FF0C "，" */
    0x0, 0x0, 0x9, 0xf3, 0x6, 0xe7, 0x0, 0xb4,
    0x9, 0xa0, 0x5, 0x0,

    /* U+FF1A "：" */
    0x6c, 0x19, 0xf3, 0x1, 0x0, 0x0, 0x0, 0x0,
    0x0, 0x0, 0x7, 0xe2, 0x8f, 0x20, 0x0,

    /* U+FF1B "；" */
    0x6, 0xc1, 0x9, 0xf3, 0x0, 0x10, 0x0, 0x0,
    0x0, 0x0, 0x0, 0x0, 0x5, 0xb2, 0x8, 0xf7,
    0x0, 0x97, 0x1, 0xd2, 0xd, 0x50, 0x0, 0x0
};


/*---------------------
 *  GLYPH DESCRIPTION
 *--------------------*/

static const lv_font_fmt_txt_glyph_dsc_t glyph_dsc[] = {
    {.bitmap_index = 0, .adv_w = 0, .box_w = 0, .box_h = 0, .ofs_x = 0, .ofs_y = 0} /* id = 0 reserved */,
    {.bitmap_index = 0, .adv_w = 50, .box_w = 0, .box_h = 0, .ofs_x = 0, .ofs_y = 0},
    {.bitmap_index = 0, .adv_w = 72, .box_w = 3, .box_h = 11, .ofs_x = 1, .ofs_y = 0},
    {.bitmap_index = 17, .adv_w = 106, .box_w = 5, .box_h = 5, .ofs_x = 1, .ofs_y = 6},
    {.bitmap_index = 30, .adv_w = 124, .box_w = 8, .box_h = 11, .ofs_x = 0, .ofs_y = 0},
    {.bitmap_index = 74, .adv_w = 124, .box_w = 7, .box_h = 14, .ofs_x = 0, .ofs_y = -2},
    {.bitmap_index = 123, .adv_w = 206, .box_w = 13, .box_h = 11, .ofs_x = 0, .ofs_y = 0},
    {.bitmap_index = 195, .adv_w = 152, .box_w = 10, .box_h = 11, .ofs_x = 0, .ofs_y = 0},
    {.bitmap_index = 250, .adv_w = 62, .box_w = 2, .box_h = 5, .ofs_x = 1, .ofs_y = 6},
    {.bitmap_index = 255, .adv_w = 76, .box_w = 4, .box_h = 15, .ofs_x = 1, .ofs_y = -3},
    {.bitmap_index = 285, .adv_w = 76, .box_w = 4, .box_h = 15, .ofs_x = 0, .ofs_y = -3},
    {.bitmap_index = 315, .adv_w = 105, .box_w = 6, .box_h = 5, .ofs_x = 0, .ofs_y = 6},
    {.bitmap_index = 330, .adv_w = 124, .box_w = 8, .box_h = 8, .ofs_x = 0, .ofs_y = 2},
    {.bitmap_index = 362, .adv_w = 62, .box_w = 4, .box_h = 5, .ofs_x = 0, .ofs_y = -3},
    {.bitmap_index = 372, .adv_w = 78, .box_w = 5, .box_h = 2, .ofs_x = 0, .ofs_y = 3},
    {.bitmap_index = 377, .adv_w = 62, .box_w = 2, .box_h = 2, .ofs_x = 1, .ofs_y = 0},
    {.bitmap_index = 379, .adv_w = 88, .box_w = 6, .box_h = 14, .ofs_x = 0, .ofs_y = -3},
    {.bitmap_index = 421, .adv_w = 124, .box_w = 8, .box_h = 11, .ofs_x = 0, .ofs_y = 0},
    {.bitmap_index = 465, .adv_w = 124, .box_w = 6, .box_h = 11, .ofs_x = 1, .ofs_y = 0},
    {.bitmap_index = 498, .adv_w = 124, .box_w = 8, .box_h = 11, .ofs_x = 0, .ofs_y = 0},
    {.bitmap_index = 542, .adv_w = 124, .box_w = 7, .box_h = 11, .ofs_x = 0, .ofs_y = 0},
    {.bitmap_index = 581, .adv_w = 124, .box_w = 8, .box_h = 11, .ofs_x = 0, .ofs_y = 0},
    {.bitmap_index = 625, .adv_w = 124, .box_w = 8, .box_h = 11, .ofs_x = 0, .ofs_y = 0},
    {.bitmap_index = 669, .adv_w = 124, .box_w = 8, .box_h = 11, .ofs_x = 0, .ofs_y = 0},
    {.bitmap_index = 713, .adv_w = 124, .box_w = 8, .box_h = 11, .ofs_x = 0, .ofs_y = 0},
    {.bitmap_index = 757, .adv_w = 124, .box_w = 8, .box_h = 11, .ofs_x = 0, .ofs_y = 0},
    {.bitmap_index = 801, .adv_w = 124, .box_w = 8, .box_h = 11, .ofs_x = 0, .ofs_y = 0},
    {.bitmap_index = 845, .adv_w = 62, .box_w = 2, .box_h = 8, .ofs_x = 1, .ofs_y = 0},
    {.bitmap_index = 853, .adv_w = 62, .box_w = 4, .box_h = 11, .ofs_x = 0, .ofs_y = -3},
    {.bitmap_index = 875, .adv_w = 124, .box_w = 8, .box_h = 7, .ofs_x = 0, .ofs_y = 2},
    {.bitmap_index = 903, .adv_w = 124, .box_w = 8, .box_h = 4, .ofs_x = 0, .ofs_y = 4},
    {.bitmap_index = 919, .adv_w = 124, .box_w = 8, .box_h = 7, .ofs_x = 0, .ofs_y = 2},
    {.bitmap_index = 947, .adv_w = 106, .box_w = 6, .box_h = 11, .ofs_x = 0, .ofs_y = 0},
    {.bitmap_index = 980, .adv_w = 212, .box_w = 13, .box_h = 13, .ofs_x = 0, .ofs_y = -2},
    {.bitmap_index = 1065, .adv_w = 136, .box_w = 9, .box_h = 11, .ofs_x = 0, .ofs_y = 0},
    {.bitmap_index = 1115, .adv_w = 147, .box_w = 8, .box_h = 11, .ofs_x = 1, .ofs_y = 0},
    {.bitmap_index = 1159, .adv_w = 143, .box_w = 9, .box_h = 11, .ofs_x = 0, .ofs_y = 0},
    {.bitmap_index = 1209, .adv_w = 154, .box_w = 8, .box_h = 11, .ofs_x = 1, .ofs_y = 0},
    {.bitmap_index = 1253, .adv_w = 132, .box_w = 7, .box_h = 11, .ofs_x = 1, .ofs_y = 0},
    {.bitmap_index = 1292, .adv_w = 124, .box_w = 7, .box_h = 11, .ofs_x = 1, .ofs_y = 0},
    {.bitmap_index = 1331, .adv_w = 154, .box_w = 9, .box_h = 11, .ofs_x = 0, .ofs_y = 0},
    {.bitmap_index = 1381, .adv_w = 163, .box_w = 8, .box_h = 11, .ofs_x = 1, .ofs_y = 0},
    {.bitmap_index = 1425, .adv_w = 66, .box_w = 2, .box_h = 11, .ofs_x = 1, .ofs_y = 0},
    {.bitmap_index = 1436, .adv_w = 120, .box_w = 7, .box_h = 11, .ofs_x = 0, .ofs_y = 0},
    {.bitmap_index = 1475, .adv_w = 145, .box_w = 8, .box_h = 11, .ofs_x = 1, .ofs_y = 0},
    {.bitmap_index = 1519, .adv_w = 122, .box_w = 7, .box_h = 11, .ofs_x = 1, .ofs_y = 0},
    {.bitmap_index = 1558, .adv_w = 182, .box_w = 9, .box_h = 11, .ofs_x = 1, .ofs_y = 0},
    {.bitmap_index = 1608, .adv_w = 162, .box_w = 8, .box_h = 11, .ofs_x = 1, .ofs_y = 0},
    {.bitmap_index = 1652, .adv_w = 166, .box_w = 10, .box_h = 11, .ofs_x = 0, .ofs_y = 0},
    {.bitmap_index = 1707, .adv_w = 142, .box_w = 8, .box_h = 11, .ofs_x = 1, .ofs_y = 0},
    {.bitmap_index = 1751, .adv_w = 166, .box_w = 10, .box_h = 14, .ofs_x = 0, .ofs_y = -3},
    {.bitmap_index = 1821, .adv_w = 142, .box_w = 8, .box_h = 11, .ofs_x = 1, .ofs_y = 0},
    {.bitmap_index = 1865, .adv_w = 134, .box_w = 8, .box_h = 11, .ofs_x = 0, .ofs_y = 0},
    {.bitmap_index = 1909, .adv_w = 134, .box_w = 8, .box_h = 11, .ofs_x = 0, .ofs_y = 0},
    {.bitmap_index = 1953, .adv_w = 162, .box_w = 8, .box_h = 11, .ofs_x = 1, .ofs_y = 0},
    {.bitmap_index = 1997, .adv_w = 129, .box_w = 9, .box_h = 11, .ofs_x = 0, .ofs_y = 0},
    {.bitmap_index = 2047, .adv_w = 197, .box_w = 12, .box_h = 11, .ofs_x = 0, .ofs_y = 0},
    {.bitmap_index = 2113, .adv_w = 128, .box_w = 8, .box_h = 11, .ofs_x = 0, .ofs_y = 0},
    {.bitmap_index = 2157, .adv_w = 119, .box_w = 9, .box_h = 11, .ofs_x = -1, .ofs_y = 0},
    {.bitmap_index = 2207, .adv_w = 135, .box_w = 8, .box_h = 11, .ofs_x = 0, .ofs_y = 0},
    {.bitmap_index = 2251, .adv_w = 76, .box_w = 4, .box_h = 14, .ofs_x = 1, .ofs_y = -3},
    {.bitmap_index = 2279, .adv_w = 88, .box_w = 6, .box_h = 14, .ofs_x = 0, .ofs_y = -3},
    {.bitmap_index = 2321, .adv_w = 76, .box_w = 4, .box_h = 14, .ofs_x = 0, .ofs_y = -3},
    {.bitmap_index = 2349, .adv_w = 124, .box_w = 7, .box_h = 6, .ofs_x = 0, .ofs_y = 5},
    {.bitmap_index = 2370, .adv_w = 125, .box_w = 8, .box_h = 1, .ofs_x = 0, .ofs_y = -2},
    {.bitmap_index = 2374, .adv_w = 136, .box_w = 5, .box_h = 3, .ofs_x = 1, .ofs_y = 9},
    {.bitmap_index = 2382, .adv_w = 126, .box_w = 7, .box_h = 8, .ofs_x = 0, .ofs_y = 0},
    {.bitmap_index = 2410, .adv_w = 138, .box_w = 7, .box_h = 11, .ofs_x = 1, .ofs_y = 0},
    {.bitmap_index = 2449, .adv_w = 114, .box_w = 7, .box_h = 8, .ofs_x = 0, .ofs_y = 0},
    {.bitmap_index = 2477, .adv_w = 139, .box_w = 8, .box_h = 11, .ofs_x = 0, .ofs_y = 0},
    {.bitmap_index = 2521, .adv_w = 124, .box_w = 8, .box_h = 8, .ofs_x = 0, .ofs_y = 0},
    {.bitmap_index = 2553, .adv_w = 73, .box_w = 5, .box_h = 11, .ofs_x = 0, .ofs_y = 0},
    {.bitmap_index = 2581, .adv_w = 126, .box_w = 8, .box_h = 11, .ofs_x = 0, .ofs_y = -3},
    {.bitmap_index = 2625, .adv_w = 136, .box_w = 7, .box_h = 11, .ofs_x = 1, .ofs_y = 0},
    {.bitmap_index = 2664, .adv_w = 62, .box_w = 2, .box_h = 11, .ofs_x = 1, .ofs_y = 0},
    {.bitmap_index = 2675, .adv_w = 62, .box_w = 4, .box_h = 14, .ofs_x = -1, .ofs_y = -3},
    {.bitmap_index = 2703, .adv_w = 124, .box_w = 7, .box_h = 11, .ofs_x = 1, .ofs_y = 0},
    {.bitmap_index = 2742, .adv_w = 64, .box_w = 3, .box_h = 11, .ofs_x = 1, .ofs_y = 0},
    {.bitmap_index = 2759, .adv_w = 207, .box_w = 11, .box_h = 8, .ofs_x = 1, .ofs_y = 0},
    {.bitmap_index = 2803, .adv_w = 137, .box_w = 7, .box_h = 8, .ofs_x = 1, .ofs_y = 0},
    {.bitmap_index = 2831, .adv_w = 136, .box_w = 8, .box_h = 8, .ofs_x = 0, .ofs_y = 0},
    {.bitmap_index = 2863, .adv_w = 139, .box_w = 7, .box_h = 11, .ofs_x = 1, .ofs_y = -3},
    {.bitmap_index = 2902, .adv_w = 139, .box_w = 8, .box_h = 11, .ofs_x = 0, .ofs_y = -3},
    {.bitmap_index = 2946, .adv_w = 87, .box_w = 5, .box_h = 8, .ofs_x = 1, .ofs_y = 0},
    {.bitmap_index = 2966, .adv_w = 105, .box_w = 7, .box_h = 8, .ofs_x = 0, .ofs_y = 0},
    {.bitmap_index = 2994, .adv_w = 84, .box_w = 6, .box_h = 11, .ofs_x = 0, .ofs_y = 0},
    {.bitmap_index = 3027, .adv_w = 136, .box_w = 7, .box_h = 8, .ofs_x = 1, .ofs_y = 0},
    {.bitmap_index = 3055, .adv_w = 117, .box_w = 8, .box_h = 8, .ofs_x = 0, .ofs_y = 0},
    {.bitmap_index = 3087, .adv_w = 180, .box_w = 11, .box_h = 8, .ofs_x = 0, .ofs_y = 0},
    {.bitmap_index = 3131, .adv_w = 112, .box_w = 7, .box_h = 8, .ofs_x = 0, .ofs_y = 0},
    {.bitmap_index = 3159, .adv_w = 117, .box_w = 8, .box_h = 11, .ofs_x = 0, .ofs_y = -3},
    {.bitmap_index = 3203, .adv_w = 106, .box_w = 7, .box_h = 8, .ofs_x = 0, .ofs_y = 0},
    {.bitmap_index = 3231, .adv_w = 76, .box_w = 5, .box_h = 14, .ofs_x = 0, .ofs_y = -3},
    {.bitmap_index = 3266, .adv_w = 60, .box_w = 2, .box_h = 16, .ofs_x = 1, .ofs_y = -4},
    {.bitmap_index = 3282, .adv_w = 76, .box_w = 5, .box_h = 14, .ofs_x = 0, .ofs_y = -3},
    {.bitmap_index = 3317, .adv_w = 124, .box_w = 8, .box_h = 2, .ofs_x = 0, .ofs_y = 4},
    {.bitmap_index = 3325, .adv_w = 224, .box_w = 4, .box_h = 4, .ofs_x = 5, .ofs_y = 4},
    {.bitmap_index = 3333, .adv_w = 126, .box_w = 7, .box_h = 12, .ofs_x = 0, .ofs_y = 0},
    {.bitmap_index = 3375, .adv_w = 126, .box_w = 7, .box_h = 12, .ofs_x = 0, .ofs_y = 0},
    {.bitmap_index = 3417, .adv_w = 124, .box_w = 8, .box_h = 12, .ofs_x = 0, .ofs_y = 0},
    {.bitmap_index = 3465, .adv_w = 124, .box_w = 8, .box_h = 12, .ofs_x = 0, .ofs_y = 0},
    {.bitmap_index = 3513, .adv_w = 62, .box_w = 5, .box_h = 12, .ofs_x = -1, .ofs_y = 0},
    {.bitmap_index = 3543, .adv_w = 62, .box_w = 5, .box_h = 12, .ofs_x = 0, .ofs_y = 0},
    {.bitmap_index = 3573, .adv_w = 136, .box_w = 8, .box_h = 12, .ofs_x = 0, .ofs_y = 0},
    {.bitmap_index = 3621, .adv_w = 136, .box_w = 8, .box_h = 12, .ofs_x = 0, .ofs_y = 0},
    {.bitmap_index = 3669, .adv_w = 136, .box_w = 7, .box_h = 12, .ofs_x = 1, .ofs_y = 0},
    {.bitmap_index = 3711, .adv_w = 136, .box_w = 7, .box_h = 12, .ofs_x = 1, .ofs_y = 0},
    {.bitmap_index = 3753, .adv_w = 126, .box_w = 7, .box_h = 11, .ofs_x = 0, .ofs_y = 0},
    {.bitmap_index = 3792, .adv_w = 124, .box_w = 8, .box_h = 11, .ofs_x = 0, .ofs_y = 0},
    {.bitmap_index = 3836, .adv_w = 124, .box_w = 8, .box_h = 12, .ofs_x = 0, .ofs_y = 0},
    {.bitmap_index = 3884, .adv_w = 62, .box_w = 5, .box_h = 11, .ofs_x = -1, .ofs_y = 0},
    {.bitmap_index = 3912, .adv_w = 136, .box_w = 8, .box_h = 11, .ofs_x = 0, .ofs_y = 0},
    {.bitmap_index = 3956, .adv_w = 136, .box_w = 7, .box_h = 11, .ofs_x = 1, .ofs_y = 0},
    {.bitmap_index = 3995, .adv_w = 126, .box_w = 7, .box_h = 12, .ofs_x = 0, .ofs_y = 0},
    {.bitmap_index = 4037, .adv_w = 62, .box_w = 6, .box_h = 12, .ofs_x = -1, .ofs_y = 0},
    {.bitmap_index = 4073, .adv_w = 136, .box_w = 8, .box_h = 12, .ofs_x = 0, .ofs_y = 0},
    {.bitmap_index = 4121, .adv_w = 136, .box_w = 7, .box_h = 12, .ofs_x = 1, .ofs_y = 0},
    {.bitmap_index = 4163, .adv_w = 136, .box_w = 7, .box_h = 13, .ofs_x = 1, .ofs_y = 0},
    {.bitmap_index = 4209, .adv_w = 224, .box_w = 6, .box_h = 5, .ofs_x = 8, .ofs_y = 8},
    {.bitmap_index = 4224, .adv_w = 224, .box_w = 6, .box_h = 5, .ofs_x = 0, .ofs_y = 7},
    {.bitmap_index = 4239, .adv_w = 224, .box_w = 14, .box_h = 13, .ofs_x = 0, .ofs_y = -1},
    {.bitmap_index = 4330, .adv_w = 224, .box_w = 5, .box_h = 5, .ofs_x = 0, .ofs_y = -1},
    {.bitmap_index = 4343, .adv_w = 224, .box_w = 5, .box_h = 5, .ofs_x = 0, .ofs_y = -1},
    {.bitmap_index = 4356, .adv_w = 224, .box_w = 7, .box_h = 14, .ofs_x = 7, .ofs_y = -2},
    {.bitmap_index = 4405, .adv_w = 224, .box_w = 7, .box_h = 14, .ofs_x = 0, .ofs_y = -2},
    {.bitmap_index = 4454, .adv_w = 224, .box_w = 5, .box_h = 10, .ofs_x = 9, .ofs_y = 2},
    {.bitmap_index = 4479, .adv_w = 224, .box_w = 5, .box_h = 10, .ofs_x = 0, .ofs_y = -1},
    {.bitmap_index = 4504, .adv_w = 224, .box_w = 14, .box_h = 3, .ofs_x = 0, .ofs_y = 4},
    {.bitmap_index = 4525, .adv_w = 224, .box_w = 14, .box_h = 13, .ofs_x = 0, .ofs_y = -1},
    {.bitmap_index = 4616, .adv_w = 224, .box_w = 14, .box_h = 13, .ofs_x = 0, .ofs_y = -2},
    {.bitmap_index = 4707, .adv_w = 224, .box_w = 14, .box_h = 14, .ofs_x = 0, .ofs_y = -2},
    {.bitmap_index = 4805, .adv_w = 224, .box_w = 14, .box_h = 12, .ofs_x = 0, .ofs_y = -1},
    {.bitmap_index = 4889, .adv_w = 224, .box_w = 14, .box_h = 13, .ofs_x = 0, .ofs_y = -1},
    {.bitmap_index = 4980, .adv_w = 224, .box_w = 14, .box_h = 12, .ofs_x = 0, .ofs_y = -1},
    {.bitmap_index = 5064, .adv_w = 224, .box_w = 14, .box_h = 12, .ofs_x = 0, .ofs_y = -1},
    {.bitmap_index = 5148, .adv_w = 224, .box_w = 13, .box_h = 14, .ofs_x = 0, .ofs_y = -2},
    {.bitmap_index = 5239, .adv_w = 224, .box_w = 14, .box_h = 12, .ofs_x = 0, .ofs_y = -1},
    {.bitmap_index = 5323, .adv_w = 224, .box_w = 14, .box_h = 14, .ofs_x = 0, .ofs_y = -1},
    {.bitmap_index = 5421, .adv_w = 224, .box_w = 13, .box_h = 14, .ofs_x = 1, .ofs_y = -2},
    {.bitmap_index = 5512, .adv_w = 224, .box_w = 14, .box_h = 13, .ofs_x = 0, .ofs_y = -1},
    {.bitmap_index = 5603, .adv_w = 224, .box_w = 14, .box_h = 12, .ofs_x = 0, .ofs_y = -1},
    {.bitmap_index = 5687, .adv_w = 224, .box_w = 14, .box_h = 13, .ofs_x = 0, .ofs_y = -2},
    {.bitmap_index = 5778, .adv_w = 224, .box_w = 14, .box_h = 13, .ofs_x = 0, .ofs_y = -1},
    {.bitmap_index = 5869, .adv_w = 224, .box_w = 14, .box_h = 13, .ofs_x = 0, .ofs_y = -1},
    {.bitmap_index = 5960, .adv_w = 224, .box_w = 12, .box_h = 13, .ofs_x = 1, .ofs_y = -1},
    {.bitmap_index = 6038, .adv_w = 224, .box_w = 12, .box_h = 15, .ofs_x = 1, .ofs_y = -2},
    {.bitmap_index = 6128, .adv_w = 224, .box_w = 14, .box_h = 13, .ofs_x = 0, .ofs_y = -2},
    {.bitmap_index = 6219, .adv_w = 224, .box_w = 12, .box_h = 14, .ofs_x = 1, .ofs_y = -2},
    {.bitmap_index = 6303, .adv_w = 224, .box_w = 14, .box_h = 13, .ofs_x = 0, .ofs_y = -1},
    {.bitmap_index = 6394, .adv_w = 224, .box_w = 14, .box_h = 12, .ofs_x = 0, .ofs_y = -1},
    {.bitmap_index = 6478, .adv_w = 224, .box_w = 14, .box_h = 13, .ofs_x = 0, .ofs_y = -1},
    {.bitmap_index = 6569, .adv_w = 224, .box_w = 13, .box_h = 13, .ofs_x = 0, .ofs_y = -2},
    {.bitmap_index = 6654, .adv_w = 224, .box_w = 14, .box_h = 14, .ofs_x = 0, .ofs_y = -2},
    {.bitmap_index = 6752, .adv_w = 224, .box_w = 14, .box_h = 14, .ofs_x = 0, .ofs_y = -2},
    {.bitmap_index = 6850, .adv_w = 224, .box_w = 14, .box_h = 14, .ofs_x = 0, .ofs_y = -2},
    {.bitmap_index = 6948, .adv_w = 224, .box_w = 14, .box_h = 13, .ofs_x = 0, .ofs_y = -1},
    {.bitmap_index = 7039, .adv_w = 224, .box_w = 14, .box_h = 13, .ofs_x = 0, .ofs_y = -1},
    {.bitmap_index = 7130, .adv_w = 224, .box_w = 14, .box_h = 13, .ofs_x = 0, .ofs_y = -1},
    {.bitmap_index = 7221, .adv_w = 224, .box_w = 13, .box_h = 12, .ofs_x = 1, .ofs_y = -1},
    {.bitmap_index = 7299, .adv_w = 224, .box_w = 14, .box_h = 14, .ofs_x = 0, .ofs_y = -2},
    {.bitmap_index = 7397, .adv_w = 224, .box_w = 14, .box_h = 13, .ofs_x = 0, .ofs_y = -1},
    {.bitmap_index = 7488, .adv_w = 224, .box_w = 12, .box_h = 13, .ofs_x = 1, .ofs_y = -2},
    {.bitmap_index = 7566, .adv_w = 224, .box_w = 14, .box_h = 13, .ofs_x = 0, .ofs_y = -1},
    {.bitmap_index = 7657, .adv_w = 224, .box_w = 12, .box_h = 12, .ofs_x = 1, .ofs_y = -1},
    {.bitmap_index = 7729, .adv_w = 224, .box_w = 14, .box_h = 13, .ofs_x = 0, .ofs_y = -1},
    {.bitmap_index = 7820, .adv_w = 224, .box_w = 14, .box_h = 10, .ofs_x = 0, .ofs_y = 0},
    {.bitmap_index = 7890, .adv_w = 224, .box_w = 14, .box_h = 13, .ofs_x = 0, .ofs_y = -2},
    {.bitmap_index = 7981, .adv_w = 224, .box_w = 14, .box_h = 12, .ofs_x = 0, .ofs_y = -1},
    {.bitmap_index = 8065, .adv_w = 224, .box_w = 14, .box_h = 12, .ofs_x = 0, .ofs_y = -1},
    {.bitmap_index = 8149, .adv_w = 224, .box_w = 14, .box_h = 14, .ofs_x = 0, .ofs_y = -2},
    {.bitmap_index = 8247, .adv_w = 224, .box_w = 14, .box_h = 13, .ofs_x = 0, .ofs_y = -1},
    {.bitmap_index = 8338, .adv_w = 224, .box_w = 14, .box_h = 13, .ofs_x = 0, .ofs_y = -1},
    {.bitmap_index = 8429, .adv_w = 224, .box_w = 14, .box_h = 14, .ofs_x = 0, .ofs_y = -2},
    {.bitmap_index = 8527, .adv_w = 224, .box_w = 14, .box_h = 13, .ofs_x = 0, .ofs_y = -1},
    {.bitmap_index = 8618, .adv_w = 224, .box_w = 14, .box_h = 14, .ofs_x = 0, .ofs_y = -2},
    {.bitmap_index = 8716, .adv_w = 224, .box_w = 14, .box_h = 13, .ofs_x = 0, .ofs_y = -1},
    {.bitmap_index = 8807, .adv_w = 224, .box_w = 14, .box_h = 14, .ofs_x = 0, .ofs_y = -2},
    {.bitmap_index = 8905, .adv_w = 224, .box_w = 14, .box_h = 14, .ofs_x = 0, .ofs_y = -2},
    {.bitmap_index = 9003, .adv_w = 224, .box_w = 13, .box_h = 14, .ofs_x = 1, .ofs_y = -2},
    {.bitmap_index = 9094, .adv_w = 224, .box_w = 14, .box_h = 14, .ofs_x = 0, .ofs_y = -2},
    {.bitmap_index = 9192, .adv_w = 224, .box_w = 14, .box_h = 13, .ofs_x = 0, .ofs_y = -1},
    {.bitmap_index = 9283, .adv_w = 224, .box_w = 14, .box_h = 14, .ofs_x = 0, .ofs_y = -1},
    {.bitmap_index = 9381, .adv_w = 224, .box_w = 14, .box_h = 14, .ofs_x = 0, .ofs_y = -2},
    {.bitmap_index = 9479, .adv_w = 224, .box_w = 14, .box_h = 13, .ofs_x = 0, .ofs_y = -1},
    {.bitmap_index = 9570, .adv_w = 224, .box_w = 14, .box_h = 14, .ofs_x = 0, .ofs_y = -2},
    {.bitmap_index = 9668, .adv_w = 224, .box_w = 13, .box_h = 14, .ofs_x = 0, .ofs_y = -2},
    {.bitmap_index = 9759, .adv_w = 224, .box_w = 14, .box_h = 13, .ofs_x = 0, .ofs_y = -1},
    {.bitmap_index = 9850, .adv_w = 224, .box_w = 14, .box_h = 13, .ofs_x = 0, .ofs_y = -1},
    {.bitmap_index = 9941, .adv_w = 224, .box_w = 14, .box_h = 14, .ofs_x = 0, .ofs_y = -2},
    {.bitmap_index = 10039, .adv_w = 224, .box_w = 14, .box_h = 14, .ofs_x = 0, .ofs_y = -2},
    {.bitmap_index = 10137, .adv_w = 224, .box_w = 14, .box_h = 15, .ofs_x = 0, .ofs_y = -2},
    {.bitmap_index = 10242, .adv_w = 224, .box_w = 14, .box_h = 13, .ofs_x = 0, .ofs_y = -1},
    {.bitmap_index = 10333, .adv_w = 224, .box_w = 14, .box_h = 14, .ofs_x = 0, .ofs_y = -1},
    {.bitmap_index = 10431, .adv_w = 224, .box_w = 14, .box_h = 14, .ofs_x = 0, .ofs_y = -2},
    {.bitmap_index = 10529, .adv_w = 224, .box_w = 14, .box_h = 13, .ofs_x = 0, .ofs_y = -1},
    {.bitmap_index = 10620, .adv_w = 224, .box_w = 13, .box_h = 15, .ofs_x = 0, .ofs_y = -2},
    {.bitmap_index = 10718, .adv_w = 224, .box_w = 14, .box_h = 14, .ofs_x = 0, .ofs_y = -1},
    {.bitmap_index = 10816, .adv_w = 224, .box_w = 14, .box_h = 14, .ofs_x = 0, .ofs_y = -2},
    {.bitmap_index = 10914, .adv_w = 224, .box_w = 13, .box_h = 13, .ofs_x = 0, .ofs_y = -1},
    {.bitmap_index = 10999, .adv_w = 224, .box_w = 13, .box_h = 15, .ofs_x = 0, .ofs_y = -2},
    {.bitmap_index = 11097, .adv_w = 224, .box_w = 13, .box_h = 13, .ofs_x = 0, .ofs_y = -1},
    {.bitmap_index = 11182, .adv_w = 224, .box_w = 14, .box_h = 13, .ofs_x = 0, .ofs_y = -1},
    {.bitmap_index = 11273, .adv_w = 224, .box_w = 14, .box_h = 13, .ofs_x = 0, .ofs_y = -1},
    {.bitmap_index = 11364, .adv_w = 224, .box_w = 14, .box_h = 14, .ofs_x = 0, .ofs_y = -2},
    {.bitmap_index = 11462, .adv_w = 224, .box_w = 14, .box_h = 13, .ofs_x = 0, .ofs_y = -1},
    {.bitmap_index = 11553, .adv_w = 224, .box_w = 14, .box_h = 13, .ofs_x = 0, .ofs_y = -1},
    {.bitmap_index = 11644, .adv_w = 224, .box_w = 14, .box_h = 14, .ofs_x = 0, .ofs_y = -2},
    {.bitmap_index = 11742, .adv_w = 224, .box_w = 14, .box_h = 14, .ofs_x = 0, .ofs_y = -2},
    {.bitmap_index = 11840, .adv_w = 224, .box_w = 14, .box_h = 14, .ofs_x = 0, .ofs_y = -2},
    {.bitmap_index = 11938, .adv_w = 224, .box_w = 14, .box_h = 13, .ofs_x = 0, .ofs_y = -1},
    {.bitmap_index = 12029, .adv_w = 224, .box_w = 14, .box_h = 14, .ofs_x = 0, .ofs_y = -1},
    {.bitmap_index = 12127, .adv_w = 224, .box_w = 14, .box_h = 13, .ofs_x = 0, .ofs_y = -1},
    {.bitmap_index = 12218, .adv_w = 224, .box_w = 13, .box_h = 14, .ofs_x = 0, .ofs_y = -2},
    {.bitmap_index = 12309, .adv_w = 224, .box_w = 13, .box_h = 13, .ofs_x = 0, .ofs_y = -1},
    {.bitmap_index = 12394, .adv_w = 224, .box_w = 14, .box_h = 14, .ofs_x = 0, .ofs_y = -2},
    {.bitmap_index = 12492, .adv_w = 224, .box_w = 14, .box_h = 14, .ofs_x = 0, .ofs_y = -1},
    {.bitmap_index = 12590, .adv_w = 224, .box_w = 14, .box_h = 14, .ofs_x = 0, .ofs_y = -1},
    {.bitmap_index = 12688, .adv_w = 224, .box_w = 13, .box_h = 14, .ofs_x = 0, .ofs_y = -2},
    {.bitmap_index = 12779, .adv_w = 224, .box_w = 14, .box_h = 14, .ofs_x = 0, .ofs_y = -2},
    {.bitmap_index = 12877, .adv_w = 224, .box_w = 14, .box_h = 14, .ofs_x = 0, .ofs_y = -2},
    {.bitmap_index = 12975, .adv_w = 224, .box_w = 14, .box_h = 13, .ofs_x = 0, .ofs_y = -2},
    {.bitmap_index = 13066, .adv_w = 224, .box_w = 14, .box_h = 14, .ofs_x = 0, .ofs_y = -2},
    {.bitmap_index = 13164, .adv_w = 224, .box_w = 14, .box_h = 14, .ofs_x = 0, .ofs_y = -2},
    {.bitmap_index = 13262, .adv_w = 224, .box_w = 14, .box_h = 14, .ofs_x = 0, .ofs_y = -2},
    {.bitmap_index = 13360, .adv_w = 224, .box_w = 14, .box_h = 14, .ofs_x = 0, .ofs_y = -2},
    {.bitmap_index = 13458, .adv_w = 224, .box_w = 14, .box_h = 14, .ofs_x = 0, .ofs_y = -2},
    {.bitmap_index = 13556, .adv_w = 224, .box_w = 12, .box_h = 13, .ofs_x = 1, .ofs_y = -1},
    {.bitmap_index = 13634, .adv_w = 224, .box_w = 14, .box_h = 14, .ofs_x = 0, .ofs_y = -1},
    {.bitmap_index = 13732, .adv_w = 224, .box_w = 14, .box_h = 13, .ofs_x = 0, .ofs_y = -2},
    {.bitmap_index = 13823, .adv_w = 224, .box_w = 14, .box_h = 14, .ofs_x = 0, .ofs_y = -2},
    {.bitmap_index = 13921, .adv_w = 224, .box_w = 14, .box_h = 14, .ofs_x = 0, .ofs_y = -2},
    {.bitmap_index = 14019, .adv_w = 224, .box_w = 14, .box_h = 14, .ofs_x = 0, .ofs_y = -2},
    {.bitmap_index = 14117, .adv_w = 224, .box_w = 14, .box_h = 14, .ofs_x = 0, .ofs_y = -2},
    {.bitmap_index = 14215, .adv_w = 224, .box_w = 14, .box_h = 14, .ofs_x = 0, .ofs_y = -2},
    {.bitmap_index = 14313, .adv_w = 224, .box_w = 14, .box_h = 14, .ofs_x = 0, .ofs_y = -2},
    {.bitmap_index = 14411, .adv_w = 224, .box_w = 14, .box_h = 13, .ofs_x = 0, .ofs_y = -2},
    {.bitmap_index = 14502, .adv_w = 224, .box_w = 14, .box_h = 14, .ofs_x = 0, .ofs_y = -2},
    {.bitmap_index = 14600, .adv_w = 224, .box_w = 14, .box_h = 13, .ofs_x = 0, .ofs_y = -1},
    {.bitmap_index = 14691, .adv_w = 224, .box_w = 14, .box_h = 14, .ofs_x = 0, .ofs_y = -2},
    {.bitmap_index = 14789, .adv_w = 224, .box_w = 14, .box_h = 13, .ofs_x = 0, .ofs_y = -1},
    {.bitmap_index = 14880, .adv_w = 224, .box_w = 14, .box_h = 13, .ofs_x = 0, .ofs_y = -1},
    {.bitmap_index = 14971, .adv_w = 224, .box_w = 12, .box_h = 13, .ofs_x = 1, .ofs_y = -1},
    {.bitmap_index = 15049, .adv_w = 224, .box_w = 14, .box_h = 12, .ofs_x = 0, .ofs_y = -1},
    {.bitmap_index = 15133, .adv_w = 224, .box_w = 12, .box_h = 13, .ofs_x = 1, .ofs_y = -2},
    {.bitmap_index = 15211, .adv_w = 224, .box_w = 14, .box_h = 13, .ofs_x = 0, .ofs_y = -2},
    {.bitmap_index = 15302, .adv_w = 224, .box_w = 14, .box_h = 14, .ofs_x = 0, .ofs_y = -2},
    {.bitmap_index = 15400, .adv_w = 224, .box_w = 14, .box_h = 13, .ofs_x = 0, .ofs_y = -1},
    {.bitmap_index = 15491, .adv_w = 224, .box_w = 14, .box_h = 14, .ofs_x = 0, .ofs_y = -2},
    {.bitmap_index = 15589, .adv_w = 224, .box_w = 14, .box_h = 13, .ofs_x = 0, .ofs_y = -1},
    {.bitmap_index = 15680, .adv_w = 224, .box_w = 14, .box_h = 13, .ofs_x = 0, .ofs_y = -2},
    {.bitmap_index = 15771, .adv_w = 224, .box_w = 14, .box_h = 14, .ofs_x = 0, .ofs_y = -2},
    {.bitmap_index = 15869, .adv_w = 224, .box_w = 12, .box_h = 13, .ofs_x = 1, .ofs_y = -1},
    {.bitmap_index = 15947, .adv_w = 224, .box_w = 14, .box_h = 13, .ofs_x = 0, .ofs_y = -1},
    {.bitmap_index = 16038, .adv_w = 224, .box_w = 12, .box_h = 13, .ofs_x = 1, .ofs_y = -1},
    {.bitmap_index = 16116, .adv_w = 224, .box_w = 14, .box_h = 13, .ofs_x = 0, .ofs_y = -1},
    {.bitmap_index = 16207, .adv_w = 224, .box_w = 14, .box_h = 14, .ofs_x = 0, .ofs_y = -2},
    {.bitmap_index = 16305, .adv_w = 224, .box_w = 14, .box_h = 13, .ofs_x = 0, .ofs_y = -2},
    {.bitmap_index = 16396, .adv_w = 224, .box_w = 13, .box_h = 13, .ofs_x = 0, .ofs_y = -1},
    {.bitmap_index = 16481, .adv_w = 224, .box_w = 13, .box_h = 14, .ofs_x = 0, .ofs_y = -2},
    {.bitmap_index = 16572, .adv_w = 224, .box_w = 13, .box_h = 14, .ofs_x = 0, .ofs_y = -2},
    {.bitmap_index = 16663, .adv_w = 224, .box_w = 12, .box_h = 14, .ofs_x = 1, .ofs_y = -2},
    {.bitmap_index = 16747, .adv_w = 224, .box_w = 13, .box_h = 15, .ofs_x = 0, .ofs_y = -2},
    {.bitmap_index = 16845, .adv_w = 224, .box_w = 13, .box_h = 14, .ofs_x = 0, .ofs_y = -2},
    {.bitmap_index = 16936, .adv_w = 224, .box_w = 13, .box_h = 14, .ofs_x = 0, .ofs_y = -2},
    {.bitmap_index = 17027, .adv_w = 224, .box_w = 13, .box_h = 15, .ofs_x = 0, .ofs_y = -2},
    {.bitmap_index = 17125, .adv_w = 224, .box_w = 13, .box_h = 14, .ofs_x = 0, .ofs_y = -2},
    {.bitmap_index = 17216, .adv_w = 224, .box_w = 13, .box_h = 14, .ofs_x = 0, .ofs_y = -2},
    {.bitmap_index = 17307, .adv_w = 224, .box_w = 13, .box_h = 14, .ofs_x = 0, .ofs_y = -2},
    {.bitmap_index = 17398, .adv_w = 224, .box_w = 14, .box_h = 15, .ofs_x = 0, .ofs_y = -2},
    {.bitmap_index = 17503, .adv_w = 224, .box_w = 13, .box_h = 14, .ofs_x = 0, .ofs_y = -2},
    {.bitmap_index = 17594, .adv_w = 224, .box_w = 14, .box_h = 15, .ofs_x = 0, .ofs_y = -2},
    {.bitmap_index = 17699, .adv_w = 224, .box_w = 12, .box_h = 14, .ofs_x = 1, .ofs_y = -2},
    {.bitmap_index = 17783, .adv_w = 224, .box_w = 14, .box_h = 14, .ofs_x = 0, .ofs_y = -2},
    {.bitmap_index = 17881, .adv_w = 224, .box_w = 13, .box_h = 14, .ofs_x = 0, .ofs_y = -2},
    {.bitmap_index = 17972, .adv_w = 224, .box_w = 13, .box_h = 14, .ofs_x = 0, .ofs_y = -2},
    {.bitmap_index = 18063, .adv_w = 224, .box_w = 14, .box_h = 14, .ofs_x = 0, .ofs_y = -2},
    {.bitmap_index = 18161, .adv_w = 224, .box_w = 13, .box_h = 14, .ofs_x = 0, .ofs_y = -2},
    {.bitmap_index = 18252, .adv_w = 224, .box_w = 14, .box_h = 14, .ofs_x = 0, .ofs_y = -2},
    {.bitmap_index = 18350, .adv_w = 224, .box_w = 13, .box_h = 14, .ofs_x = 0, .ofs_y = -2},
    {.bitmap_index = 18441, .adv_w = 224, .box_w = 14, .box_h = 14, .ofs_x = 0, .ofs_y = -2},
    {.bitmap_index = 18539, .adv_w = 224, .box_w = 14, .box_h = 15, .ofs_x = 0, .ofs_y = -2},
    {.bitmap_index = 18644, .adv_w = 224, .box_w = 13, .box_h = 14, .ofs_x = 0, .ofs_y = -2},
    {.bitmap_index = 18735, .adv_w = 224, .box_w = 13, .box_h = 14, .ofs_x = 0, .ofs_y = -2},
    {.bitmap_index = 18826, .adv_w = 224, .box_w = 14, .box_h = 14, .ofs_x = 0, .ofs_y = -2},
    {.bitmap_index = 18924, .adv_w = 224, .box_w = 14, .box_h = 14, .ofs_x = 0, .ofs_y = -2},
    {.bitmap_index = 19022, .adv_w = 224, .box_w = 14, .box_h = 14, .ofs_x = 0, .ofs_y = -2},
    {.bitmap_index = 19120, .adv_w = 224, .box_w = 13, .box_h = 14, .ofs_x = 0, .ofs_y = -2},
    {.bitmap_index = 19211, .adv_w = 224, .box_w = 14, .box_h = 15, .ofs_x = 0, .ofs_y = -2},
    {.bitmap_index = 19316, .adv_w = 224, .box_w = 14, .box_h = 15, .ofs_x = 0, .ofs_y = -2},
    {.bitmap_index = 19421, .adv_w = 224, .box_w = 13, .box_h = 14, .ofs_x = 0, .ofs_y = -2},
    {.bitmap_index = 19512, .adv_w = 224, .box_w = 14, .box_h = 14, .ofs_x = 0, .ofs_y = -2},
    {.bitmap_index = 19610, .adv_w = 224, .box_w = 14, .box_h = 14, .ofs_x = 0, .ofs_y = -2},
    {.bitmap_index = 19708, .adv_w = 224, .box_w = 14, .box_h = 15, .ofs_x = 0, .ofs_y = -2},
    {.bitmap_index = 19813, .adv_w = 224, .box_w = 14, .box_h = 14, .ofs_x = 0, .ofs_y = -2},
    {.bitmap_index = 19911, .adv_w = 224, .box_w = 13, .box_h = 14, .ofs_x = 0, .ofs_y = -2},
    {.bitmap_index = 20002, .adv_w = 224, .box_w = 14, .box_h = 13, .ofs_x = 0, .ofs_y = -1},
    {.bitmap_index = 20093, .adv_w = 224, .box_w = 14, .box_h = 14, .ofs_x = 0, .ofs_y = -1},
    {.bitmap_index = 20191, .adv_w = 224, .box_w = 13, .box_h = 12, .ofs_x = 1, .ofs_y = -1},
    {.bitmap_index = 20269, .adv_w = 224, .box_w = 14, .box_h = 13, .ofs_x = 0, .ofs_y = -1},
    {.bitmap_index = 20360, .adv_w = 224, .box_w = 14, .box_h = 13, .ofs_x = 0, .ofs_y = -1},
    {.bitmap_index = 20451, .adv_w = 224, .box_w = 14, .box_h = 15, .ofs_x = 0, .ofs_y = -2},
    {.bitmap_index = 20556, .adv_w = 224, .box_w = 14, .box_h = 13, .ofs_x = 0, .ofs_y = -1},
    {.bitmap_index = 20647, .adv_w = 224, .box_w = 14, .box_h = 14, .ofs_x = 0, .ofs_y = -1},
    {.bitmap_index = 20745, .adv_w = 224, .box_w = 14, .box_h = 14, .ofs_x = 0, .ofs_y = -1},
    {.bitmap_index = 20843, .adv_w = 224, .box_w = 14, .box_h = 13, .ofs_x = 0, .ofs_y = -1},
    {.bitmap_index = 20934, .adv_w = 224, .box_w = 14, .box_h = 14, .ofs_x = 0, .ofs_y = -2},
    {.bitmap_index = 21032, .adv_w = 224, .box_w = 14, .box_h = 13, .ofs_x = 0, .ofs_y = -1},
    {.bitmap_index = 21123, .adv_w = 224, .box_w = 8, .box_h = 13, .ofs_x = 5, .ofs_y = -1},
    {.bitmap_index = 21175, .adv_w = 224, .box_w = 14, .box_h = 13, .ofs_x = 0, .ofs_y = -1},
    {.bitmap_index = 21266, .adv_w = 224, .box_w = 13, .box_h = 13, .ofs_x = 0, .ofs_y = -1},
    {.bitmap_index = 21351, .adv_w = 224, .box_w = 13, .box_h = 12, .ofs_x = 1, .ofs_y = -1},
    {.bitmap_index = 21429, .adv_w = 224, .box_w = 14, .box_h = 13, .ofs_x = 0, .ofs_y = -1},
    {.bitmap_index = 21520, .adv_w = 224, .box_w = 13, .box_h = 14, .ofs_x = 0, .ofs_y = -2},
    {.bitmap_index = 21611, .adv_w = 224, .box_w = 14, .box_h = 13, .ofs_x = 0, .ofs_y = -2},
    {.bitmap_index = 21702, .adv_w = 224, .box_w = 14, .box_h = 13, .ofs_x = 0, .ofs_y = -2},
    {.bitmap_index = 21793, .adv_w = 224, .box_w = 14, .box_h = 13, .ofs_x = 0, .ofs_y = -2},
    {.bitmap_index = 21884, .adv_w = 224, .box_w = 14, .box_h = 13, .ofs_x = 0, .ofs_y = -2},
    {.bitmap_index = 21975, .adv_w = 224, .box_w = 14, .box_h = 13, .ofs_x = 0, .ofs_y = -2},
    {.bitmap_index = 22066, .adv_w = 224, .box_w = 14, .box_h = 12, .ofs_x = 0, .ofs_y = -1},
    {.bitmap_index = 22150, .adv_w = 224, .box_w = 14, .box_h = 13, .ofs_x = 0, .ofs_y = -1},
    {.bitmap_index = 22241, .adv_w = 224, .box_w = 14, .box_h = 13, .ofs_x = 0, .ofs_y = -1},
    {.bitmap_index = 22332, .adv_w = 224, .box_w = 14, .box_h = 12, .ofs_x = 0, .ofs_y = -1},
    {.bitmap_index = 22416, .adv_w = 224, .box_w = 14, .box_h = 12, .ofs_x = 0, .ofs_y = -1},
    {.bitmap_index = 22500, .adv_w = 224, .box_w = 13, .box_h = 14, .ofs_x = 0, .ofs_y = -2},
    {.bitmap_index = 22591, .adv_w = 224, .box_w = 14, .box_h = 15, .ofs_x = 0, .ofs_y = -2},
    {.bitmap_index = 22696, .adv_w = 224, .box_w = 14, .box_h = 13, .ofs_x = 0, .ofs_y = -2},
    {.bitmap_index = 22787, .adv_w = 224, .box_w = 14, .box_h = 14, .ofs_x = 0, .ofs_y = -2},
    {.bitmap_index = 22885, .adv_w = 224, .box_w = 14, .box_h = 13, .ofs_x = 0, .ofs_y = -1},
    {.bitmap_index = 22976, .adv_w = 224, .box_w = 14, .box_h = 13, .ofs_x = 0, .ofs_y = -1},
    {.bitmap_index = 23067, .adv_w = 224, .box_w = 14, .box_h = 13, .ofs_x = 0, .ofs_y = -1},
    {.bitmap_index = 23158, .adv_w = 224, .box_w = 13, .box_h = 13, .ofs_x = 0, .ofs_y = -2},
    {.bitmap_index = 23243, .adv_w = 224, .box_w = 14, .box_h = 12, .ofs_x = 0, .ofs_y = -1},
    {.bitmap_index = 23327, .adv_w = 224, .box_w = 13, .box_h = 13, .ofs_x = 1, .ofs_y = -1},
    {.bitmap_index = 23412, .adv_w = 224, .box_w = 14, .box_h = 14, .ofs_x = 0, .ofs_y = -2},
    {.bitmap_index = 23510, .adv_w = 224, .box_w = 14, .box_h = 13, .ofs_x = 0, .ofs_y = -1},
    {.bitmap_index = 23601, .adv_w = 224, .box_w = 14, .box_h = 13, .ofs_x = 0, .ofs_y = -2},
    {.bitmap_index = 23692, .adv_w = 224, .box_w = 13, .box_h = 13, .ofs_x = 1, .ofs_y = -2},
    {.bitmap_index = 23777, .adv_w = 224, .box_w = 14, .box_h = 13, .ofs_x = 0, .ofs_y = -1},
    {.bitmap_index = 23868, .adv_w = 224, .box_w = 12, .box_h = 12, .ofs_x = 1, .ofs_y = -1},
    {.bitmap_index = 23940, .adv_w = 224, .box_w = 13, .box_h = 13, .ofs_x = 0, .ofs_y = -1},
    {.bitmap_index = 24025, .adv_w = 224, .box_w = 14, .box_h = 13, .ofs_x = 0, .ofs_y = -1},
    {.bitmap_index = 24116, .adv_w = 224, .box_w = 12, .box_h = 13, .ofs_x = 1, .ofs_y = -1},
    {.bitmap_index = 24194, .adv_w = 224, .box_w = 14, .box_h = 12, .ofs_x = 0, .ofs_y = -1},
    {.bitmap_index = 24278, .adv_w = 224, .box_w = 14, .box_h = 13, .ofs_x = 0, .ofs_y = -1},
    {.bitmap_index = 24369, .adv_w = 224, .box_w = 14, .box_h = 13, .ofs_x = 0, .ofs_y = -2},
    {.bitmap_index = 24460, .adv_w = 224, .box_w = 14, .box_h = 13, .ofs_x = 0, .ofs_y = -2},
    {.bitmap_index = 24551, .adv_w = 224, .box_w = 13, .box_h = 13, .ofs_x = 0, .ofs_y = -2},
    {.bitmap_index = 24636, .adv_w = 224, .box_w = 13, .box_h = 14, .ofs_x = 1, .ofs_y = -2},
    {.bitmap_index = 24727, .adv_w = 224, .box_w = 14, .box_h = 13, .ofs_x = 0, .ofs_y = -1},
    {.bitmap_index = 24818, .adv_w = 224, .box_w = 14, .box_h = 14, .ofs_x = 0, .ofs_y = -2},
    {.bitmap_index = 24916, .adv_w = 224, .box_w = 12, .box_h = 12, .ofs_x = 1, .ofs_y = -1},
    {.bitmap_index = 24988, .adv_w = 224, .box_w = 14, .box_h = 14, .ofs_x = 0, .ofs_y = -1},
    {.bitmap_index = 25086, .adv_w = 224, .box_w = 14, .box_h = 13, .ofs_x = 0, .ofs_y = -2},
    {.bitmap_index = 25177, .adv_w = 224, .box_w = 14, .box_h = 13, .ofs_x = 0, .ofs_y = -2},
    {.bitmap_index = 25268, .adv_w = 224, .box_w = 14, .box_h = 15, .ofs_x = 0, .ofs_y = -2},
    {.bitmap_index = 25373, .adv_w = 224, .box_w = 13, .box_h = 14, .ofs_x = 1, .ofs_y = -2},
    {.bitmap_index = 25464, .adv_w = 224, .box_w = 13, .box_h = 13, .ofs_x = 1, .ofs_y = -2},
    {.bitmap_index = 25549, .adv_w = 224, .box_w = 12, .box_h = 13, .ofs_x = 1, .ofs_y = -2},
    {.bitmap_index = 25627, .adv_w = 224, .box_w = 14, .box_h = 13, .ofs_x = 0, .ofs_y = -1},
    {.bitmap_index = 25718, .adv_w = 224, .box_w = 14, .box_h = 13, .ofs_x = 0, .ofs_y = -1},
    {.bitmap_index = 25809, .adv_w = 224, .box_w = 13, .box_h = 14, .ofs_x = 1, .ofs_y = -2},
    {.bitmap_index = 25900, .adv_w = 224, .box_w = 13, .box_h = 14, .ofs_x = 1, .ofs_y = -1},
    {.bitmap_index = 25991, .adv_w = 224, .box_w = 12, .box_h = 13, .ofs_x = 1, .ofs_y = -2},
    {.bitmap_index = 26069, .adv_w = 224, .box_w = 14, .box_h = 13, .ofs_x = 0, .ofs_y = -2},
    {.bitmap_index = 26160, .adv_w = 224, .box_w = 14, .box_h = 14, .ofs_x = 0, .ofs_y = -2},
    {.bitmap_index = 26258, .adv_w = 224, .box_w = 12, .box_h = 12, .ofs_x = 1, .ofs_y = -1},
    {.bitmap_index = 26330, .adv_w = 224, .box_w = 12, .box_h = 12, .ofs_x = 1, .ofs_y = -1},
    {.bitmap_index = 26402, .adv_w = 224, .box_w = 12, .box_h = 12, .ofs_x = 1, .ofs_y = -1},
    {.bitmap_index = 26474, .adv_w = 224, .box_w = 12, .box_h = 12, .ofs_x = 1, .ofs_y = -1},
    {.bitmap_index = 26546, .adv_w = 224, .box_w = 12, .box_h = 12, .ofs_x = 1, .ofs_y = -1},
    {.bitmap_index = 26618, .adv_w = 224, .box_w = 12, .box_h = 12, .ofs_x = 1, .ofs_y = -1},
    {.bitmap_index = 26690, .adv_w = 224, .box_w = 12, .box_h = 12, .ofs_x = 1, .ofs_y = -1},
    {.bitmap_index = 26762, .adv_w = 224, .box_w = 12, .box_h = 12, .ofs_x = 1, .ofs_y = -1},
    {.bitmap_index = 26834, .adv_w = 224, .box_w = 12, .box_h = 12, .ofs_x = 1, .ofs_y = -1},
    {.bitmap_index = 26906, .adv_w = 224, .box_w = 14, .box_h = 13, .ofs_x = 0, .ofs_y = -1},
    {.bitmap_index = 26997, .adv_w = 224, .box_w = 14, .box_h = 13, .ofs_x = 0, .ofs_y = -1},
    {.bitmap_index = 27088, .adv_w = 224, .box_w = 14, .box_h = 13, .ofs_x = 0, .ofs_y = -1},
    {.bitmap_index = 27179, .adv_w = 224, .box_w = 14, .box_h = 13, .ofs_x = 0, .ofs_y = -1},
    {.bitmap_index = 27270, .adv_w = 224, .box_w = 14, .box_h = 14, .ofs_x = 0, .ofs_y = -2},
    {.bitmap_index = 27368, .adv_w = 224, .box_w = 14, .box_h = 15, .ofs_x = 0, .ofs_y = -2},
    {.bitmap_index = 27473, .adv_w = 224, .box_w = 14, .box_h = 13, .ofs_x = 0, .ofs_y = -1},
    {.bitmap_index = 27564, .adv_w = 224, .box_w = 13, .box_h = 13, .ofs_x = 0, .ofs_y = -1},
    {.bitmap_index = 27649, .adv_w = 224, .box_w = 14, .box_h = 13, .ofs_x = 0, .ofs_y = -1},
    {.bitmap_index = 27740, .adv_w = 224, .box_w = 14, .box_h = 15, .ofs_x = 0, .ofs_y = -2},
    {.bitmap_index = 27845, .adv_w = 224, .box_w = 14, .box_h = 13, .ofs_x = 0, .ofs_y = -1},
    {.bitmap_index = 27936, .adv_w = 224, .box_w = 14, .box_h = 13, .ofs_x = 0, .ofs_y = -1},
    {.bitmap_index = 28027, .adv_w = 224, .box_w = 14, .box_h = 15, .ofs_x = 0, .ofs_y = -2},
    {.bitmap_index = 28132, .adv_w = 224, .box_w = 14, .box_h = 14, .ofs_x = 0, .ofs_y = -1},
    {.bitmap_index = 28230, .adv_w = 224, .box_w = 14, .box_h = 14, .ofs_x = 0, .ofs_y = -1},
    {.bitmap_index = 28328, .adv_w = 224, .box_w = 14, .box_h = 14, .ofs_x = 0, .ofs_y = -2},
    {.bitmap_index = 28426, .adv_w = 224, .box_w = 14, .box_h = 13, .ofs_x = 0, .ofs_y = -1},
    {.bitmap_index = 28517, .adv_w = 224, .box_w = 14, .box_h = 13, .ofs_x = 0, .ofs_y = -1},
    {.bitmap_index = 28608, .adv_w = 224, .box_w = 14, .box_h = 15, .ofs_x = 0, .ofs_y = -2},
    {.bitmap_index = 28713, .adv_w = 224, .box_w = 13, .box_h = 14, .ofs_x = 0, .ofs_y = -1},
    {.bitmap_index = 28804, .adv_w = 224, .box_w = 14, .box_h = 12, .ofs_x = 0, .ofs_y = -1},
    {.bitmap_index = 28888, .adv_w = 224, .box_w = 14, .box_h = 13, .ofs_x = 0, .ofs_y = -1},
    {.bitmap_index = 28979, .adv_w = 224, .box_w = 14, .box_h = 15, .ofs_x = 0, .ofs_y = -2},
    {.bitmap_index = 29084, .adv_w = 224, .box_w = 14, .box_h = 13, .ofs_x = 0, .ofs_y = -1},
    {.bitmap_index = 29175, .adv_w = 224, .box_w = 14, .box_h = 13, .ofs_x = 0, .ofs_y = -1},
    {.bitmap_index = 29266, .adv_w = 224, .box_w = 14, .box_h = 14, .ofs_x = 0, .ofs_y = -1},
    {.bitmap_index = 29364, .adv_w = 224, .box_w = 14, .box_h = 15, .ofs_x = 0, .ofs_y = -2},
    {.bitmap_index = 29469, .adv_w = 224, .box_w = 14, .box_h = 14, .ofs_x = 0, .ofs_y = -2},
    {.bitmap_index = 29567, .adv_w = 224, .box_w = 14, .box_h = 14, .ofs_x = 0, .ofs_y = -2},
    {.bitmap_index = 29665, .adv_w = 224, .box_w = 14, .box_h = 14, .ofs_x = 0, .ofs_y = -1},
    {.bitmap_index = 29763, .adv_w = 224, .box_w = 14, .box_h = 13, .ofs_x = 0, .ofs_y = -1},
    {.bitmap_index = 29854, .adv_w = 224, .box_w = 14, .box_h = 14, .ofs_x = 0, .ofs_y = -1},
    {.bitmap_index = 29952, .adv_w = 224, .box_w = 13, .box_h = 13, .ofs_x = 1, .ofs_y = -1},
    {.bitmap_index = 30037, .adv_w = 224, .box_w = 14, .box_h = 14, .ofs_x = 0, .ofs_y = -2},
    {.bitmap_index = 30135, .adv_w = 224, .box_w = 14, .box_h = 13, .ofs_x = 0, .ofs_y = -1},
    {.bitmap_index = 30226, .adv_w = 224, .box_w = 14, .box_h = 13, .ofs_x = 0, .ofs_y = -1},
    {.bitmap_index = 30317, .adv_w = 224, .box_w = 14, .box_h = 13, .ofs_x = 0, .ofs_y = -2},
    {.bitmap_index = 30408, .adv_w = 224, .box_w = 14, .box_h = 13, .ofs_x = 0, .ofs_y = -1},
    {.bitmap_index = 30499, .adv_w = 224, .box_w = 14, .box_h = 14, .ofs_x = 0, .ofs_y = -2},
    {.bitmap_index = 30597, .adv_w = 224, .box_w = 14, .box_h = 13, .ofs_x = 0, .ofs_y = -1},
    {.bitmap_index = 30688, .adv_w = 224, .box_w = 14, .box_h = 13, .ofs_x = 0, .ofs_y = -1},
    {.bitmap_index = 30779, .adv_w = 224, .box_w = 14, .box_h = 13, .ofs_x = 0, .ofs_y = -1},
    {.bitmap_index = 30870, .adv_w = 224, .box_w = 14, .box_h = 14, .ofs_x = 0, .ofs_y = -2},
    {.bitmap_index = 30968, .adv_w = 224, .box_w = 14, .box_h = 14, .ofs_x = 0, .ofs_y = -2},
    {.bitmap_index = 31066, .adv_w = 224, .box_w = 14, .box_h = 14, .ofs_x = 0, .ofs_y = -2},
    {.bitmap_index = 31164, .adv_w = 224, .box_w = 14, .box_h = 14, .ofs_x = 0, .ofs_y = -2},
    {.bitmap_index = 31262, .adv_w = 224, .box_w = 14, .box_h = 14, .ofs_x = 0, .ofs_y = -2},
    {.bitmap_index = 31360, .adv_w = 224, .box_w = 13, .box_h = 15, .ofs_x = 0, .ofs_y = -2},
    {.bitmap_index = 31458, .adv_w = 224, .box_w = 14, .box_h = 15, .ofs_x = 0, .ofs_y = -2},
    {.bitmap_index = 31563, .adv_w = 224, .box_w = 14, .box_h = 13, .ofs_x = 0, .ofs_y = -1},
    {.bitmap_index = 31654, .adv_w = 224, .box_w = 14, .box_h = 13, .ofs_x = 0, .ofs_y = -1},
    {.bitmap_index = 31745, .adv_w = 224, .box_w = 14, .box_h = 15, .ofs_x = 0, .ofs_y = -2},
    {.bitmap_index = 31850, .adv_w = 224, .box_w = 14, .box_h = 14, .ofs_x = 0, .ofs_y = -2},
    {.bitmap_index = 31948, .adv_w = 224, .box_w = 14, .box_h = 15, .ofs_x = 0, .ofs_y = -2},
    {.bitmap_index = 32053, .adv_w = 224, .box_w = 13, .box_h = 14, .ofs_x = 0, .ofs_y = -1},
    {.bitmap_index = 32144, .adv_w = 224, .box_w = 14, .box_h = 14, .ofs_x = 0, .ofs_y = -2},
    {.bitmap_index = 32242, .adv_w = 224, .box_w = 14, .box_h = 13, .ofs_x = 0, .ofs_y = -1},
    {.bitmap_index = 32333, .adv_w = 224, .box_w = 14, .box_h = 13, .ofs_x = 0, .ofs_y = -1},
    {.bitmap_index = 32424, .adv_w = 224, .box_w = 14, .box_h = 13, .ofs_x = 0, .ofs_y = -1},
    {.bitmap_index = 32515, .adv_w = 224, .box_w = 14, .box_h = 14, .ofs_x = 0, .ofs_y = -2},
    {.bitmap_index = 32613, .adv_w = 224, .box_w = 14, .box_h = 13, .ofs_x = 0, .ofs_y = -1},
    {.bitmap_index = 32704, .adv_w = 224, .box_w = 13, .box_h = 13, .ofs_x = 1, .ofs_y = -1},
    {.bitmap_index = 32789, .adv_w = 224, .box_w = 14, .box_h = 14, .ofs_x = 0, .ofs_y = -2},
    {.bitmap_index = 32887, .adv_w = 224, .box_w = 14, .box_h = 14, .ofs_x = 0, .ofs_y = -2},
    {.bitmap_index = 32985, .adv_w = 224, .box_w = 14, .box_h = 13, .ofs_x = 0, .ofs_y = -1},
    {.bitmap_index = 33076, .adv_w = 224, .box_w = 12, .box_h = 13, .ofs_x = 1, .ofs_y = -1},
    {.bitmap_index = 33154, .adv_w = 224, .box_w = 14, .box_h = 14, .ofs_x = 0, .ofs_y = -2},
    {.bitmap_index = 33252, .adv_w = 224, .box_w = 14, .box_h = 14, .ofs_x = 0, .ofs_y = -2},
    {.bitmap_index = 33350, .adv_w = 224, .box_w = 14, .box_h = 13, .ofs_x = 0, .ofs_y = -1},
    {.bitmap_index = 33441, .adv_w = 224, .box_w = 14, .box_h = 13, .ofs_x = 0, .ofs_y = -1},
    {.bitmap_index = 33532, .adv_w = 224, .box_w = 13, .box_h = 13, .ofs_x = 1, .ofs_y = -1},
    {.bitmap_index = 33617, .adv_w = 224, .box_w = 14, .box_h = 13, .ofs_x = 0, .ofs_y = -1},
    {.bitmap_index = 33708, .adv_w = 224, .box_w = 12, .box_h = 13, .ofs_x = 1, .ofs_y = -1},
    {.bitmap_index = 33786, .adv_w = 224, .box_w = 12, .box_h = 13, .ofs_x = 1, .ofs_y = -1},
    {.bitmap_index = 33864, .adv_w = 224, .box_w = 14, .box_h = 15, .ofs_x = 0, .ofs_y = -2},
    {.bitmap_index = 33969, .adv_w = 224, .box_w = 14, .box_h = 15, .ofs_x = 0, .ofs_y = -2},
    {.bitmap_index = 34074, .adv_w = 224, .box_w = 14, .box_h = 13, .ofs_x = 0, .ofs_y = -1},
    {.bitmap_index = 34165, .adv_w = 224, .box_w = 14, .box_h = 15, .ofs_x = 0, .ofs_y = -2},
    {.bitmap_index = 34270, .adv_w = 224, .box_w = 14, .box_h = 14, .ofs_x = 0, .ofs_y = -2},
    {.bitmap_index = 34368, .adv_w = 224, .box_w = 13, .box_h = 14, .ofs_x = 0, .ofs_y = -1},
    {.bitmap_index = 34459, .adv_w = 224, .box_w = 14, .box_h = 14, .ofs_x = 0, .ofs_y = -2},
    {.bitmap_index = 34557, .adv_w = 224, .box_w = 14, .box_h = 14, .ofs_x = 0, .ofs_y = -1},
    {.bitmap_index = 34655, .adv_w = 224, .box_w = 14, .box_h = 15, .ofs_x = 0, .ofs_y = -2},
    {.bitmap_index = 34760, .adv_w = 224, .box_w = 12, .box_h = 14, .ofs_x = 1, .ofs_y = -2},
    {.bitmap_index = 34844, .adv_w = 224, .box_w = 14, .box_h = 15, .ofs_x = 0, .ofs_y = -2},
    {.bitmap_index = 34949, .adv_w = 224, .box_w = 14, .box_h = 13, .ofs_x = 0, .ofs_y = -1},
    {.bitmap_index = 35040, .adv_w = 224, .box_w = 13, .box_h = 15, .ofs_x = 0, .ofs_y = -2},
    {.bitmap_index = 35138, .adv_w = 224, .box_w = 14, .box_h = 13, .ofs_x = 0, .ofs_y = -1},
    {.bitmap_index = 35229, .adv_w = 224, .box_w = 14, .box_h = 13, .ofs_x = 0, .ofs_y = -1},
    {.bitmap_index = 35320, .adv_w = 224, .box_w = 14, .box_h = 14, .ofs_x = 0, .ofs_y = -2},
    {.bitmap_index = 35418, .adv_w = 224, .box_w = 14, .box_h = 13, .ofs_x = 0, .ofs_y = -1},
    {.bitmap_index = 35509, .adv_w = 224, .box_w = 14, .box_h = 12, .ofs_x = 0, .ofs_y = -1},
    {.bitmap_index = 35593, .adv_w = 224, .box_w = 14, .box_h = 15, .ofs_x = 0, .ofs_y = -2},
    {.bitmap_index = 35698, .adv_w = 224, .box_w = 13, .box_h = 13, .ofs_x = 0, .ofs_y = -1},
    {.bitmap_index = 35783, .adv_w = 224, .box_w = 14, .box_h = 14, .ofs_x = 0, .ofs_y = -2},
    {.bitmap_index = 35881, .adv_w = 224, .box_w = 14, .box_h = 13, .ofs_x = 0, .ofs_y = -1},
    {.bitmap_index = 35972, .adv_w = 224, .box_w = 14, .box_h = 12, .ofs_x = 0, .ofs_y = -1},
    {.bitmap_index = 36056, .adv_w = 224, .box_w = 14, .box_h = 14, .ofs_x = 0, .ofs_y = -2},
    {.bitmap_index = 36154, .adv_w = 224, .box_w = 14, .box_h = 14, .ofs_x = 0, .ofs_y = -2},
    {.bitmap_index = 36252, .adv_w = 224, .box_w = 14, .box_h = 13, .ofs_x = 0, .ofs_y = -1},
    {.bitmap_index = 36343, .adv_w = 224, .box_w = 14, .box_h = 13, .ofs_x = 0, .ofs_y = -1},
    {.bitmap_index = 36434, .adv_w = 224, .box_w = 14, .box_h = 13, .ofs_x = 0, .ofs_y = -1},
    {.bitmap_index = 36525, .adv_w = 224, .box_w = 12, .box_h = 13, .ofs_x = 1, .ofs_y = -1},
    {.bitmap_index = 36603, .adv_w = 224, .box_w = 14, .box_h = 15, .ofs_x = 0, .ofs_y = -2},
    {.bitmap_index = 36708, .adv_w = 224, .box_w = 14, .box_h = 12, .ofs_x = 0, .ofs_y = -1},
    {.bitmap_index = 36792, .adv_w = 224, .box_w = 14, .box_h = 13, .ofs_x = 0, .ofs_y = -2},
    {.bitmap_index = 36883, .adv_w = 224, .box_w = 14, .box_h = 13, .ofs_x = 0, .ofs_y = -2},
    {.bitmap_index = 36974, .adv_w = 224, .box_w = 14, .box_h = 13, .ofs_x = 0, .ofs_y = -2},
    {.bitmap_index = 37065, .adv_w = 224, .box_w = 14, .box_h = 13, .ofs_x = 0, .ofs_y = -2},
    {.bitmap_index = 37156, .adv_w = 224, .box_w = 14, .box_h = 13, .ofs_x = 0, .ofs_y = -2},
    {.bitmap_index = 37247, .adv_w = 224, .box_w = 14, .box_h = 12, .ofs_x = 0, .ofs_y = -1},
    {.bitmap_index = 37331, .adv_w = 224, .box_w = 14, .box_h = 13, .ofs_x = 0, .ofs_y = -2},
    {.bitmap_index = 37422, .adv_w = 224, .box_w = 13, .box_h = 12, .ofs_x = 0, .ofs_y = -1},
    {.bitmap_index = 37500, .adv_w = 224, .box_w = 14, .box_h = 13, .ofs_x = 0, .ofs_y = -2},
    {.bitmap_index = 37591, .adv_w = 224, .box_w = 12, .box_h = 13, .ofs_x = 1, .ofs_y = -1},
    {.bitmap_index = 37669, .adv_w = 224, .box_w = 12, .box_h = 14, .ofs_x = 1, .ofs_y = -2},
    {.bitmap_index = 37753, .adv_w = 224, .box_w = 13, .box_h = 13, .ofs_x = 1, .ofs_y = -1},
    {.bitmap_index = 37838, .adv_w = 224, .box_w = 13, .box_h = 14, .ofs_x = 1, .ofs_y = -2},
    {.bitmap_index = 37929, .adv_w = 224, .box_w = 15, .box_h = 14, .ofs_x = 0, .ofs_y = -2},
    {.bitmap_index = 38034, .adv_w = 224, .box_w = 14, .box_h = 13, .ofs_x = 0, .ofs_y = -1},
    {.bitmap_index = 38125, .adv_w = 224, .box_w = 14, .box_h = 13, .ofs_x = 0, .ofs_y = -1},
    {.bitmap_index = 38216, .adv_w = 224, .box_w = 13, .box_h = 14, .ofs_x = 1, .ofs_y = -1},
    {.bitmap_index = 38307, .adv_w = 224, .box_w = 13, .box_h = 13, .ofs_x = 0, .ofs_y = -1},
    {.bitmap_index = 38392, .adv_w = 224, .box_w = 13, .box_h = 14, .ofs_x = 1, .ofs_y = -2},
    {.bitmap_index = 38483, .adv_w = 224, .box_w = 13, .box_h = 14, .ofs_x = 0, .ofs_y = -2},
    {.bitmap_index = 38574, .adv_w = 224, .box_w = 14, .box_h = 14, .ofs_x = 0, .ofs_y = -2},
    {.bitmap_index = 38672, .adv_w = 224, .box_w = 14, .box_h = 14, .ofs_x = 0, .ofs_y = -2},
    {.bitmap_index = 38770, .adv_w = 224, .box_w = 14, .box_h = 12, .ofs_x = 0, .ofs_y = -1},
    {.bitmap_index = 38854, .adv_w = 224, .box_w = 14, .box_h = 13, .ofs_x = 0, .ofs_y = -1},
    {.bitmap_index = 38945, .adv_w = 224, .box_w = 11, .box_h = 12, .ofs_x = 2, .ofs_y = -1},
    {.bitmap_index = 39011, .adv_w = 224, .box_w = 13, .box_h = 12, .ofs_x = 1, .ofs_y = -1},
    {.bitmap_index = 39089, .adv_w = 224, .box_w = 14, .box_h = 13, .ofs_x = 0, .ofs_y = -1},
    {.bitmap_index = 39180, .adv_w = 224, .box_w = 13, .box_h = 14, .ofs_x = 1, .ofs_y = -2},
    {.bitmap_index = 39271, .adv_w = 224, .box_w = 13, .box_h = 13, .ofs_x = 1, .ofs_y = -1},
    {.bitmap_index = 39356, .adv_w = 224, .box_w = 13, .box_h = 15, .ofs_x = 1, .ofs_y = -2},
    {.bitmap_index = 39454, .adv_w = 224, .box_w = 12, .box_h = 13, .ofs_x = 1, .ofs_y = -1},
    {.bitmap_index = 39532, .adv_w = 224, .box_w = 13, .box_h = 13, .ofs_x = 1, .ofs_y = -1},
    {.bitmap_index = 39617, .adv_w = 224, .box_w = 12, .box_h = 13, .ofs_x = 1, .ofs_y = -1},
    {.bitmap_index = 39695, .adv_w = 224, .box_w = 13, .box_h = 13, .ofs_x = 1, .ofs_y = -1},
    {.bitmap_index = 39780, .adv_w = 224, .box_w = 14, .box_h = 13, .ofs_x = 0, .ofs_y = -1},
    {.bitmap_index = 39871, .adv_w = 224, .box_w = 14, .box_h = 12, .ofs_x = 0, .ofs_y = -1},
    {.bitmap_index = 39955, .adv_w = 224, .box_w = 14, .box_h = 12, .ofs_x = 0, .ofs_y = -1},
    {.bitmap_index = 40039, .adv_w = 224, .box_w = 14, .box_h = 13, .ofs_x = 0, .ofs_y = -1},
    {.bitmap_index = 40130, .adv_w = 224, .box_w = 14, .box_h = 14, .ofs_x = 0, .ofs_y = -2},
    {.bitmap_index = 40228, .adv_w = 224, .box_w = 15, .box_h = 15, .ofs_x = 0, .ofs_y = -2},
    {.bitmap_index = 40341, .adv_w = 224, .box_w = 14, .box_h = 14, .ofs_x = 0, .ofs_y = -2},
    {.bitmap_index = 40439, .adv_w = 224, .box_w = 14, .box_h = 14, .ofs_x = 0, .ofs_y = -2},
    {.bitmap_index = 40537, .adv_w = 224, .box_w = 14, .box_h = 14, .ofs_x = 0, .ofs_y = -2},
    {.bitmap_index = 40635, .adv_w = 224, .box_w = 14, .box_h = 14, .ofs_x = 0, .ofs_y = -2},
    {.bitmap_index = 40733, .adv_w = 224, .box_w = 14, .box_h = 14, .ofs_x = 0, .ofs_y = -2},
    {.bitmap_index = 40831, .adv_w = 224, .box_w = 14, .box_h = 14, .ofs_x = 0, .ofs_y = -2},
    {.bitmap_index = 40929, .adv_w = 224, .box_w = 14, .box_h = 13, .ofs_x = 0, .ofs_y = -1},
    {.bitmap_index = 41020, .adv_w = 224, .box_w = 14, .box_h = 14, .ofs_x = 0, .ofs_y = -2},
    {.bitmap_index = 41118, .adv_w = 224, .box_w = 14, .box_h = 14, .ofs_x = 0, .ofs_y = -2},
    {.bitmap_index = 41216, .adv_w = 224, .box_w = 14, .box_h = 14, .ofs_x = 0, .ofs_y = -2},
    {.bitmap_index = 41314, .adv_w = 224, .box_w = 14, .box_h = 13, .ofs_x = 0, .ofs_y = -1},
    {.bitmap_index = 41405, .adv_w = 224, .box_w = 14, .box_h = 14, .ofs_x = 0, .ofs_y = -2},
    {.bitmap_index = 41503, .adv_w = 224, .box_w = 14, .box_h = 15, .ofs_x = 0, .ofs_y = -2},
    {.bitmap_index = 41608, .adv_w = 224, .box_w = 14, .box_h = 14, .ofs_x = 0, .ofs_y = -2},
    {.bitmap_index = 41706, .adv_w = 224, .box_w = 14, .box_h = 15, .ofs_x = 0, .ofs_y = -2},
    {.bitmap_index = 41811, .adv_w = 224, .box_w = 14, .box_h = 14, .ofs_x = 0, .ofs_y = -2},
    {.bitmap_index = 41909, .adv_w = 224, .box_w = 14, .box_h = 13, .ofs_x = 0, .ofs_y = -1},
    {.bitmap_index = 42000, .adv_w = 224, .box_w = 14, .box_h = 13, .ofs_x = 0, .ofs_y = -2},
    {.bitmap_index = 42091, .adv_w = 224, .box_w = 14, .box_h = 13, .ofs_x = 0, .ofs_y = -2},
    {.bitmap_index = 42182, .adv_w = 224, .box_w = 14, .box_h = 13, .ofs_x = 0, .ofs_y = -1},
    {.bitmap_index = 42273, .adv_w = 224, .box_w = 13, .box_h = 13, .ofs_x = 1, .ofs_y = -1},
    {.bitmap_index = 42358, .adv_w = 224, .box_w = 14, .box_h = 14, .ofs_x = 0, .ofs_y = -2},
    {.bitmap_index = 42456, .adv_w = 224, .box_w = 14, .box_h = 14, .ofs_x = 0, .ofs_y = -2},
    {.bitmap_index = 42554, .adv_w = 224, .box_w = 14, .box_h = 14, .ofs_x = 0, .ofs_y = -2},
    {.bitmap_index = 42652, .adv_w = 224, .box_w = 14, .box_h = 13, .ofs_x = 0, .ofs_y = -2},
    {.bitmap_index = 42743, .adv_w = 224, .box_w = 14, .box_h = 13, .ofs_x = 0, .ofs_y = -2},
    {.bitmap_index = 42834, .adv_w = 224, .box_w = 12, .box_h = 14, .ofs_x = 1, .ofs_y = -2},
    {.bitmap_index = 42918, .adv_w = 224, .box_w = 12, .box_h = 13, .ofs_x = 1, .ofs_y = -1},
    {.bitmap_index = 42996, .adv_w = 224, .box_w = 14, .box_h = 13, .ofs_x = 0, .ofs_y = -1},
    {.bitmap_index = 43087, .adv_w = 224, .box_w = 14, .box_h = 14, .ofs_x = 0, .ofs_y = -2},
    {.bitmap_index = 43185, .adv_w = 224, .box_w = 14, .box_h = 14, .ofs_x = 0, .ofs_y = -2},
    {.bitmap_index = 43283, .adv_w = 224, .box_w = 14, .box_h = 13, .ofs_x = 0, .ofs_y = -1},
    {.bitmap_index = 43374, .adv_w = 224, .box_w = 13, .box_h = 13, .ofs_x = 0, .ofs_y = -1},
    {.bitmap_index = 43459, .adv_w = 224, .box_w = 14, .box_h = 13, .ofs_x = 0, .ofs_y = -1},
    {.bitmap_index = 43550, .adv_w = 224, .box_w = 14, .box_h = 13, .ofs_x = 0, .ofs_y = -1},
    {.bitmap_index = 43641, .adv_w = 224, .box_w = 14, .box_h = 15, .ofs_x = 0, .ofs_y = -2},
    {.bitmap_index = 43746, .adv_w = 224, .box_w = 14, .box_h = 13, .ofs_x = 0, .ofs_y = -1},
    {.bitmap_index = 43837, .adv_w = 224, .box_w = 14, .box_h = 13, .ofs_x = 0, .ofs_y = -1},
    {.bitmap_index = 43928, .adv_w = 224, .box_w = 14, .box_h = 13, .ofs_x = 0, .ofs_y = -1},
    {.bitmap_index = 44019, .adv_w = 224, .box_w = 14, .box_h = 13, .ofs_x = 0, .ofs_y = -1},
    {.bitmap_index = 44110, .adv_w = 224, .box_w = 14, .box_h = 14, .ofs_x = 0, .ofs_y = -2},
    {.bitmap_index = 44208, .adv_w = 224, .box_w = 14, .box_h = 15, .ofs_x = 0, .ofs_y = -2},
    {.bitmap_index = 44313, .adv_w = 224, .box_w = 14, .box_h = 15, .ofs_x = 0, .ofs_y = -2},
    {.bitmap_index = 44418, .adv_w = 224, .box_w = 14, .box_h = 13, .ofs_x = 0, .ofs_y = -1},
    {.bitmap_index = 44509, .adv_w = 224, .box_w = 14, .box_h = 12, .ofs_x = 0, .ofs_y = -1},
    {.bitmap_index = 44593, .adv_w = 224, .box_w = 14, .box_h = 13, .ofs_x = 0, .ofs_y = -1},
    {.bitmap_index = 44684, .adv_w = 224, .box_w = 14, .box_h = 14, .ofs_x = 0, .ofs_y = -1},
    {.bitmap_index = 44782, .adv_w = 224, .box_w = 14, .box_h = 13, .ofs_x = 0, .ofs_y = -1},
    {.bitmap_index = 44873, .adv_w = 224, .box_w = 14, .box_h = 13, .ofs_x = 0, .ofs_y = -1},
    {.bitmap_index = 44964, .adv_w = 224, .box_w = 14, .box_h = 12, .ofs_x = 0, .ofs_y = -1},
    {.bitmap_index = 45048, .adv_w = 224, .box_w = 14, .box_h = 13, .ofs_x = 0, .ofs_y = -1},
    {.bitmap_index = 45139, .adv_w = 224, .box_w = 14, .box_h = 13, .ofs_x = 0, .ofs_y = -1},
    {.bitmap_index = 45230, .adv_w = 224, .box_w = 14, .box_h = 13, .ofs_x = 0, .ofs_y = -1},
    {.bitmap_index = 45321, .adv_w = 224, .box_w = 14, .box_h = 12, .ofs_x = 0, .ofs_y = -1},
    {.bitmap_index = 45405, .adv_w = 224, .box_w = 14, .box_h = 14, .ofs_x = 0, .ofs_y = -1},
    {.bitmap_index = 45503, .adv_w = 224, .box_w = 13, .box_h = 13, .ofs_x = 1, .ofs_y = -1},
    {.bitmap_index = 45588, .adv_w = 224, .box_w = 14, .box_h = 13, .ofs_x = 0, .ofs_y = -1},
    {.bitmap_index = 45679, .adv_w = 224, .box_w = 14, .box_h = 14, .ofs_x = 0, .ofs_y = -2},
    {.bitmap_index = 45777, .adv_w = 224, .box_w = 14, .box_h = 15, .ofs_x = 0, .ofs_y = -2},
    {.bitmap_index = 45882, .adv_w = 224, .box_w = 14, .box_h = 13, .ofs_x = 0, .ofs_y = -1},
    {.bitmap_index = 45973, .adv_w = 224, .box_w = 14, .box_h = 13, .ofs_x = 0, .ofs_y = -1},
    {.bitmap_index = 46064, .adv_w = 224, .box_w = 14, .box_h = 13, .ofs_x = 0, .ofs_y = -1},
    {.bitmap_index = 46155, .adv_w = 224, .box_w = 14, .box_h = 13, .ofs_x = 0, .ofs_y = -1},
    {.bitmap_index = 46246, .adv_w = 224, .box_w = 14, .box_h = 14, .ofs_x = 0, .ofs_y = -2},
    {.bitmap_index = 46344, .adv_w = 224, .box_w = 14, .box_h = 13, .ofs_x = 0, .ofs_y = -1},
    {.bitmap_index = 46435, .adv_w = 224, .box_w = 14, .box_h = 13, .ofs_x = 0, .ofs_y = -1},
    {.bitmap_index = 46526, .adv_w = 224, .box_w = 14, .box_h = 13, .ofs_x = 0, .ofs_y = -1},
    {.bitmap_index = 46617, .adv_w = 224, .box_w = 14, .box_h = 13, .ofs_x = 0, .ofs_y = -1},
    {.bitmap_index = 46708, .adv_w = 224, .box_w = 14, .box_h = 13, .ofs_x = 0, .ofs_y = -1},
    {.bitmap_index = 46799, .adv_w = 224, .box_w = 14, .box_h = 14, .ofs_x = 0, .ofs_y = -1},
    {.bitmap_index = 46897, .adv_w = 224, .box_w = 14, .box_h = 13, .ofs_x = 0, .ofs_y = -2},
    {.bitmap_index = 46988, .adv_w = 224, .box_w = 14, .box_h = 13, .ofs_x = 0, .ofs_y = -1},
    {.bitmap_index = 47079, .adv_w = 224, .box_w = 14, .box_h = 13, .ofs_x = 0, .ofs_y = -1},
    {.bitmap_index = 47170, .adv_w = 224, .box_w = 14, .box_h = 13, .ofs_x = 0, .ofs_y = -1},
    {.bitmap_index = 47261, .adv_w = 224, .box_w = 14, .box_h = 13, .ofs_x = 0, .ofs_y = -1},
    {.bitmap_index = 47352, .adv_w = 224, .box_w = 14, .box_h = 13, .ofs_x = 0, .ofs_y = -1},
    {.bitmap_index = 47443, .adv_w = 224, .box_w = 14, .box_h = 15, .ofs_x = 0, .ofs_y = -2},
    {.bitmap_index = 47548, .adv_w = 224, .box_w = 14, .box_h = 14, .ofs_x = 0, .ofs_y = -2},
    {.bitmap_index = 47646, .adv_w = 224, .box_w = 14, .box_h = 13, .ofs_x = 0, .ofs_y = -1},
    {.bitmap_index = 47737, .adv_w = 224, .box_w = 14, .box_h = 14, .ofs_x = 0, .ofs_y = -2},
    {.bitmap_index = 47835, .adv_w = 224, .box_w = 14, .box_h = 14, .ofs_x = 0, .ofs_y = -2},
    {.bitmap_index = 47933, .adv_w = 224, .box_w = 14, .box_h = 14, .ofs_x = 0, .ofs_y = -2},
    {.bitmap_index = 48031, .adv_w = 224, .box_w = 14, .box_h = 14, .ofs_x = 0, .ofs_y = -2},
    {.bitmap_index = 48129, .adv_w = 224, .box_w = 14, .box_h = 14, .ofs_x = 0, .ofs_y = -2},
    {.bitmap_index = 48227, .adv_w = 224, .box_w = 14, .box_h = 13, .ofs_x = 0, .ofs_y = -1},
    {.bitmap_index = 48318, .adv_w = 224, .box_w = 14, .box_h = 13, .ofs_x = 0, .ofs_y = -1},
    {.bitmap_index = 48409, .adv_w = 224, .box_w = 13, .box_h = 14, .ofs_x = 1, .ofs_y = -2},
    {.bitmap_index = 48500, .adv_w = 224, .box_w = 14, .box_h = 14, .ofs_x = 0, .ofs_y = -2},
    {.bitmap_index = 48598, .adv_w = 224, .box_w = 14, .box_h = 15, .ofs_x = 0, .ofs_y = -2},
    {.bitmap_index = 48703, .adv_w = 224, .box_w = 14, .box_h = 14, .ofs_x = 0, .ofs_y = -2},
    {.bitmap_index = 48801, .adv_w = 224, .box_w = 12, .box_h = 14, .ofs_x = 0, .ofs_y = -2},
    {.bitmap_index = 48885, .adv_w = 224, .box_w = 12, .box_h = 15, .ofs_x = 0, .ofs_y = -2},
    {.bitmap_index = 48975, .adv_w = 224, .box_w = 14, .box_h = 14, .ofs_x = 0, .ofs_y = -2},
    {.bitmap_index = 49073, .adv_w = 224, .box_w = 13, .box_h = 14, .ofs_x = 0, .ofs_y = -2},
    {.bitmap_index = 49164, .adv_w = 224, .box_w = 14, .box_h = 13, .ofs_x = 0, .ofs_y = -1},
    {.bitmap_index = 49255, .adv_w = 224, .box_w = 14, .box_h = 13, .ofs_x = 0, .ofs_y = -1},
    {.bitmap_index = 49346, .adv_w = 224, .box_w = 14, .box_h = 13, .ofs_x = 0, .ofs_y = -1},
    {.bitmap_index = 49437, .adv_w = 224, .box_w = 14, .box_h = 14, .ofs_x = 0, .ofs_y = -2},
    {.bitmap_index = 49535, .adv_w = 224, .box_w = 14, .box_h = 14, .ofs_x = 0, .ofs_y = -2},
    {.bitmap_index = 49633, .adv_w = 224, .box_w = 14, .box_h = 15, .ofs_x = 0, .ofs_y = -2},
    {.bitmap_index = 49738, .adv_w = 224, .box_w = 14, .box_h = 15, .ofs_x = 0, .ofs_y = -2},
    {.bitmap_index = 49843, .adv_w = 224, .box_w = 14, .box_h = 14, .ofs_x = 0, .ofs_y = -2},
    {.bitmap_index = 49941, .adv_w = 224, .box_w = 14, .box_h = 14, .ofs_x = 0, .ofs_y = -2},
    {.bitmap_index = 50039, .adv_w = 224, .box_w = 14, .box_h = 15, .ofs_x = 0, .ofs_y = -2},
    {.bitmap_index = 50144, .adv_w = 224, .box_w = 14, .box_h = 13, .ofs_x = 0, .ofs_y = -1},
    {.bitmap_index = 50235, .adv_w = 224, .box_w = 14, .box_h = 14, .ofs_x = 0, .ofs_y = -1},
    {.bitmap_index = 50333, .adv_w = 224, .box_w = 14, .box_h = 13, .ofs_x = 0, .ofs_y = -1},
    {.bitmap_index = 50424, .adv_w = 224, .box_w = 14, .box_h = 15, .ofs_x = 0, .ofs_y = -2},
    {.bitmap_index = 50529, .adv_w = 224, .box_w = 14, .box_h = 13, .ofs_x = 0, .ofs_y = -1},
    {.bitmap_index = 50620, .adv_w = 224, .box_w = 14, .box_h = 15, .ofs_x = 0, .ofs_y = -2},
    {.bitmap_index = 50725, .adv_w = 224, .box_w = 14, .box_h = 15, .ofs_x = 0, .ofs_y = -2},
    {.bitmap_index = 50830, .adv_w = 224, .box_w = 14, .box_h = 13, .ofs_x = 0, .ofs_y = -1},
    {.bitmap_index = 50921, .adv_w = 224, .box_w = 14, .box_h = 14, .ofs_x = 0, .ofs_y = -2},
    {.bitmap_index = 51019, .adv_w = 224, .box_w = 14, .box_h = 14, .ofs_x = 0, .ofs_y = -1},
    {.bitmap_index = 51117, .adv_w = 224, .box_w = 14, .box_h = 15, .ofs_x = 0, .ofs_y = -2},
    {.bitmap_index = 51222, .adv_w = 224, .box_w = 14, .box_h = 14, .ofs_x = 0, .ofs_y = -1},
    {.bitmap_index = 51320, .adv_w = 224, .box_w = 14, .box_h = 13, .ofs_x = 0, .ofs_y = -1},
    {.bitmap_index = 51411, .adv_w = 224, .box_w = 14, .box_h = 15, .ofs_x = 0, .ofs_y = -2},
    {.bitmap_index = 51516, .adv_w = 224, .box_w = 14, .box_h = 13, .ofs_x = 0, .ofs_y = -1},
    {.bitmap_index = 51607, .adv_w = 224, .box_w = 14, .box_h = 13, .ofs_x = 0, .ofs_y = -1},
    {.bitmap_index = 51698, .adv_w = 224, .box_w = 14, .box_h = 14, .ofs_x = 0, .ofs_y = -2},
    {.bitmap_index = 51796, .adv_w = 224, .box_w = 14, .box_h = 14, .ofs_x = 0, .ofs_y = -2},
    {.bitmap_index = 51894, .adv_w = 224, .box_w = 14, .box_h = 13, .ofs_x = 0, .ofs_y = -1},
    {.bitmap_index = 51985, .adv_w = 224, .box_w = 14, .box_h = 14, .ofs_x = 0, .ofs_y = -2},
    {.bitmap_index = 52083, .adv_w = 224, .box_w = 14, .box_h = 14, .ofs_x = 0, .ofs_y = -2},
    {.bitmap_index = 52181, .adv_w = 224, .box_w = 14, .box_h = 14, .ofs_x = 0, .ofs_y = -2},
    {.bitmap_index = 52279, .adv_w = 224, .box_w = 14, .box_h = 14, .ofs_x = 0, .ofs_y = -1},
    {.bitmap_index = 52377, .adv_w = 224, .box_w = 14, .box_h = 15, .ofs_x = 0, .ofs_y = -2},
    {.bitmap_index = 52482, .adv_w = 224, .box_w = 14, .box_h = 14, .ofs_x = 0, .ofs_y = -2},
    {.bitmap_index = 52580, .adv_w = 224, .box_w = 14, .box_h = 14, .ofs_x = 0, .ofs_y = -2},
    {.bitmap_index = 52678, .adv_w = 224, .box_w = 14, .box_h = 15, .ofs_x = 0, .ofs_y = -2},
    {.bitmap_index = 52783, .adv_w = 224, .box_w = 14, .box_h = 14, .ofs_x = 0, .ofs_y = -2},
    {.bitmap_index = 52881, .adv_w = 224, .box_w = 14, .box_h = 14, .ofs_x = 0, .ofs_y = -1},
    {.bitmap_index = 52979, .adv_w = 224, .box_w = 14, .box_h = 14, .ofs_x = 0, .ofs_y = -2},
    {.bitmap_index = 53077, .adv_w = 224, .box_w = 14, .box_h = 15, .ofs_x = 0, .ofs_y = -2},
    {.bitmap_index = 53182, .adv_w = 224, .box_w = 14, .box_h = 14, .ofs_x = 0, .ofs_y = -2},
    {.bitmap_index = 53280, .adv_w = 224, .box_w = 14, .box_h = 15, .ofs_x = 0, .ofs_y = -2},
    {.bitmap_index = 53385, .adv_w = 224, .box_w = 14, .box_h = 15, .ofs_x = 0, .ofs_y = -2},
    {.bitmap_index = 53490, .adv_w = 224, .box_w = 14, .box_h = 14, .ofs_x = 0, .ofs_y = -2},
    {.bitmap_index = 53588, .adv_w = 224, .box_w = 14, .box_h = 13, .ofs_x = 0, .ofs_y = -1},
    {.bitmap_index = 53679, .adv_w = 224, .box_w = 14, .box_h = 14, .ofs_x = 0, .ofs_y = -2},
    {.bitmap_index = 53777, .adv_w = 224, .box_w = 14, .box_h = 14, .ofs_x = 0, .ofs_y = -1},
    {.bitmap_index = 53875, .adv_w = 224, .box_w = 13, .box_h = 15, .ofs_x = 1, .ofs_y = -2},
    {.bitmap_index = 53973, .adv_w = 224, .box_w = 14, .box_h = 15, .ofs_x = 0, .ofs_y = -2},
    {.bitmap_index = 54078, .adv_w = 224, .box_w = 13, .box_h = 13, .ofs_x = 1, .ofs_y = -1},
    {.bitmap_index = 54163, .adv_w = 224, .box_w = 14, .box_h = 14, .ofs_x = 0, .ofs_y = -2},
    {.bitmap_index = 54261, .adv_w = 224, .box_w = 14, .box_h = 14, .ofs_x = 0, .ofs_y = -2},
    {.bitmap_index = 54359, .adv_w = 224, .box_w = 14, .box_h = 14, .ofs_x = 0, .ofs_y = -2},
    {.bitmap_index = 54457, .adv_w = 224, .box_w = 14, .box_h = 15, .ofs_x = 0, .ofs_y = -2},
    {.bitmap_index = 54562, .adv_w = 224, .box_w = 14, .box_h = 14, .ofs_x = 0, .ofs_y = -2},
    {.bitmap_index = 54660, .adv_w = 224, .box_w = 14, .box_h = 13, .ofs_x = 0, .ofs_y = -2},
    {.bitmap_index = 54751, .adv_w = 224, .box_w = 14, .box_h = 14, .ofs_x = 0, .ofs_y = -2},
    {.bitmap_index = 54849, .adv_w = 224, .box_w = 10, .box_h = 12, .ofs_x = 2, .ofs_y = -1},
    {.bitmap_index = 54909, .adv_w = 224, .box_w = 12, .box_h = 13, .ofs_x = 1, .ofs_y = -1},
    {.bitmap_index = 54987, .adv_w = 224, .box_w = 13, .box_h = 13, .ofs_x = 1, .ofs_y = -1},
    {.bitmap_index = 55072, .adv_w = 224, .box_w = 14, .box_h = 13, .ofs_x = 0, .ofs_y = -2},
    {.bitmap_index = 55163, .adv_w = 224, .box_w = 12, .box_h = 13, .ofs_x = 1, .ofs_y = -2},
    {.bitmap_index = 55241, .adv_w = 224, .box_w = 13, .box_h = 13, .ofs_x = 1, .ofs_y = -1},
    {.bitmap_index = 55326, .adv_w = 224, .box_w = 14, .box_h = 13, .ofs_x = 0, .ofs_y = -1},
    {.bitmap_index = 55417, .adv_w = 224, .box_w = 13, .box_h = 14, .ofs_x = 1, .ofs_y = -2},
    {.bitmap_index = 55508, .adv_w = 224, .box_w = 14, .box_h = 13, .ofs_x = 0, .ofs_y = -1},
    {.bitmap_index = 55599, .adv_w = 224, .box_w = 13, .box_h = 13, .ofs_x = 1, .ofs_y = -1},
    {.bitmap_index = 55684, .adv_w = 224, .box_w = 13, .box_h = 12, .ofs_x = 1, .ofs_y = -1},
    {.bitmap_index = 55762, .adv_w = 224, .box_w = 14, .box_h = 13, .ofs_x = 0, .ofs_y = -2},
    {.bitmap_index = 55853, .adv_w = 224, .box_w = 14, .box_h = 12, .ofs_x = 0, .ofs_y = -1},
    {.bitmap_index = 55937, .adv_w = 224, .box_w = 13, .box_h = 13, .ofs_x = 1, .ofs_y = -1},
    {.bitmap_index = 56022, .adv_w = 224, .box_w = 14, .box_h = 13, .ofs_x = 0, .ofs_y = -2},
    {.bitmap_index = 56113, .adv_w = 224, .box_w = 13, .box_h = 14, .ofs_x = 1, .ofs_y = -2},
    {.bitmap_index = 56204, .adv_w = 224, .box_w = 14, .box_h = 13, .ofs_x = 0, .ofs_y = -1},
    {.bitmap_index = 56295, .adv_w = 224, .box_w = 14, .box_h = 13, .ofs_x = 0, .ofs_y = -1},
    {.bitmap_index = 56386, .adv_w = 224, .box_w = 14, .box_h = 12, .ofs_x = 0, .ofs_y = -1},
    {.bitmap_index = 56470, .adv_w = 224, .box_w = 13, .box_h = 14, .ofs_x = 0, .ofs_y = -1},
    {.bitmap_index = 56561, .adv_w = 224, .box_w = 13, .box_h = 13, .ofs_x = 1, .ofs_y = -1},
    {.bitmap_index = 56646, .adv_w = 224, .box_w = 13, .box_h = 14, .ofs_x = 1, .ofs_y = -2},
    {.bitmap_index = 56737, .adv_w = 224, .box_w = 13, .box_h = 14, .ofs_x = 1, .ofs_y = -2},
    {.bitmap_index = 56828, .adv_w = 224, .box_w = 12, .box_h = 12, .ofs_x = 1, .ofs_y = -1},
    {.bitmap_index = 56900, .adv_w = 224, .box_w = 14, .box_h = 13, .ofs_x = 0, .ofs_y = -1},
    {.bitmap_index = 56991, .adv_w = 224, .box_w = 14, .box_h = 13, .ofs_x = 0, .ofs_y = -1},
    {.bitmap_index = 57082, .adv_w = 224, .box_w = 14, .box_h = 12, .ofs_x = 0, .ofs_y = -1},
    {.bitmap_index = 57166, .adv_w = 224, .box_w = 14, .box_h = 13, .ofs_x = 0, .ofs_y = -1},
    {.bitmap_index = 57257, .adv_w = 224, .box_w = 12, .box_h = 13, .ofs_x = 0, .ofs_y = -2},
    {.bitmap_index = 57335, .adv_w = 224, .box_w = 14, .box_h = 13, .ofs_x = 0, .ofs_y = -1},
    {.bitmap_index = 57426, .adv_w = 224, .box_w = 13, .box_h = 14, .ofs_x = 0, .ofs_y = -2},
    {.bitmap_index = 57517, .adv_w = 224, .box_w = 14, .box_h = 13, .ofs_x = 0, .ofs_y = -1},
    {.bitmap_index = 57608, .adv_w = 224, .box_w = 13, .box_h = 14, .ofs_x = 0, .ofs_y = -2},
    {.bitmap_index = 57699, .adv_w = 224, .box_w = 14, .box_h = 14, .ofs_x = 0, .ofs_y = -2},
    {.bitmap_index = 57797, .adv_w = 224, .box_w = 14, .box_h = 13, .ofs_x = 0, .ofs_y = -1},
    {.bitmap_index = 57888, .adv_w = 224, .box_w = 14, .box_h = 13, .ofs_x = 0, .ofs_y = -1},
    {.bitmap_index = 57979, .adv_w = 224, .box_w = 14, .box_h = 13, .ofs_x = 0, .ofs_y = -1},
    {.bitmap_index = 58070, .adv_w = 224, .box_w = 14, .box_h = 14, .ofs_x = 0, .ofs_y = -1},
    {.bitmap_index = 58168, .adv_w = 224, .box_w = 14, .box_h = 14, .ofs_x = 0, .ofs_y = -1},
    {.bitmap_index = 58266, .adv_w = 224, .box_w = 14, .box_h = 13, .ofs_x = 0, .ofs_y = -1},
    {.bitmap_index = 58357, .adv_w = 224, .box_w = 14, .box_h = 14, .ofs_x = 0, .ofs_y = -2},
    {.bitmap_index = 58455, .adv_w = 224, .box_w = 14, .box_h = 15, .ofs_x = 0, .ofs_y = -2},
    {.bitmap_index = 58560, .adv_w = 224, .box_w = 14, .box_h = 13, .ofs_x = 0, .ofs_y = -1},
    {.bitmap_index = 58651, .adv_w = 224, .box_w = 14, .box_h = 14, .ofs_x = 0, .ofs_y = -2},
    {.bitmap_index = 58749, .adv_w = 224, .box_w = 14, .box_h = 13, .ofs_x = 0, .ofs_y = -1},
    {.bitmap_index = 58840, .adv_w = 224, .box_w = 14, .box_h = 13, .ofs_x = 0, .ofs_y = -1},
    {.bitmap_index = 58931, .adv_w = 224, .box_w = 14, .box_h = 14, .ofs_x = 0, .ofs_y = -2},
    {.bitmap_index = 59029, .adv_w = 224, .box_w = 14, .box_h = 14, .ofs_x = 0, .ofs_y = -2},
    {.bitmap_index = 59127, .adv_w = 224, .box_w = 14, .box_h = 13, .ofs_x = 0, .ofs_y = -1},
    {.bitmap_index = 59218, .adv_w = 224, .box_w = 14, .box_h = 12, .ofs_x = 0, .ofs_y = -1},
    {.bitmap_index = 59302, .adv_w = 224, .box_w = 14, .box_h = 14, .ofs_x = 0, .ofs_y = -1},
    {.bitmap_index = 59400, .adv_w = 224, .box_w = 14, .box_h = 13, .ofs_x = 0, .ofs_y = -1},
    {.bitmap_index = 59491, .adv_w = 224, .box_w = 14, .box_h = 14, .ofs_x = 0, .ofs_y = -2},
    {.bitmap_index = 59589, .adv_w = 224, .box_w = 14, .box_h = 15, .ofs_x = 0, .ofs_y = -2},
    {.bitmap_index = 59694, .adv_w = 224, .box_w = 14, .box_h = 15, .ofs_x = 0, .ofs_y = -2},
    {.bitmap_index = 59799, .adv_w = 224, .box_w = 14, .box_h = 15, .ofs_x = 0, .ofs_y = -2},
    {.bitmap_index = 59904, .adv_w = 224, .box_w = 15, .box_h = 15, .ofs_x = 0, .ofs_y = -2},
    {.bitmap_index = 60017, .adv_w = 224, .box_w = 14, .box_h = 13, .ofs_x = 0, .ofs_y = -1},
    {.bitmap_index = 60108, .adv_w = 224, .box_w = 14, .box_h = 15, .ofs_x = 0, .ofs_y = -2},
    {.bitmap_index = 60213, .adv_w = 224, .box_w = 14, .box_h = 14, .ofs_x = 0, .ofs_y = -2},
    {.bitmap_index = 60311, .adv_w = 224, .box_w = 14, .box_h = 14, .ofs_x = 0, .ofs_y = -2},
    {.bitmap_index = 60409, .adv_w = 224, .box_w = 15, .box_h = 13, .ofs_x = 0, .ofs_y = -1},
    {.bitmap_index = 60507, .adv_w = 224, .box_w = 14, .box_h = 14, .ofs_x = 0, .ofs_y = -2},
    {.bitmap_index = 60605, .adv_w = 224, .box_w = 14, .box_h = 14, .ofs_x = 0, .ofs_y = -2},
    {.bitmap_index = 60703, .adv_w = 224, .box_w = 14, .box_h = 14, .ofs_x = 0, .ofs_y = -2},
    {.bitmap_index = 60801, .adv_w = 224, .box_w = 14, .box_h = 13, .ofs_x = 0, .ofs_y = -1},
    {.bitmap_index = 60892, .adv_w = 224, .box_w = 14, .box_h = 13, .ofs_x = 0, .ofs_y = -1},
    {.bitmap_index = 60983, .adv_w = 224, .box_w = 14, .box_h = 13, .ofs_x = 0, .ofs_y = -1},
    {.bitmap_index = 61074, .adv_w = 224, .box_w = 14, .box_h = 13, .ofs_x = 0, .ofs_y = -1},
    {.bitmap_index = 61165, .adv_w = 224, .box_w = 14, .box_h = 13, .ofs_x = 0, .ofs_y = -1},
    {.bitmap_index = 61256, .adv_w = 224, .box_w = 14, .box_h = 14, .ofs_x = 0, .ofs_y = -1},
    {.bitmap_index = 61354, .adv_w = 224, .box_w = 14, .box_h = 14, .ofs_x = 0, .ofs_y = -2},
    {.bitmap_index = 61452, .adv_w = 224, .box_w = 15, .box_h = 14, .ofs_x = 0, .ofs_y = -2},
    {.bitmap_index = 61557, .adv_w = 224, .box_w = 14, .box_h = 14, .ofs_x = 0, .ofs_y = -1},
    {.bitmap_index = 61655, .adv_w = 224, .box_w = 14, .box_h = 13, .ofs_x = 0, .ofs_y = -1},
    {.bitmap_index = 61746, .adv_w = 224, .box_w = 14, .box_h = 14, .ofs_x = 0, .ofs_y = -1},
    {.bitmap_index = 61844, .adv_w = 224, .box_w = 14, .box_h = 13, .ofs_x = 0, .ofs_y = -1},
    {.bitmap_index = 61935, .adv_w = 224, .box_w = 14, .box_h = 14, .ofs_x = 0, .ofs_y = -2},
    {.bitmap_index = 62033, .adv_w = 224, .box_w = 14, .box_h = 13, .ofs_x = 0, .ofs_y = -1},
    {.bitmap_index = 62124, .adv_w = 224, .box_w = 14, .box_h = 14, .ofs_x = 0, .ofs_y = -2},
    {.bitmap_index = 62222, .adv_w = 224, .box_w = 14, .box_h = 14, .ofs_x = 0, .ofs_y = -1},
    {.bitmap_index = 62320, .adv_w = 224, .box_w = 15, .box_h = 15, .ofs_x = 0, .ofs_y = -2},
    {.bitmap_index = 62433, .adv_w = 224, .box_w = 14, .box_h = 15, .ofs_x = 0, .ofs_y = -2},
    {.bitmap_index = 62538, .adv_w = 224, .box_w = 14, .box_h = 13, .ofs_x = 0, .ofs_y = -1},
    {.bitmap_index = 62629, .adv_w = 224, .box_w = 14, .box_h = 12, .ofs_x = 0, .ofs_y = -1},
    {.bitmap_index = 62713, .adv_w = 224, .box_w = 14, .box_h = 14, .ofs_x = 0, .ofs_y = -2},
    {.bitmap_index = 62811, .adv_w = 224, .box_w = 14, .box_h = 13, .ofs_x = 0, .ofs_y = -1},
    {.bitmap_index = 62902, .adv_w = 224, .box_w = 14, .box_h = 14, .ofs_x = 0, .ofs_y = -2},
    {.bitmap_index = 63000, .adv_w = 224, .box_w = 14, .box_h = 13, .ofs_x = 0, .ofs_y = -1},
    {.bitmap_index = 63091, .adv_w = 224, .box_w = 14, .box_h = 13, .ofs_x = 0, .ofs_y = -1},
    {.bitmap_index = 63182, .adv_w = 224, .box_w = 14, .box_h = 13, .ofs_x = 0, .ofs_y = -2},
    {.bitmap_index = 63273, .adv_w = 224, .box_w = 14, .box_h = 14, .ofs_x = 0, .ofs_y = -2},
    {.bitmap_index = 63371, .adv_w = 224, .box_w = 13, .box_h = 15, .ofs_x = 1, .ofs_y = -2},
    {.bitmap_index = 63469, .adv_w = 224, .box_w = 14, .box_h = 13, .ofs_x = 0, .ofs_y = -1},
    {.bitmap_index = 63560, .adv_w = 224, .box_w = 13, .box_h = 13, .ofs_x = 1, .ofs_y = -1},
    {.bitmap_index = 63645, .adv_w = 224, .box_w = 14, .box_h = 13, .ofs_x = 0, .ofs_y = -1},
    {.bitmap_index = 63736, .adv_w = 224, .box_w = 14, .box_h = 13, .ofs_x = 0, .ofs_y = -1},
    {.bitmap_index = 63827, .adv_w = 224, .box_w = 14, .box_h = 14, .ofs_x = 0, .ofs_y = -2},
    {.bitmap_index = 63925, .adv_w = 224, .box_w = 14, .box_h = 13, .ofs_x = 0, .ofs_y = -1},
    {.bitmap_index = 64016, .adv_w = 224, .box_w = 14, .box_h = 13, .ofs_x = 0, .ofs_y = -1},
    {.bitmap_index = 64107, .adv_w = 224, .box_w = 14, .box_h = 13, .ofs_x = 0, .ofs_y = -1},
    {.bitmap_index = 64198, .adv_w = 224, .box_w = 14, .box_h = 13, .ofs_x = 0, .ofs_y = -1},
    {.bitmap_index = 64289, .adv_w = 224, .box_w = 14, .box_h = 14, .ofs_x = 0, .ofs_y = -2},
    {.bitmap_index = 64387, .adv_w = 224, .box_w = 14, .box_h = 14, .ofs_x = 0, .ofs_y = -2},
    {.bitmap_index = 64485, .adv_w = 224, .box_w = 14, .box_h = 13, .ofs_x = 0, .ofs_y = -1},
    {.bitmap_index = 64576, .adv_w = 224, .box_w = 14, .box_h = 13, .ofs_x = 0, .ofs_y = -1},
    {.bitmap_index = 64667, .adv_w = 224, .box_w = 14, .box_h = 13, .ofs_x = 0, .ofs_y = -1},
    {.bitmap_index = 64758, .adv_w = 224, .box_w = 14, .box_h = 14, .ofs_x = 0, .ofs_y = -2},
    {.bitmap_index = 64856, .adv_w = 224, .box_w = 14, .box_h = 13, .ofs_x = 0, .ofs_y = -1},
    {.bitmap_index = 64947, .adv_w = 224, .box_w = 13, .box_h = 13, .ofs_x = 0, .ofs_y = -1},
    {.bitmap_index = 65032, .adv_w = 224, .box_w = 14, .box_h = 13, .ofs_x = 0, .ofs_y = -1},
    {.bitmap_index = 65123, .adv_w = 224, .box_w = 14, .box_h = 14, .ofs_x = 0, .ofs_y = -2},
    {.bitmap_index = 65221, .adv_w = 224, .box_w = 14, .box_h = 14, .ofs_x = 0, .ofs_y = -2},
    {.bitmap_index = 65319, .adv_w = 224, .box_w = 13, .box_h = 14, .ofs_x = 0, .ofs_y = -2},
    {.bitmap_index = 65410, .adv_w = 224, .box_w = 14, .box_h = 14, .ofs_x = 0, .ofs_y = -2},
    {.bitmap_index = 65508, .adv_w = 224, .box_w = 13, .box_h = 13, .ofs_x = 0, .ofs_y = -1},
    {.bitmap_index = 65593, .adv_w = 224, .box_w = 14, .box_h = 13, .ofs_x = 0, .ofs_y = -1},
    {.bitmap_index = 65684, .adv_w = 224, .box_w = 14, .box_h = 14, .ofs_x = 0, .ofs_y = -2},
    {.bitmap_index = 65782, .adv_w = 224, .box_w = 14, .box_h = 13, .ofs_x = 0, .ofs_y = -1},
    {.bitmap_index = 65873, .adv_w = 224, .box_w = 14, .box_h = 13, .ofs_x = 0, .ofs_y = -1},
    {.bitmap_index = 65964, .adv_w = 224, .box_w = 14, .box_h = 13, .ofs_x = 0, .ofs_y = -1},
    {.bitmap_index = 66055, .adv_w = 224, .box_w = 14, .box_h = 13, .ofs_x = 0, .ofs_y = -1},
    {.bitmap_index = 66146, .adv_w = 224, .box_w = 14, .box_h = 14, .ofs_x = 0, .ofs_y = -2},
    {.bitmap_index = 66244, .adv_w = 224, .box_w = 13, .box_h = 13, .ofs_x = 0, .ofs_y = -1},
    {.bitmap_index = 66329, .adv_w = 224, .box_w = 14, .box_h = 13, .ofs_x = 0, .ofs_y = -1},
    {.bitmap_index = 66420, .adv_w = 224, .box_w = 13, .box_h = 13, .ofs_x = 0, .ofs_y = -1},
    {.bitmap_index = 66505, .adv_w = 224, .box_w = 14, .box_h = 13, .ofs_x = 0, .ofs_y = -1},
    {.bitmap_index = 66596, .adv_w = 224, .box_w = 14, .box_h = 13, .ofs_x = 0, .ofs_y = -1},
    {.bitmap_index = 66687, .adv_w = 224, .box_w = 14, .box_h = 13, .ofs_x = 0, .ofs_y = -1},
    {.bitmap_index = 66778, .adv_w = 224, .box_w = 14, .box_h = 13, .ofs_x = 0, .ofs_y = -1},
    {.bitmap_index = 66869, .adv_w = 224, .box_w = 14, .box_h = 13, .ofs_x = 0, .ofs_y = -1},
    {.bitmap_index = 66960, .adv_w = 224, .box_w = 14, .box_h = 14, .ofs_x = 0, .ofs_y = -2},
    {.bitmap_index = 67058, .adv_w = 224, .box_w = 14, .box_h = 14, .ofs_x = 0, .ofs_y = -2},
    {.bitmap_index = 67156, .adv_w = 224, .box_w = 14, .box_h = 13, .ofs_x = 0, .ofs_y = -1},
    {.bitmap_index = 67247, .adv_w = 224, .box_w = 14, .box_h = 13, .ofs_x = 0, .ofs_y = -1},
    {.bitmap_index = 67338, .adv_w = 224, .box_w = 14, .box_h = 14, .ofs_x = 0, .ofs_y = -2},
    {.bitmap_index = 67436, .adv_w = 224, .box_w = 14, .box_h = 14, .ofs_x = 0, .ofs_y = -2},
    {.bitmap_index = 67534, .adv_w = 224, .box_w = 14, .box_h = 13, .ofs_x = 0, .ofs_y = -1},
    {.bitmap_index = 67625, .adv_w = 224, .box_w = 14, .box_h = 15, .ofs_x = 0, .ofs_y = -2},
    {.bitmap_index = 67730, .adv_w = 224, .box_w = 14, .box_h = 13, .ofs_x = 0, .ofs_y = -1},
    {.bitmap_index = 67821, .adv_w = 224, .box_w = 14, .box_h = 14, .ofs_x = 0, .ofs_y = -1},
    {.bitmap_index = 67919, .adv_w = 224, .box_w = 14, .box_h = 13, .ofs_x = 0, .ofs_y = -1},
    {.bitmap_index = 68010, .adv_w = 224, .box_w = 14, .box_h = 14, .ofs_x = 0, .ofs_y = -1},
    {.bitmap_index = 68108, .adv_w = 224, .box_w = 14, .box_h = 13, .ofs_x = 0, .ofs_y = -1},
    {.bitmap_index = 68199, .adv_w = 224, .box_w = 14, .box_h = 14, .ofs_x = 0, .ofs_y = -2},
    {.bitmap_index = 68297, .adv_w = 224, .box_w = 14, .box_h = 14, .ofs_x = 0, .ofs_y = -2},
    {.bitmap_index = 68395, .adv_w = 224, .box_w = 14, .box_h = 13, .ofs_x = 0, .ofs_y = -1},
    {.bitmap_index = 68486, .adv_w = 224, .box_w = 14, .box_h = 13, .ofs_x = 0, .ofs_y = -1},
    {.bitmap_index = 68577, .adv_w = 224, .box_w = 14, .box_h = 14, .ofs_x = 0, .ofs_y = -2},
    {.bitmap_index = 68675, .adv_w = 224, .box_w = 14, .box_h = 14, .ofs_x = 0, .ofs_y = -1},
    {.bitmap_index = 68773, .adv_w = 224, .box_w = 14, .box_h = 14, .ofs_x = 0, .ofs_y = -1},
    {.bitmap_index = 68871, .adv_w = 224, .box_w = 14, .box_h = 13, .ofs_x = 0, .ofs_y = -1},
    {.bitmap_index = 68962, .adv_w = 224, .box_w = 14, .box_h = 13, .ofs_x = 0, .ofs_y = -1},
    {.bitmap_index = 69053, .adv_w = 224, .box_w = 14, .box_h = 14, .ofs_x = 0, .ofs_y = -2},
    {.bitmap_index = 69151, .adv_w = 224, .box_w = 14, .box_h = 14, .ofs_x = 0, .ofs_y = -1},
    {.bitmap_index = 69249, .adv_w = 224, .box_w = 14, .box_h = 13, .ofs_x = 0, .ofs_y = -1},
    {.bitmap_index = 69340, .adv_w = 224, .box_w = 14, .box_h = 13, .ofs_x = 0, .ofs_y = -2},
    {.bitmap_index = 69431, .adv_w = 224, .box_w = 14, .box_h = 14, .ofs_x = 0, .ofs_y = -2},
    {.bitmap_index = 69529, .adv_w = 224, .box_w = 14, .box_h = 13, .ofs_x = 0, .ofs_y = -2},
    {.bitmap_index = 69620, .adv_w = 224, .box_w = 14, .box_h = 13, .ofs_x = 0, .ofs_y = -2},
    {.bitmap_index = 69711, .adv_w = 224, .box_w = 13, .box_h = 14, .ofs_x = 0, .ofs_y = -2},
    {.bitmap_index = 69802, .adv_w = 224, .box_w = 14, .box_h = 13, .ofs_x = 0, .ofs_y = -1},
    {.bitmap_index = 69893, .adv_w = 224, .box_w = 14, .box_h = 14, .ofs_x = 0, .ofs_y = -2},
    {.bitmap_index = 69991, .adv_w = 224, .box_w = 14, .box_h = 14, .ofs_x = 0, .ofs_y = -2},
    {.bitmap_index = 70089, .adv_w = 224, .box_w = 14, .box_h = 13, .ofs_x = 0, .ofs_y = -1},
    {.bitmap_index = 70180, .adv_w = 224, .box_w = 14, .box_h = 14, .ofs_x = 0, .ofs_y = -2},
    {.bitmap_index = 70278, .adv_w = 224, .box_w = 13, .box_h = 13, .ofs_x = 0, .ofs_y = -1},
    {.bitmap_index = 70363, .adv_w = 224, .box_w = 14, .box_h = 15, .ofs_x = 0, .ofs_y = -2},
    {.bitmap_index = 70468, .adv_w = 224, .box_w = 14, .box_h = 13, .ofs_x = 0, .ofs_y = -1},
    {.bitmap_index = 70559, .adv_w = 224, .box_w = 14, .box_h = 14, .ofs_x = 0, .ofs_y = -1},
    {.bitmap_index = 70657, .adv_w = 224, .box_w = 14, .box_h = 14, .ofs_x = 0, .ofs_y = -2},
    {.bitmap_index = 70755, .adv_w = 224, .box_w = 13, .box_h = 14, .ofs_x = 0, .ofs_y = -2},
    {.bitmap_index = 70846, .adv_w = 224, .box_w = 14, .box_h = 15, .ofs_x = 0, .ofs_y = -2},
    {.bitmap_index = 70951, .adv_w = 224, .box_w = 14, .box_h = 15, .ofs_x = 0, .ofs_y = -2},
    {.bitmap_index = 71056, .adv_w = 224, .box_w = 14, .box_h = 14, .ofs_x = 0, .ofs_y = -2},
    {.bitmap_index = 71154, .adv_w = 224, .box_w = 14, .box_h = 14, .ofs_x = 0, .ofs_y = -2},
    {.bitmap_index = 71252, .adv_w = 224, .box_w = 14, .box_h = 13, .ofs_x = 0, .ofs_y = -1},
    {.bitmap_index = 71343, .adv_w = 224, .box_w = 14, .box_h = 14, .ofs_x = 0, .ofs_y = -2},
    {.bitmap_index = 71441, .adv_w = 224, .box_w = 14, .box_h = 14, .ofs_x = 0, .ofs_y = -2},
    {.bitmap_index = 71539, .adv_w = 224, .box_w = 14, .box_h = 12, .ofs_x = 0, .ofs_y = -1},
    {.bitmap_index = 71623, .adv_w = 224, .box_w = 14, .box_h = 14, .ofs_x = 0, .ofs_y = -1},
    {.bitmap_index = 71721, .adv_w = 224, .box_w = 14, .box_h = 14, .ofs_x = 0, .ofs_y = -2},
    {.bitmap_index = 71819, .adv_w = 224, .box_w = 14, .box_h = 14, .ofs_x = 0, .ofs_y = -2},
    {.bitmap_index = 71917, .adv_w = 224, .box_w = 14, .box_h = 14, .ofs_x = 0, .ofs_y = -2},
    {.bitmap_index = 72015, .adv_w = 224, .box_w = 14, .box_h = 14, .ofs_x = 0, .ofs_y = -2},
    {.bitmap_index = 72113, .adv_w = 224, .box_w = 14, .box_h = 14, .ofs_x = 0, .ofs_y = -2},
    {.bitmap_index = 72211, .adv_w = 224, .box_w = 14, .box_h = 14, .ofs_x = 0, .ofs_y = -2},
    {.bitmap_index = 72309, .adv_w = 224, .box_w = 14, .box_h = 15, .ofs_x = 0, .ofs_y = -2},
    {.bitmap_index = 72414, .adv_w = 224, .box_w = 14, .box_h = 12, .ofs_x = 0, .ofs_y = -1},
    {.bitmap_index = 72498, .adv_w = 224, .box_w = 14, .box_h = 12, .ofs_x = 0, .ofs_y = -1},
    {.bitmap_index = 72582, .adv_w = 224, .box_w = 14, .box_h = 12, .ofs_x = 0, .ofs_y = -1},
    {.bitmap_index = 72666, .adv_w = 224, .box_w = 14, .box_h = 12, .ofs_x = 0, .ofs_y = -1},
    {.bitmap_index = 72750, .adv_w = 224, .box_w = 14, .box_h = 13, .ofs_x = 0, .ofs_y = -2},
    {.bitmap_index = 72841, .adv_w = 224, .box_w = 14, .box_h = 13, .ofs_x = 0, .ofs_y = -1},
    {.bitmap_index = 72932, .adv_w = 224, .box_w = 15, .box_h = 13, .ofs_x = 0, .ofs_y = -2},
    {.bitmap_index = 73030, .adv_w = 224, .box_w = 13, .box_h = 13, .ofs_x = 0, .ofs_y = -1},
    {.bitmap_index = 73115, .adv_w = 224, .box_w = 14, .box_h = 13, .ofs_x = 0, .ofs_y = -2},
    {.bitmap_index = 73206, .adv_w = 224, .box_w = 14, .box_h = 14, .ofs_x = 0, .ofs_y = -2},
    {.bitmap_index = 73304, .adv_w = 224, .box_w = 14, .box_h = 12, .ofs_x = 0, .ofs_y = -1},
    {.bitmap_index = 73388, .adv_w = 224, .box_w = 14, .box_h = 13, .ofs_x = 0, .ofs_y = -2},
    {.bitmap_index = 73479, .adv_w = 224, .box_w = 14, .box_h = 13, .ofs_x = 0, .ofs_y = -1},
    {.bitmap_index = 73570, .adv_w = 224, .box_w = 14, .box_h = 14, .ofs_x = 0, .ofs_y = -2},
    {.bitmap_index = 73668, .adv_w = 224, .box_w = 14, .box_h = 13, .ofs_x = 0, .ofs_y = -1},
    {.bitmap_index = 73759, .adv_w = 224, .box_w = 14, .box_h = 13, .ofs_x = 0, .ofs_y = -1},
    {.bitmap_index = 73850, .adv_w = 224, .box_w = 14, .box_h = 13, .ofs_x = 0, .ofs_y = -2},
    {.bitmap_index = 73941, .adv_w = 224, .box_w = 14, .box_h = 13, .ofs_x = 0, .ofs_y = -1},
    {.bitmap_index = 74032, .adv_w = 224, .box_w = 14, .box_h = 14, .ofs_x = 0, .ofs_y = -2},
    {.bitmap_index = 74130, .adv_w = 224, .box_w = 14, .box_h = 13, .ofs_x = 0, .ofs_y = -1},
    {.bitmap_index = 74221, .adv_w = 224, .box_w = 13, .box_h = 13, .ofs_x = 0, .ofs_y = -2},
    {.bitmap_index = 74306, .adv_w = 224, .box_w = 14, .box_h = 13, .ofs_x = 0, .ofs_y = -1},
    {.bitmap_index = 74397, .adv_w = 224, .box_w = 12, .box_h = 12, .ofs_x = 1, .ofs_y = -1},
    {.bitmap_index = 74469, .adv_w = 224, .box_w = 12, .box_h = 13, .ofs_x = 1, .ofs_y = -1},
    {.bitmap_index = 74547, .adv_w = 224, .box_w = 12, .box_h = 12, .ofs_x = 1, .ofs_y = -1},
    {.bitmap_index = 74619, .adv_w = 224, .box_w = 13, .box_h = 13, .ofs_x = 1, .ofs_y = -1},
    {.bitmap_index = 74704, .adv_w = 224, .box_w = 14, .box_h = 13, .ofs_x = 0, .ofs_y = -2},
    {.bitmap_index = 74795, .adv_w = 224, .box_w = 13, .box_h = 13, .ofs_x = 1, .ofs_y = -1},
    {.bitmap_index = 74880, .adv_w = 224, .box_w = 13, .box_h = 13, .ofs_x = 1, .ofs_y = -1},
    {.bitmap_index = 74965, .adv_w = 224, .box_w = 14, .box_h = 14, .ofs_x = 0, .ofs_y = -1},
    {.bitmap_index = 75063, .adv_w = 224, .box_w = 14, .box_h = 13, .ofs_x = 0, .ofs_y = -1},
    {.bitmap_index = 75154, .adv_w = 224, .box_w = 14, .box_h = 13, .ofs_x = 0, .ofs_y = -2},
    {.bitmap_index = 75245, .adv_w = 224, .box_w = 12, .box_h = 13, .ofs_x = 1, .ofs_y = -1},
    {.bitmap_index = 75323, .adv_w = 224, .box_w = 14, .box_h = 12, .ofs_x = 0, .ofs_y = -1},
    {.bitmap_index = 75407, .adv_w = 224, .box_w = 14, .box_h = 13, .ofs_x = 0, .ofs_y = -2},
    {.bitmap_index = 75498, .adv_w = 224, .box_w = 14, .box_h = 14, .ofs_x = 0, .ofs_y = -2},
    {.bitmap_index = 75596, .adv_w = 224, .box_w = 14, .box_h = 14, .ofs_x = 0, .ofs_y = -2},
    {.bitmap_index = 75694, .adv_w = 224, .box_w = 14, .box_h = 14, .ofs_x = 0, .ofs_y = -2},
    {.bitmap_index = 75792, .adv_w = 224, .box_w = 14, .box_h = 13, .ofs_x = 0, .ofs_y = -1},
    {.bitmap_index = 75883, .adv_w = 224, .box_w = 14, .box_h = 14, .ofs_x = 0, .ofs_y = -2},
    {.bitmap_index = 75981, .adv_w = 224, .box_w = 14, .box_h = 12, .ofs_x = 0, .ofs_y = -1},
    {.bitmap_index = 76065, .adv_w = 224, .box_w = 12, .box_h = 15, .ofs_x = 1, .ofs_y = -2},
    {.bitmap_index = 76155, .adv_w = 224, .box_w = 14, .box_h = 13, .ofs_x = 0, .ofs_y = -1},
    {.bitmap_index = 76246, .adv_w = 224, .box_w = 14, .box_h = 12, .ofs_x = 0, .ofs_y = -1},
    {.bitmap_index = 76330, .adv_w = 224, .box_w = 14, .box_h = 13, .ofs_x = 0, .ofs_y = -1},
    {.bitmap_index = 76421, .adv_w = 224, .box_w = 14, .box_h = 14, .ofs_x = 0, .ofs_y = -1},
    {.bitmap_index = 76519, .adv_w = 224, .box_w = 14, .box_h = 13, .ofs_x = 0, .ofs_y = -1},
    {.bitmap_index = 76610, .adv_w = 224, .box_w = 14, .box_h = 13, .ofs_x = 0, .ofs_y = -1},
    {.bitmap_index = 76701, .adv_w = 224, .box_w = 14, .box_h = 13, .ofs_x = 0, .ofs_y = -1},
    {.bitmap_index = 76792, .adv_w = 224, .box_w = 10, .box_h = 12, .ofs_x = 2, .ofs_y = -1},
    {.bitmap_index = 76852, .adv_w = 224, .box_w = 14, .box_h = 13, .ofs_x = 0, .ofs_y = -1},
    {.bitmap_index = 76943, .adv_w = 224, .box_w = 13, .box_h = 14, .ofs_x = 0, .ofs_y = -2},
    {.bitmap_index = 77034, .adv_w = 224, .box_w = 13, .box_h = 14, .ofs_x = 1, .ofs_y = -2},
    {.bitmap_index = 77125, .adv_w = 224, .box_w = 14, .box_h = 13, .ofs_x = 0, .ofs_y = -1},
    {.bitmap_index = 77216, .adv_w = 224, .box_w = 13, .box_h = 12, .ofs_x = 0, .ofs_y = -1},
    {.bitmap_index = 77294, .adv_w = 224, .box_w = 13, .box_h = 14, .ofs_x = 1, .ofs_y = -1},
    {.bitmap_index = 77385, .adv_w = 224, .box_w = 13, .box_h = 13, .ofs_x = 1, .ofs_y = -1},
    {.bitmap_index = 77470, .adv_w = 224, .box_w = 13, .box_h = 14, .ofs_x = 1, .ofs_y = -2},
    {.bitmap_index = 77561, .adv_w = 224, .box_w = 14, .box_h = 13, .ofs_x = 0, .ofs_y = -1},
    {.bitmap_index = 77652, .adv_w = 224, .box_w = 13, .box_h = 14, .ofs_x = 0, .ofs_y = -2},
    {.bitmap_index = 77743, .adv_w = 224, .box_w = 14, .box_h = 14, .ofs_x = 0, .ofs_y = -2},
    {.bitmap_index = 77841, .adv_w = 224, .box_w = 14, .box_h = 12, .ofs_x = 0, .ofs_y = -1},
    {.bitmap_index = 77925, .adv_w = 224, .box_w = 14, .box_h = 13, .ofs_x = 0, .ofs_y = -2},
    {.bitmap_index = 78016, .adv_w = 224, .box_w = 14, .box_h = 14, .ofs_x = 0, .ofs_y = -2},
    {.bitmap_index = 78114, .adv_w = 224, .box_w = 14, .box_h = 13, .ofs_x = 0, .ofs_y = -1},
    {.bitmap_index = 78205, .adv_w = 224, .box_w = 14, .box_h = 13, .ofs_x = 0, .ofs_y = -1},
    {.bitmap_index = 78296, .adv_w = 224, .box_w = 14, .box_h = 14, .ofs_x = 0, .ofs_y = -1},
    {.bitmap_index = 78394, .adv_w = 224, .box_w = 14, .box_h = 14, .ofs_x = 0, .ofs_y = -2},
    {.bitmap_index = 78492, .adv_w = 224, .box_w = 14, .box_h = 12, .ofs_x = 0, .ofs_y = -1},
    {.bitmap_index = 78576, .adv_w = 224, .box_w = 14, .box_h = 12, .ofs_x = 0, .ofs_y = -1},
    {.bitmap_index = 78660, .adv_w = 224, .box_w = 14, .box_h = 14, .ofs_x = 0, .ofs_y = -1},
    {.bitmap_index = 78758, .adv_w = 224, .box_w = 14, .box_h = 14, .ofs_x = 0, .ofs_y = -2},
    {.bitmap_index = 78856, .adv_w = 224, .box_w = 14, .box_h = 13, .ofs_x = 0, .ofs_y = -1},
    {.bitmap_index = 78947, .adv_w = 224, .box_w = 14, .box_h = 13, .ofs_x = 0, .ofs_y = -1},
    {.bitmap_index = 79038, .adv_w = 224, .box_w = 14, .box_h = 13, .ofs_x = 0, .ofs_y = -1},
    {.bitmap_index = 79129, .adv_w = 224, .box_w = 14, .box_h = 13, .ofs_x = 0, .ofs_y = -1},
    {.bitmap_index = 79220, .adv_w = 224, .box_w = 14, .box_h = 14, .ofs_x = 0, .ofs_y = -2},
    {.bitmap_index = 79318, .adv_w = 224, .box_w = 14, .box_h = 13, .ofs_x = 0, .ofs_y = -1},
    {.bitmap_index = 79409, .adv_w = 224, .box_w = 14, .box_h = 13, .ofs_x = 0, .ofs_y = -1},
    {.bitmap_index = 79500, .adv_w = 224, .box_w = 14, .box_h = 14, .ofs_x = 0, .ofs_y = -2},
    {.bitmap_index = 79598, .adv_w = 224, .box_w = 14, .box_h = 14, .ofs_x = 0, .ofs_y = -2},
    {.bitmap_index = 79696, .adv_w = 224, .box_w = 14, .box_h = 13, .ofs_x = 0, .ofs_y = -1},
    {.bitmap_index = 79787, .adv_w = 224, .box_w = 14, .box_h = 14, .ofs_x = 0, .ofs_y = -2},
    {.bitmap_index = 79885, .adv_w = 224, .box_w = 14, .box_h = 13, .ofs_x = 0, .ofs_y = -1},
    {.bitmap_index = 79976, .adv_w = 224, .box_w = 14, .box_h = 13, .ofs_x = 0, .ofs_y = -1},
    {.bitmap_index = 80067, .adv_w = 224, .box_w = 14, .box_h = 14, .ofs_x = 0, .ofs_y = -2},
    {.bitmap_index = 80165, .adv_w = 224, .box_w = 14, .box_h = 13, .ofs_x = 0, .ofs_y = -1},
    {.bitmap_index = 80256, .adv_w = 224, .box_w = 14, .box_h = 14, .ofs_x = 0, .ofs_y = -2},
    {.bitmap_index = 80354, .adv_w = 224, .box_w = 14, .box_h = 13, .ofs_x = 0, .ofs_y = -1},
    {.bitmap_index = 80445, .adv_w = 224, .box_w = 14, .box_h = 13, .ofs_x = 0, .ofs_y = -1},
    {.bitmap_index = 80536, .adv_w = 224, .box_w = 14, .box_h = 14, .ofs_x = 0, .ofs_y = -2},
    {.bitmap_index = 80634, .adv_w = 224, .box_w = 12, .box_h = 14, .ofs_x = 1, .ofs_y = -2},
    {.bitmap_index = 80718, .adv_w = 224, .box_w = 12, .box_h = 13, .ofs_x = 1, .ofs_y = -1},
    {.bitmap_index = 80796, .adv_w = 224, .box_w = 14, .box_h = 14, .ofs_x = 0, .ofs_y = -2},
    {.bitmap_index = 80894, .adv_w = 224, .box_w = 14, .box_h = 15, .ofs_x = 0, .ofs_y = -2},
    {.bitmap_index = 80999, .adv_w = 224, .box_w = 13, .box_h = 14, .ofs_x = 0, .ofs_y = -2},
    {.bitmap_index = 81090, .adv_w = 224, .box_w = 14, .box_h = 15, .ofs_x = 0, .ofs_y = -2},
    {.bitmap_index = 81195, .adv_w = 224, .box_w = 14, .box_h = 13, .ofs_x = 0, .ofs_y = -1},
    {.bitmap_index = 81286, .adv_w = 224, .box_w = 14, .box_h = 13, .ofs_x = 0, .ofs_y = -1},
    {.bitmap_index = 81377, .adv_w = 224, .box_w = 14, .box_h = 13, .ofs_x = 0, .ofs_y = -1},
    {.bitmap_index = 81468, .adv_w = 224, .box_w = 14, .box_h = 14, .ofs_x = 0, .ofs_y = -1},
    {.bitmap_index = 81566, .adv_w = 224, .box_w = 14, .box_h = 14, .ofs_x = 0, .ofs_y = -1},
    {.bitmap_index = 81664, .adv_w = 224, .box_w = 14, .box_h = 14, .ofs_x = 0, .ofs_y = -2},
    {.bitmap_index = 81762, .adv_w = 224, .box_w = 14, .box_h = 14, .ofs_x = 0, .ofs_y = -2},
    {.bitmap_index = 81860, .adv_w = 224, .box_w = 14, .box_h = 13, .ofs_x = 0, .ofs_y = -1},
    {.bitmap_index = 81951, .adv_w = 224, .box_w = 14, .box_h = 14, .ofs_x = 0, .ofs_y = -2},
    {.bitmap_index = 82049, .adv_w = 224, .box_w = 14, .box_h = 15, .ofs_x = 0, .ofs_y = -2},
    {.bitmap_index = 82154, .adv_w = 224, .box_w = 14, .box_h = 13, .ofs_x = 0, .ofs_y = -1},
    {.bitmap_index = 82245, .adv_w = 224, .box_w = 14, .box_h = 14, .ofs_x = 0, .ofs_y = -1},
    {.bitmap_index = 82343, .adv_w = 224, .box_w = 14, .box_h = 14, .ofs_x = 0, .ofs_y = -2},
    {.bitmap_index = 82441, .adv_w = 224, .box_w = 14, .box_h = 14, .ofs_x = 0, .ofs_y = -1},
    {.bitmap_index = 82539, .adv_w = 224, .box_w = 14, .box_h = 14, .ofs_x = 0, .ofs_y = -1},
    {.bitmap_index = 82637, .adv_w = 224, .box_w = 14, .box_h = 13, .ofs_x = 0, .ofs_y = -1},
    {.bitmap_index = 82728, .adv_w = 224, .box_w = 14, .box_h = 14, .ofs_x = 0, .ofs_y = -2},
    {.bitmap_index = 82826, .adv_w = 224, .box_w = 14, .box_h = 14, .ofs_x = 0, .ofs_y = -1},
    {.bitmap_index = 82924, .adv_w = 224, .box_w = 13, .box_h = 14, .ofs_x = 0, .ofs_y = -2},
    {.bitmap_index = 83015, .adv_w = 224, .box_w = 14, .box_h = 13, .ofs_x = 0, .ofs_y = -1},
    {.bitmap_index = 83106, .adv_w = 224, .box_w = 14, .box_h = 13, .ofs_x = 0, .ofs_y = -1},
    {.bitmap_index = 83197, .adv_w = 224, .box_w = 14, .box_h = 13, .ofs_x = 0, .ofs_y = -1},
    {.bitmap_index = 83288, .adv_w = 224, .box_w = 14, .box_h = 13, .ofs_x = 0, .ofs_y = -1},
    {.bitmap_index = 83379, .adv_w = 224, .box_w = 14, .box_h = 14, .ofs_x = 0, .ofs_y = -1},
    {.bitmap_index = 83477, .adv_w = 224, .box_w = 14, .box_h = 13, .ofs_x = 0, .ofs_y = -1},
    {.bitmap_index = 83568, .adv_w = 224, .box_w = 14, .box_h = 14, .ofs_x = 0, .ofs_y = -2},
    {.bitmap_index = 83666, .adv_w = 224, .box_w = 14, .box_h = 14, .ofs_x = 0, .ofs_y = -2},
    {.bitmap_index = 83764, .adv_w = 224, .box_w = 14, .box_h = 14, .ofs_x = 0, .ofs_y = -1},
    {.bitmap_index = 83862, .adv_w = 224, .box_w = 14, .box_h = 14, .ofs_x = 0, .ofs_y = -1},
    {.bitmap_index = 83960, .adv_w = 224, .box_w = 13, .box_h = 14, .ofs_x = 0, .ofs_y = -1},
    {.bitmap_index = 84051, .adv_w = 224, .box_w = 14, .box_h = 14, .ofs_x = 0, .ofs_y = -1},
    {.bitmap_index = 84149, .adv_w = 224, .box_w = 13, .box_h = 13, .ofs_x = 1, .ofs_y = -1},
    {.bitmap_index = 84234, .adv_w = 224, .box_w = 14, .box_h = 13, .ofs_x = 0, .ofs_y = -1},
    {.bitmap_index = 84325, .adv_w = 224, .box_w = 14, .box_h = 13, .ofs_x = 0, .ofs_y = -1},
    {.bitmap_index = 84416, .adv_w = 224, .box_w = 14, .box_h = 14, .ofs_x = 0, .ofs_y = -2},
    {.bitmap_index = 84514, .adv_w = 224, .box_w = 14, .box_h = 13, .ofs_x = 0, .ofs_y = -1},
    {.bitmap_index = 84605, .adv_w = 224, .box_w = 14, .box_h = 13, .ofs_x = 0, .ofs_y = -1},
    {.bitmap_index = 84696, .adv_w = 224, .box_w = 14, .box_h = 13, .ofs_x = 0, .ofs_y = -1},
    {.bitmap_index = 84787, .adv_w = 224, .box_w = 14, .box_h = 14, .ofs_x = 0, .ofs_y = -1},
    {.bitmap_index = 84885, .adv_w = 224, .box_w = 14, .box_h = 13, .ofs_x = 0, .ofs_y = -1},
    {.bitmap_index = 84976, .adv_w = 224, .box_w = 14, .box_h = 12, .ofs_x = 0, .ofs_y = -1},
    {.bitmap_index = 85060, .adv_w = 224, .box_w = 14, .box_h = 15, .ofs_x = 0, .ofs_y = -2},
    {.bitmap_index = 85165, .adv_w = 224, .box_w = 14, .box_h = 14, .ofs_x = 0, .ofs_y = -1},
    {.bitmap_index = 85263, .adv_w = 224, .box_w = 14, .box_h = 14, .ofs_x = 0, .ofs_y = -2},
    {.bitmap_index = 85361, .adv_w = 224, .box_w = 14, .box_h = 15, .ofs_x = 0, .ofs_y = -2},
    {.bitmap_index = 85466, .adv_w = 224, .box_w = 14, .box_h = 13, .ofs_x = 0, .ofs_y = -1},
    {.bitmap_index = 85557, .adv_w = 224, .box_w = 14, .box_h = 15, .ofs_x = 0, .ofs_y = -2},
    {.bitmap_index = 85662, .adv_w = 224, .box_w = 14, .box_h = 13, .ofs_x = 0, .ofs_y = -1},
    {.bitmap_index = 85753, .adv_w = 224, .box_w = 14, .box_h = 14, .ofs_x = 0, .ofs_y = -1},
    {.bitmap_index = 85851, .adv_w = 224, .box_w = 14, .box_h = 13, .ofs_x = 0, .ofs_y = -1},
    {.bitmap_index = 85942, .adv_w = 224, .box_w = 14, .box_h = 13, .ofs_x = 0, .ofs_y = -1},
    {.bitmap_index = 86033, .adv_w = 224, .box_w = 14, .box_h = 13, .ofs_x = 0, .ofs_y = -1},
    {.bitmap_index = 86124, .adv_w = 224, .box_w = 14, .box_h = 13, .ofs_x = 0, .ofs_y = -1},
    {.bitmap_index = 86215, .adv_w = 224, .box_w = 14, .box_h = 13, .ofs_x = 0, .ofs_y = -1},
    {.bitmap_index = 86306, .adv_w = 224, .box_w = 14, .box_h = 15, .ofs_x = 0, .ofs_y = -2},
    {.bitmap_index = 86411, .adv_w = 224, .box_w = 14, .box_h = 13, .ofs_x = 0, .ofs_y = -1},
    {.bitmap_index = 86502, .adv_w = 224, .box_w = 14, .box_h = 13, .ofs_x = 0, .ofs_y = -1},
    {.bitmap_index = 86593, .adv_w = 224, .box_w = 13, .box_h = 13, .ofs_x = 0, .ofs_y = -1},
    {.bitmap_index = 86678, .adv_w = 224, .box_w = 14, .box_h = 14, .ofs_x = 0, .ofs_y = -1},
    {.bitmap_index = 86776, .adv_w = 224, .box_w = 14, .box_h = 13, .ofs_x = 0, .ofs_y = -1},
    {.bitmap_index = 86867, .adv_w = 224, .box_w = 14, .box_h = 13, .ofs_x = 0, .ofs_y = -1},
    {.bitmap_index = 86958, .adv_w = 224, .box_w = 14, .box_h = 13, .ofs_x = 0, .ofs_y = -1},
    {.bitmap_index = 87049, .adv_w = 224, .box_w = 14, .box_h = 14, .ofs_x = 0, .ofs_y = -1},
    {.bitmap_index = 87147, .adv_w = 224, .box_w = 12, .box_h = 12, .ofs_x = 1, .ofs_y = -1},
    {.bitmap_index = 87219, .adv_w = 224, .box_w = 14, .box_h = 12, .ofs_x = 0, .ofs_y = -1},
    {.bitmap_index = 87303, .adv_w = 224, .box_w = 12, .box_h = 13, .ofs_x = 1, .ofs_y = -2},
    {.bitmap_index = 87381, .adv_w = 224, .box_w = 14, .box_h = 12, .ofs_x = 0, .ofs_y = -1},
    {.bitmap_index = 87465, .adv_w = 224, .box_w = 14, .box_h = 13, .ofs_x = 0, .ofs_y = -2},
    {.bitmap_index = 87556, .adv_w = 224, .box_w = 14, .box_h = 12, .ofs_x = 0, .ofs_y = -1},
    {.bitmap_index = 87640, .adv_w = 224, .box_w = 14, .box_h = 13, .ofs_x = 0, .ofs_y = -2},
    {.bitmap_index = 87731, .adv_w = 224, .box_w = 14, .box_h = 13, .ofs_x = 0, .ofs_y = -1},
    {.bitmap_index = 87822, .adv_w = 224, .box_w = 14, .box_h = 13, .ofs_x = 0, .ofs_y = -1},
    {.bitmap_index = 87913, .adv_w = 224, .box_w = 14, .box_h = 14, .ofs_x = 0, .ofs_y = -2},
    {.bitmap_index = 88011, .adv_w = 224, .box_w = 12, .box_h = 12, .ofs_x = 1, .ofs_y = -1},
    {.bitmap_index = 88083, .adv_w = 224, .box_w = 14, .box_h = 14, .ofs_x = 0, .ofs_y = -2},
    {.bitmap_index = 88181, .adv_w = 224, .box_w = 13, .box_h = 13, .ofs_x = 0, .ofs_y = -1},
    {.bitmap_index = 88266, .adv_w = 224, .box_w = 14, .box_h = 13, .ofs_x = 0, .ofs_y = -2},
    {.bitmap_index = 88357, .adv_w = 224, .box_w = 14, .box_h = 13, .ofs_x = 0, .ofs_y = -1},
    {.bitmap_index = 88448, .adv_w = 224, .box_w = 14, .box_h = 12, .ofs_x = 0, .ofs_y = -1},
    {.bitmap_index = 88532, .adv_w = 224, .box_w = 14, .box_h = 13, .ofs_x = 0, .ofs_y = -1},
    {.bitmap_index = 88623, .adv_w = 224, .box_w = 14, .box_h = 14, .ofs_x = 0, .ofs_y = -2},
    {.bitmap_index = 88721, .adv_w = 224, .box_w = 14, .box_h = 12, .ofs_x = 0, .ofs_y = -1},
    {.bitmap_index = 88805, .adv_w = 224, .box_w = 14, .box_h = 12, .ofs_x = 0, .ofs_y = -1},
    {.bitmap_index = 88889, .adv_w = 224, .box_w = 12, .box_h = 13, .ofs_x = 1, .ofs_y = -2},
    {.bitmap_index = 88967, .adv_w = 224, .box_w = 14, .box_h = 14, .ofs_x = 0, .ofs_y = -2},
    {.bitmap_index = 89065, .adv_w = 224, .box_w = 14, .box_h = 13, .ofs_x = 0, .ofs_y = -1},
    {.bitmap_index = 89156, .adv_w = 224, .box_w = 14, .box_h = 13, .ofs_x = 0, .ofs_y = -1},
    {.bitmap_index = 89247, .adv_w = 224, .box_w = 14, .box_h = 13, .ofs_x = 0, .ofs_y = -1},
    {.bitmap_index = 89338, .adv_w = 224, .box_w = 14, .box_h = 13, .ofs_x = 0, .ofs_y = -1},
    {.bitmap_index = 89429, .adv_w = 224, .box_w = 11, .box_h = 13, .ofs_x = 2, .ofs_y = -1},
    {.bitmap_index = 89501, .adv_w = 224, .box_w = 13, .box_h = 14, .ofs_x = 0, .ofs_y = -2},
    {.bitmap_index = 89592, .adv_w = 224, .box_w = 13, .box_h = 13, .ofs_x = 0, .ofs_y = -1},
    {.bitmap_index = 89677, .adv_w = 224, .box_w = 14, .box_h = 14, .ofs_x = 0, .ofs_y = -2},
    {.bitmap_index = 89775, .adv_w = 224, .box_w = 14, .box_h = 14, .ofs_x = 0, .ofs_y = -2},
    {.bitmap_index = 89873, .adv_w = 224, .box_w = 14, .box_h = 14, .ofs_x = 0, .ofs_y = -2},
    {.bitmap_index = 89971, .adv_w = 224, .box_w = 14, .box_h = 14, .ofs_x = 0, .ofs_y = -1},
    {.bitmap_index = 90069, .adv_w = 224, .box_w = 13, .box_h = 14, .ofs_x = 0, .ofs_y = -2},
    {.bitmap_index = 90160, .adv_w = 224, .box_w = 14, .box_h = 13, .ofs_x = 0, .ofs_y = -2},
    {.bitmap_index = 90251, .adv_w = 224, .box_w = 14, .box_h = 13, .ofs_x = 0, .ofs_y = -1},
    {.bitmap_index = 90342, .adv_w = 224, .box_w = 14, .box_h = 14, .ofs_x = 0, .ofs_y = -2},
    {.bitmap_index = 90440, .adv_w = 224, .box_w = 14, .box_h = 14, .ofs_x = 0, .ofs_y = -2},
    {.bitmap_index = 90538, .adv_w = 224, .box_w = 13, .box_h = 14, .ofs_x = 1, .ofs_y = -2},
    {.bitmap_index = 90629, .adv_w = 224, .box_w = 10, .box_h = 13, .ofs_x = 2, .ofs_y = -1},
    {.bitmap_index = 90694, .adv_w = 224, .box_w = 14, .box_h = 12, .ofs_x = 0, .ofs_y = -1},
    {.bitmap_index = 90778, .adv_w = 224, .box_w = 14, .box_h = 13, .ofs_x = 0, .ofs_y = -1},
    {.bitmap_index = 90869, .adv_w = 224, .box_w = 14, .box_h = 15, .ofs_x = 0, .ofs_y = -2},
    {.bitmap_index = 90974, .adv_w = 224, .box_w = 14, .box_h = 14, .ofs_x = 0, .ofs_y = -2},
    {.bitmap_index = 91072, .adv_w = 224, .box_w = 14, .box_h = 14, .ofs_x = 0, .ofs_y = -1},
    {.bitmap_index = 91170, .adv_w = 224, .box_w = 14, .box_h = 13, .ofs_x = 0, .ofs_y = -1},
    {.bitmap_index = 91261, .adv_w = 224, .box_w = 14, .box_h = 13, .ofs_x = 0, .ofs_y = -1},
    {.bitmap_index = 91352, .adv_w = 224, .box_w = 14, .box_h = 14, .ofs_x = 0, .ofs_y = -2},
    {.bitmap_index = 91450, .adv_w = 224, .box_w = 14, .box_h = 14, .ofs_x = 0, .ofs_y = -2},
    {.bitmap_index = 91548, .adv_w = 224, .box_w = 13, .box_h = 14, .ofs_x = 0, .ofs_y = -1},
    {.bitmap_index = 91639, .adv_w = 224, .box_w = 14, .box_h = 14, .ofs_x = 0, .ofs_y = -2},
    {.bitmap_index = 91737, .adv_w = 224, .box_w = 14, .box_h = 13, .ofs_x = 0, .ofs_y = -1},
    {.bitmap_index = 91828, .adv_w = 224, .box_w = 14, .box_h = 14, .ofs_x = 0, .ofs_y = -2},
    {.bitmap_index = 91926, .adv_w = 224, .box_w = 14, .box_h = 13, .ofs_x = 0, .ofs_y = -1},
    {.bitmap_index = 92017, .adv_w = 224, .box_w = 14, .box_h = 13, .ofs_x = 0, .ofs_y = -1},
    {.bitmap_index = 92108, .adv_w = 224, .box_w = 14, .box_h = 13, .ofs_x = 0, .ofs_y = -1},
    {.bitmap_index = 92199, .adv_w = 224, .box_w = 14, .box_h = 14, .ofs_x = 0, .ofs_y = -2},
    {.bitmap_index = 92297, .adv_w = 224, .box_w = 14, .box_h = 13, .ofs_x = 0, .ofs_y = -1},
    {.bitmap_index = 92388, .adv_w = 224, .box_w = 14, .box_h = 14, .ofs_x = 0, .ofs_y = -2},
    {.bitmap_index = 92486, .adv_w = 224, .box_w = 14, .box_h = 14, .ofs_x = 0, .ofs_y = -2},
    {.bitmap_index = 92584, .adv_w = 224, .box_w = 14, .box_h = 14, .ofs_x = 0, .ofs_y = -2},
    {.bitmap_index = 92682, .adv_w = 224, .box_w = 14, .box_h = 13, .ofs_x = 0, .ofs_y = -1},
    {.bitmap_index = 92773, .adv_w = 224, .box_w = 14, .box_h = 13, .ofs_x = 0, .ofs_y = -1},
    {.bitmap_index = 92864, .adv_w = 224, .box_w = 14, .box_h = 13, .ofs_x = 0, .ofs_y = -1},
    {.bitmap_index = 92955, .adv_w = 224, .box_w = 14, .box_h = 14, .ofs_x = 0, .ofs_y = -2},
    {.bitmap_index = 93053, .adv_w = 224, .box_w = 14, .box_h = 14, .ofs_x = 0, .ofs_y = -2},
    {.bitmap_index = 93151, .adv_w = 224, .box_w = 14, .box_h = 14, .ofs_x = 0, .ofs_y = -1},
    {.bitmap_index = 93249, .adv_w = 224, .box_w = 14, .box_h = 14, .ofs_x = 0, .ofs_y = -2},
    {.bitmap_index = 93347, .adv_w = 224, .box_w = 14, .box_h = 13, .ofs_x = 0, .ofs_y = -1},
    {.bitmap_index = 93438, .adv_w = 224, .box_w = 14, .box_h = 13, .ofs_x = 0, .ofs_y = -1},
    {.bitmap_index = 93529, .adv_w = 224, .box_w = 14, .box_h = 13, .ofs_x = 0, .ofs_y = -1},
    {.bitmap_index = 93620, .adv_w = 224, .box_w = 14, .box_h = 14, .ofs_x = 0, .ofs_y = -2},
    {.bitmap_index = 93718, .adv_w = 224, .box_w = 14, .box_h = 14, .ofs_x = 0, .ofs_y = -2},
    {.bitmap_index = 93816, .adv_w = 224, .box_w = 14, .box_h = 13, .ofs_x = 0, .ofs_y = -1},
    {.bitmap_index = 93907, .adv_w = 224, .box_w = 14, .box_h = 14, .ofs_x = 0, .ofs_y = -2},
    {.bitmap_index = 94005, .adv_w = 224, .box_w = 14, .box_h = 14, .ofs_x = 0, .ofs_y = -2},
    {.bitmap_index = 94103, .adv_w = 224, .box_w = 14, .box_h = 13, .ofs_x = 0, .ofs_y = -1},
    {.bitmap_index = 94194, .adv_w = 224, .box_w = 14, .box_h = 13, .ofs_x = 0, .ofs_y = -1},
    {.bitmap_index = 94285, .adv_w = 224, .box_w = 14, .box_h = 13, .ofs_x = 0, .ofs_y = -1},
    {.bitmap_index = 94376, .adv_w = 224, .box_w = 14, .box_h = 14, .ofs_x = 0, .ofs_y = -2},
    {.bitmap_index = 94474, .adv_w = 224, .box_w = 14, .box_h = 13, .ofs_x = 0, .ofs_y = -1},
    {.bitmap_index = 94565, .adv_w = 224, .box_w = 14, .box_h = 13, .ofs_x = 0, .ofs_y = -1},
    {.bitmap_index = 94656, .adv_w = 224, .box_w = 14, .box_h = 13, .ofs_x = 0, .ofs_y = -1},
    {.bitmap_index = 94747, .adv_w = 224, .box_w = 14, .box_h = 13, .ofs_x = 0, .ofs_y = -1},
    {.bitmap_index = 94838, .adv_w = 224, .box_w = 14, .box_h = 13, .ofs_x = 0, .ofs_y = -1},
    {.bitmap_index = 94929, .adv_w = 224, .box_w = 14, .box_h = 14, .ofs_x = 0, .ofs_y = -2},
    {.bitmap_index = 95027, .adv_w = 224, .box_w = 14, .box_h = 13, .ofs_x = 0, .ofs_y = -1},
    {.bitmap_index = 95118, .adv_w = 224, .box_w = 14, .box_h = 14, .ofs_x = 0, .ofs_y = -2},
    {.bitmap_index = 95216, .adv_w = 224, .box_w = 14, .box_h = 13, .ofs_x = 0, .ofs_y = -1},
    {.bitmap_index = 95307, .adv_w = 224, .box_w = 14, .box_h = 13, .ofs_x = 0, .ofs_y = -1},
    {.bitmap_index = 95398, .adv_w = 224, .box_w = 14, .box_h = 14, .ofs_x = 0, .ofs_y = -2},
    {.bitmap_index = 95496, .adv_w = 224, .box_w = 14, .box_h = 14, .ofs_x = 0, .ofs_y = -2},
    {.bitmap_index = 95594, .adv_w = 224, .box_w = 14, .box_h = 13, .ofs_x = 0, .ofs_y = -2},
    {.bitmap_index = 95685, .adv_w = 224, .box_w = 14, .box_h = 14, .ofs_x = 0, .ofs_y = -2},
    {.bitmap_index = 95783, .adv_w = 224, .box_w = 14, .box_h = 13, .ofs_x = 0, .ofs_y = -2},
    {.bitmap_index = 95874, .adv_w = 224, .box_w = 14, .box_h = 14, .ofs_x = 0, .ofs_y = -1},
    {.bitmap_index = 95972, .adv_w = 224, .box_w = 14, .box_h = 14, .ofs_x = 0, .ofs_y = -2},
    {.bitmap_index = 96070, .adv_w = 224, .box_w = 14, .box_h = 15, .ofs_x = 0, .ofs_y = -2},
    {.bitmap_index = 96175, .adv_w = 224, .box_w = 14, .box_h = 13, .ofs_x = 0, .ofs_y = -1},
    {.bitmap_index = 96266, .adv_w = 224, .box_w = 14, .box_h = 14, .ofs_x = 0, .ofs_y = -2},
    {.bitmap_index = 96364, .adv_w = 224, .box_w = 14, .box_h = 13, .ofs_x = 0, .ofs_y = -1},
    {.bitmap_index = 96455, .adv_w = 224, .box_w = 14, .box_h = 13, .ofs_x = 0, .ofs_y = -1},
    {.bitmap_index = 96546, .adv_w = 224, .box_w = 14, .box_h = 14, .ofs_x = 0, .ofs_y = -2},
    {.bitmap_index = 96644, .adv_w = 224, .box_w = 14, .box_h = 14, .ofs_x = 0, .ofs_y = -2},
    {.bitmap_index = 96742, .adv_w = 224, .box_w = 14, .box_h = 15, .ofs_x = 0, .ofs_y = -2},
    {.bitmap_index = 96847, .adv_w = 224, .box_w = 14, .box_h = 13, .ofs_x = 0, .ofs_y = -1},
    {.bitmap_index = 96938, .adv_w = 224, .box_w = 14, .box_h = 15, .ofs_x = 0, .ofs_y = -2},
    {.bitmap_index = 97043, .adv_w = 224, .box_w = 14, .box_h = 14, .ofs_x = 0, .ofs_y = -2},
    {.bitmap_index = 97141, .adv_w = 224, .box_w = 14, .box_h = 14, .ofs_x = 0, .ofs_y = -1},
    {.bitmap_index = 97239, .adv_w = 224, .box_w = 14, .box_h = 12, .ofs_x = 0, .ofs_y = -1},
    {.bitmap_index = 97323, .adv_w = 224, .box_w = 14, .box_h = 13, .ofs_x = 0, .ofs_y = -2},
    {.bitmap_index = 97414, .adv_w = 224, .box_w = 14, .box_h = 12, .ofs_x = 0, .ofs_y = -1},
    {.bitmap_index = 97498, .adv_w = 224, .box_w = 14, .box_h = 13, .ofs_x = 0, .ofs_y = -2},
    {.bitmap_index = 97589, .adv_w = 224, .box_w = 14, .box_h = 14, .ofs_x = 0, .ofs_y = -2},
    {.bitmap_index = 97687, .adv_w = 224, .box_w = 14, .box_h = 14, .ofs_x = 0, .ofs_y = -2},
    {.bitmap_index = 97785, .adv_w = 224, .box_w = 14, .box_h = 14, .ofs_x = 0, .ofs_y = -2},
    {.bitmap_index = 97883, .adv_w = 224, .box_w = 14, .box_h = 13, .ofs_x = 0, .ofs_y = -2},
    {.bitmap_index = 97974, .adv_w = 224, .box_w = 14, .box_h = 13, .ofs_x = 0, .ofs_y = -2},
    {.bitmap_index = 98065, .adv_w = 224, .box_w = 14, .box_h = 14, .ofs_x = 0, .ofs_y = -2},
    {.bitmap_index = 98163, .adv_w = 224, .box_w = 12, .box_h = 14, .ofs_x = 1, .ofs_y = -2},
    {.bitmap_index = 98247, .adv_w = 224, .box_w = 14, .box_h = 14, .ofs_x = 0, .ofs_y = -2},
    {.bitmap_index = 98345, .adv_w = 224, .box_w = 14, .box_h = 13, .ofs_x = 0, .ofs_y = -1},
    {.bitmap_index = 98436, .adv_w = 224, .box_w = 14, .box_h = 14, .ofs_x = 0, .ofs_y = -1},
    {.bitmap_index = 98534, .adv_w = 224, .box_w = 14, .box_h = 14, .ofs_x = 0, .ofs_y = -2},
    {.bitmap_index = 98632, .adv_w = 224, .box_w = 14, .box_h = 13, .ofs_x = 0, .ofs_y = -1},
    {.bitmap_index = 98723, .adv_w = 224, .box_w = 14, .box_h = 14, .ofs_x = 0, .ofs_y = -2},
    {.bitmap_index = 98821, .adv_w = 224, .box_w = 14, .box_h = 14, .ofs_x = 0, .ofs_y = -1},
    {.bitmap_index = 98919, .adv_w = 224, .box_w = 14, .box_h = 14, .ofs_x = 0, .ofs_y = -2},
    {.bitmap_index = 99017, .adv_w = 224, .box_w = 14, .box_h = 13, .ofs_x = 0, .ofs_y = -1},
    {.bitmap_index = 99108, .adv_w = 224, .box_w = 14, .box_h = 14, .ofs_x = 0, .ofs_y = -2},
    {.bitmap_index = 99206, .adv_w = 224, .box_w = 14, .box_h = 13, .ofs_x = 0, .ofs_y = -1},
    {.bitmap_index = 99297, .adv_w = 224, .box_w = 14, .box_h = 14, .ofs_x = 0, .ofs_y = -2},
    {.bitmap_index = 99395, .adv_w = 224, .box_w = 14, .box_h = 13, .ofs_x = 0, .ofs_y = -1},
    {.bitmap_index = 99486, .adv_w = 224, .box_w = 14, .box_h = 13, .ofs_x = 0, .ofs_y = -1},
    {.bitmap_index = 99577, .adv_w = 224, .box_w = 14, .box_h = 13, .ofs_x = 0, .ofs_y = -1},
    {.bitmap_index = 99668, .adv_w = 224, .box_w = 14, .box_h = 13, .ofs_x = 0, .ofs_y = -1},
    {.bitmap_index = 99759, .adv_w = 224, .box_w = 14, .box_h = 14, .ofs_x = 0, .ofs_y = -1},
    {.bitmap_index = 99857, .adv_w = 224, .box_w = 14, .box_h = 15, .ofs_x = 0, .ofs_y = -2},
    {.bitmap_index = 99962, .adv_w = 224, .box_w = 14, .box_h = 14, .ofs_x = 0, .ofs_y = -2},
    {.bitmap_index = 100060, .adv_w = 224, .box_w = 14, .box_h = 14, .ofs_x = 0, .ofs_y = -2},
    {.bitmap_index = 100158, .adv_w = 224, .box_w = 14, .box_h = 13, .ofs_x = 0, .ofs_y = -1},
    {.bitmap_index = 100249, .adv_w = 224, .box_w = 14, .box_h = 13, .ofs_x = 0, .ofs_y = -1},
    {.bitmap_index = 100340, .adv_w = 224, .box_w = 14, .box_h = 14, .ofs_x = 0, .ofs_y = -2},
    {.bitmap_index = 100438, .adv_w = 224, .box_w = 14, .box_h = 14, .ofs_x = 0, .ofs_y = -2},
    {.bitmap_index = 100536, .adv_w = 224, .box_w = 14, .box_h = 13, .ofs_x = 0, .ofs_y = -1},
    {.bitmap_index = 100627, .adv_w = 224, .box_w = 14, .box_h = 14, .ofs_x = 0, .ofs_y = -2},
    {.bitmap_index = 100725, .adv_w = 224, .box_w = 14, .box_h = 13, .ofs_x = 0, .ofs_y = -1},
    {.bitmap_index = 100816, .adv_w = 224, .box_w = 14, .box_h = 14, .ofs_x = 0, .ofs_y = -2},
    {.bitmap_index = 100914, .adv_w = 224, .box_w = 14, .box_h = 13, .ofs_x = 0, .ofs_y = -1},
    {.bitmap_index = 101005, .adv_w = 224, .box_w = 14, .box_h = 13, .ofs_x = 0, .ofs_y = -1},
    {.bitmap_index = 101096, .adv_w = 224, .box_w = 14, .box_h = 14, .ofs_x = 0, .ofs_y = -2},
    {.bitmap_index = 101194, .adv_w = 224, .box_w = 14, .box_h = 13, .ofs_x = 0, .ofs_y = -1},
    {.bitmap_index = 101285, .adv_w = 224, .box_w = 14, .box_h = 13, .ofs_x = 0, .ofs_y = -1},
    {.bitmap_index = 101376, .adv_w = 224, .box_w = 14, .box_h = 13, .ofs_x = 0, .ofs_y = -1},
    {.bitmap_index = 101467, .adv_w = 224, .box_w = 14, .box_h = 14, .ofs_x = 0, .ofs_y = -2},
    {.bitmap_index = 101565, .adv_w = 224, .box_w = 14, .box_h = 14, .ofs_x = 0, .ofs_y = -2},
    {.bitmap_index = 101663, .adv_w = 224, .box_w = 14, .box_h = 13, .ofs_x = 0, .ofs_y = -1},
    {.bitmap_index = 101754, .adv_w = 224, .box_w = 14, .box_h = 14, .ofs_x = 0, .ofs_y = -2},
    {.bitmap_index = 101852, .adv_w = 224, .box_w = 14, .box_h = 14, .ofs_x = 0, .ofs_y = -2},
    {.bitmap_index = 101950, .adv_w = 224, .box_w = 14, .box_h = 13, .ofs_x = 0, .ofs_y = -1},
    {.bitmap_index = 102041, .adv_w = 224, .box_w = 14, .box_h = 13, .ofs_x = 0, .ofs_y = -1},
    {.bitmap_index = 102132, .adv_w = 224, .box_w = 14, .box_h = 13, .ofs_x = 0, .ofs_y = -1},
    {.bitmap_index = 102223, .adv_w = 224, .box_w = 14, .box_h = 13, .ofs_x = 0, .ofs_y = -1},
    {.bitmap_index = 102314, .adv_w = 224, .box_w = 14, .box_h = 13, .ofs_x = 0, .ofs_y = -1},
    {.bitmap_index = 102405, .adv_w = 224, .box_w = 14, .box_h = 15, .ofs_x = 0, .ofs_y = -2},
    {.bitmap_index = 102510, .adv_w = 224, .box_w = 14, .box_h = 14, .ofs_x = 0, .ofs_y = -2},
    {.bitmap_index = 102608, .adv_w = 224, .box_w = 14, .box_h = 13, .ofs_x = 0, .ofs_y = -1},
    {.bitmap_index = 102699, .adv_w = 224, .box_w = 14, .box_h = 14, .ofs_x = 0, .ofs_y = -2},
    {.bitmap_index = 102797, .adv_w = 224, .box_w = 14, .box_h = 14, .ofs_x = 0, .ofs_y = -2},
    {.bitmap_index = 102895, .adv_w = 224, .box_w = 14, .box_h = 14, .ofs_x = 0, .ofs_y = -2},
    {.bitmap_index = 102993, .adv_w = 224, .box_w = 13, .box_h = 13, .ofs_x = 1, .ofs_y = -2},
    {.bitmap_index = 103078, .adv_w = 224, .box_w = 13, .box_h = 14, .ofs_x = 0, .ofs_y = -2},
    {.bitmap_index = 103169, .adv_w = 224, .box_w = 14, .box_h = 14, .ofs_x = 0, .ofs_y = -2},
    {.bitmap_index = 103267, .adv_w = 224, .box_w = 14, .box_h = 14, .ofs_x = 0, .ofs_y = -2},
    {.bitmap_index = 103365, .adv_w = 224, .box_w = 14, .box_h = 14, .ofs_x = 0, .ofs_y = -2},
    {.bitmap_index = 103463, .adv_w = 224, .box_w = 14, .box_h = 13, .ofs_x = 0, .ofs_y = -1},
    {.bitmap_index = 103554, .adv_w = 224, .box_w = 14, .box_h = 13, .ofs_x = 0, .ofs_y = -2},
    {.bitmap_index = 103645, .adv_w = 224, .box_w = 14, .box_h = 14, .ofs_x = 0, .ofs_y = -2},
    {.bitmap_index = 103743, .adv_w = 224, .box_w = 14, .box_h = 14, .ofs_x = 0, .ofs_y = -2},
    {.bitmap_index = 103841, .adv_w = 224, .box_w = 14, .box_h = 13, .ofs_x = 0, .ofs_y = -1},
    {.bitmap_index = 103932, .adv_w = 224, .box_w = 14, .box_h = 13, .ofs_x = 0, .ofs_y = -2},
    {.bitmap_index = 104023, .adv_w = 224, .box_w = 13, .box_h = 13, .ofs_x = 1, .ofs_y = -2},
    {.bitmap_index = 104108, .adv_w = 224, .box_w = 14, .box_h = 14, .ofs_x = 0, .ofs_y = -2},
    {.bitmap_index = 104206, .adv_w = 224, .box_w = 14, .box_h = 13, .ofs_x = 0, .ofs_y = -1},
    {.bitmap_index = 104297, .adv_w = 224, .box_w = 14, .box_h = 14, .ofs_x = 0, .ofs_y = -2},
    {.bitmap_index = 104395, .adv_w = 224, .box_w = 13, .box_h = 14, .ofs_x = 1, .ofs_y = -2},
    {.bitmap_index = 104486, .adv_w = 224, .box_w = 14, .box_h = 14, .ofs_x = 0, .ofs_y = -2},
    {.bitmap_index = 104584, .adv_w = 224, .box_w = 14, .box_h = 14, .ofs_x = 0, .ofs_y = -2},
    {.bitmap_index = 104682, .adv_w = 224, .box_w = 14, .box_h = 13, .ofs_x = 0, .ofs_y = -2},
    {.bitmap_index = 104773, .adv_w = 224, .box_w = 13, .box_h = 12, .ofs_x = 0, .ofs_y = -1},
    {.bitmap_index = 104851, .adv_w = 224, .box_w = 14, .box_h = 13, .ofs_x = 0, .ofs_y = -1},
    {.bitmap_index = 104942, .adv_w = 224, .box_w = 14, .box_h = 14, .ofs_x = 0, .ofs_y = -2},
    {.bitmap_index = 105040, .adv_w = 224, .box_w = 14, .box_h = 14, .ofs_x = 0, .ofs_y = -2},
    {.bitmap_index = 105138, .adv_w = 224, .box_w = 14, .box_h = 14, .ofs_x = 0, .ofs_y = -2},
    {.bitmap_index = 105236, .adv_w = 224, .box_w = 14, .box_h = 14, .ofs_x = 0, .ofs_y = -2},
    {.bitmap_index = 105334, .adv_w = 224, .box_w = 14, .box_h = 14, .ofs_x = 0, .ofs_y = -2},
    {.bitmap_index = 105432, .adv_w = 224, .box_w = 14, .box_h = 14, .ofs_x = 0, .ofs_y = -2},
    {.bitmap_index = 105530, .adv_w = 224, .box_w = 14, .box_h = 14, .ofs_x = 0, .ofs_y = -2},
    {.bitmap_index = 105628, .adv_w = 224, .box_w = 14, .box_h = 12, .ofs_x = 0, .ofs_y = -1},
    {.bitmap_index = 105712, .adv_w = 224, .box_w = 14, .box_h = 14, .ofs_x = 0, .ofs_y = -2},
    {.bitmap_index = 105810, .adv_w = 224, .box_w = 14, .box_h = 14, .ofs_x = 0, .ofs_y = -2},
    {.bitmap_index = 105908, .adv_w = 224, .box_w = 13, .box_h = 13, .ofs_x = 0, .ofs_y = -2},
    {.bitmap_index = 105993, .adv_w = 224, .box_w = 14, .box_h = 13, .ofs_x = 0, .ofs_y = -1},
    {.bitmap_index = 106084, .adv_w = 224, .box_w = 14, .box_h = 13, .ofs_x = 0, .ofs_y = -2},
    {.bitmap_index = 106175, .adv_w = 224, .box_w = 14, .box_h = 14, .ofs_x = 0, .ofs_y = -2},
    {.bitmap_index = 106273, .adv_w = 224, .box_w = 14, .box_h = 13, .ofs_x = 0, .ofs_y = -1},
    {.bitmap_index = 106364, .adv_w = 224, .box_w = 14, .box_h = 14, .ofs_x = 0, .ofs_y = -1},
    {.bitmap_index = 106462, .adv_w = 224, .box_w = 14, .box_h = 14, .ofs_x = 0, .ofs_y = -2},
    {.bitmap_index = 106560, .adv_w = 224, .box_w = 14, .box_h = 13, .ofs_x = 0, .ofs_y = -1},
    {.bitmap_index = 106651, .adv_w = 224, .box_w = 14, .box_h = 14, .ofs_x = 0, .ofs_y = -1},
    {.bitmap_index = 106749, .adv_w = 224, .box_w = 14, .box_h = 14, .ofs_x = 0, .ofs_y = -2},
    {.bitmap_index = 106847, .adv_w = 224, .box_w = 14, .box_h = 14, .ofs_x = 0, .ofs_y = -1},
    {.bitmap_index = 106945, .adv_w = 224, .box_w = 14, .box_h = 14, .ofs_x = 0, .ofs_y = -2},
    {.bitmap_index = 107043, .adv_w = 224, .box_w = 14, .box_h = 13, .ofs_x = 0, .ofs_y = -1},
    {.bitmap_index = 107134, .adv_w = 224, .box_w = 14, .box_h = 14, .ofs_x = 0, .ofs_y = -1},
    {.bitmap_index = 107232, .adv_w = 224, .box_w = 14, .box_h = 13, .ofs_x = 0, .ofs_y = -1},
    {.bitmap_index = 107323, .adv_w = 224, .box_w = 14, .box_h = 15, .ofs_x = 0, .ofs_y = -2},
    {.bitmap_index = 107428, .adv_w = 224, .box_w = 14, .box_h = 13, .ofs_x = 0, .ofs_y = -1},
    {.bitmap_index = 107519, .adv_w = 224, .box_w = 14, .box_h = 13, .ofs_x = 0, .ofs_y = -1},
    {.bitmap_index = 107610, .adv_w = 224, .box_w = 14, .box_h = 14, .ofs_x = 0, .ofs_y = -2},
    {.bitmap_index = 107708, .adv_w = 224, .box_w = 14, .box_h = 13, .ofs_x = 0, .ofs_y = -2},
    {.bitmap_index = 107799, .adv_w = 224, .box_w = 14, .box_h = 14, .ofs_x = 0, .ofs_y = -2},
    {.bitmap_index = 107897, .adv_w = 224, .box_w = 14, .box_h = 14, .ofs_x = 0, .ofs_y = -2},
    {.bitmap_index = 107995, .adv_w = 224, .box_w = 14, .box_h = 14, .ofs_x = 0, .ofs_y = -2},
    {.bitmap_index = 108093, .adv_w = 224, .box_w = 14, .box_h = 14, .ofs_x = 0, .ofs_y = -2},
    {.bitmap_index = 108191, .adv_w = 224, .box_w = 14, .box_h = 14, .ofs_x = 0, .ofs_y = -2},
    {.bitmap_index = 108289, .adv_w = 224, .box_w = 14, .box_h = 14, .ofs_x = 0, .ofs_y = -2},
    {.bitmap_index = 108387, .adv_w = 224, .box_w = 14, .box_h = 14, .ofs_x = 0, .ofs_y = -2},
    {.bitmap_index = 108485, .adv_w = 224, .box_w = 14, .box_h = 14, .ofs_x = 0, .ofs_y = -2},
    {.bitmap_index = 108583, .adv_w = 224, .box_w = 14, .box_h = 14, .ofs_x = 0, .ofs_y = -2},
    {.bitmap_index = 108681, .adv_w = 224, .box_w = 14, .box_h = 14, .ofs_x = 0, .ofs_y = -2},
    {.bitmap_index = 108779, .adv_w = 224, .box_w = 14, .box_h = 14, .ofs_x = 0, .ofs_y = -2},
    {.bitmap_index = 108877, .adv_w = 224, .box_w = 14, .box_h = 14, .ofs_x = 0, .ofs_y = -2},
    {.bitmap_index = 108975, .adv_w = 224, .box_w = 14, .box_h = 14, .ofs_x = 0, .ofs_y = -2},
    {.bitmap_index = 109073, .adv_w = 224, .box_w = 14, .box_h = 14, .ofs_x = 0, .ofs_y = -2},
    {.bitmap_index = 109171, .adv_w = 224, .box_w = 14, .box_h = 14, .ofs_x = 0, .ofs_y = -2},
    {.bitmap_index = 109269, .adv_w = 224, .box_w = 14, .box_h = 14, .ofs_x = 0, .ofs_y = -2},
    {.bitmap_index = 109367, .adv_w = 224, .box_w = 14, .box_h = 14, .ofs_x = 0, .ofs_y = -2},
    {.bitmap_index = 109465, .adv_w = 224, .box_w = 14, .box_h = 14, .ofs_x = 0, .ofs_y = -2},
    {.bitmap_index = 109563, .adv_w = 224, .box_w = 14, .box_h = 14, .ofs_x = 0, .ofs_y = -2},
    {.bitmap_index = 109661, .adv_w = 224, .box_w = 14, .box_h = 14, .ofs_x = 0, .ofs_y = -2},
    {.bitmap_index = 109759, .adv_w = 224, .box_w = 14, .box_h = 14, .ofs_x = 0, .ofs_y = -2},
    {.bitmap_index = 109857, .adv_w = 224, .box_w = 14, .box_h = 14, .ofs_x = 0, .ofs_y = -2},
    {.bitmap_index = 109955, .adv_w = 224, .box_w = 14, .box_h = 14, .ofs_x = 0, .ofs_y = -2},
    {.bitmap_index = 110053, .adv_w = 224, .box_w = 14, .box_h = 14, .ofs_x = 0, .ofs_y = -2},
    {.bitmap_index = 110151, .adv_w = 224, .box_w = 14, .box_h = 14, .ofs_x = 0, .ofs_y = -2},
    {.bitmap_index = 110249, .adv_w = 224, .box_w = 14, .box_h = 13, .ofs_x = 0, .ofs_y = -2},
    {.bitmap_index = 110340, .adv_w = 224, .box_w = 14, .box_h = 14, .ofs_x = 0, .ofs_y = -2},
    {.bitmap_index = 110438, .adv_w = 224, .box_w = 14, .box_h = 14, .ofs_x = 0, .ofs_y = -2},
    {.bitmap_index = 110536, .adv_w = 224, .box_w = 14, .box_h = 14, .ofs_x = 0, .ofs_y = -2},
    {.bitmap_index = 110634, .adv_w = 224, .box_w = 14, .box_h = 14, .ofs_x = 0, .ofs_y = -2},
    {.bitmap_index = 110732, .adv_w = 224, .box_w = 14, .box_h = 14, .ofs_x = 0, .ofs_y = -2},
    {.bitmap_index = 110830, .adv_w = 224, .box_w = 14, .box_h = 14, .ofs_x = 0, .ofs_y = -2},
    {.bitmap_index = 110928, .adv_w = 224, .box_w = 14, .box_h = 14, .ofs_x = 0, .ofs_y = -2},
    {.bitmap_index = 111026, .adv_w = 224, .box_w = 14, .box_h = 14, .ofs_x = 0, .ofs_y = -2},
    {.bitmap_index = 111124, .adv_w = 224, .box_w = 14, .box_h = 14, .ofs_x = 0, .ofs_y = -2},
    {.bitmap_index = 111222, .adv_w = 224, .box_w = 14, .box_h = 13, .ofs_x = 0, .ofs_y = -2},
    {.bitmap_index = 111313, .adv_w = 224, .box_w = 14, .box_h = 14, .ofs_x = 0, .ofs_y = -2},
    {.bitmap_index = 111411, .adv_w = 224, .box_w = 14, .box_h = 14, .ofs_x = 0, .ofs_y = -2},
    {.bitmap_index = 111509, .adv_w = 224, .box_w = 14, .box_h = 14, .ofs_x = 0, .ofs_y = -2},
    {.bitmap_index = 111607, .adv_w = 224, .box_w = 14, .box_h = 14, .ofs_x = 0, .ofs_y = -2},
    {.bitmap_index = 111705, .adv_w = 224, .box_w = 13, .box_h = 13, .ofs_x = 1, .ofs_y = -1},
    {.bitmap_index = 111790, .adv_w = 224, .box_w = 14, .box_h = 13, .ofs_x = 0, .ofs_y = -1},
    {.bitmap_index = 111881, .adv_w = 224, .box_w = 14, .box_h = 14, .ofs_x = 0, .ofs_y = -2},
    {.bitmap_index = 111979, .adv_w = 224, .box_w = 14, .box_h = 12, .ofs_x = 0, .ofs_y = -1},
    {.bitmap_index = 112063, .adv_w = 224, .box_w = 14, .box_h = 13, .ofs_x = 0, .ofs_y = -1},
    {.bitmap_index = 112154, .adv_w = 224, .box_w = 14, .box_h = 14, .ofs_x = 0, .ofs_y = -2},
    {.bitmap_index = 112252, .adv_w = 224, .box_w = 14, .box_h = 13, .ofs_x = 0, .ofs_y = -1},
    {.bitmap_index = 112343, .adv_w = 224, .box_w = 14, .box_h = 14, .ofs_x = 0, .ofs_y = -1},
    {.bitmap_index = 112441, .adv_w = 224, .box_w = 14, .box_h = 13, .ofs_x = 0, .ofs_y = -1},
    {.bitmap_index = 112532, .adv_w = 224, .box_w = 14, .box_h = 14, .ofs_x = 0, .ofs_y = -2},
    {.bitmap_index = 112630, .adv_w = 224, .box_w = 14, .box_h = 14, .ofs_x = 0, .ofs_y = -2},
    {.bitmap_index = 112728, .adv_w = 224, .box_w = 14, .box_h = 14, .ofs_x = 0, .ofs_y = -1},
    {.bitmap_index = 112826, .adv_w = 224, .box_w = 14, .box_h = 15, .ofs_x = 0, .ofs_y = -2},
    {.bitmap_index = 112931, .adv_w = 224, .box_w = 14, .box_h = 14, .ofs_x = 0, .ofs_y = -2},
    {.bitmap_index = 113029, .adv_w = 224, .box_w = 14, .box_h = 14, .ofs_x = 0, .ofs_y = -2},
    {.bitmap_index = 113127, .adv_w = 224, .box_w = 14, .box_h = 14, .ofs_x = 0, .ofs_y = -2},
    {.bitmap_index = 113225, .adv_w = 224, .box_w = 14, .box_h = 14, .ofs_x = 0, .ofs_y = -2},
    {.bitmap_index = 113323, .adv_w = 224, .box_w = 14, .box_h = 13, .ofs_x = 0, .ofs_y = -1},
    {.bitmap_index = 113414, .adv_w = 224, .box_w = 14, .box_h = 13, .ofs_x = 0, .ofs_y = -1},
    {.bitmap_index = 113505, .adv_w = 224, .box_w = 14, .box_h = 13, .ofs_x = 0, .ofs_y = -1},
    {.bitmap_index = 113596, .adv_w = 224, .box_w = 14, .box_h = 15, .ofs_x = 0, .ofs_y = -2},
    {.bitmap_index = 113701, .adv_w = 224, .box_w = 14, .box_h = 15, .ofs_x = 0, .ofs_y = -2},
    {.bitmap_index = 113806, .adv_w = 224, .box_w = 14, .box_h = 13, .ofs_x = 0, .ofs_y = -1},
    {.bitmap_index = 113897, .adv_w = 224, .box_w = 14, .box_h = 13, .ofs_x = 0, .ofs_y = -1},
    {.bitmap_index = 113988, .adv_w = 224, .box_w = 14, .box_h = 14, .ofs_x = 0, .ofs_y = -2},
    {.bitmap_index = 114086, .adv_w = 224, .box_w = 14, .box_h = 13, .ofs_x = 0, .ofs_y = -1},
    {.bitmap_index = 114177, .adv_w = 224, .box_w = 14, .box_h = 13, .ofs_x = 0, .ofs_y = -1},
    {.bitmap_index = 114268, .adv_w = 224, .box_w = 14, .box_h = 13, .ofs_x = 0, .ofs_y = -1},
    {.bitmap_index = 114359, .adv_w = 224, .box_w = 14, .box_h = 13, .ofs_x = 0, .ofs_y = -1},
    {.bitmap_index = 114450, .adv_w = 224, .box_w = 14, .box_h = 14, .ofs_x = 0, .ofs_y = -2},
    {.bitmap_index = 114548, .adv_w = 224, .box_w = 14, .box_h = 13, .ofs_x = 0, .ofs_y = -1},
    {.bitmap_index = 114639, .adv_w = 224, .box_w = 14, .box_h = 14, .ofs_x = 0, .ofs_y = -2},
    {.bitmap_index = 114737, .adv_w = 224, .box_w = 14, .box_h = 14, .ofs_x = 0, .ofs_y = -2},
    {.bitmap_index = 114835, .adv_w = 224, .box_w = 14, .box_h = 14, .ofs_x = 0, .ofs_y = -2},
    {.bitmap_index = 114933, .adv_w = 224, .box_w = 14, .box_h = 15, .ofs_x = 0, .ofs_y = -2},
    {.bitmap_index = 115038, .adv_w = 224, .box_w = 14, .box_h = 14, .ofs_x = 0, .ofs_y = -2},
    {.bitmap_index = 115136, .adv_w = 224, .box_w = 14, .box_h = 14, .ofs_x = 0, .ofs_y = -2},
    {.bitmap_index = 115234, .adv_w = 224, .box_w = 14, .box_h = 14, .ofs_x = 0, .ofs_y = -2},
    {.bitmap_index = 115332, .adv_w = 224, .box_w = 12, .box_h = 13, .ofs_x = 1, .ofs_y = -2},
    {.bitmap_index = 115410, .adv_w = 224, .box_w = 12, .box_h = 13, .ofs_x = 1, .ofs_y = -2},
    {.bitmap_index = 115488, .adv_w = 224, .box_w = 12, .box_h = 12, .ofs_x = 1, .ofs_y = -1},
    {.bitmap_index = 115560, .adv_w = 224, .box_w = 12, .box_h = 13, .ofs_x = 1, .ofs_y = -1},
    {.bitmap_index = 115638, .adv_w = 224, .box_w = 12, .box_h = 13, .ofs_x = 1, .ofs_y = -1},
    {.bitmap_index = 115716, .adv_w = 224, .box_w = 12, .box_h = 13, .ofs_x = 1, .ofs_y = -1},
    {.bitmap_index = 115794, .adv_w = 224, .box_w = 12, .box_h = 13, .ofs_x = 1, .ofs_y = -1},
    {.bitmap_index = 115872, .adv_w = 224, .box_w = 12, .box_h = 14, .ofs_x = 1, .ofs_y = -2},
    {.bitmap_index = 115956, .adv_w = 224, .box_w = 12, .box_h = 14, .ofs_x = 1, .ofs_y = -2},
    {.bitmap_index = 116040, .adv_w = 224, .box_w = 13, .box_h = 14, .ofs_x = 1, .ofs_y = -2},
    {.bitmap_index = 116131, .adv_w = 224, .box_w = 13, .box_h = 15, .ofs_x = 1, .ofs_y = -2},
    {.bitmap_index = 116229, .adv_w = 224, .box_w = 13, .box_h = 13, .ofs_x = 1, .ofs_y = -1},
    {.bitmap_index = 116314, .adv_w = 224, .box_w = 13, .box_h = 13, .ofs_x = 1, .ofs_y = -1},
    {.bitmap_index = 116399, .adv_w = 224, .box_w = 13, .box_h = 13, .ofs_x = 1, .ofs_y = -1},
    {.bitmap_index = 116484, .adv_w = 224, .box_w = 13, .box_h = 14, .ofs_x = 1, .ofs_y = -2},
    {.bitmap_index = 116575, .adv_w = 224, .box_w = 13, .box_h = 14, .ofs_x = 1, .ofs_y = -2},
    {.bitmap_index = 116666, .adv_w = 224, .box_w = 13, .box_h = 13, .ofs_x = 1, .ofs_y = -1},
    {.bitmap_index = 116751, .adv_w = 224, .box_w = 13, .box_h = 14, .ofs_x = 1, .ofs_y = -2},
    {.bitmap_index = 116842, .adv_w = 224, .box_w = 13, .box_h = 14, .ofs_x = 1, .ofs_y = -2},
    {.bitmap_index = 116933, .adv_w = 224, .box_w = 13, .box_h = 14, .ofs_x = 1, .ofs_y = -2},
    {.bitmap_index = 117024, .adv_w = 224, .box_w = 13, .box_h = 14, .ofs_x = 1, .ofs_y = -2},
    {.bitmap_index = 117115, .adv_w = 224, .box_w = 14, .box_h = 13, .ofs_x = 0, .ofs_y = -1},
    {.bitmap_index = 117206, .adv_w = 224, .box_w = 14, .box_h = 13, .ofs_x = 0, .ofs_y = -1},
    {.bitmap_index = 117297, .adv_w = 224, .box_w = 14, .box_h = 14, .ofs_x = 0, .ofs_y = -2},
    {.bitmap_index = 117395, .adv_w = 224, .box_w = 14, .box_h = 13, .ofs_x = 0, .ofs_y = -1},
    {.bitmap_index = 117486, .adv_w = 224, .box_w = 14, .box_h = 13, .ofs_x = 0, .ofs_y = -1},
    {.bitmap_index = 117577, .adv_w = 224, .box_w = 14, .box_h = 14, .ofs_x = 0, .ofs_y = -2},
    {.bitmap_index = 117675, .adv_w = 224, .box_w = 14, .box_h = 14, .ofs_x = 0, .ofs_y = -1},
    {.bitmap_index = 117773, .adv_w = 224, .box_w = 14, .box_h = 12, .ofs_x = 0, .ofs_y = -1},
    {.bitmap_index = 117857, .adv_w = 224, .box_w = 12, .box_h = 12, .ofs_x = 1, .ofs_y = -1},
    {.bitmap_index = 117929, .adv_w = 224, .box_w = 14, .box_h = 13, .ofs_x = 0, .ofs_y = -2},
    {.bitmap_index = 118020, .adv_w = 224, .box_w = 14, .box_h = 12, .ofs_x = 0, .ofs_y = -1},
    {.bitmap_index = 118104, .adv_w = 224, .box_w = 14, .box_h = 12, .ofs_x = 0, .ofs_y = -1},
    {.bitmap_index = 118188, .adv_w = 224, .box_w = 14, .box_h = 15, .ofs_x = 0, .ofs_y = -2},
    {.bitmap_index = 118293, .adv_w = 224, .box_w = 14, .box_h = 13, .ofs_x = 0, .ofs_y = -1},
    {.bitmap_index = 118384, .adv_w = 224, .box_w = 14, .box_h = 14, .ofs_x = 0, .ofs_y = -1},
    {.bitmap_index = 118482, .adv_w = 224, .box_w = 14, .box_h = 12, .ofs_x = 0, .ofs_y = -1},
    {.bitmap_index = 118566, .adv_w = 224, .box_w = 14, .box_h = 14, .ofs_x = 0, .ofs_y = -1},
    {.bitmap_index = 118664, .adv_w = 224, .box_w = 14, .box_h = 13, .ofs_x = 0, .ofs_y = -2},
    {.bitmap_index = 118755, .adv_w = 224, .box_w = 14, .box_h = 13, .ofs_x = 0, .ofs_y = -2},
    {.bitmap_index = 118846, .adv_w = 224, .box_w = 14, .box_h = 13, .ofs_x = 0, .ofs_y = -1},
    {.bitmap_index = 118937, .adv_w = 224, .box_w = 14, .box_h = 14, .ofs_x = 0, .ofs_y = -2},
    {.bitmap_index = 119035, .adv_w = 224, .box_w = 14, .box_h = 13, .ofs_x = 0, .ofs_y = -1},
    {.bitmap_index = 119126, .adv_w = 224, .box_w = 14, .box_h = 13, .ofs_x = 0, .ofs_y = -2},
    {.bitmap_index = 119217, .adv_w = 224, .box_w = 14, .box_h = 14, .ofs_x = 0, .ofs_y = -2},
    {.bitmap_index = 119315, .adv_w = 224, .box_w = 14, .box_h = 14, .ofs_x = 0, .ofs_y = -2},
    {.bitmap_index = 119413, .adv_w = 224, .box_w = 14, .box_h = 13, .ofs_x = 0, .ofs_y = -2},
    {.bitmap_index = 119504, .adv_w = 224, .box_w = 14, .box_h = 13, .ofs_x = 0, .ofs_y = -2},
    {.bitmap_index = 119595, .adv_w = 224, .box_w = 14, .box_h = 13, .ofs_x = 0, .ofs_y = -2},
    {.bitmap_index = 119686, .adv_w = 224, .box_w = 14, .box_h = 13, .ofs_x = 0, .ofs_y = -2},
    {.bitmap_index = 119777, .adv_w = 224, .box_w = 14, .box_h = 13, .ofs_x = 0, .ofs_y = -1},
    {.bitmap_index = 119868, .adv_w = 224, .box_w = 14, .box_h = 13, .ofs_x = 0, .ofs_y = -1},
    {.bitmap_index = 119959, .adv_w = 224, .box_w = 14, .box_h = 13, .ofs_x = 0, .ofs_y = -1},
    {.bitmap_index = 120050, .adv_w = 224, .box_w = 14, .box_h = 14, .ofs_x = 0, .ofs_y = -2},
    {.bitmap_index = 120148, .adv_w = 224, .box_w = 14, .box_h = 13, .ofs_x = 0, .ofs_y = -2},
    {.bitmap_index = 120239, .adv_w = 224, .box_w = 14, .box_h = 14, .ofs_x = 0, .ofs_y = -2},
    {.bitmap_index = 120337, .adv_w = 224, .box_w = 14, .box_h = 14, .ofs_x = 0, .ofs_y = -2},
    {.bitmap_index = 120435, .adv_w = 224, .box_w = 14, .box_h = 13, .ofs_x = 0, .ofs_y = -2},
    {.bitmap_index = 120526, .adv_w = 224, .box_w = 14, .box_h = 13, .ofs_x = 0, .ofs_y = -2},
    {.bitmap_index = 120617, .adv_w = 224, .box_w = 14, .box_h = 12, .ofs_x = 0, .ofs_y = -1},
    {.bitmap_index = 120701, .adv_w = 224, .box_w = 14, .box_h = 14, .ofs_x = 0, .ofs_y = -2},
    {.bitmap_index = 120799, .adv_w = 224, .box_w = 14, .box_h = 13, .ofs_x = 0, .ofs_y = -1},
    {.bitmap_index = 120890, .adv_w = 224, .box_w = 14, .box_h = 14, .ofs_x = 0, .ofs_y = -2},
    {.bitmap_index = 120988, .adv_w = 224, .box_w = 14, .box_h = 13, .ofs_x = 0, .ofs_y = -1},
    {.bitmap_index = 121079, .adv_w = 224, .box_w = 14, .box_h = 13, .ofs_x = 0, .ofs_y = -1},
    {.bitmap_index = 121170, .adv_w = 224, .box_w = 14, .box_h = 14, .ofs_x = 0, .ofs_y = -2},
    {.bitmap_index = 121268, .adv_w = 224, .box_w = 14, .box_h = 13, .ofs_x = 0, .ofs_y = -1},
    {.bitmap_index = 121359, .adv_w = 224, .box_w = 14, .box_h = 13, .ofs_x = 0, .ofs_y = -1},
    {.bitmap_index = 121450, .adv_w = 224, .box_w = 14, .box_h = 14, .ofs_x = 0, .ofs_y = -2},
    {.bitmap_index = 121548, .adv_w = 224, .box_w = 14, .box_h = 13, .ofs_x = 0, .ofs_y = -2},
    {.bitmap_index = 121639, .adv_w = 224, .box_w = 14, .box_h = 14, .ofs_x = 0, .ofs_y = -2},
    {.bitmap_index = 121737, .adv_w = 224, .box_w = 14, .box_h = 13, .ofs_x = 0, .ofs_y = -1},
    {.bitmap_index = 121828, .adv_w = 224, .box_w = 14, .box_h = 14, .ofs_x = 0, .ofs_y = -2},
    {.bitmap_index = 121926, .adv_w = 224, .box_w = 14, .box_h = 14, .ofs_x = 0, .ofs_y = -2},
    {.bitmap_index = 122024, .adv_w = 224, .box_w = 14, .box_h = 14, .ofs_x = 0, .ofs_y = -2},
    {.bitmap_index = 122122, .adv_w = 224, .box_w = 13, .box_h = 13, .ofs_x = 1, .ofs_y = -1},
    {.bitmap_index = 122207, .adv_w = 224, .box_w = 14, .box_h = 13, .ofs_x = 0, .ofs_y = -1},
    {.bitmap_index = 122298, .adv_w = 224, .box_w = 14, .box_h = 13, .ofs_x = 0, .ofs_y = -1},
    {.bitmap_index = 122389, .adv_w = 224, .box_w = 14, .box_h = 14, .ofs_x = 0, .ofs_y = -2},
    {.bitmap_index = 122487, .adv_w = 224, .box_w = 13, .box_h = 13, .ofs_x = 0, .ofs_y = -1},
    {.bitmap_index = 122572, .adv_w = 224, .box_w = 14, .box_h = 13, .ofs_x = 0, .ofs_y = -1},
    {.bitmap_index = 122663, .adv_w = 224, .box_w = 14, .box_h = 14, .ofs_x = 0, .ofs_y = -2},
    {.bitmap_index = 122761, .adv_w = 224, .box_w = 14, .box_h = 14, .ofs_x = 0, .ofs_y = -2},
    {.bitmap_index = 122859, .adv_w = 224, .box_w = 14, .box_h = 14, .ofs_x = 0, .ofs_y = -2},
    {.bitmap_index = 122957, .adv_w = 224, .box_w = 14, .box_h = 15, .ofs_x = 0, .ofs_y = -2},
    {.bitmap_index = 123062, .adv_w = 224, .box_w = 13, .box_h = 14, .ofs_x = 0, .ofs_y = -2},
    {.bitmap_index = 123153, .adv_w = 224, .box_w = 14, .box_h = 14, .ofs_x = 0, .ofs_y = -2},
    {.bitmap_index = 123251, .adv_w = 224, .box_w = 14, .box_h = 14, .ofs_x = 0, .ofs_y = -2},
    {.bitmap_index = 123349, .adv_w = 224, .box_w = 14, .box_h = 15, .ofs_x = 0, .ofs_y = -2},
    {.bitmap_index = 123454, .adv_w = 224, .box_w = 14, .box_h = 13, .ofs_x = 0, .ofs_y = -2},
    {.bitmap_index = 123545, .adv_w = 224, .box_w = 14, .box_h = 14, .ofs_x = 0, .ofs_y = -2},
    {.bitmap_index = 123643, .adv_w = 224, .box_w = 14, .box_h = 14, .ofs_x = 0, .ofs_y = -2},
    {.bitmap_index = 123741, .adv_w = 224, .box_w = 14, .box_h = 14, .ofs_x = 0, .ofs_y = -2},
    {.bitmap_index = 123839, .adv_w = 224, .box_w = 14, .box_h = 14, .ofs_x = 0, .ofs_y = -2},
    {.bitmap_index = 123937, .adv_w = 224, .box_w = 14, .box_h = 13, .ofs_x = 0, .ofs_y = -1},
    {.bitmap_index = 124028, .adv_w = 224, .box_w = 14, .box_h = 14, .ofs_x = 0, .ofs_y = -1},
    {.bitmap_index = 124126, .adv_w = 224, .box_w = 14, .box_h = 13, .ofs_x = 0, .ofs_y = -1},
    {.bitmap_index = 124217, .adv_w = 224, .box_w = 14, .box_h = 13, .ofs_x = 0, .ofs_y = -1},
    {.bitmap_index = 124308, .adv_w = 224, .box_w = 14, .box_h = 14, .ofs_x = 0, .ofs_y = -1},
    {.bitmap_index = 124406, .adv_w = 224, .box_w = 14, .box_h = 15, .ofs_x = 0, .ofs_y = -2},
    {.bitmap_index = 124511, .adv_w = 224, .box_w = 5, .box_h = 14, .ofs_x = 9, .ofs_y = -2},
    {.bitmap_index = 124546, .adv_w = 224, .box_w = 5, .box_h = 14, .ofs_x = 0, .ofs_y = -2},
    {.bitmap_index = 124581, .adv_w = 224, .box_w = 4, .box_h = 6, .ofs_x = 1, .ofs_y = -2},
    {.bitmap_index = 124593, .adv_w = 224, .box_w = 3, .box_h = 10, .ofs_x = 2, .ofs_y = -1},
    {.bitmap_index = 124608, .adv_w = 224, .box_w = 4, .box_h = 12, .ofs_x = 1, .ofs_y = -3}
};

/*---------------------
 *  CHARACTER MAPPING
 *--------------------*/

static const uint16_t unicode_list_1[] = {
    0x0, 0x29, 0x2a, 0x31, 0x32, 0x35, 0x36, 0x3b,
    0x3c, 0x42, 0x43, 0x4a, 0x5c, 0x64, 0x74, 0x96,
    0xb4, 0x117, 0x119, 0x11b, 0x11d, 0x123, 0x1f65, 0x1f66,
    0x254e, 0x2f4a, 0x2f4b, 0x2f53, 0x2f54, 0x2f55, 0x2f56, 0x4d49,
    0x4d4c, 0x4d50, 0x4d51, 0x4d52, 0x4d53, 0x4d54, 0x4d56, 0x4d57,
    0x4d5a, 0x4d63, 0x4d65, 0x4d67, 0x4d6d, 0x4d6e, 0x4d6f, 0x4d73,
    0x4d76, 0x4d7d, 0x4d82, 0x4d83, 0x4d84, 0x4d86, 0x4d87, 0x4d8c,
    0x4d8e, 0x4d92, 0x4d94, 0x4d97, 0x4d99, 0x4da1, 0x4da2, 0x4da6,
    0x4da8, 0x4da9, 0x4daf, 0x4dcf, 0x4dd4, 0x4dd5, 0x4dd7, 0x4dda,
    0x4ddd, 0x4dde, 0x4df5, 0x4df6, 0x4df7, 0x4e03, 0x4e13, 0x4e14,
    0x4e17, 0x4e2d, 0x4e2e, 0x4e33, 0x4e44, 0x4e58, 0x4e60, 0x4e63,
    0x4e69, 0x4e78, 0x4e98, 0x4e9c, 0x4e9e, 0x4ea2, 0x4ea4, 0x4ea5,
    0x4ec8, 0x4ecc, 0x4ecf, 0x4ed4, 0x4ed6, 0x4ee6, 0x4eec, 0x4ef0,
    0x4eff, 0x4f20, 0x4f26, 0x4f2a, 0x4f31, 0x4f37, 0x4f38, 0x4f3a,
    0x4f56, 0x4f75, 0x4f85, 0x4f8c, 0x4f91, 0x4fa1, 0x4fa5, 0x4fe2,
    0x4ffc, 0x5030, 0x5049, 0x5085, 0x508c, 0x508f, 0x5091, 0x5092,
    0x5094, 0x50ae, 0x50b0, 0x50b1, 0x50b4, 0x50b5, 0x50b6, 0x50ba,
    0x50bc, 0x50bd, 0x50bf, 0x50c0, 0x50c1, 0x50c2, 0x50c4, 0x50c5,
    0x50c6, 0x50ce, 0x50d6, 0x50e2, 0x50e9, 0x50f9, 0x50fb, 0x5109,
    0x511a, 0x512a, 0x5136, 0x5143, 0x5144, 0x5146, 0x5148, 0x514f,
    0x5150, 0x5156, 0x5160, 0x5162, 0x5163, 0x5164, 0x5166, 0x516d,
    0x5172, 0x5174, 0x5179, 0x5183, 0x5184, 0x5190, 0x5196, 0x51a4,
    0x51b3, 0x51be, 0x51e4, 0x51e8, 0x51e9, 0x51f1, 0x51f2, 0x51f3,
    0x51f4, 0x51fa, 0x51fb, 0x51fc, 0x5208, 0x520c, 0x5214, 0x521b,
    0x521e, 0x5224, 0x5226, 0x5227, 0x522d, 0x523e, 0x5249, 0x524e,
    0x525f, 0x5282, 0x528a, 0x528c, 0x5290, 0x5293, 0x5297, 0x529a,
    0x529e, 0x52a0, 0x52a3, 0x52a5, 0x52aa, 0x52b9, 0x52bc, 0x52c0,
    0x52c8, 0x52d2, 0x52d5, 0x52e3, 0x52ee, 0x52f6, 0x52fb, 0x5304,
    0x5311, 0x5313, 0x5315, 0x5316, 0x531a, 0x531f, 0x5320, 0x5321,
    0x5329, 0x532d, 0x532f, 0x5338, 0x5339, 0x533b, 0x533c, 0x5340,
    0x5342, 0x5351, 0x5355, 0x5356, 0x5357, 0x535a, 0x5367, 0x5374,
    0x537c, 0x537d, 0x53a1, 0x53c5, 0x53c6, 0x5401, 0x540a, 0x5412,
    0x542a, 0x5450, 0x5459, 0x546d, 0x548d, 0x5498, 0x54cd, 0x54e5,
    0x550e, 0x5528, 0x552c, 0x55fd, 0x5613, 0x5624, 0x5627, 0x5629,
    0x562b, 0x563d, 0x564f, 0x5656, 0x565c, 0x5661, 0x566c, 0x5671,
    0x5676, 0x5679, 0x5683, 0x5693, 0x56a9, 0x56ad, 0x56cb, 0x56eb,
    0x56ed, 0x56fb, 0x5717, 0x5728, 0x5743, 0x577d, 0x5798, 0x579d,
    0x57be, 0x57e7, 0x57f1, 0x581a, 0x582d, 0x5834, 0x5835, 0x5837,
    0x5838, 0x5839, 0x584d, 0x5850, 0x5856, 0x585f, 0x5863, 0x5865,
    0x586b, 0x5870, 0x5872, 0x5874, 0x587d, 0x588b, 0x5892, 0x5899,
    0x589a, 0x58ae, 0x58b0, 0x58b6, 0x58bc, 0x58cb, 0x58d3, 0x58e2,
    0x5914, 0x591c, 0x5948, 0x5969, 0x59e3, 0x5a99, 0x5aa0, 0x5aa3,
    0x5aaf, 0x5ab9, 0x5ac1, 0x5ad0, 0x5ad2, 0x5ad5, 0x5ae0, 0x5ae1,
    0x5ae3, 0x5ae4, 0x5ae5, 0x5ae6, 0x5ae7, 0x5aec, 0x5af4, 0x5af7,
    0x5aff, 0x5b01, 0x5b02, 0x5b06, 0x5b07, 0x5b08, 0x5b0b, 0x5b0f,
    0x5b19, 0x5b1c, 0x5b2e, 0x5b2f, 0x5b34, 0x5b3f, 0x5b41, 0x5b42,
    0x5b43, 0x5b44, 0x5b4a, 0x5b4f, 0x5b50, 0x5b53, 0x5b54, 0x5b56,
    0x5b58, 0x5b5d, 0x5b5f, 0x5b61, 0x5b63, 0x5b7a, 0x5b83, 0x5b86,
    0x5b87, 0x5b8b, 0x5b8e, 0x5b94, 0x5b98, 0x5b9e, 0x5bad, 0x5bb6,
    0x5bba, 0x5bca, 0x5bcb, 0x5bd9, 0x5bda, 0x5bf2, 0x5bfc, 0x5c39,
    0x5c50, 0x5c64, 0x5c72, 0x5d00, 0x5d1f, 0x5d2e, 0x5d2f, 0x5d31,
    0x5d3b, 0x5d4c, 0x5d51, 0x5d5f, 0x5d62, 0x5d66, 0x5d74, 0x5d81,
    0x5d86, 0x5d9e, 0x5dbb, 0x5dbc, 0x5dbd, 0x5dbf, 0x5dc2, 0x5dc8,
    0x5dc9, 0x5dcd, 0x5dcf, 0x5dd8, 0x5ddc, 0x5ddd, 0x5dde, 0x5de5,
    0x5de8, 0x5def, 0x5df0, 0x5df6, 0x5e2b, 0x5e2c, 0x5e43, 0x5e48,
    0x5e49, 0x5e4b, 0x5e58, 0x5e61, 0x5e6e, 0x5e70, 0x5e80, 0x5e83,
    0x5e95, 0x5e9b, 0x5e9c, 0x5e9e, 0x5eab, 0x5ead, 0x5eba, 0x5ec5,
    0x5eca, 0x5ed5, 0x5ed9, 0x5edb, 0x5ee0, 0x5ee7, 0x5ef2, 0x5ef7,
    0x5efe, 0x5f00, 0x5f0c, 0x5f16, 0x5f20, 0x5f3e, 0x5f46, 0x5f49,
    0x5f66, 0x5f70, 0x5f84, 0x5f9b, 0x5fb2, 0x5fb8, 0x5fbc, 0x5fce,
    0x5fe8, 0x5fef, 0x5ffb, 0x600e, 0x6013, 0x6028, 0x6030, 0x6035,
    0x603c, 0x6058, 0x6064, 0x6065, 0x6068, 0x6088, 0x6091, 0x60b0,
    0x60bf, 0x60da, 0x6110, 0x6112, 0x6140, 0x6145, 0x6153, 0x6155,
    0x6158, 0x6159, 0x615a, 0x615b, 0x615f, 0x6161, 0x6179, 0x617b,
    0x617d, 0x617f, 0x6180, 0x6189, 0x618c, 0x6194, 0x61a1, 0x61c2,
    0x61c8, 0x61e1, 0x61f4, 0x61fa, 0x620b, 0x621c, 0x621d, 0x6232,
    0x624a, 0x624b, 0x6250, 0x6251, 0x6252, 0x6256, 0x626d, 0x6283,
    0x62aa, 0x62ab, 0x62b1, 0x62b7, 0x62c3, 0x62d1, 0x62d5, 0x62e9,
    0x62eb, 0x6318, 0x6319, 0x631b, 0x632a, 0x63a9, 0x63d0, 0x63da,
    0x63f9, 0x6408, 0x6419, 0x647f, 0x6487, 0x649e, 0x64a2, 0x64a7,
    0x64ac, 0x64b5, 0x64b9, 0x64d0, 0x64d4, 0x64f6, 0x64f8, 0x6500,
    0x6502, 0x6505, 0x6506, 0x650a, 0x650c, 0x6529, 0x652b, 0x652e,
    0x6531, 0x653f, 0x6550, 0x6557, 0x6558, 0x655d, 0x6569, 0x656e,
    0x6570, 0x6576, 0x6578, 0x6585, 0x658b, 0x658c, 0x659c, 0x65a6,
    0x65b7, 0x65b8, 0x65c3, 0x65c4, 0x65eb, 0x6612, 0x6639, 0x6641,
    0x6648, 0x6649, 0x664c, 0x6651, 0x6652, 0x665d, 0x6664, 0x6666,
    0x6668, 0x6671, 0x6673, 0x6675, 0x6676, 0x667d, 0x668b, 0x6695,
    0x6699, 0x66ae, 0x66b1, 0x66ba, 0x66c7, 0x66c8, 0x66cd, 0x66e0,
    0x66e5, 0x671c, 0x671d, 0x6750, 0x675a, 0x676a, 0x677a, 0x6785,
    0x678f, 0x67ab, 0x67ef, 0x67fe, 0x6837, 0x6893, 0x68a3, 0x68b1,
    0x68b6, 0x68c2, 0x68c5, 0x6914, 0x6924, 0x694b, 0x695c, 0x6973,
    0x6982, 0x6999, 0x69c9, 0x6a04, 0x6a6a, 0x6a6b, 0x6a7b, 0x6a84,
    0x6a97, 0x6aaa, 0x6aab, 0x6aac, 0x6aad, 0x6aaf, 0x6abb, 0x6ac1,
    0x6ad3, 0x6b16, 0x6b18, 0x6b1d, 0x6b34, 0x6b58, 0x6b5d, 0x6b6c,
    0x6b7d, 0x6b81, 0x6b8b, 0x6b92, 0x6ba9, 0x6bd1, 0x6bdb, 0x6bdf,
    0x6be2, 0x6bea, 0x6bf0, 0x6bfc, 0x6c13, 0x6c1e, 0x6c24, 0x6c2b,
    0x6c2e, 0x6c31, 0x6c33, 0x6c5b, 0x6c8a, 0x6c96, 0x6c97, 0x6cb2,
    0x6cb7, 0x6cc0, 0x6cd1, 0x6ce4, 0x6cfe, 0x6d23, 0x6d31, 0x6d3a,
    0x6d4e, 0x6d57, 0x6d59, 0x6d72, 0x6d81, 0x6dd9, 0x6de8, 0x6df4,
    0x6e0d, 0x6e0e, 0x6e27, 0x6e28, 0x6e2a, 0x6e38, 0x6e48, 0x6e58,
    0x6e6b, 0x6ea4, 0x6ea5, 0x6ecd, 0x6ef7, 0x6f28, 0x6f2d, 0x6f4f,
    0x6f9a, 0x6fb2, 0x6fb4, 0x6fb6, 0x6fb8, 0x6fbe, 0x6fce, 0x6fd2,
    0x6ff8, 0x6ffc, 0x7002, 0x7003, 0x7011, 0x7028, 0x7036, 0x706a,
    0x707f, 0x70a2, 0x70b0, 0x70d3, 0x70fa, 0x7111, 0x711e, 0x717a,
    0x717f, 0x7186, 0x7187, 0x71ff, 0x7202, 0x7209, 0x7235, 0x7264,
    0x727f, 0x72c1, 0x72cd, 0x72d2, 0x72d4, 0x72de, 0x72f8, 0x72f9,
    0x7316, 0x7337, 0x7339, 0x7347, 0x734e, 0x734f, 0x739e, 0x73b2,
    0x73ba, 0x73f0, 0x73f4, 0x73f9, 0x7421, 0x743f, 0x7468, 0x7471,
    0x7474, 0x7479, 0x747a, 0x7484, 0x748e, 0x7495, 0x7497, 0x74a2,
    0x74a3, 0x74b4, 0x74b9, 0x74bf, 0x74d3, 0x74d4, 0x74da, 0x7507,
    0x751e, 0x75c4, 0x75c5, 0x75c7, 0x75cd, 0x75d0, 0x7611, 0x761f,
    0x7621, 0x7624, 0x762a, 0x762d, 0x7637, 0x763d, 0x7641, 0x7651,
    0x7668, 0x7687, 0x76a9, 0x76c2, 0x7704, 0x772c, 0x772e, 0x7736,
    0x773c, 0x7755, 0x77b7, 0x77da, 0x77f0, 0x781d, 0x7832, 0x7866,
    0x7883, 0x7885, 0x7890, 0x789e, 0x789f, 0x78a7, 0x78ce, 0x78d8,
    0x78f3, 0x78f7, 0x7909, 0x7914, 0x791b, 0x7921, 0x7938, 0x7939,
    0x7944, 0x7954, 0x797a, 0x797c, 0x7986, 0x7996, 0x79c0, 0x79c3,
    0x79cc, 0x79ee, 0x79f7, 0x7a03, 0x7a13, 0x7a14, 0x7a1f, 0x7a29,
    0x7a2e, 0x7a36, 0x7a38, 0x7a5d, 0x7a6f, 0x7a75, 0x7a8f, 0x7a92,
    0x7a9a, 0x7a9f, 0x7ac9, 0x7adc, 0x7ae0, 0x7b0d, 0x7b10, 0x7b12,
    0x7b80, 0x7ba2, 0x7bbc, 0x7bdb, 0x7be0, 0x7bed, 0x7bfe, 0x7c02,
    0x7c07, 0x7c56, 0x7c5d, 0x7c70, 0x7c9e, 0x7cc2, 0x7cdc, 0x7cfb,
    0x7d00, 0x7d35, 0x7d64, 0x7d8a, 0x7d8d, 0x7da7, 0x7db3, 0x7dc5,
    0x7dd5, 0x7deb, 0x7df8, 0x7dfb, 0x7dfc, 0x7e08, 0x7e0c, 0x7e0f,
    0x7e18, 0x7e1c, 0x7e1e, 0x7e21, 0x7e26, 0x7e2b, 0x7e30, 0x7e36,
    0x7e3d, 0x7e4e, 0x7e63, 0x7e9a, 0x7e9e, 0x7ea0, 0x7eb7, 0x7ebd,
    0x7ece, 0x7ecf, 0x7eed, 0x7ef2, 0x7f13, 0x7f1b, 0x7f1e, 0x7f44,
    0x7f45, 0x7f4e, 0x7f55, 0x7f81, 0x7f9d, 0x7f9f, 0x7fa3, 0x7fa7,
    0x7fb8, 0x7fbb, 0x7fbc, 0x7fc8, 0x7fd0, 0x7fdf, 0x7fe1, 0x7ff2,
    0x8017, 0x8025, 0x802d, 0x8046, 0x8063, 0x806c, 0x8072, 0x8074,
    0x807a, 0x8131, 0x8133, 0x813c, 0x8144, 0x8150, 0x8151, 0x8152,
    0x8156, 0x815b, 0x8168, 0x8173, 0x81bb, 0x81ee, 0x81fa, 0x8204,
    0x8206, 0x8216, 0x822e, 0x823a, 0x8247, 0x824c, 0x827b, 0x8282,
    0x8292, 0x8299, 0x82ad, 0x82c0, 0x82d3, 0x82f4, 0x82fb, 0x8302,
    0x8332, 0x8338, 0x8355, 0x836d, 0x8371, 0x8375, 0x8385, 0x8386,
    0x83a0, 0x83b5, 0x83bc, 0x83c0, 0x83c3, 0x8405, 0x840d, 0x8414,
    0x8437, 0x845d, 0x84ad, 0x84f2, 0x8518, 0x859e, 0x85a8, 0x85c6,
    0x85ca, 0x85de, 0x8610, 0x86eb, 0x8744, 0x8789, 0x8795, 0x87aa,
    0x87ab, 0x87ac, 0x87b1, 0x87c0, 0x87f6, 0x880a, 0x883a, 0x88bb,
    0x88c8, 0x88ca, 0x88cf, 0x88d4, 0x88f2, 0x8903, 0x8909, 0x890a,
    0x890b, 0x8912, 0x891b, 0x892c, 0x8949, 0x8960, 0x8961, 0x897a,
    0x899d, 0x89ac, 0x89bb, 0x89dc, 0x89de, 0x89e9, 0x89ef, 0x89f9,
    0x8a14, 0x8a41, 0x8a4b, 0x8a64, 0x8a66, 0x8a75, 0x8a92, 0x8aa1,
    0x8ab5, 0x8ab9, 0x8ad3, 0x8aea, 0x8af7, 0x8af9, 0x8afb, 0x8b01,
    0x8b07, 0x8b09, 0x8b0a, 0x8b0f, 0x8b18, 0x8b23, 0x8b27, 0x8b2c,
    0x8b2e, 0x8b3e, 0x8b40, 0x8b41, 0x8b44, 0x8b4a, 0x8b5c, 0x8b6b,
    0x8b75, 0x8b91, 0x8baa, 0x8bb4, 0x8bd5, 0x8be6, 0x8be7, 0x8be9,
    0x8bea, 0x8c10, 0x8c1c, 0x8c25, 0x8c2b, 0x8c33, 0x8c53, 0x8c5d,
    0x8c66, 0x8c67, 0x8c68, 0x8c6b, 0x8c6d, 0x8c71, 0x8c8d, 0x8c99,
    0x8c9a, 0x8ca7, 0x8cb4, 0x8cb9, 0x8cbe, 0x8cc0, 0x8cce, 0x8ce2,
    0x8cf8, 0x8d26, 0x8d33, 0x8d3c, 0x8d53, 0x8d7d, 0x8dce, 0x8df4,
    0x8e13, 0x8e52, 0x8e5d, 0x8e66, 0x8e73, 0x8e78, 0x8eaf, 0x8eb5,
    0x8eb7, 0x8ebd, 0x8ec4, 0x8ec6, 0x8ece, 0x8ed2, 0x8eda, 0x8ef9,
    0x8f07, 0x8f0a, 0x8f10, 0x8f17, 0x8f19, 0x8f1a, 0x8f1d, 0x8f21,
    0x8f24, 0x8f25, 0x8f26, 0x8f2f, 0x8f40, 0x8f42, 0x8f4f, 0x8f52,
    0x8f59, 0x8f5b, 0x8f63, 0x8f69, 0x8f6b, 0x8f7b, 0x8f87, 0x8f8b,
    0x8f93, 0x8f94, 0x8f96, 0x8f97, 0x8f9c, 0x8f9d, 0x8f9e, 0x8fa0,
    0x8fa7, 0x8fa9, 0x8fac, 0x8fc0, 0x8fc1, 0x8fc3, 0x8fcd, 0x8ff3,
    0x9017, 0x9031, 0x9046, 0x90db, 0x9113, 0x9114, 0x9116, 0x911a,
    0x91bd, 0x91c9, 0x91ce, 0x921b, 0x926b, 0x9274, 0x92e3, 0x92f7,
    0x932a, 0x9356, 0x9381, 0x939b, 0x93b3, 0x93c6, 0x93c8, 0x93e8,
    0x93f2, 0x93fa, 0x9404, 0x9417, 0x9425, 0x943f, 0x9454, 0x9459,
    0x946a, 0x946d, 0x9477, 0x9490, 0x94a5, 0x94c8, 0x94c9, 0x94d4,
    0x9525, 0x9531, 0x9537, 0x953d, 0x9544, 0x957c, 0x957d, 0x957f,
    0x958d, 0x9591, 0x9596, 0x95a4, 0x95ad, 0x95b9, 0x95bc, 0x95c6,
    0x95d7, 0x95d9, 0x95fa, 0x9607, 0x960d, 0x960e, 0x960f, 0x961f,
    0x9625, 0x962c, 0x9631, 0x9633, 0x963b, 0x967b, 0x9691, 0x96a2,
    0x96a5, 0x96a7, 0x96ab, 0x973c, 0x974b, 0x974f, 0x9751, 0x9759,
    0x975c, 0x9795, 0x9796, 0x9798, 0x97a1, 0x97be, 0x97bf, 0x97c3,
    0x97c4, 0x97c8, 0x97cb, 0x97cd, 0x97e1, 0x97e5, 0x97e6, 0x9821,
    0x9824, 0x9827, 0x9828, 0x9847, 0x9853, 0x9861, 0x98b9, 0x98ba,
    0x98df, 0x98e2, 0x9919, 0x998e, 0x99a0, 0x99a3, 0x99ba, 0x99c4,
    0x99d5, 0x9a1d, 0x9a21, 0x9a34, 0x9a37, 0x9bca, 0x9c2e, 0x9cb5,
    0x9d10, 0x9d22, 0x9d3b, 0x9d68, 0x9d80, 0x9d98, 0x9db4, 0x9de0,
    0x9e0c, 0x9e0d, 0x9e21, 0x9e94, 0x9e9b, 0x9e9d, 0x9ec8, 0x9ec9,
    0x9ed6, 0x9ee2, 0xfe51, 0xfe52, 0xfe55, 0xfe63, 0xfe64
};

/*Collect the unicode lists and glyph_id offsets*/
static const lv_font_fmt_txt_cmap_t cmaps[] =
{
    {
        .range_start = 32, .range_length = 95, .glyph_id_start = 1,
        .unicode_list = NULL, .glyph_id_ofs_list = NULL, .list_length = 0, .type = LV_FONT_FMT_TXT_CMAP_FORMAT0_TINY
    },
    {
        .range_start = 183, .range_length = 65125, .glyph_id_start = 96,
        .unicode_list = unicode_list_1, .glyph_id_ofs_list = NULL, .list_length = 1327, .type = LV_FONT_FMT_TXT_CMAP_SPARSE_TINY
    }
};



/*--------------------
 *  ALL CUSTOM DATA
 *--------------------*/

#if LVGL_VERSION_MAJOR == 8
/*Store all the custom data of the font*/
static  lv_font_fmt_txt_glyph_cache_t cache;
#endif

#if LVGL_VERSION_MAJOR >= 8
static const lv_font_fmt_txt_dsc_t font_dsc = {
#else
static lv_font_fmt_txt_dsc_t font_dsc = {
#endif
    .glyph_bitmap = glyph_bitmap,
    .glyph_dsc = glyph_dsc,
    .cmaps = cmaps,
    .kern_dsc = NULL,
    .kern_scale = 0,
    .cmap_num = 2,
    .bpp = 4,
    .kern_classes = 0,
    .bitmap_format = 0,
#if LVGL_VERSION_MAJOR == 8
    .cache = &cache
#endif
};



/*-----------------
 *  PUBLIC FONT
 *----------------*/

/*Initialize a public general font descriptor*/
#if LVGL_VERSION_MAJOR >= 8
const lv_font_t yz_zh14 = {
#else
lv_font_t yz_zh14 = {
#endif
    .get_glyph_dsc = lv_font_get_glyph_dsc_fmt_txt,    /*Function pointer to get glyph's data*/
    .get_glyph_bitmap = lv_font_get_bitmap_fmt_txt,    /*Function pointer to get glyph's bitmap*/
    .line_height = 17,          /*The maximum line height required by the font*/
    .base_line = 4,             /*Baseline measured from the bottom of the line*/
#if !(LVGL_VERSION_MAJOR == 6 && LVGL_VERSION_MINOR == 0)
    .subpx = LV_FONT_SUBPX_NONE,
#endif
#if LV_VERSION_CHECK(7, 4, 0) || LVGL_VERSION_MAJOR >= 8
    .underline_position = -2,
    .underline_thickness = 1,
#endif
    .dsc = &font_dsc,          /*The custom font data. Will be accessed by `get_glyph_bitmap/dsc` */
#if LV_VERSION_CHECK(8, 2, 0) || LVGL_VERSION_MAJOR >= 9
    .fallback = NULL,
#endif
    .user_data = NULL,
};



#endif /*#if YZ_ZH14*/

