/*******************************************************************************
 * Size: 18 px
 * Bpp: 4
 * Opts: --font SourceHanSansSC-Regular.otf --range 0x20-0x7E,0xB7,0xE0-0xE1,0xE8-0xE9,0xEC-0xED,0xF2-0xF3,0xF9-0xFA,0x101,0x113,0x11B,0x12B,0x14D,0x16B,0x1CE,0x1D0,0x1D2,0x1D4,0x1DA,0x201C-0x201D,0x2605,0x3002,0x300A-0x300D,0x4E00,0x4E03,0x4E07,0x4E09-0x4E0B,0x4E0D-0x4E0E,0x4E1A,0x4E1C,0x4E24-0x4E26,0x4E2D,0x4E34,0x4E39,0x4E3B,0x4E3D,0x4E43,0x4E45,0x4E4B,0x4E58,0x4E5D,0x4E5F,0x4E66,0x4E86,0x4E8B-0x4E8C,0x4E8E,0x4E91,0x4E94,0x4EAB-0x4EAC,0x4EAE,0x4EBA,0x4ECA-0x4ECB,0x4EE5,0x4EFB,0x4F4F,0x4F53,0x4F5B-0x4F5C,0x4F7F,0x4FA7,0x4FDD,0x4FE1,0x4FEE,0x4FF1,0x503C,0x5058,0x505C,0x50E7,0x5143,0x5148-0x5149,0x5165,0x5167-0x5168,0x516B-0x516D,0x5171,0x5173,0x5177-0x5178,0x517C,0x5185,0x518C-0x518D,0x5199,0x51B0,0x51C0,0x51D1,0x51E1,0x51FA-0x51FB,0x51FD,0x5206-0x5207,0x521D,0x5229,0x5247,0x524D,0x5275,0x529B,0x529F,0x52A8,0x52AA,0x52B2,0x52BF,0x52C5,0x52CB,0x52D2,0x52D5,0x5300,0x5305,0x5317,0x5339,0x5341,0x5343,0x534A,0x534E,0x5355,0x5357,0x535A,0x5361,0x5373,0x5377,0x537F,0x539A,0x53BB,0x53C8,0x53CA,0x53CC,0x53D1,0x53D6-0x53D7,0x53E6,0x53EF-0x53F0,0x53F3,0x53F7,0x540C,0x540E,0x5411,0x547C-0x547D,0x54B8,0x54C1,0x5510,0x5524,0x5544,0x5584,0x559C,0x55C5,0x56DB,0x56DE,0x56E0,0x56F4,0x5706,0x5713,0x5723,0x5728,0x572D,0x573A,0x574A,0x5760,0x57DF,0x57FA,0x5834,0x5854,0x58A8,0x58EB,0x58EE,0x5904,0x5907,0x5916,0x591A,0x591C,0x5927,0x5929,0x592B,0x5934,0x5949,0x5973,0x5982,0x59D3,0x59FF,0x5B50,0x5B57,0x5B66,0x5B89,0x5B8B-0x5B8C,0x5B9A-0x5B9D,0x5BAB,0x5BB6,0x5BBD,0x5BBF,0x5BC6,0x5BD3,0x5BF6,0x5BF9-0x5BFA,0x5C07,0x5C0A-0x5C0B,0x5C14,0x5C16,0x5C1A,0x5C31,0x5C3D-0x5C3E,0x5C42,0x5C45,0x5C4B,0x5C4F,0x5C55,0x5C71,0x5C81,0x5C91,0x5CF0,0x5D07,0x5DE6,0x5DF2,0x5E03,0x5E08,0x5E16,0x5E2B,0x5E38,0x5E55,0x5E73-0x5E74,0x5E7F-0x5E80,0x5E84,0x5E86,0x5E94-0x5E95,0x5EA6-0x5EA7,0x5EAD,0x5EE3,0x5EFA,0x5F00,0x5F02,0x5F0F,0x5F18,0x5F27,0x5F52,0x5F55,0x5F62,0x5F8C,0x5F90,0x5F92,0x5F97,0x5FAE,0x5FB7,0x5FC3,0x5FD7,0x5FF5,0x5FFD,0x601D,0x6027,0x603B,0x6052,0x6069,0x606F,0x609F,0x60B2,0x610F,0x611F,0x6148,0x6167,0x6176,0x61C9,0x6210-0x6212,0x6236,0x6240,0x6258,0x627F,0x6298,0x62B1,0x62D3-0x62D4,0x62E9,0x6301,0x6309,0x6324,0x633A,0x6362,0x637A,0x63A0,0x63CF-0x63D0,0x6487,0x6491,0x64B0,0x6536,0x653E,0x6545,0x6559,0x6563,0x6570,0x6587,0x65AD,0x65B7,0x65B9,0x65BC,0x65E0,0x65E5,0x65E8,0x65F6,0x6607,0x660E,0x6625,0x6627,0x662D,0x662F,0x663C,0x6642,0x665D,0x666E,0x66F8,0x66FF,0x6708-0x6709,0x671D,0x6728,0x672A,0x672C,0x6750,0x6765,0x6771,0x677E,0x6784,0x6797,0x679C,0x6811,0x683C,0x6846,0x695A,0x696D,0x69CB,0x6A02,0x6A2A,0x6A39,0x6B32,0x6B4E,0x6B62-0x6B63,0x6B66,0x6B72,0x6B78,0x6BCD,0x6C0F,0x6C23,0x6C34,0x6C38,0x6C42,0x6C60,0x6C92,0x6CA1,0x6CCA,0x6CD5,0x6CE2,0x6CE8,0x6D41,0x6D69,0x6D6E,0x6D77,0x6D88,0x6DE8,0x6DF1,0x6E05,0x6E10,0x6E38,0x6E90,0x6EC5,0x6EE1,0x6EFF,0x6F0F,0x6F22,0x6F5B,0x6F84,0x6FE4,0x70AF,0x70B9-0x70BA,0x70DF,0x7136,0x7159,0x7167,0x71D5,0x7236,0x723D,0x7259,0x7269,0x72EC,0x7384,0x738B,0x73B0,0x73FE,0x74D8,0x74F6,0x751F,0x752B,0x7530-0x7531,0x753B,0x754C,0x7559,0x7570,0x75BE,0x75D5,0x767C,0x767E,0x7684,0x76D6,0x76E1,0x76EE,0x76F8,0x771F,0x773E,0x77BB,0x77E5,0x77ED,0x77F3,0x786E,0x7891,0x78D4,0x793A,0x7956,0x795E,0x7985,0x798F,0x79AA,0x79C0,0x79CB,0x79D2,0x79D8,0x79F0,0x79FB,0x7A0B,0x7A33,0x7A3D,0x7A7A,0x7AAE,0x7ACB,0x7AD6,0x7AE5,0x7AED,0x7AEF,0x7B14,0x7B2C,0x7B46,0x7B56,0x7B80,0x7BC7,0x7C73,0x7C92,0x7C97,0x7CBE,0x7D27,0x7D55,0x7D79,0x7D93,0x7E3D,0x7E41,0x7E8C,0x7EA2,0x7EB2,0x7EBF,0x7EC3,0x7EC6,0x7ECF,0x7ED3,0x7EDD,0x7EE7,0x7EED,0x7EF4,0x7F6E,0x7FA9,0x7FFB,0x800C,0x8056,0x805A,0x805E,0x806F,0x8072,0x8087,0x80E4,0x80FD,0x811A,0x81EA,0x81F3,0x8208,0x820D,0x8212,0x821F,0x822A,0x8272,0x82B1,0x82E5,0x82F1,0x8303,0x8339,0x83AB,0x83E9,0x83EF,0x840C,0x842C,0x8457,0x846C,0x8477,0x84C4,0x85A9,0x85CF,0x8695,0x884C,0x88C1,0x897F,0x8981,0x8986,0x898B,0x89A9,0x89C0,0x89C2,0x89D2,0x8A31,0x8A63,0x8A93,0x8AA0,0x8AA6,0x8AF8,0x8B49,0x8BA1,0x8BB0,0x8BB8,0x8BBE,0x8BC0,0x8BDA,0x8BF5,0x8BFB,0x8C61,0x8CA1,0x8CEA,0x8D44,0x8D70,0x8D77,0x8D99,0x8DAF,0x8DDD,0x8DF3,0x8E0A,0x8EAB,0x8F09,0x8F1D,0x8F2A,0x8F6C,0x8F6E,0x8F74,0x8F7B,0x8F7D,0x8F89,0x8FC7,0x8FD4,0x8FD8,0x8FDB-0x8FDC,0x8FF9,0x9006,0x9009,0x9010,0x901A,0x9020,0x9032,0x904A,0x904D-0x904E,0x9053,0x9055,0x9057,0x905E,0x9060,0x9078,0x907A,0x90E8,0x9192,0x91CB,0x91CD,0x91D1,0x92D2,0x9322,0x93E1,0x949F,0x94A9,0x950B,0x9510,0x952E,0x955C,0x957F-0x9580,0x958B,0x95DC,0x95E8,0x95F4,0x95FB,0x9633,0x9648,0x9662,0x9664,0x9673,0x967D,0x96C6,0x96EA,0x96F2,0x9732,0x9748,0x975C,0x9762,0x97F3,0x984F,0x9875,0x987F,0x9886,0x9898,0x989C-0x989D,0x98D8,0x98DF,0x9971,0x9996,0x9999,0x9AD4,0x9AD8,0x9C81,0x9F8D,0xFF08-0xFF09,0xFF0C,0xFF1A-0xFF1B --size 18 --bpp 4 --format lvgl --lv-font-name yz_zh18 --lv-include lvgl.h --no-compress --no-kerning --output yz_zh18.c
 ******************************************************************************/

#ifdef LV_LVGL_H_INCLUDE_SIMPLE
#include "lvgl.h"
#else
#include "lvgl.h"
#endif

#ifndef YZ_ZH18
#define YZ_ZH18 1
#endif

#if YZ_ZH18

/*-----------------
 *    BITMAPS
 *----------------*/

/*Store the image of the glyphs*/
static LV_ATTRIBUTE_LARGE_CONST const uint8_t glyph_bitmap[] = {
    /* U+0020 " " */

    /* U+0021 "!" */
    0xe, 0xb0, 0xe, 0xb0, 0xd, 0xa0, 0xd, 0xa0,
    0xc, 0x90, 0xc, 0x90, 0xb, 0x80, 0xb, 0x80,
    0xa, 0x70, 0x4, 0x30, 0x5, 0x30, 0x2f, 0xf0,
    0xd, 0xa0,

    /* U+0022 "\"" */
    0x5f, 0x50, 0xde, 0x5f, 0x50, 0xdd, 0x4f, 0x30,
    0xbc, 0x2f, 0x20, 0xaa, 0x1f, 0x0, 0x89, 0x2,
    0x0, 0x11,

    /* U+0023 "#" */
    0x0, 0xa, 0x60, 0xe, 0x20, 0x0, 0xd, 0x30,
    0x1f, 0x0, 0x0, 0xf, 0x10, 0x3d, 0x0, 0xe,
    0xff, 0xff, 0xff, 0xf6, 0x1, 0x5d, 0x11, 0x8a,
    0x10, 0x0, 0x4c, 0x0, 0x98, 0x0, 0x0, 0x6a,
    0x0, 0xa6, 0x0, 0x0, 0x79, 0x0, 0xc5, 0x0,
    0x4f, 0xff, 0xff, 0xff, 0xf0, 0x2, 0xc7, 0x22,
    0xf3, 0x20, 0x0, 0xd3, 0x1, 0xf0, 0x0, 0x0,
    0xf1, 0x3, 0xd0, 0x0, 0x1, 0xf0, 0x5, 0xb0,
    0x0,

    /* U+0024 "$" */
    0x0, 0x8, 0xa0, 0x0, 0x0, 0x8, 0xa0, 0x0,
    0x1, 0xaf, 0xfb, 0x40, 0xd, 0xe7, 0x6a, 0xf3,
    0x4f, 0x50, 0x0, 0x40, 0x6f, 0x30, 0x0, 0x0,
    0x3f, 0x90, 0x0, 0x0, 0x9, 0xfb, 0x20, 0x0,
    0x0, 0x5f, 0xf7, 0x0, 0x0, 0x1, 0xaf, 0xb0,
    0x0, 0x0, 0x6, 0xf7, 0x0, 0x0, 0x0, 0xeb,
    0x21, 0x0, 0x0, 0xfa, 0xaf, 0x95, 0x6c, 0xf3,
    0x7, 0xcf, 0xfc, 0x30, 0x0, 0x8, 0xa0, 0x0,
    0x0, 0x8, 0xa0, 0x0,

    /* U+0025 "%" */
    0x1, 0xae, 0xd4, 0x0, 0x0, 0xe, 0x30, 0x0,
    0xb, 0xa1, 0x5f, 0x10, 0x0, 0x7a, 0x0, 0x0,
    0x1f, 0x20, 0xc, 0x70, 0x1, 0xe1, 0x0, 0x0,
    0x3f, 0x0, 0x9, 0xa0, 0x9, 0x80, 0x0, 0x0,
    0x3f, 0x0, 0x9, 0xa0, 0x2e, 0x0, 0x0, 0x0,
    0x1f, 0x20, 0xc, 0x70, 0xb6, 0x7, 0xdc, 0x50,
    0xb, 0xa1, 0x5f, 0x14, 0xd0, 0x7d, 0x34, 0xf3,
    0x1, 0xaf, 0xd4, 0xd, 0x40, 0xe5, 0x0, 0x9a,
    0x0, 0x0, 0x0, 0x6b, 0x0, 0xf2, 0x0, 0x6c,
    0x0, 0x0, 0x0, 0xe2, 0x0, 0xf2, 0x0, 0x6d,
    0x0, 0x0, 0x8, 0x90, 0x0, 0xe5, 0x0, 0x9a,
    0x0, 0x0, 0x2e, 0x10, 0x0, 0x8d, 0x13, 0xe4,
    0x0, 0x0, 0xa7, 0x0, 0x0, 0x9, 0xed, 0x60,

    /* U+0026 "&" */
    0x0, 0x5, 0xdf, 0xc2, 0x0, 0x0, 0x0, 0x3f,
    0x94, 0xcc, 0x0, 0x0, 0x0, 0x8f, 0x0, 0x6f,
    0x0, 0x0, 0x0, 0x8d, 0x0, 0x9b, 0x0, 0x0,
    0x0, 0x4f, 0x17, 0xe2, 0x0, 0x0, 0x0, 0xe,
    0xdc, 0x10, 0x0, 0x0, 0x0, 0x7f, 0xf5, 0x0,
    0x0, 0xe8, 0x9, 0xf6, 0xaf, 0x20, 0x5, 0xf2,
    0x2f, 0x90, 0xc, 0xe2, 0xd, 0xb0, 0x4f, 0x50,
    0x1, 0xcf, 0xaf, 0x20, 0x2f, 0x90, 0x0, 0x1e,
    0xfb, 0x0, 0xa, 0xfa, 0x57, 0xcf, 0xaf, 0xe7,
    0x0, 0x6d, 0xfd, 0xa2, 0x2, 0x99,

    /* U+0027 "'" */
    0x5f, 0x55, 0xf5, 0x4f, 0x32, 0xf2, 0x1f, 0x0,
    0x20,

    /* U+0028 "(" */
    0x0, 0x7, 0x10, 0x5, 0xe0, 0x0, 0xd7, 0x0,
    0x3f, 0x10, 0x9, 0xb0, 0x0, 0xd7, 0x0, 0x1f,
    0x40, 0x3, 0xf2, 0x0, 0x4f, 0x10, 0x5, 0xf0,
    0x0, 0x4f, 0x10, 0x3, 0xf2, 0x0, 0xf, 0x50,
    0x0, 0xd8, 0x0, 0x8, 0xc0, 0x0, 0x2f, 0x10,
    0x0, 0xc8, 0x0, 0x4, 0xf1, 0x0, 0x5, 0x0,

    /* U+0029 ")" */
    0x7, 0x0, 0x0, 0xd6, 0x0, 0x6, 0xe0, 0x0,
    0xf, 0x40, 0x0, 0xaa, 0x0, 0x6, 0xe0, 0x0,
    0x3f, 0x20, 0x0, 0xf4, 0x0, 0xf, 0x50, 0x0,
    0xf6, 0x0, 0xf, 0x50, 0x1, 0xf4, 0x0, 0x3f,
    0x10, 0x6, 0xe0, 0x0, 0xba, 0x0, 0x1f, 0x40,
    0x7, 0xd0, 0x0, 0xe5, 0x0, 0x5, 0x0, 0x0,

    /* U+002A "*" */
    0x0, 0x5b, 0x0, 0x2, 0x16, 0xc0, 0x30, 0x8f,
    0xff, 0xfd, 0x10, 0x3f, 0xf8, 0x0, 0x8, 0xd8,
    0xe0, 0x0, 0x92, 0x8, 0x20,

    /* U+002B "+" */
    0x0, 0x0, 0x0, 0x0, 0x0, 0x0, 0x0, 0xaa,
    0x0, 0x0, 0x0, 0x0, 0xaa, 0x0, 0x0, 0x0,
    0x0, 0xaa, 0x0, 0x0, 0x0, 0x0, 0xaa, 0x0,
    0x0, 0x4f, 0xff, 0xff, 0xff, 0xf5, 0x13, 0x33,
    0xbb, 0x33, 0x31, 0x0, 0x0, 0xaa, 0x0, 0x0,
    0x0, 0x0, 0xaa, 0x0, 0x0, 0x0, 0x0, 0xaa,
    0x0, 0x0,

    /* U+002C "," */
    0x0, 0x30, 0x7, 0xfa, 0x5, 0xfe, 0x0, 0x6d,
    0x1, 0xd7, 0xd, 0xa0, 0x2, 0x0,

    /* U+002D "-" */
    0x0, 0x0, 0x0, 0x2f, 0xff, 0xf6, 0x3, 0x33,
    0x31,

    /* U+002E "." */
    0x16, 0x19, 0xf9, 0x5e, 0x50,

    /* U+002F "/" */
    0x0, 0x0, 0x8, 0x90, 0x0, 0x0, 0xd5, 0x0,
    0x0, 0x2f, 0x0, 0x0, 0x7, 0xb0, 0x0, 0x0,
    0xc6, 0x0, 0x0, 0x1f, 0x10, 0x0, 0x6, 0xc0,
    0x0, 0x0, 0xb7, 0x0, 0x0, 0xf, 0x20, 0x0,
    0x5, 0xd0, 0x0, 0x0, 0xa8, 0x0, 0x0, 0xe,
    0x30, 0x0, 0x4, 0xe0, 0x0, 0x0, 0x9a, 0x0,
    0x0, 0xd, 0x50, 0x0, 0x2, 0xf0, 0x0, 0x0,
    0x7b, 0x0, 0x0, 0x5, 0x30, 0x0, 0x0,

    /* U+0030 "0" */
    0x0, 0x9, 0xee, 0x90, 0x0, 0x0, 0xce, 0x77,
    0xec, 0x0, 0x5, 0xf4, 0x0, 0x4f, 0x50, 0xb,
    0xd0, 0x0, 0xd, 0xb0, 0xe, 0xa0, 0x0, 0xa,
    0xe0, 0xf, 0x80, 0x0, 0x8, 0xf0, 0x1f, 0x80,
    0x0, 0x7, 0xf1, 0xf, 0x80, 0x0, 0x8, 0xf0,
    0xe, 0xa0, 0x0, 0xa, 0xe0, 0xb, 0xe0, 0x0,
    0xd, 0xb0, 0x5, 0xf4, 0x0, 0x4f, 0x50, 0x0,
    0xce, 0x77, 0xec, 0x0, 0x0, 0x9, 0xee, 0x90,
    0x0,

    /* U+0031 "1" */
    0x2, 0x6d, 0xf2, 0x0, 0xc, 0xff, 0xf2, 0x0,
    0x0, 0x7, 0xf2, 0x0, 0x0, 0x7, 0xf2, 0x0,
    0x0, 0x7, 0xf2, 0x0, 0x0, 0x7, 0xf2, 0x0,
    0x0, 0x7, 0xf2, 0x0, 0x0, 0x7, 0xf2, 0x0,
    0x0, 0x7, 0xf2, 0x0, 0x0, 0x7, 0xf2, 0x0,
    0x0, 0x7, 0xf2, 0x0, 0x25, 0x5a, 0xf7, 0x54,
    0x6f, 0xff, 0xff, 0xfc,

    /* U+0032 "2" */
    0x0, 0x6d, 0xfd, 0x80, 0x0, 0xa, 0xf9, 0x69,
    0xfb, 0x0, 0x8, 0x20, 0x0, 0x8f, 0x30, 0x0,
    0x0, 0x0, 0x3f, 0x60, 0x0, 0x0, 0x0, 0x4f,
    0x40, 0x0, 0x0, 0x0, 0x8f, 0x10, 0x0, 0x0,
    0x1, 0xf9, 0x0, 0x0, 0x0, 0xb, 0xe1, 0x0,
    0x0, 0x0, 0x8f, 0x40, 0x0, 0x0, 0x7, 0xf6,
    0x0, 0x0, 0x0, 0x8f, 0x60, 0x0, 0x0, 0xa,
    0xfb, 0x56, 0x66, 0x60, 0x3f, 0xff, 0xff, 0xff,
    0xf1,

    /* U+0033 "3" */
    0x0, 0x6b, 0xfe, 0xa3, 0x0, 0xae, 0x86, 0x9e,
    0xf2, 0x1, 0x10, 0x0, 0x4f, 0x70, 0x0, 0x0,
    0x4, 0xf6, 0x0, 0x0, 0x26, 0xeb, 0x0, 0x0,
    0xcf, 0xf9, 0x0, 0x0, 0x3, 0x59, 0xfc, 0x10,
    0x0, 0x0, 0x3, 0xf9, 0x0, 0x0, 0x0, 0xc,
    0xe0, 0x0, 0x0, 0x0, 0xce, 0x1b, 0x10, 0x0,
    0x2f, 0xa2, 0xde, 0xa6, 0x8e, 0xf2, 0x0, 0x8d,
    0xfe, 0xa2, 0x0,

    /* U+0034 "4" */
    0x0, 0x0, 0x7, 0xfa, 0x0, 0x0, 0x0, 0x2f,
    0xfa, 0x0, 0x0, 0x0, 0xcb, 0xda, 0x0, 0x0,
    0x8, 0xf2, 0xda, 0x0, 0x0, 0x3f, 0x70, 0xda,
    0x0, 0x0, 0xdc, 0x0, 0xda, 0x0, 0x8, 0xf1,
    0x0, 0xda, 0x0, 0x3f, 0x60, 0x0, 0xeb, 0x0,
    0xaf, 0xff, 0xff, 0xff, 0xf6, 0x23, 0x33, 0x33,
    0xec, 0x31, 0x0, 0x0, 0x0, 0xda, 0x0, 0x0,
    0x0, 0x0, 0xda, 0x0, 0x0, 0x0, 0x0, 0xda,
    0x0,

    /* U+0035 "5" */
    0x0, 0xff, 0xff, 0xff, 0x60, 0x2, 0xfa, 0x66,
    0x66, 0x20, 0x3, 0xf4, 0x0, 0x0, 0x0, 0x4,
    0xf2, 0x0, 0x0, 0x0, 0x6, 0xfb, 0xff, 0xb3,
    0x0, 0x4, 0xd7, 0x46, 0xef, 0x20, 0x0, 0x0,
    0x0, 0x2f, 0xb0, 0x0, 0x0, 0x0, 0xc, 0xe0,
    0x0, 0x0, 0x0, 0xa, 0xf0, 0x0, 0x0, 0x0,
    0xd, 0xd0, 0x1a, 0x10, 0x0, 0x5f, 0x80, 0x3e,
    0xe9, 0x69, 0xfd, 0x0, 0x1, 0x9d, 0xfd, 0x80,
    0x0,

    /* U+0036 "6" */
    0x0, 0x3b, 0xed, 0xa1, 0x0, 0x6f, 0xc7, 0x7d,
    0xa0, 0xe, 0xa0, 0x0, 0x0, 0x7, 0xf2, 0x0,
    0x0, 0x0, 0xcc, 0x0, 0x0, 0x0, 0xe, 0xa3,
    0xbf, 0xd7, 0x0, 0xfd, 0xd6, 0x48, 0xf8, 0xe,
    0xd0, 0x0, 0xa, 0xf0, 0xcb, 0x0, 0x0, 0x6f,
    0x29, 0xe0, 0x0, 0x6, 0xf1, 0x2f, 0x60, 0x0,
    0xce, 0x0, 0x9f, 0x85, 0xaf, 0x50, 0x0, 0x7c,
    0xfc, 0x40, 0x0,

    /* U+0037 "7" */
    0x1f, 0xff, 0xff, 0xff, 0xf2, 0x6, 0x66, 0x66,
    0x6e, 0xc0, 0x0, 0x0, 0x0, 0x6f, 0x20, 0x0,
    0x0, 0x1, 0xe7, 0x0, 0x0, 0x0, 0x8, 0xe0,
    0x0, 0x0, 0x0, 0xe, 0x80, 0x0, 0x0, 0x0,
    0x5f, 0x20, 0x0, 0x0, 0x0, 0xae, 0x0, 0x0,
    0x0, 0x0, 0xdb, 0x0, 0x0, 0x0, 0x1, 0xf8,
    0x0, 0x0, 0x0, 0x3, 0xf7, 0x0, 0x0, 0x0,
    0x4, 0xf6, 0x0, 0x0, 0x0, 0x6, 0xf5, 0x0,
    0x0,

    /* U+0038 "8" */
    0x0, 0x2a, 0xee, 0xb3, 0x0, 0x1, 0xed, 0x54,
    0xbf, 0x20, 0x6, 0xf2, 0x0, 0xe, 0x80, 0x7,
    0xf0, 0x0, 0xc, 0xa0, 0x3, 0xf5, 0x0, 0xe,
    0x60, 0x0, 0x6f, 0x81, 0x8b, 0x0, 0x0, 0x4e,
    0xdf, 0xf3, 0x0, 0x5, 0xe4, 0x3, 0xcf, 0x40,
    0xe, 0x80, 0x0, 0xc, 0xe0, 0x1f, 0x50, 0x0,
    0x7, 0xf1, 0xf, 0x90, 0x0, 0xa, 0xf0, 0x7,
    0xfa, 0x44, 0x9f, 0x70, 0x0, 0x4c, 0xee, 0xc5,
    0x0,

    /* U+0039 "9" */
    0x0, 0x4c, 0xfc, 0x70, 0x0, 0x4, 0xfa, 0x58,
    0xfa, 0x0, 0xd, 0xc0, 0x0, 0x5f, 0x30, 0x1f,
    0x60, 0x0, 0xe, 0xa0, 0x2f, 0x60, 0x0, 0xa,
    0xd0, 0xf, 0x90, 0x0, 0xc, 0xf0, 0x9, 0xf5,
    0x13, 0xce, 0xf0, 0x1, 0xaf, 0xfe, 0x6a, 0xe0,
    0x0, 0x0, 0x20, 0xc, 0xc0, 0x0, 0x0, 0x0,
    0x1f, 0x70, 0x0, 0x0, 0x0, 0xaf, 0x10, 0xa,
    0xd7, 0x6b, 0xf6, 0x0, 0x1, 0x9d, 0xeb, 0x30,
    0x0,

    /* U+003A ":" */
    0x5e, 0x59, 0xf9, 0x16, 0x10, 0x0, 0x0, 0x0,
    0x0, 0x0, 0x1, 0x61, 0x9f, 0x95, 0xe5,

    /* U+003B ";" */
    0x5, 0xe5, 0x9, 0xf9, 0x1, 0x61, 0x0, 0x0,
    0x0, 0x0, 0x0, 0x0, 0x0, 0x0, 0x0, 0x30,
    0x7, 0xfa, 0x5, 0xfe, 0x0, 0x6d, 0x1, 0xd7,
    0xd, 0xa0, 0x2, 0x0,

    /* U+003C "<" */
    0x0, 0x0, 0x0, 0x0, 0x53, 0x0, 0x0, 0x2,
    0x9e, 0xf4, 0x0, 0x6, 0xcf, 0xc6, 0x0, 0x19,
    0xfe, 0x82, 0x0, 0x0, 0x4f, 0xc3, 0x0, 0x0,
    0x0, 0x4, 0xbf, 0xd7, 0x10, 0x0, 0x0, 0x1,
    0x7d, 0xfb, 0x50, 0x0, 0x0, 0x0, 0x4a, 0xf5,
    0x0, 0x0, 0x0, 0x0, 0x11,

    /* U+003D "=" */
    0x4f, 0xff, 0xff, 0xff, 0xf5, 0x13, 0x33, 0x33,
    0x33, 0x31, 0x0, 0x0, 0x0, 0x0, 0x0, 0x0,
    0x0, 0x0, 0x0, 0x0, 0x4f, 0xff, 0xff, 0xff,
    0xf5, 0x13, 0x33, 0x33, 0x33, 0x31,

    /* U+003E ">" */
    0x35, 0x0, 0x0, 0x0, 0x0, 0x3f, 0xe9, 0x30,
    0x0, 0x0, 0x0, 0x6c, 0xfc, 0x60, 0x0, 0x0,
    0x0, 0x28, 0xef, 0x91, 0x0, 0x0, 0x0, 0x3d,
    0xf5, 0x0, 0x1, 0x7d, 0xfb, 0x40, 0x5, 0xbf,
    0xd7, 0x10, 0x0, 0x4f, 0xa4, 0x0, 0x0, 0x0,
    0x11, 0x0, 0x0, 0x0, 0x0,

    /* U+003F "?" */
    0x1, 0x9d, 0xfc, 0x40, 0xd, 0xd7, 0x7d, 0xf2,
    0x2, 0x0, 0x4, 0xf7, 0x0, 0x0, 0x2, 0xf7,
    0x0, 0x0, 0x9, 0xf1, 0x0, 0x0, 0x6f, 0x50,
    0x0, 0x2, 0xf8, 0x0, 0x0, 0xa, 0xe0, 0x0,
    0x0, 0xc, 0xa0, 0x0, 0x0, 0x0, 0x0, 0x0,
    0x0, 0x4, 0x40, 0x0, 0x0, 0x1f, 0xf1, 0x0,
    0x0, 0xc, 0xc0, 0x0,

    /* U+0040 "@" */
    0x0, 0x0, 0x7, 0xce, 0xfc, 0xa4, 0x0, 0x0,
    0x0, 0x5e, 0xc6, 0x22, 0x58, 0xfa, 0x0, 0x0,
    0x7f, 0x70, 0x0, 0x0, 0x2, 0xca, 0x0, 0x5f,
    0x30, 0x0, 0x0, 0x0, 0x2, 0xf4, 0xe, 0x90,
    0x0, 0x9d, 0xd9, 0xb0, 0x9, 0xa5, 0xe0, 0x0,
    0xcb, 0x13, 0xf8, 0x0, 0x5c, 0xa9, 0x0, 0x6e,
    0x0, 0xe, 0x50, 0x3, 0xfd, 0x50, 0xc, 0x80,
    0x1, 0xf3, 0x0, 0x4d, 0xf4, 0x0, 0xf5, 0x0,
    0x3f, 0x0, 0x6, 0xbe, 0x50, 0xf, 0x60, 0x6,
    0xe0, 0x0, 0xd5, 0xd7, 0x0, 0xac, 0x5, 0xcf,
    0x31, 0xab, 0x9, 0xb0, 0x1, 0xbe, 0x90, 0x6d,
    0xd8, 0x0, 0x2f, 0x50, 0x0, 0x0, 0x0, 0x0,
    0x0, 0x0, 0x7e, 0x30, 0x0, 0x0, 0x0, 0x0,
    0x0, 0x0, 0x8f, 0x93, 0x10, 0x26, 0x80, 0x0,
    0x0, 0x0, 0x3a, 0xef, 0xff, 0xb4, 0x0, 0x0,
    0x0, 0x0, 0x0, 0x1, 0x0, 0x0, 0x0, 0x0,

    /* U+0041 "A" */
    0x0, 0x0, 0xaf, 0x80, 0x0, 0x0, 0x0, 0xf,
    0xde, 0x0, 0x0, 0x0, 0x5, 0xf4, 0xf3, 0x0,
    0x0, 0x0, 0xac, 0xe, 0x90, 0x0, 0x0, 0xf,
    0x70, 0x9e, 0x0, 0x0, 0x5, 0xf3, 0x5, 0xf4,
    0x0, 0x0, 0xbe, 0x0, 0xf, 0xa0, 0x0, 0x1f,
    0x90, 0x0, 0xbf, 0x0, 0x6, 0xff, 0xff, 0xff,
    0xf5, 0x0, 0xbe, 0x43, 0x33, 0x4f, 0xa0, 0x1f,
    0x90, 0x0, 0x0, 0xbf, 0x6, 0xf4, 0x0, 0x0,
    0x6, 0xf5, 0xce, 0x0, 0x0, 0x0, 0x1f, 0xb0,

    /* U+0042 "B" */
    0x2f, 0xff, 0xfe, 0xd8, 0x0, 0x2, 0xfa, 0x45,
    0x69, 0xfc, 0x0, 0x2f, 0x70, 0x0, 0x8, 0xf2,
    0x2, 0xf7, 0x0, 0x0, 0x7f, 0x10, 0x2f, 0x70,
    0x2, 0x6f, 0x90, 0x2, 0xff, 0xff, 0xff, 0xb1,
    0x0, 0x2f, 0x93, 0x34, 0x7e, 0xe3, 0x2, 0xf7,
    0x0, 0x0, 0x1e, 0xb0, 0x2f, 0x70, 0x0, 0x0,
    0xbf, 0x2, 0xf7, 0x0, 0x0, 0xc, 0xe0, 0x2f,
    0x70, 0x0, 0x3, 0xfa, 0x2, 0xfa, 0x55, 0x69,
    0xfe, 0x10, 0x2f, 0xff, 0xff, 0xc8, 0x10, 0x0,

    /* U+0043 "C" */
    0x0, 0x7, 0xbe, 0xda, 0x30, 0x1, 0xcf, 0xc8,
    0x9d, 0xf3, 0xb, 0xf5, 0x0, 0x0, 0x50, 0x5f,
    0x80, 0x0, 0x0, 0x0, 0xaf, 0x10, 0x0, 0x0,
    0x0, 0xce, 0x0, 0x0, 0x0, 0x0, 0xec, 0x0,
    0x0, 0x0, 0x0, 0xce, 0x0, 0x0, 0x0, 0x0,
    0xaf, 0x10, 0x0, 0x0, 0x0, 0x5f, 0x80, 0x0,
    0x0, 0x0, 0xc, 0xf5, 0x0, 0x0, 0x73, 0x2,
    0xdf, 0xc8, 0x9c, 0xf5, 0x0, 0x7, 0xbe, 0xda,
    0x30,

    /* U+0044 "D" */
    0x2f, 0xff, 0xec, 0x92, 0x0, 0x2, 0xfa, 0x56,
    0x9e, 0xf7, 0x0, 0x2f, 0x70, 0x0, 0x1c, 0xf3,
    0x2, 0xf7, 0x0, 0x0, 0x2f, 0xc0, 0x2f, 0x70,
    0x0, 0x0, 0xaf, 0x2, 0xf7, 0x0, 0x0, 0x8,
    0xf2, 0x2f, 0x70, 0x0, 0x0, 0x6f, 0x42, 0xf7,
    0x0, 0x0, 0x8, 0xf2, 0x2f, 0x70, 0x0, 0x0,
    0xaf, 0x2, 0xf7, 0x0, 0x0, 0x2f, 0xc0, 0x2f,
    0x70, 0x0, 0x1c, 0xf3, 0x2, 0xfa, 0x57, 0x9f,
    0xf6, 0x0, 0x2f, 0xff, 0xfc, 0x92, 0x0, 0x0,

    /* U+0045 "E" */
    0x2f, 0xff, 0xff, 0xff, 0x62, 0xfa, 0x66, 0x66,
    0x62, 0x2f, 0x70, 0x0, 0x0, 0x2, 0xf7, 0x0,
    0x0, 0x0, 0x2f, 0x81, 0x11, 0x10, 0x2, 0xff,
    0xff, 0xff, 0x70, 0x2f, 0xa4, 0x44, 0x42, 0x2,
    0xf7, 0x0, 0x0, 0x0, 0x2f, 0x70, 0x0, 0x0,
    0x2, 0xf7, 0x0, 0x0, 0x0, 0x2f, 0x70, 0x0,
    0x0, 0x2, 0xfb, 0x66, 0x66, 0x64, 0x2f, 0xff,
    0xff, 0xff, 0x90,

    /* U+0046 "F" */
    0x2f, 0xff, 0xff, 0xff, 0x62, 0xfa, 0x66, 0x66,
    0x62, 0x2f, 0x70, 0x0, 0x0, 0x2, 0xf7, 0x0,
    0x0, 0x0, 0x2f, 0x70, 0x0, 0x0, 0x2, 0xf8,
    0x11, 0x11, 0x0, 0x2f, 0xff, 0xff, 0xf8, 0x2,
    0xf9, 0x44, 0x44, 0x20, 0x2f, 0x70, 0x0, 0x0,
    0x2, 0xf7, 0x0, 0x0, 0x0, 0x2f, 0x70, 0x0,
    0x0, 0x2, 0xf7, 0x0, 0x0, 0x0, 0x2f, 0x70,
    0x0, 0x0, 0x0,

    /* U+0047 "G" */
    0x0, 0x6, 0xbe, 0xeb, 0x60, 0x0, 0x1c, 0xfc,
    0x98, 0xbf, 0x90, 0xb, 0xf6, 0x0, 0x0, 0x31,
    0x5, 0xf8, 0x0, 0x0, 0x0, 0x0, 0x9f, 0x10,
    0x0, 0x0, 0x0, 0xc, 0xe0, 0x0, 0x1, 0x11,
    0x10, 0xec, 0x0, 0x4, 0xff, 0xff, 0xc, 0xe0,
    0x0, 0x14, 0x49, 0xf0, 0xaf, 0x10, 0x0, 0x0,
    0x7f, 0x5, 0xf8, 0x0, 0x0, 0x7, 0xf0, 0xb,
    0xf5, 0x0, 0x0, 0x8f, 0x0, 0x2c, 0xfc, 0x98,
    0xbf, 0xd0, 0x0, 0x7, 0xbe, 0xeb, 0x70, 0x0,

    /* U+0048 "H" */
    0x2f, 0x70, 0x0, 0x0, 0x5f, 0x42, 0xf7, 0x0,
    0x0, 0x5, 0xf4, 0x2f, 0x70, 0x0, 0x0, 0x5f,
    0x42, 0xf7, 0x0, 0x0, 0x5, 0xf4, 0x2f, 0x81,
    0x11, 0x11, 0x7f, 0x42, 0xff, 0xff, 0xff, 0xff,
    0xf4, 0x2f, 0xa4, 0x44, 0x44, 0x9f, 0x42, 0xf7,
    0x0, 0x0, 0x5, 0xf4, 0x2f, 0x70, 0x0, 0x0,
    0x5f, 0x42, 0xf7, 0x0, 0x0, 0x5, 0xf4, 0x2f,
    0x70, 0x0, 0x0, 0x5f, 0x42, 0xf7, 0x0, 0x0,
    0x5, 0xf4, 0x2f, 0x70, 0x0, 0x0, 0x5f, 0x40,

    /* U+0049 "I" */
    0x2f, 0x72, 0xf7, 0x2f, 0x72, 0xf7, 0x2f, 0x72,
    0xf7, 0x2f, 0x72, 0xf7, 0x2f, 0x72, 0xf7, 0x2f,
    0x72, 0xf7, 0x2f, 0x70,

    /* U+004A "J" */
    0x0, 0x0, 0x0, 0xce, 0x0, 0x0, 0x0, 0xce,
    0x0, 0x0, 0x0, 0xce, 0x0, 0x0, 0x0, 0xce,
    0x0, 0x0, 0x0, 0xce, 0x0, 0x0, 0x0, 0xce,
    0x0, 0x0, 0x0, 0xce, 0x0, 0x0, 0x0, 0xce,
    0x0, 0x0, 0x0, 0xce, 0x0, 0x0, 0x0, 0xdd,
    0x9, 0x20, 0x2, 0xfa, 0xd, 0xe9, 0x8e, 0xf3,
    0x1, 0xae, 0xec, 0x30,

    /* U+004B "K" */
    0x2f, 0x70, 0x0, 0x6, 0xf7, 0x2, 0xf7, 0x0,
    0x4, 0xfa, 0x0, 0x2f, 0x70, 0x2, 0xec, 0x0,
    0x2, 0xf7, 0x1, 0xde, 0x10, 0x0, 0x2f, 0x70,
    0xbf, 0x30, 0x0, 0x2, 0xf7, 0x9f, 0xf2, 0x0,
    0x0, 0x2f, 0xdf, 0x9f, 0xb0, 0x0, 0x2, 0xff,
    0xa0, 0x8f, 0x40, 0x0, 0x2f, 0xc0, 0x0, 0xed,
    0x0, 0x2, 0xf7, 0x0, 0x5, 0xf7, 0x0, 0x2f,
    0x70, 0x0, 0xc, 0xf1, 0x2, 0xf7, 0x0, 0x0,
    0x3f, 0xa0, 0x2f, 0x70, 0x0, 0x0, 0x9f, 0x40,

    /* U+004C "L" */
    0x2f, 0x70, 0x0, 0x0, 0x2, 0xf7, 0x0, 0x0,
    0x0, 0x2f, 0x70, 0x0, 0x0, 0x2, 0xf7, 0x0,
    0x0, 0x0, 0x2f, 0x70, 0x0, 0x0, 0x2, 0xf7,
    0x0, 0x0, 0x0, 0x2f, 0x70, 0x0, 0x0, 0x2,
    0xf7, 0x0, 0x0, 0x0, 0x2f, 0x70, 0x0, 0x0,
    0x2, 0xf7, 0x0, 0x0, 0x0, 0x2f, 0x70, 0x0,
    0x0, 0x2, 0xfb, 0x66, 0x66, 0x61, 0x2f, 0xff,
    0xff, 0xff, 0x30,

    /* U+004D "M" */
    0x2f, 0xf0, 0x0, 0x0, 0x6, 0xfc, 0x2f, 0xf5,
    0x0, 0x0, 0xb, 0xfc, 0x2f, 0xbb, 0x0, 0x0,
    0x1f, 0xbc, 0x2f, 0x7f, 0x10, 0x0, 0x7d, 0xac,
    0x2f, 0x4e, 0x70, 0x0, 0xd7, 0xbc, 0x2f, 0x48,
    0xc0, 0x3, 0xf1, 0xbc, 0x2f, 0x42, 0xf2, 0x8,
    0xb0, 0xbc, 0x2f, 0x40, 0xd8, 0xe, 0x60, 0xbc,
    0x2f, 0x40, 0x7e, 0x3f, 0x0, 0xbc, 0x2f, 0x40,
    0x1f, 0xca, 0x0, 0xbc, 0x2f, 0x40, 0xb, 0xf4,
    0x0, 0xbc, 0x2f, 0x40, 0x4, 0xa0, 0x0, 0xbc,
    0x2f, 0x40, 0x0, 0x0, 0x0, 0xbc,

    /* U+004E "N" */
    0x2f, 0xc0, 0x0, 0x0, 0x6f, 0x32, 0xff, 0x60,
    0x0, 0x6, 0xf3, 0x2f, 0xbe, 0x10, 0x0, 0x6f,
    0x32, 0xf5, 0xe9, 0x0, 0x6, 0xf3, 0x2f, 0x47,
    0xf2, 0x0, 0x6f, 0x32, 0xf5, 0xd, 0xb0, 0x6,
    0xf3, 0x2f, 0x60, 0x5f, 0x50, 0x6f, 0x32, 0xf6,
    0x0, 0xbe, 0x5, 0xf3, 0x2f, 0x60, 0x2, 0xf7,
    0x4f, 0x32, 0xf6, 0x0, 0x9, 0xf4, 0xf3, 0x2f,
    0x60, 0x0, 0x1e, 0xbf, 0x32, 0xf6, 0x0, 0x0,
    0x6f, 0xf3, 0x2f, 0x60, 0x0, 0x0, 0xcf, 0x30,

    /* U+004F "O" */
    0x0, 0x8, 0xcf, 0xda, 0x20, 0x0, 0x2, 0xdf,
    0xb8, 0xae, 0xf6, 0x0, 0xd, 0xf4, 0x0, 0x1,
    0xcf, 0x20, 0x6f, 0x70, 0x0, 0x0, 0x2f, 0xb0,
    0xaf, 0x0, 0x0, 0x0, 0xa, 0xf0, 0xcd, 0x0,
    0x0, 0x0, 0x8, 0xf2, 0xec, 0x0, 0x0, 0x0,
    0x6, 0xf4, 0xce, 0x0, 0x0, 0x0, 0x8, 0xf2,
    0xaf, 0x10, 0x0, 0x0, 0xb, 0xf0, 0x5f, 0x70,
    0x0, 0x0, 0x2f, 0xb0, 0xc, 0xf4, 0x0, 0x1,
    0xcf, 0x20, 0x2, 0xdf, 0xb8, 0xae, 0xf6, 0x0,
    0x0, 0x8, 0xcf, 0xda, 0x20, 0x0,

    /* U+0050 "P" */
    0x2f, 0xff, 0xfe, 0xc7, 0x0, 0x2f, 0xa5, 0x56,
    0xaf, 0xc0, 0x2f, 0x70, 0x0, 0x7, 0xf4, 0x2f,
    0x70, 0x0, 0x3, 0xf7, 0x2f, 0x70, 0x0, 0x6,
    0xf4, 0x2f, 0x81, 0x12, 0x6f, 0xd0, 0x2f, 0xff,
    0xff, 0xfa, 0x10, 0x2f, 0x94, 0x42, 0x0, 0x0,
    0x2f, 0x70, 0x0, 0x0, 0x0, 0x2f, 0x70, 0x0,
    0x0, 0x0, 0x2f, 0x70, 0x0, 0x0, 0x0, 0x2f,
    0x70, 0x0, 0x0, 0x0, 0x2f, 0x70, 0x0, 0x0,
    0x0,

    /* U+0051 "Q" */
    0x0, 0x8, 0xcf, 0xda, 0x20, 0x0, 0x2, 0xdf,
    0xb8, 0xae, 0xf6, 0x0, 0xc, 0xf4, 0x0, 0x1,
    0xcf, 0x20, 0x5f, 0x70, 0x0, 0x0, 0x2f, 0xb0,
    0xaf, 0x10, 0x0, 0x0, 0xb, 0xf0, 0xce, 0x0,
    0x0, 0x0, 0x8, 0xf2, 0xec, 0x0, 0x0, 0x0,
    0x6, 0xf4, 0xdd, 0x0, 0x0, 0x0, 0x8, 0xf3,
    0xbf, 0x0, 0x0, 0x0, 0xa, 0xf0, 0x7f, 0x50,
    0x0, 0x0, 0xf, 0xc0, 0xe, 0xd1, 0x0, 0x0,
    0x8f, 0x50, 0x4, 0xfd, 0x52, 0x4a, 0xf9, 0x0,
    0x0, 0x3c, 0xff, 0xfe, 0x70, 0x0, 0x0, 0x0,
    0x1e, 0xe1, 0x0, 0x0, 0x0, 0x0, 0x5, 0xfd,
    0x62, 0x21, 0x0, 0x0, 0x0, 0x4c, 0xff, 0xf7,
    0x0, 0x0, 0x0, 0x0, 0x13, 0x30,

    /* U+0052 "R" */
    0x2f, 0xff, 0xff, 0xd8, 0x10, 0x2f, 0xa5, 0x56,
    0xaf, 0xd0, 0x2f, 0x70, 0x0, 0x6, 0xf5, 0x2f,
    0x70, 0x0, 0x2, 0xf7, 0x2f, 0x70, 0x0, 0x5,
    0xf6, 0x2f, 0x80, 0x12, 0x6e, 0xe0, 0x2f, 0xff,
    0xff, 0xfb, 0x20, 0x2f, 0x93, 0x4f, 0xd0, 0x0,
    0x2f, 0x70, 0x7, 0xf6, 0x0, 0x2f, 0x70, 0x0,
    0xde, 0x0, 0x2f, 0x70, 0x0, 0x5f, 0x80, 0x2f,
    0x70, 0x0, 0xc, 0xf1, 0x2f, 0x70, 0x0, 0x3,
    0xfa,

    /* U+0053 "S" */
    0x0, 0x8, 0xdf, 0xd9, 0x20, 0x0, 0xcf, 0xa7,
    0x9e, 0xf3, 0x5, 0xf6, 0x0, 0x0, 0x60, 0x7,
    0xf3, 0x0, 0x0, 0x0, 0x3, 0xfc, 0x10, 0x0,
    0x0, 0x0, 0x7f, 0xf9, 0x20, 0x0, 0x0, 0x2,
    0xaf, 0xfb, 0x20, 0x0, 0x0, 0x1, 0x8f, 0xf4,
    0x0, 0x0, 0x0, 0x2, 0xfc, 0x0, 0x0, 0x0,
    0x0, 0xce, 0x9, 0x70, 0x0, 0x2, 0xfb, 0x8,
    0xfd, 0xa7, 0x9f, 0xf2, 0x0, 0x3a, 0xef, 0xd9,
    0x20,

    /* U+0054 "T" */
    0x6f, 0xff, 0xff, 0xff, 0xff, 0x32, 0x66, 0x6a,
    0xf8, 0x66, 0x61, 0x0, 0x0, 0x7f, 0x30, 0x0,
    0x0, 0x0, 0x7, 0xf3, 0x0, 0x0, 0x0, 0x0,
    0x7f, 0x30, 0x0, 0x0, 0x0, 0x7, 0xf3, 0x0,
    0x0, 0x0, 0x0, 0x7f, 0x30, 0x0, 0x0, 0x0,
    0x7, 0xf3, 0x0, 0x0, 0x0, 0x0, 0x7f, 0x30,
    0x0, 0x0, 0x0, 0x7, 0xf3, 0x0, 0x0, 0x0,
    0x0, 0x7f, 0x30, 0x0, 0x0, 0x0, 0x7, 0xf3,
    0x0, 0x0, 0x0, 0x0, 0x7f, 0x30, 0x0, 0x0,

    /* U+0055 "U" */
    0x3f, 0x60, 0x0, 0x0, 0x5f, 0x33, 0xf6, 0x0,
    0x0, 0x5, 0xf3, 0x3f, 0x60, 0x0, 0x0, 0x5f,
    0x33, 0xf6, 0x0, 0x0, 0x5, 0xf3, 0x3f, 0x60,
    0x0, 0x0, 0x5f, 0x33, 0xf6, 0x0, 0x0, 0x5,
    0xf3, 0x3f, 0x60, 0x0, 0x0, 0x5f, 0x33, 0xf6,
    0x0, 0x0, 0x6, 0xf3, 0x1f, 0x80, 0x0, 0x0,
    0x7f, 0x10, 0xfb, 0x0, 0x0, 0xa, 0xf0, 0xa,
    0xf3, 0x0, 0x3, 0xfa, 0x0, 0x1e, 0xfa, 0x7a,
    0xfe, 0x10, 0x0, 0x19, 0xdf, 0xd9, 0x10, 0x0,

    /* U+0056 "V" */
    0xde, 0x0, 0x0, 0x0, 0x8f, 0x28, 0xf3, 0x0,
    0x0, 0xd, 0xd0, 0x3f, 0x70, 0x0, 0x2, 0xf8,
    0x0, 0xdc, 0x0, 0x0, 0x7f, 0x30, 0x8, 0xf1,
    0x0, 0xc, 0xd0, 0x0, 0x3f, 0x50, 0x1, 0xf8,
    0x0, 0x0, 0xea, 0x0, 0x6f, 0x30, 0x0, 0x9,
    0xe0, 0xb, 0xd0, 0x0, 0x0, 0x4f, 0x40, 0xf8,
    0x0, 0x0, 0x0, 0xf8, 0x4f, 0x30, 0x0, 0x0,
    0xa, 0xd9, 0xe0, 0x0, 0x0, 0x0, 0x5f, 0xf8,
    0x0, 0x0, 0x0, 0x0, 0xff, 0x30, 0x0, 0x0,

    /* U+0057 "W" */
    0x6f, 0x40, 0x0, 0xe, 0xd0, 0x0, 0x5, 0xf3,
    0x3f, 0x70, 0x0, 0x3f, 0xf1, 0x0, 0x9, 0xf0,
    0xf, 0xa0, 0x0, 0x7d, 0xf5, 0x0, 0xc, 0xc0,
    0xc, 0xd0, 0x0, 0xb8, 0xc9, 0x0, 0xf, 0x90,
    0x9, 0xf0, 0x0, 0xf5, 0x9d, 0x0, 0x3f, 0x50,
    0x5, 0xf3, 0x4, 0xf1, 0x5f, 0x10, 0x6f, 0x20,
    0x2, 0xf6, 0x8, 0xd0, 0x1f, 0x50, 0x9e, 0x0,
    0x0, 0xf9, 0xc, 0x90, 0xd, 0x90, 0xcb, 0x0,
    0x0, 0xbc, 0xf, 0x50, 0x9, 0xd0, 0xf8, 0x0,
    0x0, 0x8f, 0x3f, 0x10, 0x5, 0xf3, 0xf4, 0x0,
    0x0, 0x4f, 0x9d, 0x0, 0x1, 0xf9, 0xf1, 0x0,
    0x0, 0x1f, 0xf9, 0x0, 0x0, 0xdf, 0xe0, 0x0,
    0x0, 0xe, 0xf5, 0x0, 0x0, 0x9f, 0xa0, 0x0,

    /* U+0058 "X" */
    0x2f, 0xa0, 0x0, 0x4, 0xf7, 0x0, 0x9f, 0x30,
    0x0, 0xcd, 0x0, 0x1, 0xeb, 0x0, 0x5f, 0x50,
    0x0, 0x6, 0xf4, 0xd, 0xc0, 0x0, 0x0, 0xd,
    0xd5, 0xf3, 0x0, 0x0, 0x0, 0x4f, 0xfa, 0x0,
    0x0, 0x0, 0x0, 0xff, 0x40, 0x0, 0x0, 0x0,
    0x8e, 0xdc, 0x0, 0x0, 0x0, 0x2f, 0x74, 0xf6,
    0x0, 0x0, 0xa, 0xe0, 0xc, 0xe1, 0x0, 0x4,
    0xf6, 0x0, 0x3f, 0x90, 0x0, 0xdd, 0x0, 0x0,
    0xaf, 0x20, 0x6f, 0x50, 0x0, 0x1, 0xfb, 0x0,

    /* U+0059 "Y" */
    0xc, 0xe0, 0x0, 0x0, 0x6f, 0x50, 0x4f, 0x70,
    0x0, 0xd, 0xd0, 0x0, 0xce, 0x0, 0x4, 0xf5,
    0x0, 0x4, 0xf5, 0x0, 0xcd, 0x0, 0x0, 0xc,
    0xd0, 0x3f, 0x50, 0x0, 0x0, 0x4f, 0x4b, 0xd0,
    0x0, 0x0, 0x0, 0xcd, 0xf5, 0x0, 0x0, 0x0,
    0x4, 0xfd, 0x0, 0x0, 0x0, 0x0, 0xf, 0x90,
    0x0, 0x0, 0x0, 0x0, 0xf9, 0x0, 0x0, 0x0,
    0x0, 0xf, 0x90, 0x0, 0x0, 0x0, 0x0, 0xf9,
    0x0, 0x0, 0x0, 0x0, 0xf, 0x90, 0x0, 0x0,

    /* U+005A "Z" */
    0x7, 0xff, 0xff, 0xff, 0xfe, 0x0, 0x36, 0x66,
    0x66, 0x9f, 0x90, 0x0, 0x0, 0x0, 0xd, 0xe0,
    0x0, 0x0, 0x0, 0x8, 0xf4, 0x0, 0x0, 0x0,
    0x3, 0xf9, 0x0, 0x0, 0x0, 0x0, 0xce, 0x0,
    0x0, 0x0, 0x0, 0x7f, 0x40, 0x0, 0x0, 0x0,
    0x2f, 0xa0, 0x0, 0x0, 0x0, 0xc, 0xe1, 0x0,
    0x0, 0x0, 0x7, 0xf5, 0x0, 0x0, 0x0, 0x2,
    0xfa, 0x0, 0x0, 0x0, 0x0, 0xcf, 0x86, 0x66,
    0x66, 0x60, 0x1f, 0xff, 0xff, 0xff, 0xff, 0x0,

    /* U+005B "[" */
    0x1f, 0xff, 0x71, 0xf1, 0x0, 0x1f, 0x10, 0x1,
    0xf1, 0x0, 0x1f, 0x10, 0x1, 0xf1, 0x0, 0x1f,
    0x10, 0x1, 0xf1, 0x0, 0x1f, 0x10, 0x1, 0xf1,
    0x0, 0x1f, 0x10, 0x1, 0xf1, 0x0, 0x1f, 0x10,
    0x1, 0xf1, 0x0, 0x1f, 0x10, 0x1, 0xf1, 0x0,
    0x1f, 0xee, 0x60,

    /* U+005C "\\" */
    0x99, 0x0, 0x0, 0x4, 0xe0, 0x0, 0x0, 0xf,
    0x30, 0x0, 0x0, 0xa8, 0x0, 0x0, 0x5, 0xd0,
    0x0, 0x0, 0xf, 0x20, 0x0, 0x0, 0xb7, 0x0,
    0x0, 0x6, 0xc0, 0x0, 0x0, 0x1f, 0x10, 0x0,
    0x0, 0xc6, 0x0, 0x0, 0x8, 0xa0, 0x0, 0x0,
    0x3f, 0x0, 0x0, 0x0, 0xe4, 0x0, 0x0, 0x9,
    0x90, 0x0, 0x0, 0x4e, 0x0, 0x0, 0x0, 0xf3,
    0x0, 0x0, 0xa, 0x80, 0x0, 0x0, 0x36,

    /* U+005D "]" */
    0x5f, 0xff, 0x20, 0x0, 0xf2, 0x0, 0xf, 0x20,
    0x0, 0xf2, 0x0, 0xf, 0x20, 0x0, 0xf2, 0x0,
    0xf, 0x20, 0x0, 0xf2, 0x0, 0xf, 0x20, 0x0,
    0xf2, 0x0, 0xf, 0x20, 0x0, 0xf2, 0x0, 0xf,
    0x20, 0x0, 0xf2, 0x0, 0xf, 0x20, 0x0, 0xf2,
    0x5e, 0xef, 0x20,

    /* U+005E "^" */
    0x0, 0xe, 0xe0, 0x0, 0x0, 0x4f, 0xf4, 0x0,
    0x0, 0xb9, 0xaa, 0x0, 0x1, 0xf4, 0x4f, 0x10,
    0x7, 0xe0, 0xe, 0x60, 0xd, 0x80, 0x8, 0xd0,
    0x3f, 0x20, 0x3, 0xf3, 0x9d, 0x0, 0x0, 0xd9,

    /* U+005F "_" */
    0xbf, 0xff, 0xff, 0xff, 0xfc, 0x11, 0x11, 0x11,
    0x11, 0x11,

    /* U+0060 "`" */
    0x37, 0x40, 0x0, 0xb, 0xf2, 0x0, 0x0, 0xbd,
    0x0, 0x0, 0xc, 0xa0,

    /* U+0061 "a" */
    0x4, 0xad, 0xfc, 0x30, 0x4f, 0xb7, 0x7e, 0xf1,
    0x2, 0x0, 0x3, 0xf7, 0x0, 0x0, 0x2, 0xfa,
    0x1, 0x7c, 0xfe, 0xfa, 0x3e, 0xc5, 0x10, 0xea,
    0xbd, 0x0, 0x0, 0xea, 0xeb, 0x0, 0x3, 0xfa,
    0xaf, 0x96, 0x9e, 0xea, 0x1a, 0xed, 0x91, 0xba,

    /* U+0062 "b" */
    0x5f, 0x40, 0x0, 0x0, 0x0, 0x5f, 0x40, 0x0,
    0x0, 0x0, 0x5f, 0x40, 0x0, 0x0, 0x0, 0x5f,
    0x40, 0x0, 0x0, 0x0, 0x5f, 0x47, 0xce, 0xc4,
    0x0, 0x5f, 0xed, 0x88, 0xef, 0x40, 0x5f, 0x90,
    0x0, 0x1f, 0xc0, 0x5f, 0x40, 0x0, 0xa, 0xf0,
    0x5f, 0x40, 0x0, 0x8, 0xf2, 0x5f, 0x40, 0x0,
    0x9, 0xf1, 0x5f, 0x40, 0x0, 0xc, 0xe0, 0x5f,
    0x60, 0x0, 0x4f, 0x90, 0x5f, 0xea, 0x69, 0xfe,
    0x10, 0x5f, 0x19, 0xee, 0x91, 0x0,

    /* U+0063 "c" */
    0x0, 0x6, 0xcf, 0xd8, 0x0, 0xb, 0xfb, 0x78,
    0xe3, 0x6, 0xf7, 0x0, 0x0, 0x0, 0xce, 0x0,
    0x0, 0x0, 0xf, 0xb0, 0x0, 0x0, 0x0, 0xfb,
    0x0, 0x0, 0x0, 0xd, 0xe0, 0x0, 0x0, 0x0,
    0x7f, 0x60, 0x0, 0x0, 0x0, 0xcf, 0xa6, 0x8e,
    0x60, 0x0, 0x8c, 0xfd, 0x70,

    /* U+0064 "d" */
    0x0, 0x0, 0x0, 0x2, 0xf7, 0x0, 0x0, 0x0,
    0x2, 0xf7, 0x0, 0x0, 0x0, 0x2, 0xf7, 0x0,
    0x0, 0x0, 0x2, 0xf7, 0x0, 0x8, 0xde, 0xb4,
    0xf7, 0x0, 0xcf, 0xa7, 0x9f, 0xf7, 0x7, 0xf7,
    0x0, 0x4, 0xf7, 0xc, 0xe0, 0x0, 0x2, 0xf7,
    0xf, 0xb0, 0x0, 0x2, 0xf7, 0xf, 0xb0, 0x0,
    0x2, 0xf7, 0xd, 0xd0, 0x0, 0x2, 0xf7, 0x9,
    0xf4, 0x0, 0x6, 0xf7, 0x1, 0xef, 0x97, 0xbe,
    0xf7, 0x0, 0x1a, 0xed, 0x91, 0xe7,

    /* U+0065 "e" */
    0x0, 0x7, 0xdf, 0xc5, 0x0, 0x0, 0xce, 0x75,
    0x9f, 0x50, 0x6, 0xf2, 0x0, 0x9, 0xe0, 0xc,
    0xa0, 0x0, 0x4, 0xf1, 0xf, 0xff, 0xff, 0xff,
    0xf3, 0xf, 0xa2, 0x22, 0x22, 0x20, 0xc, 0xd0,
    0x0, 0x0, 0x0, 0x7, 0xf6, 0x0, 0x0, 0x0,
    0x0, 0xcf, 0xa5, 0x6a, 0x80, 0x0, 0x7, 0xcf,
    0xda, 0x20,

    /* U+0066 "f" */
    0x0, 0x2c, 0xfd, 0x30, 0xd, 0xf7, 0x60, 0x0,
    0xfa, 0x0, 0x0, 0x1f, 0x80, 0x0, 0x8f, 0xff,
    0xfa, 0x2, 0x6f, 0xb5, 0x30, 0x1, 0xf8, 0x0,
    0x0, 0x1f, 0x80, 0x0, 0x1, 0xf8, 0x0, 0x0,
    0x1f, 0x80, 0x0, 0x1, 0xf8, 0x0, 0x0, 0x1f,
    0x80, 0x0, 0x1, 0xf8, 0x0, 0x0, 0x1f, 0x80,
    0x0,

    /* U+0067 "g" */
    0x0, 0x3b, 0xef, 0xff, 0xfb, 0x3, 0xfb, 0x44,
    0xcf, 0x53, 0x9, 0xf0, 0x0, 0x2f, 0x60, 0x9,
    0xe0, 0x0, 0x1f, 0x60, 0x3, 0xf8, 0x1, 0xaf,
    0x20, 0x0, 0xae, 0xff, 0xd4, 0x0, 0x3, 0xf1,
    0x0, 0x0, 0x0, 0x7, 0xf0, 0x0, 0x0, 0x0,
    0x4, 0xfa, 0x55, 0x54, 0x0, 0x0, 0xde, 0xff,
    0xff, 0xf5, 0xa, 0xb0, 0x0, 0x3, 0xed, 0xf,
    0x70, 0x0, 0x0, 0xdb, 0xc, 0xe6, 0x22, 0x5c,
    0xe2, 0x0, 0x8d, 0xfe, 0xc8, 0x10,

    /* U+0068 "h" */
    0x5f, 0x40, 0x0, 0x0, 0x5, 0xf4, 0x0, 0x0,
    0x0, 0x5f, 0x40, 0x0, 0x0, 0x5, 0xf4, 0x0,
    0x0, 0x0, 0x5f, 0x45, 0xbf, 0xc3, 0x5, 0xfb,
    0xe9, 0x8f, 0xe0, 0x5f, 0xb1, 0x0, 0x7f, 0x55,
    0xf4, 0x0, 0x3, 0xf6, 0x5f, 0x40, 0x0, 0x2f,
    0x75, 0xf4, 0x0, 0x2, 0xf7, 0x5f, 0x40, 0x0,
    0x2f, 0x75, 0xf4, 0x0, 0x2, 0xf7, 0x5f, 0x40,
    0x0, 0x2f, 0x75, 0xf4, 0x0, 0x2, 0xf7,

    /* U+0069 "i" */
    0x5e, 0x46, 0xf5, 0x1, 0x0, 0x0, 0x5f, 0x45,
    0xf4, 0x5f, 0x45, 0xf4, 0x5f, 0x45, 0xf4, 0x5f,
    0x45, 0xf4, 0x5f, 0x45, 0xf4,

    /* U+006A "j" */
    0x0, 0x5e, 0x40, 0x6, 0xf6, 0x0, 0x1, 0x0,
    0x0, 0x0, 0x0, 0x5f, 0x40, 0x5, 0xf4, 0x0,
    0x5f, 0x40, 0x5, 0xf4, 0x0, 0x5f, 0x40, 0x5,
    0xf4, 0x0, 0x5f, 0x40, 0x5, 0xf4, 0x0, 0x5f,
    0x40, 0x5, 0xf4, 0x0, 0x5f, 0x40, 0x7, 0xf3,
    0x35, 0xdf, 0x9, 0xfd, 0x40,

    /* U+006B "k" */
    0x5f, 0x40, 0x0, 0x0, 0x5, 0xf4, 0x0, 0x0,
    0x0, 0x5f, 0x40, 0x0, 0x0, 0x5, 0xf4, 0x0,
    0x0, 0x0, 0x5f, 0x40, 0x0, 0xdd, 0x15, 0xf4,
    0x0, 0xbf, 0x20, 0x5f, 0x40, 0x7f, 0x40, 0x5,
    0xf4, 0x4f, 0x70, 0x0, 0x5f, 0x6e, 0xf5, 0x0,
    0x5, 0xff, 0xcb, 0xe0, 0x0, 0x5f, 0xe1, 0x2f,
    0x90, 0x5, 0xf5, 0x0, 0x8f, 0x30, 0x5f, 0x40,
    0x0, 0xec, 0x5, 0xf4, 0x0, 0x5, 0xf7,

    /* U+006C "l" */
    0x5f, 0x40, 0x5f, 0x40, 0x5f, 0x40, 0x5f, 0x40,
    0x5f, 0x40, 0x5f, 0x40, 0x5f, 0x40, 0x5f, 0x40,
    0x5f, 0x40, 0x5f, 0x40, 0x5f, 0x40, 0x5f, 0x50,
    0x2f, 0xa0, 0xb, 0xf3,

    /* U+006D "m" */
    0x5f, 0x6, 0xcf, 0xb1, 0x6, 0xde, 0xa1, 0x5,
    0xfb, 0xd8, 0xaf, 0xb9, 0xd8, 0xaf, 0xa0, 0x5f,
    0xb0, 0x0, 0xbf, 0xa0, 0x0, 0xcf, 0x5, 0xf4,
    0x0, 0x7, 0xf3, 0x0, 0x8, 0xf1, 0x5f, 0x40,
    0x0, 0x6f, 0x30, 0x0, 0x8f, 0x25, 0xf4, 0x0,
    0x6, 0xf3, 0x0, 0x7, 0xf2, 0x5f, 0x40, 0x0,
    0x6f, 0x30, 0x0, 0x7f, 0x25, 0xf4, 0x0, 0x6,
    0xf3, 0x0, 0x7, 0xf2, 0x5f, 0x40, 0x0, 0x6f,
    0x30, 0x0, 0x7f, 0x25, 0xf4, 0x0, 0x6, 0xf3,
    0x0, 0x7, 0xf2,

    /* U+006E "n" */
    0x5f, 0x5, 0xbf, 0xc3, 0x5, 0xfa, 0xe9, 0x8f,
    0xe0, 0x5f, 0xb1, 0x0, 0x7f, 0x55, 0xf4, 0x0,
    0x3, 0xf6, 0x5f, 0x40, 0x0, 0x2f, 0x75, 0xf4,
    0x0, 0x2, 0xf7, 0x5f, 0x40, 0x0, 0x2f, 0x75,
    0xf4, 0x0, 0x2, 0xf7, 0x5f, 0x40, 0x0, 0x2f,
    0x75, 0xf4, 0x0, 0x2, 0xf7,

    /* U+006F "o" */
    0x0, 0x7, 0xcf, 0xc6, 0x0, 0x0, 0xcf, 0xa7,
    0xaf, 0xa0, 0x7, 0xf6, 0x0, 0x7, 0xf5, 0xc,
    0xe0, 0x0, 0x0, 0xeb, 0xf, 0xb0, 0x0, 0x0,
    0xce, 0xf, 0xb0, 0x0, 0x0, 0xce, 0xc, 0xd0,
    0x0, 0x0, 0xeb, 0x7, 0xf6, 0x0, 0x7, 0xf5,
    0x0, 0xcf, 0x96, 0xaf, 0xa0, 0x0, 0x7, 0xdf,
    0xc6, 0x0,

    /* U+0070 "p" */
    0x5f, 0x17, 0xce, 0xc4, 0x0, 0x5f, 0xdd, 0x88,
    0xef, 0x40, 0x5f, 0x90, 0x0, 0x1f, 0xc0, 0x5f,
    0x40, 0x0, 0xa, 0xf0, 0x5f, 0x40, 0x0, 0x8,
    0xf2, 0x5f, 0x40, 0x0, 0x9, 0xf1, 0x5f, 0x40,
    0x0, 0xc, 0xe0, 0x5f, 0x60, 0x0, 0x4f, 0x90,
    0x5f, 0xfa, 0x69, 0xfe, 0x10, 0x5f, 0x59, 0xee,
    0x91, 0x0, 0x5f, 0x40, 0x0, 0x0, 0x0, 0x5f,
    0x40, 0x0, 0x0, 0x0, 0x5f, 0x40, 0x0, 0x0,
    0x0, 0x5f, 0x40, 0x0, 0x0, 0x0,

    /* U+0071 "q" */
    0x0, 0x8, 0xde, 0xb3, 0xe7, 0x0, 0xcf, 0xa7,
    0x9f, 0xf7, 0x7, 0xf7, 0x0, 0x4, 0xf7, 0xc,
    0xe0, 0x0, 0x2, 0xf7, 0xf, 0xb0, 0x0, 0x2,
    0xf7, 0xf, 0xb0, 0x0, 0x2, 0xf7, 0xd, 0xd0,
    0x0, 0x2, 0xf7, 0x9, 0xf4, 0x0, 0x6, 0xf7,
    0x1, 0xef, 0x97, 0xbe, 0xf7, 0x0, 0x1a, 0xee,
    0x92, 0xf7, 0x0, 0x0, 0x0, 0x2, 0xf7, 0x0,
    0x0, 0x0, 0x2, 0xf7, 0x0, 0x0, 0x0, 0x2,
    0xf7, 0x0, 0x0, 0x0, 0x2, 0xf7,

    /* U+0072 "r" */
    0x5f, 0x6, 0xee, 0x5, 0xf7, 0xe8, 0x60, 0x5f,
    0xe1, 0x0, 0x5, 0xf7, 0x0, 0x0, 0x5f, 0x40,
    0x0, 0x5, 0xf4, 0x0, 0x0, 0x5f, 0x40, 0x0,
    0x5, 0xf4, 0x0, 0x0, 0x5f, 0x40, 0x0, 0x5,
    0xf4, 0x0, 0x0,

    /* U+0073 "s" */
    0x0, 0x7d, 0xfc, 0x70, 0x8, 0xf9, 0x57, 0xd3,
    0xd, 0xc0, 0x0, 0x0, 0xa, 0xf4, 0x0, 0x0,
    0x1, 0xbf, 0xd5, 0x0, 0x0, 0x3, 0xbf, 0xd1,
    0x0, 0x0, 0x3, 0xf9, 0x2, 0x0, 0x0, 0xeb,
    0x2f, 0xa6, 0x5b, 0xf5, 0x3, 0xbe, 0xfc, 0x50,

    /* U+0074 "t" */
    0x0, 0xd9, 0x0, 0x0, 0xe, 0x90, 0x0, 0x0,
    0xf9, 0x0, 0x8, 0xff, 0xff, 0xf3, 0x25, 0xfb,
    0x55, 0x10, 0xf, 0x90, 0x0, 0x0, 0xf9, 0x0,
    0x0, 0xf, 0x90, 0x0, 0x0, 0xf9, 0x0, 0x0,
    0xf, 0x90, 0x0, 0x0, 0xfb, 0x0, 0x0, 0xb,
    0xf7, 0x62, 0x0, 0x2b, 0xfd, 0x40,

    /* U+0075 "u" */
    0x7f, 0x20, 0x0, 0x5f, 0x47, 0xf2, 0x0, 0x5,
    0xf4, 0x7f, 0x20, 0x0, 0x5f, 0x47, 0xf2, 0x0,
    0x5, 0xf4, 0x7f, 0x20, 0x0, 0x5f, 0x47, 0xf2,
    0x0, 0x5, 0xf4, 0x7f, 0x30, 0x0, 0x5f, 0x45,
    0xf6, 0x0, 0x1d, 0xf4, 0xf, 0xf8, 0x9e, 0x9f,
    0x40, 0x3c, 0xfb, 0x41, 0xf4,

    /* U+0076 "v" */
    0x9f, 0x10, 0x0, 0xa, 0xf0, 0x3f, 0x60, 0x0,
    0xe, 0x90, 0xe, 0xb0, 0x0, 0x4f, 0x40, 0x8,
    0xf1, 0x0, 0x9e, 0x0, 0x2, 0xf6, 0x0, 0xe9,
    0x0, 0x0, 0xdb, 0x4, 0xf3, 0x0, 0x0, 0x7f,
    0x9, 0xe0, 0x0, 0x0, 0x1f, 0x5e, 0x80, 0x0,
    0x0, 0xc, 0xdf, 0x30, 0x0, 0x0, 0x6, 0xfd,
    0x0, 0x0,

    /* U+0077 "w" */
    0x6f, 0x40, 0x0, 0xaf, 0x30, 0x0, 0xbd, 0x1f,
    0x80, 0x0, 0xef, 0x70, 0x0, 0xf9, 0xd, 0xc0,
    0x3, 0xf9, 0xb0, 0x3, 0xf4, 0x9, 0xf0, 0x7,
    0xc5, 0xf0, 0x7, 0xf0, 0x4, 0xf4, 0xb, 0x81,
    0xf4, 0xb, 0xc0, 0x0, 0xf8, 0xf, 0x40, 0xd8,
    0xf, 0x80, 0x0, 0xbc, 0x3f, 0x0, 0x9c, 0x2f,
    0x30, 0x0, 0x7f, 0x7c, 0x0, 0x5f, 0x7f, 0x0,
    0x0, 0x3f, 0xe7, 0x0, 0x1f, 0xdb, 0x0, 0x0,
    0xe, 0xf3, 0x0, 0xc, 0xf7, 0x0,

    /* U+0078 "x" */
    0x3f, 0x90, 0x0, 0x8f, 0x20, 0x8f, 0x30, 0x1f,
    0x80, 0x0, 0xec, 0xa, 0xe0, 0x0, 0x5, 0xf8,
    0xf5, 0x0, 0x0, 0xb, 0xfb, 0x0, 0x0, 0x0,
    0xef, 0xc0, 0x0, 0x0, 0x9e, 0x4f, 0x70, 0x0,
    0x3f, 0x60, 0xaf, 0x20, 0xc, 0xd0, 0x1, 0xfb,
    0x6, 0xf4, 0x0, 0x6, 0xf5,

    /* U+0079 "y" */
    0x9f, 0x10, 0x0, 0x9, 0xf0, 0x2f, 0x70, 0x0,
    0xe, 0x90, 0xc, 0xd0, 0x0, 0x4f, 0x40, 0x5,
    0xf3, 0x0, 0x9e, 0x0, 0x0, 0xe9, 0x0, 0xe9,
    0x0, 0x0, 0x9e, 0x3, 0xf3, 0x0, 0x0, 0x2f,
    0x48, 0xe0, 0x0, 0x0, 0xc, 0xad, 0x80, 0x0,
    0x0, 0x5, 0xff, 0x30, 0x0, 0x0, 0x0, 0xfd,
    0x0, 0x0, 0x0, 0x1, 0xf7, 0x0, 0x0, 0x0,
    0x9, 0xf1, 0x0, 0x0, 0x6, 0x9f, 0x70, 0x0,
    0x0, 0x2e, 0xd7, 0x0, 0x0, 0x0,

    /* U+007A "z" */
    0xc, 0xff, 0xff, 0xfd, 0x0, 0x45, 0x55, 0x9f,
    0x70, 0x0, 0x0, 0x1e, 0xc0, 0x0, 0x0, 0xa,
    0xf2, 0x0, 0x0, 0x5, 0xf7, 0x0, 0x0, 0x1,
    0xec, 0x0, 0x0, 0x0, 0xaf, 0x20, 0x0, 0x0,
    0x4f, 0x70, 0x0, 0x0, 0x1e, 0xe5, 0x55, 0x55,
    0x5, 0xff, 0xff, 0xff, 0xf0,

    /* U+007B "{" */
    0x0, 0x2c, 0xf7, 0x0, 0x9d, 0x0, 0x0, 0xb9,
    0x0, 0x0, 0xb9, 0x0, 0x0, 0xaa, 0x0, 0x0,
    0xaa, 0x0, 0x0, 0xaa, 0x0, 0x1, 0xe7, 0x0,
    0x4f, 0xc0, 0x0, 0x4, 0xf6, 0x0, 0x0, 0xaa,
    0x0, 0x0, 0xaa, 0x0, 0x0, 0xaa, 0x0, 0x0,
    0xb9, 0x0, 0x0, 0xb9, 0x0, 0x0, 0x9d, 0x0,
    0x0, 0x2c, 0xe6,

    /* U+007C "|" */
    0x2f, 0x2f, 0x2f, 0x2f, 0x2f, 0x2f, 0x2f, 0x2f,
    0x2f, 0x2f, 0x2f, 0x2f, 0x2f, 0x2f, 0x2f, 0x2f,
    0x2f, 0x2f, 0x2f, 0x2f,

    /* U+007D "}" */
    0x5f, 0xd3, 0x0, 0x0, 0xcb, 0x0, 0x0, 0x8d,
    0x0, 0x0, 0x8d, 0x0, 0x0, 0x8c, 0x0, 0x0,
    0x9b, 0x0, 0x0, 0x8b, 0x0, 0x0, 0x6f, 0x20,
    0x0, 0xb, 0xf6, 0x0, 0x4f, 0x50, 0x0, 0x8c,
    0x0, 0x0, 0x9b, 0x0, 0x0, 0x8c, 0x0, 0x0,
    0x8d, 0x0, 0x0, 0x8d, 0x0, 0x0, 0xcb, 0x0,
    0x5e, 0xc3, 0x0,

    /* U+007E "~" */
    0x0, 0x0, 0x0, 0x0, 0x0, 0x2, 0xce, 0x80,
    0x0, 0x40, 0xd, 0x95, 0xdb, 0x26, 0xe1, 0x7,
    0x0, 0x1b, 0xff, 0x40, 0x0, 0x0, 0x0, 0x10,
    0x0,

    /* U+00B7 "·" */
    0x2a, 0xa2, 0xcf, 0xfc, 0xdf, 0xfd, 0x4e, 0xe4,

    /* U+00E0 "à" */
    0x4, 0xfa, 0x0, 0x0, 0x0, 0x5f, 0x60, 0x0,
    0x0, 0x5, 0xf3, 0x0, 0x0, 0x0, 0x55, 0x0,
    0x0, 0x0, 0x0, 0x0, 0x4, 0xad, 0xfc, 0x30,
    0x4f, 0xb7, 0x7e, 0xf1, 0x2, 0x0, 0x3, 0xf7,
    0x0, 0x0, 0x2, 0xfa, 0x1, 0x7c, 0xfe, 0xfa,
    0x3e, 0xc5, 0x10, 0xea, 0xbd, 0x0, 0x0, 0xea,
    0xeb, 0x0, 0x3, 0xfa, 0xaf, 0x96, 0x9e, 0xea,
    0x1a, 0xed, 0x91, 0xba,

    /* U+00E1 "á" */
    0x0, 0x0, 0x1e, 0xe1, 0x0, 0x0, 0xae, 0x20,
    0x0, 0x6, 0xe3, 0x0, 0x0, 0x7, 0x30, 0x0,
    0x0, 0x0, 0x0, 0x0, 0x4, 0xad, 0xfc, 0x30,
    0x4f, 0xb7, 0x7e, 0xf1, 0x2, 0x0, 0x3, 0xf7,
    0x0, 0x0, 0x2, 0xfa, 0x1, 0x7c, 0xfe, 0xfa,
    0x3e, 0xc5, 0x10, 0xea, 0xbd, 0x0, 0x0, 0xea,
    0xeb, 0x0, 0x3, 0xfa, 0xaf, 0x96, 0x9e, 0xea,
    0x1a, 0xed, 0x91, 0xba,

    /* U+00E8 "è" */
    0x0, 0x5f, 0xa0, 0x0, 0x0, 0x0, 0x6, 0xf5,
    0x0, 0x0, 0x0, 0x0, 0x6f, 0x20, 0x0, 0x0,
    0x0, 0x5, 0x50, 0x0, 0x0, 0x0, 0x0, 0x0,
    0x0, 0x0, 0x7, 0xdf, 0xc5, 0x0, 0x0, 0xce,
    0x75, 0x9f, 0x50, 0x6, 0xf2, 0x0, 0x9, 0xe0,
    0xc, 0xa0, 0x0, 0x4, 0xf1, 0xf, 0xff, 0xff,
    0xff, 0xf3, 0xf, 0xa2, 0x22, 0x22, 0x20, 0xc,
    0xd0, 0x0, 0x0, 0x0, 0x7, 0xf6, 0x0, 0x0,
    0x0, 0x0, 0xcf, 0xa5, 0x6a, 0x80, 0x0, 0x7,
    0xcf, 0xda, 0x20,

    /* U+00E9 "é" */
    0x0, 0x0, 0x1, 0xed, 0x10, 0x0, 0x0, 0xb,
    0xe1, 0x0, 0x0, 0x0, 0x8e, 0x20, 0x0, 0x0,
    0x0, 0x72, 0x0, 0x0, 0x0, 0x0, 0x0, 0x0,
    0x0, 0x0, 0x7, 0xdf, 0xc5, 0x0, 0x0, 0xce,
    0x75, 0x9f, 0x50, 0x6, 0xf2, 0x0, 0x9, 0xe0,
    0xc, 0xa0, 0x0, 0x4, 0xf1, 0xf, 0xff, 0xff,
    0xff, 0xf3, 0xf, 0xa2, 0x22, 0x22, 0x20, 0xc,
    0xd0, 0x0, 0x0, 0x0, 0x7, 0xf6, 0x0, 0x0,
    0x0, 0x0, 0xcf, 0xa5, 0x6a, 0x80, 0x0, 0x7,
    0xcf, 0xda, 0x20,

    /* U+00EC "ì" */
    0x27, 0x50, 0x0, 0x8, 0xf4, 0x0, 0x0, 0x7f,
    0x30, 0x0, 0x4, 0x60, 0x0, 0x0, 0x0, 0x0,
    0x5f, 0x40, 0x0, 0x5f, 0x40, 0x0, 0x5f, 0x40,
    0x0, 0x5f, 0x40, 0x0, 0x5f, 0x40, 0x0, 0x5f,
    0x40, 0x0, 0x5f, 0x40, 0x0, 0x5f, 0x40, 0x0,
    0x5f, 0x40, 0x0, 0x5f, 0x40,

    /* U+00ED "í" */
    0x0, 0x5, 0x72, 0x0, 0x5f, 0x70, 0x3, 0xf6,
    0x0, 0x6, 0x40, 0x0, 0x0, 0x0, 0x0, 0x5,
    0xf4, 0x0, 0x5, 0xf4, 0x0, 0x5, 0xf4, 0x0,
    0x5, 0xf4, 0x0, 0x5, 0xf4, 0x0, 0x5, 0xf4,
    0x0, 0x5, 0xf4, 0x0, 0x5, 0xf4, 0x0, 0x5,
    0xf4, 0x0, 0x5, 0xf4, 0x0,

    /* U+00F2 "ò" */
    0x0, 0x3f, 0xc0, 0x0, 0x0, 0x0, 0x4, 0xf8,
    0x0, 0x0, 0x0, 0x0, 0x4f, 0x40, 0x0, 0x0,
    0x0, 0x4, 0x60, 0x0, 0x0, 0x0, 0x0, 0x0,
    0x0, 0x0, 0x7, 0xcf, 0xc6, 0x0, 0x0, 0xcf,
    0xa7, 0xaf, 0xa0, 0x7, 0xf6, 0x0, 0x7, 0xf5,
    0xc, 0xe0, 0x0, 0x0, 0xeb, 0xf, 0xb0, 0x0,
    0x0, 0xce, 0xf, 0xb0, 0x0, 0x0, 0xce, 0xc,
    0xd0, 0x0, 0x0, 0xeb, 0x7, 0xf6, 0x0, 0x7,
    0xf5, 0x0, 0xcf, 0x96, 0xaf, 0xa0, 0x0, 0x7,
    0xdf, 0xc6, 0x0,

    /* U+00F3 "ó" */
    0x0, 0x0, 0x0, 0xde, 0x20, 0x0, 0x0, 0x9,
    0xf3, 0x0, 0x0, 0x0, 0x5f, 0x30, 0x0, 0x0,
    0x0, 0x73, 0x0, 0x0, 0x0, 0x0, 0x0, 0x0,
    0x0, 0x0, 0x7, 0xcf, 0xc6, 0x0, 0x0, 0xcf,
    0xa7, 0xaf, 0xa0, 0x7, 0xf6, 0x0, 0x7, 0xf5,
    0xc, 0xe0, 0x0, 0x0, 0xeb, 0xf, 0xb0, 0x0,
    0x0, 0xce, 0xf, 0xb0, 0x0, 0x0, 0xce, 0xc,
    0xd0, 0x0, 0x0, 0xeb, 0x7, 0xf6, 0x0, 0x7,
    0xf5, 0x0, 0xcf, 0x96, 0xaf, 0xa0, 0x0, 0x7,
    0xdf, 0xc6, 0x0,

    /* U+00F9 "ù" */
    0x3, 0xfc, 0x0, 0x0, 0x0, 0x4, 0xf8, 0x0,
    0x0, 0x0, 0x4, 0xf4, 0x0, 0x0, 0x0, 0x4,
    0x60, 0x0, 0x0, 0x0, 0x0, 0x0, 0x7, 0xf2,
    0x0, 0x5, 0xf4, 0x7f, 0x20, 0x0, 0x5f, 0x47,
    0xf2, 0x0, 0x5, 0xf4, 0x7f, 0x20, 0x0, 0x5f,
    0x47, 0xf2, 0x0, 0x5, 0xf4, 0x7f, 0x20, 0x0,
    0x5f, 0x47, 0xf3, 0x0, 0x5, 0xf4, 0x5f, 0x60,
    0x1, 0xdf, 0x40, 0xff, 0x89, 0xe9, 0xf4, 0x3,
    0xcf, 0xb4, 0x1f, 0x40,

    /* U+00FA "ú" */
    0x0, 0x0, 0xd, 0xe2, 0x0, 0x0, 0x9, 0xf3,
    0x0, 0x0, 0x5, 0xf3, 0x0, 0x0, 0x0, 0x73,
    0x0, 0x0, 0x0, 0x0, 0x0, 0x0, 0x7, 0xf2,
    0x0, 0x5, 0xf4, 0x7f, 0x20, 0x0, 0x5f, 0x47,
    0xf2, 0x0, 0x5, 0xf4, 0x7f, 0x20, 0x0, 0x5f,
    0x47, 0xf2, 0x0, 0x5, 0xf4, 0x7f, 0x20, 0x0,
    0x5f, 0x47, 0xf3, 0x0, 0x5, 0xf4, 0x5f, 0x60,
    0x1, 0xdf, 0x40, 0xff, 0x89, 0xe9, 0xf4, 0x3,
    0xcf, 0xb4, 0x1f, 0x40,

    /* U+0101 "ā" */
    0x4, 0xff, 0xff, 0xf0, 0x0, 0x22, 0x22, 0x20,
    0x0, 0x0, 0x0, 0x0, 0x4, 0xad, 0xfc, 0x30,
    0x4f, 0xb7, 0x7e, 0xf1, 0x2, 0x0, 0x3, 0xf7,
    0x0, 0x0, 0x2, 0xfa, 0x1, 0x7c, 0xfe, 0xfa,
    0x3e, 0xc5, 0x10, 0xea, 0xbd, 0x0, 0x0, 0xea,
    0xeb, 0x0, 0x3, 0xfa, 0xaf, 0x96, 0x9e, 0xea,
    0x1a, 0xed, 0x91, 0xba,

    /* U+0113 "ē" */
    0x0, 0x5f, 0xff, 0xff, 0x0, 0x0, 0x2, 0x22,
    0x22, 0x0, 0x0, 0x0, 0x0, 0x0, 0x0, 0x0,
    0x7, 0xdf, 0xc5, 0x0, 0x0, 0xce, 0x75, 0x9f,
    0x50, 0x6, 0xf2, 0x0, 0x9, 0xe0, 0xc, 0xa0,
    0x0, 0x4, 0xf1, 0xf, 0xff, 0xff, 0xff, 0xf3,
    0xf, 0xa2, 0x22, 0x22, 0x20, 0xc, 0xd0, 0x0,
    0x0, 0x0, 0x7, 0xf6, 0x0, 0x0, 0x0, 0x0,
    0xcf, 0xa5, 0x6a, 0x80, 0x0, 0x7, 0xcf, 0xda,
    0x20,

    /* U+011B "ě" */
    0x0, 0xba, 0x0, 0x2e, 0x50, 0x0, 0x1e, 0x91,
    0xe9, 0x0, 0x0, 0x3, 0xff, 0xc0, 0x0, 0x0,
    0x0, 0x47, 0x10, 0x0, 0x0, 0x0, 0x0, 0x0,
    0x0, 0x0, 0x7, 0xdf, 0xc5, 0x0, 0x0, 0xce,
    0x75, 0x9f, 0x50, 0x6, 0xf2, 0x0, 0x9, 0xe0,
    0xc, 0xa0, 0x0, 0x4, 0xf1, 0xf, 0xff, 0xff,
    0xff, 0xf3, 0xf, 0xa2, 0x22, 0x22, 0x20, 0xc,
    0xd0, 0x0, 0x0, 0x0, 0x7, 0xf6, 0x0, 0x0,
    0x0, 0x0, 0xcf, 0xa5, 0x6a, 0x80, 0x0, 0x7,
    0xcf, 0xda, 0x20,

    /* U+012B "ī" */
    0x3f, 0xff, 0xff, 0x10, 0x22, 0x22, 0x20, 0x0,
    0x0, 0x0, 0x0, 0x5, 0xf4, 0x0, 0x0, 0x5f,
    0x40, 0x0, 0x5, 0xf4, 0x0, 0x0, 0x5f, 0x40,
    0x0, 0x5, 0xf4, 0x0, 0x0, 0x5f, 0x40, 0x0,
    0x5, 0xf4, 0x0, 0x0, 0x5f, 0x40, 0x0, 0x5,
    0xf4, 0x0, 0x0, 0x5f, 0x40, 0x0,

    /* U+014D "ō" */
    0x0, 0x2f, 0xff, 0xff, 0x10, 0x0, 0x2, 0x22,
    0x22, 0x0, 0x0, 0x0, 0x0, 0x0, 0x0, 0x0,
    0x7, 0xcf, 0xc6, 0x0, 0x0, 0xcf, 0xa7, 0xaf,
    0xa0, 0x7, 0xf6, 0x0, 0x7, 0xf5, 0xc, 0xe0,
    0x0, 0x0, 0xeb, 0xf, 0xb0, 0x0, 0x0, 0xce,
    0xf, 0xb0, 0x0, 0x0, 0xce, 0xc, 0xd0, 0x0,
    0x0, 0xeb, 0x7, 0xf6, 0x0, 0x7, 0xf5, 0x0,
    0xcf, 0x96, 0xaf, 0xa0, 0x0, 0x7, 0xdf, 0xc6,
    0x0,

    /* U+016B "ū" */
    0x3, 0xff, 0xff, 0xf1, 0x0, 0x2, 0x22, 0x22,
    0x0, 0x0, 0x0, 0x0, 0x0, 0x7, 0xf2, 0x0,
    0x5, 0xf4, 0x7f, 0x20, 0x0, 0x5f, 0x47, 0xf2,
    0x0, 0x5, 0xf4, 0x7f, 0x20, 0x0, 0x5f, 0x47,
    0xf2, 0x0, 0x5, 0xf4, 0x7f, 0x20, 0x0, 0x5f,
    0x47, 0xf3, 0x0, 0x5, 0xf4, 0x5f, 0x60, 0x1,
    0xdf, 0x40, 0xff, 0x89, 0xe9, 0xf4, 0x3, 0xcf,
    0xb4, 0x1f, 0x40,

    /* U+01CE "ǎ" */
    0xa, 0xb0, 0x1, 0xe7, 0x0, 0xda, 0x1d, 0xa0,
    0x0, 0x2f, 0xfd, 0x0, 0x0, 0x4, 0x72, 0x0,
    0x0, 0x0, 0x0, 0x0, 0x4, 0xad, 0xfc, 0x30,
    0x4f, 0xb7, 0x7e, 0xf1, 0x2, 0x0, 0x3, 0xf7,
    0x0, 0x0, 0x2, 0xfa, 0x1, 0x7c, 0xfe, 0xfa,
    0x3e, 0xc5, 0x10, 0xea, 0xbd, 0x0, 0x0, 0xea,
    0xeb, 0x0, 0x3, 0xfa, 0xaf, 0x96, 0x9e, 0xea,
    0x1a, 0xed, 0x91, 0xba,

    /* U+01D0 "ǐ" */
    0x64, 0x0, 0x5, 0x52, 0xe7, 0x8, 0xe1, 0x3,
    0xfd, 0xe2, 0x0, 0x3, 0x73, 0x0, 0x0, 0x0,
    0x0, 0x0, 0x5, 0xf4, 0x0, 0x0, 0x5f, 0x40,
    0x0, 0x5, 0xf4, 0x0, 0x0, 0x5f, 0x40, 0x0,
    0x5, 0xf4, 0x0, 0x0, 0x5f, 0x40, 0x0, 0x5,
    0xf4, 0x0, 0x0, 0x5f, 0x40, 0x0, 0x5, 0xf4,
    0x0, 0x0, 0x5f, 0x40, 0x0,

    /* U+01D2 "ǒ" */
    0x0, 0x9c, 0x0, 0x1d, 0x80, 0x0, 0xc, 0xb1,
    0xcb, 0x0, 0x0, 0x1, 0xef, 0xe1, 0x0, 0x0,
    0x0, 0x37, 0x20, 0x0, 0x0, 0x0, 0x0, 0x0,
    0x0, 0x0, 0x7, 0xcf, 0xc6, 0x0, 0x0, 0xcf,
    0xa7, 0xaf, 0xa0, 0x7, 0xf6, 0x0, 0x7, 0xf5,
    0xc, 0xe0, 0x0, 0x0, 0xeb, 0xf, 0xb0, 0x0,
    0x0, 0xce, 0xf, 0xb0, 0x0, 0x0, 0xce, 0xc,
    0xd0, 0x0, 0x0, 0xeb, 0x7, 0xf6, 0x0, 0x7,
    0xf5, 0x0, 0xcf, 0x96, 0xaf, 0xa0, 0x0, 0x7,
    0xdf, 0xc6, 0x0,

    /* U+01D4 "ǔ" */
    0x9, 0xc0, 0x1, 0xd8, 0x0, 0xc, 0xb1, 0xcb,
    0x0, 0x0, 0x1e, 0xfe, 0x10, 0x0, 0x0, 0x37,
    0x20, 0x0, 0x0, 0x0, 0x0, 0x0, 0x7, 0xf2,
    0x0, 0x5, 0xf4, 0x7f, 0x20, 0x0, 0x5f, 0x47,
    0xf2, 0x0, 0x5, 0xf4, 0x7f, 0x20, 0x0, 0x5f,
    0x47, 0xf2, 0x0, 0x5, 0xf4, 0x7f, 0x20, 0x0,
    0x5f, 0x47, 0xf3, 0x0, 0x5, 0xf4, 0x5f, 0x60,
    0x1, 0xdf, 0x40, 0xff, 0x89, 0xe9, 0xf4, 0x3,
    0xcf, 0xb4, 0x1f, 0x40,

    /* U+01DA "ǚ" */
    0x3, 0x70, 0x1, 0x72, 0x0, 0x7, 0xe8, 0xe6,
    0x0, 0x0, 0x4, 0x73, 0x0, 0x0, 0x0, 0x0,
    0x0, 0x0, 0x3, 0xe4, 0x5, 0xe2, 0x0, 0x3c,
    0x30, 0x4c, 0x20, 0x0, 0x0, 0x0, 0x0, 0x7,
    0xf2, 0x0, 0x5, 0xf4, 0x7f, 0x20, 0x0, 0x5f,
    0x47, 0xf2, 0x0, 0x5, 0xf4, 0x7f, 0x20, 0x0,
    0x5f, 0x47, 0xf2, 0x0, 0x5, 0xf4, 0x7f, 0x20,
    0x0, 0x5f, 0x47, 0xf3, 0x0, 0x5, 0xf4, 0x5f,
    0x60, 0x1, 0xdf, 0x40, 0xff, 0x89, 0xe9, 0xf4,
    0x3, 0xcf, 0xb4, 0x1f, 0x40,

    /* U+201C "“" */
    0x0, 0x0, 0x0, 0x0, 0x49, 0x0, 0xa2, 0x3c,
    0x10, 0xc5, 0xa, 0x90, 0x2e, 0x20, 0xaf, 0xb3,
    0xff, 0x34, 0xd8, 0xb, 0xd1,

    /* U+201D "”" */
    0x2, 0x10, 0x2, 0x2, 0xfe, 0xb, 0xf6, 0x1d,
    0xf4, 0x8f, 0xb0, 0xe, 0x10, 0x78, 0xa, 0x80,
    0x4c, 0x11, 0x60, 0x6, 0x10,

    /* U+2605 "★" */
    0x0, 0x0, 0x0, 0x0, 0x21, 0x0, 0x0, 0x0,
    0x0, 0x0, 0x0, 0x0, 0x0, 0x77, 0x0, 0x0,
    0x0, 0x0, 0x0, 0x0, 0x0, 0x0, 0xcc, 0x0,
    0x0, 0x0, 0x0, 0x0, 0x0, 0x0, 0x1, 0xff,
    0x10, 0x0, 0x0, 0x0, 0x0, 0x0, 0x0, 0x6,
    0xff, 0x60, 0x0, 0x0, 0x0, 0x0, 0x0, 0x0,
    0xc, 0xff, 0xc0, 0x0, 0x0, 0x0, 0x9, 0xbb,
    0xbb, 0xbf, 0xff, 0xfb, 0xbb, 0xbb, 0x90, 0x0,
    0xaf, 0xff, 0xff, 0xff, 0xff, 0xff, 0xfa, 0x0,
    0x0, 0x6, 0xff, 0xff, 0xff, 0xff, 0xff, 0x60,
    0x0, 0x0, 0x0, 0x2c, 0xff, 0xff, 0xff, 0xc2,
    0x0, 0x0, 0x0, 0x0, 0x5, 0xff, 0xff, 0xff,
    0x50, 0x0, 0x0, 0x0, 0x0, 0xb, 0xff, 0xff,
    0xff, 0xb0, 0x0, 0x0, 0x0, 0x0, 0xf, 0xff,
    0xbb, 0xff, 0xf0, 0x0, 0x0, 0x0, 0x0, 0x5f,
    0xf7, 0x0, 0x7f, 0xf5, 0x0, 0x0, 0x0, 0x0,
    0xbd, 0x30, 0x0, 0x3, 0xda, 0x0, 0x0, 0x0,
    0x0, 0x90, 0x0, 0x0, 0x0, 0x9, 0x0, 0x0,
    0x0, 0x0, 0x0, 0x0, 0x0, 0x0, 0x0, 0x0,
    0x0,

    /* U+3002 "。" */
    0x0, 0x1, 0x0, 0x0, 0x4e, 0xde, 0x40, 0xe,
    0x20, 0x2e, 0x2, 0xb0, 0x0, 0xb2, 0xd, 0x50,
    0x5d, 0x0, 0x2c, 0xec, 0x20,

    /* U+300A "《" */
    0x0, 0x0, 0x10, 0x1, 0x0, 0x0, 0xd, 0x40,
    0xe2, 0x0, 0x4, 0xd0, 0x7a, 0x0, 0x0, 0xc5,
    0xe, 0x20, 0x0, 0x4d, 0x6, 0xb0, 0x0, 0xb,
    0x60, 0xe3, 0x0, 0x3, 0xe0, 0x5b, 0x0, 0x0,
    0xb6, 0xd, 0x40, 0x0, 0x2e, 0x5, 0xc0, 0x0,
    0x4, 0xc0, 0x7a, 0x0, 0x0, 0xd, 0x40, 0xe2,
    0x0, 0x0, 0x5c, 0x8, 0x90, 0x0, 0x0, 0xd3,
    0x1e, 0x10, 0x0, 0x6, 0xb0, 0x98, 0x0, 0x0,
    0xe, 0x31, 0xe1, 0x0, 0x0, 0x7a, 0x9, 0x80,
    0x0, 0x0, 0xe2, 0x2e, 0x0, 0x0, 0x4, 0x20,
    0x51,

    /* U+300B "》" */
    0x1, 0x0, 0x10, 0x0, 0x2, 0xe0, 0x4d, 0x0,
    0x0, 0xa, 0x70, 0xd4, 0x0, 0x0, 0x3e, 0x5,
    0xc0, 0x0, 0x0, 0xb6, 0xd, 0x30, 0x0, 0x3,
    0xd0, 0x6b, 0x0, 0x0, 0xc, 0x50, 0xe3, 0x0,
    0x0, 0x4d, 0x7, 0xa0, 0x0, 0x0, 0xc4, 0xe,
    0x20, 0x0, 0xa, 0x60, 0xd4, 0x0, 0x2, 0xe0,
    0x4c, 0x0, 0x0, 0x97, 0xc, 0x50, 0x0, 0x1e,
    0x13, 0xd0, 0x0, 0x9, 0x80, 0xb6, 0x0, 0x1,
    0xe1, 0x3e, 0x0, 0x0, 0x89, 0xb, 0x70, 0x0,
    0x1e, 0x22, 0xe0, 0x0, 0x1, 0x50, 0x24, 0x0,
    0x0,

    /* U+300C "「" */
    0x13, 0x33, 0x33, 0x14, 0xff, 0xff, 0xf5, 0x4f,
    0x0, 0x0, 0x4, 0xf0, 0x0, 0x0, 0x4f, 0x0,
    0x0, 0x4, 0xf0, 0x0, 0x0, 0x4f, 0x0, 0x0,
    0x4, 0xf0, 0x0, 0x0, 0x4f, 0x0, 0x0, 0x4,
    0xf0, 0x0, 0x0, 0x4f, 0x0, 0x0, 0x4, 0xf0,
    0x0, 0x0, 0x26, 0x0, 0x0, 0x0,

    /* U+300D "」" */
    0x0, 0x0, 0xa, 0x30, 0x0, 0x0, 0xf4, 0x0,
    0x0, 0xf, 0x40, 0x0, 0x0, 0xf4, 0x0, 0x0,
    0xf, 0x40, 0x0, 0x0, 0xf4, 0x0, 0x0, 0xf,
    0x40, 0x0, 0x0, 0xf4, 0x0, 0x0, 0xf, 0x40,
    0x0, 0x0, 0xf4, 0x13, 0x33, 0x4f, 0x46, 0xff,
    0xff, 0xf4,

    /* U+4E00 "一" */
    0x3f, 0xff, 0xff, 0xff, 0xff, 0xff, 0xff, 0xff,
    0xf4, 0x18, 0x88, 0x88, 0x88, 0x88, 0x88, 0x88,
    0x88, 0x82,

    /* U+4E03 "七" */
    0x0, 0x0, 0x0, 0x95, 0x0, 0x0, 0x0, 0x0,
    0x0, 0x0, 0x0, 0x0, 0xe8, 0x0, 0x0, 0x0,
    0x0, 0x0, 0x0, 0x0, 0x0, 0xe8, 0x0, 0x0,
    0x0, 0x0, 0x0, 0x0, 0x0, 0x0, 0xe8, 0x0,
    0x0, 0x0, 0x0, 0x0, 0x0, 0x0, 0x0, 0xe8,
    0x0, 0x0, 0x0, 0x2, 0x40, 0x0, 0x0, 0x0,
    0xe8, 0x3, 0x58, 0xad, 0xff, 0xf1, 0x0, 0x13,
    0x68, 0xff, 0xff, 0xfd, 0xb8, 0x63, 0x10, 0x1e,
    0xff, 0xfd, 0xfb, 0x53, 0x0, 0x0, 0x0, 0x0,
    0x7, 0x42, 0x0, 0xe8, 0x0, 0x0, 0x0, 0x0,
    0x0, 0x0, 0x0, 0x0, 0xe8, 0x0, 0x0, 0x0,
    0x0, 0x0, 0x0, 0x0, 0x0, 0xe8, 0x0, 0x0,
    0x0, 0x0, 0x0, 0x0, 0x0, 0x0, 0xe8, 0x0,
    0x0, 0x0, 0x7, 0x10, 0x0, 0x0, 0x0, 0xe8,
    0x0, 0x0, 0x0, 0xe, 0x80, 0x0, 0x0, 0x0,
    0xe8, 0x0, 0x0, 0x0, 0x1f, 0x60, 0x0, 0x0,
    0x0, 0xbe, 0x76, 0x66, 0x66, 0xbf, 0x10, 0x0,
    0x0, 0x0, 0x3c, 0xef, 0xff, 0xff, 0xd6, 0x0,

    /* U+4E07 "万" */
    0xd, 0xff, 0xff, 0xff, 0xff, 0xff, 0xff, 0xff,
    0xe0, 0x55, 0x55, 0x6f, 0x95, 0x55, 0x55, 0x55,
    0x55, 0x0, 0x0, 0x0, 0xf5, 0x0, 0x0, 0x0,
    0x0, 0x0, 0x0, 0x0, 0x1f, 0x40, 0x0, 0x0,
    0x0, 0x0, 0x0, 0x0, 0x2, 0xf3, 0x0, 0x0,
    0x0, 0x0, 0x0, 0x0, 0x0, 0x4f, 0xff, 0xff,
    0xff, 0xff, 0x30, 0x0, 0x0, 0x7, 0xf5, 0x55,
    0x55, 0x57, 0xf3, 0x0, 0x0, 0x0, 0xac, 0x0,
    0x0, 0x0, 0x4f, 0x20, 0x0, 0x0, 0xe, 0x90,
    0x0, 0x0, 0x5, 0xf1, 0x0, 0x0, 0x4, 0xf3,
    0x0, 0x0, 0x0, 0x6f, 0x0, 0x0, 0x0, 0xbd,
    0x0, 0x0, 0x0, 0x8, 0xe0, 0x0, 0x0, 0x5f,
    0x50, 0x0, 0x0, 0x0, 0xac, 0x0, 0x0, 0x4f,
    0x90, 0x0, 0x0, 0x0, 0xd, 0x90, 0x0, 0x7f,
    0xb0, 0x0, 0x1, 0x54, 0x47, 0xf5, 0x0, 0x1e,
    0x70, 0x0, 0x0, 0xe, 0xff, 0xf9, 0x0, 0x0,
    0x0, 0x0, 0x0, 0x0, 0x0, 0x0, 0x0, 0x0,

    /* U+4E09 "三" */
    0x5, 0x55, 0x55, 0x55, 0x55, 0x55, 0x55, 0x40,
    0xd, 0xff, 0xff, 0xff, 0xff, 0xff, 0xff, 0xb0,
    0x0, 0x0, 0x0, 0x0, 0x0, 0x0, 0x0, 0x0,
    0x0, 0x0, 0x0, 0x0, 0x0, 0x0, 0x0, 0x0,
    0x0, 0x0, 0x0, 0x0, 0x0, 0x0, 0x0, 0x0,
    0x0, 0x0, 0x0, 0x0, 0x0, 0x0, 0x0, 0x0,
    0x0, 0x46, 0x66, 0x66, 0x66, 0x66, 0x62, 0x0,
    0x0, 0xaf, 0xff, 0xff, 0xff, 0xff, 0xf5, 0x0,
    0x0, 0x0, 0x0, 0x0, 0x0, 0x0, 0x0, 0x0,
    0x0, 0x0, 0x0, 0x0, 0x0, 0x0, 0x0, 0x0,
    0x0, 0x0, 0x0, 0x0, 0x0, 0x0, 0x0, 0x0,
    0x0, 0x0, 0x0, 0x0, 0x0, 0x0, 0x0, 0x0,
    0x33, 0x33, 0x33, 0x33, 0x33, 0x33, 0x33, 0x32,
    0xef, 0xff, 0xff, 0xff, 0xff, 0xff, 0xff, 0xfb,
    0x11, 0x11, 0x11, 0x11, 0x11, 0x11, 0x11, 0x11,

    /* U+4E0A "上" */
    0x0, 0x0, 0x0, 0x0, 0x0, 0x0, 0x0, 0x0,
    0x0, 0x0, 0x0, 0x0, 0x4, 0xf1, 0x0, 0x0,
    0x0, 0x0, 0x0, 0x0, 0x0, 0x4, 0xf1, 0x0,
    0x0, 0x0, 0x0, 0x0, 0x0, 0x0, 0x4, 0xf1,
    0x0, 0x0, 0x0, 0x0, 0x0, 0x0, 0x0, 0x4,
    0xf1, 0x0, 0x0, 0x0, 0x0, 0x0, 0x0, 0x0,
    0x4, 0xf1, 0x0, 0x0, 0x0, 0x0, 0x0, 0x0,
    0x0, 0x4, 0xf5, 0x44, 0x44, 0x43, 0x0, 0x0,
    0x0, 0x0, 0x4, 0xff, 0xff, 0xff, 0xfd, 0x0,
    0x0, 0x0, 0x0, 0x4, 0xf2, 0x0, 0x0, 0x0,
    0x0, 0x0, 0x0, 0x0, 0x4, 0xf1, 0x0, 0x0,
    0x0, 0x0, 0x0, 0x0, 0x0, 0x4, 0xf1, 0x0,
    0x0, 0x0, 0x0, 0x0, 0x0, 0x0, 0x4, 0xf1,
    0x0, 0x0, 0x0, 0x0, 0x0, 0x0, 0x0, 0x4,
    0xf1, 0x0, 0x0, 0x0, 0x0, 0x0, 0x0, 0x0,
    0x4, 0xf1, 0x0, 0x0, 0x0, 0x0, 0x0, 0x0,
    0x0, 0x4, 0xf1, 0x0, 0x0, 0x0, 0x0, 0x1f,
    0xff, 0xff, 0xff, 0xff, 0xff, 0xff, 0xff, 0xf1,
    0x6, 0x66, 0x66, 0x66, 0x66, 0x66, 0x66, 0x66,
    0x60,

    /* U+4E0B "下" */
    0xf, 0xff, 0xff, 0xff, 0xff, 0xff, 0xff, 0xff,
    0xf0, 0x6, 0x66, 0x66, 0x66, 0xf9, 0x66, 0x66,
    0x66, 0x60, 0x0, 0x0, 0x0, 0x0, 0xf5, 0x0,
    0x0, 0x0, 0x0, 0x0, 0x0, 0x0, 0x0, 0xf5,
    0x0, 0x0, 0x0, 0x0, 0x0, 0x0, 0x0, 0x0,
    0xfb, 0x30, 0x0, 0x0, 0x0, 0x0, 0x0, 0x0,
    0x0, 0xfe, 0xfb, 0x30, 0x0, 0x0, 0x0, 0x0,
    0x0, 0x0, 0xf5, 0x4d, 0xfa, 0x10, 0x0, 0x0,
    0x0, 0x0, 0x0, 0xf5, 0x0, 0x6f, 0xf6, 0x0,
    0x0, 0x0, 0x0, 0x0, 0xf5, 0x0, 0x1, 0xba,
    0x0, 0x0, 0x0, 0x0, 0x0, 0xf5, 0x0, 0x0,
    0x0, 0x0, 0x0, 0x0, 0x0, 0x0, 0xf5, 0x0,
    0x0, 0x0, 0x0, 0x0, 0x0, 0x0, 0x0, 0xf5,
    0x0, 0x0, 0x0, 0x0, 0x0, 0x0, 0x0, 0x0,
    0xf5, 0x0, 0x0, 0x0, 0x0, 0x0, 0x0, 0x0,
    0x0, 0xf5, 0x0, 0x0, 0x0, 0x0, 0x0, 0x0,
    0x0, 0x0, 0xf5, 0x0, 0x0, 0x0, 0x0,

    /* U+4E0D "不" */
    0xe, 0xff, 0xff, 0xff, 0xff, 0xff, 0xff, 0xff,
    0x90, 0x6, 0x66, 0x66, 0x66, 0x8f, 0xc6, 0x66,
    0x66, 0x40, 0x0, 0x0, 0x0, 0x0, 0xaf, 0x20,
    0x0, 0x0, 0x0, 0x0, 0x0, 0x0, 0x5, 0xf9,
    0x0, 0x0, 0x0, 0x0, 0x0, 0x0, 0x0, 0x4f,
    0xf8, 0x43, 0x0, 0x0, 0x0, 0x0, 0x0, 0x4,
    0xfb, 0xe9, 0xaf, 0x80, 0x0, 0x0, 0x0, 0x0,
    0x6f, 0xa0, 0xe8, 0x5, 0xfd, 0x20, 0x0, 0x0,
    0x9, 0xf9, 0x0, 0xe8, 0x0, 0x2c, 0xf5, 0x0,
    0x5, 0xef, 0x60, 0x0, 0xe8, 0x0, 0x0, 0xaf,
    0x80, 0x1f, 0xa1, 0x0, 0x0, 0xe8, 0x0, 0x0,
    0x9, 0x90, 0x1, 0x0, 0x0, 0x0, 0xe8, 0x0,
    0x0, 0x0, 0x0, 0x0, 0x0, 0x0, 0x0, 0xe8,
    0x0, 0x0, 0x0, 0x0, 0x0, 0x0, 0x0, 0x0,
    0xe8, 0x0, 0x0, 0x0, 0x0, 0x0, 0x0, 0x0,
    0x0, 0xe8, 0x0, 0x0, 0x0, 0x0, 0x0, 0x0,
    0x0, 0x0, 0xe8, 0x0, 0x0, 0x0, 0x0,

    /* U+4E0E "与" */
    0x0, 0x2, 0x60, 0x0, 0x0, 0x0, 0x0, 0x0,
    0x0, 0x8, 0xe0, 0x0, 0x0, 0x0, 0x0, 0x0,
    0x0, 0xb, 0xd6, 0x66, 0x66, 0x66, 0x66, 0x50,
    0x0, 0xe, 0xed, 0xdd, 0xdd, 0xdd, 0xdd, 0xa0,
    0x0, 0x2f, 0x40, 0x0, 0x0, 0x0, 0x0, 0x0,
    0x0, 0x5f, 0x0, 0x0, 0x0, 0x0, 0x0, 0x0,
    0x0, 0x9d, 0x11, 0x11, 0x11, 0x11, 0x11, 0x10,
    0x0, 0xdf, 0xff, 0xff, 0xff, 0xff, 0xff, 0xf0,
    0x0, 0x22, 0x22, 0x22, 0x22, 0x22, 0x29, 0xe0,
    0x0, 0x0, 0x0, 0x0, 0x0, 0x0, 0xa, 0xc0,
    0x44, 0x44, 0x44, 0x44, 0x44, 0x41, 0xc, 0xa0,
    0xff, 0xff, 0xff, 0xff, 0xff, 0xf4, 0xe, 0x70,
    0x0, 0x0, 0x0, 0x0, 0x0, 0x0, 0x2f, 0x40,
    0x0, 0x0, 0x0, 0x0, 0x0, 0x0, 0x7f, 0x10,
    0x0, 0x0, 0x0, 0x1, 0x54, 0x45, 0xeb, 0x0,
    0x0, 0x0, 0x0, 0x0, 0xef, 0xff, 0xc1, 0x0,
    0x0, 0x0, 0x0, 0x0, 0x0, 0x0, 0x0, 0x0,

    /* U+4E1A "业" */
    0x0, 0x0, 0x0, 0x0, 0x0, 0x0, 0x0, 0x0,
    0x0, 0x0, 0xe, 0x70, 0x7, 0xe0, 0x0, 0x0,
    0x0, 0x0, 0xe, 0x70, 0x7, 0xe0, 0x0, 0x0,
    0x0, 0x0, 0xe, 0x70, 0x7, 0xe0, 0x0, 0x0,
    0x0, 0x0, 0xe, 0x70, 0x7, 0xe0, 0x0, 0x0,
    0x5e, 0x0, 0xe, 0x70, 0x7, 0xe0, 0x0, 0xc4,
    0xf, 0x60, 0xe, 0x70, 0x7, 0xe0, 0x4, 0xf2,
    0x9, 0xd0, 0xe, 0x70, 0x7, 0xe0, 0xb, 0xa0,
    0x2, 0xf4, 0xe, 0x70, 0x7, 0xe0, 0x3f, 0x30,
    0x0, 0xca, 0xe, 0x70, 0x7, 0xe0, 0xbb, 0x0,
    0x0, 0x6f, 0x1e, 0x70, 0x7, 0xe3, 0xf2, 0x0,
    0x0, 0x16, 0xe, 0x70, 0x7, 0xe3, 0x70, 0x0,
    0x0, 0x0, 0xe, 0x70, 0x7, 0xe0, 0x0, 0x0,
    0x0, 0x0, 0xe, 0x70, 0x7, 0xe0, 0x0, 0x0,
    0x0, 0x0, 0xe, 0x70, 0x7, 0xe0, 0x0, 0x0,
    0xef, 0xff, 0xff, 0xff, 0xff, 0xff, 0xff, 0xfe,
    0x55, 0x55, 0x55, 0x55, 0x55, 0x55, 0x55, 0x55,

    /* U+4E1C "东" */
    0x0, 0x0, 0x0, 0x40, 0x0, 0x0, 0x0, 0x0,
    0x0, 0x0, 0x1, 0xf9, 0x0, 0x0, 0x0, 0x0,
    0x0, 0x0, 0x8, 0xf2, 0x0, 0x0, 0x0, 0x0,
    0xce, 0xee, 0xef, 0xfe, 0xee, 0xee, 0xee, 0xe4,
    0x45, 0x55, 0xcf, 0x55, 0x55, 0x55, 0x55, 0x51,
    0x0, 0x2, 0xf8, 0x0, 0x51, 0x0, 0x0, 0x0,
    0x0, 0xb, 0xe0, 0x1, 0xf4, 0x0, 0x0, 0x0,
    0x0, 0x5f, 0x50, 0x1, 0xf4, 0x0, 0x0, 0x0,
    0x3, 0xfe, 0x55, 0x56, 0xf8, 0x55, 0x55, 0x20,
    0x4, 0xff, 0xff, 0xff, 0xff, 0xff, 0xff, 0x70,
    0x0, 0x10, 0x0, 0x1, 0xf4, 0x0, 0x0, 0x0,
    0x0, 0x8, 0x40, 0x1, 0xf4, 0x8, 0x30, 0x0,
    0x0, 0x5f, 0x30, 0x1, 0xf4, 0x9, 0xe3, 0x0,
    0x1, 0xe9, 0x0, 0x1, 0xf4, 0x0, 0xae, 0x20,
    0x1d, 0xd1, 0x0, 0x1, 0xf4, 0x0, 0xb, 0xd1,
    0xae, 0x20, 0x4, 0x67, 0xf3, 0x0, 0x1, 0xe6,
    0x2, 0x0, 0x6, 0xff, 0xb0, 0x0, 0x0, 0x0,
    0x0, 0x0, 0x0, 0x0, 0x0, 0x0, 0x0, 0x0,

    /* U+4E24 "两" */
    0xef, 0xff, 0xff, 0xff, 0xff, 0xff, 0xff, 0xfe,
    0x55, 0x55, 0x5f, 0x85, 0x59, 0xf5, 0x55, 0x55,
    0x0, 0x0, 0xf, 0x40, 0x6, 0xe0, 0x0, 0x0,
    0x0, 0x0, 0x1f, 0x50, 0x7, 0xe0, 0x0, 0x0,
    0x2f, 0xff, 0xff, 0xff, 0xff, 0xff, 0xff, 0xf3,
    0x2f, 0x53, 0x4f, 0x63, 0x39, 0xd3, 0x35, 0xf3,
    0x2f, 0x20, 0x2f, 0x20, 0x9, 0xb0, 0x2, 0xf3,
    0x2f, 0x20, 0x5f, 0x90, 0xc, 0xf3, 0x2, 0xf3,
    0x2f, 0x20, 0xad, 0xf5, 0x1f, 0xbe, 0x22, 0xf3,
    0x2f, 0x21, 0xf5, 0x6c, 0x7e, 0xa, 0xd2, 0xf3,
    0x2f, 0x2b, 0xd0, 0x4, 0xf7, 0x0, 0xd9, 0xf3,
    0x2f, 0x8f, 0x20, 0xc, 0xb0, 0x0, 0x33, 0xf3,
    0x2f, 0x33, 0x0, 0x2, 0x10, 0x0, 0x2, 0xf3,
    0x2f, 0x20, 0x0, 0x0, 0x0, 0x25, 0x57, 0xf2,
    0x2f, 0x20, 0x0, 0x0, 0x0, 0x2f, 0xfe, 0xa0,

    /* U+4E25 "严" */
    0x0, 0x11, 0x11, 0x11, 0x11, 0x11, 0x11, 0x11,
    0x0, 0x1f, 0xff, 0xff, 0xff, 0xff, 0xff, 0xff,
    0xf4, 0x0, 0x14, 0x11, 0x9c, 0x11, 0xd9, 0x11,
    0x51, 0x0, 0x1, 0xf4, 0x8, 0xc0, 0xc, 0x80,
    0x5f, 0x30, 0x0, 0x8, 0xd0, 0x8c, 0x0, 0xc8,
    0xc, 0xa0, 0x0, 0x0, 0x2f, 0x38, 0xc0, 0xc,
    0x85, 0xe1, 0x0, 0x0, 0x33, 0x73, 0xad, 0x33,
    0xda, 0x46, 0x33, 0x20, 0xf, 0xff, 0xff, 0xff,
    0xff, 0xff, 0xff, 0xfd, 0x0, 0xf5, 0x0, 0x0,
    0x0, 0x0, 0x0, 0x0, 0x0, 0xf, 0x50, 0x0,
    0x0, 0x0, 0x0, 0x0, 0x0, 0x0, 0xf4, 0x0,
    0x0, 0x0, 0x0, 0x0, 0x0, 0x0, 0x1f, 0x30,
    0x0, 0x0, 0x0, 0x0, 0x0, 0x0, 0x3, 0xf1,
    0x0, 0x0, 0x0, 0x0, 0x0, 0x0, 0x0, 0x7e,
    0x0, 0x0, 0x0, 0x0, 0x0, 0x0, 0x0, 0xd,
    0x90, 0x0, 0x0, 0x0, 0x0, 0x0, 0x0, 0x4,
    0xf2, 0x0, 0x0, 0x0, 0x0, 0x0, 0x0, 0x0,
    0x2, 0x0, 0x0, 0x0, 0x0, 0x0, 0x0, 0x0,
    0x0,

    /* U+4E26 "並" */
    0x0, 0x0, 0xb5, 0x0, 0x0, 0x0, 0x4d, 0x20,
    0x0, 0x0, 0x0, 0x8e, 0x10, 0x0, 0x0, 0xcc,
    0x0, 0x0, 0x0, 0x0, 0xe, 0x80, 0x0, 0x5,
    0xf3, 0x0, 0x0, 0x3, 0x55, 0x5b, 0xa5, 0x55,
    0x5c, 0xc5, 0x55, 0x30, 0x8, 0xff, 0xff, 0xff,
    0xff, 0xff, 0xff, 0xff, 0x90, 0x0, 0x0, 0x0,
    0x9b, 0x0, 0xc8, 0x0, 0x0, 0x0, 0x0, 0x12,
    0x0, 0x9b, 0x0, 0xc8, 0x0, 0x54, 0x0, 0x0,
    0x7d, 0x0, 0x9b, 0x0, 0xc8, 0x0, 0xe9, 0x0,
    0x0, 0x1f, 0x40, 0x9b, 0x0, 0xc8, 0x3, 0xf3,
    0x0, 0x0, 0xb, 0xa0, 0x9b, 0x0, 0xc8, 0x8,
    0xd0, 0x0, 0x0, 0x6, 0xe0, 0x9b, 0x0, 0xc8,
    0xe, 0x70, 0x0, 0x0, 0x3, 0xf2, 0x9b, 0x0,
    0xc8, 0x5f, 0x10, 0x0, 0x0, 0x0, 0x40, 0x9b,
    0x0, 0xc8, 0x14, 0x0, 0x0, 0x0, 0x0, 0x0,
    0x9b, 0x0, 0xc8, 0x0, 0x0, 0x0, 0xe, 0xee,
    0xee, 0xff, 0xee, 0xff, 0xee, 0xee, 0xe0, 0x6,
    0x66, 0x66, 0x66, 0x66, 0x66, 0x66, 0x66, 0x60,

    /* U+4E2D "中" */
    0x0, 0x0, 0x0, 0x8, 0x40, 0x0, 0x0, 0x0,
    0x0, 0x0, 0x0, 0xe7, 0x0, 0x0, 0x0, 0x0,
    0x0, 0x0, 0xe, 0x70, 0x0, 0x0, 0x0, 0x0,
    0x0, 0x0, 0xe7, 0x0, 0x0, 0x0, 0x4f, 0xff,
    0xff, 0xff, 0xff, 0xff, 0xff, 0xc4, 0xf6, 0x55,
    0x55, 0xfa, 0x55, 0x55, 0xbc, 0x4f, 0x10, 0x0,
    0xe, 0x70, 0x0, 0x9, 0xc4, 0xf1, 0x0, 0x0,
    0xe7, 0x0, 0x0, 0x9c, 0x4f, 0x10, 0x0, 0xe,
    0x70, 0x0, 0x9, 0xc4, 0xf1, 0x0, 0x0, 0xe7,
    0x0, 0x0, 0x9c, 0x4f, 0xff, 0xff, 0xff, 0xff,
    0xff, 0xff, 0xc4, 0xf6, 0x55, 0x55, 0xfa, 0x55,
    0x55, 0xbc, 0x29, 0x0, 0x0, 0xe, 0x70, 0x0,
    0x4, 0x60, 0x0, 0x0, 0x0, 0xe7, 0x0, 0x0,
    0x0, 0x0, 0x0, 0x0, 0xe, 0x70, 0x0, 0x0,
    0x0, 0x0, 0x0, 0x0, 0xe7, 0x0, 0x0, 0x0,
    0x0, 0x0, 0x0, 0xe, 0x70, 0x0, 0x0, 0x0,

    /* U+4E34 "临" */
    0x0, 0x1, 0x30, 0x0, 0x34, 0x0, 0x0, 0x0,
    0x0, 0x0, 0x5f, 0x0, 0xc, 0xb0, 0x0, 0x0,
    0x0, 0x0, 0x5, 0xf0, 0x2, 0xf7, 0x0, 0x0,
    0x0, 0x5, 0xd0, 0x5f, 0x0, 0x7f, 0xff, 0xff,
    0xff, 0xf3, 0x5e, 0x5, 0xf0, 0xe, 0xb4, 0x44,
    0x44, 0x44, 0x15, 0xe0, 0x5f, 0x7, 0xf2, 0x2e,
    0x50, 0x0, 0x0, 0x5e, 0x5, 0xf3, 0xf8, 0x0,
    0x6f, 0x80, 0x0, 0x5, 0xe0, 0x5f, 0x29, 0x0,
    0x0, 0x4f, 0x60, 0x0, 0x5e, 0x5, 0xf0, 0x0,
    0x0, 0x0, 0x20, 0x0, 0x5, 0xe0, 0x5f, 0x3,
    0xff, 0xff, 0xff, 0xff, 0xe0, 0x5e, 0x5, 0xf0,
    0x3f, 0x65, 0x8f, 0x55, 0xae, 0x5, 0xe0, 0x5f,
    0x3, 0xf1, 0x5, 0xe0, 0x7, 0xe0, 0x5e, 0x5,
    0xf0, 0x3f, 0x10, 0x5e, 0x0, 0x7e, 0x5, 0xe0,
    0x5f, 0x3, 0xf1, 0x5, 0xe0, 0x7, 0xe0, 0x5d,
    0x5, 0xf0, 0x3f, 0x10, 0x5e, 0x0, 0x7e, 0x0,
    0x0, 0x5f, 0x3, 0xff, 0xff, 0xff, 0xff, 0xe0,
    0x0, 0x5, 0xf0, 0x3f, 0x64, 0x44, 0x44, 0x9e,
    0x0, 0x0, 0x0, 0x0, 0x10, 0x0, 0x0, 0x0,
    0x0,

    /* U+4E39 "丹" */
    0x0, 0x1, 0x22, 0x22, 0x22, 0x22, 0x22, 0x10,
    0x0, 0x0, 0x6, 0xff, 0xff, 0xff, 0xff, 0xff,
    0x90, 0x0, 0x0, 0x6, 0xe1, 0x11, 0x11, 0x11,
    0x1c, 0x90, 0x0, 0x0, 0x6, 0xe0, 0x1c, 0x40,
    0x0, 0xb, 0x90, 0x0, 0x0, 0x6, 0xe0, 0x7,
    0xf7, 0x0, 0xb, 0x90, 0x0, 0x0, 0x6, 0xe0,
    0x0, 0x5f, 0x90, 0xb, 0x90, 0x0, 0x0, 0x7,
    0xe0, 0x0, 0x5, 0xb0, 0xb, 0x90, 0x0, 0x3,
    0x39, 0xe3, 0x33, 0x33, 0x33, 0x3c, 0xb3, 0x30,
    0xf, 0xff, 0xff, 0xff, 0xff, 0xff, 0xff, 0xff,
    0xf0, 0x0, 0xa, 0xb0, 0x0, 0x0, 0x0, 0xc,
    0xa0, 0x0, 0x0, 0xc, 0x90, 0x0, 0x0, 0x0,
    0xb, 0x90, 0x0, 0x0, 0xf, 0x50, 0x0, 0x0,
    0x0, 0xb, 0x90, 0x0, 0x0, 0x6f, 0x0, 0x0,
    0x0, 0x0, 0xb, 0x90, 0x0, 0x1, 0xe8, 0x0,
    0x0, 0x0, 0x0, 0xb, 0x90, 0x0, 0xc, 0xe1,
    0x0, 0x0, 0x1, 0x44, 0x4d, 0x80, 0x0, 0x1c,
    0x20, 0x0, 0x0, 0x1, 0xff, 0xfc, 0x30, 0x0,
    0x0, 0x0, 0x0, 0x0, 0x0, 0x0, 0x0, 0x0,
    0x0,

    /* U+4E3B "主" */
    0x0, 0x0, 0x0, 0xa5, 0x0, 0x0, 0x0, 0x0,
    0x0, 0x0, 0x0, 0x7, 0xf9, 0x0, 0x0, 0x0,
    0x0, 0x0, 0x0, 0x0, 0x5, 0xfa, 0x0, 0x0,
    0x0, 0x0, 0x55, 0x55, 0x55, 0x5a, 0xd5, 0x55,
    0x55, 0x0, 0x2f, 0xff, 0xff, 0xff, 0xff, 0xff,
    0xff, 0xf2, 0x0, 0x0, 0x0, 0x0, 0xbb, 0x0,
    0x0, 0x0, 0x0, 0x0, 0x0, 0x0, 0xb, 0xb0,
    0x0, 0x0, 0x0, 0x0, 0x0, 0x0, 0x0, 0xbb,
    0x0, 0x0, 0x0, 0x0, 0x1, 0x33, 0x33, 0x3c,
    0xc3, 0x33, 0x33, 0x10, 0x0, 0x4f, 0xff, 0xff,
    0xff, 0xff, 0xff, 0xf6, 0x0, 0x0, 0x0, 0x0,
    0xc, 0xb0, 0x0, 0x0, 0x0, 0x0, 0x0, 0x0,
    0x0, 0xbb, 0x0, 0x0, 0x0, 0x0, 0x0, 0x0,
    0x0, 0xb, 0xb0, 0x0, 0x0, 0x0, 0x0, 0x0,
    0x0, 0x0, 0xbb, 0x0, 0x0, 0x0, 0x0, 0x55,
    0x55, 0x55, 0x5d, 0xd5, 0x55, 0x55, 0x55, 0xf,
    0xff, 0xff, 0xff, 0xff, 0xff, 0xff, 0xff, 0xf0,

    /* U+4E3D "丽" */
    0x0, 0x0, 0x0, 0x0, 0x0, 0x0, 0x0, 0x0,
    0x0, 0xf, 0xff, 0xff, 0xff, 0xff, 0xff, 0xff,
    0xff, 0xf0, 0x4, 0x44, 0x44, 0x44, 0x44, 0x44,
    0x44, 0x44, 0x40, 0x0, 0x0, 0x0, 0x0, 0x0,
    0x0, 0x0, 0x0, 0x0, 0x0, 0xff, 0xff, 0xff,
    0x24, 0xff, 0xff, 0xff, 0x30, 0x0, 0xf7, 0x44,
    0x6f, 0x24, 0xf4, 0x44, 0x6f, 0x30, 0x0, 0xf3,
    0x0, 0x2f, 0x24, 0xf0, 0x0, 0x1f, 0x30, 0x0,
    0xf5, 0x80, 0x2f, 0x24, 0xf2, 0x50, 0x1f, 0x30,
    0x0, 0xf4, 0xe5, 0x2f, 0x24, 0xf2, 0xf2, 0x1f,
    0x30, 0x0, 0xf3, 0x6d, 0x2f, 0x24, 0xf0, 0x9b,
    0x1f, 0x30, 0x0, 0xf3, 0xe, 0x6f, 0x24, 0xf0,
    0x1f, 0x4f, 0x30, 0x0, 0xf3, 0x0, 0x2f, 0x24,
    0xf0, 0x1, 0x1f, 0x30, 0x0, 0xf3, 0x0, 0x2f,
    0x24, 0xf0, 0x0, 0x1f, 0x30, 0x0, 0xf3, 0x0,
    0x2f, 0x24, 0xf0, 0x0, 0x1f, 0x30, 0x0, 0xf3,
    0x6, 0x8f, 0x24, 0xf0, 0x5, 0x7f, 0x20, 0x0,
    0xf3, 0xc, 0xd9, 0x4, 0xf0, 0xd, 0xea, 0x0,

    /* U+4E43 "乃" */
    0x3, 0xff, 0xff, 0xff, 0xff, 0xff, 0xf2, 0x0,
    0x0, 0x15, 0x59, 0xf6, 0x55, 0x55, 0xbe, 0x0,
    0x0, 0x0, 0x0, 0x5f, 0x0, 0x0, 0xc, 0xb0,
    0x0, 0x0, 0x0, 0x6, 0xf0, 0x0, 0x1, 0xf7,
    0x0, 0x0, 0x0, 0x0, 0x7f, 0x0, 0x0, 0x4f,
    0x30, 0x0, 0x0, 0x0, 0x9, 0xd0, 0x0, 0x9,
    0xf0, 0x0, 0x0, 0x0, 0x0, 0xba, 0x0, 0x0,
    0xed, 0x55, 0x55, 0x0, 0x0, 0xe, 0x80, 0x0,
    0x2f, 0xff, 0xff, 0xf1, 0x0, 0x2, 0xf5, 0x0,
    0x0, 0x0, 0x0, 0x7f, 0x0, 0x0, 0x8f, 0x0,
    0x0, 0x0, 0x0, 0x8, 0xf0, 0x0, 0xe, 0x90,
    0x0, 0x0, 0x0, 0x0, 0x9d, 0x0, 0x6, 0xf3,
    0x0, 0x0, 0x0, 0x0, 0xb, 0xb0, 0x1, 0xeb,
    0x0, 0x0, 0x0, 0x0, 0x0, 0xe9, 0x0, 0xbf,
    0x20, 0x0, 0x0, 0x26, 0x55, 0x8f, 0x50, 0x4f,
    0x50, 0x0, 0x0, 0x0, 0xef, 0xfe, 0xa0, 0x0,
    0x20, 0x0, 0x0, 0x0, 0x0, 0x0, 0x0, 0x0,

    /* U+4E45 "久" */
    0x0, 0x0, 0x0, 0x0, 0x0, 0x0, 0x0, 0x0,
    0x0, 0x0, 0x0, 0x3, 0xf4, 0x0, 0x0, 0x0,
    0x0, 0x0, 0x0, 0x0, 0x9, 0xf0, 0x0, 0x0,
    0x0, 0x0, 0x0, 0x0, 0x0, 0xe, 0xb3, 0x33,
    0x32, 0x0, 0x0, 0x0, 0x0, 0x0, 0x7f, 0xff,
    0xff, 0xff, 0x20, 0x0, 0x0, 0x0, 0x1, 0xfa,
    0x22, 0x22, 0xbd, 0x0, 0x0, 0x0, 0x0, 0xb,
    0xe1, 0x0, 0x0, 0xf7, 0x0, 0x0, 0x0, 0x0,
    0x6f, 0x50, 0x0, 0x6, 0xf1, 0x0, 0x0, 0x0,
    0x5, 0xfa, 0x0, 0x0, 0xd, 0xc0, 0x0, 0x0,
    0x0, 0x2f, 0xb0, 0x0, 0x0, 0x6f, 0xf0, 0x0,
    0x0, 0x0, 0x3, 0x0, 0x0, 0x2, 0xfb, 0xf7,
    0x0, 0x0, 0x0, 0x0, 0x0, 0x0, 0xc, 0xe1,
    0x7e, 0x10, 0x0, 0x0, 0x0, 0x0, 0x0, 0xaf,
    0x40, 0xe, 0xc0, 0x0, 0x0, 0x0, 0x0, 0x1c,
    0xf5, 0x0, 0x3, 0xf9, 0x0, 0x0, 0x0, 0x2,
    0xdf, 0x60, 0x0, 0x0, 0x6f, 0xa0, 0x0, 0x1,
    0x9f, 0xe3, 0x0, 0x0, 0x0, 0x5, 0xfd, 0x40,
    0xd, 0xf9, 0x10, 0x0, 0x0, 0x0, 0x0, 0x3d,
    0xf2, 0x2, 0x20, 0x0, 0x0, 0x0, 0x0, 0x0,
    0x0, 0x30,

    /* U+4E4B "之" */
    0x0, 0x0, 0x0, 0x0, 0x0, 0x0, 0x0, 0x0,
    0x0, 0x0, 0x0, 0x0, 0x3, 0xd1, 0x0, 0x0,
    0x0, 0x0, 0x0, 0x0, 0x0, 0x0, 0xdc, 0x0,
    0x0, 0x0, 0x0, 0x0, 0x0, 0x0, 0x0, 0x4f,
    0x60, 0x0, 0x0, 0x0, 0x1, 0x66, 0x66, 0x66,
    0x6c, 0x76, 0x66, 0x50, 0x0, 0x3, 0xff, 0xff,
    0xff, 0xff, 0xff, 0xff, 0xf5, 0x0, 0x0, 0x0,
    0x0, 0x0, 0x0, 0x0, 0x2f, 0x90, 0x0, 0x0,
    0x0, 0x0, 0x0, 0x0, 0x1, 0xec, 0x0, 0x0,
    0x0, 0x0, 0x0, 0x0, 0x0, 0x1d, 0xd1, 0x0,
    0x0, 0x0, 0x0, 0x0, 0x0, 0x1, 0xdd, 0x10,
    0x0, 0x0, 0x0, 0x0, 0x0, 0x0, 0x3e, 0xd1,
    0x0, 0x0, 0x0, 0x0, 0x0, 0x0, 0x5, 0xfb,
    0x0, 0x0, 0x0, 0x0, 0x0, 0x0, 0x0, 0x9f,
    0x90, 0x0, 0x0, 0x0, 0x0, 0x0, 0x1, 0x5e,
    0xe4, 0x0, 0x0, 0x0, 0x0, 0x0, 0x0, 0x7f,
    0xfe, 0x20, 0x0, 0x0, 0x0, 0x0, 0x0, 0x8,
    0xf6, 0x3c, 0xfa, 0x65, 0x44, 0x55, 0x67, 0x82,
    0xb, 0x70, 0x0, 0x4a, 0xef, 0xff, 0xff, 0xfe,
    0xd0, 0x0, 0x0, 0x0, 0x0, 0x0, 0x0, 0x0,
    0x0, 0x0,

    /* U+4E58 "乘" */
    0x0, 0x0, 0x0, 0x0, 0x0, 0x0, 0x0, 0x0,
    0x0, 0x0, 0x0, 0x1, 0x23, 0x45, 0x78, 0xbd,
    0xc0, 0x0, 0x0, 0x8f, 0xff, 0xff, 0xff, 0xca,
    0x96, 0x30, 0x0, 0x0, 0x13, 0x21, 0x10, 0xba,
    0x0, 0x0, 0x0, 0x0, 0x4, 0x44, 0x44, 0x44,
    0xdb, 0x44, 0x44, 0x44, 0x30, 0xe, 0xff, 0xff,
    0xff, 0xff, 0xff, 0xff, 0xff, 0xb0, 0x0, 0x0,
    0x7, 0x20, 0xba, 0x3, 0x60, 0x0, 0x0, 0x0,
    0x22, 0x2e, 0x50, 0xba, 0x7, 0xc0, 0x57, 0x0,
    0x5, 0xff, 0xff, 0x50, 0xba, 0x7, 0xee, 0xc6,
    0x0, 0x0, 0x0, 0xe, 0x50, 0xba, 0x7, 0xd2,
    0x0, 0x0, 0x2, 0x57, 0x9f, 0x52, 0xfe, 0x17,
    0xc0, 0x6, 0x90, 0xa, 0xb8, 0x5e, 0x6d, 0xff,
    0xc5, 0xff, 0xef, 0x80, 0x0, 0x0, 0x4, 0xe7,
    0xba, 0x7c, 0x33, 0x32, 0x0, 0x0, 0x0, 0x7f,
    0x50, 0xba, 0x7, 0xe5, 0x0, 0x0, 0x0, 0x6d,
    0xe4, 0x0, 0xba, 0x0, 0x6f, 0xb4, 0x0, 0x2f,
    0xf8, 0x0, 0x0, 0xba, 0x0, 0x2, 0xaf, 0xd0,
    0x3, 0x0, 0x0, 0x0, 0xba, 0x0, 0x0, 0x2,
    0x30,

    /* U+4E5D "九" */
    0x0, 0x0, 0x0, 0x6c, 0x0, 0x0, 0x0, 0x0,
    0x0, 0x0, 0x0, 0x0, 0x8f, 0x0, 0x0, 0x0,
    0x0, 0x0, 0x0, 0x0, 0x0, 0x8e, 0x0, 0x0,
    0x0, 0x0, 0x0, 0x0, 0x0, 0x0, 0x8e, 0x0,
    0x0, 0x0, 0x0, 0x0, 0x2, 0x66, 0x66, 0xbe,
    0x66, 0x66, 0x62, 0x0, 0x0, 0x6, 0xff, 0xff,
    0xff, 0xff, 0xff, 0xf4, 0x0, 0x0, 0x0, 0x0,
    0x0, 0xbb, 0x0, 0x1, 0xf4, 0x0, 0x0, 0x0,
    0x0, 0x0, 0xe8, 0x0, 0x1, 0xf4, 0x0, 0x0,
    0x0, 0x0, 0x0, 0xf6, 0x0, 0x1, 0xf4, 0x0,
    0x0, 0x0, 0x0, 0x5, 0xf2, 0x0, 0x1, 0xf4,
    0x0, 0x0, 0x0, 0x0, 0xb, 0xc0, 0x0, 0x1,
    0xf4, 0x0, 0x0, 0x0, 0x0, 0x2f, 0x70, 0x0,
    0x1, 0xf4, 0x0, 0x0, 0x0, 0x0, 0xdd, 0x0,
    0x0, 0x1, 0xf4, 0x0, 0x56, 0x0, 0xb, 0xf2,
    0x0, 0x0, 0x1, 0xf5, 0x0, 0x8b, 0x3, 0xdf,
    0x50, 0x0, 0x0, 0x0, 0xf9, 0x45, 0xc9, 0xd,
    0xd3, 0x0, 0x0, 0x0, 0x0, 0x9f, 0xff, 0xe2,
    0x1, 0x0, 0x0, 0x0, 0x0, 0x0, 0x0, 0x0,
    0x0,

    /* U+4E5F "也" */
    0x0, 0x0, 0x0, 0x0, 0x0, 0x0, 0x0, 0x0,
    0x0, 0x0, 0x0, 0x0, 0x0, 0x1f, 0x40, 0x0,
    0x0, 0x0, 0x0, 0x2, 0xf2, 0x0, 0x1f, 0x40,
    0x0, 0x0, 0x0, 0x0, 0x2, 0xf2, 0x0, 0x1f,
    0x40, 0x0, 0x21, 0x0, 0x0, 0x2, 0xf2, 0x0,
    0x1f, 0x42, 0x7c, 0xfa, 0x0, 0x0, 0x2, 0xf2,
    0x0, 0x4f, 0xef, 0xd8, 0xca, 0x0, 0x0, 0x2,
    0xf6, 0x9e, 0xff, 0x92, 0x0, 0xb9, 0x0, 0x0,
    0x5a, 0xff, 0xc7, 0x3f, 0x40, 0x0, 0xc8, 0x0,
    0x4f, 0xfc, 0xf3, 0x0, 0x1f, 0x40, 0x0, 0xc7,
    0x0, 0x15, 0x2, 0xf2, 0x0, 0x1f, 0x40, 0x0,
    0xe6, 0x0, 0x0, 0x2, 0xf2, 0x0, 0x1f, 0x40,
    0x2, 0xf3, 0x0, 0x0, 0x2, 0xf2, 0x0, 0x1f,
    0x48, 0xbe, 0xc0, 0x0, 0x0, 0x2, 0xf2, 0x0,
    0x1f, 0x44, 0x76, 0x10, 0x10, 0x0, 0x2, 0xf2,
    0x0, 0x9, 0x20, 0x0, 0x4, 0xf0, 0x0, 0x1,
    0xf3, 0x0, 0x0, 0x0, 0x0, 0x8, 0xd0, 0x0,
    0x0, 0xeb, 0x43, 0x33, 0x33, 0x33, 0x6e, 0x80,
    0x0, 0x0, 0x4c, 0xff, 0xff, 0xff, 0xff, 0xea,
    0x10,

    /* U+4E66 "书" */
    0x0, 0x0, 0x0, 0x37, 0x0, 0x0, 0x0, 0x0,
    0x0, 0x0, 0x0, 0x6, 0xe0, 0x0, 0x7, 0x40,
    0x0, 0x0, 0x0, 0x0, 0x6e, 0x0, 0x0, 0x8f,
    0x80, 0x0, 0x0, 0x0, 0x6, 0xe0, 0x0, 0x0,
    0x5f, 0xb0, 0xb, 0xff, 0xff, 0xff, 0xff, 0xff,
    0xf6, 0x38, 0x0, 0x35, 0x55, 0x5a, 0xf5, 0x55,
    0x5f, 0x60, 0x0, 0x0, 0x0, 0x0, 0x6e, 0x0,
    0x0, 0xe6, 0x0, 0x0, 0x0, 0x0, 0x6, 0xe0,
    0x0, 0xe, 0x60, 0x0, 0x11, 0x11, 0x11, 0x7e,
    0x11, 0x11, 0xe7, 0x11, 0xe, 0xff, 0xff, 0xff,
    0xff, 0xff, 0xff, 0xff, 0xf0, 0x22, 0x22, 0x22,
    0x8e, 0x22, 0x22, 0x22, 0x9e, 0x0, 0x0, 0x0,
    0x6, 0xe0, 0x0, 0x0, 0x8, 0xd0, 0x0, 0x0,
    0x0, 0x6e, 0x0, 0x0, 0x0, 0xab, 0x0, 0x0,
    0x0, 0x6, 0xe0, 0x0, 0x0, 0xd, 0x80, 0x0,
    0x0, 0x0, 0x6e, 0x0, 0x46, 0x58, 0xf4, 0x0,
    0x0, 0x0, 0x6, 0xe0, 0x5, 0xde, 0xd8, 0x0,
    0x0, 0x0, 0x0, 0x6e, 0x0, 0x0, 0x0, 0x0,
    0x0,

    /* U+4E86 "了" */
    0x1e, 0xee, 0xee, 0xee, 0xee, 0xee, 0xef, 0xb0,
    0x6, 0x66, 0x66, 0x66, 0x66, 0x66, 0xef, 0x60,
    0x0, 0x0, 0x0, 0x0, 0x0, 0x1c, 0xf4, 0x0,
    0x0, 0x0, 0x0, 0x0, 0x4, 0xed, 0x30, 0x0,
    0x0, 0x0, 0x0, 0x2, 0xbf, 0x80, 0x0, 0x0,
    0x0, 0x0, 0x0, 0x7, 0xf3, 0x0, 0x0, 0x0,
    0x0, 0x0, 0x0, 0x7, 0xe0, 0x0, 0x0, 0x0,
    0x0, 0x0, 0x0, 0x7, 0xe0, 0x0, 0x0, 0x0,
    0x0, 0x0, 0x0, 0x7, 0xe0, 0x0, 0x0, 0x0,
    0x0, 0x0, 0x0, 0x7, 0xe0, 0x0, 0x0, 0x0,
    0x0, 0x0, 0x0, 0x7, 0xe0, 0x0, 0x0, 0x0,
    0x0, 0x0, 0x0, 0x7, 0xe0, 0x0, 0x0, 0x0,
    0x0, 0x0, 0x0, 0x7, 0xe0, 0x0, 0x0, 0x0,
    0x0, 0x1, 0x55, 0x5b, 0xd0, 0x0, 0x0, 0x0,
    0x0, 0x0, 0xef, 0xfd, 0x60, 0x0, 0x0, 0x0,

    /* U+4E8B "事" */
    0x0, 0x0, 0x0, 0x0, 0x43, 0x0, 0x0, 0x0,
    0x0, 0x0, 0x0, 0x0, 0x0, 0xb9, 0x0, 0x0,
    0x0, 0x0, 0xb, 0xee, 0xee, 0xee, 0xff, 0xee,
    0xee, 0xee, 0xc0, 0x2, 0x33, 0x33, 0x33, 0xcb,
    0x33, 0x33, 0x33, 0x20, 0x0, 0xa, 0xbb, 0xbb,
    0xee, 0xbb, 0xbb, 0xb0, 0x0, 0x0, 0xe, 0x83,
    0x33, 0xcb, 0x33, 0x37, 0xf0, 0x0, 0x0, 0xe,
    0x60, 0x0, 0xba, 0x0, 0x5, 0xf0, 0x0, 0x0,
    0xd, 0xee, 0xee, 0xff, 0xee, 0xee, 0xe0, 0x0,
    0x0, 0x0, 0x0, 0x0, 0xba, 0x0, 0x0, 0x0,
    0x0, 0x0, 0x6f, 0xff, 0xff, 0xff, 0xff, 0xff,
    0xf4, 0x0, 0x0, 0x0, 0x0, 0x0, 0xb9, 0x0,
    0x0, 0xf4, 0x0, 0x2f, 0xff, 0xff, 0xff, 0xff,
    0xff, 0xff, 0xff, 0xf2, 0x1, 0x11, 0x11, 0x11,
    0xca, 0x11, 0x12, 0xf6, 0x10, 0x0, 0x12, 0x22,
    0x22, 0xca, 0x22, 0x22, 0xf4, 0x0, 0x0, 0x8e,
    0xee, 0xee, 0xff, 0xee, 0xee, 0xf4, 0x0, 0x0,
    0x0, 0x1, 0x12, 0xc9, 0x0, 0x0, 0x72, 0x0,
    0x0, 0x0, 0x6, 0xff, 0xd4, 0x0, 0x0, 0x0,
    0x0,

    /* U+4E8C "二" */
    0x3, 0x77, 0x77, 0x77, 0x77, 0x77, 0x77, 0x30,
    0x0, 0x6f, 0xff, 0xff, 0xff, 0xff, 0xff, 0xf7,
    0x0, 0x0, 0x0, 0x0, 0x0, 0x0, 0x0, 0x0,
    0x0, 0x0, 0x0, 0x0, 0x0, 0x0, 0x0, 0x0,
    0x0, 0x0, 0x0, 0x0, 0x0, 0x0, 0x0, 0x0,
    0x0, 0x0, 0x0, 0x0, 0x0, 0x0, 0x0, 0x0,
    0x0, 0x0, 0x0, 0x0, 0x0, 0x0, 0x0, 0x0,
    0x0, 0x0, 0x0, 0x0, 0x0, 0x0, 0x0, 0x0,
    0x0, 0x0, 0x0, 0x0, 0x0, 0x0, 0x0, 0x0,
    0x0, 0x0, 0x0, 0x0, 0x0, 0x0, 0x0, 0x0,
    0x0, 0x0, 0x0, 0x0, 0x0, 0x0, 0x0, 0x0,
    0x0, 0x0, 0x0, 0x0, 0x0, 0xe, 0xff, 0xff,
    0xff, 0xff, 0xff, 0xff, 0xff, 0xf0, 0x88, 0x88,
    0x88, 0x88, 0x88, 0x88, 0x88, 0x88, 0x0,

    /* U+4E8E "于" */
    0x0, 0xbf, 0xff, 0xff, 0xff, 0xff, 0xff, 0xfb,
    0x0, 0x0, 0x46, 0x66, 0x66, 0xbe, 0x66, 0x66,
    0x64, 0x0, 0x0, 0x0, 0x0, 0x0, 0x8d, 0x0,
    0x0, 0x0, 0x0, 0x0, 0x0, 0x0, 0x0, 0x8d,
    0x0, 0x0, 0x0, 0x0, 0x0, 0x0, 0x0, 0x0,
    0x8d, 0x0, 0x0, 0x0, 0x0, 0x0, 0x0, 0x0,
    0x0, 0x8d, 0x0, 0x0, 0x0, 0x0, 0xf, 0xff,
    0xff, 0xff, 0xff, 0xff, 0xff, 0xff, 0xf0, 0x6,
    0x66, 0x66, 0x66, 0xbe, 0x66, 0x66, 0x66, 0x60,
    0x0, 0x0, 0x0, 0x0, 0x8d, 0x0, 0x0, 0x0,
    0x0, 0x0, 0x0, 0x0, 0x0, 0x8d, 0x0, 0x0,
    0x0, 0x0, 0x0, 0x0, 0x0, 0x0, 0x8d, 0x0,
    0x0, 0x0, 0x0, 0x0, 0x0, 0x0, 0x0, 0x8d,
    0x0, 0x0, 0x0, 0x0, 0x0, 0x0, 0x0, 0x0,
    0x8d, 0x0, 0x0, 0x0, 0x0, 0x0, 0x0, 0x16,
    0x65, 0xcc, 0x0, 0x0, 0x0, 0x0, 0x0, 0x0,
    0xf, 0xff, 0xd5, 0x0, 0x0, 0x0, 0x0, 0x0,
    0x0, 0x0, 0x0, 0x0, 0x0, 0x0, 0x0, 0x0,

    /* U+4E91 "云" */
    0x0, 0x77, 0x77, 0x77, 0x77, 0x77, 0x77, 0x10,
    0x0, 0xe, 0xee, 0xee, 0xee, 0xee, 0xee, 0xe2,
    0x0, 0x0, 0x0, 0x0, 0x0, 0x0, 0x0, 0x0,
    0x0, 0x0, 0x0, 0x0, 0x0, 0x0, 0x0, 0x0,
    0x0, 0x0, 0x0, 0x0, 0x0, 0x0, 0x0, 0x0,
    0x0, 0x0, 0x6, 0x66, 0x66, 0x66, 0x66, 0x66,
    0x66, 0x66, 0x60, 0xff, 0xff, 0xff, 0xff, 0xff,
    0xff, 0xff, 0xff, 0x0, 0x0, 0x0, 0xbf, 0x20,
    0x0, 0x0, 0x0, 0x0, 0x0, 0x0, 0x4f, 0x90,
    0x0, 0x3, 0x0, 0x0, 0x0, 0x0, 0xd, 0xe0,
    0x0, 0x9, 0xf2, 0x0, 0x0, 0x0, 0x7, 0xf5,
    0x0, 0x0, 0xd, 0xc0, 0x0, 0x0, 0x2, 0xf9,
    0x0, 0x0, 0x0, 0x3f, 0x70, 0x0, 0x0, 0xdd,
    0x0, 0x12, 0x34, 0x67, 0xdf, 0x30, 0x0, 0xcf,
    0xee, 0xff, 0xff, 0xff, 0xec, 0xec, 0x0, 0x8,
    0xb9, 0x86, 0x53, 0x21, 0x0, 0x5, 0xf6, 0x0,
    0x0, 0x0, 0x0, 0x0, 0x0, 0x0, 0x7, 0x10,

    /* U+4E94 "五" */
    0x4, 0x55, 0x55, 0x55, 0x55, 0x55, 0x55, 0x40,
    0x0, 0xcf, 0xff, 0xff, 0xff, 0xff, 0xff, 0xfb,
    0x0, 0x0, 0x0, 0x0, 0xcb, 0x0, 0x0, 0x0,
    0x0, 0x0, 0x0, 0x0, 0xe, 0x80, 0x0, 0x0,
    0x0, 0x0, 0x0, 0x0, 0x0, 0xf6, 0x0, 0x0,
    0x0, 0x0, 0x0, 0x1, 0x11, 0x4f, 0x51, 0x11,
    0x22, 0x0, 0x0, 0x0, 0xdf, 0xff, 0xff, 0xff,
    0xff, 0xf0, 0x0, 0x0, 0x2, 0x33, 0x9e, 0x33,
    0x33, 0x9e, 0x0, 0x0, 0x0, 0x0, 0xa, 0xc0,
    0x0, 0x9, 0xc0, 0x0, 0x0, 0x0, 0x0, 0xd9,
    0x0, 0x0, 0xbb, 0x0, 0x0, 0x0, 0x0, 0xf,
    0x60, 0x0, 0xc, 0x90, 0x0, 0x0, 0x0, 0x3,
    0xf3, 0x0, 0x0, 0xe8, 0x0, 0x0, 0x0, 0x0,
    0x7f, 0x0, 0x0, 0xf, 0x60, 0x0, 0xf, 0xff,
    0xff, 0xff, 0xff, 0xff, 0xff, 0xff, 0xf0, 0x55,
    0x55, 0x55, 0x55, 0x55, 0x55, 0x55, 0x55, 0x0,

    /* U+4EAB "享" */
    0x0, 0x0, 0x0, 0x0, 0x0, 0x0, 0x0, 0x0,
    0x0, 0x0, 0x0, 0x0, 0x0, 0xe5, 0x0, 0x0,
    0x0, 0x0, 0x4, 0x55, 0x55, 0x55, 0xdd, 0x55,
    0x55, 0x55, 0x40, 0xb, 0xdd, 0xdd, 0xdd, 0xdd,
    0xdd, 0xdd, 0xdd, 0xa0, 0x0, 0x0, 0x0, 0x0,
    0x0, 0x0, 0x0, 0x0, 0x0, 0x0, 0x9, 0xff,
    0xff, 0xff, 0xff, 0xff, 0xa0, 0x0, 0x0, 0x9,
    0xc0, 0x0, 0x0, 0x0, 0xb, 0xa0, 0x0, 0x0,
    0x9, 0xfc, 0xcc, 0xcc, 0xcc, 0xcf, 0xa0, 0x0,
    0x0, 0x1, 0x33, 0x33, 0x33, 0x33, 0x33, 0x20,
    0x0, 0x0, 0x14, 0x44, 0x44, 0x44, 0x44, 0x44,
    0x20, 0x0, 0x0, 0x4d, 0xdd, 0xdd, 0xdd, 0xde,
    0xff, 0xc0, 0x0, 0x0, 0x0, 0x0, 0x0, 0x38,
    0xcd, 0x93, 0x0, 0x0, 0x3, 0x33, 0x33, 0x33,
    0xcd, 0x53, 0x33, 0x33, 0x30, 0xf, 0xff, 0xff,
    0xff, 0xff, 0xff, 0xff, 0xff, 0xf0, 0x0, 0x0,
    0x0, 0x0, 0xba, 0x0, 0x0, 0x0, 0x0, 0x0,
    0x0, 0x1, 0x11, 0xca, 0x0, 0x0, 0x0, 0x0,
    0x0, 0x0, 0xa, 0xff, 0xe5, 0x0, 0x0, 0x0,
    0x0,

    /* U+4EAC "京" */
    0x0, 0x0, 0x0, 0x2, 0x0, 0x0, 0x0, 0x0,
    0x0, 0x0, 0x0, 0x3f, 0x40, 0x0, 0x0, 0x0,
    0x0, 0x0, 0x0, 0xa, 0xd0, 0x0, 0x0, 0x0,
    0xbf, 0xff, 0xff, 0xff, 0xff, 0xff, 0xff, 0xfe,
    0x45, 0x55, 0x55, 0x55, 0x55, 0x55, 0x55, 0x55,
    0x0, 0x1, 0x11, 0x11, 0x11, 0x11, 0x11, 0x0,
    0x0, 0x8f, 0xff, 0xff, 0xff, 0xff, 0xfd, 0x0,
    0x0, 0x8c, 0x11, 0x11, 0x11, 0x11, 0x9d, 0x0,
    0x0, 0x8c, 0x0, 0x0, 0x0, 0x0, 0x8d, 0x0,
    0x0, 0x8c, 0x0, 0x0, 0x0, 0x0, 0x9d, 0x0,
    0x0, 0x8f, 0xff, 0xff, 0xff, 0xff, 0xfd, 0x0,
    0x0, 0x12, 0x22, 0x2a, 0xd2, 0x22, 0x22, 0x0,
    0x0, 0x1a, 0x30, 0x9, 0xd0, 0x3, 0xa0, 0x0,
    0x0, 0xbd, 0x10, 0x9, 0xd0, 0x1, 0xdc, 0x0,
    0xb, 0xe2, 0x0, 0x9, 0xd0, 0x0, 0x1d, 0xc0,
    0xbd, 0x20, 0x24, 0x4b, 0xc0, 0x0, 0x2, 0xf8,
    0x11, 0x0, 0x6f, 0xfe, 0x60, 0x0, 0x0, 0x30,

    /* U+4EAE "亮" */
    0x0, 0x0, 0x0, 0x0, 0x0, 0x0, 0x0, 0x0,
    0x0, 0x0, 0x0, 0xd, 0x60, 0x0, 0x0, 0x0,
    0x23, 0x33, 0x33, 0x3a, 0xe3, 0x33, 0x33, 0x32,
    0xde, 0xee, 0xee, 0xee, 0xee, 0xee, 0xee, 0xed,
    0x0, 0x0, 0x0, 0x0, 0x0, 0x0, 0x0, 0x0,
    0x0, 0x5f, 0xee, 0xee, 0xee, 0xee, 0xf7, 0x0,
    0x0, 0x5f, 0x0, 0x0, 0x0, 0x0, 0xe7, 0x0,
    0x0, 0x5f, 0xbb, 0xbb, 0xbb, 0xbb, 0xf7, 0x0,
    0x0, 0x2, 0x22, 0x22, 0x22, 0x22, 0x21, 0x0,
    0x8d, 0xdd, 0xdd, 0xdd, 0xdd, 0xdd, 0xdd, 0xd7,
    0x9c, 0x33, 0x33, 0x33, 0x33, 0x33, 0x33, 0xd8,
    0x9b, 0x0, 0x12, 0x22, 0x22, 0x21, 0x0, 0xc8,
    0x11, 0x0, 0x9f, 0xff, 0xff, 0xf7, 0x0, 0x11,
    0x0, 0x0, 0xca, 0x0, 0x0, 0xe7, 0x0, 0x0,
    0x0, 0x4, 0xf5, 0x0, 0x0, 0xe7, 0x0, 0x59,
    0x2, 0x8f, 0xb0, 0x0, 0x0, 0xea, 0x32, 0xab,
    0xaf, 0xd6, 0x0, 0x0, 0x0, 0x8f, 0xff, 0xf5,
    0x11, 0x0, 0x0, 0x0, 0x0, 0x0, 0x0, 0x0,

    /* U+4EBA "人" */
    0x0, 0x0, 0x0, 0x0, 0x0, 0x0, 0x0, 0x0,
    0x0, 0x0, 0x0, 0x0, 0x0, 0xcb, 0x0, 0x0,
    0x0, 0x0, 0x0, 0x0, 0x0, 0x0, 0xda, 0x0,
    0x0, 0x0, 0x0, 0x0, 0x0, 0x0, 0x0, 0xea,
    0x0, 0x0, 0x0, 0x0, 0x0, 0x0, 0x0, 0x0,
    0xfb, 0x0, 0x0, 0x0, 0x0, 0x0, 0x0, 0x0,
    0x1, 0xfe, 0x0, 0x0, 0x0, 0x0, 0x0, 0x0,
    0x0, 0x4, 0xff, 0x20, 0x0, 0x0, 0x0, 0x0,
    0x0, 0x0, 0x8, 0xfe, 0x60, 0x0, 0x0, 0x0,
    0x0, 0x0, 0x0, 0xc, 0xa9, 0xc0, 0x0, 0x0,
    0x0, 0x0, 0x0, 0x0, 0x3f, 0x54, 0xf2, 0x0,
    0x0, 0x0, 0x0, 0x0, 0x0, 0x9e, 0x0, 0xda,
    0x0, 0x0, 0x0, 0x0, 0x0, 0x3, 0xf7, 0x0,
    0x5f, 0x30, 0x0, 0x0, 0x0, 0x0, 0xc, 0xe0,
    0x0, 0xc, 0xd0, 0x0, 0x0, 0x0, 0x0, 0xaf,
    0x40, 0x0, 0x2, 0xeb, 0x0, 0x0, 0x0, 0x9,
    0xf6, 0x0, 0x0, 0x0, 0x4f, 0xc1, 0x0, 0x2,
    0xcf, 0x70, 0x0, 0x0, 0x0, 0x5, 0xee, 0x60,
    0xd, 0xd3, 0x0, 0x0, 0x0, 0x0, 0x0, 0x1b,
    0xe1, 0x1, 0x0, 0x0, 0x0, 0x0, 0x0, 0x0,
    0x0, 0x10,

    /* U+4ECA "今" */
    0x0, 0x0, 0x0, 0x0, 0x0, 0x0, 0x0, 0x0,
    0x0, 0x0, 0x0, 0x0, 0x0, 0xbe, 0x0, 0x0,
    0x0, 0x0, 0x0, 0x0, 0x0, 0x8, 0xff, 0x70,
    0x0, 0x0, 0x0, 0x0, 0x0, 0x0, 0x8f, 0x65,
    0xf8, 0x0, 0x0, 0x0, 0x0, 0x0, 0x9, 0xf5,
    0x0, 0x5f, 0xb0, 0x0, 0x0, 0x0, 0x2, 0xdf,
    0x51, 0x10, 0x4, 0xee, 0x40, 0x0, 0x1, 0x8f,
    0xd3, 0xa, 0xe3, 0x0, 0x2c, 0xfa, 0x20, 0x1e,
    0xf7, 0x0, 0x0, 0x9f, 0x50, 0x0, 0x7f, 0xf1,
    0x5, 0x20, 0x0, 0x0, 0x7, 0xf2, 0x0, 0x1,
    0x40, 0x0, 0x4, 0x44, 0x44, 0x44, 0x64, 0x44,
    0x30, 0x0, 0x0, 0x1f, 0xff, 0xff, 0xff, 0xff,
    0xff, 0xf3, 0x0, 0x0, 0x1, 0x11, 0x11, 0x11,
    0x11, 0x6f, 0x70, 0x0, 0x0, 0x0, 0x0, 0x0,
    0x0, 0x2, 0xfa, 0x0, 0x0, 0x0, 0x0, 0x0,
    0x0, 0x0, 0xd, 0xd0, 0x0, 0x0, 0x0, 0x0,
    0x0, 0x0, 0x0, 0xbf, 0x20, 0x0, 0x0, 0x0,
    0x0, 0x0, 0x0, 0x9, 0xf4, 0x0, 0x0, 0x0,
    0x0, 0x0, 0x0, 0x0, 0x5f, 0x70, 0x0, 0x0,
    0x0, 0x0, 0x0, 0x0, 0x0, 0x5, 0x0, 0x0,
    0x0, 0x0,

    /* U+4ECB "介" */
    0x0, 0x0, 0x0, 0x0, 0x35, 0x0, 0x0, 0x0,
    0x0, 0x0, 0x0, 0x0, 0x1, 0xde, 0x0, 0x0,
    0x0, 0x0, 0x0, 0x0, 0x0, 0xb, 0xee, 0xa0,
    0x0, 0x0, 0x0, 0x0, 0x0, 0x0, 0xbe, 0x22,
    0xfa, 0x0, 0x0, 0x0, 0x0, 0x0, 0x2d, 0xe3,
    0x0, 0x3e, 0xd2, 0x0, 0x0, 0x0, 0x7, 0xfd,
    0x20, 0x0, 0x1, 0xcf, 0x91, 0x0, 0x17, 0xef,
    0x80, 0x0, 0x0, 0x0, 0x7, 0xff, 0xa2, 0x2f,
    0xa2, 0x7, 0x30, 0x0, 0x2, 0x71, 0x18, 0xd1,
    0x1, 0x0, 0xf, 0x60, 0x0, 0x4, 0xf2, 0x0,
    0x0, 0x0, 0x0, 0xf, 0x60, 0x0, 0x4, 0xf2,
    0x0, 0x0, 0x0, 0x0, 0x1f, 0x50, 0x0, 0x4,
    0xf2, 0x0, 0x0, 0x0, 0x0, 0x2f, 0x40, 0x0,
    0x4, 0xf2, 0x0, 0x0, 0x0, 0x0, 0x7f, 0x10,
    0x0, 0x4, 0xf2, 0x0, 0x0, 0x0, 0x1, 0xeb,
    0x0, 0x0, 0x4, 0xf2, 0x0, 0x0, 0x0, 0xb,
    0xf2, 0x0, 0x0, 0x4, 0xf2, 0x0, 0x0, 0x2,
    0xcf, 0x60, 0x0, 0x0, 0x4, 0xf2, 0x0, 0x0,
    0x3, 0xc4, 0x0, 0x0, 0x0, 0x4, 0xf2, 0x0,
    0x0,

    /* U+4EE5 "以" */
    0x0, 0x0, 0x0, 0x0, 0x0, 0x0, 0x26, 0x0,
    0x0, 0x1b, 0x30, 0x3, 0x0, 0x0, 0x5, 0xf1,
    0x0, 0x1, 0xf4, 0x1, 0xe9, 0x0, 0x0, 0x6f,
    0x0, 0x0, 0x1f, 0x40, 0x5, 0xf4, 0x0, 0x8,
    0xe0, 0x0, 0x1, 0xf4, 0x0, 0xa, 0xe0, 0x0,
    0xac, 0x0, 0x0, 0x1f, 0x40, 0x0, 0x2f, 0x70,
    0xc, 0xa0, 0x0, 0x1, 0xf4, 0x0, 0x0, 0x40,
    0x0, 0xe7, 0x0, 0x0, 0x1f, 0x40, 0x0, 0x0,
    0x0, 0x2f, 0x40, 0x0, 0x1, 0xf4, 0x0, 0x0,
    0x0, 0x6, 0xf0, 0x0, 0x0, 0x1f, 0x40, 0x0,
    0x0, 0x0, 0xcb, 0x0, 0x0, 0x1, 0xf4, 0x0,
    0x78, 0x0, 0x3f, 0x50, 0x0, 0x0, 0x2f, 0x68,
    0xfe, 0x70, 0xc, 0xfc, 0x0, 0x0, 0x5, 0xff,
    0xe7, 0x0, 0x9, 0xf5, 0xec, 0x0, 0x0, 0xee,
    0x70, 0x0, 0x9, 0xf5, 0x3, 0xfb, 0x0, 0x5,
    0x10, 0x0, 0x3c, 0xf7, 0x0, 0x4, 0xf9, 0x0,
    0x0, 0x0, 0x7f, 0xd4, 0x0, 0x0, 0x7, 0xf2,
    0x0, 0x0, 0x0, 0x50, 0x0, 0x0, 0x0, 0x2,
    0x0,

    /* U+4EFB "任" */
    0x0, 0x0, 0x0, 0x0, 0x0, 0x0, 0x0, 0x0,
    0x0, 0x0, 0x0, 0xc, 0x70, 0x0, 0x0, 0x0,
    0x37, 0x0, 0x0, 0x0, 0x5f, 0x30, 0x2, 0x58,
    0xbf, 0xfd, 0x40, 0x0, 0x0, 0xdb, 0x8d, 0xff,
    0xff, 0xa5, 0x20, 0x0, 0x0, 0x5, 0xf4, 0x46,
    0x31, 0x1f, 0x40, 0x0, 0x0, 0x0, 0x1e, 0xe0,
    0x0, 0x0, 0x1f, 0x40, 0x0, 0x0, 0x0, 0xbf,
    0xe0, 0x0, 0x0, 0x1f, 0x40, 0x0, 0x0, 0x9,
    0xfb, 0xe0, 0x0, 0x0, 0x1f, 0x40, 0x0, 0x0,
    0x3f, 0x76, 0xe2, 0x55, 0x55, 0x6f, 0x85, 0x55,
    0x52, 0x5, 0x6, 0xe5, 0xff, 0xff, 0xff, 0xff,
    0xff, 0xf5, 0x0, 0x6, 0xe0, 0x0, 0x0, 0x1f,
    0x40, 0x0, 0x0, 0x0, 0x6, 0xe0, 0x0, 0x0,
    0x1f, 0x40, 0x0, 0x0, 0x0, 0x6, 0xe0, 0x0,
    0x0, 0x1f, 0x40, 0x0, 0x0, 0x0, 0x6, 0xe0,
    0x0, 0x0, 0x1f, 0x40, 0x0, 0x0, 0x0, 0x6,
    0xe0, 0x0, 0x0, 0x1f, 0x40, 0x0, 0x0, 0x0,
    0x6, 0xe0, 0x45, 0x55, 0x6f, 0x85, 0x55, 0x50,
    0x0, 0x6, 0xe0, 0xbe, 0xee, 0xee, 0xee, 0xee,
    0xe1,

    /* U+4F4F "住" */
    0x0, 0x0, 0x3a, 0x0, 0x2, 0xd2, 0x0, 0x0,
    0x0, 0x0, 0x0, 0xbc, 0x0, 0x0, 0xcb, 0x0,
    0x0, 0x0, 0x0, 0x3, 0xf4, 0x0, 0x0, 0x5f,
    0x20, 0x0, 0x0, 0x0, 0xb, 0xd0, 0x55, 0x55,
    0x6a, 0x65, 0x55, 0x40, 0x0, 0x5f, 0x72, 0xee,
    0xee, 0xff, 0xee, 0xee, 0xb0, 0x1, 0xef, 0x60,
    0x0, 0x0, 0x5f, 0x0, 0x0, 0x0, 0x1d, 0xef,
    0x60, 0x0, 0x0, 0x5f, 0x0, 0x0, 0x0, 0x4f,
    0x3e, 0x60, 0x0, 0x0, 0x5f, 0x0, 0x0, 0x0,
    0x2, 0xe, 0x60, 0x24, 0x44, 0x8f, 0x44, 0x44,
    0x10, 0x0, 0xe, 0x60, 0x8f, 0xff, 0xff, 0xff,
    0xff, 0x40, 0x0, 0xe, 0x60, 0x0, 0x0, 0x5f,
    0x0, 0x0, 0x0, 0x0, 0xe, 0x60, 0x0, 0x0,
    0x5f, 0x0, 0x0, 0x0, 0x0, 0xe, 0x60, 0x0,
    0x0, 0x5f, 0x0, 0x0, 0x0, 0x0, 0xe, 0x60,
    0x0, 0x0, 0x5f, 0x0, 0x0, 0x0, 0x0, 0xe,
    0x63, 0x55, 0x55, 0x9f, 0x55, 0x55, 0x50, 0x0,
    0xe, 0x69, 0xff, 0xff, 0xff, 0xff, 0xff, 0xf1,

    /* U+4F53 "体" */
    0x0, 0x0, 0x31, 0x0, 0x0, 0x45, 0x0, 0x0,
    0x0, 0x0, 0x0, 0xe7, 0x0, 0x0, 0xaa, 0x0,
    0x0, 0x0, 0x0, 0x5, 0xf2, 0x0, 0x0, 0xaa,
    0x0, 0x0, 0x0, 0x0, 0xb, 0xc0, 0x0, 0x0,
    0xaa, 0x0, 0x0, 0x0, 0x0, 0x2f, 0x64, 0x55,
    0x55, 0xcc, 0x55, 0x55, 0x50, 0x0, 0xaf, 0x2b,
    0xff, 0xff, 0xff, 0xff, 0xff, 0xf1, 0x4, 0xff,
    0x20, 0x0, 0xb, 0xff, 0xc0, 0x0, 0x0, 0x1e,
    0xef, 0x20, 0x0, 0x3f, 0xbb, 0xe3, 0x0, 0x0,
    0x3f, 0x4f, 0x20, 0x0, 0xb8, 0xaa, 0x7a, 0x0,
    0x0, 0x2, 0x1f, 0x20, 0x3, 0xf1, 0xaa, 0x1f,
    0x30, 0x0, 0x0, 0x1f, 0x20, 0xc, 0x80, 0xaa,
    0x8, 0xd0, 0x0, 0x0, 0x1f, 0x20, 0x7e, 0x10,
    0xaa, 0x1, 0xe9, 0x0, 0x0, 0x1f, 0x25, 0xf6,
    0x22, 0xbb, 0x22, 0x6f, 0x70, 0x0, 0x1f, 0x4f,
    0x79, 0xff, 0xff, 0xff, 0x97, 0xf2, 0x0, 0x1f,
    0x23, 0x0, 0x11, 0xab, 0x11, 0x0, 0x20, 0x0,
    0x1f, 0x20, 0x0, 0x0, 0xaa, 0x0, 0x0, 0x0,
    0x0, 0x1f, 0x20, 0x0, 0x0, 0x99, 0x0, 0x0,
    0x0,

    /* U+4F5B "佛" */
    0x0, 0x0, 0x22, 0x0, 0x15, 0x0, 0x51, 0x0,
    0x0, 0x0, 0xc, 0xa0, 0x4, 0xe0, 0xf, 0x30,
    0x0, 0x0, 0x3, 0xf4, 0x0, 0x4e, 0x0, 0xf3,
    0x0, 0x0, 0x0, 0xbe, 0x23, 0x37, 0xf3, 0x3f,
    0x63, 0x31, 0x0, 0x2f, 0x88, 0xff, 0xff, 0xff,
    0xff, 0xff, 0x40, 0xc, 0xf3, 0x0, 0x4, 0xe0,
    0xf, 0x30, 0xe4, 0x6, 0xff, 0x20, 0x0, 0x4e,
    0x0, 0xf3, 0xe, 0x44, 0xfb, 0xf2, 0x4f, 0xff,
    0xff, 0xff, 0xff, 0xf4, 0x7c, 0x2f, 0x26, 0xd3,
    0x7f, 0x33, 0xf6, 0x33, 0x10, 0x11, 0xf2, 0x8a,
    0x4, 0xe0, 0xf, 0x30, 0x0, 0x0, 0x1f, 0x2b,
    0xa3, 0x7e, 0x33, 0xf6, 0x33, 0x20, 0x1, 0xf2,
    0xdf, 0xff, 0xff, 0xff, 0xff, 0xfd, 0x0, 0x1f,
    0x20, 0x0, 0xaa, 0x0, 0xf3, 0x6, 0xc0, 0x1,
    0xf2, 0x0, 0x1f, 0x50, 0xf, 0x30, 0x7b, 0x0,
    0x1f, 0x20, 0xa, 0xc0, 0x0, 0xf4, 0x3b, 0x90,
    0x1, 0xf2, 0x1a, 0xd1, 0x0, 0xf, 0x6e, 0xc3,
    0x0, 0x1f, 0x2c, 0x91, 0x0, 0x0, 0xf3, 0x0,
    0x0, 0x0, 0x0, 0x0, 0x0, 0x0, 0x0, 0x0,
    0x0,

    /* U+4F5C "作" */
    0x0, 0x0, 0x0, 0x0, 0x0, 0x0, 0x0, 0x0,
    0x0, 0x0, 0x0, 0x4e, 0x10, 0xc, 0x40, 0x0,
    0x0, 0x0, 0x0, 0x0, 0xcb, 0x0, 0x6f, 0x10,
    0x0, 0x0, 0x0, 0x0, 0x4, 0xf3, 0x0, 0xdb,
    0x11, 0x11, 0x11, 0x10, 0x0, 0xc, 0xc0, 0x4,
    0xff, 0xff, 0xff, 0xff, 0xf0, 0x0, 0x6f, 0x70,
    0xc, 0xb2, 0xe8, 0x22, 0x22, 0x20, 0x2, 0xff,
    0x60, 0x7f, 0x20, 0xe7, 0x0, 0x0, 0x0, 0x1d,
    0xdf, 0x63, 0xf7, 0x0, 0xe9, 0x33, 0x33, 0x20,
    0x4f, 0x2e, 0x63, 0xa0, 0x0, 0xef, 0xff, 0xff,
    0xa0, 0x2, 0xe, 0x60, 0x0, 0x0, 0xe7, 0x0,
    0x0, 0x0, 0x0, 0xe, 0x60, 0x0, 0x0, 0xe7,
    0x0, 0x0, 0x0, 0x0, 0xe, 0x60, 0x0, 0x0,
    0xe9, 0x33, 0x33, 0x30, 0x0, 0xe, 0x60, 0x0,
    0x0, 0xef, 0xff, 0xff, 0xd0, 0x0, 0xe, 0x60,
    0x0, 0x0, 0xe7, 0x0, 0x0, 0x0, 0x0, 0xe,
    0x60, 0x0, 0x0, 0xe7, 0x0, 0x0, 0x0, 0x0,
    0xe, 0x60, 0x0, 0x0, 0xe7, 0x0, 0x0, 0x0,
    0x0, 0xe, 0x60, 0x0, 0x0, 0xe7, 0x0, 0x0,
    0x0,

    /* U+4F7F "使" */
    0x0, 0x0, 0x0, 0x0, 0x0, 0x0, 0x0, 0x0,
    0x0, 0x0, 0x0, 0x4e, 0x20, 0x0, 0x1f, 0x30,
    0x0, 0x0, 0x0, 0x0, 0xcc, 0x21, 0x11, 0x3f,
    0x51, 0x11, 0x10, 0x0, 0x4, 0xf4, 0xff, 0xff,
    0xff, 0xff, 0xff, 0xf7, 0x0, 0xd, 0xa0, 0x11,
    0x11, 0x3f, 0x51, 0x11, 0x10, 0x0, 0x7f, 0x50,
    0x1, 0x11, 0x2f, 0x51, 0x11, 0x10, 0x4, 0xff,
    0x50, 0x8f, 0xff, 0xff, 0xff, 0xff, 0xd0, 0x3f,
    0x9e, 0x50, 0x8b, 0x0, 0x1f, 0x30, 0x7, 0xd0,
    0x6c, 0xe, 0x50, 0x8b, 0x0, 0x1f, 0x30, 0x6,
    0xd0, 0x1, 0xe, 0x50, 0x8c, 0x33, 0x4f, 0x63,
    0x38, 0xd0, 0x0, 0xe, 0x50, 0x8f, 0xff, 0xff,
    0xff, 0xff, 0xd0, 0x0, 0xe, 0x50, 0x39, 0x0,
    0x4f, 0x0, 0x0, 0x0, 0x0, 0xe, 0x50, 0xd,
    0xa0, 0x9c, 0x0, 0x0, 0x0, 0x0, 0xe, 0x50,
    0x1, 0xcc, 0xf4, 0x0, 0x0, 0x0, 0x0, 0xe,
    0x50, 0x0, 0x6f, 0xfb, 0x50, 0x0, 0x0, 0x0,
    0xe, 0x52, 0x7c, 0xf6, 0x28, 0xee, 0xa8, 0x51,
    0x0, 0xe, 0x55, 0xd7, 0x10, 0x0, 0x4, 0x7a,
    0xd3,

    /* U+4FA7 "侧" */
    0x0, 0x1, 0x50, 0x0, 0x0, 0x0, 0x0, 0x1,
    0x40, 0x0, 0x7e, 0x14, 0x44, 0x44, 0x30, 0x0,
    0x3e, 0x0, 0xc, 0x94, 0xfd, 0xdd, 0xed, 0x7,
    0x23, 0xe0, 0x1, 0xf3, 0x4c, 0x0, 0x4, 0xd0,
    0xc4, 0x3e, 0x0, 0x7e, 0x4, 0xc0, 0xb4, 0x4d,
    0xc, 0x43, 0xe0, 0xe, 0xd0, 0x4c, 0xc, 0x44,
    0xd0, 0xc4, 0x3e, 0x6, 0xfd, 0x4, 0xc0, 0xc4,
    0x4d, 0xc, 0x43, 0xe1, 0xeb, 0xd0, 0x4c, 0xc,
    0x44, 0xd0, 0xc4, 0x3e, 0x1c, 0x4d, 0x4, 0xc0,
    0xc4, 0x4d, 0xc, 0x43, 0xe0, 0x4, 0xd0, 0x4c,
    0xc, 0x44, 0xd0, 0xc4, 0x3e, 0x0, 0x4d, 0x4,
    0xc0, 0xc3, 0x4d, 0xc, 0x43, 0xe0, 0x4, 0xd0,
    0x4c, 0xd, 0x24, 0xd0, 0xc4, 0x3e, 0x0, 0x4d,
    0x4, 0xc1, 0xf0, 0x4d, 0xc, 0x43, 0xe0, 0x4,
    0xd0, 0x0, 0x6c, 0x51, 0x0, 0x20, 0x3e, 0x0,
    0x4d, 0x0, 0x1e, 0x47, 0xc0, 0x0, 0x3, 0xe0,
    0x4, 0xd0, 0x2d, 0xa0, 0x9, 0xa0, 0x2, 0x6e,
    0x0, 0x4d, 0x9, 0x80, 0x0, 0xa, 0x2, 0xff,
    0x80, 0x0, 0x0, 0x0, 0x0, 0x0, 0x0, 0x0,
    0x0,

    /* U+4FDD "保" */
    0x0, 0x0, 0x0, 0x0, 0x0, 0x0, 0x0, 0x0,
    0x0, 0x0, 0x0, 0x5d, 0x14, 0x44, 0x44, 0x44,
    0x44, 0x0, 0x0, 0x0, 0xd9, 0x3f, 0xff, 0xff,
    0xff, 0xff, 0x10, 0x0, 0x5, 0xf1, 0x3f, 0x0,
    0x0, 0x0, 0x4f, 0x10, 0x0, 0xd, 0x90, 0x3f,
    0x0, 0x0, 0x0, 0x4f, 0x10, 0x0, 0x8f, 0x50,
    0x3f, 0x0, 0x0, 0x0, 0x4f, 0x10, 0x4, 0xff,
    0x50, 0x3f, 0xff, 0xff, 0xff, 0xff, 0x10, 0x3f,
    0x9e, 0x50, 0x14, 0x44, 0x8f, 0x44, 0x44, 0x0,
    0x5c, 0xe, 0x50, 0x0, 0x0, 0x5f, 0x0, 0x0,
    0x0, 0x1, 0xe, 0x52, 0x44, 0x44, 0x8f, 0x44,
    0x44, 0x40, 0x0, 0xe, 0x58, 0xff, 0xff, 0xff,
    0xff, 0xff, 0xf1, 0x0, 0xe, 0x50, 0x0, 0x9,
    0xff, 0xf5, 0x0, 0x0, 0x0, 0xe, 0x50, 0x0,
    0x8e, 0x7f, 0x5f, 0x30, 0x0, 0x0, 0xe, 0x50,
    0x7, 0xf3, 0x5f, 0x8, 0xe2, 0x0, 0x0, 0xe,
    0x51, 0xae, 0x40, 0x5f, 0x0, 0x9f, 0x50, 0x0,
    0xe, 0x6c, 0xc1, 0x0, 0x5f, 0x0, 0x6, 0xf4,
    0x0, 0xe, 0x51, 0x0, 0x0, 0x5f, 0x0, 0x0,
    0x10,

    /* U+4FE1 "信" */
    0x0, 0x0, 0x0, 0x0, 0x0, 0x0, 0x0, 0x0,
    0x0, 0x0, 0x0, 0xa8, 0x0, 0x1, 0xe4, 0x0,
    0x0, 0x0, 0x0, 0x1, 0xf4, 0x0, 0x0, 0x9d,
    0x0, 0x0, 0x0, 0x0, 0x8, 0xd1, 0x22, 0x22,
    0x4b, 0x32, 0x22, 0x20, 0x0, 0xe, 0x76, 0xff,
    0xff, 0xff, 0xff, 0xff, 0xf0, 0x0, 0x8f, 0x40,
    0x0, 0x0, 0x0, 0x0, 0x0, 0x0, 0x2, 0xff,
    0x40, 0x5, 0x55, 0x55, 0x55, 0x53, 0x0, 0xd,
    0xdf, 0x40, 0x1c, 0xcc, 0xcc, 0xcc, 0xc8, 0x0,
    0x3e, 0x2f, 0x40, 0x0, 0x0, 0x0, 0x0, 0x0,
    0x0, 0x1, 0xf, 0x40, 0x1f, 0xff, 0xff, 0xff,
    0xfa, 0x0, 0x0, 0xf, 0x40, 0x1, 0x11, 0x11,
    0x11, 0x10, 0x0, 0x0, 0xf, 0x40, 0x2, 0x22,
    0x22, 0x22, 0x22, 0x0, 0x0, 0xf, 0x40, 0x5f,
    0xff, 0xff, 0xff, 0xfd, 0x0, 0x0, 0xf, 0x40,
    0x5c, 0x0, 0x0, 0x0, 0x6d, 0x0, 0x0, 0xf,
    0x40, 0x5c, 0x0, 0x0, 0x0, 0x6d, 0x0, 0x0,
    0xf, 0x40, 0x5d, 0x22, 0x22, 0x22, 0x8d, 0x0,
    0x0, 0xf, 0x40, 0x5f, 0xee, 0xee, 0xee, 0xec,
    0x0, 0x0, 0x0, 0x0, 0x0, 0x0, 0x0, 0x0,
    0x0, 0x0,

    /* U+4FEE "修" */
    0x0, 0x0, 0x0, 0x0, 0x0, 0x0, 0x0, 0x0,
    0x0, 0x0, 0x0, 0xd6, 0x0, 0x0, 0xe6, 0x0,
    0x0, 0x0, 0x0, 0x5, 0xf2, 0x0, 0x7, 0xf3,
    0x22, 0x22, 0x10, 0x0, 0xc, 0xb0, 0x0, 0x1e,
    0xff, 0xff, 0xff, 0xb0, 0x0, 0x3f, 0x30, 0x0,
    0xcf, 0x90, 0x0, 0x3f, 0x20, 0x0, 0xbf, 0x0,
    0xb, 0xe3, 0xe7, 0x2, 0xe7, 0x0, 0x4, 0xff,
    0x4, 0xe6, 0x20, 0x3e, 0xbf, 0x70, 0x0, 0x1e,
    0xdf, 0x4, 0xd0, 0x0, 0x6d, 0xff, 0x71, 0x0,
    0x7e, 0x5f, 0x4, 0xe6, 0xae, 0xd6, 0x5, 0xdf,
    0xc5, 0x14, 0x3f, 0x4, 0xd7, 0x73, 0x1, 0xa5,
    0x2, 0x71, 0x0, 0x3f, 0x4, 0xd0, 0x1, 0x7e,
    0x70, 0x0, 0x0, 0x0, 0x3f, 0x4, 0xd0, 0x4f,
    0x92, 0x5, 0xe2, 0x0, 0x0, 0x3f, 0x4, 0xd0,
    0x0, 0x4, 0xbd, 0x30, 0x40, 0x0, 0x3f, 0x4,
    0xd0, 0x19, 0xec, 0x60, 0x2d, 0xc1, 0x0, 0x3f,
    0x2, 0x80, 0x7, 0x20, 0x29, 0xf9, 0x0, 0x0,
    0x3f, 0x0, 0x0, 0x14, 0x8d, 0xe9, 0x20, 0x0,
    0x0, 0x3f, 0x0, 0x1, 0xdb, 0x84, 0x0, 0x0,
    0x0,

    /* U+4FF1 "俱" */
    0x0, 0x0, 0x68, 0x3, 0x33, 0x33, 0x33, 0x31,
    0x0, 0x0, 0x0, 0xe7, 0x1f, 0xee, 0xee, 0xee,
    0xf6, 0x0, 0x0, 0x7, 0xe0, 0x1f, 0x20, 0x0,
    0x0, 0xe6, 0x0, 0x0, 0x1f, 0x70, 0x1f, 0xfe,
    0xee, 0xee, 0xf6, 0x0, 0x0, 0xaf, 0x30, 0x1f,
    0x30, 0x0, 0x0, 0xf6, 0x0, 0x6, 0xff, 0x30,
    0x1f, 0x30, 0x0, 0x0, 0xf6, 0x0, 0x4f, 0xcf,
    0x30, 0x1f, 0xfe, 0xee, 0xee, 0xf6, 0x0, 0x5b,
    0x1f, 0x30, 0x1f, 0x20, 0x0, 0x0, 0xe6, 0x0,
    0x0, 0x1f, 0x30, 0x1f, 0xdd, 0xdd, 0xdd, 0xf6,
    0x0, 0x0, 0x1f, 0x30, 0x1f, 0x52, 0x22, 0x22,
    0xf6, 0x0, 0x0, 0x1f, 0x30, 0x1f, 0x20, 0x0,
    0x0, 0xe6, 0x0, 0x0, 0x1f, 0x3e, 0xff, 0xff,
    0xff, 0xff, 0xff, 0xf1, 0x0, 0x1f, 0x33, 0x33,
    0x76, 0x33, 0x59, 0x33, 0x30, 0x0, 0x1f, 0x30,
    0x5, 0xf8, 0x0, 0x4e, 0xb1, 0x0, 0x0, 0x1f,
    0x31, 0xaf, 0x60, 0x0, 0x1, 0xbe, 0x40, 0x0,
    0x1f, 0x3a, 0xa1, 0x0, 0x0, 0x0, 0x8, 0xb0,
    0x0, 0x0, 0x0, 0x0, 0x0, 0x0, 0x0, 0x0,
    0x0,

    /* U+503C "值" */
    0x0, 0x0, 0x0, 0x0, 0x0, 0x0, 0x0, 0x0,
    0x0, 0x0, 0x0, 0x9a, 0x0, 0x0, 0x5f, 0x10,
    0x0, 0x0, 0x0, 0x1, 0xf7, 0x33, 0x33, 0x9e,
    0x33, 0x33, 0x20, 0x0, 0x7, 0xf3, 0xff, 0xff,
    0xff, 0xff, 0xff, 0x90, 0x0, 0xe, 0x90, 0x0,
    0x0, 0xd7, 0x0, 0x0, 0x0, 0x0, 0x8f, 0x30,
    0x2, 0x23, 0xf6, 0x22, 0x21, 0x0, 0x3, 0xff,
    0x10, 0x2f, 0xed, 0xdd, 0xdd, 0xf9, 0x0, 0x1e,
    0xef, 0x10, 0x2f, 0x0, 0x0, 0x0, 0xa9, 0x0,
    0x2e, 0x4f, 0x10, 0x2f, 0xff, 0xff, 0xff, 0xf9,
    0x0, 0x1, 0x2f, 0x10, 0x2f, 0x10, 0x0, 0x0,
    0xa9, 0x0, 0x0, 0x2f, 0x10, 0x2f, 0x10, 0x0,
    0x0, 0xb9, 0x0, 0x0, 0x2f, 0x10, 0x2f, 0xee,
    0xee, 0xee, 0xf9, 0x0, 0x0, 0x2f, 0x10, 0x2f,
    0x0, 0x0, 0x0, 0xa9, 0x0, 0x0, 0x2f, 0x10,
    0x2f, 0xfe, 0xee, 0xee, 0xf9, 0x0, 0x0, 0x2f,
    0x10, 0x2f, 0x10, 0x0, 0x0, 0xa9, 0x0, 0x0,
    0x2f, 0x12, 0x5f, 0x32, 0x22, 0x22, 0xba, 0x20,
    0x0, 0x2f, 0x1e, 0xff, 0xff, 0xff, 0xff, 0xff,
    0xf2,

    /* U+5058 "偘" */
    0x0, 0x0, 0xa8, 0x3, 0x55, 0x55, 0x55, 0x50,
    0x0, 0x0, 0x2f, 0x50, 0xbf, 0xff, 0xff, 0xff,
    0x20, 0x0, 0x9, 0xe0, 0xb, 0x70, 0x0, 0x4,
    0xf2, 0x0, 0x1, 0xf7, 0x0, 0xb7, 0x0, 0x0,
    0x4f, 0x20, 0x0, 0x9f, 0x30, 0xb, 0x70, 0x0,
    0x4, 0xf2, 0x0, 0x4f, 0xf3, 0x0, 0xba, 0x55,
    0x55, 0x8f, 0x20, 0x2e, 0xcf, 0x30, 0xa, 0xff,
    0xff, 0xff, 0xf2, 0x3, 0xd2, 0xf3, 0x0, 0x0,
    0x0, 0x0, 0x0, 0x0, 0x1, 0x1f, 0x31, 0x55,
    0x55, 0x21, 0x55, 0x55, 0x50, 0x1, 0xf3, 0x4f,
    0xff, 0xf6, 0x3f, 0xff, 0xfe, 0x0, 0x1f, 0x34,
    0xf0, 0xe, 0x63, 0xf0, 0x6, 0xe0, 0x1, 0xf3,
    0x4f, 0x0, 0xe6, 0x3f, 0x0, 0x6e, 0x0, 0x1f,
    0x34, 0xf0, 0xe, 0x63, 0xf0, 0x6, 0xe0, 0x1,
    0xf3, 0x4f, 0x0, 0xe6, 0x3f, 0x0, 0x6e, 0x0,
    0x1f, 0x34, 0xff, 0xff, 0x63, 0xff, 0xff, 0xe0,
    0x1, 0xf3, 0x4f, 0x55, 0xd5, 0x3f, 0x55, 0x9d,

    /* U+505C "停" */
    0x0, 0x0, 0x59, 0x0, 0x0, 0x89, 0x0, 0x0,
    0x0, 0x0, 0xd, 0x94, 0x44, 0x48, 0xf5, 0x44,
    0x44, 0x0, 0x5, 0xf2, 0xdd, 0xdd, 0xdd, 0xdd,
    0xdd, 0xc0, 0x0, 0xda, 0x0, 0x12, 0x22, 0x22,
    0x22, 0x0, 0x0, 0x7f, 0x30, 0xa, 0xec, 0xcc,
    0xcc, 0xf6, 0x0, 0x3f, 0xf1, 0x0, 0xa7, 0x0,
    0x0, 0xe, 0x60, 0x1e, 0xef, 0x10, 0xa, 0xed,
    0xdd, 0xdd, 0xf6, 0x2, 0xd3, 0xf1, 0x0, 0x0,
    0x0, 0x0, 0x0, 0x0, 0x0, 0x2f, 0x14, 0xff,
    0xff, 0xff, 0xff, 0xff, 0xd0, 0x2, 0xf1, 0x4e,
    0x22, 0x22, 0x22, 0x22, 0x6e, 0x0, 0x2f, 0x14,
    0xe1, 0x22, 0x22, 0x22, 0x25, 0xe0, 0x2, 0xf1,
    0x0, 0xaf, 0xff, 0xff, 0xff, 0x40, 0x0, 0x2f,
    0x10, 0x0, 0x0, 0x4f, 0x0, 0x0, 0x0, 0x2,
    0xf1, 0x0, 0x0, 0x4, 0xf0, 0x0, 0x0, 0x0,
    0x2f, 0x10, 0x0, 0x22, 0x7f, 0x0, 0x0, 0x0,
    0x2, 0xf1, 0x0, 0xa, 0xff, 0xa0, 0x0, 0x0,
    0x0, 0x0, 0x0, 0x0, 0x0, 0x0, 0x0, 0x0,
    0x0,

    /* U+50E7 "僧" */
    0x0, 0x0, 0x10, 0x0, 0x20, 0x0, 0x0, 0x20,
    0x0, 0x0, 0xa, 0xb0, 0x5f, 0x30, 0x0, 0x8e,
    0x10, 0x0, 0x2, 0xf4, 0x0, 0xbc, 0x0, 0x1f,
    0x50, 0x0, 0x0, 0x9d, 0x1b, 0xbd, 0xcb, 0xbd,
    0xfb, 0xb4, 0x0, 0x1f, 0x61, 0xf6, 0x64, 0x6e,
    0x46, 0x5e, 0x50, 0xa, 0xf2, 0x1f, 0x3e, 0x22,
    0xd0, 0xc4, 0xd5, 0x5, 0xff, 0x21, 0xf2, 0x6b,
    0x2d, 0x3b, 0xd, 0x52, 0xfb, 0xf2, 0x1f, 0x20,
    0x72, 0xd6, 0x20, 0xd5, 0x2c, 0x2f, 0x21, 0xfc,
    0xcc, 0xcf, 0xcc, 0xcf, 0x50, 0x1, 0xf2, 0x3,
    0x33, 0x33, 0x33, 0x33, 0x31, 0x0, 0x1f, 0x20,
    0x3, 0x33, 0x33, 0x33, 0x31, 0x0, 0x1, 0xf2,
    0x2, 0xfe, 0xdd, 0xdd, 0xdf, 0x50, 0x0, 0x1f,
    0x20, 0x2f, 0x30, 0x0, 0x0, 0xf5, 0x0, 0x1,
    0xf2, 0x2, 0xff, 0xff, 0xff, 0xff, 0x50, 0x0,
    0x1f, 0x20, 0x2f, 0x30, 0x0, 0x0, 0xf5, 0x0,
    0x1, 0xf2, 0x2, 0xfd, 0xcc, 0xcc, 0xcf, 0x50,
    0x0, 0x1f, 0x20, 0x2f, 0x74, 0x44, 0x44, 0xf5,
    0x0, 0x0, 0x0, 0x0, 0x0, 0x0, 0x0, 0x0,
    0x0,

    /* U+5143 "元" */
    0x0, 0x5e, 0xee, 0xee, 0xee, 0xee, 0xee, 0xe6,
    0x0, 0x0, 0x25, 0x55, 0x55, 0x55, 0x55, 0x55,
    0x52, 0x0, 0x0, 0x0, 0x0, 0x0, 0x0, 0x0,
    0x0, 0x0, 0x0, 0x0, 0x0, 0x0, 0x0, 0x0,
    0x0, 0x0, 0x0, 0x0, 0x0, 0x0, 0x0, 0x0,
    0x0, 0x0, 0x0, 0x0, 0x0, 0xd, 0xee, 0xee,
    0xee, 0xee, 0xee, 0xee, 0xee, 0xd0, 0x6, 0x66,
    0x6a, 0xf7, 0x66, 0xbe, 0x66, 0x66, 0x60, 0x0,
    0x0, 0x7, 0xf0, 0x0, 0x7d, 0x0, 0x0, 0x0,
    0x0, 0x0, 0x9, 0xc0, 0x0, 0x7d, 0x0, 0x0,
    0x0, 0x0, 0x0, 0xe, 0x90, 0x0, 0x7d, 0x0,
    0x0, 0x0, 0x0, 0x0, 0x3f, 0x40, 0x0, 0x7d,
    0x0, 0x0, 0x50, 0x0, 0x0, 0xbe, 0x0, 0x0,
    0x7d, 0x0, 0x1, 0xf3, 0x0, 0x8, 0xf3, 0x0,
    0x0, 0x7d, 0x0, 0x2, 0xf1, 0x1, 0xaf, 0x70,
    0x0, 0x0, 0x7f, 0x54, 0x49, 0xe0, 0xd, 0xd4,
    0x0, 0x0, 0x0, 0x2d, 0xff, 0xfe, 0x60, 0x1,
    0x0, 0x0, 0x0, 0x0, 0x0, 0x0, 0x0, 0x0,

    /* U+5148 "先" */
    0x0, 0x0, 0x0, 0x0, 0x11, 0x0, 0x0, 0x0,
    0x0, 0x0, 0x0, 0x75, 0x0, 0xaa, 0x0, 0x0,
    0x0, 0x0, 0x0, 0x0, 0xf8, 0x0, 0xaa, 0x0,
    0x0, 0x0, 0x0, 0x0, 0x4, 0xf7, 0x44, 0xcc,
    0x44, 0x44, 0x43, 0x0, 0x0, 0xa, 0xff, 0xff,
    0xff, 0xff, 0xff, 0xf9, 0x0, 0x0, 0x3f, 0x50,
    0x0, 0xaa, 0x0, 0x0, 0x0, 0x0, 0x0, 0xcd,
    0x0, 0x0, 0xaa, 0x0, 0x0, 0x0, 0x0, 0x0,
    0x73, 0x0, 0x0, 0xaa, 0x0, 0x0, 0x0, 0x0,
    0x5, 0x55, 0x55, 0x55, 0xcc, 0x55, 0x55, 0x55,
    0x50, 0xd, 0xff, 0xff, 0xff, 0xff, 0xff, 0xff,
    0xff, 0xe0, 0x0, 0x0, 0x4, 0xf1, 0x0, 0x5f,
    0x0, 0x0, 0x0, 0x0, 0x0, 0x7, 0xe0, 0x0,
    0x5f, 0x0, 0x0, 0x0, 0x0, 0x0, 0xc, 0xa0,
    0x0, 0x5f, 0x0, 0x0, 0x0, 0x0, 0x0, 0x4f,
    0x40, 0x0, 0x5f, 0x0, 0x1, 0xa1, 0x0, 0x2,
    0xeb, 0x0, 0x0, 0x5f, 0x0, 0x2, 0xf1, 0x0,
    0x6e, 0xc0, 0x0, 0x0, 0x5f, 0x64, 0x49, 0xe0,
    0xd, 0xf8, 0x0, 0x0, 0x0, 0x1c, 0xff, 0xff,
    0x70, 0x2, 0x10, 0x0, 0x0, 0x0, 0x0, 0x0,
    0x0, 0x0,

    /* U+5149 "光" */
    0x0, 0x0, 0x0, 0x0, 0x11, 0x0, 0x0, 0x0,
    0x0, 0x0, 0x1, 0x0, 0x0, 0xb9, 0x0, 0x0,
    0x40, 0x0, 0x0, 0x4f, 0x20, 0x0, 0xb9, 0x0,
    0x1, 0xf7, 0x0, 0x0, 0xc, 0xb0, 0x0, 0xb9,
    0x0, 0x8, 0xe0, 0x0, 0x0, 0x4, 0xf3, 0x0,
    0xb9, 0x0, 0x1f, 0x70, 0x0, 0x0, 0x0, 0xda,
    0x0, 0xb9, 0x0, 0x9d, 0x0, 0x0, 0x0, 0x0,
    0x55, 0x0, 0xb9, 0x0, 0x53, 0x0, 0x0, 0x3,
    0x33, 0x33, 0x33, 0xcb, 0x33, 0x33, 0x33, 0x30,
    0xf, 0xff, 0xff, 0xff, 0xff, 0xff, 0xff, 0xff,
    0xf0, 0x0, 0x0, 0x4, 0xf2, 0x0, 0x7e, 0x0,
    0x0, 0x0, 0x0, 0x0, 0x6, 0xf0, 0x0, 0x6e,
    0x0, 0x0, 0x0, 0x0, 0x0, 0xa, 0xd0, 0x0,
    0x6e, 0x0, 0x0, 0x0, 0x0, 0x0, 0x1f, 0x70,
    0x0, 0x6e, 0x0, 0x0, 0x0, 0x0, 0x0, 0x9f,
    0x10, 0x0, 0x6e, 0x0, 0x0, 0xe2, 0x0, 0x9,
    0xf6, 0x0, 0x0, 0x6e, 0x0, 0x1, 0xf2, 0x16,
    0xdf, 0x60, 0x0, 0x0, 0x6f, 0x54, 0x48, 0xf0,
    0xd, 0xa2, 0x0, 0x0, 0x0, 0x1d, 0xff, 0xff,
    0x70, 0x0, 0x0, 0x0, 0x0, 0x0, 0x0, 0x0,
    0x0, 0x0,

    /* U+5165 "入" */
    0x0, 0x0, 0x1, 0x60, 0x0, 0x0, 0x0, 0x0,
    0x0, 0x0, 0x0, 0x6, 0xf8, 0x0, 0x0, 0x0,
    0x0, 0x0, 0x0, 0x0, 0x0, 0x6f, 0x70, 0x0,
    0x0, 0x0, 0x0, 0x0, 0x0, 0x0, 0x8, 0xf4,
    0x0, 0x0, 0x0, 0x0, 0x0, 0x0, 0x0, 0x0,
    0xed, 0x0, 0x0, 0x0, 0x0, 0x0, 0x0, 0x0,
    0x2, 0xff, 0x70, 0x0, 0x0, 0x0, 0x0, 0x0,
    0x0, 0x7, 0xfb, 0xe1, 0x0, 0x0, 0x0, 0x0,
    0x0, 0x0, 0xc, 0xd1, 0xf8, 0x0, 0x0, 0x0,
    0x0, 0x0, 0x0, 0x3f, 0x70, 0x7f, 0x20, 0x0,
    0x0, 0x0, 0x0, 0x0, 0xbf, 0x10, 0xe, 0xb0,
    0x0, 0x0, 0x0, 0x0, 0x3, 0xf7, 0x0, 0x7,
    0xf4, 0x0, 0x0, 0x0, 0x0, 0x1d, 0xd0, 0x0,
    0x0, 0xed, 0x0, 0x0, 0x0, 0x0, 0xcf, 0x40,
    0x0, 0x0, 0x3f, 0xb0, 0x0, 0x0, 0x1b, 0xf5,
    0x0, 0x0, 0x0, 0x7, 0xfa, 0x0, 0x4, 0xef,
    0x60, 0x0, 0x0, 0x0, 0x0, 0x9f, 0xd2, 0xd,
    0xe3, 0x0, 0x0, 0x0, 0x0, 0x0, 0x5, 0xe1,
    0x1, 0x10, 0x0, 0x0, 0x0, 0x0, 0x0, 0x0,
    0x0,

    /* U+5167 "內" */
    0x0, 0x0, 0x9, 0x10, 0x0, 0x0, 0x0, 0x0,
    0x0, 0x0, 0x1c, 0xd1, 0x0, 0x0, 0x0, 0x0,
    0x0, 0x0, 0x0, 0xcb, 0x0, 0x0, 0x0, 0x0,
    0x1, 0x11, 0x11, 0x4f, 0x51, 0x11, 0x11, 0x10,
    0xf, 0xff, 0xff, 0xff, 0xff, 0xff, 0xff, 0xf1,
    0xf, 0x73, 0x33, 0x5f, 0xf6, 0x33, 0x36, 0xf1,
    0xf, 0x50, 0x0, 0x6f, 0xca, 0x0, 0x3, 0xf1,
    0xf, 0x50, 0x0, 0xd9, 0x6f, 0x20, 0x3, 0xf1,
    0xf, 0x50, 0x7, 0xf2, 0xe, 0xa0, 0x3, 0xf1,
    0xf, 0x50, 0x6f, 0x70, 0x5, 0xf9, 0x3, 0xf1,
    0xf, 0x6a, 0xf8, 0x0, 0x0, 0x7f, 0xd6, 0xf1,
    0xf, 0x7c, 0x40, 0x0, 0x0, 0x3, 0xb4, 0xf1,
    0xf, 0x50, 0x0, 0x0, 0x0, 0x0, 0x3, 0xf1,
    0xf, 0x50, 0x0, 0x0, 0x0, 0x0, 0x3, 0xf1,
    0xf, 0x50, 0x0, 0x0, 0x0, 0x16, 0x58, 0xf1,
    0xf, 0x50, 0x0, 0x0, 0x0, 0xe, 0xfe, 0x90,

    /* U+5168 "全" */
    0x0, 0x0, 0x0, 0x0, 0x0, 0x0, 0x0, 0x0,
    0x0, 0x0, 0x0, 0x0, 0x0, 0x6e, 0x10, 0x0,
    0x0, 0x0, 0x0, 0x0, 0x0, 0x3, 0xff, 0x90,
    0x0, 0x0, 0x0, 0x0, 0x0, 0x0, 0x2e, 0xa4,
    0xfa, 0x0, 0x0, 0x0, 0x0, 0x0, 0x3, 0xea,
    0x0, 0x4f, 0xb0, 0x0, 0x0, 0x0, 0x0, 0x6f,
    0xa0, 0x0, 0x3, 0xec, 0x20, 0x0, 0x0, 0x1b,
    0xf7, 0x0, 0x0, 0x0, 0x1c, 0xf7, 0x0, 0x8,
    0xfe, 0x74, 0x44, 0x44, 0x44, 0x44, 0xcf, 0xd3,
    0xb, 0x74, 0xff, 0xff, 0xff, 0xff, 0xff, 0xb3,
    0xd4, 0x0, 0x0, 0x0, 0x0, 0x7e, 0x0, 0x0,
    0x0, 0x0, 0x0, 0x0, 0x0, 0x0, 0x7e, 0x0,
    0x0, 0x0, 0x0, 0x0, 0x0, 0x33, 0x33, 0x9e,
    0x33, 0x33, 0x30, 0x0, 0x0, 0x2, 0xff, 0xff,
    0xff, 0xff, 0xff, 0xb0, 0x0, 0x0, 0x0, 0x0,
    0x0, 0x7e, 0x0, 0x0, 0x0, 0x0, 0x0, 0x0,
    0x0, 0x0, 0x7e, 0x0, 0x0, 0x0, 0x0, 0x1,
    0x33, 0x33, 0x33, 0x9e, 0x33, 0x33, 0x33, 0x30,
    0x6, 0xff, 0xff, 0xff, 0xff, 0xff, 0xff, 0xff,
    0xe0,

    /* U+516B "八" */
    0x0, 0x0, 0x3, 0x40, 0x0, 0x4a, 0x0, 0x0,
    0x0, 0x0, 0x0, 0x9, 0xd0, 0x0, 0x5f, 0x0,
    0x0, 0x0, 0x0, 0x0, 0xb, 0xc0, 0x0, 0x3f,
    0x10, 0x0, 0x0, 0x0, 0x0, 0xd, 0xa0, 0x0,
    0x1f, 0x30, 0x0, 0x0, 0x0, 0x0, 0xe, 0x80,
    0x0, 0xf, 0x60, 0x0, 0x0, 0x0, 0x0, 0x2f,
    0x40, 0x0, 0xc, 0x90, 0x0, 0x0, 0x0, 0x0,
    0x5f, 0x10, 0x0, 0x8, 0xd0, 0x0, 0x0, 0x0,
    0x0, 0x8d, 0x0, 0x0, 0x4, 0xf2, 0x0, 0x0,
    0x0, 0x0, 0xd9, 0x0, 0x0, 0x0, 0xe7, 0x0,
    0x0, 0x0, 0x4, 0xf4, 0x0, 0x0, 0x0, 0x9e,
    0x0, 0x0, 0x0, 0xa, 0xd0, 0x0, 0x0, 0x0,
    0x2f, 0x60, 0x0, 0x0, 0x2f, 0x60, 0x0, 0x0,
    0x0, 0xb, 0xe1, 0x0, 0x0, 0xbe, 0x0, 0x0,
    0x0, 0x0, 0x2, 0xfa, 0x0, 0x9, 0xf4, 0x0,
    0x0, 0x0, 0x0, 0x0, 0x6f, 0x90, 0x2f, 0x60,
    0x0, 0x0, 0x0, 0x0, 0x0, 0x7, 0xf3, 0x2,
    0x0, 0x0, 0x0, 0x0, 0x0, 0x0, 0x0, 0x20,

    /* U+516C "公" */
    0x0, 0x0, 0x5, 0xa1, 0x0, 0x1c, 0x30, 0x0,
    0x0, 0x0, 0x0, 0xd, 0xc0, 0x0, 0xc, 0xc0,
    0x0, 0x0, 0x0, 0x0, 0x6f, 0x30, 0x0, 0x3,
    0xf7, 0x0, 0x0, 0x0, 0x0, 0xea, 0x0, 0x0,
    0x0, 0x9f, 0x30, 0x0, 0x0, 0x9, 0xf2, 0x0,
    0x0, 0x0, 0xd, 0xe1, 0x0, 0x0, 0x7f, 0x60,
    0x0, 0xa4, 0x0, 0x2, 0xfc, 0x10, 0x7, 0xfa,
    0x0, 0x5, 0xf6, 0x0, 0x0, 0x4f, 0xd1, 0x8,
    0xa0, 0x0, 0xd, 0xc0, 0x0, 0x0, 0x5, 0xb0,
    0x0, 0x0, 0x0, 0x8f, 0x30, 0x0, 0x0, 0x0,
    0x0, 0x0, 0x0, 0x2, 0xf9, 0x0, 0x5, 0x60,
    0x0, 0x0, 0x0, 0x0, 0xc, 0xd0, 0x0, 0x8,
    0xf3, 0x0, 0x0, 0x0, 0x0, 0x8f, 0x20, 0x0,
    0x0, 0xce, 0x10, 0x0, 0x0, 0x5, 0xf6, 0x0,
    0x0, 0x1, 0x3f, 0xb0, 0x0, 0x0, 0x5f, 0xfb,
    0xcd, 0xef, 0xff, 0xff, 0xf6, 0x0, 0x0, 0x4e,
    0xca, 0x98, 0x76, 0x54, 0x21, 0xbf, 0x10, 0x0,
    0x0, 0x0, 0x0, 0x0, 0x0, 0x0, 0x2e, 0x40,
    0x0, 0x0, 0x0, 0x0, 0x0, 0x0, 0x0, 0x0,
    0x0,

    /* U+516D "六" */
    0x0, 0x0, 0x0, 0x0, 0x0, 0x0, 0x0, 0x0,
    0x0, 0x0, 0x0, 0x0, 0x6, 0xd0, 0x0, 0x0,
    0x0, 0x0, 0x0, 0x0, 0x0, 0x2, 0xf7, 0x0,
    0x0, 0x0, 0x0, 0x0, 0x0, 0x0, 0x0, 0xbe,
    0x0, 0x0, 0x0, 0x0, 0x0, 0x0, 0x0, 0x0,
    0x4f, 0x40, 0x0, 0x0, 0x0, 0x5, 0x55, 0x55,
    0x55, 0x56, 0x55, 0x55, 0x55, 0x50, 0xf, 0xff,
    0xff, 0xff, 0xff, 0xff, 0xff, 0xff, 0xf0, 0x0,
    0x0, 0x0, 0x0, 0x0, 0x0, 0x0, 0x0, 0x0,
    0x0, 0x0, 0x0, 0x0, 0x0, 0x0, 0x0, 0x0,
    0x0, 0x0, 0x0, 0x9, 0x80, 0x0, 0xb, 0x80,
    0x0, 0x0, 0x0, 0x0, 0x3f, 0x80, 0x0, 0x8,
    0xf3, 0x0, 0x0, 0x0, 0x0, 0xce, 0x0, 0x0,
    0x0, 0xdd, 0x0, 0x0, 0x0, 0x5, 0xf6, 0x0,
    0x0, 0x0, 0x3f, 0x90, 0x0, 0x0, 0x1e, 0xd0,
    0x0, 0x0, 0x0, 0x8, 0xf4, 0x0, 0x0, 0xaf,
    0x30, 0x0, 0x0, 0x0, 0x0, 0xdd, 0x0, 0x7,
    0xf8, 0x0, 0x0, 0x0, 0x0, 0x0, 0x4f, 0x80,
    0xd, 0xc0, 0x0, 0x0, 0x0, 0x0, 0x0, 0xb,
    0xc0, 0x0, 0x10, 0x0, 0x0, 0x0, 0x0, 0x0,
    0x0, 0x0,

    /* U+5171 "共" */
    0x0, 0x0, 0x2, 0x10, 0x0, 0x1, 0x20, 0x0,
    0x0, 0x0, 0x0, 0xf, 0x60, 0x0, 0x6, 0xf0,
    0x0, 0x0, 0x0, 0x0, 0xf, 0x60, 0x0, 0x6,
    0xf0, 0x0, 0x0, 0x0, 0x0, 0xf, 0x60, 0x0,
    0x6, 0xf0, 0x0, 0x0, 0x1, 0x44, 0x4f, 0x94,
    0x44, 0x49, 0xf4, 0x44, 0x20, 0x6, 0xff, 0xff,
    0xff, 0xff, 0xff, 0xff, 0xff, 0x80, 0x0, 0x0,
    0xf, 0x60, 0x0, 0x6, 0xf0, 0x0, 0x0, 0x0,
    0x0, 0xf, 0x60, 0x0, 0x6, 0xf0, 0x0, 0x0,
    0x0, 0x0, 0xf, 0x60, 0x0, 0x6, 0xf0, 0x0,
    0x0, 0x0, 0x0, 0xf, 0x60, 0x0, 0x6, 0xf0,
    0x0, 0x0, 0x2e, 0xee, 0xef, 0xfe, 0xee, 0xef,
    0xfe, 0xee, 0xe3, 0x5, 0x55, 0x55, 0x55, 0x55,
    0x55, 0x55, 0x55, 0x51, 0x0, 0x0, 0x3, 0x50,
    0x0, 0x6, 0x10, 0x0, 0x0, 0x0, 0x0, 0x2e,
    0xb0, 0x0, 0x1c, 0xe4, 0x0, 0x0, 0x0, 0x5,
    0xfb, 0x0, 0x0, 0x0, 0x9f, 0x80, 0x0, 0x1,
    0xaf, 0x90, 0x0, 0x0, 0x0, 0x6, 0xfb, 0x0,
    0x8, 0xe4, 0x0, 0x0, 0x0, 0x0, 0x0, 0x4f,
    0x70, 0x0, 0x0, 0x0, 0x0, 0x0, 0x0, 0x0,
    0x1, 0x0,

    /* U+5173 "关" */
    0x0, 0x0, 0x0, 0x0, 0x0, 0x0, 0x0, 0x0,
    0x0, 0x0, 0x0, 0x78, 0x0, 0x0, 0x0, 0x5d,
    0x10, 0x0, 0x0, 0x0, 0x4f, 0x40, 0x0, 0x0,
    0xdb, 0x0, 0x0, 0x0, 0x0, 0xa, 0xd0, 0x0,
    0x6, 0xf2, 0x0, 0x0, 0x0, 0x24, 0x47, 0xb4,
    0x44, 0x4e, 0xb4, 0x44, 0x0, 0x0, 0x9f, 0xff,
    0xff, 0xff, 0xff, 0xff, 0xff, 0x0, 0x0, 0x0,
    0x0, 0x0, 0xae, 0x0, 0x0, 0x0, 0x0, 0x0,
    0x0, 0x0, 0x0, 0x9e, 0x0, 0x0, 0x0, 0x0,
    0x0, 0x0, 0x0, 0x0, 0x9e, 0x0, 0x0, 0x0,
    0x0, 0xa, 0xff, 0xff, 0xff, 0xff, 0xff, 0xff,
    0xff, 0xe0, 0x4, 0x55, 0x55, 0x56, 0xff, 0xa5,
    0x55, 0x55, 0x50, 0x0, 0x0, 0x0, 0x6, 0xfc,
    0xe1, 0x0, 0x0, 0x0, 0x0, 0x0, 0x0, 0x3f,
    0xc0, 0xdb, 0x0, 0x0, 0x0, 0x0, 0x0, 0x4,
    0xee, 0x10, 0x3f, 0xb0, 0x0, 0x0, 0x0, 0x1,
    0x9f, 0xd2, 0x0, 0x3, 0xfe, 0x50, 0x0, 0x2,
    0x9f, 0xf8, 0x0, 0x0, 0x0, 0x2c, 0xfd, 0x81,
    0xa, 0xe8, 0x10, 0x0, 0x0, 0x0, 0x0, 0x5b,
    0xd0, 0x0, 0x0, 0x0, 0x0, 0x0, 0x0, 0x0,
    0x0, 0x0,

    /* U+5177 "具" */
    0x0, 0x0, 0x22, 0x22, 0x22, 0x22, 0x22, 0x10,
    0x0, 0x0, 0x2, 0xff, 0xff, 0xff, 0xff, 0xff,
    0x60, 0x0, 0x0, 0x2, 0xf1, 0x0, 0x0, 0x0,
    0xe, 0x60, 0x0, 0x0, 0x2, 0xfd, 0xcc, 0xcc,
    0xcc, 0xcf, 0x60, 0x0, 0x0, 0x2, 0xf5, 0x33,
    0x33, 0x33, 0x3e, 0x60, 0x0, 0x0, 0x2, 0xf1,
    0x0, 0x0, 0x0, 0xe, 0x60, 0x0, 0x0, 0x2,
    0xff, 0xff, 0xff, 0xff, 0xff, 0x60, 0x0, 0x0,
    0x2, 0xf1, 0x0, 0x0, 0x0, 0xe, 0x60, 0x0,
    0x0, 0x2, 0xf4, 0x33, 0x33, 0x33, 0x3e, 0x60,
    0x0, 0x0, 0x2, 0xfd, 0xcc, 0xcc, 0xcc, 0xcf,
    0x60, 0x0, 0x0, 0x2, 0xf1, 0x0, 0x0, 0x0,
    0xe, 0x60, 0x0, 0xf, 0xff, 0xff, 0xff, 0xff,
    0xff, 0xff, 0xff, 0xf1, 0x4, 0x44, 0x48, 0x74,
    0x44, 0x49, 0x94, 0x44, 0x40, 0x0, 0x1, 0x9f,
    0xa0, 0x0, 0x9, 0xfc, 0x40, 0x0, 0x1, 0x8f,
    0xe4, 0x0, 0x0, 0x0, 0x2a, 0xfc, 0x30, 0xe,
    0xd6, 0x0, 0x0, 0x0, 0x0, 0x0, 0x3c, 0xe1,
    0x1, 0x0, 0x0, 0x0, 0x0, 0x0, 0x0, 0x0,
    0x10,

    /* U+5178 "典" */
    0x0, 0x0, 0x0, 0x21, 0x0, 0x21, 0x0, 0x0,
    0x0, 0x0, 0x0, 0x0, 0xc7, 0x0, 0xe6, 0x0,
    0x0, 0x0, 0x0, 0x0, 0x0, 0xc7, 0x0, 0xe6,
    0x0, 0x0, 0x0, 0x0, 0xaf, 0xff, 0xff, 0xff,
    0xff, 0xff, 0xf6, 0x0, 0x0, 0xab, 0x44, 0xda,
    0x44, 0xe9, 0x44, 0xf6, 0x0, 0x0, 0xa9, 0x0,
    0xc7, 0x0, 0xe6, 0x0, 0xe6, 0x0, 0x0, 0xa9,
    0x0, 0xc7, 0x0, 0xe6, 0x0, 0xe6, 0x0, 0x0,
    0xaf, 0xdd, 0xfe, 0xdd, 0xfe, 0xdd, 0xf6, 0x0,
    0x0, 0xac, 0x66, 0xea, 0x66, 0xea, 0x66, 0xf6,
    0x0, 0x0, 0xa9, 0x0, 0xc7, 0x0, 0xe6, 0x0,
    0xe6, 0x0, 0x0, 0xa9, 0x0, 0xc7, 0x0, 0xe6,
    0x0, 0xe6, 0x0, 0x0, 0xba, 0x0, 0xd8, 0x0,
    0xe6, 0x0, 0xe7, 0x0, 0x7f, 0xff, 0xff, 0xff,
    0xff, 0xff, 0xff, 0xff, 0xf1, 0x13, 0x33, 0x36,
    0x53, 0x33, 0x38, 0x33, 0x33, 0x30, 0x0, 0x0,
    0x7f, 0xc0, 0x0, 0x3e, 0xe6, 0x0, 0x0, 0x0,
    0x6d, 0xf8, 0x0, 0x0, 0x0, 0x7f, 0xd4, 0x0,
    0x1d, 0xf9, 0x10, 0x0, 0x0, 0x0, 0x1, 0xbf,
    0x50, 0x3, 0x10, 0x0, 0x0, 0x0, 0x0, 0x0,
    0x3, 0x0,

    /* U+517C "兼" */
    0x0, 0x0, 0x30, 0x0, 0x0, 0x0, 0x3, 0x0,
    0x0, 0x0, 0x0, 0xdc, 0x0, 0x0, 0x0, 0x9f,
    0x20, 0x0, 0x0, 0x0, 0x2e, 0x90, 0x0, 0x5,
    0xf5, 0x0, 0x0, 0x9, 0xdd, 0xdf, 0xed, 0xdd,
    0xdf, 0xfd, 0xdd, 0x90, 0x3, 0x44, 0x44, 0xcb,
    0x44, 0xea, 0x44, 0x44, 0x30, 0x0, 0x0, 0x0,
    0xaa, 0x0, 0xd7, 0x0, 0x0, 0x0, 0x0, 0x7f,
    0xff, 0xff, 0xff, 0xff, 0xff, 0xf3, 0x0, 0x0,
    0x1, 0x11, 0xba, 0x11, 0xd8, 0x13, 0xf3, 0x0,
    0x2, 0x22, 0x22, 0xbb, 0x22, 0xd9, 0x24, 0xf6,
    0x20, 0xf, 0xff, 0xff, 0xff, 0xff, 0xff, 0xff,
    0xff, 0xf0, 0x0, 0x0, 0x0, 0xaa, 0x0, 0xd7,
    0x1, 0xf3, 0x0, 0x0, 0x12, 0x22, 0xbb, 0x22,
    0xd8, 0x23, 0xf3, 0x0, 0x0, 0x8e, 0xef, 0xff,
    0xee, 0xff, 0xfe, 0xe3, 0x0, 0x0, 0x0, 0x4e,
    0xfa, 0x0, 0xde, 0xd3, 0x0, 0x0, 0x0, 0x8,
    0xf6, 0xaa, 0x0, 0xd7, 0x5f, 0x81, 0x0, 0x8,
    0xfc, 0x20, 0xaa, 0x0, 0xd7, 0x2, 0xbf, 0xa1,
    0x8, 0x40, 0x0, 0xaa, 0x0, 0xd7, 0x0, 0x3,
    0x70,

    /* U+5185 "内" */
    0x0, 0x0, 0x0, 0x1, 0x10, 0x0, 0x0, 0x0,
    0x0, 0x0, 0x0, 0x9, 0xc0, 0x0, 0x0, 0x0,
    0x0, 0x0, 0x0, 0x9, 0xc0, 0x0, 0x0, 0x0,
    0x0, 0x0, 0x0, 0xa, 0xc0, 0x0, 0x0, 0x0,
    0x3f, 0xff, 0xff, 0xff, 0xff, 0xff, 0xff, 0xf5,
    0x3f, 0x54, 0x44, 0x4c, 0xc4, 0x44, 0x44, 0xf5,
    0x3f, 0x10, 0x0, 0xc, 0x90, 0x0, 0x0, 0xf5,
    0x3f, 0x10, 0x0, 0xf, 0x90, 0x0, 0x0, 0xf5,
    0x3f, 0x10, 0x0, 0x6f, 0xf8, 0x0, 0x0, 0xf5,
    0x3f, 0x10, 0x1, 0xea, 0x4f, 0x90, 0x0, 0xf5,
    0x3f, 0x10, 0xb, 0xe1, 0x3, 0xea, 0x0, 0xf5,
    0x3f, 0x12, 0xce, 0x30, 0x0, 0x3f, 0xb0, 0xf5,
    0x3f, 0x4f, 0xc2, 0x0, 0x0, 0x3, 0xf4, 0xf5,
    0x3f, 0x13, 0x0, 0x0, 0x0, 0x0, 0x0, 0xf5,
    0x3f, 0x10, 0x0, 0x0, 0x0, 0x0, 0x0, 0xf5,
    0x3f, 0x10, 0x0, 0x0, 0x0, 0x16, 0x66, 0xf4,
    0x3f, 0x10, 0x0, 0x0, 0x0, 0xe, 0xee, 0xa0,

    /* U+518C "册" */
    0x0, 0xf, 0xff, 0xff, 0x10, 0xff, 0xff, 0xf7,
    0x0, 0x0, 0xf, 0x75, 0x7f, 0x10, 0xf8, 0x55,
    0xe7, 0x0, 0x0, 0xf, 0x30, 0x3f, 0x10, 0xf4,
    0x0, 0xd7, 0x0, 0x0, 0xf, 0x30, 0x3f, 0x10,
    0xf4, 0x0, 0xd7, 0x0, 0x0, 0xf, 0x30, 0x3f,
    0x10, 0xf4, 0x0, 0xd7, 0x0, 0x0, 0xf, 0x30,
    0x3f, 0x10, 0xf4, 0x0, 0xd7, 0x0, 0x1f, 0xff,
    0xff, 0xff, 0xff, 0xff, 0xff, 0xff, 0xf6, 0x5,
    0x6f, 0x65, 0x7f, 0x66, 0xf7, 0x55, 0xea, 0x52,
    0x0, 0x4f, 0x0, 0x3f, 0x13, 0xf1, 0x0, 0xd7,
    0x0, 0x0, 0x6e, 0x0, 0x3f, 0x15, 0xf0, 0x0,
    0xd7, 0x0, 0x0, 0x8b, 0x0, 0x3f, 0x17, 0xd0,
    0x0, 0xd7, 0x0, 0x0, 0xc9, 0x0, 0x3f, 0x1a,
    0xa0, 0x0, 0xd7, 0x0, 0x2, 0xf3, 0x0, 0x3f,
    0x2f, 0x60, 0x0, 0xd7, 0x0, 0xa, 0xd0, 0x13,
    0x6f, 0x8f, 0x10, 0x12, 0xe7, 0x0, 0xd, 0x40,
    0x4f, 0xfa, 0x88, 0x1, 0xff, 0xf3, 0x0, 0x0,
    0x0, 0x0, 0x0, 0x0, 0x0, 0x11, 0x0, 0x0,

    /* U+518D "再" */
    0x0, 0x0, 0x0, 0x0, 0x0, 0x0, 0x0, 0x0,
    0x0, 0x6, 0xff, 0xff, 0xff, 0xff, 0xff, 0xff,
    0xff, 0xd0, 0x1, 0x33, 0x33, 0x33, 0xad, 0x33,
    0x33, 0x33, 0x30, 0x0, 0x0, 0x0, 0x0, 0x8c,
    0x0, 0x0, 0x0, 0x0, 0x0, 0xf, 0xff, 0xff,
    0xff, 0xff, 0xff, 0xf5, 0x0, 0x0, 0xf, 0x83,
    0x33, 0xad, 0x33, 0x33, 0xf5, 0x0, 0x0, 0xf,
    0x50, 0x0, 0x8c, 0x0, 0x0, 0xf5, 0x0, 0x0,
    0xf, 0x95, 0x55, 0xbe, 0x55, 0x55, 0xf5, 0x0,
    0x0, 0xf, 0xec, 0xcc, 0xef, 0xcc, 0xcc, 0xf5,
    0x0, 0x0, 0xf, 0x50, 0x0, 0x8c, 0x0, 0x0,
    0xf5, 0x0, 0x2, 0x2f, 0x72, 0x22, 0xad, 0x22,
    0x22, 0xf7, 0x21, 0x1f, 0xff, 0xff, 0xff, 0xff,
    0xff, 0xff, 0xff, 0xf8, 0x1, 0x1f, 0x61, 0x11,
    0x11, 0x11, 0x11, 0xf6, 0x10, 0x0, 0xf, 0x50,
    0x0, 0x0, 0x0, 0x0, 0xf5, 0x0, 0x0, 0xf,
    0x50, 0x0, 0x0, 0x4, 0x45, 0xf5, 0x0, 0x0,
    0xf, 0x50, 0x0, 0x0, 0xc, 0xfe, 0xb1, 0x0,

    /* U+5199 "写" */
    0x2, 0x22, 0x22, 0x22, 0x22, 0x22, 0x22, 0x22,
    0x6f, 0xff, 0xff, 0xff, 0xff, 0xff, 0xff, 0xfe,
    0x6e, 0x11, 0x58, 0x11, 0x11, 0x11, 0x11, 0x8e,
    0x6e, 0x0, 0x9c, 0x0, 0x0, 0x0, 0x0, 0x7e,
    0x25, 0x0, 0xdb, 0x33, 0x33, 0x33, 0x32, 0x25,
    0x0, 0x0, 0xff, 0xff, 0xff, 0xff, 0xfa, 0x0,
    0x0, 0x4, 0xf2, 0x0, 0x0, 0x0, 0x0, 0x0,
    0x0, 0x8, 0xe0, 0x0, 0x0, 0x0, 0x0, 0x0,
    0x0, 0xc, 0xff, 0xff, 0xff, 0xff, 0xff, 0x20,
    0x0, 0x3, 0x44, 0x44, 0x44, 0x44, 0x8f, 0x0,
    0x0, 0x0, 0x0, 0x0, 0x0, 0x0, 0x7e, 0x0,
    0x2f, 0xff, 0xff, 0xff, 0xff, 0xf1, 0x9c, 0x0,
    0x4, 0x44, 0x44, 0x44, 0x44, 0x40, 0xc9, 0x0,
    0x0, 0x0, 0x0, 0x0, 0x0, 0x0, 0xf6, 0x0,
    0x0, 0x0, 0x0, 0x1, 0x43, 0x39, 0xf1, 0x0,
    0x0, 0x0, 0x0, 0x1, 0xff, 0xfe, 0x60, 0x0,
    0x0, 0x0, 0x0, 0x0, 0x0, 0x0, 0x0, 0x0,

    /* U+51B0 "冰" */
    0x0, 0x0, 0x0, 0x0, 0x0, 0x37, 0x0, 0x0,
    0x0, 0x0, 0x0, 0x0, 0x0, 0x0, 0x7e, 0x0,
    0x0, 0x0, 0xa, 0x70, 0x0, 0x0, 0x0, 0x7e,
    0x0, 0x0, 0x0, 0x6, 0xfc, 0x10, 0x0, 0x0,
    0x7e, 0x0, 0x0, 0x0, 0x0, 0x3e, 0xc0, 0x0,
    0x0, 0x7f, 0x10, 0x2, 0x40, 0x0, 0x2, 0x34,
    0x55, 0x64, 0x7f, 0x50, 0xd, 0xc0, 0x0, 0x0,
    0xb, 0xff, 0xfc, 0x7f, 0x90, 0xbd, 0x10, 0x0,
    0x0, 0x0, 0x0, 0xa8, 0x7f, 0xea, 0xd1, 0x0,
    0x0, 0x0, 0x0, 0x0, 0xf5, 0x7e, 0xdd, 0x10,
    0x0, 0x0, 0x4, 0xc0, 0x5, 0xf0, 0x7e, 0x7c,
    0x0, 0x0, 0x0, 0xd, 0xa0, 0xc, 0x90, 0x7e,
    0xe, 0x60, 0x0, 0x0, 0x6f, 0x20, 0x5f, 0x20,
    0x7e, 0x6, 0xf1, 0x0, 0x1, 0xe8, 0x2, 0xf7,
    0x0, 0x7e, 0x0, 0xbd, 0x10, 0xa, 0xe0, 0x2e,
    0xc0, 0x0, 0x7e, 0x0, 0x1d, 0xe4, 0x7, 0x50,
    0x3b, 0x0, 0x0, 0x7e, 0x0, 0x1, 0xa4, 0x0,
    0x0, 0x0, 0x0, 0x66, 0xbd, 0x0, 0x0, 0x0,
    0x0, 0x0, 0x0, 0x0, 0xbf, 0xd6, 0x0, 0x0,
    0x0, 0x0, 0x0, 0x0, 0x0, 0x0, 0x0, 0x0,
    0x0, 0x0,

    /* U+51C0 "净" */
    0x0, 0x0, 0x0, 0x0, 0xa7, 0x0, 0x0, 0x0,
    0x0, 0xc, 0x70, 0x0, 0x4, 0xf9, 0x55, 0x52,
    0x0, 0x0, 0x6, 0xf3, 0x0, 0xd, 0xed, 0xdd,
    0xfc, 0x0, 0x0, 0x0, 0xbd, 0x0, 0x9e, 0x10,
    0x4, 0xf3, 0x0, 0x0, 0x0, 0x2f, 0x68, 0xf8,
    0x33, 0x4d, 0xb3, 0x33, 0x0, 0x0, 0x4, 0x2e,
    0xcf, 0xff, 0xff, 0xff, 0xfc, 0x0, 0x0, 0x0,
    0x1, 0x0, 0x0, 0xe5, 0x0, 0x7c, 0x0, 0x0,
    0x0, 0x4, 0x44, 0x44, 0xf8, 0x44, 0x9d, 0x41,
    0x0, 0x0, 0xf, 0xff, 0xff, 0xff, 0xff, 0xff,
    0xf3, 0x0, 0x9, 0x70, 0x0, 0x0, 0xe5, 0x0,
    0x7c, 0x0, 0x0, 0x1f, 0x60, 0x33, 0x33, 0xf8,
    0x33, 0x9c, 0x0, 0x0, 0x8f, 0x0, 0xff, 0xff,
    0xff, 0xff, 0xfc, 0x0, 0x1, 0xe8, 0x0, 0x0,
    0x0, 0xf6, 0x0, 0x7b, 0x0, 0x8, 0xf1, 0x0,
    0x0, 0x0, 0xe5, 0x0, 0x0, 0x0, 0xd, 0x90,
    0x0, 0x2, 0x44, 0xf5, 0x0, 0x0, 0x0, 0x0,
    0x0, 0x0, 0x6, 0xff, 0xc1, 0x0, 0x0, 0x0,
    0x0, 0x0, 0x0, 0x0, 0x0, 0x0, 0x0, 0x0,
    0x0,

    /* U+51D1 "凑" */
    0x0, 0x0, 0x0, 0x0, 0x0, 0xc5, 0x0, 0x0,
    0x0, 0xd, 0x60, 0x1, 0x33, 0x33, 0xf7, 0x33,
    0x33, 0x10, 0x7, 0xf2, 0x7, 0xee, 0xef, 0xfe,
    0xee, 0xee, 0x60, 0x0, 0xcc, 0x0, 0x0, 0x8,
    0xd0, 0x0, 0x0, 0x0, 0x0, 0x2f, 0x50, 0xff,
    0xff, 0xff, 0xff, 0xfe, 0x0, 0x0, 0x1, 0x0,
    0x0, 0x6f, 0x20, 0x0, 0x0, 0x0, 0x0, 0x0,
    0x2d, 0xdd, 0xff, 0xdd, 0xdd, 0xdd, 0xc0, 0x0,
    0x0, 0x4, 0x5e, 0xd5, 0x44, 0xaf, 0x74, 0x40,
    0x0, 0x0, 0x0, 0x9f, 0x52, 0x22, 0x2d, 0xe3,
    0x0, 0x0, 0xd, 0x6c, 0xf5, 0xef, 0xff, 0xf9,
    0xaf, 0xb2, 0x0, 0x4f, 0x3c, 0x30, 0x0, 0xe6,
    0x0, 0x5, 0xb0, 0x0, 0xad, 0x0, 0x34, 0x45,
    0xf7, 0x44, 0x44, 0x0, 0x1, 0xf7, 0x0, 0x8c,
    0xcf, 0xec, 0xcc, 0xca, 0x0, 0x7, 0xf1, 0x0,
    0x0, 0x4f, 0x4a, 0x71, 0x0, 0x0, 0xe, 0xa0,
    0x0, 0x8, 0xf7, 0x5, 0xcf, 0x92, 0x0, 0x7,
    0x30, 0x9, 0xfd, 0x40, 0x0, 0x3, 0xbf, 0x50,
    0x0, 0x0, 0x4, 0x40, 0x0, 0x0, 0x0, 0x4,
    0x0,

    /* U+51E1 "凡" */
    0x0, 0x0, 0x11, 0x11, 0x11, 0x11, 0x10, 0x0,
    0x0, 0x0, 0x0, 0xef, 0xff, 0xff, 0xff, 0xf0,
    0x0, 0x0, 0x0, 0x0, 0xe9, 0x33, 0x33, 0x38,
    0xf0, 0x0, 0x0, 0x0, 0x0, 0xe7, 0x0, 0x0,
    0x5, 0xf0, 0x0, 0x0, 0x0, 0x0, 0xe7, 0x0,
    0x0, 0x5, 0xf0, 0x0, 0x0, 0x0, 0x0, 0xe7,
    0x43, 0x0, 0x5, 0xf0, 0x0, 0x0, 0x0, 0x0,
    0xf7, 0xae, 0x30, 0x5, 0xf0, 0x0, 0x0, 0x0,
    0x0, 0xf6, 0xb, 0xe2, 0x5, 0xf0, 0x0, 0x0,
    0x0, 0x0, 0xf5, 0x0, 0xce, 0x15, 0xf0, 0x0,
    0x0, 0x0, 0x3, 0xf2, 0x0, 0x1d, 0x85, 0xf0,
    0x0, 0x0, 0x0, 0x6, 0xf0, 0x0, 0x1, 0x5,
    0xf0, 0x0, 0x0, 0x0, 0xc, 0xb0, 0x0, 0x0,
    0x5, 0xf0, 0x0, 0x70, 0x0, 0x3f, 0x40, 0x0,
    0x0, 0x5, 0xf0, 0x1, 0xf2, 0x0, 0xbd, 0x0,
    0x0, 0x0, 0x5, 0xf0, 0x2, 0xf1, 0x7, 0xf5,
    0x0, 0x0, 0x0, 0x4, 0xf6, 0x49, 0xe0, 0x4f,
    0x80, 0x0, 0x0, 0x0, 0x0, 0xcf, 0xff, 0x60,
    0x4, 0x0, 0x0, 0x0, 0x0, 0x0, 0x0, 0x0,
    0x0,

    /* U+51FA "出" */
    0x0, 0x0, 0x0, 0x1, 0x0, 0x0, 0x0, 0x0,
    0x0, 0x0, 0x0, 0xe, 0x80, 0x0, 0x0, 0x0,
    0x1, 0x40, 0x0, 0xe, 0x80, 0x0, 0x4, 0x10,
    0x4, 0xf1, 0x0, 0xe, 0x80, 0x0, 0xf, 0x60,
    0x4, 0xf1, 0x0, 0xe, 0x80, 0x0, 0xf, 0x60,
    0x4, 0xf1, 0x0, 0xe, 0x80, 0x0, 0xf, 0x60,
    0x4, 0xf1, 0x0, 0xe, 0x80, 0x0, 0xf, 0x60,
    0x4, 0xf6, 0x55, 0x5f, 0xb5, 0x55, 0x6f, 0x60,
    0x4, 0xff, 0xff, 0xff, 0xff, 0xff, 0xff, 0x50,
    0x18, 0x30, 0x0, 0xe, 0x80, 0x0, 0x3, 0x80,
    0x1f, 0x50, 0x0, 0xe, 0x80, 0x0, 0x5, 0xf1,
    0x1f, 0x50, 0x0, 0xe, 0x80, 0x0, 0x5, 0xf1,
    0x1f, 0x50, 0x0, 0xe, 0x80, 0x0, 0x5, 0xf1,
    0x1f, 0x50, 0x0, 0xe, 0x80, 0x0, 0x5, 0xf1,
    0x1f, 0x50, 0x0, 0xe, 0x80, 0x0, 0x5, 0xf1,
    0x1f, 0xff, 0xff, 0xff, 0xff, 0xff, 0xff, 0xf1,
    0x5, 0x55, 0x55, 0x55, 0x55, 0x55, 0x59, 0xf1,

    /* U+51FB "击" */
    0x0, 0x0, 0x0, 0x1, 0x20, 0x0, 0x0, 0x0,
    0x0, 0x0, 0x0, 0x9, 0xc0, 0x0, 0x0, 0x0,
    0x0, 0x0, 0x0, 0x9, 0xc0, 0x0, 0x0, 0x0,
    0x2, 0x55, 0x55, 0x5b, 0xd5, 0x55, 0x55, 0x30,
    0x6, 0xff, 0xff, 0xff, 0xff, 0xff, 0xff, 0xa0,
    0x0, 0x0, 0x0, 0x9, 0xd0, 0x0, 0x0, 0x0,
    0x0, 0x0, 0x0, 0x9, 0xc0, 0x0, 0x0, 0x0,
    0x12, 0x22, 0x22, 0x2a, 0xd2, 0x22, 0x22, 0x22,
    0xcf, 0xff, 0xff, 0xff, 0xff, 0xff, 0xff, 0xfe,
    0x23, 0x33, 0x33, 0x3a, 0xd3, 0x33, 0x33, 0x32,
    0x3, 0xd2, 0x0, 0x9, 0xc0, 0x0, 0xd, 0x50,
    0x4, 0xf2, 0x0, 0x9, 0xc0, 0x0, 0xf, 0x60,
    0x4, 0xf2, 0x0, 0x9, 0xc0, 0x0, 0xf, 0x60,
    0x4, 0xf2, 0x0, 0x9, 0xc0, 0x0, 0xf, 0x60,
    0x4, 0xf2, 0x0, 0x9, 0xc0, 0x0, 0xf, 0x60,
    0x4, 0xff, 0xff, 0xff, 0xff, 0xff, 0xff, 0x60,
    0x1, 0x55, 0x55, 0x55, 0x55, 0x55, 0x5f, 0x60,

    /* U+51FD "函" */
    0x0, 0x34, 0x44, 0x44, 0x44, 0x44, 0x40, 0x0,
    0x0, 0xaf, 0xff, 0xff, 0xff, 0xff, 0xf3, 0x0,
    0x0, 0x0, 0x0, 0x0, 0x4, 0xcc, 0x10, 0x0,
    0x37, 0x0, 0x0, 0x3, 0xcd, 0x50, 0x0, 0x83,
    0x6e, 0x8, 0x10, 0x6, 0xe0, 0x1, 0xb1, 0xe6,
    0x6e, 0xa, 0xe2, 0x6, 0xe0, 0xb, 0xa0, 0xe6,
    0x6e, 0x0, 0xad, 0x16, 0xe0, 0x7d, 0x0, 0xe6,
    0x6e, 0x0, 0x7, 0x9, 0xfc, 0xe1, 0x0, 0xe6,
    0x6e, 0x0, 0x3, 0xcf, 0xec, 0xd1, 0x0, 0xe6,
    0x6e, 0x0, 0x8f, 0x87, 0xe0, 0xbd, 0x10, 0xe6,
    0x6e, 0x4e, 0xd3, 0x6, 0xe0, 0xc, 0xc0, 0xe6,
    0x6e, 0x29, 0x0, 0x7, 0xe0, 0x1, 0xc2, 0xe6,
    0x6e, 0x0, 0x9, 0xff, 0xb0, 0x0, 0x0, 0xe6,
    0x6e, 0x0, 0x1, 0x32, 0x0, 0x0, 0x0, 0xe6,
    0x6f, 0xff, 0xff, 0xff, 0xff, 0xff, 0xff, 0xf6,
    0x24, 0x44, 0x44, 0x44, 0x44, 0x44, 0x44, 0xf6,

    /* U+5206 "分" */
    0x0, 0x0, 0x4, 0x91, 0x0, 0x8, 0x40, 0x0,
    0x0, 0x0, 0x0, 0xc, 0xc0, 0x0, 0xb, 0xc0,
    0x0, 0x0, 0x0, 0x0, 0x4f, 0x40, 0x0, 0x2,
    0xf6, 0x0, 0x0, 0x0, 0x0, 0xdc, 0x0, 0x0,
    0x0, 0x8f, 0x20, 0x0, 0x0, 0x9, 0xf2, 0x0,
    0x0, 0x0, 0xc, 0xd1, 0x0, 0x0, 0x7f, 0x50,
    0x0, 0x0, 0x0, 0x2, 0xec, 0x10, 0x8, 0xfc,
    0x44, 0x44, 0x44, 0x44, 0x44, 0x7f, 0xd1, 0xa,
    0x9a, 0xff, 0xff, 0xff, 0xff, 0xff, 0x94, 0x90,
    0x0, 0x0, 0x0, 0x4f, 0x20, 0x0, 0xe, 0x80,
    0x0, 0x0, 0x0, 0x0, 0x7e, 0x0, 0x0, 0xe,
    0x70, 0x0, 0x0, 0x0, 0x0, 0xcb, 0x0, 0x0,
    0xf, 0x60, 0x0, 0x0, 0x0, 0x4, 0xf4, 0x0,
    0x0, 0x1f, 0x50, 0x0, 0x0, 0x0, 0x1d, 0xc0,
    0x0, 0x0, 0x3f, 0x30, 0x0, 0x0, 0x1, 0xde,
    0x20, 0x0, 0x0, 0x6f, 0x10, 0x0, 0x1, 0x7e,
    0xe2, 0x0, 0x15, 0x45, 0xcd, 0x0, 0x0, 0x8,
    0xf9, 0x10, 0x0, 0xe, 0xff, 0xe4, 0x0, 0x0,
    0x0, 0x10, 0x0, 0x0, 0x0, 0x0, 0x0, 0x0,
    0x0,

    /* U+5207 "切" */
    0x0, 0x3, 0x0, 0x0, 0x0, 0x0, 0x0, 0x0,
    0x0, 0x0, 0x2f, 0x20, 0x1, 0x55, 0x55, 0x55,
    0x55, 0x50, 0x0, 0x2f, 0x20, 0x5, 0xff, 0xff,
    0xff, 0xff, 0xf0, 0x0, 0x2f, 0x20, 0x0, 0x0,
    0x8c, 0x0, 0x6, 0xf0, 0x0, 0x2f, 0x45, 0x98,
    0x0, 0x9b, 0x0, 0x6, 0xe0, 0x38, 0xcf, 0xfd,
    0xa6, 0x0, 0xab, 0x0, 0x7, 0xe0, 0x4a, 0x8f,
    0x30, 0x0, 0x0, 0xba, 0x0, 0x8, 0xd0, 0x0,
    0x2f, 0x20, 0x0, 0x0, 0xd8, 0x0, 0x8, 0xd0,
    0x0, 0x2f, 0x20, 0x0, 0x0, 0xf5, 0x0, 0x9,
    0xc0, 0x0, 0x2f, 0x20, 0x0, 0x3, 0xf2, 0x0,
    0xa, 0xb0, 0x0, 0x2f, 0x22, 0x8c, 0x7, 0xf0,
    0x0, 0xb, 0xa0, 0x0, 0x4f, 0xcf, 0xc5, 0xe,
    0x90, 0x0, 0xc, 0x90, 0x0, 0xbf, 0xa3, 0x0,
    0x7f, 0x20, 0x0, 0xe, 0x70, 0x0, 0x42, 0x0,
    0x4, 0xf8, 0x0, 0x0, 0x1f, 0x50, 0x0, 0x0,
    0x0, 0x7f, 0xb0, 0x3, 0x55, 0xbf, 0x20, 0x0,
    0x0, 0x1, 0xe9, 0x0, 0x5, 0xff, 0xe7, 0x0,
    0x0, 0x0, 0x0, 0x0, 0x0, 0x0, 0x0, 0x0,
    0x0,

    /* U+521D "初" */
    0x0, 0x0, 0x0, 0x0, 0x0, 0x0, 0x0, 0x0,
    0x0, 0x0, 0xd6, 0x0, 0x0, 0x0, 0x0, 0x0,
    0x0, 0x0, 0x6, 0xf1, 0x5, 0x99, 0x99, 0x99,
    0x99, 0x50, 0x0, 0xa, 0x30, 0x5b, 0xbe, 0xeb,
    0xbb, 0xe9, 0x1f, 0xff, 0xff, 0xd0, 0x0, 0xba,
    0x0, 0xc, 0x80, 0x44, 0x44, 0xcb, 0x0, 0xc,
    0x90, 0x0, 0xc8, 0x0, 0x0, 0x3f, 0x30, 0x0,
    0xd8, 0x0, 0xd, 0x70, 0x0, 0xd, 0x91, 0x30,
    0xe, 0x60, 0x0, 0xd7, 0x0, 0xa, 0xf2, 0xc9,
    0x1, 0xf4, 0x0, 0xe, 0x60, 0x9, 0xff, 0xf9,
    0x0, 0x4f, 0x10, 0x0, 0xf5, 0xa, 0xfb, 0xfa,
    0xc0, 0x7, 0xe0, 0x0, 0xf, 0x53, 0xf4, 0x6f,
    0xd, 0x70, 0xca, 0x0, 0x1, 0xf4, 0x2, 0x6,
    0xf0, 0x20, 0x3f, 0x40, 0x0, 0x2f, 0x20, 0x0,
    0x6f, 0x0, 0xa, 0xd0, 0x0, 0x4, 0xf1, 0x0,
    0x6, 0xf0, 0x5, 0xf6, 0x0, 0x0, 0x7f, 0x0,
    0x0, 0x6f, 0x4, 0xfa, 0x0, 0x44, 0x5d, 0xb0,
    0x0, 0x6, 0xf0, 0x6c, 0x0, 0xd, 0xff, 0xc2,
    0x0, 0x0, 0x1, 0x0, 0x0, 0x0, 0x0, 0x0,
    0x0,

    /* U+5229 "利" */
    0x0, 0x0, 0x0, 0x0, 0x0, 0x0, 0x0, 0x0,
    0x0, 0x0, 0x0, 0x26, 0xbb, 0x0, 0x0, 0x0,
    0xb5, 0x6, 0x9b, 0xef, 0xd9, 0x40, 0x0, 0x0,
    0xe, 0x60, 0xb9, 0x68, 0xf0, 0x0, 0x4, 0xf0,
    0x0, 0xe6, 0x0, 0x0, 0x4f, 0x0, 0x0, 0x4f,
    0x0, 0xe, 0x60, 0x0, 0x4, 0xf0, 0x0, 0x4,
    0xf0, 0x0, 0xe6, 0xb, 0xbb, 0xcf, 0xbb, 0xb5,
    0x4f, 0x0, 0xe, 0x60, 0x88, 0x8d, 0xf8, 0x88,
    0x44, 0xf0, 0x0, 0xe6, 0x0, 0x1, 0xff, 0x0,
    0x0, 0x4f, 0x0, 0xe, 0x60, 0x0, 0x9f, 0xfb,
    0x10, 0x4, 0xf0, 0x0, 0xe6, 0x0, 0x2f, 0x7f,
    0xbd, 0x20, 0x4f, 0x0, 0xe, 0x60, 0xc, 0x94,
    0xf0, 0xbe, 0x24, 0xf0, 0x0, 0xe6, 0x8, 0xe1,
    0x4f, 0x0, 0x90, 0x4f, 0x0, 0xe, 0x64, 0xf4,
    0x4, 0xf0, 0x0, 0x0, 0x0, 0x0, 0xe6, 0x5,
    0x0, 0x4f, 0x0, 0x0, 0x0, 0x0, 0xe, 0x60,
    0x0, 0x4, 0xf0, 0x0, 0x0, 0x5, 0x55, 0xf6,
    0x0, 0x0, 0x4f, 0x0, 0x0, 0x0, 0xdf, 0xfb,
    0x10, 0x0, 0x0, 0x0, 0x0, 0x0, 0x0, 0x0,
    0x0,

    /* U+5247 "則" */
    0x1, 0x66, 0x66, 0x66, 0x60, 0x0, 0x0, 0xb,
    0x50, 0x4f, 0xcc, 0xcc, 0xee, 0x0, 0x0, 0x0,
    0xe6, 0x4, 0xf0, 0x0, 0x6, 0xe0, 0x4f, 0x0,
    0xe, 0x60, 0x4f, 0x0, 0x0, 0x6e, 0x4, 0xf0,
    0x0, 0xe6, 0x4, 0xff, 0xff, 0xff, 0xe0, 0x4f,
    0x0, 0xe, 0x60, 0x4f, 0x11, 0x11, 0x8e, 0x4,
    0xf0, 0x0, 0xe6, 0x4, 0xf0, 0x0, 0x6, 0xe0,
    0x4f, 0x0, 0xe, 0x60, 0x4f, 0x99, 0x99, 0xce,
    0x4, 0xf0, 0x0, 0xe6, 0x4, 0xf7, 0x77, 0x7b,
    0xe0, 0x4f, 0x0, 0xe, 0x60, 0x4f, 0x0, 0x0,
    0x6e, 0x4, 0xf0, 0x0, 0xe6, 0x4, 0xf4, 0x44,
    0x49, 0xe0, 0x4f, 0x0, 0xe, 0x60, 0x4f, 0xff,
    0xff, 0xfe, 0x4, 0xf0, 0x0, 0xe6, 0x0, 0x17,
    0x10, 0x36, 0x0, 0x0, 0x0, 0xe, 0x60, 0xb,
    0xd0, 0x4, 0xf5, 0x0, 0x0, 0x0, 0xe6, 0x9,
    0xf3, 0x0, 0x7, 0xf1, 0x0, 0x55, 0x5f, 0x51,
    0xc4, 0x0, 0x0, 0x8, 0x10, 0xc, 0xff, 0xb1,
    0x0, 0x0, 0x0, 0x0, 0x0, 0x0, 0x0, 0x0,
    0x0,

    /* U+524D "前" */
    0x0, 0x0, 0x0, 0x0, 0x0, 0x0, 0x1, 0x0,
    0x0, 0x0, 0x0, 0xe8, 0x0, 0x0, 0x0, 0x5f,
    0x30, 0x0, 0x0, 0x0, 0x5f, 0x30, 0x0, 0x0,
    0xda, 0x0, 0x0, 0x4, 0x44, 0x4d, 0xa4, 0x44,
    0x49, 0xf5, 0x44, 0x40, 0xf, 0xff, 0xff, 0xff,
    0xff, 0xff, 0xff, 0xff, 0xf0, 0x0, 0x0, 0x0,
    0x0, 0x0, 0x0, 0x0, 0x0, 0x0, 0x0, 0x56,
    0x66, 0x66, 0x40, 0x3, 0x0, 0x5a, 0x0, 0x0,
    0xed, 0xbb, 0xbe, 0xa0, 0x1f, 0x10, 0x7d, 0x0,
    0x0, 0xe5, 0x0, 0xa, 0xa0, 0x1f, 0x10, 0x7d,
    0x0, 0x0, 0xea, 0x77, 0x7d, 0xa0, 0x1f, 0x10,
    0x7d, 0x0, 0x0, 0xeb, 0x99, 0x9d, 0xa0, 0x1f,
    0x10, 0x7d, 0x0, 0x0, 0xe5, 0x0, 0xa, 0xa0,
    0x1f, 0x10, 0x7d, 0x0, 0x0, 0xeb, 0x99, 0x9d,
    0xa0, 0x1f, 0x10, 0x7d, 0x0, 0x0, 0xea, 0x77,
    0x7c, 0xa0, 0x1f, 0x10, 0x7d, 0x0, 0x0, 0xe5,
    0x0, 0xa, 0xa0, 0x1, 0x0, 0x7d, 0x0, 0x0,
    0xe5, 0x2, 0x2c, 0xa0, 0x0, 0x44, 0xad, 0x0,
    0x0, 0xe5, 0xa, 0xfd, 0x50, 0x0, 0xef, 0xd6,
    0x0, 0x0, 0x0, 0x0, 0x0, 0x0, 0x0, 0x0,
    0x0, 0x0,

    /* U+5275 "創" */
    0x0, 0x0, 0x0, 0x10, 0x0, 0x0, 0x0, 0x3,
    0x10, 0x0, 0x0, 0x9e, 0x0, 0x0, 0x0, 0x0,
    0xe5, 0x0, 0x0, 0x6f, 0xdc, 0x20, 0x1, 0x50,
    0xe, 0x50, 0x0, 0x8f, 0x71, 0x9f, 0x60, 0x3f,
    0x0, 0xe5, 0x2, 0xcf, 0x39, 0xa0, 0x4e, 0x73,
    0xf0, 0xe, 0x50, 0xdc, 0x10, 0xb, 0x10, 0x11,
    0x3f, 0x0, 0xe5, 0x2, 0x4d, 0xdd, 0xdd, 0xdb,
    0x3, 0xf0, 0xe, 0x50, 0x4, 0xd1, 0x11, 0x16,
    0xd0, 0x3f, 0x0, 0xe5, 0x0, 0x5f, 0xbb, 0xbb,
    0xdd, 0x3, 0xf0, 0xe, 0x50, 0x6, 0xd2, 0x22,
    0x27, 0xd0, 0x3f, 0x0, 0xe5, 0x0, 0x7c, 0x33,
    0x33, 0x7d, 0x3, 0xf0, 0xe, 0x50, 0x9, 0xec,
    0xcc, 0xcc, 0xa0, 0x3f, 0x0, 0xe5, 0x0, 0xd8,
    0x33, 0x33, 0x33, 0x3, 0xf0, 0xe, 0x50, 0x2f,
    0x7f, 0xcc, 0xcd, 0xe0, 0x0, 0x0, 0xe5, 0x9,
    0xd4, 0xe0, 0x0, 0x4e, 0x0, 0x0, 0xe, 0x51,
    0xf4, 0x4f, 0xdd, 0xdd, 0xe0, 0x2, 0x45, 0xf5,
    0x3, 0x4, 0xe3, 0x33, 0x6d, 0x0, 0x3f, 0xfb,
    0x10, 0x0, 0x0, 0x0, 0x0, 0x0, 0x0, 0x0,
    0x0,

    /* U+529B "力" */
    0x0, 0x0, 0x0, 0x1, 0x0, 0x0, 0x0, 0x0,
    0x0, 0x0, 0x0, 0x7e, 0x0, 0x0, 0x0, 0x0,
    0x0, 0x0, 0x0, 0x7e, 0x0, 0x0, 0x0, 0x0,
    0x0, 0x0, 0x0, 0x7e, 0x0, 0x0, 0x0, 0x0,
    0x13, 0x33, 0x33, 0x9f, 0x33, 0x33, 0x33, 0x31,
    0x5f, 0xff, 0xff, 0xff, 0xff, 0xff, 0xff, 0xf6,
    0x12, 0x22, 0x22, 0xbd, 0x22, 0x22, 0x23, 0xf5,
    0x0, 0x0, 0x0, 0xca, 0x0, 0x0, 0x0, 0xf4,
    0x0, 0x0, 0x0, 0xf8, 0x0, 0x0, 0x1, 0xf3,
    0x0, 0x0, 0x4, 0xf4, 0x0, 0x0, 0x3, 0xf2,
    0x0, 0x0, 0xa, 0xe0, 0x0, 0x0, 0x4, 0xf1,
    0x0, 0x0, 0x2f, 0x80, 0x0, 0x0, 0x6, 0xf0,
    0x0, 0x0, 0xbe, 0x10, 0x0, 0x0, 0x8, 0xe0,
    0x0, 0x9, 0xf5, 0x0, 0x0, 0x0, 0xb, 0xb0,
    0x0, 0x9f, 0x80, 0x0, 0x0, 0x0, 0xe, 0x80,
    0x2c, 0xf7, 0x0, 0x0, 0x6, 0x55, 0xaf, 0x30,
    0x8e, 0x40, 0x0, 0x0, 0xb, 0xff, 0xe8, 0x0,
    0x0, 0x0, 0x0, 0x0, 0x0, 0x0, 0x0, 0x0,

    /* U+529F "功" */
    0x0, 0x0, 0x0, 0x0, 0x0, 0x3d, 0x10, 0x0,
    0x0, 0x0, 0x0, 0x0, 0x0, 0x4, 0xf1, 0x0,
    0x0, 0x1f, 0xff, 0xff, 0xf8, 0x0, 0x4f, 0x10,
    0x0, 0x0, 0x44, 0x9f, 0x44, 0x20, 0x4, 0xf0,
    0x0, 0x0, 0x0, 0x6, 0xe0, 0x5, 0xff, 0xff,
    0xff, 0xff, 0xe0, 0x0, 0x6e, 0x0, 0x14, 0x49,
    0xf4, 0x44, 0x9e, 0x0, 0x6, 0xe0, 0x0, 0x0,
    0x8d, 0x0, 0x7, 0xd0, 0x0, 0x6e, 0x0, 0x0,
    0xa, 0xb0, 0x0, 0x8c, 0x0, 0x6, 0xe0, 0x0,
    0x0, 0xc9, 0x0, 0x9, 0xb0, 0x0, 0x6e, 0x0,
    0x10, 0x1f, 0x50, 0x0, 0xaa, 0x0, 0x7, 0xfa,
    0xee, 0x6, 0xf0, 0x0, 0xb, 0x92, 0xae, 0xff,
    0xa6, 0x10, 0xdb, 0x0, 0x0, 0xd8, 0x1c, 0x73,
    0x0, 0x0, 0x8f, 0x20, 0x0, 0xf, 0x60, 0x0,
    0x0, 0x0, 0x4f, 0x70, 0x0, 0x2, 0xf4, 0x0,
    0x0, 0x0, 0x7f, 0xb0, 0x4, 0x44, 0xbf, 0x10,
    0x0, 0x0, 0x2e, 0x80, 0x0, 0x7f, 0xfe, 0x60,
    0x0, 0x0, 0x0, 0x0, 0x0, 0x0, 0x0, 0x0,
    0x0,

    /* U+52A8 "动" */
    0x0, 0x0, 0x0, 0x0, 0x0, 0x3, 0xc0, 0x0,
    0x0, 0x5, 0xdd, 0xdd, 0xdd, 0x70, 0x4, 0xf0,
    0x0, 0x0, 0x2, 0x55, 0x55, 0x55, 0x30, 0x4,
    0xf0, 0x0, 0x0, 0x0, 0x0, 0x0, 0x0, 0x0,
    0x5, 0xf1, 0x0, 0x0, 0x0, 0x0, 0x0, 0x0,
    0xd, 0xff, 0xff, 0xff, 0xf0, 0x4, 0x44, 0x44,
    0x44, 0x45, 0x6a, 0xf6, 0x69, 0xf0, 0xf, 0xff,
    0xff, 0xff, 0xd0, 0x7, 0xd0, 0x6, 0xf0, 0x0,
    0xb, 0xa0, 0x0, 0x0, 0x8, 0xc0, 0x6, 0xe0,
    0x0, 0xf, 0x50, 0x43, 0x0, 0xa, 0xa0, 0x7,
    0xd0, 0x0, 0x4f, 0x10, 0x7c, 0x0, 0xe, 0x70,
    0x8, 0xc0, 0x0, 0x9b, 0x0, 0x1f, 0x30, 0x1f,
    0x40, 0x9, 0xb0, 0x0, 0xe5, 0x3, 0x6e, 0x90,
    0x7f, 0x0, 0xa, 0xa0, 0x8, 0xfd, 0xff, 0xca,
    0xe0, 0xd9, 0x0, 0xc, 0x90, 0x9, 0xb7, 0x30,
    0x0, 0x87, 0xf3, 0x0, 0xe, 0x70, 0x0, 0x0,
    0x0, 0x0, 0x3f, 0xa1, 0x54, 0x8f, 0x30, 0x0,
    0x0, 0x0, 0x0, 0x6d, 0x0, 0xef, 0xf9, 0x0,
    0x0, 0x0, 0x0, 0x0, 0x0, 0x0, 0x0, 0x0,
    0x0,

    /* U+52AA "努" */
    0x0, 0x0, 0x11, 0x0, 0x0, 0x0, 0x0, 0x0,
    0x0, 0x0, 0x0, 0xab, 0x0, 0x0, 0x0, 0x0,
    0x0, 0x0, 0x1, 0x12, 0xf6, 0x11, 0x18, 0xff,
    0xff, 0xff, 0x80, 0xf, 0xff, 0xff, 0xff, 0xc1,
    0xe5, 0x22, 0x3f, 0x30, 0x0, 0x3f, 0x50, 0x1d,
    0x60, 0x9b, 0x0, 0x8d, 0x0, 0x0, 0xbe, 0x0,
    0x7f, 0x10, 0x2f, 0x63, 0xf4, 0x0, 0x0, 0x6d,
    0xe8, 0xf6, 0x0, 0x5, 0xfe, 0x70, 0x0, 0x0,
    0x0, 0x9f, 0xf7, 0x0, 0x8, 0xff, 0x80, 0x0,
    0x2, 0x6c, 0xe5, 0x5e, 0x69, 0xed, 0x44, 0xee,
    0x81, 0x1e, 0xc7, 0x0, 0x0, 0x69, 0x40, 0x0,
    0x6, 0x90, 0x0, 0x0, 0x0, 0x0, 0xf6, 0x0,
    0x0, 0x0, 0x0, 0x0, 0xce, 0xee, 0xef, 0xff,
    0xee, 0xee, 0xed, 0x0, 0x0, 0x33, 0x33, 0x3b,
    0xd3, 0x33, 0x33, 0xbc, 0x0, 0x0, 0x0, 0x0,
    0x4f, 0x60, 0x0, 0x0, 0xca, 0x0, 0x0, 0x0,
    0x6, 0xf9, 0x0, 0x0, 0x0, 0xf7, 0x0, 0x0,
    0x48, 0xef, 0x70, 0x0, 0x12, 0x27, 0xf3, 0x0,
    0x8, 0xfc, 0x71, 0x0, 0x0, 0x4f, 0xff, 0x90,
    0x0, 0x0, 0x0, 0x0, 0x0, 0x0, 0x0, 0x0,
    0x0, 0x0,

    /* U+52B2 "劲" */
    0x0, 0x0, 0x0, 0x0, 0x0, 0x0, 0x20, 0x0,
    0x0, 0x0, 0x0, 0x0, 0x0, 0x0, 0x5e, 0x0,
    0x0, 0xe, 0xff, 0xff, 0xfe, 0x20, 0x5, 0xe0,
    0x0, 0x0, 0x44, 0x44, 0x4d, 0xc0, 0x0, 0x5e,
    0x0, 0x0, 0x0, 0x0, 0x7, 0xf3, 0x0, 0x5,
    0xe0, 0x0, 0x0, 0x0, 0x8, 0xf8, 0x0, 0xcf,
    0xff, 0xff, 0xf7, 0x0, 0x2b, 0xfa, 0xf9, 0x4,
    0x49, 0xe4, 0x4d, 0x71, 0x9f, 0xc2, 0x4, 0xed,
    0x10, 0x7c, 0x0, 0xd7, 0x2d, 0x60, 0x0, 0x1,
    0x70, 0x9, 0xa0, 0xd, 0x70, 0x44, 0x44, 0x44,
    0x41, 0x0, 0xa9, 0x0, 0xd7, 0xd, 0xff, 0xff,
    0xff, 0x50, 0xd, 0x70, 0xd, 0x60, 0x0, 0xd,
    0x60, 0x0, 0x1, 0xf3, 0x0, 0xe6, 0x0, 0x0,
    0xd6, 0x0, 0x0, 0x5f, 0x0, 0xe, 0x50, 0x0,
    0xd, 0x60, 0x12, 0xc, 0xa0, 0x0, 0xf5, 0x0,
    0x14, 0xed, 0xdf, 0xa4, 0xf3, 0x0, 0x1f, 0x43,
    0xef, 0xfc, 0x95, 0x23, 0xfa, 0x1, 0x48, 0xf1,
    0x16, 0x30, 0x0, 0x0, 0xdb, 0x0, 0x3f, 0xf9,
    0x0, 0x0, 0x0, 0x0, 0x2, 0x0, 0x0, 0x0,
    0x0,

    /* U+52BF "势" */
    0x0, 0x0, 0x10, 0x0, 0x0, 0x1, 0x0, 0x0,
    0x0, 0x0, 0x3, 0xf0, 0x0, 0x0, 0x5e, 0x0,
    0x0, 0x0, 0x3, 0x36, 0xf4, 0x32, 0x33, 0x8e,
    0x33, 0x30, 0x0, 0xe, 0xff, 0xff, 0xf9, 0xee,
    0xff, 0xee, 0xf0, 0x0, 0x0, 0x3, 0xf0, 0x0,
    0x10, 0xaa, 0x3, 0xf0, 0x0, 0x0, 0x26, 0xf9,
    0xc8, 0xfa, 0xe6, 0x3, 0xf0, 0x0, 0x1f, 0xff,
    0xf9, 0x62, 0x2c, 0xf8, 0x2, 0xf0, 0x0, 0x4,
    0x13, 0xf0, 0x0, 0x1e, 0xce, 0xc2, 0xf2, 0xb1,
    0x1, 0x47, 0xf0, 0x6, 0xec, 0x1, 0xb1, 0xcb,
    0xf1, 0x1, 0xdc, 0x70, 0x8, 0xb0, 0x0, 0x0,
    0x2a, 0x60, 0x0, 0x0, 0x0, 0x9, 0xe0, 0x0,
    0x0, 0x0, 0x0, 0x6, 0xff, 0xff, 0xff, 0xff,
    0xff, 0xff, 0xf9, 0x0, 0x1, 0x22, 0x22, 0x6f,
    0x62, 0x22, 0x23, 0xf7, 0x0, 0x0, 0x0, 0x1,
    0xdc, 0x0, 0x0, 0x3, 0xf5, 0x0, 0x0, 0x0,
    0x3d, 0xe1, 0x0, 0x0, 0x6, 0xf2, 0x0, 0x2,
    0x6b, 0xfb, 0x10, 0x1, 0x32, 0x3c, 0xe0, 0x0,
    0x1e, 0xe9, 0x40, 0x0, 0x1, 0xff, 0xfe, 0x40,
    0x0, 0x1, 0x0, 0x0, 0x0, 0x0, 0x0, 0x0,
    0x0, 0x0,

    /* U+52C5 "勅" */
    0x0, 0x0, 0x26, 0x0, 0x0, 0x1, 0x40, 0x0,
    0x0, 0x0, 0x6, 0xd0, 0x0, 0x0, 0x4f, 0x0,
    0x0, 0x0, 0x0, 0x6d, 0x0, 0x0, 0x4, 0xf0,
    0x0, 0x0, 0xff, 0xff, 0xff, 0xff, 0x60, 0x4f,
    0x0, 0x0, 0x3, 0x33, 0x8e, 0x33, 0x31, 0x4,
    0xf0, 0x0, 0x0, 0x12, 0x28, 0xe2, 0x22, 0x6e,
    0xef, 0xee, 0xec, 0x9, 0xff, 0xff, 0xff, 0xf5,
    0x59, 0xf5, 0x5a, 0xd0, 0x98, 0x6, 0xd0, 0xf,
    0x20, 0x7d, 0x0, 0x7d, 0x9, 0x80, 0x6d, 0x0,
    0xf2, 0x8, 0xb0, 0x8, 0xc0, 0x99, 0x28, 0xe2,
    0x2f, 0x20, 0xaa, 0x0, 0x8b, 0x9, 0xee, 0xff,
    0xee, 0xe2, 0xe, 0x60, 0x9, 0xb0, 0x0, 0x2f,
    0xf7, 0x0, 0x2, 0xf3, 0x0, 0xaa, 0x0, 0xd,
    0xee, 0xcb, 0x10, 0x7e, 0x0, 0xb, 0x90, 0x1c,
    0xc7, 0xd0, 0xad, 0x1e, 0x70, 0x0, 0xc8, 0x3e,
    0xc1, 0x6d, 0x0, 0x39, 0xe0, 0x0, 0xf, 0x61,
    0x80, 0x6, 0xd0, 0x9, 0xf5, 0x4, 0x48, 0xf3,
    0x0, 0x0, 0x6d, 0x1, 0xd5, 0x0, 0xbf, 0xe9,
    0x0, 0x0, 0x0, 0x0, 0x0, 0x0, 0x0, 0x0,
    0x0,

    /* U+52CB "勋" */
    0x0, 0x0, 0x0, 0x0, 0x0, 0x0, 0x10, 0x0,
    0x0, 0x1, 0x11, 0x11, 0x11, 0x0, 0xf, 0x50,
    0x0, 0x0, 0xbf, 0xee, 0xef, 0xe0, 0x0, 0xf5,
    0x0, 0x0, 0xb, 0x70, 0x0, 0x5e, 0x0, 0xf,
    0x50, 0x0, 0x0, 0xbd, 0xbb, 0xbd, 0xe1, 0x55,
    0xf9, 0x55, 0x40, 0x3, 0x44, 0x44, 0x43, 0x5f,
    0xff, 0xff, 0xfe, 0x0, 0x22, 0x22, 0x22, 0x21,
    0x11, 0xf5, 0x17, 0xe0, 0x4f, 0xff, 0xff, 0xff,
    0x50, 0x1f, 0x30, 0x6d, 0x4, 0xe0, 0x0, 0x0,
    0xc5, 0x2, 0xf2, 0x7, 0xd0, 0x4e, 0x2, 0xf1,
    0xc, 0x50, 0x3f, 0x10, 0x7c, 0x4, 0xe0, 0x2f,
    0x10, 0xc5, 0x6, 0xe0, 0x8, 0xc0, 0x4e, 0x2,
    0xf1, 0xc, 0x50, 0x8c, 0x0, 0x8b, 0x4, 0xe0,
    0x4f, 0x0, 0xc5, 0xc, 0x90, 0x9, 0xa0, 0x3d,
    0x9, 0xb0, 0xb, 0x52, 0xf3, 0x0, 0xb9, 0x0,
    0x6, 0xf5, 0xe8, 0x0, 0x8d, 0x0, 0xd, 0x80,
    0x29, 0xf5, 0x3, 0xea, 0x4f, 0x53, 0x46, 0xf5,
    0x2f, 0xc3, 0x0, 0x2, 0x39, 0x90, 0x6f, 0xfb,
    0x0, 0x10, 0x0, 0x0, 0x0, 0x0, 0x0, 0x0,
    0x0,

    /* U+52D2 "勒" */
    0x0, 0x1, 0x0, 0x0, 0x0, 0x0, 0x0, 0x0,
    0x0, 0x3, 0xe0, 0x6, 0xc0, 0x0, 0x3f, 0x0,
    0x0, 0x2, 0x5e, 0x22, 0x7c, 0x21, 0x3, 0xf0,
    0x0, 0x1, 0xef, 0xfe, 0xef, 0xfe, 0x90, 0x4f,
    0x0, 0x0, 0x0, 0x3e, 0x0, 0x6c, 0x0, 0x4,
    0xf0, 0x0, 0x0, 0x3, 0xfb, 0xbd, 0xc0, 0xee,
    0xef, 0xee, 0xe9, 0x0, 0x3, 0x8e, 0x32, 0x3,
    0x38, 0xf3, 0x3c, 0x90, 0x6c, 0xcd, 0xfc, 0xcc,
    0x0, 0x7d, 0x0, 0xb9, 0x8, 0xb4, 0x8d, 0x46,
    0xf0, 0x8, 0xc0, 0xb, 0x80, 0x89, 0x5, 0xc0,
    0x1f, 0x0, 0xaa, 0x0, 0xc8, 0x8, 0xb4, 0x8d,
    0x45, 0xf0, 0xe, 0x60, 0xd, 0x70, 0x6c, 0xce,
    0xfc, 0xcc, 0x2, 0xf3, 0x0, 0xd6, 0x0, 0x0,
    0x6d, 0x0, 0x0, 0x7e, 0x0, 0xe, 0x53, 0xff,
    0xff, 0xff, 0xff, 0xbe, 0x70, 0x0, 0xf4, 0x3,
    0x33, 0x8e, 0x33, 0x3c, 0xf0, 0x0, 0x2f, 0x30,
    0x0, 0x6, 0xd0, 0x9, 0xf5, 0x4, 0x39, 0xf0,
    0x0, 0x0, 0x6d, 0x0, 0xc5, 0x0, 0xdf, 0xf7,
    0x0, 0x0, 0x0, 0x10, 0x0, 0x0, 0x0, 0x0,
    0x0,

    /* U+52D5 "動" */
    0x1, 0x23, 0x46, 0x8a, 0xd3, 0x0, 0xe3, 0x0,
    0x0, 0xa, 0xed, 0xdf, 0xa7, 0x41, 0x0, 0xf4,
    0x0, 0x0, 0x0, 0x0, 0x3f, 0x10, 0x0, 0x0,
    0xf3, 0x0, 0x0, 0x1f, 0xff, 0xff, 0xff, 0xfe,
    0x1, 0xf3, 0x0, 0x0, 0x0, 0x0, 0x2f, 0x10,
    0x3, 0xee, 0xff, 0xee, 0xe0, 0x7, 0xee, 0xff,
    0xfe, 0xe9, 0x35, 0xf5, 0x37, 0xf0, 0x8, 0x90,
    0x2f, 0x10, 0x89, 0x4, 0xf1, 0x4, 0xf0, 0x8,
    0xed, 0xdf, 0xdd, 0xe9, 0x6, 0xf0, 0x5, 0xf0,
    0x8, 0x90, 0x3f, 0x20, 0x99, 0x8, 0xd0, 0x6,
    0xe0, 0x8, 0xa2, 0x5f, 0x42, 0xa9, 0xa, 0xa0,
    0x6, 0xe0, 0x6, 0xbb, 0xcf, 0xcb, 0xb6, 0xd,
    0x60, 0x7, 0xd0, 0x1, 0x22, 0x4f, 0x32, 0x21,
    0x3f, 0x20, 0x8, 0xc0, 0x8, 0xee, 0xef, 0xee,
    0xe8, 0xab, 0x0, 0xa, 0xb0, 0x0, 0x0, 0x2f,
    0x22, 0x46, 0xf3, 0x0, 0xc, 0x90, 0xb, 0xcd,
    0xef, 0xdb, 0xdf, 0x80, 0x34, 0x6f, 0x50, 0x5,
    0x42, 0x0, 0x0, 0xb8, 0x0, 0x7f, 0xfb, 0x0,
    0x0, 0x0, 0x0, 0x0, 0x0, 0x0, 0x0, 0x0,
    0x0,

    /* U+5300 "匀" */
    0x0, 0x0, 0x0, 0x0, 0x0, 0x0, 0x0, 0x0,
    0x0, 0x0, 0x0, 0xba, 0x0, 0x0, 0x0, 0x0,
    0x0, 0x0, 0x0, 0x2f, 0x50, 0x0, 0x0, 0x0,
    0x0, 0x0, 0x0, 0xa, 0xf2, 0x22, 0x22, 0x22,
    0x22, 0x20, 0x0, 0x3, 0xff, 0xff, 0xff, 0xff,
    0xff, 0xff, 0x20, 0x0, 0xdc, 0x32, 0x22, 0x22,
    0x22, 0x26, 0xf2, 0x0, 0x9f, 0x20, 0x0, 0x0,
    0x0, 0x0, 0x4f, 0x10, 0x7f, 0x62, 0xe7, 0x0,
    0x0, 0x0, 0x4, 0xf1, 0x2f, 0x80, 0x6, 0xed,
    0x40, 0x0, 0x0, 0x5f, 0x0, 0x30, 0x0, 0x1,
    0xaf, 0x80, 0x0, 0x6, 0xf0, 0x0, 0x0, 0x0,
    0x0, 0x42, 0x0, 0x0, 0x7e, 0x0, 0x0, 0x0,
    0x0, 0x0, 0x49, 0xa0, 0x8, 0xd0, 0x0, 0x0,
    0x1, 0x5a, 0xff, 0xb5, 0x0, 0xac, 0x0, 0x1,
    0x6b, 0xff, 0xb5, 0x0, 0x0, 0xc, 0xa0, 0x0,
    0x4f, 0xb6, 0x10, 0x0, 0x0, 0x0, 0xf7, 0x0,
    0x0, 0x0, 0x0, 0x0, 0x55, 0x54, 0xaf, 0x20,
    0x0, 0x0, 0x0, 0x0, 0x8, 0xff, 0xfe, 0x70,
    0x0, 0x0, 0x0, 0x0, 0x0, 0x0, 0x0, 0x0,
    0x0,

    /* U+5305 "包" */
    0x0, 0x0, 0x3, 0x20, 0x0, 0x0, 0x0, 0x0,
    0x0, 0x0, 0x0, 0xe, 0x90, 0x0, 0x0, 0x0,
    0x0, 0x0, 0x0, 0x0, 0x8f, 0x10, 0x0, 0x0,
    0x0, 0x0, 0x0, 0x0, 0x1, 0xff, 0xee, 0xee,
    0xee, 0xee, 0xec, 0x0, 0x0, 0xb, 0xd5, 0x55,
    0x55, 0x55, 0x55, 0xbd, 0x0, 0x0, 0x8f, 0x20,
    0x0, 0x0, 0x0, 0x0, 0x8c, 0x0, 0x7, 0xf8,
    0x55, 0x55, 0x55, 0x50, 0x0, 0x9c, 0x0, 0x1d,
    0x86, 0xfe, 0xee, 0xee, 0xf0, 0x0, 0xab, 0x0,
    0x0, 0x6, 0xe0, 0x0, 0x5, 0xf0, 0x0, 0xaa,
    0x0, 0x0, 0x6, 0xe0, 0x0, 0x5, 0xf0, 0x0,
    0xc9, 0x0, 0x0, 0x6, 0xf5, 0x55, 0x59, 0xf0,
    0x0, 0xe7, 0x0, 0x0, 0x6, 0xfc, 0xcc, 0xcc,
    0xc0, 0x2, 0xf5, 0x0, 0x0, 0x6, 0xe0, 0x0,
    0x0, 0x8, 0xff, 0xe1, 0x0, 0x0, 0x6, 0xe0,
    0x0, 0x0, 0x1, 0x54, 0x10, 0x50, 0x0, 0x6,
    0xf0, 0x0, 0x0, 0x0, 0x0, 0x0, 0xf5, 0x0,
    0x4, 0xf8, 0x44, 0x44, 0x44, 0x44, 0x5a, 0xf1,
    0x0, 0x0, 0x8d, 0xff, 0xff, 0xff, 0xff, 0xfd,
    0x50,

    /* U+5317 "北" */
    0x0, 0x0, 0x0, 0x10, 0x0, 0x0, 0x0, 0x0,
    0x0, 0x0, 0x0, 0x3, 0xf2, 0x0, 0xe7, 0x0,
    0x0, 0x0, 0x0, 0x0, 0x3, 0xf2, 0x0, 0xe7,
    0x0, 0x0, 0x0, 0x0, 0x0, 0x3, 0xf2, 0x0,
    0xe7, 0x0, 0x0, 0x0, 0x0, 0x0, 0x3, 0xf2,
    0x0, 0xe7, 0x0, 0x9, 0x70, 0x5, 0x66, 0x68,
    0xf2, 0x0, 0xe7, 0x1, 0xbf, 0x90, 0xc, 0xff,
    0xff, 0xf2, 0x0, 0xe7, 0x5e, 0xe4, 0x0, 0x0,
    0x0, 0x3, 0xf2, 0x0, 0xee, 0xf8, 0x0, 0x0,
    0x0, 0x0, 0x3, 0xf2, 0x0, 0xec, 0x20, 0x0,
    0x0, 0x0, 0x0, 0x3, 0xf2, 0x0, 0xe7, 0x0,
    0x0, 0x0, 0x0, 0x0, 0x3, 0xf2, 0x0, 0xe7,
    0x0, 0x0, 0x0, 0x0, 0x0, 0x3, 0xf2, 0x0,
    0xe7, 0x0, 0x0, 0x0, 0x0, 0x3, 0x9f, 0xf2,
    0x0, 0xe7, 0x0, 0x0, 0xa4, 0x17, 0xdf, 0xc8,
    0xf2, 0x0, 0xe7, 0x0, 0x0, 0xd7, 0x1e, 0x93,
    0x3, 0xf2, 0x0, 0xe8, 0x0, 0x0, 0xf5, 0x0,
    0x0, 0x3, 0xf2, 0x0, 0xdc, 0x54, 0x48, 0xf2,
    0x0, 0x0, 0x3, 0xf2, 0x0, 0x5e, 0xff, 0xff,
    0x80,

    /* U+5339 "匹" */
    0x4f, 0xff, 0xff, 0xff, 0xff, 0xff, 0xff, 0xfd,
    0x4, 0xf5, 0x55, 0x9f, 0x55, 0x5f, 0x95, 0x55,
    0x40, 0x4f, 0x0, 0x6, 0xe0, 0x0, 0xf5, 0x0,
    0x0, 0x4, 0xf0, 0x0, 0x7d, 0x0, 0xf, 0x50,
    0x0, 0x0, 0x4f, 0x0, 0x8, 0xc0, 0x0, 0xf5,
    0x0, 0x0, 0x4, 0xf0, 0x0, 0xaa, 0x0, 0xf,
    0x50, 0x0, 0x0, 0x4f, 0x0, 0xc, 0x80, 0x0,
    0xf5, 0x0, 0x0, 0x4, 0xf0, 0x1, 0xf5, 0x0,
    0xf, 0x50, 0x5, 0xb0, 0x4f, 0x0, 0x7e, 0x0,
    0x0, 0xf5, 0x0, 0x6d, 0x4, 0xf0, 0x2e, 0x80,
    0x0, 0xe, 0xa5, 0x5b, 0xa0, 0x4f, 0x2e, 0xb0,
    0x0, 0x0, 0x7e, 0xff, 0xd3, 0x4, 0xf0, 0x60,
    0x0, 0x0, 0x0, 0x0, 0x0, 0x0, 0x4f, 0x0,
    0x0, 0x0, 0x0, 0x0, 0x0, 0x0, 0x4, 0xff,
    0xff, 0xff, 0xff, 0xff, 0xff, 0xff, 0xf1, 0x15,
    0x55, 0x55, 0x55, 0x55, 0x55, 0x55, 0x55, 0x0,

    /* U+5341 "十" */
    0x0, 0x0, 0x0, 0x0, 0x66, 0x0, 0x0, 0x0,
    0x0, 0x0, 0x0, 0x0, 0x0, 0xbb, 0x0, 0x0,
    0x0, 0x0, 0x0, 0x0, 0x0, 0x0, 0xbb, 0x0,
    0x0, 0x0, 0x0, 0x0, 0x0, 0x0, 0x0, 0xbb,
    0x0, 0x0, 0x0, 0x0, 0x0, 0x0, 0x0, 0x0,
    0xbb, 0x0, 0x0, 0x0, 0x0, 0x0, 0x0, 0x0,
    0x0, 0xbb, 0x0, 0x0, 0x0, 0x0, 0x0, 0x0,
    0x0, 0x0, 0xbb, 0x0, 0x0, 0x0, 0x0, 0x6,
    0x66, 0x66, 0x66, 0xdd, 0x66, 0x66, 0x66, 0x60,
    0xf, 0xff, 0xff, 0xff, 0xff, 0xff, 0xff, 0xff,
    0xf2, 0x0, 0x0, 0x0, 0x0, 0xbb, 0x0, 0x0,
    0x0, 0x0, 0x0, 0x0, 0x0, 0x0, 0xbb, 0x0,
    0x0, 0x0, 0x0, 0x0, 0x0, 0x0, 0x0, 0xbb,
    0x0, 0x0, 0x0, 0x0, 0x0, 0x0, 0x0, 0x0,
    0xbb, 0x0, 0x0, 0x0, 0x0, 0x0, 0x0, 0x0,
    0x0, 0xbb, 0x0, 0x0, 0x0, 0x0, 0x0, 0x0,
    0x0, 0x0, 0xbb, 0x0, 0x0, 0x0, 0x0, 0x0,
    0x0, 0x0, 0x0, 0xbb, 0x0, 0x0, 0x0, 0x0,
    0x0, 0x0, 0x0, 0x0, 0xbb, 0x0, 0x0, 0x0,
    0x0,

    /* U+5343 "千" */
    0x0, 0x0, 0x0, 0x0, 0x0, 0x3, 0x7b, 0x90,
    0x0, 0x0, 0x0, 0x24, 0x68, 0xad, 0xff, 0xeb,
    0x70, 0x0, 0x0, 0xef, 0xff, 0xdc, 0xec, 0x41,
    0x0, 0x0, 0x0, 0x0, 0x33, 0x10, 0x0, 0xba,
    0x0, 0x0, 0x0, 0x0, 0x0, 0x0, 0x0, 0x0,
    0xba, 0x0, 0x0, 0x0, 0x0, 0x0, 0x0, 0x0,
    0x0, 0xba, 0x0, 0x0, 0x0, 0x0, 0x0, 0x0,
    0x0, 0x0, 0xca, 0x0, 0x0, 0x0, 0x0, 0xf,
    0xff, 0xff, 0xff, 0xff, 0xff, 0xff, 0xff, 0xf1,
    0x4, 0x44, 0x44, 0x44, 0xdc, 0x44, 0x44, 0x44,
    0x40, 0x0, 0x0, 0x0, 0x0, 0xba, 0x0, 0x0,
    0x0, 0x0, 0x0, 0x0, 0x0, 0x0, 0xba, 0x0,
    0x0, 0x0, 0x0, 0x0, 0x0, 0x0, 0x0, 0xba,
    0x0, 0x0, 0x0, 0x0, 0x0, 0x0, 0x0, 0x0,
    0xba, 0x0, 0x0, 0x0, 0x0, 0x0, 0x0, 0x0,
    0x0, 0xba, 0x0, 0x0, 0x0, 0x0, 0x0, 0x0,
    0x0, 0x0, 0xba, 0x0, 0x0, 0x0, 0x0, 0x0,
    0x0, 0x0, 0x0, 0xba, 0x0, 0x0, 0x0, 0x0,

    /* U+534A "半" */
    0x0, 0x0, 0x0, 0x0, 0x65, 0x0, 0x0, 0x0,
    0x0, 0x0, 0x2d, 0x20, 0x0, 0xba, 0x0, 0x3,
    0xe2, 0x0, 0x0, 0xd, 0xb0, 0x0, 0xba, 0x0,
    0xb, 0xd0, 0x0, 0x0, 0x4, 0xf4, 0x0, 0xba,
    0x0, 0x2f, 0x50, 0x0, 0x0, 0x0, 0xdb, 0x0,
    0xba, 0x0, 0xbc, 0x0, 0x0, 0x0, 0x0, 0x67,
    0x0, 0xba, 0x0, 0x93, 0x0, 0x0, 0x0, 0x34,
    0x44, 0x44, 0xdb, 0x44, 0x44, 0x44, 0x0, 0x0,
    0xdf, 0xff, 0xff, 0xff, 0xff, 0xff, 0xff, 0x0,
    0x0, 0x0, 0x0, 0x0, 0xca, 0x0, 0x0, 0x0,
    0x0, 0x0, 0x0, 0x0, 0x0, 0xba, 0x0, 0x0,
    0x0, 0x0, 0x0, 0x0, 0x0, 0x0, 0xca, 0x0,
    0x0, 0x0, 0x0, 0xf, 0xff, 0xff, 0xff, 0xff,
    0xff, 0xff, 0xff, 0xf0, 0x4, 0x44, 0x44, 0x44,
    0xdb, 0x44, 0x44, 0x44, 0x40, 0x0, 0x0, 0x0,
    0x0, 0xba, 0x0, 0x0, 0x0, 0x0, 0x0, 0x0,
    0x0, 0x0, 0xba, 0x0, 0x0, 0x0, 0x0, 0x0,
    0x0, 0x0, 0x0, 0xba, 0x0, 0x0, 0x0, 0x0,
    0x0, 0x0, 0x0, 0x0, 0xba, 0x0, 0x0, 0x0,
    0x0,

    /* U+534E "华" */
    0x0, 0x0, 0x1, 0x20, 0x0, 0x0, 0x0, 0x0,
    0x0, 0x0, 0x0, 0xc, 0xc0, 0x7, 0xe0, 0x0,
    0x0, 0x0, 0x0, 0x0, 0x9f, 0x20, 0x7, 0xe0,
    0x1, 0x9d, 0x10, 0x0, 0x7, 0xf7, 0x0, 0x7,
    0xe3, 0x9f, 0xe6, 0x0, 0x0, 0xaf, 0xf5, 0x0,
    0x2a, 0xff, 0xb5, 0x0, 0x0, 0xc, 0xf4, 0xf5,
    0x4e, 0xfe, 0xe1, 0x0, 0x0, 0x0, 0x5, 0x20,
    0xf5, 0x15, 0x17, 0xe0, 0x0, 0x4, 0x90, 0x0,
    0x0, 0xf5, 0x0, 0x7, 0xf0, 0x0, 0x8, 0xc0,
    0x0, 0x0, 0xf5, 0x0, 0x3, 0xff, 0xff, 0xff,
    0x70, 0x0, 0x0, 0x72, 0x0, 0x66, 0x13, 0x33,
    0x32, 0x0, 0x0, 0x0, 0x0, 0x0, 0xbb, 0x0,
    0x0, 0x0, 0x0, 0x0, 0x0, 0x0, 0x0, 0xbb,
    0x0, 0x0, 0x0, 0x0, 0xf, 0xff, 0xff, 0xff,
    0xff, 0xff, 0xff, 0xff, 0xf1, 0x4, 0x44, 0x44,
    0x44, 0xcc, 0x44, 0x44, 0x44, 0x40, 0x0, 0x0,
    0x0, 0x0, 0xbb, 0x0, 0x0, 0x0, 0x0, 0x0,
    0x0, 0x0, 0x0, 0xbb, 0x0, 0x0, 0x0, 0x0,
    0x0, 0x0, 0x0, 0x0, 0xbb, 0x0, 0x0, 0x0,
    0x0,

    /* U+5355 "单" */
    0x0, 0x0, 0x0, 0x0, 0x0, 0x0, 0x0, 0x0,
    0x0, 0x0, 0x0, 0x6c, 0x0, 0x0, 0x0, 0x8c,
    0x0, 0x0, 0x0, 0x0, 0x1e, 0x90, 0x0, 0x1,
    0xf7, 0x0, 0x0, 0x0, 0x0, 0x5, 0xf1, 0x0,
    0xb, 0xc0, 0x0, 0x0, 0x0, 0x5f, 0xff, 0xff,
    0xff, 0xff, 0xff, 0xf7, 0x0, 0x0, 0x5f, 0x22,
    0x22, 0xcb, 0x22, 0x22, 0xe7, 0x0, 0x0, 0x5f,
    0x0, 0x0, 0xba, 0x0, 0x0, 0xd7, 0x0, 0x0,
    0x5f, 0xff, 0xff, 0xff, 0xff, 0xff, 0xf7, 0x0,
    0x0, 0x5f, 0x22, 0x22, 0xcb, 0x22, 0x22, 0xe7,
    0x0, 0x0, 0x5f, 0x0, 0x0, 0xba, 0x0, 0x0,
    0xd7, 0x0, 0x0, 0x5f, 0xff, 0xff, 0xff, 0xff,
    0xff, 0xf7, 0x0, 0x0, 0x13, 0x33, 0x33, 0xcb,
    0x33, 0x33, 0x31, 0x0, 0x0, 0x0, 0x0, 0x0,
    0xca, 0x0, 0x0, 0x0, 0x0, 0xf, 0xff, 0xff,
    0xff, 0xff, 0xff, 0xff, 0xff, 0xf1, 0x3, 0x33,
    0x33, 0x33, 0xcb, 0x33, 0x33, 0x33, 0x30, 0x0,
    0x0, 0x0, 0x0, 0xba, 0x0, 0x0, 0x0, 0x0,
    0x0, 0x0, 0x0, 0x0, 0xba, 0x0, 0x0, 0x0,
    0x0,

    /* U+5357 "南" */
    0x0, 0x0, 0x0, 0x1, 0x10, 0x0, 0x0, 0x0,
    0x0, 0x0, 0x0, 0xb, 0xb0, 0x0, 0x0, 0x0,
    0x44, 0x44, 0x44, 0x4d, 0xd4, 0x44, 0x44, 0x44,
    0xef, 0xff, 0xff, 0xff, 0xff, 0xff, 0xff, 0xfe,
    0x0, 0x0, 0x0, 0xb, 0xb0, 0x0, 0x0, 0x0,
    0x2, 0x22, 0x22, 0x2c, 0xc2, 0x22, 0x22, 0x20,
    0xf, 0xff, 0xff, 0xff, 0xff, 0xff, 0xff, 0xf0,
    0xf, 0x71, 0x29, 0x21, 0x12, 0xa3, 0x17, 0xf0,
    0xf, 0x60, 0xd, 0x70, 0x5, 0xe0, 0x6, 0xf0,
    0xf, 0x60, 0x16, 0xa1, 0x1d, 0x61, 0x6, 0xf0,
    0xf, 0x63, 0xff, 0xff, 0xff, 0xff, 0x46, 0xf0,
    0xf, 0x60, 0x0, 0xb, 0x90, 0x0, 0x6, 0xf0,
    0xf, 0x61, 0x22, 0x2c, 0xa2, 0x22, 0x16, 0xf0,
    0xf, 0x69, 0xff, 0xff, 0xff, 0xff, 0x96, 0xf0,
    0xf, 0x60, 0x0, 0xb, 0x90, 0x0, 0x6, 0xf0,
    0xf, 0x60, 0x0, 0xb, 0x90, 0x2, 0x28, 0xf0,
    0xf, 0x60, 0x0, 0xb, 0x90, 0x1f, 0xfe, 0x80,
    0x0, 0x0, 0x0, 0x0, 0x0, 0x0, 0x0, 0x0,

    /* U+535A "博" */
    0x0, 0x7, 0x40, 0x0, 0x0, 0x8, 0x21, 0x20,
    0x0, 0x0, 0xd, 0x70, 0x0, 0x0, 0xe, 0x56,
    0xf7, 0x0, 0x0, 0xd, 0x70, 0x12, 0x22, 0x2e,
    0x62, 0x7f, 0x40, 0x0, 0xd, 0x70, 0xbf, 0xff,
    0xff, 0xff, 0xff, 0xf3, 0x0, 0xd, 0x70, 0x0,
    0x0, 0xe, 0x50, 0x0, 0x0, 0x5, 0x5e, 0xa5,
    0x3c, 0xfe, 0xef, 0xfe, 0xef, 0x40, 0x1e, 0xef,
    0xfe, 0x8c, 0x60, 0xe, 0x50, 0xe, 0x40, 0x0,
    0xd, 0x70, 0xc, 0xfe, 0xef, 0xfe, 0xef, 0x40,
    0x0, 0xd, 0x70, 0xc, 0x60, 0xe, 0x50, 0xe,
    0x40, 0x0, 0xd, 0x70, 0xc, 0xfe, 0xef, 0xee,
    0xef, 0x40, 0x0, 0xd, 0x70, 0x9, 0x50, 0xa,
    0x38, 0x8b, 0x30, 0x0, 0xd, 0x70, 0x0, 0x0,
    0x0, 0xa, 0x90, 0x0, 0x0, 0xd, 0x73, 0xff,
    0xff, 0xff, 0xff, 0xff, 0xf5, 0x0, 0xd, 0x70,
    0x13, 0xc4, 0x11, 0x1a, 0xa1, 0x10, 0x0, 0xd,
    0x70, 0x0, 0x8f, 0x30, 0x9, 0x90, 0x0, 0x0,
    0xd, 0x70, 0x0, 0x6, 0x71, 0x1b, 0x90, 0x0,
    0x0, 0xd, 0x70, 0x0, 0x0, 0xb, 0xfe, 0x50,
    0x0,

    /* U+5361 "卡" */
    0x0, 0x0, 0x0, 0x0, 0x0, 0x0, 0x0, 0x0,
    0x0, 0x0, 0x0, 0x0, 0x1, 0xf4, 0x0, 0x0,
    0x0, 0x0, 0x0, 0x0, 0x0, 0x1, 0xf4, 0x0,
    0x0, 0x0, 0x0, 0x0, 0x0, 0x0, 0x1, 0xf8,
    0x55, 0x55, 0x51, 0x0, 0x0, 0x0, 0x0, 0x1,
    0xff, 0xff, 0xff, 0xf4, 0x0, 0x0, 0x0, 0x0,
    0x1, 0xf4, 0x0, 0x0, 0x0, 0x0, 0x0, 0x0,
    0x0, 0x1, 0xf4, 0x0, 0x0, 0x0, 0x0, 0x6,
    0x66, 0x66, 0x67, 0xf9, 0x66, 0x66, 0x66, 0x60,
    0xf, 0xff, 0xff, 0xff, 0xff, 0xff, 0xff, 0xff,
    0xf1, 0x0, 0x0, 0x0, 0x0, 0xf5, 0x0, 0x0,
    0x0, 0x0, 0x0, 0x0, 0x0, 0x0, 0xf5, 0x20,
    0x0, 0x0, 0x0, 0x0, 0x0, 0x0, 0x0, 0xf8,
    0xfd, 0x71, 0x0, 0x0, 0x0, 0x0, 0x0, 0x0,
    0xf5, 0x18, 0xef, 0xa3, 0x0, 0x0, 0x0, 0x0,
    0x0, 0xf5, 0x0, 0x5, 0xce, 0x10, 0x0, 0x0,
    0x0, 0x0, 0xf5, 0x0, 0x0, 0x1, 0x0, 0x0,
    0x0, 0x0, 0x0, 0xf5, 0x0, 0x0, 0x0, 0x0,
    0x0, 0x0, 0x0, 0x0, 0xf5, 0x0, 0x0, 0x0,
    0x0,

    /* U+5373 "即" */
    0x2, 0x22, 0x22, 0x22, 0x0, 0x0, 0x0, 0x0,
    0xf, 0xff, 0xff, 0xfe, 0x6, 0xff, 0xff, 0xf6,
    0xf, 0x50, 0x0, 0x7e, 0x6, 0xf3, 0x33, 0xf6,
    0xf, 0x40, 0x0, 0x6e, 0x6, 0xe0, 0x0, 0xe6,
    0xf, 0x96, 0x66, 0xae, 0x6, 0xe0, 0x0, 0xe6,
    0xf, 0xed, 0xdd, 0xee, 0x6, 0xe0, 0x0, 0xe6,
    0xf, 0x40, 0x0, 0x6e, 0x6, 0xe0, 0x0, 0xe6,
    0xf, 0x40, 0x0, 0x6e, 0x6, 0xe0, 0x0, 0xe6,
    0xf, 0xff, 0xff, 0xfe, 0x6, 0xe0, 0x0, 0xe6,
    0xf, 0x74, 0x44, 0x43, 0x6, 0xe0, 0x0, 0xe6,
    0xf, 0x40, 0x19, 0x10, 0x6, 0xe0, 0x0, 0xe6,
    0xf, 0x40, 0xd, 0xa0, 0x6, 0xe0, 0x56, 0xf5,
    0xf, 0x40, 0x8, 0xf4, 0x6, 0xe0, 0xde, 0xb1,
    0x2f, 0x9a, 0xfe, 0xdc, 0x6, 0xe0, 0x0, 0x0,
    0xaf, 0xd8, 0x30, 0x3f, 0x36, 0xe0, 0x0, 0x0,
    0x23, 0x0, 0x0, 0x1, 0x6, 0xe0, 0x0, 0x0,

    /* U+5377 "卷" */
    0x0, 0x0, 0x0, 0x0, 0x1, 0x0, 0x0, 0x0,
    0x0, 0x0, 0x0, 0x81, 0x0, 0x8e, 0x0, 0x8,
    0x10, 0x0, 0x0, 0x0, 0xcc, 0x0, 0xca, 0x0,
    0x9d, 0x0, 0x0, 0x0, 0x0, 0x2e, 0x31, 0xf7,
    0x3, 0xf4, 0x0, 0x0, 0x0, 0xcf, 0xff, 0xff,
    0xff, 0xff, 0xff, 0xfa, 0x0, 0x0, 0x12, 0x22,
    0x2e, 0xa2, 0x22, 0x22, 0x21, 0x0, 0x0, 0x0,
    0x0, 0x8f, 0x10, 0x0, 0x0, 0x0, 0x0, 0xd,
    0xff, 0xff, 0xff, 0xff, 0xff, 0xff, 0xff, 0xe0,
    0x3, 0x44, 0x8f, 0x94, 0x44, 0x4c, 0xe5, 0x44,
    0x30, 0x0, 0x6, 0xf9, 0x0, 0x0, 0x1, 0xcd,
    0x20, 0x0, 0x3, 0xcf, 0xcf, 0xff, 0xff, 0xff,
    0xca, 0xf9, 0x30, 0x2f, 0xa1, 0x6f, 0x33, 0x33,
    0x3c, 0xa0, 0x5d, 0xf3, 0x1, 0x0, 0x6e, 0x0,
    0x0, 0xd, 0x80, 0x0, 0x20, 0x0, 0x0, 0x6e,
    0x0, 0x9e, 0xee, 0x30, 0x40, 0x0, 0x0, 0x0,
    0x6e, 0x0, 0x2, 0x20, 0x1, 0xf3, 0x0, 0x0,
    0x0, 0x5f, 0x53, 0x33, 0x33, 0x39, 0xf0, 0x0,
    0x0, 0x0, 0xa, 0xef, 0xff, 0xff, 0xfe, 0x60,
    0x0,

    /* U+537F "卿" */
    0x0, 0x1, 0x86, 0x22, 0x22, 0x20, 0x22, 0x22,
    0x17, 0xbf, 0x91, 0xef, 0xff, 0xd2, 0xff, 0xff,
    0x4f, 0x50, 0x0, 0xe4, 0x3, 0xd2, 0xf0, 0x3f,
    0x4d, 0x1, 0x90, 0xe4, 0x3, 0xd2, 0xf0, 0x2f,
    0x4d, 0x2, 0xe0, 0xef, 0xff, 0xd2, 0xf0, 0x2f,
    0x4d, 0x2, 0xe0, 0xe6, 0x25, 0xd2, 0xf0, 0x2f,
    0x4d, 0x2, 0xe0, 0xe4, 0x3, 0xd2, 0xf0, 0x2f,
    0x4d, 0x2, 0xe0, 0xe7, 0x36, 0xd2, 0xf0, 0x2f,
    0x4d, 0x3, 0xe0, 0xef, 0xff, 0xd2, 0xf0, 0x2f,
    0x4d, 0x6, 0xd0, 0xe4, 0x1, 0x2, 0xf0, 0x2f,
    0x7f, 0xdf, 0xb0, 0xe4, 0x3d, 0x2, 0xf0, 0x2f,
    0xba, 0x4a, 0x60, 0xe4, 0xc, 0x42, 0xf0, 0x2f,
    0x0, 0x1e, 0x10, 0xf9, 0xcf, 0xb2, 0xf5, 0xfd,
    0x0, 0xb8, 0x7, 0xfd, 0x61, 0xf3, 0xf0, 0x20,
    0xa, 0xc0, 0x5, 0x50, 0x0, 0x94, 0xf0, 0x0,
    0x8a, 0x0, 0x0, 0x0, 0x0, 0x2, 0xf0, 0x0,
    0x0, 0x0, 0x0, 0x0, 0x0, 0x0, 0x0, 0x0,

    /* U+539A "厚" */
    0x0, 0x22, 0x22, 0x22, 0x22, 0x22, 0x22, 0x22,
    0x20, 0xd, 0xff, 0xff, 0xff, 0xff, 0xff, 0xff,
    0xfc, 0x0, 0xd8, 0x11, 0x11, 0x11, 0x11, 0x11,
    0x11, 0x0, 0xd, 0x70, 0xef, 0xee, 0xee, 0xee,
    0xef, 0x0, 0x0, 0xd7, 0xe, 0x50, 0x0, 0x0,
    0x5, 0xf0, 0x0, 0xd, 0x70, 0xee, 0xdd, 0xdd,
    0xdd, 0xef, 0x0, 0x0, 0xd7, 0xe, 0x50, 0x0,
    0x0, 0x5, 0xf0, 0x0, 0xd, 0x70, 0xee, 0xdd,
    0xdd, 0xdd, 0xef, 0x0, 0x0, 0xe6, 0x0, 0x0,
    0x0, 0x0, 0x0, 0x0, 0x0, 0xf, 0x50, 0xee,
    0xee, 0xee, 0xee, 0xed, 0x0, 0x1, 0xf3, 0x0,
    0x0, 0x0, 0x4a, 0xfa, 0x20, 0x0, 0x4f, 0x10,
    0x0, 0x0, 0x5f, 0x71, 0x0, 0x0, 0x7, 0xd5,
    0xff, 0xff, 0xff, 0xff, 0xff, 0xff, 0xf0, 0xc9,
    0x1, 0x11, 0x11, 0x7e, 0x11, 0x11, 0x11, 0x3f,
    0x30, 0x0, 0x1, 0x17, 0xe0, 0x0, 0x0, 0x4,
    0xc0, 0x0, 0x2, 0xff, 0xe8, 0x0, 0x0, 0x0,
    0x0, 0x0, 0x0, 0x0, 0x0, 0x0, 0x0, 0x0,
    0x0,

    /* U+53BB "去" */
    0x0, 0x0, 0x0, 0x0, 0xbb, 0x0, 0x0, 0x0,
    0x0, 0x0, 0x0, 0x0, 0x0, 0xbb, 0x0, 0x0,
    0x0, 0x0, 0x0, 0x34, 0x44, 0x44, 0xcc, 0x44,
    0x44, 0x43, 0x0, 0x0, 0xaf, 0xff, 0xff, 0xff,
    0xff, 0xff, 0xfc, 0x0, 0x0, 0x0, 0x0, 0x0,
    0xbb, 0x0, 0x0, 0x0, 0x0, 0x0, 0x0, 0x0,
    0x0, 0xbb, 0x0, 0x0, 0x0, 0x0, 0x0, 0x0,
    0x0, 0x0, 0xbb, 0x0, 0x0, 0x0, 0x0, 0x6,
    0x66, 0x66, 0x66, 0xdd, 0x66, 0x66, 0x66, 0x60,
    0xf, 0xff, 0xff, 0xff, 0xff, 0xff, 0xff, 0xff,
    0xf1, 0x0, 0x0, 0x0, 0xbe, 0x10, 0x0, 0x0,
    0x0, 0x0, 0x0, 0x0, 0x5, 0xf4, 0x0, 0xb,
    0x80, 0x0, 0x0, 0x0, 0x0, 0x1e, 0x90, 0x0,
    0x5, 0xf5, 0x0, 0x0, 0x0, 0x0, 0xbc, 0x0,
    0x0, 0x0, 0x8f, 0x30, 0x0, 0x0, 0x8, 0xe1,
    0x0, 0x1, 0x23, 0x5e, 0xd0, 0x0, 0x0, 0x8f,
    0xec, 0xef, 0xff, 0xff, 0xfe, 0xf9, 0x0, 0x0,
    0x8c, 0xa8, 0x76, 0x43, 0x20, 0x0, 0x7f, 0x10,
    0x0, 0x0, 0x0, 0x0, 0x0, 0x0, 0x0, 0x2,
    0x0,

    /* U+53C8 "又" */
    0x0, 0x0, 0x0, 0x0, 0x0, 0x0, 0x0, 0x0,
    0x0, 0x3, 0xff, 0xff, 0xff, 0xff, 0xff, 0xff,
    0xf3, 0x0, 0x1, 0x5d, 0xc5, 0x55, 0x55, 0x55,
    0x59, 0xf1, 0x0, 0x0, 0x6, 0xf0, 0x0, 0x0,
    0x0, 0xa, 0xc0, 0x0, 0x0, 0x0, 0xe7, 0x0,
    0x0, 0x0, 0xf, 0x60, 0x0, 0x0, 0x0, 0x8d,
    0x0, 0x0, 0x0, 0x7e, 0x0, 0x0, 0x0, 0x0,
    0x2f, 0x50, 0x0, 0x1, 0xf7, 0x0, 0x0, 0x0,
    0x0, 0x9, 0xe1, 0x0, 0xb, 0xd0, 0x0, 0x0,
    0x0, 0x0, 0x0, 0xdb, 0x0, 0x8f, 0x40, 0x0,
    0x0, 0x0, 0x0, 0x0, 0x3f, 0x85, 0xf8, 0x0,
    0x0, 0x0, 0x0, 0x0, 0x0, 0x7, 0xff, 0xa0,
    0x0, 0x0, 0x0, 0x0, 0x0, 0x0, 0x7, 0xff,
    0x80, 0x0, 0x0, 0x0, 0x0, 0x0, 0x3, 0xdf,
    0x78, 0xfc, 0x20, 0x0, 0x0, 0x0, 0x2, 0x9f,
    0xc2, 0x0, 0x3d, 0xf8, 0x20, 0x0, 0x6, 0xcf,
    0xe7, 0x0, 0x0, 0x0, 0x8e, 0xfc, 0x61, 0xd,
    0xc5, 0x0, 0x0, 0x0, 0x0, 0x0, 0x5c, 0xe1,
    0x0, 0x0, 0x0, 0x0, 0x0, 0x0, 0x0, 0x0,
    0x0,

    /* U+53CA "及" */
    0x1, 0x22, 0x22, 0x22, 0x22, 0x22, 0x10, 0x0,
    0x0, 0x7, 0xff, 0xff, 0xff, 0xff, 0xff, 0x70,
    0x0, 0x0, 0x1, 0x33, 0x7f, 0x43, 0x33, 0x4f,
    0x40, 0x0, 0x0, 0x0, 0x0, 0x5f, 0x30, 0x0,
    0x5f, 0x0, 0x0, 0x0, 0x0, 0x0, 0x5f, 0x80,
    0x0, 0x9c, 0x0, 0x0, 0x0, 0x0, 0x0, 0x6f,
    0xd0, 0x0, 0xef, 0xff, 0xfe, 0x10, 0x0, 0x0,
    0x7f, 0xf4, 0x0, 0x55, 0x55, 0xbe, 0x0, 0x0,
    0x0, 0xac, 0x8c, 0x0, 0x0, 0x0, 0xf9, 0x0,
    0x0, 0x0, 0xda, 0x1f, 0x50, 0x0, 0x7, 0xf2,
    0x0, 0x0, 0x1, 0xf5, 0x9, 0xe1, 0x0, 0x1e,
    0xa0, 0x0, 0x0, 0x8, 0xf1, 0x0, 0xdb, 0x0,
    0xce, 0x10, 0x0, 0x0, 0xe, 0xa0, 0x0, 0x2e,
    0xba, 0xf4, 0x0, 0x0, 0x0, 0x8f, 0x20, 0x0,
    0x5, 0xff, 0x70, 0x0, 0x0, 0x3, 0xf9, 0x0,
    0x0, 0x6e, 0xee, 0xf8, 0x10, 0x0, 0x2f, 0xc0,
    0x2, 0x8d, 0xf8, 0x0, 0x8f, 0xfa, 0x50, 0x1b,
    0x10, 0xd, 0xe8, 0x20, 0x0, 0x1, 0x7d, 0xc0,
    0x0, 0x0, 0x1, 0x0, 0x0, 0x0, 0x0, 0x0,
    0x0,

    /* U+53CC "双" */
    0xc, 0xff, 0xff, 0xfe, 0x2f, 0xff, 0xff, 0xff,
    0x60, 0x4, 0x55, 0x55, 0x9e, 0xb, 0xc5, 0x55,
    0x5f, 0x50, 0x0, 0x0, 0x0, 0x8c, 0x7, 0xd0,
    0x0, 0x3f, 0x20, 0x2, 0x70, 0x0, 0xb9, 0x3,
    0xf0, 0x0, 0x7f, 0x0, 0x4, 0xf5, 0x0, 0xe6,
    0x0, 0xf3, 0x0, 0xbb, 0x0, 0x0, 0x8f, 0x23,
    0xf2, 0x0, 0xd7, 0x0, 0xf6, 0x0, 0x0, 0xc,
    0xd8, 0xd0, 0x0, 0x9d, 0x6, 0xf1, 0x0, 0x0,
    0x1, 0xef, 0x80, 0x0, 0x3f, 0x2d, 0xb0, 0x0,
    0x0, 0x0, 0x6f, 0x60, 0x0, 0xd, 0xcf, 0x40,
    0x0, 0x0, 0x0, 0xcf, 0xe1, 0x0, 0x7, 0xfb,
    0x0, 0x0, 0x0, 0x5, 0xf5, 0xe9, 0x0, 0x9,
    0xf9, 0x0, 0x0, 0x0, 0xe, 0xa0, 0x6f, 0x20,
    0x8f, 0xbf, 0x50, 0x0, 0x0, 0xaf, 0x10, 0x9,
    0x7, 0xf7, 0xa, 0xf3, 0x0, 0x9, 0xf4, 0x0,
    0x2, 0xcf, 0x80, 0x0, 0xcf, 0x70, 0x1e, 0x50,
    0x0, 0x6, 0xe4, 0x0, 0x0, 0x9, 0xe1, 0x0,
    0x0, 0x0, 0x0, 0x0, 0x0, 0x0, 0x0, 0x10,

    /* U+53D1 "发" */
    0x0, 0x0, 0x0, 0x0, 0x10, 0x0, 0x0, 0x0,
    0x0, 0x0, 0x0, 0x82, 0x0, 0xf9, 0x0, 0x67,
    0x0, 0x0, 0x0, 0x5, 0xf1, 0x2, 0xf6, 0x0,
    0x4f, 0x60, 0x0, 0x0, 0xb, 0xb0, 0x5, 0xf3,
    0x0, 0x5, 0xf3, 0x0, 0x0, 0x2f, 0x50, 0x8,
    0xf1, 0x0, 0x0, 0x30, 0x0, 0x0, 0xbf, 0xff,
    0xff, 0xff, 0xff, 0xff, 0xff, 0xc0, 0x0, 0x45,
    0x44, 0x5f, 0x94, 0x44, 0x44, 0x44, 0x30, 0x0,
    0x0, 0x0, 0x7f, 0x20, 0x0, 0x0, 0x0, 0x0,
    0x0, 0x0, 0x0, 0xdf, 0xff, 0xff, 0xff, 0xe0,
    0x0, 0x0, 0x0, 0x6, 0xfe, 0x55, 0x55, 0x5e,
    0xa0, 0x0, 0x0, 0x0, 0x1e, 0xcf, 0x60, 0x0,
    0x5f, 0x30, 0x0, 0x0, 0x0, 0xae, 0x16, 0xe2,
    0x1, 0xea, 0x0, 0x0, 0x0, 0x9, 0xf4, 0x0,
    0xae, 0x3d, 0xd0, 0x0, 0x0, 0x0, 0xaf, 0x70,
    0x0, 0xc, 0xfe, 0x10, 0x0, 0x0, 0x2d, 0xf4,
    0x0, 0x1, 0x8f, 0xef, 0xb2, 0x0, 0x0, 0x9,
    0x20, 0x3, 0x8e, 0xe6, 0x4, 0xdf, 0xb6, 0x10,
    0x0, 0x0, 0x6f, 0xc7, 0x0, 0x0, 0x5, 0xbf,
    0xf1, 0x0, 0x0, 0x2, 0x0, 0x0, 0x0, 0x0,
    0x0, 0x20,

    /* U+53D6 "取" */
    0x4, 0x44, 0x44, 0x44, 0x40, 0x0, 0x0, 0x0,
    0x0, 0x2e, 0xff, 0xee, 0xff, 0xe2, 0x11, 0x11,
    0x11, 0x0, 0x0, 0xe5, 0x0, 0x9b, 0xe, 0xff,
    0xff, 0xff, 0xa0, 0x0, 0xe5, 0x0, 0x9b, 0x2,
    0xe6, 0x22, 0x2d, 0x70, 0x0, 0xe8, 0x44, 0xbb,
    0x0, 0xb7, 0x0, 0xf, 0x40, 0x0, 0xee, 0xdd,
    0xfb, 0x0, 0x7b, 0x0, 0x4f, 0x10, 0x0, 0xe5,
    0x0, 0x9b, 0x0, 0x4e, 0x0, 0x8c, 0x0, 0x0,
    0xe5, 0x0, 0x9b, 0x0, 0xf, 0x30, 0xd7, 0x0,
    0x0, 0xef, 0xff, 0xfb, 0x0, 0xa, 0x94, 0xf1,
    0x0, 0x0, 0xe8, 0x33, 0xbb, 0x0, 0x4, 0xfb,
    0xa0, 0x0, 0x0, 0xe5, 0x0, 0x9b, 0x0, 0x0,
    0xef, 0x30, 0x0, 0x0, 0xe6, 0x25, 0xce, 0xc3,
    0x0, 0xdf, 0x10, 0x0, 0x2b, 0xff, 0xfd, 0xed,
    0x51, 0xa, 0xed, 0xc0, 0x0, 0x8, 0x53, 0x0,
    0x9b, 0x0, 0x7f, 0x32, 0xfa, 0x0, 0x0, 0x0,
    0x0, 0x9b, 0xa, 0xf5, 0x0, 0x4f, 0xc1, 0x0,
    0x0, 0x0, 0x9b, 0x1c, 0x30, 0x0, 0x3, 0xb0,
    0x0, 0x0, 0x0, 0x0, 0x0, 0x0, 0x0, 0x0,
    0x0,

    /* U+53D7 "受" */
    0x0, 0x0, 0x0, 0x0, 0x0, 0x0, 0x0, 0x10,
    0x0, 0x0, 0x1, 0x23, 0x45, 0x79, 0xbd, 0xfe,
    0x10, 0x8, 0xff, 0xff, 0xfe, 0xdb, 0xa8, 0x63,
    0x0, 0x0, 0x25, 0xb2, 0x0, 0x5c, 0x0, 0x0,
    0xa9, 0x0, 0x0, 0xd, 0x80, 0x1, 0xf4, 0x0,
    0x3f, 0x40, 0x0, 0x0, 0x5d, 0x0, 0xa, 0x60,
    0xc, 0xa0, 0x0, 0xe, 0xff, 0xff, 0xff, 0xff,
    0xff, 0xff, 0xff, 0x60, 0xe8, 0x33, 0x33, 0x33,
    0x33, 0x33, 0x33, 0xf6, 0xe, 0x50, 0x0, 0x0,
    0x0, 0x0, 0x0, 0xe, 0x60, 0xa4, 0xce, 0xee,
    0xee, 0xee, 0xee, 0xc0, 0xa4, 0x0, 0x5, 0xfa,
    0x55, 0x55, 0x56, 0xfa, 0x0, 0x0, 0x0, 0x6,
    0xf4, 0x0, 0x0, 0xce, 0x10, 0x0, 0x0, 0x0,
    0x8, 0xf6, 0x2, 0xce, 0x30, 0x0, 0x0, 0x0,
    0x0, 0x6, 0xfc, 0xfc, 0x10, 0x0, 0x0, 0x0,
    0x0, 0x2, 0x8e, 0xff, 0xb5, 0x0, 0x0, 0x0,
    0x36, 0x9d, 0xfc, 0x60, 0x3a, 0xff, 0xb8, 0x51,
    0xe, 0xeb, 0x73, 0x0, 0x0, 0x1, 0x69, 0xdf,
    0x50, 0x10, 0x0, 0x0, 0x0, 0x0, 0x0, 0x0,
    0x10,

    /* U+53E6 "另" */
    0x0, 0x4, 0x44, 0x44, 0x44, 0x44, 0x44, 0x40,
    0x0, 0xf, 0xff, 0xff, 0xff, 0xff, 0xff, 0xf2,
    0x0, 0xf, 0x40, 0x0, 0x0, 0x0, 0x3, 0xf2,
    0x0, 0xf, 0x40, 0x0, 0x0, 0x0, 0x3, 0xf2,
    0x0, 0xf, 0x40, 0x0, 0x0, 0x0, 0x3, 0xf2,
    0x0, 0xf, 0x51, 0x11, 0x11, 0x11, 0x14, 0xf2,
    0x0, 0xf, 0xff, 0xff, 0xff, 0xff, 0xff, 0xf2,
    0x0, 0x3, 0x33, 0x34, 0xf7, 0x33, 0x33, 0x30,
    0x0, 0x0, 0x0, 0x3, 0xf3, 0x0, 0x0, 0x0,
    0xa, 0xff, 0xff, 0xff, 0xff, 0xff, 0xff, 0xfd,
    0x3, 0x44, 0x44, 0x4d, 0xc4, 0x44, 0x44, 0xbc,
    0x0, 0x0, 0x0, 0x3f, 0x50, 0x0, 0x0, 0xbb,
    0x0, 0x0, 0x2, 0xec, 0x0, 0x0, 0x0, 0xd9,
    0x0, 0x0, 0x7f, 0xd1, 0x0, 0x0, 0x0, 0xf7,
    0x5, 0x9e, 0xf8, 0x0, 0x0, 0x44, 0x48, 0xf3,
    0xa, 0xc8, 0x20, 0x0, 0x0, 0x9f, 0xff, 0x90,
    0x0, 0x0, 0x0, 0x0, 0x0, 0x0, 0x0, 0x0,

    /* U+53EF "可" */
    0xff, 0xff, 0xff, 0xff, 0xff, 0xff, 0xff, 0xff,
    0x6, 0x66, 0x66, 0x66, 0x66, 0x66, 0x6b, 0xe6,
    0x60, 0x0, 0x0, 0x0, 0x0, 0x0, 0x0, 0x8d,
    0x0, 0x0, 0x0, 0x0, 0x0, 0x0, 0x0, 0x8,
    0xd0, 0x0, 0x2, 0xff, 0xff, 0xff, 0xf3, 0x0,
    0x8d, 0x0, 0x0, 0x2f, 0x75, 0x55, 0x6f, 0x30,
    0x8, 0xd0, 0x0, 0x2, 0xf2, 0x0, 0x1, 0xf3,
    0x0, 0x8d, 0x0, 0x0, 0x2f, 0x20, 0x0, 0x1f,
    0x30, 0x8, 0xd0, 0x0, 0x2, 0xf2, 0x0, 0x1,
    0xf3, 0x0, 0x8d, 0x0, 0x0, 0x2f, 0x75, 0x55,
    0x6f, 0x30, 0x8, 0xd0, 0x0, 0x2, 0xff, 0xff,
    0xff, 0xf3, 0x0, 0x8d, 0x0, 0x0, 0x2f, 0x20,
    0x0, 0x0, 0x0, 0x8, 0xd0, 0x0, 0x0, 0x30,
    0x0, 0x0, 0x0, 0x0, 0x8d, 0x0, 0x0, 0x0,
    0x0, 0x0, 0x2, 0x76, 0x6c, 0xc0, 0x0, 0x0,
    0x0, 0x0, 0x0, 0x1f, 0xff, 0xc4, 0x0, 0x0,

    /* U+53F0 "台" */
    0x0, 0x0, 0x0, 0x0, 0x0, 0x0, 0x0, 0x0,
    0x0, 0x0, 0x2, 0xd4, 0x0, 0x0, 0x0, 0x0,
    0x0, 0x0, 0xc, 0xd0, 0x0, 0x0, 0x0, 0x0,
    0x0, 0x0, 0x9f, 0x20, 0x2, 0xb2, 0x0, 0x0,
    0x0, 0x6, 0xf4, 0x0, 0x0, 0xbe, 0x20, 0x0,
    0x0, 0x4f, 0x50, 0x0, 0x0, 0xb, 0xe2, 0x0,
    0x5, 0xf8, 0x23, 0x45, 0x56, 0x78, 0xfe, 0x10,
    0x2f, 0xff, 0xff, 0xff, 0xed, 0xcb, 0xae, 0xc0,
    0x5, 0x42, 0x11, 0x0, 0x0, 0x0, 0x3, 0xd2,
    0x0, 0x22, 0x22, 0x22, 0x22, 0x22, 0x21, 0x0,
    0x0, 0xef, 0xff, 0xff, 0xff, 0xff, 0xf8, 0x0,
    0x0, 0xe8, 0x22, 0x22, 0x22, 0x22, 0xe8, 0x0,
    0x0, 0xe7, 0x0, 0x0, 0x0, 0x0, 0xe8, 0x0,
    0x0, 0xe7, 0x0, 0x0, 0x0, 0x0, 0xe8, 0x0,
    0x0, 0xe7, 0x0, 0x0, 0x0, 0x0, 0xe8, 0x0,
    0x0, 0xef, 0xff, 0xff, 0xff, 0xff, 0xf8, 0x0,
    0x0, 0xea, 0x55, 0x55, 0x55, 0x55, 0xe7, 0x0,

    /* U+53F3 "右" */
    0x0, 0x0, 0x0, 0x2, 0x10, 0x0, 0x0, 0x0,
    0x0, 0x0, 0x0, 0x0, 0xca, 0x0, 0x0, 0x0,
    0x0, 0x0, 0x0, 0x0, 0x1f, 0x60, 0x0, 0x0,
    0x0, 0x0, 0x0, 0x0, 0x5, 0xf1, 0x0, 0x0,
    0x0, 0x0, 0xc, 0xff, 0xff, 0xff, 0xff, 0xff,
    0xff, 0xff, 0xe0, 0x45, 0x55, 0x7f, 0x95, 0x55,
    0x55, 0x55, 0x55, 0x0, 0x0, 0x9, 0xe0, 0x0,
    0x0, 0x0, 0x0, 0x0, 0x0, 0x2, 0xf8, 0x0,
    0x0, 0x0, 0x0, 0x0, 0x0, 0x0, 0xaf, 0x10,
    0x0, 0x0, 0x0, 0x0, 0x0, 0x0, 0x3f, 0xff,
    0xff, 0xff, 0xff, 0xff, 0x90, 0x0, 0x1e, 0xef,
    0x75, 0x55, 0x55, 0x55, 0xd9, 0x0, 0x1d, 0xe4,
    0xf2, 0x0, 0x0, 0x0, 0xc, 0x90, 0x2e, 0xe3,
    0x2f, 0x20, 0x0, 0x0, 0x0, 0xc9, 0x0, 0x91,
    0x2, 0xf2, 0x0, 0x0, 0x0, 0xc, 0x90, 0x0,
    0x0, 0x2f, 0x20, 0x0, 0x0, 0x0, 0xc9, 0x0,
    0x0, 0x2, 0xff, 0xff, 0xff, 0xff, 0xff, 0x90,
    0x0, 0x0, 0x2f, 0x75, 0x55, 0x55, 0x55, 0xc8,
    0x0,

    /* U+53F7 "号" */
    0x0, 0x23, 0x33, 0x33, 0x33, 0x33, 0x32, 0x0,
    0x0, 0xbf, 0xff, 0xff, 0xff, 0xff, 0xf9, 0x0,
    0x0, 0xb9, 0x0, 0x0, 0x0, 0x0, 0xc9, 0x0,
    0x0, 0xb9, 0x0, 0x0, 0x0, 0x0, 0xc9, 0x0,
    0x0, 0xbf, 0xff, 0xff, 0xff, 0xff, 0xf9, 0x0,
    0x0, 0x23, 0x33, 0x33, 0x33, 0x33, 0x32, 0x0,
    0x0, 0x0, 0x0, 0x0, 0x0, 0x0, 0x0, 0x0,
    0xef, 0xff, 0xff, 0xff, 0xff, 0xff, 0xff, 0xfb,
    0x44, 0x48, 0xf6, 0x44, 0x44, 0x44, 0x44, 0x43,
    0x0, 0xa, 0xd0, 0x0, 0x0, 0x0, 0x0, 0x0,
    0x0, 0x1f, 0xfd, 0xdd, 0xdd, 0xdd, 0xd8, 0x0,
    0x0, 0x15, 0x55, 0x55, 0x55, 0x55, 0xf6, 0x0,
    0x0, 0x0, 0x0, 0x0, 0x0, 0x3, 0xf3, 0x0,
    0x0, 0x0, 0x0, 0x0, 0x0, 0x7, 0xf0, 0x0,
    0x0, 0x0, 0x0, 0x4, 0x33, 0x4e, 0xa0, 0x0,
    0x0, 0x0, 0x0, 0xb, 0xff, 0xfc, 0x10, 0x0,
    0x0, 0x0, 0x0, 0x0, 0x0, 0x0, 0x0, 0x0,

    /* U+540C "同" */
    0x12, 0x22, 0x22, 0x22, 0x22, 0x22, 0x22, 0x21,
    0x6f, 0xff, 0xff, 0xff, 0xff, 0xff, 0xff, 0xf6,
    0x6e, 0x11, 0x11, 0x11, 0x11, 0x11, 0x11, 0xe6,
    0x6e, 0x0, 0x0, 0x0, 0x0, 0x0, 0x0, 0xe6,
    0x6e, 0x4, 0xff, 0xff, 0xff, 0xff, 0xd0, 0xe6,
    0x6e, 0x0, 0x22, 0x22, 0x22, 0x22, 0x20, 0xe6,
    0x6e, 0x0, 0x0, 0x0, 0x0, 0x0, 0x0, 0xe6,
    0x6e, 0x0, 0x5f, 0xff, 0xff, 0xfd, 0x0, 0xe6,
    0x6e, 0x0, 0x5e, 0x33, 0x33, 0x8e, 0x0, 0xe6,
    0x6e, 0x0, 0x5d, 0x0, 0x0, 0x5e, 0x0, 0xe6,
    0x6e, 0x0, 0x5d, 0x0, 0x0, 0x5e, 0x0, 0xe6,
    0x6e, 0x0, 0x5e, 0x33, 0x33, 0x8e, 0x0, 0xe6,
    0x6e, 0x0, 0x5f, 0xff, 0xff, 0xfd, 0x0, 0xe6,
    0x6e, 0x0, 0x5d, 0x0, 0x0, 0x0, 0x0, 0xe6,
    0x6e, 0x0, 0x1, 0x0, 0x0, 0x2, 0x45, 0xf5,
    0x6e, 0x0, 0x0, 0x0, 0x0, 0x3, 0xff, 0xc1,

    /* U+540E "后" */
    0x0, 0x0, 0x0, 0x0, 0x0, 0x0, 0x0, 0x10,
    0x0, 0x0, 0x0, 0x0, 0x1, 0x34, 0x79, 0xbe,
    0xf8, 0x0, 0x0, 0x3c, 0xdf, 0xff, 0xfe, 0xdb,
    0x86, 0x30, 0x0, 0x0, 0x4f, 0x74, 0x31, 0x0,
    0x0, 0x0, 0x0, 0x0, 0x0, 0x4f, 0x10, 0x0,
    0x0, 0x0, 0x0, 0x0, 0x0, 0x0, 0x4f, 0x32,
    0x22, 0x22, 0x22, 0x22, 0x22, 0x20, 0x0, 0x4f,
    0xff, 0xff, 0xff, 0xff, 0xff, 0xff, 0xf2, 0x0,
    0x4f, 0x32, 0x22, 0x22, 0x22, 0x22, 0x22, 0x20,
    0x0, 0x5f, 0x0, 0x0, 0x0, 0x0, 0x0, 0x0,
    0x0, 0x0, 0x6f, 0x1, 0x44, 0x44, 0x44, 0x44,
    0x43, 0x0, 0x0, 0x7e, 0x6, 0xff, 0xff, 0xff,
    0xff, 0xfe, 0x0, 0x0, 0x9c, 0x6, 0xf0, 0x0,
    0x0, 0x0, 0x7e, 0x0, 0x0, 0xd9, 0x6, 0xf0,
    0x0, 0x0, 0x0, 0x7e, 0x0, 0x1, 0xf5, 0x6,
    0xf0, 0x0, 0x0, 0x0, 0x7e, 0x0, 0x7, 0xf1,
    0x6, 0xf0, 0x0, 0x0, 0x0, 0x7e, 0x0, 0x1e,
    0x90, 0x6, 0xff, 0xff, 0xff, 0xff, 0xfe, 0x0,
    0x2e, 0x10, 0x6, 0xf4, 0x44, 0x44, 0x44, 0xae,
    0x0, 0x0, 0x0, 0x0, 0x0, 0x0, 0x0, 0x0,
    0x0, 0x0,

    /* U+5411 "向" */
    0x0, 0x0, 0x0, 0x1, 0x0, 0x0, 0x0, 0x0,
    0x0, 0x0, 0x0, 0x3f, 0x60, 0x0, 0x0, 0x0,
    0x0, 0x0, 0x0, 0x9f, 0x0, 0x0, 0x0, 0x0,
    0x0, 0x0, 0x0, 0xe8, 0x0, 0x0, 0x0, 0x0,
    0x3f, 0xff, 0xff, 0xff, 0xff, 0xff, 0xff, 0xf5,
    0x3f, 0x64, 0x44, 0x44, 0x44, 0x44, 0x45, 0xf5,
    0x3f, 0x10, 0x0, 0x0, 0x0, 0x0, 0x0, 0xf5,
    0x3f, 0x10, 0x13, 0x33, 0x33, 0x31, 0x0, 0xf5,
    0x3f, 0x10, 0x5f, 0xff, 0xff, 0xf5, 0x0, 0xf5,
    0x3f, 0x10, 0x5e, 0x0, 0x0, 0xe5, 0x0, 0xf5,
    0x3f, 0x10, 0x5e, 0x0, 0x0, 0xe5, 0x0, 0xf5,
    0x3f, 0x10, 0x5e, 0x0, 0x0, 0xe5, 0x0, 0xf5,
    0x3f, 0x10, 0x5f, 0x55, 0x55, 0xf5, 0x0, 0xf5,
    0x3f, 0x10, 0x5f, 0xdd, 0xdd, 0xd4, 0x0, 0xf5,
    0x3f, 0x10, 0x5e, 0x0, 0x0, 0x0, 0x0, 0xf5,
    0x3f, 0x10, 0x0, 0x0, 0x0, 0x35, 0x56, 0xf4,
    0x3f, 0x10, 0x0, 0x0, 0x0, 0x4f, 0xfe, 0xa0,

    /* U+547C "呼" */
    0x0, 0x0, 0x0, 0x0, 0x0, 0x2, 0x59, 0x80,
    0x3, 0x33, 0x31, 0x48, 0xac, 0xef, 0xfe, 0xb8,
    0x10, 0xdf, 0xff, 0x43, 0x98, 0x76, 0xf4, 0x0,
    0x0, 0xd, 0x50, 0xe4, 0x6, 0x20, 0x1f, 0x30,
    0x2b, 0x20, 0xd5, 0xe, 0x40, 0xb9, 0x1, 0xf3,
    0x7, 0xe0, 0xd, 0x50, 0xe4, 0x5, 0xf0, 0x1f,
    0x30, 0xc8, 0x0, 0xd5, 0xe, 0x40, 0xf, 0x41,
    0xf3, 0x3f, 0x10, 0xd, 0x50, 0xe4, 0x0, 0xa4,
    0x1f, 0x37, 0x90, 0x0, 0xd5, 0xe, 0x45, 0x77,
    0x78, 0xf9, 0x77, 0x77, 0xd, 0x50, 0xe4, 0x9c,
    0xcc, 0xdf, 0xdc, 0xcc, 0xc0, 0xdf, 0xff, 0x40,
    0x0, 0x1, 0xf3, 0x0, 0x0, 0xd, 0x84, 0x41,
    0x0, 0x0, 0x1f, 0x30, 0x0, 0x0, 0xd5, 0x0,
    0x0, 0x0, 0x1, 0xf3, 0x0, 0x0, 0x1, 0x0,
    0x0, 0x0, 0x0, 0x1f, 0x30, 0x0, 0x0, 0x0,
    0x0, 0x0, 0x4, 0x46, 0xf2, 0x0, 0x0, 0x0,
    0x0, 0x0, 0x0, 0xbf, 0xea, 0x0, 0x0, 0x0,
    0x0, 0x0, 0x0, 0x0, 0x0, 0x0, 0x0, 0x0,
    0x0,

    /* U+547D "命" */
    0x0, 0x0, 0x0, 0x0, 0x0, 0x0, 0x0, 0x0,
    0x0, 0x0, 0x0, 0x0, 0x0, 0xca, 0x0, 0x0,
    0x0, 0x0, 0x0, 0x0, 0x0, 0xb, 0xff, 0x30,
    0x0, 0x0, 0x0, 0x0, 0x0, 0x2, 0xde, 0x38,
    0xf6, 0x0, 0x0, 0x0, 0x0, 0x0, 0x7f, 0xc2,
    0x0, 0x6f, 0xb2, 0x0, 0x0, 0x1, 0x6e, 0xfc,
    0x44, 0x44, 0x47, 0xef, 0xa3, 0x0, 0x5f, 0xe7,
    0x1e, 0xff, 0xff, 0xff, 0x46, 0xdf, 0xa0, 0x5,
    0x0, 0x0, 0x0, 0x0, 0x0, 0x0, 0x3, 0x10,
    0x0, 0xcd, 0xdd, 0xd7, 0x7, 0xdd, 0xdd, 0xd5,
    0x0, 0x0, 0xe8, 0x55, 0xd8, 0x8, 0xd5, 0x55,
    0xf6, 0x0, 0x0, 0xe5, 0x0, 0xb8, 0x8, 0xc0,
    0x0, 0xe6, 0x0, 0x0, 0xe5, 0x0, 0xb8, 0x8,
    0xc0, 0x0, 0xe6, 0x0, 0x0, 0xe5, 0x0, 0xb8,
    0x8, 0xc0, 0x0, 0xe6, 0x0, 0x0, 0xec, 0xbb,
    0xe8, 0x8, 0xc0, 0x44, 0xf5, 0x0, 0x0, 0xea,
    0x88, 0x84, 0x8, 0xc0, 0xef, 0xc1, 0x0, 0x0,
    0xc4, 0x0, 0x0, 0x8, 0xc0, 0x0, 0x0, 0x0,
    0x0, 0x0, 0x0, 0x0, 0x8, 0xc0, 0x0, 0x0,
    0x0,

    /* U+54B8 "咸" */
    0x0, 0x0, 0x0, 0x0, 0x0, 0x1, 0x0, 0x0,
    0x0, 0x0, 0x0, 0x0, 0x0, 0x0, 0x6e, 0x2d,
    0x40, 0x0, 0x0, 0x0, 0x0, 0x0, 0x0, 0x6e,
    0x5, 0xf9, 0x0, 0x0, 0x22, 0x22, 0x22, 0x22,
    0x7f, 0x22, 0x5d, 0x30, 0x0, 0xdf, 0xff, 0xff,
    0xff, 0xff, 0xff, 0xff, 0xf0, 0x0, 0xd8, 0x22,
    0x22, 0x22, 0x6f, 0x22, 0x22, 0x20, 0x0, 0xd7,
    0x12, 0x22, 0x22, 0x3f, 0x10, 0x0, 0x0, 0x0,
    0xd7, 0x8f, 0xff, 0xfe, 0x1f, 0x20, 0x9b, 0x0,
    0x0, 0xd7, 0x0, 0x0, 0x0, 0xf, 0x40, 0xe6,
    0x0, 0x0, 0xe6, 0x5d, 0xdd, 0xdb, 0xe, 0x65,
    0xf1, 0x0, 0x0, 0xf6, 0x6d, 0x44, 0x7d, 0xb,
    0x9d, 0xa0, 0x0, 0x0, 0xf4, 0x6b, 0x0, 0x4d,
    0x8, 0xff, 0x10, 0x0, 0x2, 0xf2, 0x6b, 0x0,
    0x4d, 0x6, 0xf7, 0x0, 0x0, 0x6, 0xe0, 0x6f,
    0xff, 0xfd, 0x2e, 0xf4, 0x0, 0xc1, 0xb, 0xa0,
    0x6c, 0x11, 0x15, 0xed, 0xcb, 0x0, 0xf1, 0x2f,
    0x50, 0x1, 0x1, 0x9f, 0xb0, 0x3f, 0x97, 0xd0,
    0x3b, 0x0, 0x0, 0x0, 0xb5, 0x0, 0x4, 0xde,
    0x50, 0x0, 0x0, 0x0, 0x0, 0x0, 0x0, 0x0,
    0x0, 0x0,

    /* U+54C1 "品" */
    0x0, 0x4, 0x55, 0x55, 0x55, 0x55, 0x50, 0x0,
    0x0, 0xe, 0xff, 0xff, 0xff, 0xff, 0xf1, 0x0,
    0x0, 0xe, 0x60, 0x0, 0x0, 0x3, 0xf1, 0x0,
    0x0, 0xe, 0x60, 0x0, 0x0, 0x3, 0xf1, 0x0,
    0x0, 0xe, 0x60, 0x0, 0x0, 0x3, 0xf1, 0x0,
    0x0, 0xe, 0xa6, 0x66, 0x66, 0x69, 0xf1, 0x0,
    0x0, 0xc, 0xdd, 0xdd, 0xdd, 0xdd, 0xd1, 0x0,
    0x0, 0x0, 0x0, 0x0, 0x0, 0x0, 0x0, 0x0,
    0x15, 0x55, 0x55, 0x50, 0x5, 0x55, 0x55, 0x54,
    0x5f, 0xff, 0xff, 0xf0, 0xf, 0xff, 0xff, 0xfe,
    0x5e, 0x0, 0x5, 0xf0, 0xf, 0x40, 0x0, 0x7e,
    0x5e, 0x0, 0x5, 0xf0, 0xf, 0x40, 0x0, 0x7e,
    0x5e, 0x0, 0x5, 0xf0, 0xf, 0x40, 0x0, 0x7e,
    0x5e, 0x0, 0x5, 0xf0, 0xf, 0x40, 0x0, 0x7e,
    0x5f, 0xff, 0xff, 0xf0, 0xf, 0xff, 0xff, 0xfe,
    0x5f, 0x55, 0x58, 0xd0, 0xf, 0x85, 0x55, 0x9d,

    /* U+5510 "唐" */
    0x0, 0x0, 0x0, 0x0, 0x0, 0x0, 0x0, 0x0,
    0x0, 0x0, 0x0, 0x0, 0x0, 0xc8, 0x0, 0x0,
    0x0, 0x0, 0x33, 0x33, 0x33, 0x39, 0xf4, 0x33,
    0x33, 0x30, 0xd, 0xff, 0xff, 0xff, 0xff, 0xff,
    0xff, 0xff, 0x0, 0xd6, 0x0, 0x0, 0x6, 0xe0,
    0x0, 0x0, 0x0, 0xd, 0x60, 0xef, 0xff, 0xff,
    0xff, 0xff, 0x30, 0x0, 0xd6, 0x1, 0x11, 0x17,
    0xe1, 0x12, 0xf3, 0x0, 0xd, 0x73, 0x33, 0x33,
    0x8f, 0x33, 0x4f, 0x63, 0x0, 0xe8, 0xdd, 0xdd,
    0xde, 0xfd, 0xdd, 0xfd, 0xc0, 0xf, 0x50, 0x0,
    0x0, 0x6e, 0x0, 0xf, 0x30, 0x0, 0xf5, 0xf,
    0xff, 0xff, 0xff, 0xff, 0xf3, 0x0, 0x1f, 0x30,
    0x0, 0x0, 0x6e, 0x0, 0x0, 0x0, 0x2, 0xf1,
    0xb, 0xbb, 0xbd, 0xfb, 0xbb, 0xb5, 0x0, 0x5e,
    0x0, 0xf8, 0x44, 0x44, 0x44, 0x4f, 0x70, 0x8,
    0xa0, 0xf, 0x40, 0x0, 0x0, 0x0, 0xe7, 0x0,
    0xd5, 0x0, 0xf6, 0x22, 0x22, 0x22, 0x2e, 0x70,
    0x3e, 0x0, 0xf, 0xfe, 0xee, 0xee, 0xee, 0xf7,
    0x0, 0x0, 0x0, 0x0, 0x0, 0x0, 0x0, 0x0,
    0x0,

    /* U+5524 "唤" */
    0x0, 0x0, 0x0, 0x0, 0x10, 0x0, 0x0, 0x0,
    0x0, 0x0, 0x0, 0x0, 0xe9, 0x0, 0x0, 0x0,
    0x11, 0x11, 0x0, 0x8, 0xfa, 0x88, 0x84, 0x0,
    0xef, 0xff, 0x40, 0x4f, 0xb9, 0x9a, 0xf7, 0x0,
    0xe5, 0x2e, 0x44, 0xf9, 0x0, 0xb, 0xb0, 0x0,
    0xe4, 0xe, 0x4e, 0xfc, 0xcc, 0xdf, 0xdc, 0x40,
    0xe4, 0xe, 0x42, 0xe8, 0x47, 0xf5, 0x4f, 0x50,
    0xe4, 0xe, 0x40, 0xe4, 0x3, 0xf0, 0xe, 0x50,
    0xe4, 0xe, 0x40, 0xe4, 0x3, 0xf0, 0xe, 0x50,
    0xe4, 0xe, 0x40, 0xe4, 0x5, 0xf0, 0xe, 0x50,
    0xe4, 0xe, 0x43, 0xf7, 0x38, 0xe3, 0x3f, 0x82,
    0xe4, 0xe, 0x6f, 0xff, 0xff, 0xff, 0xff, 0xf8,
    0xef, 0xff, 0x40, 0x0, 0x2f, 0xf6, 0x0, 0x0,
    0xe6, 0x22, 0x0, 0x0, 0xda, 0x3e, 0x20, 0x0,
    0xd3, 0x0, 0x0, 0x1c, 0xc0, 0x7, 0xe2, 0x0,
    0x0, 0x0, 0x5, 0xeb, 0x10, 0x0, 0xaf, 0x60,
    0x0, 0x0, 0xcf, 0x70, 0x0, 0x0, 0x7, 0xfb,
    0x0, 0x0, 0x21, 0x0, 0x0, 0x0, 0x0, 0x11,

    /* U+5544 "啄" */
    0x44, 0x44, 0x1a, 0xbb, 0xbb, 0xbb, 0xbb, 0xb7,
    0xe, 0xff, 0xf4, 0x89, 0x99, 0xdf, 0x99, 0x99,
    0x50, 0xe5, 0xe, 0x40, 0x0, 0x8f, 0x50, 0x0,
    0x0, 0xe, 0x50, 0xe4, 0x2, 0xbf, 0xa0, 0x0,
    0x3, 0x10, 0xe5, 0xe, 0x69, 0xfb, 0x4f, 0x40,
    0x5, 0xf8, 0xe, 0x50, 0xec, 0xe4, 0x0, 0xbd,
    0x9, 0xf7, 0x0, 0xe5, 0xe, 0x40, 0xb2, 0x9d,
    0xfe, 0xf9, 0x0, 0xe, 0x50, 0xe4, 0x9, 0xfc,
    0x1b, 0xc6, 0xd0, 0x0, 0xe5, 0xe, 0x6a, 0xfe,
    0x50, 0xcc, 0x1f, 0x10, 0xe, 0x96, 0xf5, 0xa3,
    0x58, 0xbe, 0xf0, 0xc6, 0x0, 0xee, 0xdd, 0x40,
    0x2, 0xda, 0x5f, 0x7, 0xd0, 0xe, 0x50, 0x0,
    0x7, 0xf7, 0x6, 0xf0, 0xf, 0x60, 0x62, 0x0,
    0x3e, 0xa2, 0x0, 0x8c, 0x0, 0x6d, 0x0, 0x0,
    0x0, 0x20, 0x23, 0x5f, 0x70, 0x0, 0x10, 0x0,
    0x0, 0x0, 0x9, 0xff, 0x90, 0x0, 0x0, 0x0,
    0x0, 0x0, 0x0, 0x0, 0x0, 0x0, 0x0, 0x0,

    /* U+5584 "善" */
    0x0, 0x0, 0x0, 0x0, 0x0, 0x0, 0x0, 0x0,
    0x0, 0x0, 0x0, 0x4e, 0x10, 0x0, 0x2, 0xf4,
    0x0, 0x0, 0x0, 0x11, 0x2e, 0x81, 0x11, 0x1b,
    0xc1, 0x11, 0x0, 0x0, 0xff, 0xff, 0xff, 0xff,
    0xff, 0xff, 0xff, 0x0, 0x0, 0x0, 0x0, 0x0,
    0xba, 0x0, 0x0, 0x0, 0x0, 0x0, 0xe, 0xff,
    0xff, 0xff, 0xff, 0xff, 0xe0, 0x0, 0x0, 0x1,
    0x11, 0x11, 0xca, 0x11, 0x11, 0x10, 0x0, 0x6,
    0xcc, 0xcc, 0xcc, 0xfe, 0xcc, 0xcc, 0xcc, 0x70,
    0x2, 0x47, 0xe5, 0x44, 0xcb, 0x44, 0x6d, 0x64,
    0x20, 0x0, 0x0, 0xe9, 0x0, 0xba, 0x0, 0x9c,
    0x0, 0x0, 0xd, 0xdd, 0xff, 0xdd, 0xff, 0xdd,
    0xfe, 0xdd, 0xd1, 0x3, 0x33, 0x33, 0x33, 0x33,
    0x33, 0x33, 0x33, 0x30, 0x0, 0x2, 0x33, 0x33,
    0x33, 0x33, 0x33, 0x30, 0x0, 0x0, 0xa, 0xfd,
    0xdd, 0xdd, 0xdd, 0xdf, 0xc0, 0x0, 0x0, 0xa,
    0xa0, 0x0, 0x0, 0x0, 0x9, 0xc0, 0x0, 0x0,
    0xa, 0xb2, 0x22, 0x22, 0x22, 0x2a, 0xc0, 0x0,
    0x0, 0xa, 0xff, 0xff, 0xff, 0xff, 0xff, 0xc0,
    0x0,

    /* U+559C "喜" */
    0x0, 0x0, 0x0, 0x0, 0x11, 0x0, 0x0, 0x0,
    0x0, 0x0, 0x0, 0x0, 0x0, 0xba, 0x0, 0x0,
    0x0, 0x0, 0x8, 0xff, 0xff, 0xff, 0xff, 0xff,
    0xff, 0xff, 0x90, 0x0, 0x11, 0x11, 0x11, 0xca,
    0x11, 0x11, 0x11, 0x0, 0x0, 0x3b, 0xbb, 0xbb,
    0xee, 0xbb, 0xbb, 0xb5, 0x0, 0x0, 0x13, 0x33,
    0x33, 0x33, 0x33, 0x33, 0x31, 0x0, 0x0, 0x6,
    0xee, 0xee, 0xee, 0xee, 0xee, 0x70, 0x0, 0x0,
    0x7, 0xd0, 0x0, 0x0, 0x0, 0xd, 0x80, 0x0,
    0x0, 0x7, 0xd1, 0x11, 0x11, 0x11, 0x1d, 0x80,
    0x0, 0x0, 0x6, 0xdf, 0xed, 0xdd, 0xde, 0xfe,
    0x70, 0x0, 0x0, 0x0, 0xe, 0x70, 0x0, 0x9,
    0xd0, 0x0, 0x0, 0x2e, 0xee, 0xef, 0xfe, 0xee,
    0xef, 0xfe, 0xee, 0xe1, 0x1, 0x11, 0x11, 0x11,
    0x11, 0x11, 0x11, 0x11, 0x10, 0x0, 0xb, 0xff,
    0xff, 0xff, 0xff, 0xff, 0xd0, 0x0, 0x0, 0xc,
    0x90, 0x0, 0x0, 0x0, 0x8, 0xd0, 0x0, 0x0,
    0xc, 0x90, 0x0, 0x0, 0x0, 0x8, 0xd0, 0x0,
    0x0, 0xc, 0xfe, 0xee, 0xee, 0xee, 0xef, 0xd0,
    0x0,

    /* U+55C5 "嗅" */
    0x0, 0x0, 0x0, 0x0, 0x0, 0x0, 0x0, 0x0,
    0x0, 0x0, 0x0, 0x0, 0x0, 0x8e, 0x0, 0x0,
    0x0, 0x55, 0x55, 0x10, 0x56, 0x6e, 0xc6, 0x66,
    0x30, 0xd, 0xff, 0xf4, 0xd, 0xc9, 0x99, 0x99,
    0xf8, 0x0, 0xd5, 0xe, 0x40, 0xd7, 0x0, 0x0,
    0xd, 0x80, 0xd, 0x50, 0xe4, 0xd, 0xed, 0xdd,
    0xdd, 0xf8, 0x0, 0xd5, 0xe, 0x40, 0xd7, 0x0,
    0x0, 0xd, 0x80, 0xd, 0x50, 0xe4, 0xd, 0xed,
    0xdd, 0xdd, 0xf8, 0x0, 0xd5, 0xe, 0x40, 0xd7,
    0x0, 0x0, 0xd, 0x80, 0xd, 0x50, 0xe4, 0xd,
    0xff, 0xff, 0xff, 0xf8, 0x0, 0xd5, 0xe, 0x40,
    0x11, 0x15, 0xa1, 0xc6, 0x0, 0xd, 0x72, 0xe4,
    0x22, 0x22, 0x8d, 0x25, 0xe3, 0x10, 0xdf, 0xff,
    0x4e, 0xff, 0xff, 0xff, 0xff, 0xf9, 0xd, 0x61,
    0x10, 0x0, 0x5, 0xff, 0x60, 0x0, 0x0, 0x73,
    0x0, 0x0, 0x2, 0xea, 0x3e, 0x50, 0x0, 0x0,
    0x0, 0x0, 0x6, 0xec, 0x0, 0x4f, 0xb4, 0x0,
    0x0, 0x0, 0x5e, 0xf8, 0x0, 0x0, 0x29, 0xfb,
    0x0, 0x0, 0x0, 0x51, 0x0, 0x0, 0x0, 0x1,
    0x20,

    /* U+56DB "四" */
    0x25, 0x55, 0x55, 0x55, 0x55, 0x55, 0x55, 0x51,
    0x6f, 0xff, 0xff, 0xff, 0xff, 0xff, 0xff, 0xf5,
    0x6f, 0x0, 0xb, 0x80, 0xe, 0x50, 0x0, 0xf5,
    0x6f, 0x0, 0xc, 0x70, 0xe, 0x50, 0x0, 0xf5,
    0x6f, 0x0, 0xd, 0x70, 0xe, 0x50, 0x0, 0xf5,
    0x6f, 0x0, 0xf, 0x50, 0xe, 0x50, 0x0, 0xf5,
    0x6f, 0x0, 0x3f, 0x10, 0xe, 0x50, 0x0, 0xf5,
    0x6f, 0x0, 0xad, 0x0, 0xe, 0x60, 0x0, 0xf5,
    0x6f, 0x5, 0xf5, 0x0, 0xa, 0xff, 0xfb, 0xf5,
    0x6f, 0x8f, 0x90, 0x0, 0x0, 0x23, 0x32, 0xf5,
    0x6f, 0x35, 0x0, 0x0, 0x0, 0x0, 0x0, 0xf5,
    0x6f, 0x0, 0x0, 0x0, 0x0, 0x0, 0x0, 0xf5,
    0x6f, 0xff, 0xff, 0xff, 0xff, 0xff, 0xff, 0xf5,
    0x6f, 0x55, 0x55, 0x55, 0x55, 0x55, 0x56, 0xf5,
    0x6f, 0x0, 0x0, 0x0, 0x0, 0x0, 0x0, 0xe5,
    0x0, 0x0, 0x0, 0x0, 0x0, 0x0, 0x0, 0x0,

    /* U+56DE "回" */
    0x25, 0x55, 0x55, 0x55, 0x55, 0x55, 0x55, 0x53,
    0x7f, 0xff, 0xff, 0xff, 0xff, 0xff, 0xff, 0xf8,
    0x7e, 0x0, 0x0, 0x0, 0x0, 0x0, 0x0, 0xe8,
    0x7e, 0x0, 0x0, 0x0, 0x0, 0x0, 0x0, 0xe8,
    0x7e, 0x0, 0x13, 0x33, 0x33, 0x31, 0x0, 0xe8,
    0x7e, 0x0, 0x5f, 0xff, 0xff, 0xf6, 0x0, 0xe8,
    0x7e, 0x0, 0x5e, 0x0, 0x0, 0xe6, 0x0, 0xe8,
    0x7e, 0x0, 0x5e, 0x0, 0x0, 0xe6, 0x0, 0xe8,
    0x7e, 0x0, 0x5e, 0x0, 0x0, 0xe6, 0x0, 0xe8,
    0x7e, 0x0, 0x5e, 0x0, 0x0, 0xe6, 0x0, 0xe8,
    0x7e, 0x0, 0x5f, 0xff, 0xff, 0xf6, 0x0, 0xe8,
    0x7e, 0x0, 0x13, 0x33, 0x33, 0x31, 0x0, 0xe8,
    0x7e, 0x0, 0x0, 0x0, 0x0, 0x0, 0x0, 0xe8,
    0x7e, 0x0, 0x0, 0x0, 0x0, 0x0, 0x0, 0xe8,
    0x7f, 0xff, 0xff, 0xff, 0xff, 0xff, 0xff, 0xf8,
    0x7f, 0x55, 0x55, 0x55, 0x55, 0x55, 0x55, 0xf8,

    /* U+56E0 "因" */
    0x14, 0x44, 0x44, 0x44, 0x44, 0x44, 0x44, 0x43,
    0x5f, 0xff, 0xff, 0xff, 0xff, 0xff, 0xff, 0xfe,
    0x5e, 0x0, 0x0, 0x1, 0x30, 0x0, 0x0, 0x6e,
    0x5e, 0x0, 0x0, 0x5, 0xf0, 0x0, 0x0, 0x6e,
    0x5e, 0x0, 0x0, 0x6, 0xe0, 0x0, 0x0, 0x6e,
    0x5e, 0x4, 0x44, 0x49, 0xe4, 0x44, 0x42, 0x6e,
    0x5e, 0xf, 0xff, 0xff, 0xff, 0xff, 0xf7, 0x6e,
    0x5e, 0x0, 0x0, 0xc, 0x90, 0x0, 0x0, 0x6e,
    0x5e, 0x0, 0x0, 0x1f, 0xf5, 0x0, 0x0, 0x6e,
    0x5e, 0x0, 0x0, 0x8e, 0x5f, 0x70, 0x0, 0x6e,
    0x5e, 0x0, 0x3, 0xf7, 0x4, 0xf8, 0x0, 0x6e,
    0x5e, 0x0, 0x3e, 0xc0, 0x0, 0x3f, 0x70, 0x6e,
    0x5e, 0x9, 0xfa, 0x0, 0x0, 0x4, 0xf4, 0x6e,
    0x5e, 0x4, 0x40, 0x0, 0x0, 0x0, 0x30, 0x6e,
    0x5f, 0xdd, 0xdd, 0xdd, 0xdd, 0xdd, 0xdd, 0xee,
    0x5f, 0x55, 0x55, 0x55, 0x55, 0x55, 0x55, 0x9e,

    /* U+56F4 "围" */
    0x13, 0x33, 0x33, 0x33, 0x33, 0x33, 0x33, 0x33,
    0x5f, 0xff, 0xff, 0xff, 0xff, 0xff, 0xff, 0xfe,
    0x5e, 0x0, 0x0, 0x4, 0x70, 0x0, 0x0, 0x6e,
    0x5e, 0x2, 0x22, 0x29, 0xd2, 0x22, 0x20, 0x6e,
    0x5e, 0xe, 0xff, 0xff, 0xff, 0xff, 0xf1, 0x6e,
    0x5e, 0x0, 0x0, 0x7, 0xd0, 0x0, 0x0, 0x6e,
    0x5e, 0x1, 0xdd, 0xde, 0xfd, 0xdd, 0x60, 0x6e,
    0x5e, 0x0, 0x33, 0x39, 0xd3, 0x33, 0x10, 0x6e,
    0x5e, 0x0, 0x0, 0x7, 0xd0, 0x0, 0x0, 0x6e,
    0x5e, 0x2f, 0xff, 0xff, 0xff, 0xff, 0xf3, 0x6e,
    0x5e, 0x2, 0x22, 0x29, 0xd2, 0x23, 0xf1, 0x6e,
    0x5e, 0x0, 0x0, 0x7, 0xd0, 0x15, 0xf0, 0x6e,
    0x5e, 0x0, 0x0, 0x7, 0xd0, 0xee, 0x70, 0x6e,
    0x5e, 0x0, 0x0, 0x5, 0x90, 0x0, 0x0, 0x6e,
    0x5f, 0xdd, 0xdd, 0xdd, 0xdd, 0xdd, 0xdd, 0xee,
    0x5f, 0x55, 0x55, 0x55, 0x55, 0x55, 0x55, 0x9e,

    /* U+5706 "圆" */
    0x12, 0x22, 0x22, 0x22, 0x22, 0x22, 0x22, 0x22,
    0x6f, 0xff, 0xff, 0xff, 0xff, 0xff, 0xff, 0xfe,
    0x6e, 0x0, 0x11, 0x11, 0x11, 0x11, 0x0, 0x6e,
    0x6e, 0x0, 0xde, 0xdd, 0xdd, 0xdf, 0x30, 0x6e,
    0x6e, 0x0, 0xd4, 0x0, 0x0, 0xf, 0x30, 0x6e,
    0x6e, 0x0, 0xdf, 0xff, 0xff, 0xff, 0x30, 0x6e,
    0x6e, 0x0, 0x0, 0x0, 0x0, 0x0, 0x0, 0x6e,
    0x6e, 0x4, 0xff, 0xff, 0xff, 0xff, 0xa0, 0x6e,
    0x6e, 0x4, 0xe1, 0x12, 0x31, 0x19, 0xb0, 0x6e,
    0x6e, 0x4, 0xe0, 0x6, 0xd0, 0x9, 0xb0, 0x6e,
    0x6e, 0x4, 0xe0, 0x8, 0xb0, 0x9, 0xb0, 0x6e,
    0x6e, 0x3, 0xa0, 0x3f, 0x79, 0x25, 0x70, 0x6e,
    0x6e, 0x0, 0x49, 0xf8, 0x19, 0xfa, 0x30, 0x6e,
    0x6e, 0x3f, 0xfa, 0x30, 0x0, 0x19, 0xf4, 0x6e,
    0x6e, 0x26, 0x32, 0x22, 0x22, 0x22, 0x53, 0x8e,
    0x6f, 0xee, 0xee, 0xee, 0xee, 0xee, 0xee, 0xfe,

    /* U+5713 "圓" */
    0x14, 0x44, 0x44, 0x44, 0x44, 0x44, 0x44, 0x44,
    0x5f, 0xff, 0xff, 0xff, 0xff, 0xff, 0xff, 0xfe,
    0x5e, 0x0, 0x0, 0x0, 0x0, 0x0, 0x0, 0x6e,
    0x5e, 0x0, 0x6f, 0xcc, 0xcc, 0xde, 0x0, 0x6e,
    0x5e, 0x0, 0x6c, 0x33, 0x33, 0x7e, 0x0, 0x6e,
    0x5e, 0x0, 0x38, 0x88, 0x88, 0x87, 0x0, 0x6e,
    0x5e, 0x2, 0xcb, 0xbb, 0xbb, 0xbc, 0x80, 0x6e,
    0x5e, 0x3, 0xf0, 0x0, 0x0, 0x8, 0xa0, 0x6e,
    0x5e, 0x3, 0xfb, 0xbb, 0xbb, 0xbe, 0xa0, 0x6e,
    0x5e, 0x3, 0xf7, 0x77, 0x77, 0x7c, 0xa0, 0x6e,
    0x5e, 0x3, 0xf2, 0x22, 0x22, 0x2a, 0xa0, 0x6e,
    0x5e, 0x2, 0xbc, 0xec, 0xbd, 0xcb, 0x70, 0x6e,
    0x5e, 0x0, 0x5d, 0xa0, 0x6, 0xe9, 0x10, 0x6e,
    0x5e, 0xb, 0xb4, 0x0, 0x0, 0x8, 0xe2, 0x6e,
    0x5f, 0x55, 0x55, 0x55, 0x55, 0x55, 0x55, 0xae,
    0x5f, 0xdd, 0xdd, 0xdd, 0xdd, 0xdd, 0xdd, 0xee,

    /* U+5723 "圣" */
    0x0, 0x0, 0x0, 0x0, 0x0, 0x0, 0x0, 0x0,
    0x0, 0x3, 0xff, 0xff, 0xff, 0xff, 0xff, 0xff,
    0xe1, 0x0, 0x0, 0x36, 0xf8, 0x33, 0x33, 0x33,
    0x7f, 0x70, 0x0, 0x0, 0x0, 0x7f, 0x50, 0x0,
    0x4, 0xfa, 0x0, 0x0, 0x0, 0x0, 0x7, 0xfa,
    0x11, 0x9f, 0x80, 0x0, 0x0, 0x0, 0x0, 0x0,
    0x3e, 0xff, 0xe3, 0x0, 0x0, 0x0, 0x0, 0x0,
    0x38, 0xdf, 0xdd, 0xfc, 0x73, 0x0, 0x0, 0x2b,
    0xdf, 0xfc, 0x72, 0x0, 0x39, 0xef, 0xfc, 0x91,
    0x8, 0x63, 0x0, 0x0, 0x88, 0x0, 0x1, 0x47,
    0x80, 0x0, 0x0, 0x0, 0x0, 0xba, 0x0, 0x0,
    0x0, 0x0, 0x0, 0xe, 0xff, 0xff, 0xff, 0xff,
    0xff, 0xe0, 0x0, 0x0, 0x4, 0x44, 0x44, 0xcc,
    0x44, 0x44, 0x40, 0x0, 0x0, 0x0, 0x0, 0x0,
    0xba, 0x0, 0x0, 0x0, 0x0, 0x0, 0x0, 0x0,
    0x0, 0xba, 0x0, 0x0, 0x0, 0x0, 0x5, 0x55,
    0x55, 0x55, 0xcc, 0x55, 0x55, 0x55, 0x50, 0xe,
    0xff, 0xff, 0xff, 0xff, 0xff, 0xff, 0xff, 0xf0,

    /* U+5728 "在" */
    0x0, 0x0, 0x0, 0x0, 0x0, 0x0, 0x0, 0x0,
    0x0, 0x0, 0x0, 0x2, 0xf4, 0x0, 0x0, 0x0,
    0x0, 0x0, 0x0, 0x0, 0x7f, 0x0, 0x0, 0x0,
    0x0, 0x0, 0x45, 0x55, 0x5d, 0xc5, 0x55, 0x55,
    0x55, 0x54, 0xd, 0xff, 0xff, 0xff, 0xff, 0xff,
    0xff, 0xff, 0xe0, 0x0, 0x0, 0xcb, 0x0, 0x0,
    0x10, 0x0, 0x0, 0x0, 0x0, 0x6f, 0x20, 0x0,
    0x3f, 0x20, 0x0, 0x0, 0x0, 0x1f, 0x90, 0x0,
    0x3, 0xf2, 0x0, 0x0, 0x0, 0xb, 0xf1, 0x0,
    0x0, 0x3f, 0x20, 0x0, 0x0, 0xb, 0xfd, 0x1,
    0x66, 0x68, 0xf7, 0x66, 0x61, 0xb, 0xfd, 0xd0,
    0x3d, 0xdd, 0xef, 0xed, 0xdd, 0x31, 0xe5, 0x7d,
    0x0, 0x0, 0x3, 0xf2, 0x0, 0x0, 0x0, 0x7,
    0xd0, 0x0, 0x0, 0x3f, 0x20, 0x0, 0x0, 0x0,
    0x7d, 0x0, 0x0, 0x3, 0xf2, 0x0, 0x0, 0x0,
    0x7, 0xd0, 0x0, 0x0, 0x3f, 0x20, 0x0, 0x0,
    0x0, 0x7d, 0x4, 0x44, 0x46, 0xf5, 0x44, 0x43,
    0x0, 0x7, 0xd0, 0xff, 0xff, 0xff, 0xff, 0xff,
    0xe0,

    /* U+572D "圭" */
    0x0, 0x0, 0x0, 0x3, 0x30, 0x0, 0x0, 0x0,
    0x0, 0x0, 0x0, 0x0, 0xba, 0x0, 0x0, 0x0,
    0x0, 0x0, 0x0, 0x0, 0xb, 0xa0, 0x0, 0x0,
    0x0, 0x0, 0x16, 0x66, 0x66, 0xdd, 0x66, 0x66,
    0x60, 0x0, 0x2, 0xdd, 0xdd, 0xdf, 0xfd, 0xdd,
    0xdd, 0x10, 0x0, 0x0, 0x0, 0x0, 0xba, 0x0,
    0x0, 0x0, 0x0, 0x0, 0x0, 0x0, 0xb, 0xa0,
    0x0, 0x0, 0x0, 0x7, 0xff, 0xff, 0xff, 0xff,
    0xff, 0xff, 0xff, 0x80, 0x25, 0x55, 0x55, 0x55,
    0x55, 0x55, 0x55, 0x53, 0x0, 0x0, 0x0, 0x0,
    0x99, 0x0, 0x0, 0x0, 0x0, 0x0, 0x0, 0x0,
    0xb, 0xa0, 0x0, 0x0, 0x0, 0x0, 0xaf, 0xff,
    0xff, 0xff, 0xff, 0xff, 0xf9, 0x0, 0x3, 0x55,
    0x55, 0x5d, 0xc5, 0x55, 0x55, 0x30, 0x0, 0x0,
    0x0, 0x0, 0xba, 0x0, 0x0, 0x0, 0x0, 0x0,
    0x0, 0x0, 0xb, 0xa0, 0x0, 0x0, 0x0, 0x5,
    0x55, 0x55, 0x55, 0xdc, 0x55, 0x55, 0x55, 0x50,
    0xef, 0xff, 0xff, 0xff, 0xff, 0xff, 0xff, 0xff,
    0x0,

    /* U+573A "场" */
    0x0, 0xc, 0x50, 0x14, 0x44, 0x44, 0x44, 0x30,
    0x0, 0x0, 0xd6, 0x3, 0xff, 0xff, 0xff, 0xfe,
    0x10, 0x0, 0xd, 0x60, 0x0, 0x0, 0x2, 0xdd,
    0x20, 0x0, 0x0, 0xd6, 0x0, 0x0, 0x4, 0xfb,
    0x10, 0x0, 0x1b, 0xbf, 0xdb, 0x40, 0x8, 0xf7,
    0x0, 0x0, 0x0, 0x88, 0xfb, 0x83, 0x5d, 0xf7,
    0x44, 0x44, 0x44, 0x0, 0xd, 0x60, 0xe, 0xff,
    0xff, 0xff, 0xff, 0xf0, 0x0, 0xd6, 0x0, 0x0,
    0x1f, 0x41, 0xf2, 0x7e, 0x0, 0xd, 0x60, 0x0,
    0xa, 0xb0, 0x8c, 0x8, 0xd0, 0x0, 0xd6, 0x0,
    0x4, 0xf2, 0xe, 0x60, 0x9b, 0x0, 0xd, 0x63,
    0x25, 0xf6, 0x7, 0xd0, 0xb, 0xa0, 0x2, 0xef,
    0xf9, 0xf5, 0x1, 0xf4, 0x0, 0xd8, 0x2d, 0xfd,
    0x71, 0x1, 0x0, 0xca, 0x0, 0xf, 0x60, 0x93,
    0x0, 0x0, 0x0, 0xbc, 0x0, 0x2, 0xf3, 0x0,
    0x0, 0x0, 0x2, 0xdc, 0x10, 0x43, 0xaf, 0x0,
    0x0, 0x0, 0x0, 0xc9, 0x0, 0xb, 0xfe, 0x50,
    0x0, 0x0, 0x0, 0x0, 0x0, 0x0, 0x0, 0x0,
    0x0,

    /* U+574A "坊" */
    0x0, 0x7, 0x60, 0x0, 0x0, 0xc, 0x60, 0x0,
    0x0, 0x0, 0xb, 0x80, 0x0, 0x0, 0xa, 0xb0,
    0x0, 0x0, 0x0, 0xb, 0x80, 0x0, 0x0, 0x5,
    0xd0, 0x0, 0x0, 0x0, 0xb, 0x80, 0x4b, 0xbb,
    0xbc, 0xcb, 0xbb, 0xb3, 0x6, 0x6d, 0xb6, 0x78,
    0x8b, 0xf8, 0x88, 0x88, 0x82, 0xe, 0xef, 0xfe,
    0xa0, 0x5, 0xf0, 0x0, 0x0, 0x0, 0x0, 0xb,
    0x80, 0x0, 0x5, 0xf0, 0x0, 0x0, 0x0, 0x0,
    0xb, 0x80, 0x0, 0x6, 0xff, 0xff, 0xff, 0x40,
    0x0, 0xb, 0x80, 0x0, 0x7, 0xe5, 0x55, 0x6f,
    0x30, 0x0, 0xb, 0x80, 0x0, 0xa, 0xb0, 0x0,
    0x2f, 0x20, 0x0, 0xb, 0xa8, 0xd0, 0xe, 0x80,
    0x0, 0x3f, 0x20, 0x2, 0x7e, 0xfd, 0x70, 0x5f,
    0x20, 0x0, 0x4f, 0x0, 0x4f, 0xe9, 0x30, 0x0,
    0xeb, 0x0, 0x0, 0x6f, 0x0, 0x5, 0x0, 0x0,
    0xa, 0xe1, 0x0, 0x0, 0x8d, 0x0, 0x0, 0x0,
    0x0, 0xaf, 0x40, 0x5, 0x45, 0xea, 0x0, 0x0,
    0x0, 0x5, 0xe3, 0x0, 0xb, 0xff, 0xd2, 0x0,
    0x0, 0x0, 0x0, 0x0, 0x0, 0x0, 0x0, 0x0,
    0x0,

    /* U+5760 "坠" */
    0x0, 0x0, 0x0, 0x0, 0x0, 0x2, 0x10, 0x0,
    0x0, 0x3, 0xdd, 0xdd, 0xe6, 0x0, 0xf, 0x60,
    0x0, 0x0, 0x3, 0xf7, 0x5a, 0xf2, 0x0, 0x2f,
    0x60, 0x0, 0x0, 0x3, 0xf1, 0xe, 0x70, 0x0,
    0x4f, 0x90, 0x0, 0x0, 0x3, 0xf1, 0x8d, 0x0,
    0x0, 0x8f, 0xd0, 0x0, 0x0, 0x3, 0xf1, 0x1a,
    0xc1, 0x0, 0xcc, 0xf3, 0x0, 0x0, 0x3, 0xf1,
    0x0, 0xc9, 0x3, 0xf4, 0xbb, 0x0, 0x0, 0x3,
    0xf1, 0x45, 0xe9, 0xd, 0xc0, 0x2f, 0x60, 0x0,
    0x3, 0xf1, 0xad, 0xa1, 0x9e, 0x20, 0x6, 0xf5,
    0x0, 0x3, 0xf1, 0x0, 0x3c, 0xd2, 0x0, 0x0,
    0x6f, 0x90, 0x2, 0x91, 0x0, 0x26, 0x33, 0x0,
    0x0, 0x2, 0x50, 0x0, 0x0, 0x0, 0x0, 0xaa,
    0x0, 0x0, 0x0, 0x0, 0x0, 0x5d, 0xdd, 0xdd,
    0xff, 0xdd, 0xdd, 0xd7, 0x0, 0x0, 0x14, 0x44,
    0x44, 0xcc, 0x44, 0x44, 0x42, 0x0, 0x0, 0x0,
    0x0, 0x0, 0xaa, 0x0, 0x0, 0x0, 0x0, 0x2,
    0x22, 0x22, 0x22, 0xbb, 0x22, 0x22, 0x22, 0x20,
    0xf, 0xff, 0xff, 0xff, 0xff, 0xff, 0xff, 0xff,
    0xf0,

    /* U+57DF "域" */
    0x0, 0x3b, 0x0, 0x0, 0x0, 0x1, 0xe3, 0xa4,
    0x0, 0x0, 0x4e, 0x0, 0x0, 0x0, 0x1, 0xf3,
    0x4e, 0x60, 0x0, 0x4e, 0x0, 0x44, 0x44, 0x45,
    0xf7, 0x47, 0x90, 0x0, 0x4e, 0x1, 0xff, 0xff,
    0xff, 0xff, 0xff, 0xf1, 0x18, 0xbf, 0x85, 0x0,
    0x0, 0x0, 0xf4, 0x0, 0x0, 0x2c, 0xdf, 0xc7,
    0x24, 0x44, 0x40, 0xe5, 0x2, 0x10, 0x0, 0x4e,
    0x0, 0x8e, 0xcd, 0xe0, 0xd6, 0xc, 0x80, 0x0,
    0x4e, 0x0, 0x87, 0x2, 0xe0, 0xc7, 0x2f, 0x30,
    0x0, 0x4e, 0x0, 0x87, 0x2, 0xe0, 0xa9, 0x8d,
    0x0, 0x0, 0x4e, 0x0, 0x88, 0x24, 0xe0, 0x8b,
    0xe7, 0x0, 0x0, 0x4e, 0x3, 0x8e, 0xee, 0xd0,
    0x6f, 0xe0, 0x0, 0x0, 0x5f, 0xec, 0x0, 0x0,
    0x13, 0x5f, 0x60, 0x0, 0x2b, 0xfc, 0x50, 0x37,
    0xae, 0xea, 0xef, 0x30, 0x30, 0x9, 0x20, 0x8,
    0xea, 0x62, 0x2d, 0xbc, 0x90, 0xc3, 0x0, 0x0,
    0x0, 0x0, 0x5, 0xf9, 0x4, 0xf6, 0xf1, 0x0,
    0x0, 0x0, 0x0, 0x5, 0x70, 0x0, 0x8f, 0x90,

    /* U+57FA "基" */
    0x0, 0x0, 0x8b, 0x0, 0x0, 0x0, 0x99, 0x0,
    0x0, 0x1, 0x22, 0xac, 0x22, 0x22, 0x22, 0xbb,
    0x22, 0x10, 0x5, 0xff, 0xff, 0xff, 0xff, 0xff,
    0xff, 0xff, 0x50, 0x0, 0x0, 0x9c, 0x0, 0x0,
    0x0, 0xba, 0x0, 0x0, 0x0, 0x0, 0x9f, 0xff,
    0xff, 0xff, 0xfa, 0x0, 0x0, 0x0, 0x0, 0x9c,
    0x0, 0x0, 0x0, 0xaa, 0x0, 0x0, 0x0, 0x0,
    0x9f, 0xff, 0xff, 0xff, 0xfa, 0x0, 0x0, 0x0,
    0x0, 0x9c, 0x11, 0x11, 0x11, 0xba, 0x0, 0x0,
    0x3, 0x33, 0xbd, 0x33, 0x33, 0x33, 0xcc, 0x33,
    0x30, 0x2e, 0xee, 0xef, 0xee, 0xee, 0xee, 0xff,
    0xee, 0xe2, 0x0, 0x1, 0xda, 0x0, 0x77, 0x0,
    0x8d, 0x20, 0x0, 0x0, 0x3e, 0xc2, 0x22, 0xcb,
    0x22, 0x29, 0xf6, 0x0, 0x1b, 0xf8, 0x6f, 0xff,
    0xff, 0xff, 0xf6, 0x5e, 0xe2, 0x9, 0x30, 0x0,
    0x0, 0xba, 0x0, 0x0, 0x1, 0x50, 0x0, 0x12,
    0x22, 0x22, 0xcb, 0x22, 0x22, 0x22, 0x0, 0x0,
    0xcf, 0xff, 0xff, 0xff, 0xff, 0xff, 0xfd, 0x0,

    /* U+5834 "場" */
    0x0, 0x2, 0x10, 0x0, 0x0, 0x0, 0x0, 0x0,
    0x0, 0x0, 0xe, 0x50, 0x3, 0xcc, 0xcc, 0xcc,
    0xcc, 0x0, 0x0, 0xe, 0x50, 0x4, 0xf3, 0x33,
    0x33, 0x6f, 0x0, 0x0, 0xe, 0x50, 0x4, 0xf3,
    0x33, 0x33, 0x7f, 0x0, 0x3, 0x3f, 0x73, 0x14,
    0xfc, 0xcc, 0xcc, 0xdf, 0x0, 0xf, 0xff, 0xff,
    0x44, 0xf0, 0x0, 0x0, 0x4f, 0x0, 0x0, 0xf,
    0x60, 0x4, 0xfc, 0xcc, 0xcc, 0xdf, 0x0, 0x0,
    0xe, 0x50, 0x0, 0x22, 0x22, 0x22, 0x22, 0x0,
    0x0, 0xe, 0x50, 0xee, 0xee, 0xee, 0xee, 0xee,
    0xe4, 0x0, 0xe, 0x50, 0x33, 0xdb, 0x33, 0x33,
    0x33, 0x31, 0x0, 0xe, 0x54, 0x27, 0xf6, 0x22,
    0x22, 0x22, 0x20, 0x0, 0xf, 0xef, 0x9f, 0xff,
    0xff, 0xff, 0xff, 0xc0, 0x18, 0xee, 0x89, 0xf7,
    0x7, 0xd0, 0x5c, 0x8, 0xb0, 0x1d, 0x60, 0x8,
    0x40, 0x5e, 0x20, 0xe4, 0xa, 0x90, 0x0, 0x0,
    0x0, 0x8, 0xe3, 0x9, 0xc0, 0xd, 0x70, 0x0,
    0x0, 0x0, 0xbc, 0x10, 0x8e, 0x21, 0x3f, 0x30,
    0x0, 0x0, 0x0, 0x10, 0x3, 0xe3, 0x3f, 0xfa,
    0x0, 0x0, 0x0, 0x0, 0x0, 0x0, 0x0, 0x0,
    0x0, 0x0,

    /* U+5854 "塔" */
    0x0, 0x1, 0x0, 0x0, 0x23, 0x0, 0x3, 0x20,
    0x0, 0x0, 0xf, 0x40, 0x0, 0x9a, 0x0, 0xa,
    0x90, 0x0, 0x0, 0xf, 0x41, 0x77, 0xcd, 0x77,
    0x7d, 0xc7, 0x71, 0x0, 0xf, 0x41, 0xbb, 0xde,
    0xbb, 0xbe, 0xeb, 0xb2, 0x0, 0xf, 0x40, 0x0,
    0x9a, 0x3, 0xa, 0x90, 0x0, 0xf, 0xff, 0xff,
    0x10, 0x45, 0x9f, 0x35, 0x40, 0x0, 0x5, 0x5f,
    0x85, 0x0, 0xa, 0xe9, 0xe4, 0x0, 0x0, 0x0,
    0xf, 0x40, 0x3, 0xcd, 0x20, 0x5f, 0x91, 0x0,
    0x0, 0xf, 0x41, 0x9f, 0xb1, 0x0, 0x2, 0xcf,
    0x80, 0x0, 0xf, 0x49, 0xe5, 0x5f, 0xff, 0xff,
    0x66, 0xd2, 0x0, 0xf, 0x40, 0x10, 0x12, 0x22,
    0x22, 0x10, 0x0, 0x0, 0xf, 0x40, 0x1, 0x33,
    0x33, 0x33, 0x32, 0x0, 0x0, 0xf, 0xad, 0x37,
    0xfe, 0xee, 0xee, 0xfb, 0x0, 0x16, 0xcf, 0xe7,
    0x17, 0xc0, 0x0, 0x0, 0x9b, 0x0, 0x2f, 0xa4,
    0x0, 0x7, 0xc0, 0x0, 0x0, 0x9b, 0x0, 0x1,
    0x0, 0x0, 0x7, 0xd2, 0x22, 0x22, 0xab, 0x0,
    0x0, 0x0, 0x0, 0x7, 0xff, 0xff, 0xff, 0xfb,
    0x0,

    /* U+58A8 "墨" */
    0x0, 0x1, 0x11, 0x11, 0x11, 0x11, 0x11, 0x10,
    0x0, 0x0, 0x1f, 0xcc, 0xcc, 0xee, 0xcc, 0xcc,
    0xf2, 0x0, 0x0, 0x1f, 0x28, 0x50, 0xb9, 0x9,
    0x62, 0xf2, 0x0, 0x0, 0x1f, 0x21, 0xb0, 0xb9,
    0x2b, 0x2, 0xf2, 0x0, 0x0, 0x1f, 0xdd, 0xdd,
    0xff, 0xdd, 0xdd, 0xf2, 0x0, 0x0, 0x1, 0x11,
    0x11, 0xba, 0x11, 0x11, 0x10, 0x0, 0x0, 0x5e,
    0xee, 0xee, 0xff, 0xee, 0xee, 0xe6, 0x0, 0x0,
    0x0, 0x0, 0x0, 0xba, 0x0, 0x0, 0x0, 0x0,
    0xc, 0xcc, 0xcc, 0xcc, 0xfe, 0xcc, 0xcc, 0xcc,
    0xc0, 0x3, 0x3c, 0x63, 0x86, 0x34, 0xb4, 0x37,
    0xc3, 0x30, 0x0, 0x6e, 0x0, 0x9a, 0x0, 0xd7,
    0x1, 0xcb, 0x0, 0x6, 0xd2, 0x0, 0x36, 0x97,
    0x35, 0x0, 0xc, 0x40, 0x0, 0xe, 0xff, 0xff,
    0xff, 0xff, 0xff, 0xf1, 0x0, 0x0, 0x0, 0x0,
    0x0, 0xba, 0x0, 0x0, 0x0, 0x0, 0x2, 0x22,
    0x22, 0x22, 0xca, 0x22, 0x22, 0x22, 0x20, 0xf,
    0xff, 0xff, 0xff, 0xff, 0xff, 0xff, 0xff, 0xf1,

    /* U+58EB "士" */
    0x0, 0x0, 0x0, 0x0, 0x11, 0x0, 0x0, 0x0,
    0x0, 0x0, 0x0, 0x0, 0x0, 0xca, 0x0, 0x0,
    0x0, 0x0, 0x0, 0x0, 0x0, 0x0, 0xca, 0x0,
    0x0, 0x0, 0x0, 0x0, 0x0, 0x0, 0x0, 0xca,
    0x0, 0x0, 0x0, 0x0, 0x0, 0x0, 0x0, 0x0,
    0xca, 0x0, 0x0, 0x0, 0x0, 0x0, 0x0, 0x0,
    0x0, 0xca, 0x0, 0x0, 0x0, 0x0, 0x5, 0x55,
    0x55, 0x55, 0xdc, 0x55, 0x55, 0x55, 0x50, 0xf,
    0xff, 0xff, 0xff, 0xff, 0xff, 0xff, 0xff, 0xf1,
    0x0, 0x0, 0x0, 0x0, 0xca, 0x0, 0x0, 0x0,
    0x0, 0x0, 0x0, 0x0, 0x0, 0xca, 0x0, 0x0,
    0x0, 0x0, 0x0, 0x0, 0x0, 0x0, 0xca, 0x0,
    0x0, 0x0, 0x0, 0x0, 0x0, 0x0, 0x0, 0xca,
    0x0, 0x0, 0x0, 0x0, 0x0, 0x0, 0x0, 0x0,
    0xca, 0x0, 0x0, 0x0, 0x0, 0x0, 0x0, 0x0,
    0x0, 0xca, 0x0, 0x0, 0x0, 0x0, 0x0, 0x0,
    0x0, 0x0, 0xca, 0x0, 0x0, 0x0, 0x0, 0x0,
    0xff, 0xff, 0xff, 0xff, 0xff, 0xff, 0xff, 0x10,
    0x0, 0x66, 0x66, 0x66, 0x66, 0x66, 0x66, 0x66,
    0x0,

    /* U+58EE "壮" */
    0x0, 0x0, 0x38, 0x0, 0x0, 0x3, 0x70, 0x0,
    0x0, 0x0, 0x0, 0x5e, 0x0, 0x0, 0x7, 0xe0,
    0x0, 0x0, 0x0, 0x0, 0x5e, 0x0, 0x0, 0x7,
    0xe0, 0x0, 0x0, 0xa, 0x60, 0x5e, 0x0, 0x0,
    0x7, 0xe0, 0x0, 0x0, 0x7, 0xf1, 0x5e, 0x0,
    0x0, 0x7, 0xe0, 0x0, 0x0, 0x0, 0xe9, 0x5e,
    0x0, 0x0, 0x7, 0xe0, 0x0, 0x0, 0x0, 0x7e,
    0x6e, 0x1, 0x11, 0x17, 0xe1, 0x11, 0x10, 0x0,
    0x2, 0x5e, 0x6f, 0xff, 0xff, 0xff, 0xff, 0xfa,
    0x0, 0x0, 0x5e, 0x13, 0x33, 0x39, 0xf3, 0x33,
    0x32, 0x0, 0x0, 0x5e, 0x0, 0x0, 0x7, 0xe0,
    0x0, 0x0, 0x0, 0x0, 0x8e, 0x0, 0x0, 0x7,
    0xe0, 0x0, 0x0, 0x0, 0x2b, 0xfe, 0x0, 0x0,
    0x7, 0xe0, 0x0, 0x0, 0x9, 0xfc, 0x8e, 0x0,
    0x0, 0x7, 0xe0, 0x0, 0x0, 0xd, 0x70, 0x5e,
    0x0, 0x0, 0x7, 0xe0, 0x0, 0x0, 0x0, 0x0,
    0x5e, 0x0, 0x0, 0x7, 0xe0, 0x0, 0x0, 0x0,
    0x0, 0x5e, 0x4, 0x55, 0x5a, 0xf5, 0x55, 0x51,
    0x0, 0x0, 0x5e, 0xc, 0xff, 0xff, 0xff, 0xff,
    0xf2,

    /* U+5904 "处" */
    0x0, 0x0, 0x0, 0x0, 0x0, 0x1, 0x0, 0x0,
    0x0, 0x0, 0x2, 0xe3, 0x0, 0x0, 0xe, 0x80,
    0x0, 0x0, 0x0, 0x6, 0xf1, 0x0, 0x0, 0xe,
    0x80, 0x0, 0x0, 0x0, 0xa, 0xf4, 0x33, 0x30,
    0xe, 0x80, 0x0, 0x0, 0x0, 0xd, 0xff, 0xff,
    0xf1, 0xe, 0x80, 0x0, 0x0, 0x0, 0x1f, 0x50,
    0x6, 0xf0, 0xe, 0xc3, 0x0, 0x0, 0x0, 0x6f,
    0x10, 0xa, 0xc0, 0xe, 0xfe, 0x10, 0x0, 0x0,
    0xdf, 0x50, 0xd, 0x80, 0xe, 0x8c, 0xd0, 0x0,
    0x4, 0xfc, 0xa0, 0x1f, 0x50, 0xe, 0x81, 0xea,
    0x0, 0xd, 0x94, 0xe0, 0x7f, 0x0, 0xe, 0x80,
    0x3f, 0x60, 0x2, 0x10, 0xe7, 0xda, 0x0, 0xe,
    0x80, 0x7, 0x50, 0x0, 0x0, 0x6f, 0xf3, 0x0,
    0xe, 0x80, 0x0, 0x0, 0x0, 0x0, 0x1f, 0xe0,
    0x0, 0xe, 0x80, 0x0, 0x0, 0x0, 0x0, 0xbf,
    0xfb, 0x0, 0xe, 0x80, 0x0, 0x0, 0x0, 0x9,
    0xf4, 0x3f, 0xd5, 0x2, 0x10, 0x0, 0x0, 0x1,
    0xbf, 0x60, 0x2, 0xbf, 0xea, 0x76, 0x65, 0x61,
    0x1e, 0xe5, 0x0, 0x0, 0x3, 0x8c, 0xef, 0xff,
    0xf0, 0x5, 0x10, 0x0, 0x0, 0x0, 0x0, 0x0,
    0x0, 0x0,

    /* U+5907 "备" */
    0x0, 0x0, 0x0, 0xb9, 0x0, 0x0, 0x0, 0x0,
    0x0, 0x0, 0x0, 0x8, 0xf8, 0x55, 0x55, 0x54,
    0x0, 0x0, 0x0, 0x0, 0x8f, 0xdd, 0xdd, 0xdd,
    0xfd, 0x0, 0x0, 0x0, 0x1a, 0xff, 0x60, 0x0,
    0xb, 0xe2, 0x0, 0x0, 0x4, 0xfc, 0x25, 0xf9,
    0x3, 0xdd, 0x20, 0x0, 0x0, 0x0, 0x60, 0x0,
    0x2e, 0xef, 0xa0, 0x0, 0x0, 0x0, 0x0, 0x0,
    0x27, 0xdf, 0xbd, 0xfb, 0x61, 0x0, 0x0, 0x27,
    0xae, 0xfe, 0x81, 0x0, 0x39, 0xff, 0xec, 0x90,
    0x1e, 0xaa, 0x73, 0x33, 0x33, 0x33, 0x36, 0x89,
    0x70, 0x0, 0xe, 0xff, 0xff, 0xff, 0xff, 0xff,
    0x80, 0x0, 0x0, 0xe, 0x70, 0x0, 0xe7, 0x0,
    0xe, 0x80, 0x0, 0x0, 0xe, 0x93, 0x33, 0xf9,
    0x33, 0x3e, 0x80, 0x0, 0x0, 0xe, 0xfe, 0xee,
    0xff, 0xee, 0xef, 0x80, 0x0, 0x0, 0xe, 0x70,
    0x0, 0xe7, 0x0, 0xe, 0x80, 0x0, 0x0, 0xe,
    0x93, 0x33, 0xf9, 0x33, 0x3e, 0x80, 0x0, 0x0,
    0xe, 0xff, 0xff, 0xff, 0xff, 0xff, 0x80, 0x0,

    /* U+5916 "外" */
    0x0, 0x0, 0x72, 0x0, 0x0, 0x8, 0x30, 0x0,
    0x0, 0x0, 0x2, 0xf5, 0x0, 0x0, 0xf, 0x60,
    0x0, 0x0, 0x0, 0x7, 0xf1, 0x0, 0x0, 0xf,
    0x60, 0x0, 0x0, 0x0, 0xb, 0xf4, 0x44, 0x51,
    0xf, 0x60, 0x0, 0x0, 0x0, 0xf, 0xff, 0xff,
    0xf5, 0xf, 0x60, 0x0, 0x0, 0x0, 0x6f, 0x20,
    0x4, 0xf2, 0xf, 0x60, 0x0, 0x0, 0x0, 0xdb,
    0x0, 0x8, 0xf0, 0xf, 0xb3, 0x0, 0x0, 0x6,
    0xf3, 0x0, 0xb, 0xb0, 0xf, 0xdf, 0x60, 0x0,
    0x1f, 0x9c, 0x90, 0x1f, 0x60, 0xf, 0x67, 0xf8,
    0x0, 0x5, 0x2, 0xdd, 0xae, 0x0, 0xf, 0x60,
    0x5f, 0xa0, 0x0, 0x0, 0xa, 0xf8, 0x0, 0xf,
    0x60, 0x6, 0xd2, 0x0, 0x0, 0x9, 0xf1, 0x0,
    0xf, 0x60, 0x0, 0x0, 0x0, 0x0, 0x6f, 0x70,
    0x0, 0xf, 0x60, 0x0, 0x0, 0x0, 0x3, 0xfa,
    0x0, 0x0, 0xf, 0x60, 0x0, 0x0, 0x0, 0x6f,
    0xd0, 0x0, 0x0, 0xf, 0x60, 0x0, 0x0, 0x1b,
    0xfa, 0x10, 0x0, 0x0, 0xf, 0x60, 0x0, 0x0,
    0x8, 0x60, 0x0, 0x0, 0x0, 0xf, 0x60, 0x0,
    0x0,

    /* U+591A "多" */
    0x0, 0x0, 0x0, 0x3d, 0x40, 0x0, 0x0, 0x0,
    0x0, 0x0, 0x4, 0xed, 0x55, 0x55, 0x40, 0x0,
    0x0, 0x0, 0x7f, 0xee, 0xee, 0xef, 0xf1, 0x0,
    0x0, 0x4d, 0xe5, 0x0, 0x0, 0x6f, 0x50, 0x0,
    0xa, 0xf8, 0x5b, 0x20, 0x8, 0xf6, 0x0, 0x0,
    0x1, 0x10, 0x9, 0xf8, 0xdd, 0x30, 0x0, 0x0,
    0x0, 0x0, 0x5, 0xef, 0x94, 0xc4, 0x0, 0x0,
    0x1, 0x59, 0xff, 0x81, 0x3e, 0xd3, 0x33, 0x31,
    0x5f, 0xea, 0x60, 0x5, 0xff, 0xff, 0xff, 0xfc,
    0x3, 0x0, 0x2, 0xbf, 0x60, 0x0, 0x6, 0xf4,
    0x0, 0x2, 0x9f, 0xc4, 0x10, 0x0, 0x4f, 0x80,
    0x0, 0x2f, 0xb3, 0xb, 0xe3, 0x7, 0xf9, 0x0,
    0x0, 0x1, 0x0, 0x0, 0xaf, 0xce, 0x50, 0x0,
    0x0, 0x0, 0x0, 0x16, 0xcf, 0xb1, 0x0, 0x0,
    0x0, 0x25, 0x7c, 0xfe, 0x93, 0x0, 0x0, 0x0,
    0x6f, 0xff, 0xda, 0x40, 0x0, 0x0, 0x0, 0x0,
    0x15, 0x20, 0x0, 0x0, 0x0, 0x0, 0x0, 0x0,

    /* U+591C "夜" */
    0x0, 0x0, 0x0, 0x0, 0x10, 0x0, 0x0, 0x0,
    0x0, 0x0, 0x0, 0x0, 0x1, 0xf6, 0x0, 0x0,
    0x0, 0x0, 0x1, 0x11, 0x11, 0x11, 0xae, 0x21,
    0x11, 0x11, 0x10, 0xe, 0xff, 0xff, 0xff, 0xff,
    0xff, 0xff, 0xff, 0xf0, 0x2, 0x22, 0x4e, 0x52,
    0x23, 0xe5, 0x22, 0x22, 0x20, 0x0, 0x0, 0x9e,
    0x0, 0x8, 0xe0, 0x0, 0x0, 0x0, 0x0, 0x3,
    0xf6, 0x0, 0x2f, 0xff, 0xff, 0xff, 0x40, 0x0,
    0xc, 0xd0, 0x0, 0xbc, 0x44, 0x33, 0x7f, 0x10,
    0x0, 0x8f, 0xc0, 0x8, 0xf2, 0xaa, 0x0, 0xba,
    0x0, 0x7, 0xfd, 0xc0, 0x7f, 0xf5, 0x1c, 0xa2,
    0xf3, 0x0, 0x4f, 0x68, 0xc3, 0xf5, 0x6e, 0x11,
    0x4c, 0xb0, 0x0, 0x3, 0x8, 0xc0, 0x20, 0xc,
    0xb0, 0x9d, 0x10, 0x0, 0x0, 0x8, 0xc0, 0x0,
    0x1, 0xed, 0xf3, 0x0, 0x0, 0x0, 0x8, 0xc0,
    0x0, 0x1, 0xbf, 0xd1, 0x0, 0x0, 0x0, 0x8,
    0xc0, 0x0, 0x5e, 0xd5, 0xde, 0x60, 0x0, 0x0,
    0x8, 0xc1, 0x7d, 0xf8, 0x0, 0x9, 0xfe, 0x71,
    0x0, 0x8, 0xc2, 0xd7, 0x10, 0x0, 0x0, 0x29,
    0xd1, 0x0, 0x0, 0x0, 0x0, 0x0, 0x0, 0x0,
    0x0, 0x0,

    /* U+5927 "大" */
    0x0, 0x0, 0x0, 0x0, 0x11, 0x0, 0x0, 0x0,
    0x0, 0x0, 0x0, 0x0, 0x0, 0xbb, 0x0, 0x0,
    0x0, 0x0, 0x0, 0x0, 0x0, 0x0, 0xbb, 0x0,
    0x0, 0x0, 0x0, 0x0, 0x0, 0x0, 0x0, 0xca,
    0x0, 0x0, 0x0, 0x0, 0x0, 0x0, 0x0, 0x0,
    0xd9, 0x0, 0x0, 0x0, 0x0, 0x0, 0x0, 0x0,
    0x0, 0xe8, 0x0, 0x0, 0x0, 0x0, 0xd, 0xff,
    0xff, 0xff, 0xff, 0xff, 0xff, 0xff, 0xe0, 0x6,
    0x66, 0x66, 0x69, 0xff, 0x96, 0x66, 0x66, 0x60,
    0x0, 0x0, 0x0, 0x8, 0xfe, 0x80, 0x0, 0x0,
    0x0, 0x0, 0x0, 0x0, 0xd, 0xa8, 0xe0, 0x0,
    0x0, 0x0, 0x0, 0x0, 0x0, 0x4f, 0x51, 0xf6,
    0x0, 0x0, 0x0, 0x0, 0x0, 0x0, 0xcd, 0x0,
    0xaf, 0x10, 0x0, 0x0, 0x0, 0x0, 0x6, 0xf4,
    0x0, 0x1e, 0xb0, 0x0, 0x0, 0x0, 0x0, 0x5f,
    0xa0, 0x0, 0x5, 0xf9, 0x0, 0x0, 0x0, 0x5,
    0xfb, 0x0, 0x0, 0x0, 0x8f, 0x90, 0x0, 0x2,
    0xbf, 0xb0, 0x0, 0x0, 0x0, 0x8, 0xfd, 0x40,
    0xe, 0xe5, 0x0, 0x0, 0x0, 0x0, 0x0, 0x4e,
    0xe1, 0x2, 0x10, 0x0, 0x0, 0x0, 0x0, 0x0,
    0x0, 0x20,

    /* U+5929 "天" */
    0x1, 0xff, 0xff, 0xff, 0xff, 0xff, 0xff, 0xff,
    0x20, 0x0, 0x66, 0x66, 0x66, 0xdc, 0x66, 0x66,
    0x66, 0x0, 0x0, 0x0, 0x0, 0x0, 0xca, 0x0,
    0x0, 0x0, 0x0, 0x0, 0x0, 0x0, 0x0, 0xca,
    0x0, 0x0, 0x0, 0x0, 0x0, 0x0, 0x0, 0x0,
    0xc9, 0x0, 0x0, 0x0, 0x0, 0x2, 0x22, 0x22,
    0x22, 0xea, 0x22, 0x22, 0x22, 0x20, 0xb, 0xff,
    0xff, 0xff, 0xff, 0xff, 0xff, 0xff, 0xe0, 0x2,
    0x22, 0x22, 0x26, 0xff, 0x62, 0x22, 0x22, 0x20,
    0x0, 0x0, 0x0, 0xa, 0xec, 0xb0, 0x0, 0x0,
    0x0, 0x0, 0x0, 0x0, 0x2f, 0x83, 0xf3, 0x0,
    0x0, 0x0, 0x0, 0x0, 0x0, 0xce, 0x10, 0xbe,
    0x10, 0x0, 0x0, 0x0, 0x0, 0xb, 0xf3, 0x0,
    0x1e, 0xc1, 0x0, 0x0, 0x0, 0x2, 0xdf, 0x50,
    0x0, 0x2, 0xee, 0x30, 0x0, 0x1, 0x8f, 0xe3,
    0x0, 0x0, 0x0, 0x2c, 0xfa, 0x30, 0xe, 0xe7,
    0x0, 0x0, 0x0, 0x0, 0x0, 0x7e, 0xf2, 0x2,
    0x0, 0x0, 0x0, 0x0, 0x0, 0x0, 0x0, 0x30,

    /* U+592B "夫" */
    0x0, 0x0, 0x0, 0x0, 0x11, 0x0, 0x0, 0x0,
    0x0, 0x0, 0x0, 0x0, 0x0, 0xbb, 0x0, 0x0,
    0x0, 0x0, 0x0, 0x0, 0x0, 0x0, 0xbb, 0x0,
    0x0, 0x0, 0x0, 0x0, 0x36, 0x66, 0x66, 0xdd,
    0x66, 0x66, 0x65, 0x0, 0x0, 0x8f, 0xff, 0xff,
    0xff, 0xff, 0xff, 0xfe, 0x0, 0x0, 0x0, 0x0,
    0x0, 0xbb, 0x0, 0x0, 0x0, 0x0, 0x0, 0x0,
    0x0, 0x0, 0xbb, 0x0, 0x0, 0x0, 0x0, 0x0,
    0x0, 0x0, 0x0, 0xca, 0x0, 0x0, 0x0, 0x0,
    0x3, 0x44, 0x44, 0x44, 0xeb, 0x44, 0x44, 0x44,
    0x40, 0xb, 0xff, 0xff, 0xff, 0xff, 0xff, 0xff,
    0xff, 0xe0, 0x0, 0x11, 0x11, 0x16, 0xff, 0x41,
    0x11, 0x11, 0x10, 0x0, 0x0, 0x0, 0xc, 0xdd,
    0xb0, 0x0, 0x0, 0x0, 0x0, 0x0, 0x0, 0x7f,
    0x63, 0xf5, 0x0, 0x0, 0x0, 0x0, 0x0, 0x5,
    0xfb, 0x0, 0x9f, 0x50, 0x0, 0x0, 0x0, 0x0,
    0x9f, 0xc0, 0x0, 0xa, 0xf8, 0x0, 0x0, 0x1,
    0x7e, 0xf8, 0x0, 0x0, 0x0, 0x7f, 0xe8, 0x30,
    0xe, 0xfa, 0x30, 0x0, 0x0, 0x0, 0x2, 0xaf,
    0xf3, 0x3, 0x10, 0x0, 0x0, 0x0, 0x0, 0x0,
    0x0, 0x30,

    /* U+5934 "头" */
    0x0, 0x0, 0x0, 0x0, 0x0, 0x0, 0x0, 0x0,
    0x0, 0x0, 0x30, 0x0, 0x7, 0xe0, 0x0, 0x0,
    0x0, 0x0, 0x3f, 0xd6, 0x0, 0x7e, 0x0, 0x0,
    0x0, 0x0, 0x0, 0x18, 0xfd, 0x18, 0xd0, 0x0,
    0x0, 0x0, 0x0, 0x0, 0x1, 0x80, 0x8d, 0x0,
    0x0, 0x0, 0x0, 0xcb, 0x40, 0x0, 0x8, 0xc0,
    0x0, 0x0, 0x0, 0x2, 0xaf, 0xb2, 0x0, 0xab,
    0x0, 0x0, 0x0, 0x0, 0x0, 0x3d, 0x70, 0xc,
    0x90, 0x0, 0x0, 0x0, 0x0, 0x0, 0x0, 0x0,
    0xe7, 0x0, 0x0, 0x0, 0xe, 0xff, 0xff, 0xff,
    0xff, 0xff, 0xff, 0xff, 0xf0, 0x55, 0x55, 0x55,
    0x5a, 0xf5, 0x55, 0x55, 0x55, 0x0, 0x0, 0x0,
    0x0, 0xd9, 0x0, 0x0, 0x0, 0x0, 0x0, 0x0,
    0x0, 0x8f, 0x4c, 0x60, 0x0, 0x0, 0x0, 0x0,
    0x0, 0x6f, 0x60, 0x6e, 0xd5, 0x0, 0x0, 0x0,
    0x2, 0xbf, 0x80, 0x0, 0x8, 0xfb, 0x10, 0x0,
    0x5a, 0xfd, 0x30, 0x0, 0x0, 0x2, 0xdf, 0x50,
    0xbf, 0xc6, 0x0, 0x0, 0x0, 0x0, 0x0, 0xa9,
    0x1, 0x10, 0x0, 0x0, 0x0, 0x0, 0x0, 0x0,
    0x0,

    /* U+5949 "奉" */
    0x0, 0x0, 0x0, 0x0, 0x13, 0x0, 0x0, 0x0,
    0x0, 0x0, 0x0, 0x0, 0x0, 0x8e, 0x0, 0x0,
    0x0, 0x0, 0x0, 0x8c, 0xcc, 0xcc, 0xef, 0xcc,
    0xcc, 0xcc, 0x10, 0x0, 0x34, 0x44, 0x45, 0xf8,
    0x44, 0x44, 0x44, 0x0, 0x0, 0x1, 0x11, 0x16,
    0xf3, 0x11, 0x11, 0x10, 0x0, 0x0, 0xf, 0xff,
    0xff, 0xff, 0xff, 0xff, 0xf5, 0x0, 0x0, 0x0,
    0x0, 0x5f, 0x30, 0x0, 0x0, 0x0, 0x0, 0x6,
    0xff, 0xff, 0xff, 0xff, 0xff, 0xff, 0xff, 0xd0,
    0x1, 0x22, 0x3e, 0xc3, 0x6a, 0x25, 0xf7, 0x22,
    0x20, 0x0, 0x0, 0xcd, 0x10, 0x7e, 0x0, 0x7f,
    0x40, 0x0, 0x0, 0x2c, 0xe4, 0x33, 0x9f, 0x33,
    0x38, 0xf5, 0x0, 0x7, 0xf9, 0xb, 0xff, 0xff,
    0xff, 0xf2, 0x5e, 0xc3, 0x8, 0x40, 0x0, 0x0,
    0x7e, 0x0, 0x0, 0x1, 0x71, 0x0, 0x4d, 0xdd,
    0xdd, 0xef, 0xdd, 0xdd, 0xd8, 0x0, 0x0, 0x15,
    0x55, 0x55, 0xaf, 0x55, 0x55, 0x53, 0x0, 0x0,
    0x0, 0x0, 0x0, 0x7e, 0x0, 0x0, 0x0, 0x0,
    0x0, 0x0, 0x0, 0x0, 0x7e, 0x0, 0x0, 0x0,
    0x0,

    /* U+5973 "女" */
    0x0, 0x0, 0x0, 0x3, 0x40, 0x0, 0x0, 0x0,
    0x0, 0x0, 0x0, 0x0, 0xcb, 0x0, 0x0, 0x0,
    0x0, 0x0, 0x0, 0x0, 0x2f, 0x60, 0x0, 0x0,
    0x0, 0x0, 0x0, 0x0, 0x7, 0xf1, 0x0, 0x0,
    0x0, 0x0, 0x0, 0x0, 0x0, 0xdc, 0x0, 0x0,
    0x0, 0x0, 0x0, 0xef, 0xff, 0xff, 0xff, 0xff,
    0xff, 0xff, 0xff, 0x7, 0x77, 0x7d, 0xf7, 0x77,
    0x78, 0xfb, 0x77, 0x70, 0x0, 0x1, 0xf8, 0x0,
    0x0, 0x5f, 0x30, 0x0, 0x0, 0x0, 0x8f, 0x20,
    0x0, 0xa, 0xe0, 0x0, 0x0, 0x0, 0x1f, 0xa0,
    0x0, 0x0, 0xf9, 0x0, 0x0, 0x0, 0x8, 0xf9,
    0x10, 0x0, 0x9f, 0x20, 0x0, 0x0, 0x0, 0x29,
    0xff, 0xa3, 0x4f, 0x80, 0x0, 0x0, 0x0, 0x0,
    0x0, 0x6d, 0xff, 0xe0, 0x0, 0x0, 0x0, 0x0,
    0x0, 0x0, 0x6f, 0xff, 0xc4, 0x0, 0x0, 0x0,
    0x0, 0x6, 0xdf, 0xb1, 0x5d, 0xfc, 0x30, 0x0,
    0x58, 0xcf, 0xfc, 0x40, 0x0, 0x6, 0xef, 0x91,
    0xc, 0xeb, 0x72, 0x0, 0x0, 0x0, 0x1, 0xaf,
    0x30, 0x0, 0x0, 0x0, 0x0, 0x0, 0x0, 0x0,
    0x10,

    /* U+5982 "如" */
    0x0, 0x2, 0xf2, 0x0, 0x0, 0x0, 0x0, 0x0,
    0x0, 0x0, 0x4f, 0x0, 0x0, 0x0, 0x0, 0x0,
    0x0, 0x0, 0x7, 0xd0, 0x0, 0x5, 0xff, 0xff,
    0xff, 0x70, 0x44, 0xbc, 0x44, 0x52, 0x5f, 0x33,
    0x33, 0xe7, 0x1f, 0xff, 0xff, 0xff, 0x95, 0xe0,
    0x0, 0xe, 0x70, 0x1, 0xf3, 0x0, 0xd7, 0x5e,
    0x0, 0x0, 0xe7, 0x0, 0x5f, 0x0, 0x1f, 0x45,
    0xe0, 0x0, 0xe, 0x70, 0x9, 0xb0, 0x4, 0xf1,
    0x5e, 0x0, 0x0, 0xe7, 0x0, 0xe7, 0x0, 0x8e,
    0x5, 0xe0, 0x0, 0xe, 0x70, 0x1f, 0xa0, 0xe,
    0x90, 0x5e, 0x0, 0x0, 0xe7, 0x0, 0x3e, 0xd7,
    0xf3, 0x5, 0xe0, 0x0, 0xe, 0x70, 0x0, 0x1b,
    0xfc, 0x0, 0x5e, 0x0, 0x0, 0xe7, 0x0, 0x0,
    0x8f, 0xf8, 0x5, 0xe0, 0x0, 0xe, 0x70, 0x0,
    0x7f, 0x57, 0xf6, 0x5f, 0xdd, 0xdd, 0xf7, 0x2,
    0xaf, 0x70, 0x6, 0x5, 0xf6, 0x66, 0x6e, 0x70,
    0xde, 0x50, 0x0, 0x0, 0x5e, 0x0, 0x0, 0xa5,
    0x2, 0x0, 0x0, 0x0, 0x0, 0x0, 0x0, 0x0,
    0x0,

    /* U+59D3 "姓" */
    0x0, 0x1, 0x0, 0x0, 0x0, 0x0, 0x0, 0x0,
    0x0, 0x0, 0xc, 0x80, 0x0, 0x0, 0x0, 0xd7,
    0x0, 0x0, 0x0, 0xe, 0x50, 0x0, 0xf, 0x50,
    0xd7, 0x0, 0x0, 0x0, 0x1f, 0x20, 0x0, 0x3f,
    0x20, 0xd7, 0x0, 0x0, 0x6, 0x8f, 0x76, 0x60,
    0x7f, 0x10, 0xd8, 0x0, 0x0, 0x1d, 0xef, 0xde,
    0xe0, 0xcf, 0xff, 0xff, 0xff, 0xf0, 0x0, 0xa9,
    0x5, 0xc2, 0xf6, 0x33, 0xe9, 0x33, 0x30, 0x0,
    0xd5, 0x8, 0xaa, 0xd0, 0x0, 0xd7, 0x0, 0x0,
    0x1, 0xf1, 0xa, 0x9c, 0x60, 0x0, 0xd7, 0x0,
    0x0, 0x6, 0xd0, 0xe, 0x50, 0x0, 0x0, 0xd7,
    0x0, 0x0, 0x9, 0xe4, 0x2f, 0x10, 0x6f, 0xff,
    0xff, 0xff, 0xe0, 0x0, 0x9f, 0xcc, 0x0, 0x24,
    0x44, 0xea, 0x44, 0x40, 0x0, 0x5, 0xfc, 0x0,
    0x0, 0x0, 0xd7, 0x0, 0x0, 0x0, 0x8, 0xfe,
    0xb0, 0x0, 0x0, 0xd7, 0x0, 0x0, 0x0, 0x3f,
    0x63, 0xd1, 0x0, 0x0, 0xd7, 0x0, 0x0, 0x4,
    0xeb, 0x0, 0x3, 0x44, 0x44, 0xea, 0x44, 0x41,
    0x1f, 0xa0, 0x0, 0xa, 0xff, 0xff, 0xff, 0xff,
    0xf6, 0x2, 0x0, 0x0, 0x0, 0x0, 0x0, 0x0,
    0x0, 0x0,

    /* U+59FF "姿" */
    0x0, 0x50, 0x0, 0x0, 0xa8, 0x0, 0x0, 0x0,
    0x0, 0x2, 0xdf, 0x70, 0x3, 0xf7, 0x22, 0x22,
    0x23, 0x10, 0x0, 0x4, 0xe8, 0xb, 0xff, 0xff,
    0xff, 0xff, 0xa0, 0x0, 0x0, 0x1, 0x9e, 0x20,
    0x8d, 0x0, 0x4f, 0x20, 0x0, 0x0, 0x2, 0xb4,
    0x0, 0xdf, 0x20, 0xba, 0x0, 0x0, 0x5, 0xda,
    0x0, 0x8, 0xea, 0xb0, 0x1, 0x0, 0x5, 0xdf,
    0x70, 0x1, 0xaf, 0x30, 0xdb, 0x20, 0x0, 0xe,
    0x91, 0x5, 0xaf, 0xd3, 0x0, 0x1a, 0xfb, 0x70,
    0x0, 0x0, 0x6, 0xbe, 0x30, 0x0, 0x0, 0x38,
    0x80, 0x3, 0x33, 0x33, 0xbf, 0x43, 0x33, 0x33,
    0x33, 0x30, 0xf, 0xff, 0xff, 0xff, 0xff, 0xff,
    0xff, 0xff, 0xf0, 0x0, 0x0, 0x2f, 0x80, 0x0,
    0x6, 0xf3, 0x0, 0x0, 0x0, 0x1, 0xdf, 0x52,
    0x0, 0x4f, 0x80, 0x0, 0x0, 0x0, 0x1, 0x6a,
    0xdf, 0xeb, 0xfc, 0x0, 0x0, 0x0, 0x0, 0x0,
    0x2, 0x6c, 0xfd, 0xdf, 0xea, 0x61, 0x0, 0xa,
    0xce, 0xff, 0xd9, 0x40, 0x1, 0x6b, 0xff, 0x90,
    0x5, 0x75, 0x31, 0x0, 0x0, 0x0, 0x0, 0x15,
    0x10,

    /* U+5B50 "子" */
    0x0, 0x0, 0x0, 0x0, 0x0, 0x0, 0x0, 0x0,
    0x0, 0x0, 0x4f, 0xff, 0xff, 0xff, 0xff, 0xff,
    0xf5, 0x0, 0x0, 0x15, 0x55, 0x55, 0x55, 0x55,
    0xbf, 0xb1, 0x0, 0x0, 0x0, 0x0, 0x0, 0x0,
    0x9, 0xf8, 0x0, 0x0, 0x0, 0x0, 0x0, 0x0,
    0x6, 0xed, 0x40, 0x0, 0x0, 0x0, 0x0, 0x0,
    0x0, 0x9f, 0x80, 0x0, 0x0, 0x0, 0x0, 0x0,
    0x0, 0x0, 0x9c, 0x0, 0x0, 0x0, 0x0, 0x1,
    0x11, 0x11, 0x11, 0xac, 0x11, 0x11, 0x11, 0x10,
    0x1f, 0xff, 0xff, 0xff, 0xff, 0xff, 0xff, 0xff,
    0xf2, 0x3, 0x33, 0x33, 0x33, 0xbd, 0x33, 0x33,
    0x33, 0x30, 0x0, 0x0, 0x0, 0x0, 0x9c, 0x0,
    0x0, 0x0, 0x0, 0x0, 0x0, 0x0, 0x0, 0x9c,
    0x0, 0x0, 0x0, 0x0, 0x0, 0x0, 0x0, 0x0,
    0x9c, 0x0, 0x0, 0x0, 0x0, 0x0, 0x0, 0x0,
    0x0, 0x9c, 0x0, 0x0, 0x0, 0x0, 0x0, 0x0,
    0x15, 0x55, 0xcb, 0x0, 0x0, 0x0, 0x0, 0x0,
    0x0, 0xe, 0xff, 0xd4, 0x0, 0x0, 0x0, 0x0,
    0x0, 0x0, 0x0, 0x0, 0x0, 0x0, 0x0, 0x0,
    0x0,

    /* U+5B57 "字" */
    0x0, 0x0, 0x0, 0x1, 0x0, 0x0, 0x0, 0x0,
    0x0, 0x0, 0x0, 0x2f, 0x40, 0x0, 0x0, 0x0,
    0x23, 0x33, 0x33, 0x3c, 0xd4, 0x33, 0x33, 0x31,
    0xbf, 0xff, 0xff, 0xff, 0xff, 0xff, 0xff, 0xf6,
    0xbb, 0x0, 0x0, 0x0, 0x0, 0x0, 0x0, 0xf6,
    0xbb, 0x0, 0x0, 0x0, 0x0, 0x0, 0x0, 0xf6,
    0x55, 0xc, 0xff, 0xff, 0xff, 0xff, 0x80, 0x73,
    0x0, 0x4, 0x55, 0x55, 0x57, 0xfd, 0x20, 0x0,
    0x0, 0x0, 0x0, 0x0, 0x4e, 0xb1, 0x0, 0x0,
    0x0, 0x0, 0x0, 0x9, 0xf6, 0x0, 0x0, 0x0,
    0x55, 0x55, 0x55, 0x5d, 0xc5, 0x55, 0x55, 0x53,
    0xef, 0xff, 0xff, 0xff, 0xff, 0xff, 0xff, 0xf8,
    0x0, 0x0, 0x0, 0xc, 0x90, 0x0, 0x0, 0x0,
    0x0, 0x0, 0x0, 0xc, 0x90, 0x0, 0x0, 0x0,
    0x0, 0x0, 0x0, 0xc, 0x90, 0x0, 0x0, 0x0,
    0x0, 0x0, 0x45, 0x4d, 0x90, 0x0, 0x0, 0x0,
    0x0, 0x0, 0x7f, 0xfd, 0x30, 0x0, 0x0, 0x0,

    /* U+5B66 "学" */
    0x0, 0x0, 0x0, 0x2, 0x0, 0x0, 0x0, 0x0,
    0x0, 0xb, 0x50, 0x2, 0xf4, 0x0, 0x2, 0xd3,
    0x0, 0x0, 0x8f, 0x20, 0x9, 0xd0, 0x0, 0xbb,
    0x0, 0x1, 0x12, 0xd8, 0x11, 0x4e, 0x31, 0x7f,
    0x31, 0x10, 0x8f, 0xff, 0xff, 0xff, 0xff, 0xff,
    0xff, 0xfb, 0x8, 0xc1, 0x11, 0x11, 0x11, 0x11,
    0x11, 0x1a, 0xb0, 0x8b, 0x0, 0x0, 0x0, 0x0,
    0x0, 0x0, 0xab, 0x4, 0x50, 0xef, 0xff, 0xff,
    0xff, 0xfc, 0x4, 0x50, 0x0, 0x2, 0x22, 0x22,
    0x28, 0xfb, 0x10, 0x0, 0x0, 0x0, 0x0, 0x0,
    0x4d, 0xd5, 0x0, 0x0, 0x0, 0x0, 0x0, 0x0,
    0xb, 0xb0, 0x0, 0x0, 0x0, 0xe, 0xff, 0xff,
    0xff, 0xff, 0xff, 0xff, 0xff, 0xf0, 0x45, 0x55,
    0x55, 0x5c, 0xc5, 0x55, 0x55, 0x55, 0x0, 0x0,
    0x0, 0x0, 0xba, 0x0, 0x0, 0x0, 0x0, 0x0,
    0x0, 0x0, 0xb, 0xa0, 0x0, 0x0, 0x0, 0x0,
    0x0, 0x4, 0x44, 0xda, 0x0, 0x0, 0x0, 0x0,
    0x0, 0x0, 0xcf, 0xfd, 0x40, 0x0, 0x0, 0x0,
    0x0,

    /* U+5B89 "安" */
    0x0, 0x0, 0x0, 0x0, 0x0, 0x0, 0x0, 0x0,
    0x0, 0x0, 0x0, 0x3f, 0x30, 0x0, 0x0, 0x0,
    0x0, 0x0, 0x0, 0xd, 0xb0, 0x0, 0x0, 0x0,
    0x3f, 0xff, 0xff, 0xff, 0xff, 0xff, 0xff, 0xf6,
    0x3f, 0x53, 0x33, 0x33, 0x33, 0x33, 0x33, 0xf6,
    0x3f, 0x10, 0x0, 0x8c, 0x0, 0x0, 0x0, 0xf6,
    0x29, 0x10, 0x1, 0xf8, 0x0, 0x0, 0x0, 0x94,
    0x1, 0x11, 0x19, 0xf2, 0x11, 0x11, 0x11, 0x11,
    0xaf, 0xff, 0xff, 0xff, 0xff, 0xff, 0xff, 0xfe,
    0x23, 0x33, 0xdd, 0x33, 0x33, 0x7f, 0x63, 0x32,
    0x0, 0x6, 0xf4, 0x0, 0x0, 0xcc, 0x0, 0x0,
    0x0, 0x2f, 0xe4, 0x0, 0x6, 0xf4, 0x0, 0x0,
    0x0, 0x5, 0xbf, 0xe9, 0x6f, 0x80, 0x0, 0x0,
    0x0, 0x0, 0x1, 0x7f, 0xff, 0x60, 0x0, 0x0,
    0x0, 0x0, 0x5, 0xdf, 0x8b, 0xfe, 0x70, 0x0,
    0x1, 0x59, 0xdf, 0x91, 0x0, 0x3a, 0xfe, 0x60,
    0x2f, 0xfc, 0x72, 0x0, 0x0, 0x0, 0x3c, 0xf3,
    0x3, 0x10, 0x0, 0x0, 0x0, 0x0, 0x0, 0x20,

    /* U+5B8B "宋" */
    0x0, 0x0, 0x0, 0x0, 0x0, 0x0, 0x0, 0x0,
    0x0, 0x0, 0x0, 0x0, 0x3, 0xf3, 0x0, 0x0,
    0x0, 0x0, 0x0, 0x0, 0x0, 0x0, 0xdb, 0x0,
    0x0, 0x0, 0x0, 0xc, 0xff, 0xff, 0xff, 0xff,
    0xff, 0xff, 0xff, 0x50, 0xc, 0xb3, 0x33, 0x33,
    0x85, 0x33, 0x33, 0x4f, 0x50, 0xc, 0x90, 0x0,
    0x0, 0xe7, 0x0, 0x0, 0xf, 0x50, 0x9, 0x70,
    0x0, 0x0, 0xe7, 0x0, 0x0, 0xb, 0x40, 0x0,
    0x0, 0x0, 0x0, 0xe7, 0x0, 0x0, 0x0, 0x0,
    0xd, 0xff, 0xff, 0xff, 0xff, 0xff, 0xff, 0xff,
    0x60, 0x5, 0x55, 0x55, 0x8f, 0xff, 0xd5, 0x55,
    0x55, 0x20, 0x0, 0x0, 0x0, 0xd9, 0xea, 0xf6,
    0x0, 0x0, 0x0, 0x0, 0x0, 0xb, 0xd0, 0xe7,
    0x5f, 0x50, 0x0, 0x0, 0x0, 0x0, 0xbe, 0x20,
    0xe7, 0x7, 0xf6, 0x0, 0x0, 0x0, 0x2d, 0xe2,
    0x0, 0xe7, 0x0, 0x7f, 0xa0, 0x0, 0x7, 0xfd,
    0x10, 0x0, 0xe7, 0x0, 0x5, 0xfe, 0x50, 0x4f,
    0x80, 0x0, 0x0, 0xe7, 0x0, 0x0, 0x2b, 0xb0,
    0x1, 0x0, 0x0, 0x0, 0xe7, 0x0, 0x0, 0x0,
    0x0,

    /* U+5B8C "完" */
    0x0, 0x0, 0x0, 0x0, 0x20, 0x0, 0x0, 0x0,
    0x0, 0x0, 0x0, 0x0, 0x3, 0xf5, 0x0, 0x0,
    0x0, 0x0, 0x0, 0x0, 0x0, 0x0, 0xcd, 0x0,
    0x0, 0x0, 0x0, 0x8, 0xff, 0xff, 0xff, 0xff,
    0xff, 0xff, 0xff, 0x70, 0x8, 0xd3, 0x33, 0x33,
    0x33, 0x33, 0x33, 0x3e, 0x70, 0x8, 0xd0, 0x0,
    0x0, 0x0, 0x0, 0x0, 0xe, 0x70, 0x7, 0xc0,
    0xef, 0xff, 0xff, 0xff, 0xfd, 0xd, 0x70, 0x0,
    0x0, 0x44, 0x44, 0x44, 0x44, 0x43, 0x0, 0x0,
    0x0, 0x0, 0x0, 0x0, 0x0, 0x0, 0x0, 0x0,
    0x0, 0x4, 0x44, 0x44, 0x44, 0x44, 0x44, 0x44,
    0x44, 0x40, 0xf, 0xff, 0xff, 0xff, 0xff, 0xff,
    0xff, 0xff, 0xe0, 0x0, 0x0, 0x3, 0xf2, 0x0,
    0x9b, 0x0, 0x0, 0x0, 0x0, 0x0, 0x6, 0xf0,
    0x0, 0x9b, 0x0, 0x0, 0x0, 0x0, 0x0, 0xb,
    0xb0, 0x0, 0x9b, 0x0, 0x0, 0x40, 0x0, 0x0,
    0x6f, 0x40, 0x0, 0x9b, 0x0, 0x1, 0xf2, 0x0,
    0x3b, 0xf7, 0x0, 0x0, 0x9e, 0x43, 0x37, 0xf0,
    0xe, 0xfb, 0x30, 0x0, 0x0, 0x4e, 0xff, 0xff,
    0x80, 0x2, 0x0, 0x0, 0x0, 0x0, 0x0, 0x0,
    0x0, 0x0,

    /* U+5B9A "定" */
    0x0, 0x0, 0x0, 0x0, 0x1, 0x0, 0x0, 0x0,
    0x0, 0x0, 0x0, 0x0, 0x0, 0xe9, 0x0, 0x0,
    0x0, 0x0, 0x0, 0x11, 0x11, 0x11, 0x8f, 0x21,
    0x11, 0x11, 0x0, 0x6, 0xff, 0xff, 0xff, 0xff,
    0xff, 0xff, 0xff, 0x70, 0x6, 0xe2, 0x22, 0x22,
    0x22, 0x22, 0x22, 0x2e, 0x70, 0x6, 0xe0, 0x0,
    0x0, 0x0, 0x0, 0x0, 0xe, 0x70, 0x5, 0xc0,
    0x55, 0x55, 0x55, 0x55, 0x55, 0x3c, 0x60, 0x0,
    0x0, 0xff, 0xff, 0xff, 0xff, 0xff, 0x80, 0x0,
    0x0, 0x0, 0x0, 0x0, 0x7e, 0x0, 0x0, 0x0,
    0x0, 0x0, 0x0, 0x94, 0x0, 0x7e, 0x0, 0x0,
    0x0, 0x0, 0x0, 0x0, 0xf5, 0x0, 0x7f, 0x44,
    0x44, 0x41, 0x0, 0x0, 0x4, 0xf3, 0x0, 0x7f,
    0xff, 0xff, 0xf4, 0x0, 0x0, 0x9, 0xf8, 0x0,
    0x7e, 0x0, 0x0, 0x0, 0x0, 0x0, 0xe, 0xbf,
    0x30, 0x7e, 0x0, 0x0, 0x0, 0x0, 0x0, 0x8e,
    0x18, 0xf8, 0x8e, 0x0, 0x0, 0x0, 0x0, 0x4,
    0xf7, 0x0, 0x8f, 0xff, 0x87, 0x65, 0x55, 0x50,
    0xe, 0x90, 0x0, 0x2, 0x7b, 0xef, 0xff, 0xff,
    0xe0, 0x1, 0x0, 0x0, 0x0, 0x0, 0x0, 0x0,
    0x0, 0x0,

    /* U+5B9B "宛" */
    0x0, 0x0, 0x0, 0x0, 0x10, 0x0, 0x0, 0x0,
    0x0, 0x0, 0x0, 0x0, 0x2f, 0x50, 0x0, 0x0,
    0x0, 0x2, 0x22, 0x22, 0x22, 0xcd, 0x22, 0x22,
    0x22, 0x10, 0xef, 0xff, 0xff, 0xff, 0xff, 0xff,
    0xff, 0xf6, 0xe, 0x71, 0x11, 0x11, 0x11, 0x11,
    0x11, 0x1f, 0x60, 0xe6, 0xc, 0x70, 0x0, 0x0,
    0x0, 0x0, 0xe6, 0x4, 0x24, 0xf3, 0x0, 0x3,
    0x77, 0x77, 0x77, 0x10, 0x0, 0xcf, 0xff, 0xfa,
    0x6f, 0x99, 0x9e, 0x80, 0x0, 0x4f, 0x53, 0x3d,
    0x86, 0xe0, 0x0, 0xc8, 0x0, 0x2e, 0x70, 0x1,
    0xf3, 0x6e, 0x0, 0xc, 0x70, 0x2e, 0xb5, 0x70,
    0x7e, 0x6, 0xe0, 0x0, 0xd7, 0x3, 0xb0, 0x4e,
    0xbd, 0x70, 0x6e, 0x4, 0x5f, 0x50, 0x0, 0x0,
    0x2e, 0xd0, 0x6, 0xe0, 0x8d, 0xa1, 0x0, 0x0,
    0x4, 0xf5, 0x0, 0x6e, 0x0, 0x0, 0x24, 0x0,
    0x5, 0xf7, 0x0, 0x6, 0xe0, 0x0, 0x5, 0xd0,
    0x2a, 0xf6, 0x0, 0x0, 0x5f, 0x54, 0x44, 0xbb,
    0x1f, 0xc3, 0x0, 0x0, 0x1, 0xcf, 0xff, 0xfe,
    0x30, 0x20, 0x0, 0x0, 0x0, 0x0, 0x0, 0x0,
    0x0,

    /* U+5B9C "宜" */
    0x0, 0x0, 0x0, 0x1, 0x0, 0x0, 0x0, 0x0,
    0x0, 0x0, 0x0, 0xf, 0x70, 0x0, 0x0, 0x0,
    0x0, 0x0, 0x0, 0x9, 0xd0, 0x0, 0x0, 0x0,
    0x7f, 0xff, 0xff, 0xff, 0xff, 0xff, 0xff, 0xf8,
    0x7d, 0x33, 0x33, 0x33, 0x33, 0x33, 0x33, 0xe8,
    0x7d, 0x0, 0x0, 0x0, 0x0, 0x0, 0x0, 0xd8,
    0x6a, 0x8, 0xff, 0xff, 0xff, 0xff, 0x60, 0xa6,
    0x0, 0x8, 0xc3, 0x33, 0x33, 0x3e, 0x70, 0x0,
    0x0, 0x8, 0xb0, 0x0, 0x0, 0xe, 0x70, 0x0,
    0x0, 0x8, 0xff, 0xff, 0xff, 0xff, 0x70, 0x0,
    0x0, 0x8, 0xc3, 0x33, 0x33, 0x3e, 0x70, 0x0,
    0x0, 0x8, 0xb0, 0x0, 0x0, 0xe, 0x70, 0x0,
    0x0, 0x8, 0xfc, 0xcc, 0xcc, 0xcf, 0x70, 0x0,
    0x0, 0x8, 0xd5, 0x55, 0x55, 0x5e, 0x70, 0x0,
    0x0, 0x8, 0xb0, 0x0, 0x0, 0xe, 0x70, 0x0,
    0x33, 0x3a, 0xc3, 0x33, 0x33, 0x3e, 0x93, 0x33,
    0xff, 0xff, 0xff, 0xff, 0xff, 0xff, 0xff, 0xff,

    /* U+5B9D "宝" */
    0x0, 0x0, 0x0, 0x2, 0x10, 0x0, 0x0, 0x0,
    0x0, 0x0, 0x0, 0xe, 0x90, 0x0, 0x0, 0x0,
    0x0, 0x0, 0x0, 0x7, 0xf1, 0x0, 0x0, 0x0,
    0x6f, 0xff, 0xff, 0xff, 0xff, 0xff, 0xff, 0xf8,
    0x6f, 0x55, 0x55, 0x55, 0x55, 0x55, 0x55, 0xd9,
    0x6e, 0x0, 0x0, 0x0, 0x0, 0x0, 0x0, 0xc9,
    0x5c, 0x55, 0x55, 0x55, 0x55, 0x55, 0x55, 0xb7,
    0x0, 0xff, 0xff, 0xff, 0xff, 0xff, 0xff, 0x20,
    0x0, 0x0, 0x0, 0xa, 0xc0, 0x0, 0x0, 0x0,
    0x0, 0x0, 0x0, 0xa, 0xc0, 0x0, 0x0, 0x0,
    0x0, 0x23, 0x33, 0x3c, 0xd3, 0x33, 0x33, 0x0,
    0x0, 0x8f, 0xff, 0xff, 0xff, 0xff, 0xfc, 0x0,
    0x0, 0x0, 0x0, 0xa, 0xc0, 0x56, 0x0, 0x0,
    0x0, 0x0, 0x0, 0xa, 0xc0, 0x4f, 0x90, 0x0,
    0x0, 0x0, 0x0, 0xa, 0xc0, 0x3, 0xea, 0x0,
    0x34, 0x44, 0x44, 0x4c, 0xd4, 0x44, 0x77, 0x43,
    0xbf, 0xff, 0xff, 0xff, 0xff, 0xff, 0xff, 0xfe,

    /* U+5BAB "宫" */
    0x0, 0x0, 0x0, 0x1, 0x0, 0x0, 0x0, 0x0,
    0x0, 0x0, 0x0, 0x2f, 0x60, 0x0, 0x0, 0x0,
    0x1, 0x11, 0x11, 0x1b, 0xe1, 0x11, 0x11, 0x10,
    0x6f, 0xff, 0xff, 0xff, 0xff, 0xff, 0xff, 0xf9,
    0x6f, 0x33, 0x33, 0x33, 0x33, 0x33, 0x33, 0xd9,
    0x6e, 0x2, 0x22, 0x22, 0x22, 0x22, 0x20, 0xc9,
    0x4a, 0xf, 0xff, 0xff, 0xff, 0xff, 0xf2, 0x97,
    0x0, 0xf, 0x40, 0x0, 0x0, 0x2, 0xf2, 0x0,
    0x0, 0xf, 0x40, 0x0, 0x0, 0x2, 0xf2, 0x0,
    0x0, 0xf, 0xff, 0xff, 0xff, 0xff, 0xf2, 0x0,
    0x0, 0x2, 0x22, 0x22, 0x22, 0x22, 0x20, 0x0,
    0x0, 0x33, 0x33, 0x33, 0x33, 0x33, 0x33, 0x10,
    0x0, 0xff, 0xff, 0xff, 0xff, 0xff, 0xff, 0x50,
    0x0, 0xf3, 0x0, 0x0, 0x0, 0x0, 0xf, 0x50,
    0x0, 0xf3, 0x0, 0x0, 0x0, 0x0, 0xf, 0x50,
    0x0, 0xf6, 0x33, 0x33, 0x33, 0x33, 0x3f, 0x50,
    0x0, 0xff, 0xff, 0xff, 0xff, 0xff, 0xff, 0x50,

    /* U+5BB6 "家" */
    0x0, 0x0, 0x0, 0x0, 0x0, 0x0, 0x0, 0x0,
    0x0, 0x0, 0x0, 0x0, 0xc7, 0x0, 0x0, 0x0,
    0x0, 0x14, 0x44, 0x44, 0x4c, 0xf4, 0x44, 0x44,
    0x44, 0x6, 0xfe, 0xee, 0xee, 0xee, 0xee, 0xee,
    0xef, 0xe0, 0x6e, 0x0, 0x0, 0x0, 0x0, 0x0,
    0x0, 0x7e, 0x6, 0xe0, 0x55, 0x55, 0x55, 0x55,
    0x55, 0x27, 0xe0, 0x26, 0x1d, 0xdd, 0xdf, 0xfd,
    0xdd, 0xd6, 0x36, 0x0, 0x0, 0x0, 0x6d, 0xd2,
    0x0, 0x0, 0x40, 0x0, 0x0, 0x48, 0xec, 0x8f,
    0x40, 0x1, 0xbf, 0x40, 0x2, 0xfe, 0x93, 0x2,
    0xde, 0x14, 0xec, 0x20, 0x0, 0x2, 0x0, 0x29,
    0xe7, 0xdd, 0xff, 0x0, 0x0, 0x0, 0x27, 0xde,
    0x71, 0x1c, 0xf1, 0xe7, 0x0, 0x0, 0x3f, 0xa4,
    0x0, 0x5e, 0xdf, 0x16, 0xf2, 0x0, 0x0, 0x0,
    0x5, 0xce, 0x54, 0xf1, 0xb, 0xd2, 0x0, 0x4,
    0x8e, 0xd6, 0x0, 0x7f, 0x0, 0x1c, 0xe6, 0x8,
    0xe9, 0x30, 0x33, 0x5e, 0xa0, 0x0, 0x8, 0xf6,
    0x0, 0x0, 0x9, 0xff, 0xb1, 0x0, 0x0, 0x1,
    0x0, 0x0, 0x0, 0x0, 0x0, 0x0, 0x0, 0x0,
    0x0,

    /* U+5BBD "宽" */
    0x0, 0x0, 0x0, 0x0, 0x0, 0x0, 0x0, 0x0,
    0x0, 0x0, 0x0, 0x0, 0x3, 0xe4, 0x0, 0x0,
    0x0, 0x0, 0x4, 0x44, 0x44, 0x44, 0xfc, 0x44,
    0x44, 0x44, 0x10, 0xd, 0xed, 0xdd, 0xdd, 0xdd,
    0xdd, 0xdd, 0xdf, 0x60, 0xd, 0x60, 0x1, 0x70,
    0x0, 0x37, 0x0, 0xe, 0x60, 0xd, 0x64, 0x47,
    0xf6, 0x44, 0x9f, 0x44, 0x3e, 0x60, 0x0, 0xc,
    0xcd, 0xfd, 0xcc, 0xef, 0xcc, 0x80, 0x0, 0x0,
    0x0, 0x3, 0xf1, 0x0, 0x6e, 0x0, 0x0, 0x0,
    0x0, 0x1, 0x44, 0x54, 0x44, 0x56, 0x44, 0x0,
    0x0, 0x0, 0x6, 0xfd, 0xdd, 0xdd, 0xdd, 0xef,
    0x10, 0x0, 0x0, 0x6, 0xe0, 0x2, 0x91, 0x0,
    0x4f, 0x10, 0x0, 0x0, 0x6, 0xe0, 0x4, 0xf2,
    0x0, 0x4f, 0x10, 0x0, 0x0, 0x6, 0xe0, 0x6,
    0xf9, 0x60, 0x4f, 0x10, 0x0, 0x0, 0x6, 0xe0,
    0xd, 0xcc, 0x90, 0x4f, 0x12, 0x50, 0x0, 0x2,
    0x53, 0xce, 0x2c, 0x90, 0x14, 0x4, 0xf0, 0x0,
    0x16, 0xbf, 0xb2, 0xc, 0xc3, 0x33, 0x3a, 0xc0,
    0x2d, 0xfe, 0x93, 0x0, 0x6, 0xef, 0xff, 0xfe,
    0x40, 0x5, 0x30, 0x0, 0x0, 0x0, 0x0, 0x0,
    0x0, 0x0,

    /* U+5BBF "宿" */
    0x0, 0x0, 0x0, 0x0, 0x0, 0x0, 0x0, 0x0,
    0x0, 0x0, 0x0, 0x0, 0xc, 0x70, 0x0, 0x0,
    0x0, 0x1, 0x44, 0x44, 0x44, 0xce, 0x44, 0x44,
    0x44, 0x30, 0x6f, 0xee, 0xee, 0xee, 0xee, 0xee,
    0xee, 0xfa, 0x6, 0xe0, 0x0, 0x0, 0x0, 0x0,
    0x0, 0xb, 0xa0, 0x4a, 0x7, 0xe3, 0x44, 0x44,
    0x44, 0x44, 0x88, 0x0, 0x1, 0xf7, 0xaf, 0xff,
    0xff, 0xff, 0xff, 0xe0, 0x0, 0xae, 0x0, 0x0,
    0x7, 0xf0, 0x0, 0x0, 0x0, 0x6f, 0xa0, 0x3,
    0x33, 0xbc, 0x33, 0x33, 0x0, 0x5f, 0xfa, 0x0,
    0xef, 0xff, 0xff, 0xff, 0xf0, 0x1f, 0xaa, 0xa0,
    0xe, 0x50, 0x0, 0x0, 0x5f, 0x0, 0x40, 0xaa,
    0x0, 0xe7, 0x22, 0x22, 0x27, 0xf0, 0x0, 0xa,
    0xa0, 0xe, 0xff, 0xff, 0xff, 0xff, 0x0, 0x0,
    0xaa, 0x0, 0xe5, 0x0, 0x0, 0x5, 0xf0, 0x0,
    0xa, 0xa0, 0xe, 0x50, 0x0, 0x0, 0x5f, 0x0,
    0x0, 0xaa, 0x0, 0xef, 0xff, 0xff, 0xff, 0xf0,
    0x0, 0xa, 0xa0, 0xe, 0x83, 0x33, 0x33, 0x7e,
    0x0,

    /* U+5BC6 "密" */
    0x0, 0x0, 0x0, 0x0, 0x0, 0x0, 0x0, 0x0,
    0x0, 0x0, 0x0, 0x0, 0x0, 0x9b, 0x0, 0x0,
    0x0, 0x0, 0x2, 0x55, 0x55, 0x55, 0x9f, 0x55,
    0x55, 0x55, 0x40, 0x6, 0xfd, 0xdd, 0xde, 0xdd,
    0xdd, 0xdd, 0xdf, 0xd0, 0x6, 0xe0, 0x0, 0x2e,
    0x70, 0x0, 0x30, 0x8, 0xd0, 0x6, 0xe0, 0x2,
    0x63, 0xde, 0x26, 0xf5, 0x8, 0xd0, 0x1, 0x27,
    0x34, 0xe0, 0x9, 0x7f, 0x52, 0x61, 0x20, 0x0,
    0x4f, 0x24, 0xe0, 0x2b, 0xf4, 0x3, 0xe9, 0x0,
    0x3, 0xe7, 0x4, 0xf8, 0xf9, 0x10, 0x2d, 0x2e,
    0x80, 0x8, 0x80, 0x4b, 0xfe, 0x52, 0x22, 0x8d,
    0x3, 0xf2, 0x5, 0xaf, 0xea, 0xbe, 0xff, 0xff,
    0xe5, 0x0, 0x0, 0x7, 0x83, 0x0, 0x0, 0x5a,
    0x0, 0x0, 0x0, 0x0, 0x0, 0xa, 0x50, 0x0,
    0x6e, 0x0, 0x0, 0xd6, 0x0, 0x0, 0xe, 0x70,
    0x0, 0x6e, 0x0, 0x0, 0xe6, 0x0, 0x0, 0xe,
    0x70, 0x0, 0x6e, 0x0, 0x0, 0xe6, 0x0, 0x0,
    0xe, 0xfe, 0xee, 0xff, 0xee, 0xee, 0xf6, 0x0,
    0x0, 0x5, 0x66, 0x66, 0x66, 0x66, 0x66, 0xf6,
    0x0,

    /* U+5BD3 "寓" */
    0x0, 0x0, 0x0, 0x0, 0x0, 0x0, 0x0, 0x0,
    0x0, 0x0, 0x0, 0x8, 0xc0, 0x0, 0x0, 0x0,
    0x15, 0x55, 0x55, 0x58, 0xf8, 0x55, 0x55, 0x55,
    0x5f, 0xcc, 0xcc, 0xcc, 0xcc, 0xcc, 0xcc, 0xdf,
    0x5e, 0x1, 0x11, 0x11, 0x11, 0x11, 0x11, 0x4f,
    0x4b, 0x4f, 0xee, 0xee, 0xfe, 0xee, 0xee, 0x3c,
    0x0, 0x4e, 0x0, 0x5, 0xe0, 0x0, 0x5e, 0x0,
    0x0, 0x4f, 0xee, 0xef, 0xfe, 0xee, 0xfe, 0x0,
    0x0, 0x4e, 0x0, 0x5, 0xe0, 0x0, 0x5e, 0x0,
    0x0, 0x4f, 0xff, 0xff, 0xff, 0xff, 0xfe, 0x0,
    0x0, 0x0, 0x0, 0x6, 0xe0, 0x0, 0x0, 0x0,
    0x8, 0xff, 0xff, 0xff, 0xff, 0xff, 0xff, 0xf3,
    0x8, 0xc2, 0x22, 0x27, 0xe2, 0x47, 0x23, 0xf3,
    0x8, 0xb0, 0x0, 0x5, 0xe1, 0x3f, 0x30, 0xf3,
    0x8, 0xb3, 0xef, 0xff, 0xff, 0xfe, 0xc0, 0xf3,
    0x8, 0xb0, 0x43, 0x21, 0x10, 0x0, 0x73, 0xf3,
    0x8, 0xb0, 0x0, 0x0, 0x0, 0x0, 0xff, 0xc1,
    0x0, 0x0, 0x0, 0x0, 0x0, 0x0, 0x0, 0x0,

    /* U+5BF6 "寶" */
    0x0, 0x0, 0x0, 0x0, 0x20, 0x0, 0x0, 0x0,
    0x0, 0x0, 0x0, 0x0, 0xf, 0x70, 0x0, 0x0,
    0x0, 0xd, 0xff, 0xff, 0xff, 0xff, 0xff, 0xff,
    0xff, 0x70, 0xe7, 0x22, 0x22, 0x22, 0x4b, 0x22,
    0x22, 0xa7, 0x7, 0xde, 0xee, 0xee, 0x2b, 0xfc,
    0xcc, 0xc9, 0x40, 0x0, 0x4, 0xe0, 0x5, 0xc1,
    0x5f, 0x11, 0x10, 0x0, 0x6c, 0xdf, 0xcb, 0x6b,
    0xbd, 0xfb, 0xbb, 0x0, 0x1, 0x25, 0xf5, 0x61,
    0xc1, 0x4e, 0x5, 0x80, 0x8, 0xed, 0xcb, 0xa9,
    0x1c, 0xdd, 0xdc, 0xd8, 0x0, 0x0, 0x79, 0x99,
    0x99, 0x99, 0x99, 0x98, 0x0, 0x0, 0xc, 0xb3,
    0x33, 0x33, 0x33, 0x39, 0xe0, 0x0, 0x0, 0xce,
    0xcc, 0xcc, 0xcc, 0xcc, 0xee, 0x0, 0x0, 0xc,
    0xc6, 0x66, 0x66, 0x66, 0x6b, 0xe0, 0x0, 0x0,
    0xcb, 0x55, 0x55, 0x55, 0x55, 0xae, 0x0, 0x0,
    0xc, 0xed, 0xdd, 0xdd, 0xdd, 0xde, 0xe0, 0x0,
    0x0, 0x26, 0xce, 0x20, 0x8, 0xfc, 0x72, 0x0,
    0xa, 0xee, 0xa5, 0x0, 0x0, 0x0, 0x5a, 0xfd,
    0x40, 0x32, 0x0, 0x0, 0x0, 0x0, 0x0, 0x0,
    0x40,

    /* U+5BF9 "对" */
    0x0, 0x0, 0x0, 0x0, 0x0, 0x0, 0x2, 0x40,
    0x0, 0x0, 0x0, 0x0, 0x0, 0x0, 0x0, 0x6,
    0xe0, 0x0, 0x0, 0x0, 0x0, 0x0, 0x0, 0x0,
    0x6, 0xe0, 0x0, 0xa, 0xdd, 0xdd, 0xdd, 0x0,
    0x0, 0x6, 0xe0, 0x0, 0x4, 0x66, 0x66, 0xae,
    0x0, 0x0, 0x6, 0xe0, 0x0, 0x0, 0x0, 0x0,
    0x8b, 0x7f, 0xff, 0xff, 0xff, 0xf1, 0x0, 0x0,
    0x0, 0xb9, 0x25, 0x55, 0x59, 0xf5, 0x50, 0x1,
    0xe5, 0x0, 0xf6, 0x0, 0x0, 0x6, 0xe0, 0x0,
    0x0, 0x8f, 0x54, 0xf1, 0x9, 0x20, 0x6, 0xe0,
    0x0, 0x0, 0x8, 0xfc, 0xc0, 0xa, 0xb0, 0x6,
    0xe0, 0x0, 0x0, 0x0, 0x8f, 0x80, 0x2, 0xf4,
    0x6, 0xe0, 0x0, 0x0, 0x0, 0x8f, 0xf2, 0x0,
    0xab, 0x6, 0xe0, 0x0, 0x0, 0x2, 0xf8, 0xdd,
    0x0, 0x34, 0x6, 0xe0, 0x0, 0x0, 0xb, 0xd0,
    0x2f, 0x70, 0x0, 0x6, 0xe0, 0x0, 0x0, 0x9f,
    0x30, 0x5, 0x10, 0x0, 0x6, 0xe0, 0x0, 0xb,
    0xf5, 0x0, 0x0, 0x0, 0x16, 0x5b, 0xd0, 0x0,
    0xa, 0x40, 0x0, 0x0, 0x0, 0xf, 0xfe, 0x60,
    0x0, 0x0, 0x0, 0x0, 0x0, 0x0, 0x0, 0x0,
    0x0, 0x0,

    /* U+5BFA "寺" */
    0x0, 0x0, 0x0, 0x0, 0x10, 0x0, 0x0, 0x0,
    0x0, 0x0, 0x0, 0x0, 0x0, 0xc9, 0x0, 0x0,
    0x0, 0x0, 0x0, 0x0, 0x0, 0x0, 0xca, 0x0,
    0x0, 0x0, 0x0, 0x0, 0x8f, 0xff, 0xff, 0xff,
    0xff, 0xff, 0xfc, 0x0, 0x0, 0x24, 0x44, 0x44,
    0xdb, 0x44, 0x44, 0x43, 0x0, 0x0, 0x0, 0x0,
    0x0, 0xc9, 0x0, 0x0, 0x0, 0x0, 0x5, 0x55,
    0x55, 0x55, 0xdb, 0x55, 0x55, 0x55, 0x50, 0x1f,
    0xff, 0xff, 0xff, 0xff, 0xff, 0xff, 0xff, 0xf1,
    0x0, 0x0, 0x0, 0x0, 0x0, 0x7, 0xe0, 0x0,
    0x0, 0x0, 0x0, 0x0, 0x0, 0x0, 0x7, 0xe0,
    0x0, 0x0, 0xa, 0xff, 0xff, 0xff, 0xff, 0xff,
    0xff, 0xff, 0xc0, 0x3, 0x55, 0x75, 0x55, 0x55,
    0x5a, 0xf5, 0x55, 0x40, 0x0, 0x1, 0xf9, 0x0,
    0x0, 0x7, 0xe0, 0x0, 0x0, 0x0, 0x0, 0x4f,
    0x80, 0x0, 0x7, 0xe0, 0x0, 0x0, 0x0, 0x0,
    0x5, 0xf3, 0x0, 0x7, 0xe0, 0x0, 0x0, 0x0,
    0x0, 0x0, 0x30, 0x35, 0x5a, 0xd0, 0x0, 0x0,
    0x0, 0x0, 0x0, 0x0, 0x6f, 0xfd, 0x60, 0x0,
    0x0,

    /* U+5C07 "將" */
    0x0, 0x0, 0x8, 0x10, 0x0, 0x2, 0x30, 0x0,
    0x0, 0x2, 0x30, 0x1f, 0x20, 0x0, 0x1e, 0x80,
    0x0, 0x0, 0x7, 0xb0, 0x1f, 0x20, 0x1, 0xdf,
    0xdc, 0xcd, 0x50, 0x7, 0xb0, 0x1f, 0x20, 0x4e,
    0xa3, 0x22, 0x6f, 0x20, 0x7, 0xb0, 0x1f, 0x3a,
    0xf8, 0x2e, 0x51, 0xe8, 0x0, 0x7, 0xb0, 0x1f,
    0x5c, 0x46, 0x3, 0xdd, 0xb0, 0x0, 0x7, 0xff,
    0xff, 0x20, 0x1a, 0xa2, 0xca, 0x0, 0x0, 0x1,
    0x33, 0x5f, 0x20, 0x4, 0xef, 0x74, 0xa0, 0x0,
    0x0, 0x0, 0x1f, 0x37, 0xdf, 0xa1, 0x5, 0xe0,
    0x0, 0x2, 0x22, 0x3f, 0x29, 0x71, 0x0, 0x5,
    0xe0, 0x0, 0x4f, 0xff, 0xff, 0x6f, 0xff, 0xff,
    0xff, 0xff, 0xf3, 0x5, 0xe0, 0x2f, 0x34, 0x55,
    0x44, 0x48, 0xf4, 0x41, 0x6, 0xd0, 0x1f, 0x20,
    0x9d, 0x10, 0x5, 0xe0, 0x0, 0x7, 0xb0, 0x1f,
    0x20, 0xc, 0xc0, 0x5, 0xe0, 0x0, 0xa, 0x90,
    0x1f, 0x20, 0x1, 0xe4, 0x5, 0xe0, 0x0, 0xe,
    0x40, 0x1f, 0x20, 0x0, 0x4, 0x49, 0xe0, 0x0,
    0x3c, 0x0, 0x1f, 0x20, 0x0, 0xd, 0xfe, 0x70,
    0x0, 0x0, 0x0, 0x0, 0x0, 0x0, 0x0, 0x0,
    0x0, 0x0,

    /* U+5C0A "尊" */
    0x0, 0x0, 0x0, 0x0, 0x0, 0x0, 0x0, 0x0,
    0x0, 0x0, 0x0, 0x5e, 0x10, 0x0, 0x1, 0xf5,
    0x0, 0x0, 0x1, 0x11, 0x2c, 0xb1, 0x11, 0x1a,
    0xc2, 0x11, 0x10, 0xc, 0xff, 0xff, 0xff, 0xff,
    0xff, 0xff, 0xff, 0xb0, 0x0, 0x0, 0x0, 0x2f,
    0x2, 0xf0, 0x0, 0x0, 0x0, 0x0, 0x5f, 0xee,
    0xef, 0xee, 0xfe, 0xee, 0xf5, 0x0, 0x0, 0x5d,
    0x0, 0x7c, 0x1, 0xf0, 0x0, 0xe5, 0x0, 0x0,
    0x5d, 0x4b, 0xd2, 0x0, 0xac, 0xcc, 0xf5, 0x0,
    0x0, 0x5e, 0x89, 0x55, 0x55, 0x55, 0x55, 0xf5,
    0x0, 0x0, 0x5e, 0x66, 0x66, 0x66, 0x66, 0x66,
    0xf5, 0x0, 0x0, 0x5f, 0xbb, 0xbb, 0xbb, 0xbb,
    0xbb, 0xf5, 0x0, 0x0, 0x12, 0x22, 0x22, 0x22,
    0x27, 0xf2, 0x21, 0x0, 0x3, 0x33, 0x33, 0x33,
    0x33, 0x38, 0xf3, 0x33, 0x30, 0x2d, 0xdd, 0xee,
    0xdd, 0xdd, 0xde, 0xfd, 0xdd, 0xd2, 0x0, 0x0,
    0x8d, 0x50, 0x0, 0x5, 0xf0, 0x0, 0x0, 0x0,
    0x0, 0x3, 0xd9, 0x3, 0x38, 0xf0, 0x0, 0x0,
    0x0, 0x0, 0x0, 0x11, 0xe, 0xfe, 0x90, 0x0,
    0x0,

    /* U+5C0B "尋" */
    0x0, 0x2, 0x22, 0x22, 0x22, 0x22, 0x22, 0x20,
    0x0, 0x0, 0xc, 0xcc, 0xcc, 0xcc, 0xcc, 0xce,
    0xc0, 0x0, 0x0, 0x1, 0x22, 0x22, 0x22, 0x22,
    0x29, 0xc0, 0x0, 0x0, 0x7, 0xcc, 0xcc, 0xcc,
    0xcc, 0xce, 0xc0, 0x0, 0x0, 0x4, 0x44, 0x44,
    0x44, 0x44, 0x4b, 0xc0, 0x0, 0x0, 0x18, 0x88,
    0x88, 0x88, 0x88, 0x88, 0x60, 0x0, 0x5, 0xbb,
    0xbb, 0xbb, 0x17, 0xbb, 0xbb, 0xbb, 0x10, 0x2,
    0x44, 0xe9, 0x44, 0xa, 0xb3, 0x33, 0x6f, 0x10,
    0x0, 0x0, 0xd7, 0x12, 0x1a, 0xa0, 0x0, 0x3f,
    0x10, 0x9, 0xcd, 0xff, 0xfe, 0x69, 0xfe, 0xff,
    0xff, 0x10, 0x4, 0x43, 0x20, 0x0, 0x0, 0x0,
    0xe7, 0x0, 0x0, 0x2d, 0xdd, 0xdd, 0xdd, 0xdd,
    0xdd, 0xfe, 0xdd, 0xd2, 0x4, 0x44, 0xda, 0x44,
    0x44, 0x44, 0xe9, 0x44, 0x40, 0x0, 0x0, 0x5e,
    0xb1, 0x0, 0x0, 0xe7, 0x0, 0x0, 0x0, 0x0,
    0x1, 0xb4, 0x2, 0x22, 0xe6, 0x0, 0x0, 0x0,
    0x0, 0x0, 0x0, 0x9, 0xff, 0xd2, 0x0, 0x0,

    /* U+5C14 "尔" */
    0x0, 0x0, 0x0, 0x0, 0x0, 0x0, 0x0, 0x0,
    0x0, 0x0, 0x0, 0xe, 0x80, 0x0, 0x0, 0x0,
    0x0, 0x0, 0x0, 0x0, 0x7f, 0x30, 0x0, 0x0,
    0x0, 0x0, 0x0, 0x0, 0x0, 0xeb, 0x0, 0x0,
    0x0, 0x0, 0x0, 0x0, 0x0, 0x8, 0xff, 0xff,
    0xff, 0xff, 0xff, 0xff, 0xe0, 0x0, 0x3f, 0xa5,
    0x55, 0xaf, 0x55, 0x55, 0x5f, 0xa0, 0x1, 0xed,
    0x0, 0x0, 0x7e, 0x0, 0x0, 0x5f, 0x20, 0x1d,
    0xe2, 0x0, 0x0, 0x7e, 0x0, 0x1, 0xe7, 0x0,
    0x6, 0x30, 0x36, 0x0, 0x7e, 0x0, 0x24, 0x30,
    0x0, 0x0, 0x0, 0xdc, 0x0, 0x7e, 0x0, 0x7f,
    0x30, 0x0, 0x0, 0x6, 0xf3, 0x0, 0x7e, 0x0,
    0xb, 0xd1, 0x0, 0x0, 0x2e, 0xa0, 0x0, 0x7e,
    0x0, 0x1, 0xea, 0x0, 0x1, 0xdd, 0x0, 0x0,
    0x7e, 0x0, 0x0, 0x5f, 0x50, 0xa, 0xe1, 0x0,
    0x0, 0x7e, 0x0, 0x0, 0xb, 0xd0, 0x0, 0x20,
    0x0, 0x0, 0x7e, 0x0, 0x0, 0x1, 0x10, 0x0,
    0x0, 0x3, 0x55, 0xbd, 0x0, 0x0, 0x0, 0x0,
    0x0, 0x0, 0x5, 0xff, 0xd6, 0x0, 0x0, 0x0,
    0x0,

    /* U+5C16 "尖" */
    0x0, 0x0, 0x0, 0x0, 0x0, 0x0, 0x0, 0x0,
    0x0, 0x0, 0x0, 0x0, 0x0, 0xc9, 0x0, 0x0,
    0x0, 0x0, 0x0, 0x0, 0x33, 0x0, 0xc9, 0x0,
    0x31, 0x0, 0x0, 0x0, 0x0, 0xd9, 0x0, 0xc9,
    0x0, 0xcc, 0x0, 0x0, 0x0, 0x7, 0xf1, 0x0,
    0xc9, 0x0, 0x1d, 0xb0, 0x0, 0x0, 0x2f, 0x70,
    0x0, 0xc9, 0x0, 0x2, 0xe9, 0x0, 0x2, 0xeb,
    0x0, 0x0, 0xc9, 0x0, 0x0, 0x5f, 0x50, 0x7,
    0xd0, 0x0, 0x0, 0x97, 0x0, 0x0, 0xa, 0x70,
    0x0, 0x0, 0x0, 0x0, 0x87, 0x0, 0x0, 0x0,
    0x0, 0x0, 0x0, 0x0, 0x0, 0xd9, 0x0, 0x0,
    0x0, 0x0, 0xf, 0xff, 0xff, 0xff, 0xff, 0xff,
    0xff, 0xff, 0xf0, 0x4, 0x44, 0x44, 0x49, 0xff,
    0x74, 0x44, 0x44, 0x40, 0x0, 0x0, 0x0, 0xd,
    0xbb, 0xb0, 0x0, 0x0, 0x0, 0x0, 0x0, 0x0,
    0x9f, 0x22, 0xf8, 0x0, 0x0, 0x0, 0x0, 0x0,
    0x1a, 0xf5, 0x0, 0x4f, 0xa1, 0x0, 0x0, 0x0,
    0x49, 0xfd, 0x40, 0x0, 0x3, 0xdf, 0x94, 0x0,
    0xd, 0xfc, 0x60, 0x0, 0x0, 0x0, 0x6, 0xcf,
    0xe1, 0x2, 0x10, 0x0, 0x0, 0x0, 0x0, 0x0,
    0x1, 0x20,

    /* U+5C1A "尚" */
    0x0, 0x0, 0x0, 0x31, 0x0, 0x0, 0x0, 0x45,
    0x0, 0x0, 0xe7, 0x0, 0x0, 0x85, 0x6f, 0x40,
    0x0, 0xe7, 0x0, 0x4, 0xf5, 0xa, 0xe0, 0x0,
    0xe7, 0x0, 0xd, 0xa0, 0x1, 0xf8, 0x0, 0xe7,
    0x0, 0xad, 0x0, 0x0, 0x41, 0x0, 0xe7, 0x0,
    0x42, 0x0, 0xef, 0xff, 0xff, 0xff, 0xff, 0xff,
    0xfe, 0xe9, 0x44, 0x44, 0x44, 0x44, 0x44, 0x9e,
    0xe6, 0x0, 0x0, 0x0, 0x0, 0x0, 0x6e, 0xe6,
    0x5, 0xff, 0xff, 0xff, 0x30, 0x6e, 0xe6, 0x5,
    0xf3, 0x33, 0x4f, 0x30, 0x6e, 0xe6, 0x5, 0xe0,
    0x0, 0xf, 0x30, 0x6e, 0xe6, 0x5, 0xe0, 0x0,
    0xf, 0x30, 0x6e, 0xe6, 0x5, 0xff, 0xff, 0xff,
    0x30, 0x6e, 0xe6, 0x5, 0xf3, 0x33, 0x33, 0x0,
    0x6e, 0xe6, 0x1, 0x50, 0x0, 0x1, 0x55, 0xae,
    0xe6, 0x0, 0x0, 0x0, 0x1, 0xee, 0xd6,

    /* U+5C31 "就" */
    0x0, 0x0, 0x0, 0x0, 0x0, 0x0, 0x0, 0x0,
    0x0, 0x0, 0x0, 0xc7, 0x0, 0x0, 0x2, 0xf2,
    0x10, 0x0, 0x0, 0x0, 0x7e, 0x0, 0x0, 0x2,
    0xf2, 0xe4, 0x0, 0xf, 0xff, 0xff, 0xff, 0xf3,
    0x3, 0xf1, 0x5e, 0x0, 0x3, 0x33, 0x33, 0x33,
    0x30, 0x3, 0xf0, 0xa, 0x20, 0x0, 0x22, 0x22,
    0x22, 0x13, 0x58, 0xf6, 0x55, 0x50, 0x0, 0xff,
    0xff, 0xff, 0x78, 0xde, 0xfd, 0xdd, 0xd0, 0x0,
    0xf1, 0x0, 0xc, 0x70, 0x6, 0xd0, 0x0, 0x0,
    0x0, 0xf1, 0x0, 0xc, 0x70, 0x8, 0xbc, 0x10,
    0x0, 0x0, 0xff, 0xff, 0xff, 0x70, 0xa, 0x9f,
    0x10, 0x0, 0x0, 0x11, 0x6e, 0x12, 0x0, 0xe,
    0x6f, 0x10, 0x0, 0x0, 0x86, 0x5d, 0x3d, 0x0,
    0x2f, 0x1f, 0x10, 0x0, 0x0, 0xe4, 0x5d, 0xd,
    0x60, 0x7c, 0xf, 0x10, 0x0, 0x4, 0xe0, 0x5d,
    0x7, 0xb0, 0xe5, 0xf, 0x10, 0x40, 0xc, 0x70,
    0x5d, 0x1, 0x37, 0xd0, 0xf, 0x10, 0xc4, 0x7,
    0x1, 0x7d, 0x0, 0x4f, 0x40, 0xf, 0x31, 0xe3,
    0x0, 0xc, 0xf9, 0x0, 0xc6, 0x0, 0xa, 0xff,
    0xb0, 0x0, 0x0, 0x0, 0x0, 0x0, 0x0, 0x0,
    0x0, 0x0,

    /* U+5C3D "尽" */
    0x0, 0x4, 0x44, 0x44, 0x44, 0x44, 0x44, 0x41,
    0x0, 0x0, 0xe, 0xff, 0xff, 0xff, 0xff, 0xff,
    0xf4, 0x0, 0x0, 0xe, 0x70, 0x0, 0x0, 0x0,
    0x0, 0xf4, 0x0, 0x0, 0xe, 0x70, 0x0, 0x0,
    0x0, 0x0, 0xf4, 0x0, 0x0, 0xf, 0x92, 0x22,
    0x22, 0x22, 0x23, 0xf4, 0x0, 0x0, 0xf, 0xff,
    0xff, 0xff, 0xff, 0xff, 0xf4, 0x0, 0x0, 0x1f,
    0x61, 0x11, 0x11, 0x1a, 0xc1, 0x10, 0x0, 0x0,
    0x3f, 0x20, 0x0, 0x0, 0x3, 0xf3, 0x0, 0x0,
    0x0, 0x7f, 0x0, 0xb8, 0x30, 0x0, 0xcc, 0x0,
    0x0, 0x0, 0xdb, 0x1, 0x7c, 0xfd, 0x71, 0x2f,
    0x60, 0x0, 0x3, 0xf5, 0x0, 0x0, 0x18, 0xe8,
    0x8, 0xf5, 0x0, 0xd, 0xd0, 0x0, 0x0, 0x0,
    0x0, 0x0, 0xaf, 0x70, 0x4f, 0x30, 0x23, 0x0,
    0x0, 0x0, 0x0, 0x8, 0xd1, 0x2, 0x0, 0xaf,
    0xeb, 0x62, 0x0, 0x0, 0x0, 0x0, 0x0, 0x0,
    0x1, 0x59, 0xef, 0xd8, 0x10, 0x0, 0x0, 0x0,
    0x0, 0x0, 0x0, 0x3, 0x9e, 0xf4, 0x0, 0x0,
    0x0, 0x0, 0x0, 0x0, 0x0, 0x0, 0x50, 0x0,
    0x0,

    /* U+5C3E "尾" */
    0x0, 0x23, 0x33, 0x33, 0x33, 0x33, 0x33, 0x33,
    0x0, 0xd, 0xff, 0xff, 0xff, 0xff, 0xff, 0xff,
    0xe0, 0x0, 0xd8, 0x0, 0x0, 0x0, 0x0, 0x0,
    0x6e, 0x0, 0xd, 0x91, 0x11, 0x11, 0x11, 0x11,
    0x17, 0xe0, 0x0, 0xdf, 0xff, 0xff, 0xff, 0xff,
    0xff, 0xfe, 0x0, 0xd, 0x91, 0x11, 0x11, 0x14,
    0x8c, 0x91, 0x10, 0x0, 0xd8, 0x15, 0x7a, 0xcf,
    0xeb, 0x73, 0x0, 0x0, 0xd, 0x84, 0xb9, 0x79,
    0xe0, 0x0, 0x0, 0x0, 0x0, 0xe7, 0x0, 0x0,
    0x7f, 0x79, 0xbe, 0xf4, 0x0, 0xf, 0x56, 0xbd,
    0xff, 0xfa, 0x85, 0x31, 0x0, 0x1, 0xf4, 0x46,
    0x41, 0x6e, 0x0, 0x2, 0x57, 0x40, 0x4f, 0x10,
    0x1, 0x4a, 0xfb, 0xdf, 0xfd, 0xa5, 0x7, 0xe2,
    0xdf, 0xfd, 0xdf, 0x64, 0x10, 0x0, 0x0, 0xca,
    0x5, 0x30, 0x6, 0xe0, 0x0, 0x0, 0x4c, 0x3f,
    0x40, 0x0, 0x0, 0x5f, 0x53, 0x33, 0x4b, 0xc6,
    0xd0, 0x0, 0x0, 0x0, 0xcf, 0xff, 0xff, 0xe4,
    0x1, 0x0, 0x0, 0x0, 0x0, 0x0, 0x0, 0x0,
    0x0,

    /* U+5C42 "层" */
    0x0, 0x23, 0x33, 0x33, 0x33, 0x33, 0x33, 0x31,
    0x0, 0xd, 0xff, 0xff, 0xff, 0xff, 0xff, 0xff,
    0x80, 0x0, 0xd8, 0x0, 0x0, 0x0, 0x0, 0x0,
    0xc8, 0x0, 0xd, 0x80, 0x0, 0x0, 0x0, 0x0,
    0xc, 0x80, 0x0, 0xdf, 0xff, 0xff, 0xff, 0xff,
    0xff, 0xf8, 0x0, 0xd, 0xa3, 0x33, 0x33, 0x33,
    0x33, 0x33, 0x20, 0x0, 0xd8, 0x2, 0x33, 0x33,
    0x33, 0x33, 0x31, 0x0, 0xd, 0x80, 0xef, 0xff,
    0xff, 0xff, 0xff, 0x50, 0x0, 0xe7, 0x0, 0x0,
    0x0, 0x0, 0x0, 0x0, 0x0, 0xf, 0x61, 0x11,
    0x11, 0x11, 0x11, 0x11, 0x10, 0x1, 0xf4, 0xff,
    0xff, 0xff, 0xff, 0xff, 0xff, 0x80, 0x3f, 0x21,
    0x11, 0xce, 0x11, 0x12, 0x21, 0x10, 0x6, 0xf0,
    0x0, 0x6f, 0x40, 0x0, 0xcb, 0x0, 0x0, 0xab,
    0x0, 0x2f, 0x80, 0x0, 0x3, 0xf5, 0x0, 0x1f,
    0x70, 0x1d, 0xd2, 0x34, 0x56, 0x7e, 0xe1, 0x7,
    0xf1, 0x8, 0xff, 0xff, 0xdc, 0xba, 0x9e, 0x90,
    0x15, 0x0, 0x13, 0x10, 0x0, 0x0, 0x0, 0x67,
    0x0,

    /* U+5C45 "居" */
    0x0, 0x2, 0x22, 0x22, 0x22, 0x22, 0x22, 0x21,
    0x0, 0x0, 0x4f, 0xff, 0xff, 0xff, 0xff, 0xff,
    0xfc, 0x0, 0x0, 0x4f, 0x10, 0x0, 0x0, 0x0,
    0x0, 0x9c, 0x0, 0x0, 0x4f, 0x0, 0x0, 0x0,
    0x0, 0x0, 0x9c, 0x0, 0x0, 0x4f, 0xff, 0xff,
    0xff, 0xff, 0xff, 0xfc, 0x0, 0x0, 0x4f, 0x43,
    0x33, 0x36, 0xf5, 0x33, 0x33, 0x0, 0x0, 0x4f,
    0x0, 0x0, 0x2, 0xf2, 0x0, 0x0, 0x0, 0x0,
    0x5f, 0xff, 0xff, 0xff, 0xff, 0xff, 0xff, 0xf0,
    0x0, 0x5f, 0x44, 0x44, 0x46, 0xf6, 0x44, 0x44,
    0x40, 0x0, 0x7d, 0x0, 0x0, 0x2, 0xf2, 0x0,
    0x0, 0x0, 0x0, 0x8a, 0x1, 0x33, 0x36, 0xf5,
    0x33, 0x31, 0x0, 0x0, 0xb8, 0x5, 0xff, 0xff,
    0xff, 0xff, 0xf7, 0x0, 0x0, 0xe5, 0x5, 0xe0,
    0x0, 0x0, 0x0, 0xe7, 0x0, 0x3, 0xf1, 0x5,
    0xe0, 0x0, 0x0, 0x0, 0xe7, 0x0, 0xa, 0xa0,
    0x5, 0xf3, 0x33, 0x33, 0x33, 0xe7, 0x0, 0x1f,
    0x20, 0x5, 0xff, 0xff, 0xff, 0xff, 0xf7, 0x0,
    0x0, 0x0, 0x0, 0x0, 0x0, 0x0, 0x0, 0x0,
    0x0,

    /* U+5C4B "屋" */
    0x0, 0x2, 0x22, 0x22, 0x22, 0x22, 0x22, 0x22,
    0x0, 0x0, 0x4f, 0xff, 0xff, 0xff, 0xff, 0xff,
    0xff, 0x10, 0x0, 0x4f, 0x0, 0x0, 0x0, 0x0,
    0x0, 0x4f, 0x10, 0x0, 0x4f, 0x32, 0x22, 0x22,
    0x22, 0x22, 0x6f, 0x10, 0x0, 0x4f, 0xff, 0xff,
    0xff, 0xff, 0xff, 0xff, 0x10, 0x0, 0x5f, 0x0,
    0x0, 0x0, 0x0, 0x0, 0x0, 0x0, 0x0, 0x5f,
    0xdf, 0xff, 0xff, 0xff, 0xff, 0xff, 0xa0, 0x0,
    0x5f, 0x22, 0x2d, 0xd3, 0x22, 0xc7, 0x22, 0x10,
    0x0, 0x6f, 0x1, 0xbc, 0x10, 0x0, 0x6f, 0x80,
    0x0, 0x0, 0x7d, 0xe, 0xfe, 0xee, 0xff, 0xfe,
    0xfa, 0x0, 0x0, 0x9c, 0x7, 0x65, 0x37, 0xf0,
    0x0, 0x2d, 0x30, 0x0, 0xca, 0x2, 0x22, 0x27,
    0xf2, 0x22, 0x22, 0x0, 0x0, 0xf6, 0xf, 0xff,
    0xff, 0xff, 0xff, 0xfc, 0x0, 0x3, 0xf2, 0x0,
    0x0, 0x5, 0xf0, 0x0, 0x0, 0x0, 0xa, 0xd0,
    0x11, 0x11, 0x16, 0xf1, 0x11, 0x11, 0x10, 0x1f,
    0x66, 0xff, 0xff, 0xff, 0xff, 0xff, 0xff, 0xf3,
    0x4, 0x0, 0x0, 0x0, 0x0, 0x0, 0x0, 0x0,
    0x0,

    /* U+5C4F "屏" */
    0x0, 0x13, 0x33, 0x33, 0x33, 0x33, 0x33, 0x33,
    0x10, 0x0, 0x5f, 0xff, 0xff, 0xff, 0xff, 0xff,
    0xff, 0x50, 0x0, 0x5f, 0x0, 0x0, 0x0, 0x0,
    0x0, 0xf, 0x50, 0x0, 0x5f, 0x33, 0x33, 0x33,
    0x33, 0x33, 0x4f, 0x50, 0x0, 0x5f, 0xff, 0xff,
    0xff, 0xff, 0xff, 0xff, 0x50, 0x0, 0x5f, 0x0,
    0x3a, 0x0, 0x0, 0x7, 0x90, 0x0, 0x0, 0x5f,
    0x0, 0xe, 0x80, 0x0, 0x1f, 0x70, 0x0, 0x0,
    0x6f, 0x15, 0x59, 0x85, 0x55, 0x9f, 0x65, 0x40,
    0x0, 0x7f, 0x3c, 0xcd, 0xfc, 0xcc, 0xef, 0xcc,
    0x90, 0x0, 0x8e, 0x0, 0x5, 0xe0, 0x0, 0x6e,
    0x0, 0x0, 0x0, 0x9c, 0x0, 0x6, 0xe0, 0x0,
    0x6e, 0x0, 0x0, 0x0, 0xba, 0xaf, 0xff, 0xff,
    0xff, 0xff, 0xff, 0xf4, 0x0, 0xf6, 0x23, 0x3d,
    0xb3, 0x33, 0x8f, 0x33, 0x30, 0x4, 0xf2, 0x0,
    0x6f, 0x40, 0x0, 0x6e, 0x0, 0x0, 0xc, 0xb0,
    0x19, 0xf7, 0x0, 0x0, 0x6e, 0x0, 0x0, 0xc,
    0x30, 0x8c, 0x30, 0x0, 0x0, 0x6e, 0x0, 0x0,
    0x0, 0x0, 0x0, 0x0, 0x0, 0x0, 0x0, 0x0,
    0x0,

    /* U+5C55 "展" */
    0x0, 0x13, 0x33, 0x33, 0x33, 0x33, 0x33, 0x33,
    0x0, 0x0, 0x4f, 0xff, 0xff, 0xff, 0xff, 0xff,
    0xff, 0x20, 0x0, 0x4f, 0x0, 0x0, 0x0, 0x0,
    0x0, 0x2f, 0x20, 0x0, 0x4f, 0x43, 0x33, 0x33,
    0x33, 0x33, 0x5f, 0x20, 0x0, 0x4f, 0xff, 0xff,
    0xff, 0xff, 0xff, 0xff, 0x20, 0x0, 0x4f, 0x0,
    0x9, 0x80, 0x0, 0xd5, 0x0, 0x0, 0x0, 0x5f,
    0x12, 0x2b, 0xa2, 0x22, 0xe7, 0x22, 0x10, 0x0,
    0x5f, 0x5f, 0xff, 0xff, 0xff, 0xff, 0xff, 0x80,
    0x0, 0x6f, 0x0, 0xa, 0x80, 0x0, 0xe5, 0x0,
    0x0, 0x0, 0x7d, 0x22, 0x2b, 0xa2, 0x22, 0xe7,
    0x22, 0x20, 0x0, 0x9c, 0xdf, 0xff, 0xff, 0xff,
    0xff, 0xff, 0xf3, 0x0, 0xca, 0x0, 0xe5, 0x0,
    0xd7, 0x0, 0x5b, 0x0, 0x0, 0xf6, 0x0, 0xe5,
    0x0, 0x4f, 0x5b, 0xd4, 0x0, 0x4, 0xf2, 0x0,
    0xe5, 0x0, 0x7, 0xfb, 0x0, 0x0, 0xb, 0xd0,
    0x2, 0xf9, 0x9c, 0xf3, 0x6f, 0xb3, 0x0, 0x1f,
    0x50, 0x9, 0xfe, 0xa6, 0x20, 0x2, 0xaf, 0xe2,
    0x3, 0x0, 0x2, 0x20, 0x0, 0x0, 0x0, 0x1,
    0x40,

    /* U+5C71 "山" */
    0x0, 0x0, 0x0, 0xd, 0x70, 0x0, 0x0, 0x0,
    0x0, 0x0, 0x0, 0xe7, 0x0, 0x0, 0x0, 0x0,
    0x0, 0x0, 0xe, 0x70, 0x0, 0x0, 0x0, 0xb3,
    0x0, 0x0, 0xe7, 0x0, 0x0, 0x97, 0xf, 0x50,
    0x0, 0xe, 0x70, 0x0, 0xc, 0x90, 0xf5, 0x0,
    0x0, 0xe7, 0x0, 0x0, 0xc9, 0xf, 0x50, 0x0,
    0xe, 0x70, 0x0, 0xc, 0x90, 0xf5, 0x0, 0x0,
    0xe7, 0x0, 0x0, 0xc9, 0xf, 0x50, 0x0, 0xe,
    0x70, 0x0, 0xc, 0x90, 0xf5, 0x0, 0x0, 0xe7,
    0x0, 0x0, 0xc9, 0xf, 0x50, 0x0, 0xe, 0x70,
    0x0, 0xc, 0x90, 0xf5, 0x0, 0x0, 0xe7, 0x0,
    0x0, 0xc9, 0xf, 0x50, 0x0, 0xe, 0x70, 0x0,
    0xc, 0x90, 0xf8, 0x55, 0x55, 0xfa, 0x55, 0x55,
    0xd9, 0xf, 0xff, 0xff, 0xff, 0xff, 0xff, 0xff,
    0x90, 0x0, 0x0, 0x0, 0x0, 0x0, 0x0, 0xc9,

    /* U+5C81 "岁" */
    0x0, 0x0, 0x0, 0x1, 0x20, 0x0, 0x0, 0x0,
    0x24, 0x0, 0x0, 0x7e, 0x0, 0x0, 0x24, 0x6,
    0xe0, 0x0, 0x7, 0xe0, 0x0, 0x7, 0xe0, 0x6e,
    0x0, 0x0, 0x7e, 0x0, 0x0, 0x7e, 0x6, 0xf3,
    0x33, 0x39, 0xf3, 0x33, 0x39, 0xe0, 0x6f, 0xff,
    0xff, 0xff, 0xff, 0xff, 0xfe, 0x0, 0x0, 0x4,
    0xf5, 0x0, 0x0, 0x0, 0x0, 0x0, 0x2, 0xeb,
    0x0, 0x0, 0x0, 0x0, 0x0, 0x3, 0xef, 0xff,
    0xff, 0xff, 0xff, 0x30, 0x8, 0xfc, 0x22, 0x22,
    0x22, 0x2c, 0xe0, 0xc, 0xf9, 0x3, 0x0, 0x0,
    0x5, 0xf5, 0x0, 0x43, 0x2, 0xea, 0x0, 0x2,
    0xea, 0x0, 0x0, 0x0, 0x2, 0xdc, 0x13, 0xea,
    0x0, 0x0, 0x0, 0x0, 0x1, 0xdd, 0xf8, 0x0,
    0x0, 0x0, 0x0, 0x1, 0x7e, 0xe6, 0x0, 0x0,
    0x0, 0x2, 0x6a, 0xfe, 0x70, 0x0, 0x0, 0x0,
    0xe, 0xfe, 0xa6, 0x0, 0x0, 0x0, 0x0, 0x0,
    0x33, 0x0, 0x0, 0x0, 0x0, 0x0, 0x0,

    /* U+5C91 "岑" */
    0x0, 0x0, 0x0, 0x0, 0x0, 0x0, 0x0, 0x0,
    0x0, 0x0, 0x62, 0x0, 0x0, 0xe6, 0x0, 0x0,
    0x27, 0x0, 0x0, 0xe6, 0x0, 0x0, 0xe6, 0x0,
    0x0, 0x5f, 0x0, 0x0, 0xe8, 0x33, 0x33, 0xf8,
    0x33, 0x33, 0x8f, 0x0, 0x0, 0xef, 0xff, 0xff,
    0xff, 0xff, 0xff, 0xfe, 0x0, 0x0, 0x0, 0x0,
    0x2, 0xdc, 0x0, 0x0, 0x0, 0x0, 0x0, 0x0,
    0x0, 0x6f, 0x9d, 0xb2, 0x0, 0x0, 0x0, 0x0,
    0x0, 0x5c, 0xd4, 0x0, 0x8f, 0xa3, 0x0, 0x0,
    0x2, 0x8e, 0xf9, 0x7, 0xd2, 0x1, 0x9f, 0xe8,
    0x30, 0x2f, 0xe7, 0x10, 0x0, 0xae, 0x10, 0x0,
    0x6c, 0xf2, 0x2, 0x0, 0x0, 0x0, 0x9, 0x20,
    0x0, 0x0, 0x0, 0x0, 0x4f, 0xff, 0xff, 0xff,
    0xff, 0xff, 0x80, 0x0, 0x0, 0x13, 0x33, 0x33,
    0x33, 0x34, 0xee, 0x10, 0x0, 0x0, 0x0, 0x0,
    0x0, 0x0, 0xa, 0xf2, 0x0, 0x0, 0x0, 0x0,
    0x0, 0x0, 0x0, 0x9f, 0x40, 0x0, 0x0, 0x0,
    0x0, 0x0, 0x0, 0x7, 0xf5, 0x0, 0x0, 0x0,
    0x0, 0x0, 0x0, 0x0, 0x6f, 0x60, 0x0, 0x0,
    0x0, 0x0, 0x0, 0x0, 0x0, 0x4, 0x0, 0x0,
    0x0, 0x0,

    /* U+5CF0 "峰" */
    0x0, 0x0, 0x0, 0x0, 0x0, 0x0, 0x0, 0x0,
    0x0, 0xc, 0x20, 0x0, 0x0, 0xc8, 0x0, 0x0,
    0x0, 0x0, 0xe2, 0x0, 0x0, 0x6f, 0xb8, 0x89,
    0x40, 0x0, 0xe, 0x20, 0x0, 0x2e, 0xb8, 0x89,
    0xf6, 0x0, 0xe2, 0xe2, 0x4c, 0x3e, 0xde, 0x20,
    0xcc, 0x0, 0xe, 0x2e, 0x24, 0xcb, 0x80, 0x9d,
    0xbd, 0x10, 0x0, 0xe2, 0xe2, 0x4c, 0x0, 0x5,
    0xff, 0x91, 0x0, 0xe, 0x2e, 0x24, 0xc1, 0x6c,
    0xe6, 0x4d, 0xfa, 0x50, 0xe2, 0xe2, 0x4c, 0xdd,
    0x81, 0x99, 0x5, 0xba, 0xe, 0x2e, 0x24, 0xc1,
    0xaa, 0xae, 0xea, 0xaa, 0x0, 0xe2, 0xe2, 0x4c,
    0x6, 0x66, 0xcd, 0x66, 0x60, 0xe, 0x2e, 0x24,
    0xc0, 0x44, 0x4c, 0xc4, 0x44, 0x0, 0xe2, 0xe2,
    0x4c, 0xb, 0xcc, 0xef, 0xcc, 0xc0, 0xe, 0x5f,
    0x79, 0xc0, 0x0, 0xa, 0xa0, 0x0, 0x0, 0xef,
    0xed, 0xdc, 0x7c, 0xcc, 0xee, 0xcc, 0xc8, 0x1,
    0x0, 0x1, 0x53, 0x66, 0x6c, 0xc6, 0x66, 0x40,
    0x0, 0x0, 0x0, 0x0, 0x0, 0xaa, 0x0, 0x0,
    0x0,

    /* U+5D07 "崇" */
    0x0, 0x0, 0x0, 0x0, 0x52, 0x0, 0x0, 0x0,
    0x0, 0xb, 0x40, 0x0, 0xe, 0x70, 0x0, 0x8,
    0x80, 0x0, 0xf5, 0x0, 0x0, 0xe7, 0x0, 0x0,
    0xab, 0x0, 0xf, 0xed, 0xdd, 0xdf, 0xed, 0xdd,
    0xdf, 0xb0, 0x0, 0x44, 0x44, 0x47, 0xd5, 0x44,
    0x44, 0x43, 0x0, 0x0, 0x0, 0x0, 0x2f, 0x60,
    0x0, 0x0, 0x0, 0xa, 0xff, 0xff, 0xff, 0xff,
    0xff, 0xff, 0xff, 0x40, 0xba, 0x22, 0x22, 0x22,
    0x22, 0x22, 0x23, 0xf4, 0xa, 0x80, 0x22, 0x22,
    0x22, 0x22, 0x21, 0xf, 0x40, 0x0, 0xf, 0xff,
    0xff, 0xff, 0xff, 0x90, 0x0, 0x0, 0x0, 0x0,
    0x0, 0x0, 0x0, 0x0, 0x0, 0x0, 0xbf, 0xff,
    0xff, 0xff, 0xff, 0xff, 0xff, 0xf5, 0x2, 0x33,
    0x63, 0x33, 0xf8, 0x33, 0x33, 0x33, 0x10, 0x0,
    0x7f, 0x40, 0xe, 0x60, 0x1e, 0x80, 0x0, 0x0,
    0x8f, 0x50, 0x0, 0xe6, 0x0, 0x4e, 0xc1, 0x0,
    0xce, 0x40, 0x22, 0x2f, 0x60, 0x0, 0x1c, 0xe2,
    0x4, 0x10, 0x8, 0xff, 0xc2, 0x0, 0x0, 0x7,
    0x0,

    /* U+5DE6 "左" */
    0x0, 0x0, 0x0, 0x11, 0x0, 0x0, 0x0, 0x0,
    0x0, 0x0, 0x0, 0x9, 0xd0, 0x0, 0x0, 0x0,
    0x0, 0x0, 0x0, 0x0, 0xca, 0x0, 0x0, 0x0,
    0x0, 0x0, 0x0, 0x0, 0xf, 0x60, 0x0, 0x0,
    0x0, 0x0, 0xe, 0xff, 0xff, 0xff, 0xff, 0xff,
    0xff, 0xff, 0x90, 0x55, 0x55, 0xaf, 0x55, 0x55,
    0x55, 0x55, 0x53, 0x0, 0x0, 0xb, 0xa0, 0x0,
    0x0, 0x0, 0x0, 0x0, 0x0, 0x0, 0xf5, 0x0,
    0x0, 0x0, 0x0, 0x0, 0x0, 0x0, 0x6f, 0x31,
    0x11, 0x11, 0x11, 0x11, 0x0, 0x0, 0xc, 0xcf,
    0xff, 0xff, 0xff, 0xff, 0xf2, 0x0, 0x3, 0xf3,
    0x22, 0x23, 0xf7, 0x22, 0x22, 0x0, 0x0, 0xbb,
    0x0, 0x0, 0xf, 0x40, 0x0, 0x0, 0x0, 0x5f,
    0x40, 0x0, 0x0, 0xf4, 0x0, 0x0, 0x0, 0x1e,
    0xa0, 0x0, 0x0, 0xf, 0x40, 0x0, 0x0, 0xd,
    0xc0, 0x0, 0x0, 0x0, 0xf4, 0x0, 0x0, 0x6,
    0xe1, 0x4, 0x44, 0x44, 0x5f, 0x84, 0x44, 0x44,
    0x2, 0x0, 0xff, 0xff, 0xff, 0xff, 0xff, 0xff,
    0xf0,

    /* U+5DF2 "已" */
    0x3f, 0xff, 0xff, 0xff, 0xff, 0xff, 0xfe, 0x0,
    0x1, 0x55, 0x55, 0x55, 0x55, 0x55, 0x5a, 0xe0,
    0x0, 0x0, 0x0, 0x0, 0x0, 0x0, 0x0, 0x7e,
    0x0, 0x0, 0x4d, 0x0, 0x0, 0x0, 0x0, 0x7,
    0xe0, 0x0, 0x5, 0xf0, 0x0, 0x0, 0x0, 0x0,
    0x7e, 0x0, 0x0, 0x5f, 0x0, 0x0, 0x0, 0x0,
    0x7, 0xe0, 0x0, 0x5, 0xff, 0xff, 0xff, 0xff,
    0xff, 0xfe, 0x0, 0x0, 0x5f, 0x55, 0x55, 0x55,
    0x55, 0x5a, 0xe0, 0x0, 0x5, 0xf0, 0x0, 0x0,
    0x0, 0x0, 0x24, 0x0, 0x0, 0x5f, 0x0, 0x0,
    0x0, 0x0, 0x0, 0x0, 0x0, 0x5, 0xf0, 0x0,
    0x0, 0x0, 0x0, 0x0, 0x3a, 0x10, 0x5f, 0x0,
    0x0, 0x0, 0x0, 0x0, 0x5, 0xf1, 0x5, 0xf0,
    0x0, 0x0, 0x0, 0x0, 0x0, 0x9e, 0x0, 0x2f,
    0xa5, 0x55, 0x55, 0x55, 0x55, 0x8f, 0x80, 0x0,
    0x6d, 0xff, 0xff, 0xff, 0xff, 0xfd, 0x80, 0x0,

    /* U+5E03 "布" */
    0x0, 0x0, 0x0, 0x0, 0x0, 0x0, 0x0, 0x0,
    0x0, 0x0, 0x0, 0x1, 0xf6, 0x0, 0x0, 0x0,
    0x0, 0x0, 0x0, 0x0, 0x5f, 0x10, 0x0, 0x0,
    0x0, 0x0, 0x55, 0x55, 0x5c, 0xe5, 0x55, 0x55,
    0x55, 0x55, 0xd, 0xff, 0xff, 0xff, 0xff, 0xff,
    0xff, 0xff, 0xe0, 0x0, 0x0, 0xbc, 0x0, 0x85,
    0x0, 0x0, 0x0, 0x0, 0x0, 0x5f, 0x30, 0xd,
    0x80, 0x0, 0x0, 0x0, 0x0, 0x1e, 0x90, 0x0,
    0xd8, 0x0, 0x0, 0x0, 0x0, 0xb, 0xff, 0xff,
    0xff, 0xff, 0xff, 0xfe, 0x0, 0x1c, 0xff, 0x85,
    0x55, 0xea, 0x55, 0x59, 0xf0, 0x1d, 0xe3, 0xf5,
    0x0, 0xd, 0x80, 0x0, 0x6f, 0x2, 0xe2, 0xf,
    0x50, 0x0, 0xd8, 0x0, 0x6, 0xf0, 0x0, 0x0,
    0xf5, 0x0, 0xd, 0x80, 0x0, 0x6f, 0x0, 0x0,
    0xf, 0x50, 0x0, 0xd8, 0x0, 0x6, 0xf0, 0x0,
    0x0, 0xf5, 0x0, 0xd, 0x81, 0x76, 0xbe, 0x0,
    0x0, 0xf, 0x50, 0x0, 0xd8, 0xb, 0xca, 0x40,
    0x0, 0x0, 0x0, 0x0, 0xd, 0x80, 0x0, 0x0,
    0x0,

    /* U+5E08 "师" */
    0x0, 0x0, 0x10, 0x0, 0x0, 0x0, 0x0, 0x0,
    0x0, 0x0, 0x4e, 0x2, 0x22, 0x22, 0x22, 0x22,
    0x20, 0x0, 0x4, 0xe0, 0xff, 0xff, 0xff, 0xff,
    0xff, 0x4, 0xe0, 0x4e, 0x0, 0x0, 0xe, 0x60,
    0x0, 0x0, 0x4e, 0x4, 0xe0, 0x0, 0x0, 0xe5,
    0x0, 0x0, 0x4, 0xe0, 0x4e, 0x3, 0xbb, 0xbf,
    0xcb, 0xbb, 0x30, 0x4e, 0x4, 0xe0, 0x4f, 0x88,
    0xfa, 0x88, 0xf4, 0x4, 0xe0, 0x5e, 0x4, 0xe0,
    0xe, 0x50, 0xe, 0x40, 0x4e, 0x5, 0xe0, 0x4e,
    0x0, 0xe5, 0x0, 0xe4, 0x4, 0xe0, 0x5d, 0x4,
    0xe0, 0xe, 0x50, 0xe, 0x40, 0x4e, 0x7, 0xc0,
    0x4e, 0x0, 0xe5, 0x0, 0xe4, 0x3, 0xa0, 0x9a,
    0x4, 0xe0, 0xe, 0x50, 0xe, 0x40, 0x0, 0xd,
    0x70, 0x4e, 0x0, 0xe5, 0x0, 0xe4, 0x0, 0x3,
    0xf2, 0x4, 0xe0, 0xe, 0x54, 0x7f, 0x40, 0x0,
    0xbb, 0x0, 0x4c, 0x0, 0xe5, 0x5b, 0x80, 0x0,
    0x8f, 0x20, 0x0, 0x0, 0xe, 0x50, 0x0, 0x0,
    0xc, 0x40, 0x0, 0x0, 0x0, 0xe5, 0x0, 0x0,
    0x0, 0x0, 0x0, 0x0, 0x0, 0x0, 0x0, 0x0,
    0x0,

    /* U+5E16 "帖" */
    0x0, 0x28, 0x0, 0x0, 0x0, 0x73, 0x0, 0x0,
    0x0, 0x5e, 0x0, 0x0, 0x0, 0xe6, 0x0, 0x0,
    0x0, 0x5e, 0x0, 0x0, 0x0, 0xe6, 0x0, 0x0,
    0x0, 0x5e, 0x0, 0x0, 0x0, 0xe6, 0x0, 0x0,
    0xde, 0xff, 0xee, 0x40, 0x0, 0xef, 0xee, 0xec,
    0xe6, 0x8f, 0x4d, 0x40, 0x0, 0xe9, 0x55, 0x54,
    0xe2, 0x5e, 0xc, 0x40, 0x0, 0xe6, 0x0, 0x0,
    0xe2, 0x5e, 0xc, 0x40, 0x0, 0xe6, 0x0, 0x0,
    0xe2, 0x5e, 0xc, 0x41, 0x44, 0xe9, 0x44, 0x41,
    0xe2, 0x5e, 0xc, 0x44, 0xff, 0xff, 0xff, 0xf3,
    0xe2, 0x5e, 0xc, 0x44, 0xf0, 0x0, 0x0, 0xf3,
    0xe2, 0x5e, 0xc, 0x44, 0xf0, 0x0, 0x0, 0xf3,
    0xe2, 0x5e, 0x4e, 0x44, 0xf0, 0x0, 0x0, 0xf3,
    0xc2, 0x5e, 0x6a, 0x14, 0xf0, 0x0, 0x0, 0xf3,
    0x0, 0x5e, 0x0, 0x4, 0xf0, 0x0, 0x0, 0xf3,
    0x0, 0x5e, 0x0, 0x4, 0xff, 0xff, 0xff, 0xf3,
    0x0, 0x5e, 0x0, 0x4, 0xf4, 0x44, 0x45, 0xe3,

    /* U+5E2B "師" */
    0x0, 0x2d, 0x30, 0x0, 0x0, 0x0, 0x0, 0x0,
    0x0, 0x7, 0xe0, 0x1, 0xff, 0xff, 0xff, 0xff,
    0xf7, 0x13, 0xca, 0x33, 0x4, 0x44, 0x4f, 0x64,
    0x44, 0x15, 0xff, 0xff, 0xf1, 0x0, 0x0, 0xf3,
    0x0, 0x0, 0x5d, 0x0, 0x1f, 0x12, 0x99, 0x9f,
    0xa9, 0x98, 0x5, 0xd0, 0x1, 0xf1, 0x4f, 0x67,
    0xf8, 0x6a, 0xe0, 0x5f, 0xcc, 0xdf, 0x14, 0xe0,
    0xf, 0x30, 0x5e, 0x5, 0xe5, 0x55, 0x50, 0x4e,
    0x0, 0xf3, 0x5, 0xe0, 0x5d, 0x0, 0x0, 0x4,
    0xe0, 0xf, 0x30, 0x5e, 0x5, 0xff, 0xff, 0xf3,
    0x4e, 0x0, 0xf3, 0x5, 0xe0, 0x5e, 0x33, 0x3f,
    0x34, 0xe0, 0xf, 0x30, 0x5e, 0x5, 0xd0, 0x0,
    0xf3, 0x4e, 0x0, 0xf3, 0x5, 0xe0, 0x5d, 0x0,
    0xf, 0x34, 0xe0, 0xf, 0x35, 0xae, 0x5, 0xe4,
    0x44, 0xf3, 0x4e, 0x0, 0xf3, 0xbe, 0x80, 0x5f,
    0xee, 0xee, 0x30, 0x0, 0xf, 0x30, 0x0, 0x5,
    0xd0, 0x0, 0x0, 0x0, 0x0, 0xf3, 0x0, 0x0,

    /* U+5E38 "常" */
    0x0, 0x0, 0x0, 0x0, 0x0, 0x0, 0x0, 0x0,
    0x0, 0x69, 0x0, 0x7, 0xd0, 0x0, 0x6a, 0x0,
    0x0, 0x3f, 0x80, 0x7, 0xd0, 0x2, 0xf8, 0x0,
    0x13, 0x3a, 0xb3, 0x39, 0xe3, 0x38, 0xc3, 0x31,
    0x5f, 0xff, 0xff, 0xff, 0xff, 0xff, 0xff, 0xf6,
    0x5e, 0x0, 0x0, 0x0, 0x0, 0x0, 0x0, 0xe6,
    0x5e, 0x5, 0xff, 0xff, 0xff, 0xff, 0xe0, 0xe6,
    0x39, 0x5, 0xe0, 0x0, 0x0, 0x7, 0xe0, 0x94,
    0x0, 0x5, 0xe1, 0x11, 0x11, 0x17, 0xe0, 0x0,
    0x0, 0x5, 0xff, 0xff, 0xff, 0xff, 0xe0, 0x0,
    0x0, 0x0, 0x0, 0x6, 0xf0, 0x0, 0x0, 0x0,
    0x0, 0x55, 0x55, 0x59, 0xf5, 0x55, 0x55, 0x10,
    0x2, 0xfe, 0xee, 0xee, 0xfe, 0xee, 0xef, 0x50,
    0x2, 0xf5, 0x0, 0x6, 0xf0, 0x0, 0xd, 0x50,
    0x2, 0xf5, 0x0, 0x6, 0xf0, 0x0, 0xd, 0x50,
    0x2, 0xf5, 0x0, 0x6, 0xf0, 0x14, 0x4e, 0x50,
    0x2, 0xd4, 0x0, 0x6, 0xf0, 0x2e, 0xeb, 0x10,

    /* U+5E55 "幕" */
    0x0, 0x0, 0x1, 0x10, 0x0, 0x1, 0x10, 0x0,
    0x0, 0x0, 0x0, 0xa, 0x90, 0x0, 0xb, 0x90,
    0x0, 0x0, 0xc, 0xff, 0xff, 0xff, 0xff, 0xff,
    0xff, 0xff, 0xc0, 0x2, 0x22, 0x2b, 0xb2, 0x22,
    0x2b, 0xa2, 0x22, 0x20, 0x0, 0x9, 0xab, 0xba,
    0xaa, 0xaa, 0xaa, 0xa1, 0x0, 0x0, 0xe, 0x71,
    0x11, 0x11, 0x11, 0x15, 0xf2, 0x0, 0x0, 0xe,
    0xed, 0xdd, 0xdd, 0xdd, 0xdd, 0xf2, 0x0, 0x0,
    0xe, 0x60, 0x0, 0x0, 0x0, 0x3, 0xf2, 0x0,
    0x0, 0xe, 0xec, 0xcc, 0xcc, 0xcc, 0xcd, 0xf2,
    0x0, 0x0, 0x1, 0x13, 0xf9, 0x11, 0x11, 0x11,
    0x10, 0x0, 0xe, 0xee, 0xef, 0xfe, 0xee, 0xee,
    0xee, 0xee, 0xe0, 0x2, 0x24, 0xee, 0x32, 0xca,
    0x23, 0xdc, 0x32, 0x20, 0x0, 0x2d, 0xf6, 0x22,
    0xca, 0x22, 0x5f, 0xc2, 0x0, 0x8, 0xfe, 0xff,
    0xff, 0xff, 0xff, 0xff, 0xef, 0xa2, 0x1b, 0x53,
    0xf1, 0x0, 0xb9, 0x0, 0xd, 0x73, 0x80, 0x0,
    0x3, 0xf1, 0x0, 0xb9, 0x2, 0x3e, 0x70, 0x0,
    0x0, 0x3, 0xd1, 0x0, 0xb9, 0x7, 0xcb, 0x20,
    0x0,

    /* U+5E73 "平" */
    0x1, 0xff, 0xff, 0xff, 0xff, 0xff, 0xff, 0xff,
    0x10, 0x0, 0x66, 0x66, 0x66, 0xdc, 0x66, 0x66,
    0x66, 0x0, 0x0, 0x6, 0x60, 0x0, 0xba, 0x0,
    0x7, 0x80, 0x0, 0x0, 0x7, 0xe0, 0x0, 0xba,
    0x0, 0xe, 0x90, 0x0, 0x0, 0x0, 0xf6, 0x0,
    0xba, 0x0, 0x5f, 0x10, 0x0, 0x0, 0x0, 0xac,
    0x0, 0xba, 0x0, 0xd8, 0x0, 0x0, 0x0, 0x0,
    0x48, 0x0, 0xba, 0x2, 0xb1, 0x0, 0x0, 0x4,
    0x44, 0x44, 0x44, 0xcc, 0x44, 0x44, 0x44, 0x40,
    0xf, 0xff, 0xff, 0xff, 0xff, 0xff, 0xff, 0xff,
    0xf1, 0x1, 0x11, 0x11, 0x11, 0xcb, 0x11, 0x11,
    0x11, 0x10, 0x0, 0x0, 0x0, 0x0, 0xba, 0x0,
    0x0, 0x0, 0x0, 0x0, 0x0, 0x0, 0x0, 0xba,
    0x0, 0x0, 0x0, 0x0, 0x0, 0x0, 0x0, 0x0,
    0xba, 0x0, 0x0, 0x0, 0x0, 0x0, 0x0, 0x0,
    0x0, 0xba, 0x0, 0x0, 0x0, 0x0, 0x0, 0x0,
    0x0, 0x0, 0xba, 0x0, 0x0, 0x0, 0x0,

    /* U+5E74 "年" */
    0x0, 0x0, 0x1, 0x0, 0x0, 0x0, 0x0, 0x0,
    0x0, 0x0, 0x0, 0x6f, 0x20, 0x0, 0x0, 0x0,
    0x0, 0x0, 0x0, 0x0, 0xdb, 0x0, 0x0, 0x0,
    0x0, 0x0, 0x0, 0x0, 0x6, 0xff, 0xff, 0xff,
    0xff, 0xff, 0xff, 0x50, 0x0, 0x1e, 0xb5, 0x55,
    0x5d, 0xb5, 0x55, 0x55, 0x10, 0x0, 0xae, 0x10,
    0x0, 0xc, 0x90, 0x0, 0x0, 0x0, 0x9, 0xf4,
    0x0, 0x0, 0xc, 0x90, 0x0, 0x0, 0x0, 0x7,
    0x62, 0xff, 0xff, 0xff, 0xff, 0xff, 0xfd, 0x0,
    0x0, 0x2, 0xf7, 0x55, 0x5d, 0xb5, 0x55, 0x54,
    0x0, 0x0, 0x2, 0xf2, 0x0, 0xc, 0x90, 0x0,
    0x0, 0x0, 0x0, 0x2, 0xf2, 0x0, 0xc, 0x90,
    0x0, 0x0, 0x0, 0x0, 0x2, 0xf2, 0x0, 0xc,
    0x90, 0x0, 0x0, 0x0, 0x2f, 0xff, 0xff, 0xff,
    0xff, 0xff, 0xff, 0xff, 0xf2, 0x4, 0x44, 0x44,
    0x44, 0x4d, 0xb4, 0x44, 0x44, 0x40, 0x0, 0x0,
    0x0, 0x0, 0xc, 0x90, 0x0, 0x0, 0x0, 0x0,
    0x0, 0x0, 0x0, 0xc, 0x90, 0x0, 0x0, 0x0,
    0x0, 0x0, 0x0, 0x0, 0xc, 0x90, 0x0, 0x0,
    0x0,

    /* U+5E7F "广" */
    0x0, 0x0, 0x0, 0x0, 0x0, 0x0, 0x0, 0x0,
    0x0, 0x0, 0x0, 0x0, 0x6, 0xf1, 0x0, 0x0,
    0x0, 0x0, 0x0, 0x0, 0x0, 0x1f, 0x70, 0x0,
    0x0, 0x0, 0x2, 0x55, 0x55, 0x55, 0xec, 0x55,
    0x55, 0x55, 0x0, 0x6f, 0xff, 0xff, 0xff, 0xff,
    0xff, 0xff, 0xe0, 0x6, 0xf0, 0x0, 0x0, 0x0,
    0x0, 0x0, 0x0, 0x0, 0x6f, 0x0, 0x0, 0x0,
    0x0, 0x0, 0x0, 0x0, 0x6, 0xf0, 0x0, 0x0,
    0x0, 0x0, 0x0, 0x0, 0x0, 0x6f, 0x0, 0x0,
    0x0, 0x0, 0x0, 0x0, 0x0, 0x7, 0xf0, 0x0,
    0x0, 0x0, 0x0, 0x0, 0x0, 0x0, 0x8e, 0x0,
    0x0, 0x0, 0x0, 0x0, 0x0, 0x0, 0xa, 0xd0,
    0x0, 0x0, 0x0, 0x0, 0x0, 0x0, 0x0, 0xbb,
    0x0, 0x0, 0x0, 0x0, 0x0, 0x0, 0x0, 0xe,
    0x80, 0x0, 0x0, 0x0, 0x0, 0x0, 0x0, 0x3,
    0xf4, 0x0, 0x0, 0x0, 0x0, 0x0, 0x0, 0x0,
    0xae, 0x0, 0x0, 0x0, 0x0, 0x0, 0x0, 0x0,
    0x1f, 0x70, 0x0, 0x0, 0x0, 0x0, 0x0, 0x0,
    0x0, 0x50, 0x0, 0x0, 0x0, 0x0, 0x0, 0x0,
    0x0,

    /* U+5E80 "庀" */
    0x0, 0x0, 0x0, 0x0, 0x1, 0x0, 0x0, 0x0,
    0x0, 0x0, 0x0, 0x0, 0x0, 0x1f, 0x50, 0x0,
    0x0, 0x0, 0x0, 0x0, 0x0, 0x0, 0xc, 0xb0,
    0x0, 0x0, 0x0, 0x0, 0xdf, 0xff, 0xff, 0xff,
    0xff, 0xff, 0xff, 0xf1, 0x0, 0xdb, 0x44, 0x44,
    0x44, 0x44, 0x44, 0x44, 0x40, 0x0, 0xd8, 0x0,
    0xc7, 0x0, 0x0, 0x0, 0x0, 0x0, 0x0, 0xd8,
    0x0, 0xe8, 0x0, 0x0, 0x0, 0x10, 0x0, 0x0,
    0xd8, 0x0, 0xe8, 0x0, 0x0, 0x18, 0xfa, 0x0,
    0x0, 0xe8, 0x0, 0xe8, 0x0, 0x29, 0xff, 0x91,
    0x0, 0x0, 0xe8, 0x0, 0xe9, 0x6c, 0xfd, 0x71,
    0x0, 0x0, 0x0, 0xf7, 0x0, 0xef, 0xe8, 0x30,
    0x0, 0x0, 0x0, 0x0, 0xf6, 0x0, 0xe9, 0x0,
    0x0, 0x0, 0x0, 0x0, 0x1, 0xf4, 0x0, 0xe8,
    0x0, 0x0, 0x0, 0x2, 0x0, 0x5, 0xf2, 0x0,
    0xe8, 0x0, 0x0, 0x0, 0xa, 0xa0, 0x9, 0xe0,
    0x0, 0xe9, 0x0, 0x0, 0x0, 0xd, 0x90, 0xe,
    0x90, 0x0, 0xce, 0x66, 0x55, 0x56, 0x8f, 0x50,
    0x2f, 0x20, 0x0, 0x3c, 0xff, 0xff, 0xff, 0xe9,
    0x0, 0x1, 0x0, 0x0, 0x0, 0x0, 0x0, 0x0,
    0x0, 0x0,

    /* U+5E84 "庄" */
    0x0, 0x0, 0x0, 0x0, 0x24, 0x0, 0x0, 0x0,
    0x0, 0x0, 0x0, 0x0, 0x7, 0xf1, 0x0, 0x0,
    0x0, 0x0, 0x0, 0x0, 0x0, 0xe, 0x70, 0x0,
    0x0, 0x0, 0xc, 0xee, 0xee, 0xee, 0xfe, 0xee,
    0xee, 0xec, 0x0, 0xda, 0x55, 0x55, 0x55, 0x55,
    0x55, 0x55, 0x40, 0xd, 0x70, 0x0, 0x0, 0x4a,
    0x0, 0x0, 0x0, 0x0, 0xd7, 0x0, 0x0, 0x6,
    0xe0, 0x0, 0x0, 0x0, 0xd, 0x70, 0x0, 0x0,
    0x6e, 0x0, 0x0, 0x0, 0x0, 0xd7, 0x1, 0x11,
    0x17, 0xf1, 0x11, 0x11, 0x0, 0xe, 0x72, 0xff,
    0xff, 0xff, 0xff, 0xff, 0xf1, 0x0, 0xe6, 0x3,
    0x33, 0x38, 0xf3, 0x33, 0x33, 0x0, 0xf, 0x40,
    0x0, 0x0, 0x6e, 0x0, 0x0, 0x0, 0x1, 0xf3,
    0x0, 0x0, 0x6, 0xe0, 0x0, 0x0, 0x0, 0x4f,
    0x0, 0x0, 0x0, 0x6e, 0x0, 0x0, 0x0, 0x8,
    0xd0, 0x0, 0x0, 0x6, 0xe0, 0x0, 0x0, 0x0,
    0xd9, 0x14, 0x44, 0x44, 0x9f, 0x44, 0x44, 0x44,
    0x3f, 0x36, 0xff, 0xff, 0xff, 0xff, 0xff, 0xff,
    0xf1, 0x80, 0x0, 0x0, 0x0, 0x0, 0x0, 0x0,
    0x0,

    /* U+5E86 "庆" */
    0x0, 0x0, 0x0, 0x0, 0x1, 0x0, 0x0, 0x0,
    0x0, 0x0, 0x0, 0x0, 0x0, 0x6f, 0x20, 0x0,
    0x0, 0x0, 0x0, 0x0, 0x0, 0x0, 0xd, 0xb0,
    0x0, 0x0, 0x0, 0x0, 0xdf, 0xff, 0xff, 0xff,
    0xff, 0xff, 0xff, 0xf2, 0x0, 0xea, 0x55, 0x55,
    0x55, 0x55, 0x55, 0x55, 0x50, 0x0, 0xe6, 0x0,
    0x0, 0x1, 0xf4, 0x0, 0x0, 0x0, 0x0, 0xe6,
    0x0, 0x0, 0x3, 0xf3, 0x0, 0x0, 0x0, 0x0,
    0xe6, 0x0, 0x0, 0x5, 0xf2, 0x0, 0x0, 0x0,
    0x0, 0xe6, 0x6f, 0xff, 0xff, 0xff, 0xff, 0xff,
    0xe0, 0x0, 0xf6, 0x13, 0x33, 0x3b, 0xf6, 0x33,
    0x33, 0x20, 0x0, 0xf5, 0x0, 0x0, 0xe, 0xfb,
    0x0, 0x0, 0x0, 0x1, 0xf3, 0x0, 0x0, 0x5f,
    0x5f, 0x40, 0x0, 0x0, 0x3, 0xf2, 0x0, 0x0,
    0xdb, 0xa, 0xe1, 0x0, 0x0, 0x6, 0xf0, 0x0,
    0x8, 0xf2, 0x0, 0xdc, 0x0, 0x0, 0xa, 0xb0,
    0x0, 0x7f, 0x70, 0x0, 0x2e, 0xc1, 0x0, 0x1f,
    0x70, 0x2a, 0xf8, 0x0, 0x0, 0x2, 0xee, 0x50,
    0x5f, 0x10, 0xee, 0x50, 0x0, 0x0, 0x0, 0x1b,
    0xf1, 0x2, 0x0, 0x20, 0x0, 0x0, 0x0, 0x0,
    0x0, 0x10,

    /* U+5E94 "应" */
    0x0, 0x0, 0x0, 0x0, 0x14, 0x0, 0x0, 0x0,
    0x0, 0x0, 0x0, 0x0, 0x0, 0x5f, 0x20, 0x0,
    0x0, 0x0, 0x0, 0x0, 0x0, 0x0, 0xe, 0x90,
    0x0, 0x0, 0x0, 0x0, 0xdf, 0xff, 0xff, 0xff,
    0xff, 0xff, 0xff, 0xe0, 0x0, 0xda, 0x55, 0x55,
    0x55, 0x55, 0x55, 0x55, 0x40, 0x0, 0xd8, 0x0,
    0x0, 0x3, 0x0, 0x0, 0x22, 0x0, 0x0, 0xd8,
    0x4, 0x0, 0x3f, 0x10, 0x0, 0x9f, 0x0, 0x0,
    0xd8, 0x1f, 0x40, 0xf, 0x50, 0x0, 0xe9, 0x0,
    0x0, 0xd7, 0xc, 0x90, 0xb, 0xa0, 0x3, 0xf4,
    0x0, 0x0, 0xe7, 0x6, 0xf0, 0x7, 0xe0, 0x8,
    0xe0, 0x0, 0x0, 0xf6, 0x1, 0xf4, 0x3, 0xf2,
    0xd, 0x80, 0x0, 0x0, 0xf5, 0x0, 0xc9, 0x0,
    0xf4, 0x5f, 0x10, 0x0, 0x2, 0xf3, 0x0, 0x8b,
    0x0, 0x0, 0xd9, 0x0, 0x0, 0x5, 0xf0, 0x0,
    0x0, 0x0, 0x5, 0xf1, 0x0, 0x0, 0x9, 0xd0,
    0x0, 0x0, 0x0, 0xd, 0x90, 0x0, 0x0, 0xe,
    0x83, 0xee, 0xee, 0xee, 0xef, 0xfe, 0xee, 0xe2,
    0x3f, 0x21, 0x55, 0x55, 0x55, 0x55, 0x55, 0x55,
    0x50, 0x1, 0x0, 0x0, 0x0, 0x0, 0x0, 0x0,
    0x0, 0x0,

    /* U+5E95 "底" */
    0x0, 0x0, 0x0, 0x0, 0x0, 0x0, 0x0, 0x0,
    0x0, 0x0, 0x0, 0x0, 0x0, 0xe, 0x30, 0x0,
    0x0, 0x0, 0x0, 0x34, 0x44, 0x44, 0x4b, 0xb4,
    0x44, 0x44, 0x40, 0x0, 0xdf, 0xff, 0xff, 0xff,
    0xff, 0xff, 0xff, 0xf1, 0x0, 0xd7, 0x0, 0x0,
    0x0, 0x0, 0x0, 0x10, 0x0, 0x0, 0xd7, 0x1,
    0x34, 0x56, 0x79, 0xbe, 0xf8, 0x0, 0x0, 0xd7,
    0x6, 0xfe, 0xcb, 0xcf, 0x75, 0x20, 0x0, 0x0,
    0xd7, 0x6, 0xe0, 0x0, 0x4f, 0x0, 0x0, 0x0,
    0x0, 0xd6, 0x6, 0xe0, 0x0, 0x2f, 0x20, 0x0,
    0x0, 0x0, 0xe6, 0x6, 0xe4, 0x44, 0x5f, 0x74,
    0x44, 0x30, 0x0, 0xf5, 0x6, 0xff, 0xff, 0xff,
    0xff, 0xff, 0xb0, 0x0, 0xf3, 0x6, 0xe0, 0x0,
    0xa, 0xb0, 0x0, 0x0, 0x2, 0xf2, 0x6, 0xe0,
    0x0, 0x16, 0xf0, 0x0, 0x0, 0x6, 0xe0, 0x6,
    0xe0, 0x6, 0xc1, 0xf7, 0x0, 0x50, 0xa, 0xb0,
    0x6, 0xe1, 0x66, 0xe4, 0x8e, 0x10, 0xc2, 0x1f,
    0x60, 0xb, 0xff, 0xc5, 0x8b, 0x1d, 0xd6, 0xe0,
    0x4e, 0x0, 0xc, 0x71, 0x0, 0x29, 0x2, 0xbf,
    0x70, 0x0, 0x0, 0x0, 0x0, 0x0, 0x0, 0x0,
    0x0, 0x0,

    /* U+5EA6 "度" */
    0x0, 0x0, 0x0, 0x0, 0x1, 0x0, 0x0, 0x0,
    0x0, 0x0, 0x0, 0x0, 0x0, 0x6f, 0x20, 0x0,
    0x0, 0x0, 0x0, 0x45, 0x55, 0x55, 0x5f, 0xb5,
    0x55, 0x55, 0x50, 0x0, 0xdf, 0xff, 0xff, 0xff,
    0xff, 0xff, 0xff, 0xf0, 0x0, 0xd7, 0x0, 0x19,
    0x10, 0x0, 0x38, 0x0, 0x0, 0x0, 0xd8, 0x0,
    0x3f, 0x20, 0x0, 0x6e, 0x0, 0x0, 0x0, 0xd9,
    0xff, 0xff, 0xff, 0xff, 0xff, 0xff, 0xd0, 0x0,
    0xd8, 0x11, 0x3f, 0x31, 0x11, 0x7e, 0x11, 0x10,
    0x0, 0xe7, 0x0, 0x2f, 0x31, 0x11, 0x7e, 0x0,
    0x0, 0x0, 0xe7, 0x0, 0x2f, 0xff, 0xff, 0xfe,
    0x0, 0x0, 0x0, 0xf5, 0x0, 0x0, 0x0, 0x0,
    0x0, 0x0, 0x0, 0x0, 0xf4, 0xcf, 0xff, 0xff,
    0xff, 0xff, 0xf4, 0x0, 0x3, 0xf2, 0x22, 0xdb,
    0x22, 0x22, 0x3d, 0xb0, 0x0, 0x6, 0xf0, 0x0,
    0x2e, 0xb1, 0x3, 0xdc, 0x10, 0x0, 0xa, 0xc0,
    0x0, 0x1, 0xbf, 0xbf, 0x80, 0x0, 0x0, 0x1f,
    0x70, 0x24, 0x7b, 0xfe, 0xcf, 0xd9, 0x52, 0x0,
    0x4f, 0x17, 0xfe, 0xb8, 0x30, 0x1, 0x6b, 0xef,
    0xe1, 0x1, 0x0, 0x0, 0x0, 0x0, 0x0, 0x0,
    0x0, 0x10,

    /* U+5EA7 "座" */
    0x0, 0x0, 0x0, 0x0, 0x1, 0x0, 0x0, 0x0,
    0x0, 0x0, 0x0, 0x0, 0x0, 0x2f, 0x50, 0x0,
    0x0, 0x0, 0x0, 0x33, 0x33, 0x33, 0x3b, 0xe3,
    0x33, 0x33, 0x30, 0x0, 0xff, 0xff, 0xff, 0xff,
    0xff, 0xff, 0xff, 0xf1, 0x0, 0xf5, 0x0, 0x0,
    0x1, 0x30, 0x0, 0x0, 0x0, 0x0, 0xf5, 0x0,
    0xb5, 0x6, 0xe0, 0x7, 0x90, 0x0, 0x0, 0xf5,
    0x2, 0xf3, 0x6, 0xe0, 0xd, 0x70, 0x0, 0x0,
    0xf5, 0x7, 0xf2, 0x6, 0xe0, 0x2f, 0x60, 0x0,
    0x0, 0xf5, 0x1d, 0xde, 0x26, 0xe0, 0xbd, 0xf6,
    0x0, 0x0, 0xf4, 0xbe, 0x8, 0xe7, 0xe9, 0xe1,
    0x4f, 0x70, 0x1, 0xf6, 0xe3, 0x0, 0x56, 0xe9,
    0x30, 0x3, 0xb0, 0x2, 0xf2, 0x1, 0x11, 0x17,
    0xe1, 0x11, 0x11, 0x0, 0x4, 0xf0, 0x6f, 0xff,
    0xff, 0xff, 0xff, 0xff, 0x0, 0x7, 0xd0, 0x1,
    0x11, 0x17, 0xe1, 0x11, 0x11, 0x0, 0xb, 0xa0,
    0x0, 0x0, 0x6, 0xe0, 0x0, 0x0, 0x0, 0x1f,
    0x61, 0x22, 0x22, 0x28, 0xe2, 0x22, 0x22, 0x20,
    0x5f, 0x9, 0xff, 0xff, 0xff, 0xff, 0xff, 0xff,
    0xf2, 0x2, 0x0, 0x0, 0x0, 0x0, 0x0, 0x0,
    0x0, 0x0,

    /* U+5EAD "庭" */
    0x0, 0x0, 0x0, 0x0, 0x0, 0x0, 0x0, 0x0,
    0x0, 0x0, 0x0, 0x0, 0x0, 0x1e, 0x40, 0x0,
    0x0, 0x0, 0x0, 0x44, 0x44, 0x44, 0x4c, 0xc4,
    0x44, 0x44, 0x40, 0x0, 0xff, 0xff, 0xff, 0xff,
    0xff, 0xff, 0xff, 0xf1, 0x0, 0xf5, 0x0, 0x0,
    0x0, 0x0, 0x0, 0x2, 0x0, 0x0, 0xf5, 0xbf,
    0xff, 0x72, 0x57, 0x9c, 0xfc, 0x0, 0x0, 0xf5,
    0x22, 0x7f, 0x16, 0xc9, 0xdb, 0x10, 0x0, 0x0,
    0xf5, 0x0, 0xd6, 0x0, 0x0, 0xa9, 0x0, 0x0,
    0x0, 0xf5, 0x9, 0xb0, 0x0, 0x11, 0xba, 0x11,
    0x0, 0x0, 0xf5, 0x7f, 0xff, 0xa4, 0xff, 0xff,
    0xff, 0x70, 0x0, 0xf4, 0x22, 0x1b, 0x70, 0x11,
    0xba, 0x11, 0x0, 0x1, 0xf3, 0x66, 0x1f, 0x30,
    0x0, 0xa9, 0x0, 0x0, 0x3, 0xf1, 0x5d, 0x7d,
    0x0, 0x0, 0xa9, 0x0, 0x0, 0x6, 0xe0, 0xe,
    0xf6, 0xe, 0xff, 0xff, 0xff, 0xe0, 0x9, 0xb0,
    0xa, 0xf6, 0x1, 0x11, 0x11, 0x11, 0x10, 0xe,
    0x70, 0x8e, 0x7f, 0xc8, 0x64, 0x33, 0x33, 0x31,
    0x2f, 0x19, 0xe3, 0x1, 0x7b, 0xce, 0xff, 0xff,
    0xf1, 0x1, 0x0, 0x10, 0x0, 0x0, 0x0, 0x0,
    0x0, 0x0,

    /* U+5EE3 "廣" */
    0x0, 0x0, 0x0, 0x0, 0x13, 0x0, 0x0, 0x0,
    0x0, 0x0, 0x0, 0x0, 0x7, 0xf0, 0x0, 0x0,
    0x0, 0x0, 0xbc, 0xcc, 0xcc, 0xdf, 0xdc, 0xcc,
    0xcc, 0xa0, 0xd, 0xa5, 0x55, 0x86, 0x55, 0x68,
    0x65, 0x54, 0x0, 0xd6, 0x0, 0xe, 0x50, 0x2,
    0xf1, 0x0, 0x0, 0xd, 0x6a, 0xff, 0xff, 0xff,
    0xff, 0xff, 0xf1, 0x0, 0xd6, 0x0, 0xe, 0x60,
    0x3, 0xf2, 0x0, 0x0, 0xd, 0x9b, 0xbb, 0xfc,
    0xbb, 0xbf, 0xbb, 0xb9, 0x0, 0xe7, 0x44, 0x44,
    0x4a, 0xc4, 0x44, 0x44, 0x30, 0xe, 0x61, 0xdd,
    0xdd, 0xef, 0xdd, 0xdd, 0x60, 0x0, 0xf4, 0x1f,
    0x30, 0x9, 0xc0, 0x0, 0xc8, 0x0, 0x1f, 0x31,
    0xfb, 0xbb, 0xde, 0xbb, 0xbe, 0x80, 0x3, 0xf1,
    0x1f, 0x42, 0x29, 0xc2, 0x22, 0xd8, 0x0, 0x6e,
    0x1, 0xf4, 0x11, 0x9c, 0x11, 0x1c, 0x80, 0xa,
    0xa0, 0xc, 0xcc, 0xcc, 0xcc, 0xcc, 0xc6, 0x1,
    0xf6, 0x0, 0x18, 0xe8, 0x0, 0x4f, 0xa4, 0x0,
    0x6e, 0x3, 0xbf, 0xb5, 0x0, 0x0, 0x28, 0xed,
    0x60, 0x30, 0x37, 0x10, 0x0, 0x0, 0x0, 0x0,
    0x65,

    /* U+5EFA "建" */
    0x0, 0x0, 0x0, 0x0, 0x0, 0x11, 0x0, 0x0,
    0x0, 0x0, 0x0, 0x1, 0x0, 0x0, 0x8b, 0x0,
    0x0, 0x0, 0xd, 0xff, 0xfd, 0x8, 0x99, 0xde,
    0x99, 0x97, 0x0, 0x2, 0x33, 0xe7, 0x7, 0x77,
    0xcd, 0x77, 0xbc, 0x0, 0x0, 0x6, 0xf1, 0x22,
    0x22, 0x9c, 0x22, 0x8c, 0x20, 0x0, 0xe, 0x60,
    0xee, 0xee, 0xff, 0xee, 0xff, 0xe0, 0x0, 0x8d,
    0x0, 0x0, 0x0, 0x8b, 0x0, 0x6c, 0x0, 0x5,
    0xfe, 0xdc, 0xa, 0xaa, 0xde, 0xaa, 0xdc, 0x0,
    0x6, 0x65, 0x9c, 0x6, 0x66, 0xbd, 0x66, 0x64,
    0x0, 0x0, 0x0, 0x9a, 0x3, 0x33, 0xac, 0x33,
    0x33, 0x0, 0x6, 0xa0, 0xc7, 0x2c, 0xcc, 0xef,
    0xcc, 0xcc, 0x20, 0x1, 0xf2, 0xf2, 0x0, 0x0,
    0x8b, 0x0, 0x0, 0x0, 0x0, 0xae, 0xd0, 0xbb,
    0xbb, 0xee, 0xbb, 0xbb, 0xa0, 0x0, 0x2f, 0xa0,
    0x45, 0x55, 0xbd, 0x55, 0x55, 0x40, 0x0, 0x7f,
    0xf9, 0x10, 0x0, 0x8b, 0x0, 0x0, 0x0, 0x4,
    0xf6, 0x3d, 0xfb, 0x75, 0x55, 0x33, 0x33, 0x30,
    0x1f, 0xa0, 0x0, 0x49, 0xce, 0xff, 0xff, 0xff,
    0xf0, 0x3, 0x0, 0x0, 0x0, 0x0, 0x0, 0x0,
    0x0, 0x0,

    /* U+5F00 "开" */
    0x5, 0xff, 0xff, 0xff, 0xff, 0xff, 0xff, 0xff,
    0x70, 0x2, 0x55, 0x5d, 0xc5, 0x55, 0x58, 0xf6,
    0x55, 0x20, 0x0, 0x0, 0xb, 0xa0, 0x0, 0x4,
    0xf0, 0x0, 0x0, 0x0, 0x0, 0xb, 0xa0, 0x0,
    0x4, 0xf0, 0x0, 0x0, 0x0, 0x0, 0xb, 0xa0,
    0x0, 0x4, 0xf0, 0x0, 0x0, 0x0, 0x0, 0xb,
    0xa0, 0x0, 0x4, 0xf0, 0x0, 0x0, 0x5, 0x55,
    0x5d, 0xc5, 0x55, 0x58, 0xf6, 0x55, 0x50, 0xf,
    0xff, 0xff, 0xff, 0xff, 0xff, 0xff, 0xff, 0xf1,
    0x0, 0x0, 0xe, 0x70, 0x0, 0x4, 0xf0, 0x0,
    0x0, 0x0, 0x0, 0x2f, 0x40, 0x0, 0x4, 0xf0,
    0x0, 0x0, 0x0, 0x0, 0x8e, 0x0, 0x0, 0x4,
    0xf0, 0x0, 0x0, 0x0, 0x2, 0xf8, 0x0, 0x0,
    0x4, 0xf0, 0x0, 0x0, 0x0, 0x1d, 0xd0, 0x0,
    0x0, 0x4, 0xf0, 0x0, 0x0, 0x4, 0xee, 0x20,
    0x0, 0x0, 0x4, 0xf0, 0x0, 0x0, 0x9, 0xb1,
    0x0, 0x0, 0x0, 0x4, 0xf0, 0x0, 0x0, 0x0,
    0x0, 0x0, 0x0, 0x0, 0x0, 0x0, 0x0, 0x0,

    /* U+5F02 "异" */
    0x0, 0x13, 0x33, 0x33, 0x33, 0x33, 0x33, 0x30,
    0x0, 0x0, 0x7f, 0xff, 0xff, 0xff, 0xff, 0xff,
    0xe0, 0x0, 0x0, 0x7d, 0x0, 0x0, 0x0, 0x0,
    0x6, 0xe0, 0x0, 0x0, 0x7e, 0x11, 0x11, 0x11,
    0x11, 0x17, 0xe0, 0x0, 0x0, 0x7f, 0xff, 0xff,
    0xff, 0xff, 0xff, 0xe0, 0x0, 0x0, 0x7e, 0x11,
    0x11, 0x11, 0x11, 0x11, 0x15, 0x30, 0x0, 0x6f,
    0x10, 0x0, 0x0, 0x0, 0x0, 0x1e, 0x80, 0x0,
    0x1d, 0xff, 0xff, 0xff, 0xff, 0xff, 0xfe, 0x20,
    0x0, 0x0, 0x49, 0x43, 0x33, 0x35, 0xa4, 0x20,
    0x0, 0x0, 0x0, 0x4f, 0x0, 0x0, 0x4, 0xf0,
    0x0, 0x0, 0x0, 0x0, 0x5f, 0x10, 0x0, 0x5,
    0xf1, 0x0, 0x0, 0xf, 0xff, 0xff, 0xff, 0xff,
    0xff, 0xff, 0xff, 0xf1, 0x3, 0x33, 0xcc, 0x33,
    0x33, 0x36, 0xf4, 0x33, 0x30, 0x0, 0x6, 0xf4,
    0x0, 0x0, 0x4, 0xf0, 0x0, 0x0, 0x1, 0x9f,
    0x70, 0x0, 0x0, 0x4, 0xf0, 0x0, 0x0, 0xa,
    0xc4, 0x0, 0x0, 0x0, 0x4, 0xf0, 0x0, 0x0,
    0x0, 0x0, 0x0, 0x0, 0x0, 0x0, 0x0, 0x0,
    0x0,

    /* U+5F0F "式" */
    0x0, 0x0, 0x0, 0x0, 0x0, 0x32, 0x0, 0x0,
    0x0, 0x0, 0x0, 0x0, 0x0, 0x0, 0xc9, 0xe,
    0x90, 0x0, 0x0, 0x0, 0x0, 0x0, 0x0, 0xca,
    0x3, 0xeb, 0x0, 0x0, 0x0, 0x0, 0x0, 0x0,
    0xca, 0x0, 0x19, 0x0, 0xf, 0xff, 0xff, 0xff,
    0xff, 0xff, 0xff, 0xff, 0xf0, 0x5, 0x55, 0x55,
    0x55, 0x55, 0xcd, 0x55, 0x55, 0x50, 0x0, 0x0,
    0x0, 0x0, 0x0, 0x8e, 0x0, 0x0, 0x0, 0x0,
    0x0, 0x0, 0x0, 0x0, 0x6f, 0x0, 0x0, 0x0,
    0x5, 0xff, 0xff, 0xff, 0xf8, 0x4f, 0x20, 0x0,
    0x0, 0x2, 0x55, 0x7f, 0x85, 0x53, 0x2f, 0x40,
    0x0, 0x0, 0x0, 0x0, 0x2f, 0x30, 0x0, 0xf,
    0x70, 0x0, 0x0, 0x0, 0x0, 0x2f, 0x30, 0x0,
    0xc, 0xb0, 0x0, 0x0, 0x0, 0x0, 0x2f, 0x30,
    0x0, 0x7, 0xf0, 0x0, 0x50, 0x0, 0x0, 0x2f,
    0x32, 0x58, 0x12, 0xf6, 0x0, 0xd5, 0x0, 0x25,
    0x9f, 0xff, 0xea, 0x10, 0xbe, 0x0, 0xf3, 0xc,
    0xff, 0xc8, 0x51, 0x0, 0x0, 0x2f, 0xc9, 0xf0,
    0x3, 0x30, 0x0, 0x0, 0x0, 0x0, 0x3, 0xdf,
    0x70,

    /* U+5F18 "弘" */
    0x12, 0x22, 0x22, 0x0, 0x0, 0x44, 0x0, 0x0,
    0xa, 0xff, 0xff, 0xf3, 0x0, 0xb, 0xc0, 0x0,
    0x0, 0x1, 0x11, 0x1f, 0x30, 0x0, 0xe8, 0x0,
    0x0, 0x0, 0x0, 0x0, 0xf3, 0x0, 0x1f, 0x50,
    0x0, 0x0, 0x0, 0x0, 0xf, 0x30, 0x5, 0xf1,
    0x0, 0x0, 0x4, 0xff, 0xff, 0xf3, 0x0, 0x9e,
    0x0, 0x0, 0x0, 0x6e, 0x33, 0x33, 0x0, 0xd,
    0xa0, 0x0, 0x0, 0x8, 0xb0, 0x0, 0x0, 0x1,
    0xf6, 0x2, 0x10, 0x0, 0xa9, 0x0, 0x0, 0x0,
    0x5f, 0x20, 0xe8, 0x0, 0xd, 0xff, 0xff, 0xf3,
    0xa, 0xd0, 0x8, 0xe0, 0x0, 0x33, 0x33, 0x6f,
    0x10, 0xe9, 0x0, 0x2f, 0x60, 0x0, 0x0, 0x5,
    0xf0, 0x4f, 0x40, 0x0, 0xbd, 0x0, 0x0, 0x0,
    0x8c, 0xa, 0xe0, 0x0, 0x6, 0xf3, 0x0, 0x0,
    0xc, 0x92, 0xfd, 0x9b, 0xdf, 0xff, 0x90, 0x25,
    0x47, 0xf4, 0x5f, 0xec, 0x97, 0x42, 0xae, 0x2,
    0xff, 0xe9, 0x0, 0x20, 0x0, 0x0, 0x5, 0x90,

    /* U+5F27 "弧" */
    0x0, 0x0, 0x0, 0x0, 0x0, 0x0, 0x0, 0x0,
    0x0, 0x4, 0x44, 0x44, 0x0, 0x0, 0x24, 0x7a,
    0xdf, 0x50, 0x3f, 0xff, 0xff, 0x9, 0xef, 0xff,
    0xcb, 0xe3, 0x0, 0x0, 0x0, 0x5f, 0xb, 0x92,
    0x4e, 0x3, 0xe0, 0x0, 0x0, 0x0, 0x5f, 0xb,
    0x70, 0x3e, 0x2, 0xf0, 0x0, 0x3, 0x44, 0x8f,
    0xc, 0x70, 0x3e, 0x1, 0xf0, 0x0, 0xe, 0xff,
    0xfe, 0xc, 0x70, 0x3e, 0x0, 0xf1, 0x0, 0xe,
    0x40, 0x0, 0xc, 0x60, 0x3e, 0x0, 0xe3, 0x0,
    0xf, 0x30, 0x0, 0xd, 0x50, 0x4d, 0x0, 0xd5,
    0x0, 0xf, 0x63, 0x33, 0xe, 0x40, 0x5d, 0x0,
    0xb7, 0x0, 0xf, 0xff, 0xfe, 0xf, 0x20, 0x6c,
    0x0, 0x99, 0x0, 0x0, 0x0, 0x6d, 0x2f, 0x10,
    0x99, 0x40, 0x6c, 0x0, 0x0, 0x0, 0x7c, 0x5d,
    0x0, 0xd7, 0xa5, 0x3f, 0x0, 0x0, 0x0, 0x9b,
    0x8a, 0x2, 0xf2, 0x4b, 0xf, 0x40, 0x0, 0x0,
    0xb9, 0xd6, 0xb, 0xd4, 0x8f, 0x1c, 0xa0, 0x3,
    0x45, 0xf9, 0xf1, 0x2f, 0xfd, 0x8b, 0x66, 0xf1,
    0x8, 0xff, 0xc3, 0x90, 0x4, 0x20, 0x4, 0x40,
    0x90, 0x0, 0x0, 0x0, 0x0, 0x0, 0x0, 0x0,
    0x0, 0x0,

    /* U+5F52 "归" */
    0x0, 0x0, 0x20, 0x0, 0x0, 0x0, 0x0, 0x0,
    0x0, 0x0, 0xe6, 0x0, 0x0, 0x0, 0x0, 0x0,
    0x0, 0x0, 0xe6, 0x7, 0x88, 0x88, 0x88, 0x83,
    0x5e, 0x0, 0xe6, 0xa, 0xcc, 0xcc, 0xcc, 0xf6,
    0x5f, 0x0, 0xe6, 0x0, 0x0, 0x0, 0x0, 0xf6,
    0x5f, 0x0, 0xe6, 0x0, 0x0, 0x0, 0x0, 0xf6,
    0x5f, 0x0, 0xe6, 0x0, 0x0, 0x0, 0x0, 0xf6,
    0x5f, 0x0, 0xe6, 0x0, 0x0, 0x0, 0x0, 0xf6,
    0x5f, 0x0, 0xf6, 0x4, 0xbb, 0xbb, 0xbb, 0xf6,
    0x5f, 0x0, 0xf5, 0x3, 0x99, 0x99, 0x99, 0xf6,
    0x5f, 0x0, 0xf4, 0x0, 0x0, 0x0, 0x0, 0xf6,
    0x4c, 0x3, 0xf2, 0x0, 0x0, 0x0, 0x0, 0xf6,
    0x0, 0x6, 0xf0, 0x0, 0x0, 0x0, 0x0, 0xf6,
    0x0, 0xd, 0xa0, 0x0, 0x0, 0x0, 0x0, 0xf6,
    0x0, 0x4f, 0x30, 0x15, 0x55, 0x55, 0x55, 0xf6,
    0x2, 0xeb, 0x0, 0x3f, 0xff, 0xff, 0xff, 0xf6,
    0xb, 0xc0, 0x0, 0x0, 0x0, 0x0, 0x0, 0xf6,
    0x0, 0x10, 0x0, 0x0, 0x0, 0x0, 0x0, 0x0,

    /* U+5F55 "录" */
    0x1, 0x11, 0x11, 0x11, 0x11, 0x11, 0x21, 0x0,
    0x0, 0x9f, 0xff, 0xff, 0xff, 0xff, 0xff, 0xc0,
    0x0, 0x1, 0x11, 0x11, 0x11, 0x11, 0x11, 0xbb,
    0x0, 0x0, 0x3, 0x33, 0x33, 0x33, 0x33, 0x3c,
    0xb0, 0x0, 0x0, 0xff, 0xff, 0xff, 0xff, 0xff,
    0xfa, 0x0, 0x0, 0x0, 0x0, 0x0, 0x0, 0x0,
    0xd, 0x80, 0x0, 0x33, 0x33, 0x33, 0x33, 0x33,
    0x33, 0xe9, 0x33, 0xc, 0xff, 0xff, 0xff, 0xff,
    0xff, 0xff, 0xff, 0xe0, 0x0, 0x60, 0x0, 0xb,
    0xc0, 0x0, 0x6, 0x10, 0x0, 0x3d, 0xd4, 0x0,
    0xbf, 0x60, 0x1b, 0xe4, 0x0, 0x0, 0x8, 0xf5,
    0xb, 0xef, 0x6e, 0xa1, 0x0, 0x0, 0x0, 0x3,
    0x5a, 0xfa, 0x6f, 0x80, 0x0, 0x0, 0x0, 0x28,
    0xee, 0x8c, 0xa0, 0x6f, 0x70, 0x0, 0x5, 0xcf,
    0xc5, 0x0, 0xba, 0x0, 0x5e, 0xd7, 0x10, 0x38,
    0x20, 0x12, 0x2c, 0xa0, 0x0, 0x18, 0xed, 0x0,
    0x0, 0x2, 0xff, 0xe5, 0x0, 0x0, 0x0, 0x10,

    /* U+5F62 "形" */
    0x0, 0x0, 0x0, 0x0, 0x0, 0x0, 0x0, 0xa,
    0x40, 0xc, 0xff, 0xff, 0xff, 0xff, 0x70, 0x1,
    0xcc, 0x10, 0x3, 0x3c, 0xa3, 0x3a, 0xd3, 0x10,
    0x4d, 0xc0, 0x0, 0x0, 0xb, 0x80, 0x8, 0xc0,
    0x19, 0xf9, 0x0, 0x0, 0x0, 0xb, 0x80, 0x8,
    0xc0, 0x1c, 0x40, 0x0, 0x0, 0x0, 0xb, 0x80,
    0x8, 0xc0, 0x0, 0x0, 0x7, 0xa0, 0x1, 0x1b,
    0x91, 0x19, 0xd1, 0x0, 0x0, 0x6f, 0x40, 0x1f,
    0xff, 0xff, 0xff, 0xff, 0xb0, 0x9, 0xf4, 0x0,
    0x2, 0x2c, 0x92, 0x29, 0xd2, 0x24, 0xed, 0x30,
    0x0, 0x0, 0xd, 0x70, 0x8, 0xc0, 0x1d, 0x80,
    0x0, 0x30, 0x0, 0xf, 0x50, 0x8, 0xc0, 0x0,
    0x0, 0x4, 0xf4, 0x0, 0x2f, 0x20, 0x8, 0xc0,
    0x0, 0x0, 0x3e, 0x90, 0x0, 0x7e, 0x0, 0x8,
    0xc0, 0x0, 0x4, 0xfa, 0x0, 0x0, 0xe8, 0x0,
    0x8, 0xc0, 0x0, 0x8f, 0x90, 0x0, 0x9, 0xe1,
    0x0, 0x8, 0xc0, 0x6d, 0xf5, 0x0, 0x0, 0xc,
    0x50, 0x0, 0x8, 0xc0, 0xb9, 0x10, 0x0, 0x0,
    0x0, 0x0, 0x0, 0x0, 0x0, 0x0, 0x0, 0x0,
    0x0,

    /* U+5F8C "後" */
    0x0, 0x1, 0xb3, 0x0, 0x1, 0xa3, 0x0, 0x0,
    0x0, 0x0, 0xc, 0xc0, 0x0, 0xd, 0xc0, 0x0,
    0x0, 0x0, 0x0, 0xae, 0x10, 0x0, 0xcc, 0x10,
    0x1b, 0xb0, 0x0, 0x1c, 0xd1, 0x10, 0x3d, 0xc2,
    0x24, 0xdb, 0x10, 0x0, 0x9, 0x10, 0xcb, 0xaf,
    0xfe, 0xff, 0x81, 0x10, 0x0, 0x0, 0x7, 0xf2,
    0x0, 0x2b, 0xc3, 0x9, 0xd1, 0x0, 0x0, 0x4f,
    0x80, 0x18, 0xe7, 0x12, 0x34, 0xec, 0x0, 0x5,
    0xff, 0x50, 0xff, 0xff, 0xfe, 0xdc, 0xbe, 0x80,
    0x3f, 0xaf, 0x50, 0x32, 0x3e, 0x80, 0x0, 0x4,
    0xa0, 0x5, 0xe, 0x50, 0x2, 0xdf, 0xff, 0xff,
    0xf4, 0x0, 0x0, 0xe, 0x50, 0x6e, 0xf7, 0x11,
    0x1a, 0xd0, 0x0, 0x0, 0xe, 0x58, 0xf5, 0x3e,
    0x40, 0x7f, 0x30, 0x0, 0x0, 0xe, 0x50, 0x10,
    0x4, 0xfc, 0xe3, 0x0, 0x0, 0x0, 0xe, 0x50,
    0x0, 0x18, 0xff, 0xe6, 0x0, 0x0, 0x0, 0xe,
    0x53, 0x7b, 0xfc, 0x40, 0x6e, 0xea, 0x61, 0x0,
    0xe, 0x58, 0xc7, 0x30, 0x0, 0x0, 0x59, 0xd1,

    /* U+5F90 "徐" */
    0x0, 0x2, 0xc2, 0x0, 0x0, 0x3c, 0x0, 0x0,
    0x0, 0x0, 0xd, 0xb0, 0x0, 0x0, 0xdf, 0x20,
    0x0, 0x0, 0x1, 0xcc, 0x0, 0x0, 0xa, 0xc8,
    0xe1, 0x0, 0x0, 0x2e, 0xb1, 0x10, 0x0, 0x9d,
    0x10, 0xae, 0x20, 0x0, 0x18, 0x0, 0xda, 0x1b,
    0xe2, 0x0, 0x9, 0xf7, 0x0, 0x0, 0xa, 0xe5,
    0xec, 0x75, 0x55, 0x56, 0xcf, 0xc0, 0x0, 0x7f,
    0x61, 0x81, 0xcc, 0xef, 0xcc, 0xb3, 0x60, 0x9,
    0xff, 0x50, 0x0, 0x0, 0x5f, 0x0, 0x0, 0x0,
    0x8f, 0x6e, 0x50, 0x22, 0x22, 0x7f, 0x22, 0x22,
    0x10, 0x14, 0xe, 0x50, 0xff, 0xff, 0xff, 0xff,
    0xff, 0xa0, 0x0, 0xe, 0x50, 0x11, 0x11, 0x6f,
    0x11, 0x21, 0x10, 0x0, 0xe, 0x50, 0xa, 0x90,
    0x5f, 0x3, 0xe2, 0x0, 0x0, 0xe, 0x50, 0x3f,
    0x20, 0x5f, 0x0, 0x9d, 0x0, 0x0, 0xe, 0x51,
    0xd9, 0x0, 0x5f, 0x0, 0xd, 0x80, 0x0, 0xe,
    0x54, 0xb0, 0x23, 0x9e, 0x0, 0x4, 0x80, 0x0,
    0xe, 0x50, 0x0, 0x8f, 0xe8, 0x0, 0x0, 0x0,
    0x0, 0x0, 0x0, 0x0, 0x0, 0x0, 0x0, 0x0,
    0x0,

    /* U+5F92 "徒" */
    0x0, 0x0, 0x20, 0x0, 0x0, 0x2, 0x0, 0x0,
    0x0, 0x0, 0x6, 0xf3, 0x0, 0x0, 0x3f, 0x10,
    0x0, 0x0, 0x0, 0x4f, 0x60, 0x0, 0x0, 0x3f,
    0x10, 0x0, 0x0, 0x6, 0xf7, 0x0, 0x4f, 0xff,
    0xff, 0xff, 0xff, 0x40, 0x4f, 0x60, 0x55, 0x13,
    0x33, 0x6f, 0x53, 0x33, 0x10, 0x3, 0x2, 0xf7,
    0x0, 0x0, 0x3f, 0x10, 0x0, 0x0, 0x0, 0xc,
    0xd0, 0x0, 0x0, 0x3f, 0x20, 0x0, 0x0, 0x0,
    0x9f, 0x63, 0xff, 0xff, 0xff, 0xff, 0xff, 0xf2,
    0x9, 0xff, 0x50, 0x22, 0x22, 0x3f, 0x62, 0x22,
    0x20, 0x8f, 0x6e, 0x50, 0x4, 0x10, 0xf, 0x30,
    0x0, 0x0, 0x25, 0xe, 0x50, 0xe, 0x60, 0xf,
    0x51, 0x11, 0x0, 0x0, 0xe, 0x50, 0xf, 0x40,
    0xf, 0xff, 0xff, 0x60, 0x0, 0xe, 0x50, 0x4f,
    0x40, 0xf, 0x41, 0x11, 0x0, 0x0, 0xe, 0x50,
    0x8f, 0xc0, 0xf, 0x30, 0x0, 0x0, 0x0, 0xe,
    0x50, 0xe7, 0xda, 0x2f, 0x30, 0x0, 0x0, 0x0,
    0xe, 0x58, 0xe0, 0x2d, 0xef, 0x84, 0x33, 0x31,
    0x0, 0xe, 0x6d, 0x30, 0x0, 0x6b, 0xef, 0xff,
    0xf2, 0x0, 0x0, 0x0, 0x0, 0x0, 0x0, 0x0,
    0x0, 0x0,

    /* U+5F97 "得" */
    0x0, 0x0, 0x20, 0x0, 0x0, 0x0, 0x0, 0x0,
    0x0, 0x0, 0x4, 0xf5, 0x9, 0xcc, 0xcc, 0xcc,
    0xca, 0x0, 0x0, 0x2e, 0x90, 0xc, 0xa3, 0x33,
    0x33, 0x9d, 0x0, 0x3, 0xeb, 0x0, 0xc, 0x80,
    0x0, 0x0, 0x8d, 0x0, 0x3f, 0x90, 0x0, 0xc,
    0xfe, 0xee, 0xee, 0xfd, 0x0, 0x5, 0x0, 0xb8,
    0xc, 0x80, 0x0, 0x0, 0x7d, 0x0, 0x0, 0x6,
    0xe1, 0xc, 0xed, 0xdd, 0xdd, 0xed, 0x0, 0x0,
    0x3f, 0x70, 0x2, 0x22, 0x22, 0x22, 0x22, 0x0,
    0x3, 0xef, 0x60, 0x22, 0x22, 0x22, 0x22, 0x22,
    0x20, 0x4f, 0xbf, 0x60, 0xdf, 0xff, 0xff, 0xff,
    0xff, 0xa0, 0x58, 0xe, 0x60, 0x0, 0x0, 0x0,
    0xf, 0x40, 0x0, 0x0, 0xe, 0x64, 0xee, 0xee,
    0xee, 0xef, 0xee, 0xe0, 0x0, 0xe, 0x61, 0x45,
    0x74, 0x44, 0x4f, 0x74, 0x40, 0x0, 0xe, 0x60,
    0x5, 0xf4, 0x0, 0xf, 0x40, 0x0, 0x0, 0xe,
    0x60, 0x0, 0x6f, 0x30, 0xf, 0x40, 0x0, 0x0,
    0xe, 0x60, 0x0, 0x5, 0x23, 0x4f, 0x40, 0x0,
    0x0, 0xe, 0x60, 0x0, 0x0, 0x4f, 0xfc, 0x10,
    0x0,

    /* U+5FAE "微" */
    0x0, 0xa, 0x60, 0x3, 0xb0, 0x0, 0x3c, 0x0,
    0x0, 0x0, 0x6f, 0x24, 0x23, 0xc0, 0x60, 0x6e,
    0x0, 0x0, 0x4, 0xf6, 0x9, 0x53, 0xc0, 0xe0,
    0x8b, 0x0, 0x0, 0x3f, 0x70, 0x29, 0x53, 0xc0,
    0xe0, 0xba, 0x22, 0x20, 0x6, 0x8, 0xe9, 0x86,
    0xd3, 0xf1, 0xef, 0xff, 0xf4, 0x0, 0x2f, 0x58,
    0xdd, 0xdd, 0xd4, 0xf2, 0xa, 0x80, 0x0, 0xdf,
    0x0, 0x0, 0x0, 0x9, 0xf4, 0xd, 0x50, 0xc,
    0xfe, 0xe, 0xff, 0xff, 0xff, 0xe7, 0xf, 0x20,
    0x7e, 0x7e, 0x0, 0x0, 0x0, 0x4, 0x5b, 0x4f,
    0x0, 0x3, 0x5e, 0x2, 0xee, 0xee, 0x70, 0x1f,
    0x9a, 0x0, 0x0, 0x5e, 0x2, 0xf2, 0x2a, 0x70,
    0xd, 0xf4, 0x0, 0x0, 0x5e, 0x3, 0xf0, 0x9,
    0x86, 0x9, 0xe0, 0x0, 0x0, 0x5e, 0x4, 0xd0,
    0xb, 0xfc, 0x3f, 0xf3, 0x0, 0x0, 0x5e, 0x8,
    0xb0, 0xe, 0x70, 0xca, 0x9d, 0x0, 0x0, 0x5e,
    0x1e, 0x50, 0x1, 0x2d, 0xc0, 0x1e, 0xd1, 0x0,
    0x5e, 0x2a, 0x0, 0x0, 0x6a, 0x0, 0x2, 0xb1,
    0x0, 0x0, 0x0, 0x0, 0x0, 0x0, 0x0, 0x0,
    0x0,

    /* U+5FB7 "德" */
    0x0, 0x0, 0x20, 0x0, 0x0, 0x25, 0x0, 0x0,
    0x0, 0x0, 0x5, 0xf3, 0x0, 0x0, 0x6f, 0x0,
    0x0, 0x0, 0x0, 0x2f, 0x84, 0xdd, 0xdd, 0xef,
    0xdd, 0xdd, 0xd0, 0x1, 0xdb, 0x1, 0x33, 0x33,
    0xcb, 0x33, 0x33, 0x30, 0x1d, 0xb0, 0x0, 0x1,
    0x11, 0xc8, 0x11, 0x11, 0x0, 0x2b, 0x0, 0xc7,
    0x8f, 0xff, 0xff, 0xff, 0xff, 0x50, 0x0, 0x7,
    0xf2, 0x88, 0x9, 0x50, 0xb3, 0xd, 0x50, 0x0,
    0x2f, 0x80, 0x88, 0x9, 0x50, 0xb3, 0xd, 0x50,
    0x1, 0xef, 0x50, 0x8e, 0xce, 0xdc, 0xfd, 0xcf,
    0x50, 0x1d, 0xdf, 0x50, 0x12, 0x22, 0x22, 0x22,
    0x22, 0x0, 0x4e, 0x2e, 0x56, 0xcc, 0xcc, 0xcc,
    0xcc, 0xcc, 0xc0, 0x1, 0xe, 0x52, 0x55, 0x55,
    0xa6, 0x55, 0x55, 0x50, 0x0, 0xe, 0x50, 0x20,
    0x31, 0x9a, 0x0, 0x33, 0x0, 0x0, 0xe, 0x50,
    0xe4, 0xd5, 0x1e, 0x20, 0x6d, 0x0, 0x0, 0xe,
    0x55, 0xe0, 0xd5, 0x0, 0x7, 0x3d, 0x70, 0x0,
    0xe, 0x5d, 0x60, 0xd7, 0x11, 0x1d, 0x55, 0xe0,
    0x0, 0xe, 0x55, 0x0, 0x7f, 0xff, 0xfd, 0x0,
    0x20, 0x0, 0x3, 0x10, 0x0, 0x0, 0x0, 0x0,
    0x0, 0x0,

    /* U+5FC3 "心" */
    0x0, 0x0, 0x0, 0x50, 0x0, 0x0, 0x0, 0x0,
    0x0, 0x0, 0x0, 0x4f, 0xa1, 0x0, 0x0, 0x0,
    0x0, 0x0, 0x0, 0x0, 0x3d, 0xe3, 0x0, 0x0,
    0x0, 0x0, 0x0, 0x0, 0x0, 0x1c, 0xf4, 0x0,
    0x0, 0x0, 0x0, 0x0, 0x12, 0x0, 0xa, 0xe0,
    0x0, 0x0, 0x0, 0x0, 0x7, 0xe0, 0x0, 0x2,
    0x0, 0x11, 0x0, 0x5, 0x90, 0x7e, 0x0, 0x0,
    0x0, 0xe, 0x70, 0x0, 0x9b, 0x7, 0xe0, 0x0,
    0x0, 0x0, 0x8e, 0x0, 0xc, 0x90, 0x7e, 0x0,
    0x0, 0x0, 0x2, 0xf5, 0x0, 0xf6, 0x7, 0xe0,
    0x0, 0x0, 0x0, 0xc, 0xb0, 0x3f, 0x30, 0x7e,
    0x0, 0x0, 0x0, 0x0, 0x6f, 0x18, 0xf0, 0x7,
    0xe0, 0x0, 0x0, 0xc, 0x21, 0xf5, 0xda, 0x0,
    0x7e, 0x0, 0x0, 0x1, 0xf3, 0xc, 0x52, 0x30,
    0x7, 0xe0, 0x0, 0x0, 0x3f, 0x10, 0x0, 0x0,
    0x0, 0x6f, 0x64, 0x44, 0x4b, 0xd0, 0x0, 0x0,
    0x0, 0x0, 0xbf, 0xff, 0xff, 0xd4, 0x0, 0x0,

    /* U+5FD7 "志" */
    0x0, 0x0, 0x0, 0x0, 0x11, 0x0, 0x0, 0x0,
    0x0, 0x0, 0x0, 0x0, 0x0, 0xba, 0x0, 0x0,
    0x0, 0x0, 0x0, 0x0, 0x0, 0x0, 0xba, 0x0,
    0x0, 0x0, 0x0, 0x5, 0x55, 0x55, 0x55, 0xdc,
    0x55, 0x55, 0x55, 0x50, 0xf, 0xff, 0xff, 0xff,
    0xff, 0xff, 0xff, 0xff, 0xf0, 0x0, 0x0, 0x0,
    0x0, 0xba, 0x0, 0x0, 0x0, 0x0, 0x0, 0x0,
    0x0, 0x0, 0xba, 0x0, 0x0, 0x0, 0x0, 0x0,
    0x22, 0x22, 0x22, 0xcb, 0x22, 0x22, 0x22, 0x0,
    0x0, 0xcf, 0xff, 0xff, 0xff, 0xff, 0xff, 0xff,
    0x0, 0x0, 0x11, 0x11, 0x17, 0x41, 0x11, 0x11,
    0x11, 0x0, 0x0, 0x0, 0x0, 0xa, 0xf7, 0x0,
    0x0, 0x0, 0x0, 0x0, 0x35, 0x1c, 0x20, 0x5e,
    0xc1, 0x4, 0x90, 0x0, 0x0, 0xaa, 0x2f, 0x30,
    0x2, 0xd8, 0x2, 0xf5, 0x0, 0x0, 0xf6, 0x2f,
    0x30, 0x0, 0x0, 0x12, 0xad, 0x0, 0x7, 0xf1,
    0x2f, 0x30, 0x0, 0x0, 0x5e, 0x2f, 0x50, 0xe,
    0x80, 0x1f, 0x83, 0x33, 0x33, 0xbb, 0xb, 0xd0,
    0x1, 0x10, 0x9, 0xef, 0xff, 0xff, 0xd3, 0x2,
    0x20,

    /* U+5FF5 "念" */
    0x0, 0x0, 0x0, 0x0, 0x53, 0x0, 0x0, 0x0,
    0x0, 0x0, 0x0, 0x0, 0x6, 0xfd, 0x10, 0x0,
    0x0, 0x0, 0x0, 0x0, 0x0, 0x7f, 0x6b, 0xe3,
    0x0, 0x0, 0x0, 0x0, 0x0, 0x1a, 0xe3, 0x0,
    0x9f, 0x91, 0x0, 0x0, 0x0, 0x7, 0xfc, 0x15,
    0xc3, 0x4, 0xdf, 0x81, 0x0, 0x19, 0xfe, 0x60,
    0x0, 0x7f, 0x50, 0x7, 0xef, 0xa1, 0xb, 0x60,
    0x0, 0x0, 0x4, 0x10, 0x0, 0x6, 0x80, 0x0,
    0xd, 0xff, 0xff, 0xff, 0xff, 0xfe, 0x20, 0x0,
    0x0, 0x3, 0x33, 0x33, 0x33, 0x33, 0xeb, 0x0,
    0x0, 0x0, 0x0, 0x0, 0x1, 0x0, 0x9, 0xe1,
    0x0, 0x0, 0x0, 0x0, 0x0, 0x3f, 0x60, 0x8e,
    0x30, 0x0, 0x0, 0x0, 0x21, 0x18, 0x16, 0xf6,
    0x63, 0x2, 0x70, 0x0, 0x0, 0xb9, 0x2f, 0x20,
    0x7f, 0x30, 0x2, 0xf5, 0x0, 0x1, 0xf4, 0x2f,
    0x20, 0x9, 0x40, 0x10, 0x7e, 0x10, 0x7, 0xe0,
    0x2f, 0x20, 0x0, 0x0, 0x6d, 0xd, 0x90, 0x1e,
    0x70, 0x1f, 0x73, 0x33, 0x33, 0xbb, 0x6, 0xf0,
    0x6, 0x0, 0x9, 0xff, 0xff, 0xff, 0xd3, 0x0,
    0x20,

    /* U+5FFD "忽" */
    0x0, 0x0, 0x0, 0x0, 0x0, 0x0, 0x0, 0x0,
    0x0, 0x0, 0x2, 0xf5, 0x0, 0x0, 0x0, 0x0,
    0x0, 0x0, 0x0, 0xbe, 0x32, 0x22, 0x22, 0x22,
    0x22, 0x0, 0x0, 0x6f, 0xff, 0xff, 0xff, 0xff,
    0xff, 0xb0, 0x0, 0x5f, 0x80, 0x2f, 0x60, 0x3f,
    0x30, 0xba, 0x0, 0x5f, 0xa0, 0xc, 0xb0, 0xb,
    0xa0, 0xc, 0x90, 0x8, 0x90, 0x8, 0xe1, 0x4,
    0xf2, 0x0, 0xd8, 0x0, 0x0, 0x9, 0xf4, 0x0,
    0xd9, 0x0, 0xf, 0x60, 0x0, 0x1c, 0xf4, 0x0,
    0xbd, 0x10, 0x2, 0xf3, 0x0, 0x2, 0xc3, 0x1,
    0xce, 0x20, 0x33, 0x9f, 0x0, 0x0, 0x0, 0x0,
    0x4d, 0x30, 0xe, 0xff, 0x70, 0x0, 0x3, 0x12,
    0x70, 0x1e, 0x70, 0x0, 0x4, 0x0, 0x0, 0xe6,
    0x4f, 0x0, 0x5f, 0x50, 0x2, 0xf5, 0x0, 0x3f,
    0x14, 0xf0, 0x0, 0x8d, 0x2, 0x8, 0xe1, 0xa,
    0xb0, 0x4f, 0x0, 0x0, 0x0, 0x9a, 0xf, 0x71,
    0xf4, 0x3, 0xf6, 0x33, 0x33, 0x4d, 0x80, 0x89,
    0x1, 0x0, 0xa, 0xff, 0xff, 0xff, 0xc1, 0x0,
    0x0,

    /* U+601D "思" */
    0x0, 0x13, 0x33, 0x33, 0x33, 0x33, 0x33, 0x31,
    0x0, 0x0, 0x5f, 0xff, 0xff, 0xff, 0xff, 0xff,
    0xf4, 0x0, 0x0, 0x5e, 0x0, 0x0, 0xe6, 0x0,
    0x0, 0xf4, 0x0, 0x0, 0x5e, 0x0, 0x0, 0xe6,
    0x0, 0x0, 0xf4, 0x0, 0x0, 0x5f, 0xff, 0xff,
    0xff, 0xff, 0xff, 0xf4, 0x0, 0x0, 0x5e, 0x22,
    0x22, 0xe8, 0x22, 0x23, 0xf4, 0x0, 0x0, 0x5e,
    0x0, 0x0, 0xe6, 0x0, 0x0, 0xf4, 0x0, 0x0,
    0x5f, 0x33, 0x33, 0xe9, 0x33, 0x34, 0xf4, 0x0,
    0x0, 0x5f, 0xff, 0xff, 0xff, 0xff, 0xff, 0xf4,
    0x0, 0x0, 0x0, 0x0, 0xa, 0x50, 0x0, 0x0,
    0x0, 0x0, 0x0, 0x14, 0x5, 0x37, 0xfc, 0x20,
    0x3, 0x70, 0x0, 0x0, 0x7e, 0xe, 0x60, 0x1c,
    0xf2, 0x3, 0xf5, 0x0, 0x0, 0xd8, 0xe, 0x60,
    0x0, 0x50, 0x51, 0x8f, 0x10, 0x5, 0xf2, 0xe,
    0x60, 0x0, 0x0, 0xd7, 0xf, 0x80, 0xd, 0x90,
    0xe, 0xa4, 0x33, 0x35, 0xf5, 0x8, 0xe0, 0x2,
    0x10, 0x6, 0xef, 0xff, 0xff, 0xb0, 0x1, 0x0,

    /* U+6027 "性" */
    0x0, 0x8, 0x30, 0x0, 0x0, 0x6, 0x30, 0x0,
    0x0, 0x0, 0xe, 0x60, 0x0, 0x73, 0xd, 0x80,
    0x0, 0x0, 0x0, 0xe, 0x60, 0x0, 0xf6, 0xd,
    0x80, 0x0, 0x0, 0x0, 0xe, 0x71, 0x3, 0xf2,
    0xd, 0x80, 0x0, 0x0, 0x7, 0x4e, 0xad, 0x7,
    0xf4, 0x4e, 0xa4, 0x44, 0x30, 0xb, 0x4e, 0x7d,
    0x5b, 0xff, 0xff, 0xff, 0xff, 0xa0, 0xe, 0x2e,
    0x67, 0xcf, 0x50, 0xd, 0x80, 0x0, 0x0, 0x1f,
    0xe, 0x61, 0x9e, 0x0, 0xd, 0x80, 0x0, 0x0,
    0x6c, 0xe, 0x60, 0x65, 0x0, 0xd, 0x80, 0x0,
    0x0, 0x1, 0xe, 0x60, 0x2, 0x44, 0x4d, 0xa4,
    0x44, 0x10, 0x0, 0xe, 0x60, 0xa, 0xff, 0xff,
    0xff, 0xff, 0x30, 0x0, 0xe, 0x60, 0x0, 0x0,
    0xd, 0x80, 0x0, 0x0, 0x0, 0xe, 0x60, 0x0,
    0x0, 0xd, 0x80, 0x0, 0x0, 0x0, 0xe, 0x60,
    0x0, 0x0, 0xd, 0x80, 0x0, 0x0, 0x0, 0xe,
    0x60, 0x0, 0x0, 0xd, 0x80, 0x0, 0x0, 0x0,
    0xe, 0x60, 0x55, 0x55, 0x5e, 0xa5, 0x55, 0x50,
    0x0, 0xe, 0x60, 0xff, 0xff, 0xff, 0xff, 0xff,
    0xf0,

    /* U+603B "总" */
    0x0, 0x0, 0xb, 0x30, 0x0, 0x0, 0xa6, 0x0,
    0x0, 0x0, 0x0, 0x9, 0xe0, 0x0, 0x3, 0xf4,
    0x0, 0x0, 0x0, 0x0, 0x0, 0xe8, 0x0, 0xc,
    0xb0, 0x0, 0x0, 0x0, 0x2, 0x55, 0xba, 0x55,
    0x8f, 0x75, 0x40, 0x0, 0x0, 0x7, 0xff, 0xff,
    0xff, 0xff, 0xff, 0xe0, 0x0, 0x0, 0x7, 0xe0,
    0x0, 0x0, 0x0, 0x9, 0xe0, 0x0, 0x0, 0x7,
    0xe0, 0x0, 0x0, 0x0, 0x9, 0xe0, 0x0, 0x0,
    0x7, 0xe0, 0x0, 0x0, 0x0, 0x9, 0xe0, 0x0,
    0x0, 0x7, 0xff, 0xff, 0xff, 0xff, 0xff, 0xe0,
    0x0, 0x0, 0x2, 0x44, 0x45, 0xd5, 0x44, 0x44,
    0x30, 0x0, 0x0, 0x12, 0x7, 0x51, 0xbe, 0x40,
    0x0, 0x71, 0x0, 0x0, 0xab, 0xc, 0x90, 0x9,
    0xf4, 0x0, 0xcb, 0x0, 0x0, 0xf6, 0xc, 0x90,
    0x0, 0x84, 0x0, 0x1e, 0x70, 0x7, 0xf1, 0xc,
    0x90, 0x0, 0x0, 0x1d, 0x26, 0xf1, 0xc, 0x80,
    0xc, 0xc3, 0x33, 0x33, 0x8f, 0x10, 0xa2, 0x0,
    0x0, 0x5, 0xdf, 0xff, 0xff, 0xf8, 0x0, 0x0,

    /* U+6052 "恒" */
    0x0, 0x8, 0x30, 0x0, 0x0, 0x0, 0x0, 0x0,
    0x0, 0x0, 0xe, 0x60, 0x2, 0x22, 0x22, 0x22,
    0x22, 0x10, 0x0, 0xe, 0x60, 0x4f, 0xff, 0xff,
    0xff, 0xff, 0xc0, 0x0, 0xe, 0x61, 0x1, 0x11,
    0x11, 0x11, 0x11, 0x10, 0x7, 0x3e, 0xad, 0x0,
    0x0, 0x0, 0x0, 0x0, 0x0, 0xd, 0x4e, 0x6e,
    0x46, 0xff, 0xff, 0xff, 0xfa, 0x0, 0xf, 0x2e,
    0x68, 0xa6, 0xe3, 0x33, 0x33, 0xbb, 0x0, 0x2f,
    0xe, 0x62, 0x26, 0xd0, 0x0, 0x0, 0xab, 0x0,
    0x6c, 0xe, 0x60, 0x6, 0xe2, 0x22, 0x22, 0xbb,
    0x0, 0x13, 0xe, 0x60, 0x6, 0xff, 0xff, 0xff,
    0xfb, 0x0, 0x0, 0xe, 0x60, 0x6, 0xd0, 0x0,
    0x0, 0xab, 0x0, 0x0, 0xe, 0x60, 0x6, 0xd0,
    0x0, 0x0, 0xab, 0x0, 0x0, 0xe, 0x60, 0x6,
    0xe5, 0x55, 0x55, 0xcb, 0x0, 0x0, 0xe, 0x60,
    0x5, 0xdd, 0xdd, 0xdd, 0xd9, 0x0, 0x0, 0xe,
    0x60, 0x0, 0x0, 0x0, 0x0, 0x0, 0x0, 0x0,
    0xe, 0x60, 0xcf, 0xff, 0xff, 0xff, 0xff, 0xf1,
    0x0, 0xe, 0x60, 0x44, 0x44, 0x44, 0x44, 0x44,
    0x40,

    /* U+6069 "恩" */
    0x0, 0x3, 0x33, 0x33, 0x33, 0x33, 0x33, 0x31,
    0x0, 0x0, 0x3f, 0xff, 0xff, 0xff, 0xff, 0xff,
    0xf5, 0x0, 0x0, 0x3f, 0x10, 0x0, 0x66, 0x0,
    0x1, 0xf5, 0x0, 0x0, 0x3f, 0x13, 0x33, 0xc9,
    0x33, 0x31, 0xf5, 0x0, 0x0, 0x3f, 0x1b, 0xcd,
    0xfd, 0xcc, 0x91, 0xf5, 0x0, 0x0, 0x3f, 0x10,
    0x8, 0xfd, 0x30, 0x1, 0xf5, 0x0, 0x0, 0x3f,
    0x10, 0x5f, 0x35, 0xe7, 0x1, 0xf5, 0x0, 0x0,
    0x3f, 0x2c, 0xc3, 0x0, 0x2d, 0x71, 0xf5, 0x0,
    0x0, 0x3f, 0x66, 0x44, 0x44, 0x45, 0x55, 0xf5,
    0x0, 0x0, 0x3d, 0xdd, 0xdd, 0xdd, 0xdd, 0xdd,
    0xd4, 0x0, 0x0, 0x2, 0x4, 0x30, 0xd6, 0x0,
    0x4, 0x50, 0x0, 0x0, 0x4f, 0xd, 0x80, 0x5f,
    0x50, 0x7, 0xf3, 0x0, 0x0, 0xba, 0xd, 0x80,
    0x8, 0xe0, 0x41, 0xbd, 0x0, 0x3, 0xf3, 0xd,
    0x80, 0x0, 0x20, 0xb9, 0x1f, 0x70, 0xc, 0xa0,
    0xc, 0xb3, 0x33, 0x34, 0xe6, 0x8, 0xb0, 0x1,
    0x10, 0x5, 0xef, 0xff, 0xff, 0xc1, 0x0, 0x0,

    /* U+606F "息" */
    0x0, 0x0, 0x0, 0x0, 0x0, 0x0, 0x0, 0x0,
    0x0, 0x0, 0x0, 0x0, 0xc, 0xb0, 0x0, 0x0,
    0x0, 0x0, 0x1, 0x33, 0x35, 0xf8, 0x33, 0x33,
    0x10, 0x0, 0x0, 0x5f, 0xdd, 0xdd, 0xdd, 0xdd,
    0xf6, 0x0, 0x0, 0x5, 0xe0, 0x0, 0x0, 0x0,
    0xe, 0x60, 0x0, 0x0, 0x5f, 0xff, 0xff, 0xff,
    0xff, 0xf6, 0x0, 0x0, 0x5, 0xe0, 0x0, 0x0,
    0x0, 0xe, 0x60, 0x0, 0x0, 0x5f, 0x33, 0x33,
    0x33, 0x33, 0xf6, 0x0, 0x0, 0x5, 0xfc, 0xcc,
    0xcc, 0xcc, 0xcf, 0x60, 0x0, 0x0, 0x5e, 0x0,
    0x0, 0x0, 0x0, 0xe6, 0x0, 0x0, 0x5, 0xff,
    0xff, 0xff, 0xff, 0xff, 0x60, 0x0, 0x0, 0x1,
    0x11, 0x3d, 0x41, 0x11, 0x10, 0x0, 0x0, 0x47,
    0x1b, 0x20, 0x8e, 0x20, 0x1, 0xe4, 0x0, 0xc,
    0x92, 0xf2, 0x0, 0xbc, 0x1, 0xa, 0xd0, 0x3,
    0xf3, 0x2f, 0x20, 0x1, 0x10, 0x7b, 0x1f, 0x70,
    0xcb, 0x1, 0xf7, 0x33, 0x33, 0x4c, 0x90, 0x9a,
    0x2, 0x20, 0x9, 0xff, 0xff, 0xff, 0xd2, 0x0,
    0x0,

    /* U+609F "悟" */
    0x0, 0x8, 0x30, 0x0, 0x0, 0x0, 0x0, 0x0,
    0x0, 0x0, 0xe, 0x50, 0x13, 0x33, 0x33, 0x33,
    0x33, 0x10, 0x0, 0xe, 0x50, 0x6f, 0xff, 0xff,
    0xff, 0xff, 0x80, 0x0, 0xe, 0x50, 0x0, 0x2,
    0xf3, 0x0, 0x0, 0x0, 0x5, 0x3e, 0xba, 0x3,
    0x37, 0xf4, 0x33, 0x41, 0x0, 0xb, 0x6e, 0x7f,
    0x1e, 0xff, 0xff, 0xff, 0xf6, 0x0, 0xd, 0x4e,
    0x5b, 0x60, 0xa, 0xa0, 0x0, 0xf5, 0x0, 0xf,
    0x1e, 0x54, 0x30, 0xe, 0x70, 0x0, 0xf3, 0x0,
    0x4e, 0xe, 0x50, 0x44, 0x4f, 0x74, 0x45, 0xf6,
    0x40, 0x25, 0xe, 0x50, 0xce, 0xee, 0xee, 0xee,
    0xee, 0xe1, 0x0, 0xe, 0x50, 0x0, 0x0, 0x0,
    0x0, 0x0, 0x0, 0x0, 0xe, 0x50, 0xc, 0xff,
    0xff, 0xff, 0xfc, 0x0, 0x0, 0xe, 0x50, 0xc,
    0x93, 0x33, 0x33, 0xac, 0x0, 0x0, 0xe, 0x50,
    0xc, 0x70, 0x0, 0x0, 0x8c, 0x0, 0x0, 0xe,
    0x50, 0xc, 0x70, 0x0, 0x0, 0x8c, 0x0, 0x0,
    0xe, 0x50, 0xc, 0xa5, 0x55, 0x55, 0xac, 0x0,
    0x0, 0xe, 0x50, 0xc, 0xed, 0xdd, 0xdd, 0xec,
    0x0, 0x0, 0x0, 0x0, 0x0, 0x0, 0x0, 0x0,
    0x0, 0x0,

    /* U+60B2 "悲" */
    0x0, 0x0, 0x0, 0x0, 0x0, 0x0, 0x0, 0x0,
    0x0, 0x0, 0x0, 0x0, 0xc8, 0x0, 0xf5, 0x0,
    0x0, 0x0, 0x3, 0x55, 0x55, 0xd9, 0x0, 0xf9,
    0x55, 0x55, 0x20, 0x9, 0xdd, 0xdd, 0xf9, 0x0,
    0xfe, 0xdd, 0xdd, 0x70, 0x0, 0x0, 0x0, 0xc9,
    0x0, 0xf5, 0x0, 0x0, 0x0, 0x1, 0x99, 0x99,
    0xe9, 0x0, 0xfb, 0x99, 0x98, 0x0, 0x1, 0x99,
    0x99, 0xe9, 0x0, 0xfb, 0x99, 0x98, 0x0, 0x0,
    0x0, 0x0, 0xc9, 0x0, 0xf5, 0x0, 0x0, 0x0,
    0x9, 0xcc, 0xcc, 0xf9, 0x0, 0xfe, 0xcc, 0xcc,
    0x90, 0x5, 0x66, 0x66, 0xe9, 0x0, 0xf9, 0x55,
    0x55, 0x40, 0x0, 0x0, 0x0, 0xb8, 0x10, 0xe5,
    0x0, 0x0, 0x0, 0x0, 0x1, 0x8, 0x32, 0xf6,
    0x0, 0x6, 0x30, 0x0, 0x0, 0x5f, 0xe, 0x60,
    0x5f, 0x40, 0xa, 0xd0, 0x0, 0x0, 0xc9, 0xe,
    0x60, 0x9, 0xe0, 0x21, 0xe9, 0x0, 0x5, 0xf2,
    0xe, 0x60, 0x0, 0x20, 0xd6, 0x5f, 0x30, 0xd,
    0x90, 0xe, 0xa3, 0x33, 0x34, 0xf4, 0xb, 0xc0,
    0x2, 0x10, 0x7, 0xef, 0xff, 0xff, 0xa0, 0x1,
    0x0,

    /* U+610F "意" */
    0x0, 0x0, 0x0, 0x3, 0x30, 0x0, 0x0, 0x0,
    0x0, 0x0, 0x0, 0x9, 0xd0, 0x0, 0x0, 0x0,
    0xb, 0xff, 0xff, 0xff, 0xff, 0xff, 0xff, 0xf0,
    0x1, 0x22, 0xc7, 0x22, 0x22, 0x4f, 0x52, 0x20,
    0x0, 0x0, 0x9c, 0x0, 0x0, 0x9d, 0x0, 0x0,
    0x8f, 0xff, 0xff, 0xff, 0xff, 0xff, 0xff, 0xfe,
    0x11, 0x11, 0x11, 0x11, 0x11, 0x11, 0x11, 0x11,
    0x0, 0x6e, 0xee, 0xee, 0xee, 0xee, 0xec, 0x0,
    0x0, 0x7d, 0x0, 0x0, 0x0, 0x0, 0x8d, 0x0,
    0x0, 0x7f, 0xee, 0xee, 0xee, 0xee, 0xfd, 0x0,
    0x0, 0x7d, 0x0, 0x0, 0x0, 0x0, 0x8d, 0x0,
    0x0, 0x7f, 0xcc, 0xcc, 0xcc, 0xcc, 0xed, 0x0,
    0x0, 0x12, 0x22, 0x5e, 0x62, 0x22, 0x23, 0x0,
    0x0, 0xd4, 0x7c, 0x5, 0xe9, 0x0, 0x3f, 0x30,
    0x8, 0xe0, 0x8c, 0x0, 0x26, 0xc, 0x17, 0xe1,
    0x5f, 0x40, 0x7e, 0x22, 0x22, 0x5f, 0x10, 0xca,
    0x36, 0x0, 0x2d, 0xff, 0xff, 0xf9, 0x0, 0x11,

    /* U+611F "感" */
    0x0, 0x0, 0x0, 0x0, 0x0, 0x0, 0x0, 0x0,
    0x0, 0x0, 0x0, 0x0, 0x0, 0x0, 0xc8, 0x3d,
    0x60, 0x0, 0x0, 0x22, 0x22, 0x22, 0x22, 0xca,
    0x26, 0xe5, 0x20, 0x0, 0xdf, 0xff, 0xff, 0xff,
    0xff, 0xff, 0xff, 0xe0, 0x0, 0xd6, 0x0, 0x0,
    0x0, 0x7c, 0x0, 0x11, 0x0, 0x0, 0xd7, 0xff,
    0xff, 0xfa, 0x4f, 0x0, 0xaa, 0x0, 0x0, 0xe5,
    0x0, 0x0, 0x0, 0x1f, 0x32, 0xf3, 0x0, 0x0,
    0xf3, 0xce, 0xee, 0xe3, 0xc, 0x8c, 0xa0, 0x0,
    0x1, 0xf2, 0xd4, 0x0, 0xd3, 0x6, 0xfe, 0x10,
    0x10, 0x5, 0xe0, 0xd4, 0x0, 0xd3, 0x9, 0xf8,
    0x0, 0xf0, 0xb, 0x90, 0xce, 0xee, 0xe6, 0xcf,
    0x9f, 0x64, 0xe0, 0x2f, 0x20, 0x0, 0x0, 0x15,
    0xd2, 0x6, 0xef, 0x80, 0x1, 0x0, 0x67, 0x8,
    0xe2, 0x0, 0x1, 0x72, 0x0, 0x0, 0xc8, 0x9b,
    0x0, 0x9e, 0x20, 0x11, 0xe8, 0x0, 0x4, 0xf2,
    0x9b, 0x0, 0x9, 0x50, 0x9a, 0x5f, 0x20, 0xe,
    0x90, 0x9d, 0x21, 0x11, 0x12, 0xd8, 0xd, 0x90,
    0x5, 0x10, 0x3d, 0xff, 0xff, 0xff, 0xc1, 0x1,
    0x0,

    /* U+6148 "慈" */
    0x0, 0x0, 0x0, 0x0, 0x0, 0x0, 0x0, 0x0,
    0x0, 0x0, 0x0, 0x6e, 0x10, 0x0, 0x5, 0xf4,
    0x0, 0x0, 0x0, 0x0, 0xd, 0xb0, 0x0, 0xe,
    0xa0, 0x0, 0x0, 0xf, 0xff, 0xff, 0xff, 0xff,
    0xff, 0xff, 0xff, 0xf1, 0x2, 0x24, 0xf7, 0x22,
    0x22, 0x3d, 0x92, 0x22, 0x20, 0x0, 0xb, 0x80,
    0x1a, 0x10, 0x8b, 0x0, 0xa5, 0x0, 0x1, 0xbc,
    0x45, 0xda, 0x8, 0xe4, 0x4a, 0xd1, 0x0, 0x7,
    0xec, 0xcf, 0xa0, 0x2f, 0xec, 0xfe, 0x10, 0x0,
    0x0, 0x2, 0xe9, 0x46, 0x0, 0x9, 0xd2, 0xa2,
    0x0, 0x0, 0x4e, 0x60, 0x3f, 0x20, 0xac, 0x11,
    0x9d, 0x0, 0x7, 0xff, 0xff, 0xfe, 0xbc, 0xff,
    0xfe, 0xde, 0x60, 0x2, 0x53, 0x10, 0x0, 0x73,
    0x31, 0x0, 0x4, 0x60, 0x0, 0x66, 0x8, 0x30,
    0xd6, 0x0, 0x2, 0xf3, 0x0, 0x0, 0xd7, 0xe,
    0x60, 0x3f, 0x40, 0x30, 0xad, 0x0, 0x5, 0xf1,
    0xe, 0x60, 0x4, 0x10, 0xd6, 0x1e, 0x80, 0xd,
    0x90, 0xd, 0xa3, 0x33, 0x35, 0xf3, 0x6, 0xa0,
    0x1, 0x10, 0x6, 0xef, 0xff, 0xff, 0xa0, 0x0,
    0x0,

    /* U+6167 "慧" */
    0x0, 0xa, 0x70, 0x0, 0x0, 0xe, 0x30, 0x0,
    0x9e, 0xef, 0xfe, 0xe0, 0xde, 0xef, 0xee, 0xe3,
    0x15, 0x5d, 0xa5, 0x40, 0x25, 0x5f, 0x75, 0x50,
    0x16, 0x6d, 0xa6, 0x40, 0x36, 0x6f, 0x86, 0x50,
    0xcd, 0xdf, 0xed, 0xd4, 0xdd, 0xdf, 0xdd, 0xd7,
    0x0, 0xb, 0x80, 0x0, 0x0, 0x1f, 0x40, 0x0,
    0x4, 0xbb, 0xbb, 0xbb, 0xbb, 0xbb, 0xbb, 0x0,
    0x1, 0x33, 0x33, 0x33, 0x33, 0x33, 0x7f, 0x0,
    0x0, 0x9b, 0xbb, 0xbb, 0xbb, 0xbb, 0xdf, 0x0,
    0x0, 0x22, 0x22, 0x22, 0x22, 0x22, 0x7f, 0x0,
    0x5, 0xbb, 0xbb, 0xbb, 0xbb, 0xbb, 0xdf, 0x0,
    0x1, 0x33, 0x33, 0x4b, 0x43, 0x33, 0x33, 0x0,
    0x5, 0x80, 0xf4, 0xa, 0xe2, 0x0, 0xd, 0x50,
    0xd, 0x90, 0xf4, 0x0, 0x76, 0x8, 0x47, 0xe1,
    0x7f, 0x20, 0xf8, 0x22, 0x22, 0x3e, 0x50, 0xe8,
    0x46, 0x0, 0x8e, 0xff, 0xff, 0xfc, 0x0, 0x55,

    /* U+6176 "慶" */
    0x0, 0x0, 0x0, 0x0, 0x1, 0x0, 0x0, 0x0,
    0x0, 0x0, 0x0, 0x0, 0x0, 0xe, 0x60, 0x0,
    0x0, 0x0, 0x0, 0xdf, 0xff, 0xff, 0xff, 0xff,
    0xff, 0xff, 0xf0, 0x0, 0xd7, 0x11, 0x6d, 0x11,
    0x5e, 0x11, 0x11, 0x10, 0x0, 0xde, 0xdd, 0xef,
    0xdd, 0xef, 0xdd, 0xdd, 0x30, 0x0, 0xd5, 0x0,
    0x5d, 0x0, 0x4e, 0x0, 0xf, 0x30, 0x0, 0xdc,
    0xaa, 0xcf, 0xaa, 0xcf, 0xaa, 0xaf, 0x30, 0x0,
    0xe7, 0x33, 0x33, 0x33, 0x33, 0x33, 0x33, 0x0,
    0x0, 0xef, 0xee, 0xee, 0xee, 0xee, 0xee, 0xee,
    0xe2, 0x0, 0xe4, 0x2, 0x2, 0x5e, 0x40, 0x3,
    0x7, 0xc0, 0x0, 0xf3, 0x4f, 0x5e, 0x4, 0xd1,
    0x7e, 0x5a, 0x40, 0x0, 0xf3, 0xf5, 0x1f, 0xa9,
    0xac, 0xa2, 0xe3, 0x0, 0x2, 0xf0, 0x40, 0xa,
    0xd4, 0x43, 0x0, 0x10, 0x0, 0x5, 0xe0, 0x6,
    0xef, 0xdd, 0xdd, 0xef, 0x50, 0x0, 0x9, 0xa8,
    0xea, 0x7e, 0x81, 0x7, 0xe7, 0x0, 0x0, 0xe,
    0x62, 0x10, 0x2, 0xdf, 0xfe, 0x40, 0x0, 0x0,
    0x4f, 0x16, 0x9c, 0xfe, 0xa6, 0x7b, 0xfe, 0xb9,
    0x80, 0x5, 0x6, 0x75, 0x20, 0x0, 0x0, 0x3,
    0x57, 0x70,

    /* U+61C9 "應" */
    0x0, 0x0, 0x0, 0x0, 0x28, 0x0, 0x0, 0x0,
    0x0, 0x0, 0x0, 0x0, 0x0, 0xe, 0x40, 0x0,
    0x0, 0x0, 0x0, 0xee, 0xee, 0xee, 0xef, 0xfe,
    0xee, 0xee, 0xe2, 0x0, 0xf5, 0x33, 0xb7, 0x3a,
    0x56, 0xa3, 0x33, 0x30, 0x0, 0xf3, 0x6, 0xf2,
    0x4f, 0x11, 0xe3, 0x0, 0x0, 0x0, 0xf3, 0xe,
    0x70, 0xdf, 0xee, 0xff, 0xee, 0x80, 0x0, 0xf3,
    0xbf, 0x4a, 0xf9, 0x0, 0xe3, 0x0, 0x0, 0x0,
    0xfb, 0xef, 0xbf, 0xde, 0xcc, 0xfd, 0xcc, 0x0,
    0x0, 0xfb, 0x3e, 0x45, 0x79, 0x0, 0xe3, 0x0,
    0x0, 0x1, 0xf2, 0xe, 0x30, 0x7e, 0xcc, 0xfd,
    0xcc, 0x10, 0x2, 0xf1, 0xe, 0x30, 0x7a, 0x11,
    0xe5, 0x11, 0x10, 0x3, 0xf0, 0xe, 0x30, 0x7f,
    0xdc, 0xcc, 0xcc, 0xa0, 0x5, 0xe0, 0x3, 0x0,
    0x3a, 0xd5, 0x0, 0x20, 0x0, 0x8, 0xb0, 0x3e,
    0x6, 0xd0, 0x4e, 0x45, 0xf3, 0x0, 0xc, 0x80,
    0xa9, 0x6, 0xd0, 0x0, 0x26, 0x7e, 0x20, 0x2f,
    0x36, 0xe1, 0x5, 0xe2, 0x11, 0x7d, 0xb, 0xb0,
    0x3c, 0x4, 0x40, 0x2, 0xdf, 0xff, 0xf6, 0x1,
    0x60, 0x0, 0x0, 0x0, 0x0, 0x0, 0x0, 0x0,
    0x0, 0x0,

    /* U+6210 "成" */
    0x0, 0x0, 0x0, 0x0, 0x0, 0x10, 0x0, 0x0,
    0x0, 0x0, 0x0, 0x0, 0x0, 0x5, 0xf1, 0xb9,
    0x10, 0x0, 0x0, 0x0, 0x0, 0x0, 0x4, 0xf1,
    0x2b, 0xf5, 0x0, 0x0, 0x0, 0x0, 0x0, 0x5,
    0xf2, 0x1, 0x79, 0x0, 0x0, 0xdf, 0xff, 0xff,
    0xff, 0xff, 0xff, 0xff, 0xf0, 0x0, 0xda, 0x33,
    0x33, 0x35, 0xf6, 0x33, 0x33, 0x30, 0x0, 0xd8,
    0x0, 0x0, 0x0, 0xf5, 0x0, 0x21, 0x0, 0x0,
    0xdb, 0x55, 0x55, 0x10, 0xe7, 0x0, 0xca, 0x0,
    0x0, 0xdf, 0xee, 0xef, 0x20, 0xc9, 0x2, 0xf4,
    0x0, 0x0, 0xe8, 0x0, 0x2f, 0x20, 0xac, 0x9,
    0xd0, 0x0, 0x0, 0xf8, 0x0, 0x2f, 0x10, 0x6f,
    0x3f, 0x60, 0x0, 0x0, 0xf6, 0x0, 0x3f, 0x0,
    0x2f, 0xdc, 0x0, 0x0, 0x1, 0xf4, 0x0, 0x4f,
    0x0, 0xe, 0xf2, 0x0, 0x10, 0x5, 0xf2, 0x65,
    0xbd, 0x0, 0x7f, 0xe0, 0x1, 0xe0, 0x9, 0xd0,
    0xad, 0xc4, 0x9, 0xfa, 0xf7, 0x3, 0xf0, 0x1f,
    0x80, 0x0, 0x6, 0xed, 0x30, 0x9f, 0x8a, 0xc0,
    0x3e, 0x10, 0x0, 0x8, 0xa0, 0x0, 0x8, 0xee,
    0x40, 0x0, 0x0, 0x0, 0x0, 0x0, 0x0, 0x0,
    0x0, 0x0,

    /* U+6211 "我" */
    0x0, 0x0, 0x0, 0x0, 0x0, 0x11, 0x0, 0x0,
    0x0, 0x0, 0x0, 0x3, 0x7c, 0xb0, 0xe8, 0x9,
    0x20, 0x0, 0x6, 0xad, 0xff, 0xd8, 0x40, 0xd9,
    0xb, 0xe2, 0x0, 0x6, 0x86, 0x5f, 0x30, 0x0,
    0xc9, 0x0, 0xbe, 0x10, 0x0, 0x0, 0x2f, 0x30,
    0x0, 0xba, 0x0, 0xb, 0x30, 0x0, 0x0, 0x2f,
    0x30, 0x0, 0xab, 0x0, 0x0, 0x0, 0xf, 0xff,
    0xff, 0xff, 0xff, 0xff, 0xff, 0xff, 0xf0, 0x5,
    0x55, 0x6f, 0x75, 0x55, 0xaf, 0x55, 0x55, 0x50,
    0x0, 0x0, 0x2f, 0x30, 0x0, 0x5f, 0x0, 0x4a,
    0x0, 0x0, 0x0, 0x2f, 0x32, 0x53, 0x3f, 0x30,
    0xd9, 0x0, 0x0, 0x25, 0x9f, 0xff, 0xe5, 0xf,
    0x6a, 0xe0, 0x0, 0x1f, 0xff, 0xdf, 0x71, 0x0,
    0xc, 0xff, 0x20, 0x0, 0x6, 0x30, 0x2f, 0x30,
    0x0, 0xb, 0xf4, 0x0, 0x20, 0x0, 0x0, 0x2f,
    0x30, 0x1, 0xcf, 0xf5, 0x0, 0xd4, 0x0, 0x0,
    0x2f, 0x30, 0x7f, 0xc2, 0xbd, 0x0, 0xf3, 0x0,
    0x55, 0x8f, 0x28, 0xf8, 0x0, 0x2f, 0xb7, 0xf0,
    0x0, 0xcf, 0xea, 0x0, 0x10, 0x0, 0x4, 0xdf,
    0x70, 0x0, 0x0, 0x0, 0x0, 0x0, 0x0, 0x0,
    0x0, 0x0,

    /* U+6212 "戒" */
    0x0, 0x0, 0x0, 0x0, 0x0, 0x10, 0x0, 0x0,
    0x0, 0x0, 0x0, 0x0, 0x0, 0x0, 0xd8, 0x2d,
    0x50, 0x0, 0x0, 0x0, 0x0, 0x0, 0x0, 0xc8,
    0x6, 0xf9, 0x0, 0x3, 0x33, 0x33, 0x33, 0x33,
    0xda, 0x33, 0x6e, 0x40, 0xd, 0xff, 0xff, 0xff,
    0xff, 0xff, 0xff, 0xff, 0xe0, 0x0, 0x1, 0x10,
    0x1, 0x0, 0xaa, 0x0, 0x0, 0x0, 0x0, 0xd,
    0x60, 0x4f, 0x0, 0x9c, 0x0, 0x15, 0x0, 0x0,
    0xd, 0x60, 0x4f, 0x0, 0x7d, 0x0, 0x8d, 0x0,
    0x0, 0xd, 0x60, 0x4f, 0x0, 0x5f, 0x0, 0xd7,
    0x0, 0x6, 0x7e, 0xb7, 0xaf, 0x77, 0x4f, 0x13,
    0xf1, 0x0, 0xa, 0xbf, 0xdb, 0xdf, 0xbb, 0x1f,
    0x4b, 0xb0, 0x0, 0x0, 0xf, 0x50, 0x4f, 0x0,
    0xd, 0xbf, 0x20, 0x0, 0x0, 0x3f, 0x30, 0x4f,
    0x0, 0x9, 0xf9, 0x0, 0x0, 0x0, 0x7e, 0x0,
    0x4f, 0x0, 0xa, 0xf3, 0x0, 0xc3, 0x1, 0xe8,
    0x0, 0x4f, 0x0, 0x9f, 0xfb, 0x0, 0xf3, 0xc,
    0xd0, 0x0, 0x4f, 0x2c, 0xe4, 0x4f, 0xa8, 0xf0,
    0x3, 0x10, 0x0, 0x0, 0x4c, 0x10, 0x5, 0xdf,
    0x70, 0x0, 0x0, 0x0, 0x0, 0x0, 0x0, 0x0,
    0x0, 0x0,

    /* U+6236 "戶" */
    0x0, 0x0, 0x0, 0x0, 0x0, 0x36, 0xbc, 0x10,
    0x0, 0x1, 0x46, 0x8a, 0xdf, 0xfd, 0x95, 0x10,
    0x0, 0xc, 0xfc, 0xa7, 0x53, 0x0, 0x0, 0x0,
    0x0, 0xc, 0x80, 0x0, 0x0, 0x0, 0x0, 0x0,
    0x0, 0xc, 0xa4, 0x44, 0x44, 0x44, 0x44, 0x40,
    0x0, 0xc, 0xff, 0xff, 0xff, 0xff, 0xff, 0xf1,
    0x0, 0xc, 0x80, 0x0, 0x0, 0x0, 0x4, 0xf1,
    0x0, 0xd, 0x80, 0x0, 0x0, 0x0, 0x4, 0xf1,
    0x0, 0xd, 0x80, 0x0, 0x0, 0x0, 0x4, 0xf1,
    0x0, 0xe, 0xa5, 0x55, 0x55, 0x55, 0x58, 0xf1,
    0x0, 0xf, 0xfe, 0xee, 0xee, 0xee, 0xef, 0xf1,
    0x0, 0x3f, 0x20, 0x0, 0x0, 0x0, 0x3, 0xc1,
    0x0, 0x8d, 0x0, 0x0, 0x0, 0x0, 0x0, 0x0,
    0x0, 0xe9, 0x0, 0x0, 0x0, 0x0, 0x0, 0x0,
    0x8, 0xf2, 0x0, 0x0, 0x0, 0x0, 0x0, 0x0,
    0x2f, 0x90, 0x0, 0x0, 0x0, 0x0, 0x0, 0x0,
    0x5, 0x0, 0x0, 0x0, 0x0, 0x0, 0x0, 0x0,

    /* U+6240 "所" */
    0x0, 0x0, 0x0, 0x39, 0x20, 0x0, 0x1, 0x5b,
    0x50, 0x1, 0x7a, 0xcf, 0xfc, 0x52, 0x7a, 0xdf,
    0xfa, 0x50, 0x3, 0xfa, 0x74, 0x10, 0x6, 0xf9,
    0x63, 0x0, 0x0, 0x3, 0xf1, 0x0, 0x0, 0x6,
    0xf0, 0x0, 0x0, 0x0, 0x3, 0xfa, 0x99, 0x99,
    0x6, 0xf0, 0x0, 0x0, 0x0, 0x3, 0xfa, 0x99,
    0xcf, 0x6, 0xf0, 0x0, 0x0, 0x0, 0x3, 0xf1,
    0x0, 0x5f, 0x6, 0xff, 0xff, 0xff, 0xf3, 0x3,
    0xf1, 0x0, 0x5f, 0x6, 0xf4, 0x47, 0xf6, 0x41,
    0x4, 0xf5, 0x44, 0x8f, 0x6, 0xf0, 0x3, 0xf2,
    0x0, 0x5, 0xff, 0xee, 0xee, 0x7, 0xe0, 0x3,
    0xf2, 0x0, 0x5, 0xf0, 0x0, 0x0, 0x9, 0xc0,
    0x3, 0xf2, 0x0, 0x6, 0xe0, 0x0, 0x0, 0xc,
    0x90, 0x3, 0xf2, 0x0, 0x9, 0xc0, 0x0, 0x0,
    0x1f, 0x50, 0x3, 0xf2, 0x0, 0xd, 0x80, 0x0,
    0x0, 0x8e, 0x0, 0x3, 0xf2, 0x0, 0x2f, 0x30,
    0x0, 0x3, 0xf7, 0x0, 0x3, 0xf2, 0x0, 0x3b,
    0x0, 0x0, 0x6, 0xb0, 0x0, 0x3, 0xf2, 0x0,
    0x0, 0x0, 0x0, 0x0, 0x0, 0x0, 0x0, 0x0,
    0x0,

    /* U+6258 "托" */
    0x0, 0x4, 0x40, 0x0, 0x0, 0x0, 0x0, 0x0,
    0x0, 0x0, 0xa, 0xa0, 0x0, 0x0, 0x0, 0x38,
    0xe8, 0x0, 0x0, 0xa, 0xa0, 0x0, 0x26, 0xae,
    0xff, 0xa3, 0x0, 0x0, 0xa, 0xa0, 0x8, 0xff,
    0xcf, 0x80, 0x0, 0x0, 0x4, 0x4c, 0xc4, 0x41,
    0x30, 0xe, 0x60, 0x0, 0x0, 0x1f, 0xff, 0xff,
    0xe0, 0x0, 0xe, 0x60, 0x0, 0x0, 0x0, 0xa,
    0xa0, 0x0, 0x0, 0xe, 0x60, 0x0, 0x0, 0x0,
    0xa, 0xa0, 0x0, 0x0, 0xe, 0x60, 0x2, 0x50,
    0x0, 0xa, 0xa0, 0x0, 0x24, 0x7f, 0xde, 0xff,
    0xf2, 0x0, 0xb, 0xdc, 0xfa, 0xff, 0xdf, 0xb6,
    0x31, 0x0, 0x2c, 0xff, 0xe7, 0x22, 0x20, 0xe,
    0x60, 0x0, 0x0, 0x9, 0x5b, 0xa0, 0x0, 0x0,
    0xe, 0x60, 0x0, 0x0, 0x0, 0xa, 0xa0, 0x0,
    0x0, 0xe, 0x60, 0x0, 0x0, 0x0, 0xa, 0xa0,
    0x0, 0x0, 0xe, 0x60, 0x0, 0xd3, 0x0, 0xa,
    0xa0, 0x0, 0x0, 0xe, 0x60, 0x0, 0xf3, 0x3,
    0x3c, 0x90, 0x0, 0x0, 0xe, 0xa4, 0x46, 0xf1,
    0xa, 0xfe, 0x40, 0x0, 0x0, 0x7, 0xff, 0xff,
    0x90,

    /* U+627F "承" */
    0x0, 0x1, 0x44, 0x44, 0x44, 0x44, 0x44, 0x0,
    0x0, 0x0, 0x5, 0xff, 0xff, 0xff, 0xff, 0xff,
    0x50, 0x0, 0x0, 0x0, 0x0, 0x0, 0x0, 0x9,
    0xf5, 0x0, 0x0, 0x0, 0x0, 0x0, 0x0, 0x6,
    0xec, 0x20, 0x0, 0x0, 0x5, 0x66, 0x66, 0x0,
    0x8f, 0x50, 0xc5, 0x2, 0x20, 0x9, 0xcc, 0xef,
    0x23, 0xad, 0x32, 0xb8, 0xc, 0xc0, 0x0, 0x0,
    0x8c, 0xaf, 0xff, 0xfd, 0x8b, 0xae, 0x10, 0x0,
    0x0, 0xd8, 0x0, 0x8c, 0x0, 0x4f, 0xf3, 0x0,
    0x0, 0x2, 0xf4, 0x44, 0xad, 0x44, 0x1f, 0x60,
    0x0, 0x0, 0x8, 0xe0, 0xee, 0xff, 0xee, 0x2a,
    0xb0, 0x0, 0x0, 0xe, 0x80, 0x0, 0x8c, 0x0,
    0x4, 0xf2, 0x0, 0x0, 0x9e, 0x1b, 0xdd, 0xef,
    0xdd, 0xd0, 0xbb, 0x0, 0x4, 0xf6, 0x4, 0x55,
    0xbd, 0x55, 0x50, 0x3f, 0xa0, 0x1f, 0xa0, 0x0,
    0x0, 0x8c, 0x0, 0x0, 0x5, 0xf2, 0x5, 0x0,
    0x2, 0x44, 0xbc, 0x0, 0x0, 0x0, 0x20, 0x0,
    0x0, 0x5, 0xff, 0xd5, 0x0, 0x0, 0x0, 0x0,
    0x0, 0x0, 0x0, 0x0, 0x0, 0x0, 0x0, 0x0,
    0x0,

    /* U+6298 "折" */
    0x0, 0x3, 0x50, 0x0, 0x0, 0x0, 0x0, 0x2,
    0x0, 0x0, 0x8, 0xc0, 0x0, 0x0, 0x3, 0x6a,
    0xef, 0x40, 0x0, 0x8, 0xc0, 0x0, 0x9d, 0xff,
    0xfd, 0x95, 0x10, 0x0, 0x8, 0xc0, 0x0, 0xdb,
    0x52, 0x0, 0x0, 0x0, 0x5, 0x5a, 0xd5, 0x51,
    0xd7, 0x0, 0x0, 0x0, 0x0, 0xf, 0xff, 0xff,
    0xf3, 0xd7, 0x0, 0x0, 0x0, 0x0, 0x0, 0x8,
    0xc0, 0x0, 0xd8, 0x11, 0x11, 0x11, 0x10, 0x0,
    0x8, 0xc0, 0x0, 0xdf, 0xff, 0xff, 0xff, 0xf4,
    0x0, 0x8, 0xc0, 0x31, 0xd9, 0x22, 0x3f, 0x52,
    0x20, 0x0, 0x2a, 0xfe, 0xf3, 0xf7, 0x0, 0x1f,
    0x30, 0x0, 0x2e, 0xff, 0xe4, 0x0, 0xf6, 0x0,
    0x1f, 0x30, 0x0, 0x7, 0x28, 0xc0, 0x1, 0xf4,
    0x0, 0x1f, 0x30, 0x0, 0x0, 0x8, 0xc0, 0x4,
    0xf2, 0x0, 0x1f, 0x30, 0x0, 0x0, 0x8, 0xc0,
    0x8, 0xe0, 0x0, 0x1f, 0x30, 0x0, 0x0, 0x8,
    0xc0, 0xe, 0x90, 0x0, 0x1f, 0x30, 0x0, 0x2,
    0x3a, 0xc0, 0x7f, 0x20, 0x0, 0x1f, 0x30, 0x0,
    0x6, 0xfe, 0x60, 0x69, 0x0, 0x0, 0x1f, 0x30,
    0x0, 0x0, 0x0, 0x0, 0x0, 0x0, 0x0, 0x0,
    0x0, 0x0,

    /* U+62B1 "抱" */
    0x0, 0x3, 0x20, 0x0, 0x3, 0x0, 0x0, 0x0,
    0x0, 0x0, 0xb, 0x80, 0x0, 0x4f, 0x10, 0x0,
    0x0, 0x0, 0x0, 0xb, 0x80, 0x0, 0xac, 0x0,
    0x0, 0x0, 0x0, 0x0, 0xb, 0x80, 0x1, 0xff,
    0xff, 0xff, 0xff, 0x90, 0x2a, 0xae, 0xda, 0x29,
    0xe4, 0x44, 0x44, 0x4c, 0x90, 0x29, 0x9e, 0xd9,
    0x7f, 0x60, 0x0, 0x0, 0xb, 0x90, 0x0, 0xb,
    0x80, 0xef, 0xff, 0xff, 0xf3, 0xc, 0x80, 0x0,
    0xb, 0x80, 0x27, 0xf3, 0x34, 0xf3, 0xd, 0x70,
    0x0, 0xb, 0x81, 0x15, 0xe0, 0x0, 0xf3, 0xe,
    0x70, 0x0, 0x2d, 0xef, 0x65, 0xe0, 0x0, 0xf3,
    0xf, 0x50, 0x4d, 0xff, 0xc4, 0x5, 0xfd, 0xdd,
    0xf3, 0xf, 0x40, 0x38, 0x3c, 0x80, 0x5, 0xf6,
    0x66, 0x84, 0x7f, 0x10, 0x0, 0xb, 0x80, 0x5,
    0xe0, 0x0, 0x5f, 0xfa, 0x0, 0x0, 0xb, 0x80,
    0x5, 0xe0, 0x0, 0x0, 0x0, 0x61, 0x0, 0xb,
    0x80, 0x5, 0xe0, 0x0, 0x0, 0x0, 0xf4, 0x2,
    0x2d, 0x80, 0x4, 0xf5, 0x33, 0x33, 0x38, 0xf1,
    0xa, 0xff, 0x30, 0x0, 0xaf, 0xff, 0xff, 0xfe,
    0x70, 0x0, 0x10, 0x0, 0x0, 0x0, 0x0, 0x0,
    0x0, 0x0,

    /* U+62D3 "拓" */
    0x0, 0x3, 0x50, 0x0, 0x0, 0x0, 0x0, 0x0,
    0x0, 0x0, 0x8, 0xb0, 0x0, 0x0, 0x0, 0x0,
    0x0, 0x0, 0x0, 0x8, 0xb0, 0x1f, 0xff, 0xff,
    0xff, 0xff, 0xf1, 0x0, 0x8, 0xb0, 0x5, 0x55,
    0xdb, 0x55, 0x55, 0x50, 0x4, 0x4b, 0xd4, 0x40,
    0x1, 0xf5, 0x0, 0x0, 0x0, 0x2f, 0xff, 0xff,
    0xe0, 0x6, 0xf0, 0x0, 0x0, 0x0, 0x0, 0x8,
    0xb0, 0x0, 0xc, 0x90, 0x0, 0x0, 0x0, 0x0,
    0x8, 0xb0, 0x0, 0x3f, 0x20, 0x0, 0x0, 0x0,
    0x0, 0x8, 0xc4, 0x80, 0xbf, 0xee, 0xee, 0xee,
    0x50, 0x1, 0x5d, 0xff, 0xa5, 0xff, 0x66, 0x66,
    0x6f, 0x60, 0x3f, 0xfe, 0xd0, 0x2e, 0xde, 0x0,
    0x0, 0xe, 0x60, 0x6, 0x18, 0xb0, 0xdb, 0x6e,
    0x0, 0x0, 0xe, 0x60, 0x0, 0x8, 0xb0, 0x91,
    0x5e, 0x0, 0x0, 0xe, 0x60, 0x0, 0x8, 0xb0,
    0x0, 0x5e, 0x0, 0x0, 0xe, 0x60, 0x0, 0x8,
    0xb0, 0x0, 0x5e, 0x0, 0x0, 0xe, 0x60, 0x2,
    0x3b, 0xb0, 0x0, 0x5f, 0xff, 0xff, 0xff, 0x60,
    0x8, 0xfe, 0x50, 0x0, 0x5f, 0x44, 0x44, 0x4f,
    0x60, 0x0, 0x0, 0x0, 0x0, 0x2, 0x0, 0x0,
    0x0, 0x0,

    /* U+62D4 "拔" */
    0x0, 0x2, 0x30, 0x0, 0x3, 0x20, 0x0, 0x0,
    0x0, 0x0, 0x7, 0xd0, 0x0, 0xc, 0x80, 0x4e,
    0x60, 0x0, 0x0, 0x7, 0xd0, 0x0, 0xc, 0x80,
    0x5, 0xeb, 0x10, 0x0, 0x7, 0xd0, 0x0, 0xc,
    0x80, 0x0, 0x1b, 0x10, 0xb, 0xbd, 0xfb, 0xbf,
    0xff, 0xff, 0xff, 0xff, 0xf4, 0x8, 0x8b, 0xe8,
    0x74, 0x4e, 0x94, 0x44, 0x44, 0x41, 0x0, 0x7,
    0xd0, 0x0, 0xf, 0x50, 0x0, 0x0, 0x0, 0x0,
    0x7, 0xd0, 0x0, 0xf, 0x74, 0x44, 0x43, 0x0,
    0x0, 0x7, 0xd0, 0x10, 0x2f, 0xff, 0xff, 0xfe,
    0x0, 0x0, 0x9, 0xfd, 0xe0, 0x5f, 0x60, 0x0,
    0x9a, 0x0, 0x1c, 0xff, 0xe5, 0x0, 0x9f, 0xe0,
    0x0, 0xe5, 0x0, 0x9, 0x58, 0xd0, 0x0, 0xd8,
    0xc8, 0x6, 0xe0, 0x0, 0x0, 0x7, 0xd0, 0x4,
    0xf2, 0x2f, 0x6f, 0x60, 0x0, 0x0, 0x7, 0xd0,
    0xb, 0xc0, 0x7, 0xfc, 0x0, 0x0, 0x0, 0x7,
    0xd0, 0x5f, 0x50, 0x2d, 0xef, 0x80, 0x0, 0x2,
    0x3a, 0xd3, 0xfa, 0x18, 0xfb, 0x5, 0xfe, 0x71,
    0x5, 0xfe, 0x73, 0xa0, 0x1c, 0x50, 0x0, 0x18,
    0xd1, 0x0, 0x0, 0x0, 0x0, 0x0, 0x0, 0x0,
    0x0, 0x0,

    /* U+62E9 "择" */
    0x0, 0x5, 0x40, 0x0, 0x0, 0x0, 0x0, 0x0,
    0x0, 0x0, 0xb, 0x90, 0x2, 0x22, 0x22, 0x22,
    0x22, 0x0, 0x0, 0xb, 0x90, 0xc, 0xff, 0xff,
    0xff, 0xff, 0x10, 0x0, 0xb, 0x90, 0x0, 0x6d,
    0x10, 0x2, 0xe7, 0x0, 0x4, 0x4c, 0xb4, 0x30,
    0xc, 0x90, 0xc, 0xb0, 0x0, 0x1f, 0xff, 0xff,
    0xb0, 0x1, 0xd9, 0xcb, 0x0, 0x0, 0x0, 0xb,
    0x90, 0x0, 0x2, 0xaf, 0xf7, 0x10, 0x0, 0x0,
    0xb, 0x90, 0x28, 0xdf, 0x81, 0x3b, 0xfc, 0x82,
    0x0, 0xb, 0xb8, 0x8a, 0x50, 0xd, 0x60, 0x27,
    0xa0, 0x1, 0x6e, 0xff, 0x70, 0x0, 0xe, 0x60,
    0x0, 0x0, 0x2f, 0xff, 0xb1, 0x6, 0xff, 0xff,
    0xff, 0xfd, 0x0, 0x5, 0x1b, 0x90, 0x1, 0x44,
    0x4f, 0x94, 0x43, 0x0, 0x0, 0xb, 0x90, 0x0,
    0x0, 0xe, 0x60, 0x0, 0x0, 0x0, 0xb, 0x90,
    0x4f, 0xff, 0xff, 0xff, 0xff, 0xf2, 0x0, 0xb,
    0x90, 0x14, 0x44, 0x4f, 0x94, 0x44, 0x40, 0x2,
    0x4d, 0x90, 0x0, 0x0, 0xe, 0x60, 0x0, 0x0,
    0x7, 0xfd, 0x30, 0x0, 0x0, 0xe, 0x60, 0x0,
    0x0,

    /* U+6301 "持" */
    0x0, 0x1, 0x0, 0x0, 0x0, 0x0, 0x0, 0x0,
    0x0, 0x0, 0xb, 0x80, 0x0, 0x0, 0x5, 0xf0,
    0x0, 0x0, 0x0, 0xb, 0x80, 0x0, 0x0, 0x5,
    0xf0, 0x0, 0x0, 0x0, 0xb, 0x80, 0x2, 0xff,
    0xff, 0xff, 0xff, 0xc0, 0xa, 0xae, 0xda, 0x40,
    0x44, 0x48, 0xf4, 0x44, 0x30, 0xb, 0xbe, 0xdb,
    0x40, 0x0, 0x5, 0xf0, 0x0, 0x0, 0x0, 0xb,
    0x80, 0x14, 0x44, 0x48, 0xf4, 0x44, 0x42, 0x0,
    0xb, 0x80, 0x4f, 0xff, 0xff, 0xff, 0xff, 0xfa,
    0x0, 0xb, 0x80, 0x10, 0x0, 0x0, 0x0, 0xf4,
    0x0, 0x0, 0x1d, 0xef, 0x60, 0x0, 0x0, 0x0,
    0xf5, 0x0, 0x2c, 0xff, 0xc4, 0x1f, 0xff, 0xff,
    0xff, 0xff, 0xf8, 0x9, 0x4c, 0x80, 0x3, 0x36,
    0x33, 0x33, 0xf7, 0x32, 0x0, 0xb, 0x80, 0x0,
    0x4f, 0x30, 0x0, 0xf4, 0x0, 0x0, 0xb, 0x80,
    0x0, 0x9, 0xd0, 0x0, 0xf4, 0x0, 0x0, 0xb,
    0x80, 0x0, 0x0, 0xe4, 0x0, 0xf4, 0x0, 0x3,
    0x4d, 0x70, 0x0, 0x0, 0x2, 0x45, 0xf4, 0x0,
    0x8, 0xfd, 0x20, 0x0, 0x0, 0x4, 0xff, 0xc1,
    0x0,

    /* U+6309 "按" */
    0x0, 0x5, 0x50, 0x0, 0x0, 0x7, 0x20, 0x0,
    0x0, 0x0, 0xa, 0xa0, 0x0, 0x0, 0xe, 0x80,
    0x0, 0x0, 0x0, 0xa, 0xa0, 0x0, 0x0, 0xa,
    0xc0, 0x0, 0x0, 0x0, 0xa, 0xa0, 0xc, 0xdd,
    0xde, 0xfd, 0xdd, 0xd2, 0x5, 0x5c, 0xc5, 0x3e,
    0xb8, 0x88, 0x88, 0x89, 0xf2, 0x1f, 0xff, 0xff,
    0x9e, 0x50, 0x49, 0x0, 0x1, 0xf2, 0x0, 0xa,
    0xa0, 0xa, 0x30, 0xbb, 0x0, 0x1, 0xa2, 0x0,
    0xa, 0xa0, 0x0, 0x2, 0xf6, 0x0, 0x0, 0x0,
    0x0, 0xa, 0xa0, 0x6f, 0xff, 0xff, 0xff, 0xff,
    0xf6, 0x0, 0xa, 0xb6, 0xa2, 0x3f, 0x82, 0x23,
    0xf7, 0x21, 0x4, 0x9e, 0xfc, 0x70, 0x7f, 0x10,
    0x5, 0xf1, 0x0, 0x2f, 0xbd, 0xa0, 0x1, 0xfa,
    0x0, 0xb, 0xc0, 0x0, 0x0, 0xa, 0xa0, 0x0,
    0x7e, 0xd5, 0x5f, 0x30, 0x0, 0x0, 0xa, 0xa0,
    0x0, 0x0, 0x7e, 0xfb, 0x0, 0x0, 0x0, 0xa,
    0xa0, 0x0, 0x1, 0x9f, 0xbf, 0xc3, 0x0, 0x2,
    0x3c, 0xa0, 0x16, 0xaf, 0xd3, 0x2, 0xbf, 0x80,
    0x8, 0xfe, 0x40, 0x1e, 0x94, 0x0, 0x0, 0x6,
    0xc1, 0x0, 0x0, 0x0, 0x0, 0x0, 0x0, 0x0,
    0x0, 0x0,

    /* U+6324 "挤" */
    0x0, 0x1f, 0x20, 0x0, 0x0, 0x89, 0x0, 0x0,
    0x0, 0x0, 0x1f, 0x20, 0x0, 0x0, 0x4f, 0x10,
    0x0, 0x0, 0x0, 0x1f, 0x20, 0xbd, 0xdd, 0xef,
    0xed, 0xdd, 0xd0, 0x4, 0x6f, 0x74, 0x45, 0xdb,
    0x55, 0x58, 0xf6, 0x50, 0x2f, 0xff, 0xfe, 0x0,
    0x4f, 0x20, 0xc, 0xa0, 0x0, 0x0, 0x1f, 0x20,
    0x0, 0x9, 0xd2, 0xae, 0x10, 0x0, 0x0, 0x1f,
    0x20, 0x0, 0x0, 0xcf, 0xf3, 0x0, 0x0, 0x0,
    0x1f, 0x55, 0x36, 0x9e, 0xd7, 0xbf, 0xc8, 0x51,
    0x2, 0x8f, 0xfa, 0x8b, 0x96, 0x0, 0x4, 0x89,
    0xb1, 0x3f, 0xef, 0x30, 0x0, 0x6d, 0x0, 0xb,
    0x90, 0x0, 0x3, 0x2f, 0x20, 0x0, 0x7d, 0x0,
    0xb, 0x90, 0x0, 0x0, 0x1f, 0x20, 0x0, 0x8c,
    0x0, 0xb, 0x90, 0x0, 0x0, 0x1f, 0x20, 0x0,
    0xca, 0x0, 0xb, 0x90, 0x0, 0x0, 0x1f, 0x20,
    0x5, 0xf3, 0x0, 0xb, 0x90, 0x0, 0x4, 0x6f,
    0x20, 0x8f, 0x70, 0x0, 0xb, 0x90, 0x0, 0xb,
    0xfb, 0x2, 0xb4, 0x0, 0x0, 0xb, 0x90, 0x0,

    /* U+633A "挺" */
    0x0, 0x7, 0x0, 0x0, 0x0, 0x0, 0x0, 0x0,
    0x0, 0x0, 0xf, 0x10, 0x33, 0x33, 0x0, 0x0,
    0x5b, 0x90, 0x0, 0xf, 0x10, 0xef, 0xff, 0x27,
    0xcf, 0xfb, 0x50, 0x0, 0xf, 0x10, 0x0, 0x9a,
    0x1a, 0x8d, 0x80, 0x0, 0x5, 0x6f, 0x74, 0x1,
    0xf3, 0x0, 0xc, 0x70, 0x0, 0x1e, 0xef, 0xeb,
    0x7, 0xb0, 0x0, 0xc, 0x70, 0x0, 0x0, 0xf,
    0x10, 0x1e, 0x20, 0x1, 0x1c, 0x81, 0x10, 0x0,
    0xf, 0x10, 0xcf, 0xff, 0x3d, 0xff, 0xff, 0xc0,
    0x0, 0xf, 0x22, 0x42, 0x2f, 0x21, 0x1c, 0x81,
    0x0, 0x0, 0x3f, 0xfb, 0x0, 0x1f, 0x0, 0xc,
    0x70, 0x0, 0x1c, 0xff, 0x71, 0xb4, 0x4d, 0x0,
    0xc, 0x70, 0x0, 0x9, 0x5f, 0x10, 0x79, 0x8a,
    0x0, 0xc, 0x70, 0x0, 0x0, 0xf, 0x10, 0x2e,
    0xd5, 0x26, 0x6d, 0xb6, 0x60, 0x0, 0xf, 0x10,
    0xa, 0xf0, 0x4d, 0xdd, 0xdd, 0xd1, 0x0, 0xf,
    0x10, 0xc, 0xf9, 0x0, 0x0, 0x0, 0x0, 0x2,
    0x4f, 0x10, 0xac, 0x3d, 0xe9, 0x75, 0x43, 0x42,
    0xb, 0xfb, 0x8, 0xb1, 0x0, 0x5b, 0xef, 0xff,
    0xf4, 0x0, 0x0, 0x0, 0x0, 0x0, 0x0, 0x0,
    0x0, 0x0,

    /* U+6362 "换" */
    0x0, 0xe, 0x40, 0x0, 0x9, 0xa0, 0x0, 0x0,
    0x0, 0x0, 0xf, 0x40, 0x0, 0x3f, 0xa4, 0x44,
    0x40, 0x0, 0x0, 0xf, 0x40, 0x1, 0xde, 0xdd,
    0xdf, 0xe1, 0x0, 0x17, 0x8f, 0xa7, 0x1d, 0xd1,
    0x0, 0x5e, 0x30, 0x0, 0x18, 0x9f, 0xa8, 0xaf,
    0xdc, 0xcc, 0xfe, 0xca, 0x0, 0x0, 0xf, 0x40,
    0x1c, 0xb4, 0x4f, 0x84, 0xad, 0x0, 0x0, 0xf,
    0x40, 0xa, 0x90, 0xf, 0x40, 0x8d, 0x0, 0x0,
    0xf, 0x41, 0xa, 0x90, 0xf, 0x40, 0x8d, 0x0,
    0x0, 0x2f, 0xdf, 0x2a, 0x90, 0x1f, 0x30, 0x8d,
    0x0, 0x2d, 0xff, 0xb4, 0x3c, 0xb3, 0x5f, 0x43,
    0x9d, 0x30, 0x19, 0x5f, 0x40, 0xff, 0xff, 0xff,
    0xff, 0xff, 0xf1, 0x0, 0xf, 0x40, 0x0, 0x1,
    0xed, 0xb0, 0x0, 0x0, 0x0, 0xf, 0x40, 0x0,
    0xc, 0xc0, 0xc9, 0x0, 0x0, 0x0, 0xf, 0x40,
    0x2, 0xdd, 0x10, 0x1e, 0xa1, 0x0, 0x4, 0x6f,
    0x42, 0x9f, 0x90, 0x0, 0x2, 0xde, 0x71, 0x9,
    0xfb, 0x9, 0xc3, 0x0, 0x0, 0x0, 0x7, 0xc1,
    0x0, 0x0, 0x0, 0x0, 0x0, 0x0, 0x0, 0x0,
    0x0,

    /* U+637A "捺" */
    0x0, 0xe, 0x50, 0x0, 0x0, 0x1e, 0x20, 0x0,
    0x0, 0x0, 0xf, 0x50, 0x0, 0x0, 0x6e, 0x0,
    0x0, 0x0, 0x0, 0xf, 0x50, 0x59, 0x99, 0xde,
    0x99, 0x99, 0x91, 0x14, 0x4f, 0x84, 0x68, 0x8c,
    0xf9, 0xcf, 0x98, 0x81, 0x3f, 0xff, 0xff, 0x40,
    0x2e, 0x70, 0x1e, 0x80, 0x0, 0x0, 0xf, 0x50,
    0x1, 0xdb, 0x0, 0x3, 0xf7, 0x0, 0x0, 0xf,
    0x50, 0x6f, 0xb4, 0x33, 0x33, 0x7f, 0xb1, 0x0,
    0xf, 0x51, 0xd7, 0x1f, 0xff, 0xff, 0xb3, 0xd5,
    0x0, 0xf, 0xbd, 0x60, 0x0, 0x0, 0x0, 0x0,
    0x0, 0x39, 0xef, 0xd8, 0x33, 0x33, 0x33, 0x33,
    0x33, 0x20, 0x4c, 0x7f, 0x50, 0x4f, 0xff, 0xff,
    0xff, 0xff, 0xa0, 0x0, 0xf, 0x50, 0x0, 0x0,
    0xd, 0x70, 0x10, 0x0, 0x0, 0xf, 0x50, 0x5,
    0xf1, 0xd, 0x70, 0xca, 0x0, 0x0, 0xf, 0x50,
    0x2e, 0x60, 0xd, 0x70, 0x1e, 0x70, 0x4, 0x4f,
    0x51, 0xe9, 0x2, 0x3e, 0x70, 0x4, 0xf2, 0xd,
    0xfc, 0x10, 0x20, 0x8, 0xfe, 0x30, 0x0, 0x30,
    0x0, 0x0, 0x0, 0x0, 0x0, 0x0, 0x0, 0x0,
    0x0,

    /* U+63A0 "掠" */
    0x0, 0x7, 0x20, 0x0, 0x0, 0x14, 0x0, 0x0,
    0x0, 0x0, 0xf, 0x40, 0x0, 0x0, 0x5f, 0x10,
    0x0, 0x0, 0x0, 0xf, 0x40, 0x0, 0x0, 0x1f,
    0x70, 0x0, 0x0, 0x0, 0xf, 0x40, 0x2f, 0xff,
    0xff, 0xff, 0xff, 0xe0, 0x17, 0x7f, 0xa7, 0x22,
    0x22, 0x22, 0x22, 0x22, 0x20, 0x2e, 0xef, 0xee,
    0x30, 0x44, 0x44, 0x44, 0x44, 0x0, 0x0, 0xf,
    0x40, 0x3, 0xff, 0xff, 0xff, 0xff, 0x0, 0x0,
    0xf, 0x40, 0x3, 0xf0, 0x0, 0x0, 0x5f, 0x0,
    0x0, 0xf, 0x40, 0x3, 0xf0, 0x0, 0x0, 0x5f,
    0x0, 0x0, 0xf, 0xbd, 0x33, 0xf4, 0x44, 0x44,
    0x8f, 0x0, 0x29, 0xef, 0xd8, 0x13, 0xff, 0xff,
    0xff, 0xff, 0x0, 0x2b, 0x6f, 0x40, 0x0, 0x10,
    0xe, 0x70, 0x10, 0x0, 0x0, 0xf, 0x40, 0x2,
    0xf5, 0xe, 0x70, 0xe5, 0x0, 0x0, 0xf, 0x40,
    0xb, 0xb0, 0xe, 0x70, 0x6e, 0x10, 0x0, 0xf,
    0x40, 0x9e, 0x10, 0xe, 0x70, 0xc, 0x90, 0x3,
    0x4f, 0x40, 0xb4, 0x3, 0x3f, 0x70, 0x3, 0xa0,
    0xc, 0xfc, 0x10, 0x0, 0x1f, 0xfd, 0x30, 0x0,
    0x0, 0x0, 0x0, 0x0, 0x0, 0x0, 0x0, 0x0,
    0x0, 0x0,

    /* U+63CF "描" */
    0x0, 0xe, 0x20, 0x0, 0x3f, 0x10, 0x5, 0xe0,
    0x0, 0x0, 0xf, 0x20, 0x0, 0x3f, 0x10, 0x5,
    0xe0, 0x0, 0x0, 0xf, 0x20, 0x35, 0x7f, 0x65,
    0x59, 0xf5, 0x51, 0x14, 0x5f, 0x74, 0x8d, 0xef,
    0xed, 0xde, 0xfd, 0xd4, 0x3f, 0xff, 0xff, 0x10,
    0x3f, 0x10, 0x5, 0xe0, 0x0, 0x0, 0xf, 0x20,
    0x0, 0x3f, 0x10, 0x5, 0xe0, 0x0, 0x0, 0xf,
    0x20, 0x2, 0x24, 0x22, 0x22, 0x42, 0x10, 0x0,
    0xf, 0x21, 0xe, 0xff, 0xff, 0xff, 0xff, 0xa0,
    0x0, 0x2f, 0xdf, 0x1e, 0x50, 0xe, 0x50, 0xa,
    0xa0, 0x3c, 0xff, 0xb5, 0xe, 0x50, 0xe, 0x40,
    0xa, 0xa0, 0x4c, 0x7f, 0x20, 0xe, 0x73, 0x3f,
    0x73, 0x3b, 0xa0, 0x0, 0xf, 0x20, 0xe, 0xff,
    0xff, 0xff, 0xff, 0xa0, 0x0, 0xf, 0x20, 0xe,
    0x50, 0xe, 0x40, 0xa, 0xa0, 0x0, 0xf, 0x20,
    0xe, 0x50, 0xe, 0x40, 0xa, 0xa0, 0x5, 0x6f,
    0x20, 0xe, 0xfe, 0xef, 0xfe, 0xef, 0xa0, 0xc,
    0xda, 0x0, 0xe, 0x84, 0x44, 0x44, 0x4a, 0x90,

    /* U+63D0 "提" */
    0x0, 0x5, 0x10, 0x0, 0x0, 0x0, 0x0, 0x0,
    0x0, 0x0, 0xf, 0x30, 0xa, 0xcc, 0xcc, 0xcc,
    0xcb, 0x0, 0x0, 0xf, 0x30, 0xd, 0x94, 0x44,
    0x44, 0x8e, 0x0, 0x0, 0xf, 0x30, 0xd, 0x60,
    0x0, 0x0, 0x6e, 0x0, 0x16, 0x6f, 0x86, 0x1d,
    0xff, 0xff, 0xff, 0xfe, 0x0, 0x3a, 0xaf, 0xba,
    0x2d, 0x60, 0x0, 0x0, 0x6e, 0x0, 0x0, 0xf,
    0x30, 0xd, 0xee, 0xee, 0xee, 0xee, 0x0, 0x0,
    0xf, 0x30, 0x1, 0x22, 0x22, 0x22, 0x22, 0x0,
    0x0, 0xf, 0x30, 0x12, 0x22, 0x22, 0x22, 0x22,
    0x20, 0x0, 0x1f, 0xbe, 0x9f, 0xff, 0xff, 0xff,
    0xff, 0xd0, 0x3b, 0xff, 0xb5, 0x1, 0x10, 0xf,
    0x30, 0x0, 0x0, 0x39, 0x5f, 0x30, 0xa, 0xb0,
    0xf, 0x41, 0x11, 0x0, 0x0, 0xf, 0x30, 0xe,
    0x80, 0xf, 0xff, 0xff, 0x0, 0x0, 0xf, 0x30,
    0x2f, 0xe0, 0xf, 0x40, 0x0, 0x0, 0x0, 0xf,
    0x30, 0x8c, 0xba, 0x1f, 0x30, 0x0, 0x0, 0x1,
    0x2f, 0x32, 0xf5, 0x1d, 0xef, 0x73, 0x22, 0x31,
    0xd, 0xfd, 0xa, 0xa0, 0x0, 0x7c, 0xef, 0xff,
    0xf3, 0x1, 0x10, 0x0, 0x0, 0x0, 0x0, 0x0,
    0x0, 0x0,

    /* U+6487 "撇" */
    0x0, 0x27, 0x0, 0x0, 0x72, 0x0, 0x3, 0x40,
    0x0, 0x0, 0x3e, 0x1, 0x50, 0xe4, 0x6, 0x9,
    0x80, 0x0, 0x0, 0x3e, 0x0, 0xe0, 0xe4, 0x4d,
    0xb, 0x60, 0x0, 0x0, 0x3e, 0x0, 0xa4, 0xe4,
    0x97, 0xe, 0x51, 0x10, 0x8, 0xaf, 0x83, 0x67,
    0xe4, 0xf2, 0xf, 0xff, 0xf5, 0xd, 0xef, 0xd5,
    0x46, 0xe6, 0x82, 0x4e, 0x37, 0xb1, 0x0, 0x3e,
    0x2, 0xff, 0xff, 0xfe, 0x8d, 0x6, 0x80, 0x0,
    0x3e, 0x2, 0xd0, 0xc1, 0x1e, 0xef, 0x19, 0x60,
    0x0, 0x3e, 0x2, 0xd6, 0xd9, 0x1f, 0xdc, 0x3b,
    0x30, 0x0, 0x3e, 0x55, 0xda, 0xca, 0x4e, 0x18,
    0x7e, 0x10, 0x4, 0xbf, 0xd6, 0xda, 0xc7, 0x7e,
    0x4, 0xcd, 0x0, 0x1f, 0xce, 0x2, 0xd9, 0xc5,
    0xae, 0x1, 0xf9, 0x0, 0x0, 0x3e, 0x2, 0xe8,
    0xc3, 0xce, 0x0, 0xe5, 0x0, 0x0, 0x3e, 0x2,
    0xd0, 0xc1, 0x2e, 0x3, 0xfa, 0x0, 0x0, 0x3e,
    0x2, 0xd0, 0xc1, 0x1e, 0xb, 0x9f, 0x30, 0x1,
    0x6e, 0x2, 0xd0, 0xc1, 0x2e, 0x6e, 0x8, 0xe1,
    0xb, 0xe8, 0x2, 0xd0, 0x93, 0xfa, 0xb2, 0x0,
    0xb3, 0x0, 0x0, 0x0, 0x0, 0x0, 0x0, 0x0,
    0x0, 0x0,

    /* U+6491 "撑" */
    0x0, 0x1, 0x0, 0x0, 0x0, 0x1, 0x0, 0x0,
    0x0, 0x0, 0x1f, 0x20, 0x4, 0xa0, 0xf, 0x30,
    0x78, 0x0, 0x0, 0x1f, 0x20, 0x1, 0xe7, 0xf,
    0x31, 0xf4, 0x0, 0x0, 0x1f, 0x20, 0x8d, 0xed,
    0xdf, 0xdd, 0xed, 0xb0, 0x28, 0x9f, 0xa8, 0xa9,
    0x22, 0x22, 0x22, 0x27, 0xe0, 0x2b, 0xbf, 0xca,
    0xa9, 0xee, 0xee, 0xee, 0xe8, 0xe0, 0x0, 0x1f,
    0x20, 0x1, 0xf1, 0x0, 0x0, 0xf3, 0x0, 0x0,
    0x1f, 0x20, 0x1, 0xfc, 0xbb, 0xbb, 0xf3, 0x0,
    0x0, 0x1f, 0x68, 0x10, 0x22, 0x22, 0x34, 0x64,
    0x0, 0x5, 0xaf, 0xfc, 0x2c, 0xde, 0xef, 0xed,
    0xb8, 0x0, 0x5f, 0xcf, 0x30, 0x1, 0x11, 0xf,
    0x50, 0x0, 0x0, 0x1, 0x1f, 0x20, 0x7e, 0xee,
    0xef, 0xfe, 0xee, 0x80, 0x0, 0x1f, 0x20, 0x1,
    0x11, 0x1f, 0x61, 0x11, 0x0, 0x0, 0x1f, 0x21,
    0xbb, 0xbb, 0xbf, 0xdb, 0xbb, 0xb4, 0x0, 0x1f,
    0x20, 0x33, 0x33, 0x4f, 0x83, 0x33, 0x31, 0x3,
    0x5f, 0x20, 0x0, 0x0, 0x1f, 0x50, 0x0, 0x0,
    0xd, 0xfb, 0x0, 0x0, 0x7f, 0xfc, 0x10, 0x0,
    0x0, 0x0, 0x0, 0x0, 0x0, 0x0, 0x0, 0x0,
    0x0, 0x0,

    /* U+64B0 "撰" */
    0x0, 0x5, 0x10, 0x0, 0x0, 0x0, 0x0, 0x0,
    0x0, 0x0, 0xf, 0x40, 0x4c, 0xcc, 0xc2, 0xbc,
    0xcc, 0xb0, 0x0, 0xf, 0x40, 0x5d, 0x22, 0xe2,
    0xe5, 0x25, 0xe0, 0x0, 0xf, 0x40, 0x5c, 0x0,
    0xe2, 0xe3, 0x2, 0xe0, 0x14, 0x4f, 0x74, 0x6f,
    0xff, 0xf2, 0xef, 0xff, 0xe0, 0x3f, 0xff, 0xff,
    0x8c, 0x0, 0x21, 0xe3, 0x0, 0x30, 0x0, 0xf,
    0x40, 0x5d, 0x22, 0x99, 0xe5, 0x22, 0xc5, 0x0,
    0xf, 0x40, 0x1b, 0xdd, 0xc3, 0x7d, 0xdd, 0xa1,
    0x0, 0xf, 0x43, 0x0, 0x2f, 0x0, 0xf, 0x50,
    0x0, 0x0, 0x2f, 0xef, 0x43, 0x5f, 0x43, 0x3f,
    0x73, 0x30, 0x4d, 0xff, 0xa3, 0x6e, 0xef, 0xee,
    0xef, 0xee, 0xd0, 0x27, 0x2f, 0x40, 0x0, 0x2f,
    0x0, 0xf, 0x50, 0x0, 0x0, 0xf, 0x40, 0x22,
    0x5f, 0x32, 0x3f, 0x72, 0x21, 0x0, 0xf, 0x43,
    0xff, 0xff, 0xff, 0xff, 0xff, 0xf7, 0x0, 0xf,
    0x40, 0x0, 0x9d, 0x0, 0x1a, 0x60, 0x0, 0x3,
    0x4f, 0x30, 0x5d, 0xd2, 0x0, 0x4, 0xce, 0x50,
    0xc, 0xfc, 0x12, 0xd7, 0x0, 0x0, 0x0, 0x5,
    0xd2, 0x0, 0x0, 0x0, 0x0, 0x0, 0x0, 0x0,
    0x0, 0x0,

    /* U+6536 "收" */
    0x0, 0x0, 0x4, 0x0, 0x5, 0x40, 0x0, 0x0,
    0x0, 0x0, 0x2, 0xf2, 0x0, 0xe9, 0x0, 0x0,
    0x0, 0x3, 0x0, 0x2f, 0x20, 0x1f, 0x60, 0x0,
    0x0, 0x4, 0xf0, 0x2, 0xf2, 0x5, 0xf3, 0x0,
    0x0, 0x0, 0x4f, 0x0, 0x2f, 0x20, 0x9f, 0x66,
    0x66, 0x66, 0x14, 0xf0, 0x2, 0xf2, 0xe, 0xfe,
    0xee, 0xff, 0xe2, 0x4f, 0x0, 0x2f, 0x25, 0xf9,
    0x0, 0xa, 0xb0, 0x4, 0xf0, 0x2, 0xf2, 0xcf,
    0xe0, 0x0, 0xe6, 0x0, 0x4f, 0x0, 0x2f, 0x9f,
    0x4e, 0x40, 0x2f, 0x20, 0x4, 0xf0, 0x2, 0xf4,
    0x70, 0x9b, 0x8, 0xe0, 0x0, 0x4f, 0x0, 0x2f,
    0x20, 0x2, 0xf3, 0xe7, 0x0, 0x4, 0xf4, 0x8d,
    0xf2, 0x0, 0xa, 0xee, 0x0, 0x0, 0xaf, 0xfc,
    0x8f, 0x20, 0x0, 0x4f, 0x90, 0x0, 0x7, 0x71,
    0x2, 0xf2, 0x0, 0x1d, 0xef, 0x40, 0x0, 0x0,
    0x0, 0x2f, 0x20, 0x2d, 0xc1, 0x9f, 0x50, 0x0,
    0x0, 0x2, 0xf3, 0x8f, 0xb1, 0x0, 0x9f, 0xa1,
    0x0, 0x0, 0x2f, 0x3c, 0x60, 0x0, 0x0, 0x4a,
    0x0,

    /* U+653E "放" */
    0x0, 0x0, 0x30, 0x0, 0x0, 0x4, 0x10, 0x0,
    0x0, 0x0, 0x0, 0xe6, 0x0, 0x0, 0x1f, 0x50,
    0x0, 0x0, 0x0, 0x0, 0x9c, 0x0, 0x0, 0x5f,
    0x10, 0x0, 0x0, 0x6, 0x66, 0x89, 0x66, 0x50,
    0x9d, 0x0, 0x0, 0x0, 0x1d, 0xdf, 0xed, 0xdd,
    0xc0, 0xdf, 0xff, 0xff, 0xf4, 0x0, 0xf, 0x50,
    0x0, 0x1, 0xf8, 0x44, 0x9f, 0x41, 0x0, 0xf,
    0x50, 0x0, 0x8, 0xf8, 0x0, 0x9b, 0x0, 0x0,
    0xf, 0x95, 0x55, 0x1e, 0xfb, 0x0, 0xc8, 0x0,
    0x0, 0xf, 0xee, 0xef, 0x9f, 0x7e, 0x0, 0xf4,
    0x0, 0x0, 0xf, 0x50, 0x3f, 0x77, 0xf, 0x45,
    0xf1, 0x0, 0x0, 0xf, 0x40, 0x4f, 0x0, 0xb,
    0xab, 0xa0, 0x0, 0x0, 0x3f, 0x20, 0x4f, 0x0,
    0x4, 0xff, 0x30, 0x0, 0x0, 0x6f, 0x0, 0x5f,
    0x0, 0x0, 0xed, 0x0, 0x0, 0x0, 0xcb, 0x0,
    0x6e, 0x0, 0xa, 0xff, 0x60, 0x0, 0x3, 0xf5,
    0x0, 0x7d, 0x0, 0xaf, 0x48, 0xf5, 0x0, 0xd,
    0xc0, 0x33, 0xca, 0x5e, 0xf4, 0x0, 0xaf, 0xa1,
    0x2d, 0x20, 0xbf, 0xe4, 0xcb, 0x10, 0x0, 0x6,
    0xe2, 0x0, 0x0, 0x0, 0x0, 0x0, 0x0, 0x0,
    0x0, 0x0,

    /* U+6545 "故" */
    0x0, 0x0, 0x11, 0x0, 0x0, 0x0, 0x0, 0x0,
    0x0, 0x0, 0x0, 0xc9, 0x0, 0x0, 0x6f, 0x0,
    0x0, 0x0, 0x0, 0x0, 0xc9, 0x0, 0x0, 0xac,
    0x0, 0x0, 0x0, 0x0, 0x0, 0xc9, 0x0, 0x0,
    0xe8, 0x0, 0x0, 0x0, 0x6, 0x66, 0xdc, 0x66,
    0x53, 0xfb, 0x99, 0x99, 0x92, 0x1d, 0xdd, 0xff,
    0xdd, 0xb8, 0xfb, 0xbb, 0xdf, 0xb3, 0x0, 0x0,
    0xc9, 0x0, 0xe, 0xf1, 0x0, 0x8c, 0x0, 0x0,
    0x0, 0xc9, 0x0, 0x8f, 0xf4, 0x0, 0xc8, 0x0,
    0x0, 0x0, 0xc9, 0x2, 0xf8, 0xa9, 0x0, 0xf4,
    0x0, 0x4, 0xff, 0xff, 0xff, 0x60, 0x6e, 0x5,
    0xf0, 0x0, 0x4, 0xf3, 0x33, 0x5f, 0x10, 0x1f,
    0x5c, 0x90, 0x0, 0x4, 0xf0, 0x0, 0x2f, 0x10,
    0x9, 0xef, 0x10, 0x0, 0x4, 0xf0, 0x0, 0x2f,
    0x10, 0x3, 0xfa, 0x0, 0x0, 0x4, 0xf0, 0x0,
    0x2f, 0x10, 0xc, 0xff, 0x20, 0x0, 0x4, 0xff,
    0xff, 0xff, 0x11, 0xce, 0x3c, 0xd1, 0x0, 0x4,
    0xf4, 0x44, 0x45, 0x7e, 0xe2, 0x1, 0xee, 0x50,
    0x3, 0x90, 0x0, 0x8, 0xf9, 0x10, 0x0, 0x1b,
    0xf2, 0x0, 0x0, 0x0, 0x0, 0x20, 0x0, 0x0,
    0x0, 0x30,

    /* U+6559 "教" */
    0x0, 0x0, 0x10, 0x0, 0x0, 0x0, 0x0, 0x0,
    0x0, 0x0, 0x0, 0xe4, 0x0, 0x37, 0xa, 0xb0,
    0x0, 0x0, 0x1, 0x33, 0xf7, 0x31, 0xba, 0xe,
    0x80, 0x0, 0x0, 0x5, 0xff, 0xff, 0xfb, 0xf2,
    0x2f, 0x40, 0x0, 0x0, 0x0, 0x0, 0xe4, 0xc,
    0xa0, 0x6f, 0xcb, 0xbb, 0xb3, 0x3, 0x33, 0xf7,
    0x7f, 0x52, 0xbe, 0x88, 0xaf, 0x92, 0x1f, 0xff,
    0xff, 0xff, 0xfc, 0xff, 0x0, 0x6f, 0x0, 0x0,
    0x0, 0x3e, 0x80, 0xa, 0xef, 0x20, 0x9b, 0x0,
    0x0, 0x8f, 0xff, 0xff, 0xbf, 0x5d, 0x60, 0xd8,
    0x0, 0x1, 0xbf, 0x63, 0xcb, 0x14, 0x8, 0xc2,
    0xf3, 0x0, 0xd, 0xd2, 0x1d, 0x90, 0x0, 0x3,
    0xfa, 0xd0, 0x0, 0x2, 0x0, 0x4f, 0x24, 0x55,
    0x0, 0xdf, 0x60, 0x0, 0xb, 0xce, 0xff, 0xfd,
    0xc8, 0x0, 0xbf, 0x20, 0x0, 0x7, 0x64, 0x6f,
    0x0, 0x0, 0x8, 0xfe, 0xc0, 0x0, 0x0, 0x0,
    0x4f, 0x0, 0x0, 0x8f, 0x63, 0xfa, 0x0, 0x0,
    0x12, 0x6f, 0x0, 0x4d, 0xf6, 0x0, 0x5f, 0xc1,
    0x0, 0x3f, 0xfa, 0x0, 0x4c, 0x20, 0x0, 0x4,
    0xc1, 0x0, 0x0, 0x0, 0x0, 0x0, 0x0, 0x0,
    0x0, 0x0,

    /* U+6563 "散" */
    0x0, 0x2, 0x0, 0x12, 0x0, 0x2, 0x20, 0x0,
    0x0, 0x0, 0xf, 0x40, 0x6d, 0x0, 0xb, 0xa0,
    0x0, 0x0, 0x0, 0xf, 0x40, 0x6d, 0x0, 0xe,
    0x70, 0x0, 0x0, 0xc, 0xff, 0xff, 0xff, 0xfa,
    0x1f, 0x40, 0x0, 0x0, 0x2, 0x2f, 0x62, 0x8d,
    0x21, 0x4f, 0xdc, 0xcc, 0xc3, 0x0, 0xf, 0x40,
    0x6d, 0x0, 0x8e, 0x55, 0x8f, 0x61, 0x1e, 0xef,
    0xee, 0xef, 0xea, 0xdf, 0x0, 0x6e, 0x0, 0x4,
    0x44, 0x44, 0x44, 0x47, 0xff, 0x30, 0x9a, 0x0,
    0x0, 0x11, 0x11, 0x11, 0x1b, 0xab, 0x60, 0xc7,
    0x0, 0x0, 0xcf, 0xff, 0xff, 0xa9, 0x37, 0xb1,
    0xf3, 0x0, 0x0, 0xc7, 0x0, 0x9, 0xa0, 0x2,
    0xf7, 0xd0, 0x0, 0x0, 0xcf, 0xff, 0xff, 0xa0,
    0x0, 0xcf, 0x70, 0x0, 0x0, 0xc7, 0x11, 0x1a,
    0xa0, 0x0, 0x8f, 0x20, 0x0, 0x0, 0xce, 0xdd,
    0xdf, 0xa0, 0x3, 0xff, 0xb0, 0x0, 0x0, 0xc8,
    0x22, 0x2a, 0xa0, 0x4e, 0xa3, 0xf9, 0x0, 0x0,
    0xc7, 0x1, 0x2b, 0xb9, 0xfa, 0x0, 0x5f, 0xc1,
    0x0, 0xc7, 0x5, 0xfe, 0x6c, 0x60, 0x0, 0x4,
    0xc0, 0x0, 0x0, 0x0, 0x0, 0x0, 0x0, 0x0,
    0x0, 0x0,

    /* U+6570 "数" */
    0x0, 0x0, 0x0, 0x0, 0x0, 0x0, 0x0, 0x0,
    0x0, 0x1, 0x60, 0x5e, 0x1, 0x70, 0xa, 0x60,
    0x0, 0x0, 0x1, 0xf3, 0x5e, 0x9, 0xa0, 0xf,
    0x50, 0x0, 0x0, 0x0, 0x89, 0x5e, 0x2e, 0x10,
    0x2f, 0x20, 0x0, 0x0, 0xa, 0xba, 0xcf, 0xab,
    0xa6, 0x6f, 0x88, 0x88, 0x80, 0x6, 0x67, 0xff,
    0xc7, 0x64, 0xae, 0xbb, 0xdf, 0xb0, 0x0, 0xc,
    0xef, 0xcb, 0x20, 0xfd, 0x0, 0x9b, 0x0, 0x3,
    0xdb, 0x6e, 0x9, 0xc6, 0xff, 0x10, 0xc7, 0x0,
    0x1e, 0x80, 0x4c, 0x0, 0x1e, 0x7c, 0x50, 0xf4,
    0x0, 0x0, 0x1, 0xd2, 0x0, 0x19, 0x7, 0xb4,
    0xf0, 0x0, 0xa, 0xff, 0xff, 0xff, 0xb0, 0x1,
    0xfb, 0x90, 0x0, 0x1, 0x4f, 0x52, 0x3e, 0x60,
    0x0, 0xcf, 0x30, 0x0, 0x0, 0xae, 0x0, 0x8e,
    0x0, 0x0, 0xbf, 0x10, 0x0, 0x0, 0x5c, 0xe9,
    0xf4, 0x0, 0x7, 0xfd, 0xb0, 0x0, 0x0, 0x0,
    0xbf, 0xf6, 0x0, 0x5f, 0x52, 0xf8, 0x0, 0x2,
    0x7e, 0xc3, 0x5b, 0x2a, 0xf7, 0x0, 0x5f, 0xb1,
    0xe, 0xc6, 0x0, 0x0, 0x9e, 0x30, 0x0, 0x4,
    0xe3, 0x0, 0x0, 0x0, 0x0, 0x10, 0x0, 0x0,
    0x0, 0x0,

    /* U+6587 "文" */
    0x0, 0x0, 0x0, 0x0, 0x10, 0x0, 0x0, 0x0,
    0x0, 0x0, 0x0, 0x0, 0x2, 0xf7, 0x0, 0x0,
    0x0, 0x0, 0x0, 0x0, 0x0, 0x0, 0xae, 0x0,
    0x0, 0x0, 0x0, 0x0, 0x0, 0x0, 0x0, 0x4d,
    0x30, 0x0, 0x0, 0x0, 0x1f, 0xff, 0xff, 0xff,
    0xff, 0xff, 0xff, 0xff, 0xf2, 0x5, 0x57, 0xf8,
    0x55, 0x55, 0x55, 0x9f, 0x75, 0x51, 0x0, 0x0,
    0xbb, 0x0, 0x0, 0x0, 0xbc, 0x0, 0x0, 0x0,
    0x0, 0x3f, 0x30, 0x0, 0x3, 0xf5, 0x0, 0x0,
    0x0, 0x0, 0xc, 0xb0, 0x0, 0xb, 0xd0, 0x0,
    0x0, 0x0, 0x0, 0x3, 0xf7, 0x0, 0x6f, 0x40,
    0x0, 0x0, 0x0, 0x0, 0x0, 0x6f, 0x43, 0xf8,
    0x0, 0x0, 0x0, 0x0, 0x0, 0x0, 0xa, 0xfe,
    0xb0, 0x0, 0x0, 0x0, 0x0, 0x0, 0x0, 0x4,
    0xff, 0x60, 0x0, 0x0, 0x0, 0x0, 0x0, 0x0,
    0x9f, 0xba, 0xfa, 0x10, 0x0, 0x0, 0x0, 0x0,
    0x5e, 0xf6, 0x0, 0x5f, 0xe6, 0x0, 0x0, 0x3,
    0x9e, 0xfb, 0x20, 0x0, 0x2, 0xbf, 0xfa, 0x40,
    0x2f, 0xf9, 0x20, 0x0, 0x0, 0x0, 0x2, 0x8e,
    0xf2, 0x3, 0x0, 0x0, 0x0, 0x0, 0x0, 0x0,
    0x0, 0x20,

    /* U+65AD "断" */
    0x13, 0x0, 0xd, 0x10, 0x0, 0x0, 0x3, 0x9b,
    0x14, 0xe2, 0x60, 0xf2, 0x54, 0x5, 0x9e, 0xfc,
    0x61, 0x4e, 0x1e, 0xf, 0x2c, 0x45, 0xf9, 0x51,
    0x0, 0x4, 0xe0, 0xd3, 0xf5, 0xd0, 0x5e, 0x0,
    0x0, 0x0, 0x4e, 0x5, 0x2f, 0x54, 0x5, 0xe0,
    0x0, 0x0, 0x4, 0xe6, 0xab, 0xfb, 0xa9, 0x5e,
    0x11, 0x11, 0x10, 0x4e, 0x47, 0xaf, 0x97, 0x65,
    0xff, 0xff, 0xff, 0xb4, 0xe0, 0xb, 0xfd, 0x0,
    0x5e, 0x22, 0xe8, 0x22, 0x4e, 0x3, 0xef, 0xbb,
    0x6, 0xd0, 0xe, 0x60, 0x4, 0xe0, 0xd6, 0xf2,
    0xd7, 0x7c, 0x0, 0xe6, 0x0, 0x4e, 0xac, 0xf,
    0x23, 0x18, 0xb0, 0xe, 0x60, 0x4, 0xe8, 0x10,
    0xf2, 0x0, 0xaa, 0x0, 0xe6, 0x0, 0x4e, 0x0,
    0xf, 0x20, 0xd, 0x70, 0xe, 0x60, 0x4, 0xf6,
    0x66, 0x66, 0x63, 0xf3, 0x0, 0xe6, 0x0, 0x3d,
    0xdd, 0xdd, 0xdd, 0xce, 0x0, 0xe, 0x60, 0x0,
    0x0, 0x0, 0x0, 0xa, 0x70, 0x0, 0xe6, 0x0,
    0x0, 0x0, 0x0, 0x0, 0x0, 0x0, 0x0, 0x0,
    0x0,

    /* U+65B7 "斷" */
    0x0, 0x0, 0x0, 0x0, 0x0, 0x0, 0x0, 0x0,
    0x62, 0xa, 0x0, 0x29, 0x0, 0x0, 0x3a, 0xe2,
    0xd5, 0x49, 0x40, 0xa4, 0x50, 0x8e, 0xe9, 0x30,
    0xd7, 0xe9, 0xc6, 0xea, 0x80, 0xe5, 0x0, 0x0,
    0xd6, 0x7d, 0x33, 0x7b, 0x20, 0xe3, 0x0, 0x0,
    0xd6, 0xb9, 0xc3, 0xe7, 0xd0, 0xe3, 0x0, 0x0,
    0xd7, 0x96, 0x96, 0x74, 0x81, 0xe9, 0x77, 0x77,
    0xde, 0xdd, 0xdd, 0xdd, 0xd3, 0xeb, 0x9f, 0xb9,
    0xd7, 0x26, 0x32, 0x46, 0x20, 0xe3, 0xe, 0x30,
    0xd5, 0x1d, 0x0, 0x77, 0x0, 0xf2, 0xe, 0x30,
    0xd5, 0x94, 0xb2, 0xc3, 0xb0, 0xf1, 0xe, 0x30,
    0xd9, 0xfe, 0x98, 0xef, 0x20, 0xf0, 0xe, 0x30,
    0xd6, 0x3c, 0x30, 0x68, 0x32, 0xf0, 0xe, 0x30,
    0xd7, 0xd9, 0xc5, 0xe9, 0xa5, 0xc0, 0xe, 0x30,
    0xd7, 0x85, 0x85, 0x63, 0x98, 0x90, 0xe, 0x30,
    0xdf, 0xff, 0xff, 0xff, 0x9e, 0x30, 0xe, 0x30,
    0x12, 0x22, 0x22, 0x22, 0x2a, 0x0, 0xe, 0x30,

    /* U+65B9 "方" */
    0x0, 0x0, 0x0, 0x0, 0x1, 0x0, 0x0, 0x0,
    0x0, 0x0, 0x0, 0x0, 0xc, 0xb0, 0x0, 0x0,
    0x0, 0x0, 0x0, 0x0, 0x0, 0x6f, 0x30, 0x0,
    0x0, 0x0, 0x0, 0x0, 0x0, 0x0, 0xd4, 0x0,
    0x0, 0x0, 0xb, 0xff, 0xff, 0xff, 0xff, 0xff,
    0xff, 0xff, 0xe0, 0x34, 0x44, 0x4d, 0xc4, 0x44,
    0x44, 0x44, 0x44, 0x0, 0x0, 0x0, 0xe9, 0x0,
    0x0, 0x0, 0x0, 0x0, 0x0, 0x0, 0xf, 0x70,
    0x0, 0x0, 0x0, 0x0, 0x0, 0x0, 0x1, 0xff,
    0xff, 0xff, 0xff, 0xf1, 0x0, 0x0, 0x0, 0x5f,
    0x75, 0x55, 0x55, 0x9f, 0x0, 0x0, 0x0, 0x9,
    0xe0, 0x0, 0x0, 0x6, 0xf0, 0x0, 0x0, 0x0,
    0xda, 0x0, 0x0, 0x0, 0x8d, 0x0, 0x0, 0x0,
    0x4f, 0x40, 0x0, 0x0, 0xa, 0xc0, 0x0, 0x0,
    0xd, 0xc0, 0x0, 0x0, 0x0, 0xc9, 0x0, 0x0,
    0xb, 0xe2, 0x0, 0x0, 0x0, 0xf, 0x70, 0x0,
    0x3c, 0xf4, 0x0, 0x1, 0x54, 0x49, 0xf2, 0x0,
    0xc, 0xc2, 0x0, 0x0, 0x1f, 0xff, 0xe7, 0x0,
    0x0, 0x0, 0x0, 0x0, 0x0, 0x0, 0x0, 0x0,
    0x0,

    /* U+65BC "於" */
    0x0, 0x0, 0x0, 0x0, 0x0, 0x0, 0x10, 0x0,
    0x0, 0x0, 0xa, 0xb0, 0x0, 0x0, 0x2, 0xf3,
    0x0, 0x0, 0x0, 0x2, 0xf5, 0x0, 0x0, 0x8,
    0xf4, 0x0, 0x0, 0x2, 0x22, 0xa8, 0x22, 0x0,
    0x1e, 0xdd, 0x0, 0x0, 0x1f, 0xff, 0xff, 0xff,
    0x30, 0x9d, 0xd, 0x90, 0x0, 0x1, 0x5f, 0x21,
    0x11, 0x6, 0xf4, 0x3, 0xf7, 0x0, 0x0, 0x5f,
    0x0, 0x0, 0x6f, 0x80, 0x0, 0x6f, 0x90, 0x0,
    0x5f, 0x44, 0x44, 0xf8, 0x0, 0x0, 0x7, 0xf3,
    0x0, 0x6f, 0xff, 0xf8, 0x20, 0x2d, 0x50, 0x0,
    0x10, 0x0, 0x7d, 0x0, 0xc7, 0x0, 0x7, 0xf9,
    0x0, 0x0, 0x0, 0x8c, 0x0, 0xd6, 0x0, 0x0,
    0x4e, 0x50, 0x0, 0x0, 0xaa, 0x0, 0xe6, 0x0,
    0x0, 0x0, 0x0, 0x0, 0x0, 0xd7, 0x0, 0xf5,
    0x0, 0x10, 0x0, 0x0, 0x0, 0x1, 0xf4, 0x0,
    0xf4, 0x3, 0xf9, 0x10, 0x0, 0x0, 0x7, 0xf0,
    0x2, 0xf2, 0x0, 0x6e, 0xf7, 0x0, 0x0, 0x1e,
    0x91, 0x39, 0xf0, 0x0, 0x0, 0x8f, 0xc1, 0x0,
    0x3e, 0x13, 0xff, 0x70, 0x0, 0x0, 0x3, 0x90,
    0x0, 0x0, 0x0, 0x0, 0x0, 0x0, 0x0, 0x0,
    0x0, 0x0,

    /* U+65E0 "无" */
    0x0, 0xef, 0xff, 0xff, 0xff, 0xff, 0xff, 0xff,
    0x10, 0x0, 0x55, 0x55, 0x56, 0xf9, 0x55, 0x55,
    0x55, 0x0, 0x0, 0x0, 0x0, 0x0, 0xf4, 0x0,
    0x0, 0x0, 0x0, 0x0, 0x0, 0x0, 0x1, 0xf3,
    0x0, 0x0, 0x0, 0x0, 0x0, 0x0, 0x0, 0x3,
    0xf2, 0x0, 0x0, 0x0, 0x0, 0x5, 0x55, 0x55,
    0x58, 0xf6, 0x55, 0x55, 0x55, 0x50, 0xf, 0xff,
    0xff, 0xff, 0xff, 0xff, 0xff, 0xff, 0xf1, 0x0,
    0x0, 0x0, 0xb, 0xac, 0x90, 0x0, 0x0, 0x0,
    0x0, 0x0, 0x0, 0x1f, 0x5c, 0x90, 0x0, 0x0,
    0x0, 0x0, 0x0, 0x0, 0x8e, 0xc, 0x90, 0x0,
    0x0, 0x0, 0x0, 0x0, 0x2, 0xf6, 0xc, 0x90,
    0x0, 0x0, 0x0, 0x0, 0x0, 0x1d, 0xd0, 0xc,
    0x90, 0x0, 0x0, 0xe2, 0x0, 0x2, 0xed, 0x10,
    0xc, 0x90, 0x0, 0x2, 0xf2, 0x1, 0x9f, 0xd1,
    0x0, 0xb, 0xd6, 0x55, 0x5a, 0xe0, 0x1e, 0xf7,
    0x0, 0x0, 0x4, 0xef, 0xff, 0xfe, 0x60, 0x3,
    0x0, 0x0, 0x0, 0x0, 0x0, 0x0, 0x0, 0x0,

    /* U+65E5 "日" */
    0xef, 0xff, 0xff, 0xff, 0xff, 0xfe, 0xea, 0x66,
    0x66, 0x66, 0x66, 0xbe, 0xe7, 0x0, 0x0, 0x0,
    0x0, 0x8e, 0xe7, 0x0, 0x0, 0x0, 0x0, 0x8e,
    0xe7, 0x0, 0x0, 0x0, 0x0, 0x8e, 0xe7, 0x0,
    0x0, 0x0, 0x0, 0x8e, 0xef, 0xee, 0xee, 0xee,
    0xee, 0xfe, 0xeb, 0x66, 0x66, 0x66, 0x66, 0xbe,
    0xe7, 0x0, 0x0, 0x0, 0x0, 0x8e, 0xe7, 0x0,
    0x0, 0x0, 0x0, 0x8e, 0xe7, 0x0, 0x0, 0x0,
    0x0, 0x8e, 0xe7, 0x0, 0x0, 0x0, 0x0, 0x8e,
    0xe9, 0x44, 0x44, 0x44, 0x44, 0xae, 0xef, 0xff,
    0xff, 0xff, 0xff, 0xfe, 0xe7, 0x11, 0x11, 0x11,
    0x11, 0x8d,

    /* U+65E8 "旨" */
    0x12, 0x0, 0x0, 0x0, 0x0, 0x0, 0x0, 0x6,
    0xe0, 0x0, 0x0, 0x0, 0x0, 0x31, 0x0, 0x6e,
    0x1, 0x35, 0x68, 0xbd, 0xff, 0x90, 0x6, 0xff,
    0xff, 0xdc, 0xa8, 0x53, 0x0, 0x0, 0x6f, 0x21,
    0x0, 0x0, 0x0, 0x0, 0xd, 0x36, 0xf1, 0x0,
    0x0, 0x0, 0x0, 0x6, 0xf2, 0x1e, 0xff, 0xff,
    0xff, 0xff, 0xff, 0xfb, 0x0, 0x3, 0x45, 0x55,
    0x55, 0x55, 0x43, 0x0, 0x0, 0x0, 0x0, 0x0,
    0x0, 0x0, 0x0, 0x0, 0xdf, 0xff, 0xff, 0xff,
    0xff, 0xff, 0x30, 0xd, 0x93, 0x33, 0x33, 0x33,
    0x35, 0xf3, 0x0, 0xd6, 0x0, 0x0, 0x0, 0x0,
    0x1f, 0x30, 0xd, 0xff, 0xff, 0xff, 0xff, 0xff,
    0xf3, 0x0, 0xd8, 0x22, 0x22, 0x22, 0x22, 0x4f,
    0x30, 0xd, 0x60, 0x0, 0x0, 0x0, 0x1, 0xf3,
    0x0, 0xd9, 0x44, 0x44, 0x44, 0x44, 0x5f, 0x30,
    0xd, 0xfe, 0xee, 0xee, 0xee, 0xee, 0xe3, 0x0,

    /* U+65F6 "时" */
    0x0, 0x0, 0x0, 0x0, 0x0, 0x0, 0x1c, 0x30,
    0x2, 0x66, 0x66, 0x61, 0x0, 0x0, 0x1, 0xf4,
    0x0, 0x5f, 0xdd, 0xdf, 0x40, 0x0, 0x0, 0x1f,
    0x40, 0x5, 0xe0, 0x0, 0xf4, 0x55, 0x55, 0x56,
    0xf8, 0x52, 0x5e, 0x0, 0xf, 0x4d, 0xff, 0xff,
    0xff, 0xff, 0x75, 0xe0, 0x0, 0xf4, 0x0, 0x0,
    0x1, 0xf4, 0x0, 0x5f, 0x33, 0x3f, 0x40, 0x50,
    0x0, 0x1f, 0x40, 0x5, 0xff, 0xff, 0xf4, 0x1e,
    0x80, 0x1, 0xf4, 0x0, 0x5e, 0x0, 0xf, 0x40,
    0x5f, 0x40, 0x1f, 0x40, 0x5, 0xe0, 0x0, 0xf4,
    0x0, 0xad, 0x1, 0xf4, 0x0, 0x5e, 0x0, 0xf,
    0x40, 0x1, 0xf6, 0x1f, 0x40, 0x5, 0xe1, 0x11,
    0xf4, 0x0, 0x1, 0x1, 0xf4, 0x0, 0x5f, 0xff,
    0xff, 0x40, 0x0, 0x0, 0x1f, 0x40, 0x5, 0xe1,
    0x11, 0x10, 0x0, 0x0, 0x1, 0xf4, 0x0, 0x4b,
    0x0, 0x0, 0x0, 0x3, 0x55, 0x7f, 0x30, 0x0,
    0x0, 0x0, 0x0, 0x0, 0x6f, 0xfe, 0xa0, 0x0,

    /* U+6607 "昇" */
    0x0, 0x2, 0x22, 0x22, 0x22, 0x22, 0x22, 0x20,
    0x0, 0x0, 0x3f, 0xee, 0xee, 0xee, 0xee, 0xef,
    0xf2, 0x0, 0x0, 0x3f, 0x10, 0x0, 0x0, 0x0,
    0x3, 0xf2, 0x0, 0x0, 0x3f, 0xff, 0xff, 0xff,
    0xff, 0xff, 0xf2, 0x0, 0x0, 0x3f, 0x21, 0x11,
    0x11, 0x11, 0x14, 0xf2, 0x0, 0x0, 0x3f, 0x31,
    0x11, 0x11, 0x11, 0x14, 0xf2, 0x0, 0x0, 0x3f,
    0xff, 0xff, 0xff, 0xff, 0xff, 0xf2, 0x0, 0x0,
    0x0, 0x13, 0x6a, 0xe8, 0x1, 0xf4, 0x0, 0x0,
    0x1, 0xdf, 0xff, 0xf8, 0x40, 0x1, 0xf4, 0x0,
    0x0, 0x0, 0x64, 0x17, 0xd0, 0x0, 0x1, 0xf4,
    0x0, 0x0, 0x3, 0x33, 0x39, 0xe3, 0x33, 0x34,
    0xf7, 0x33, 0x30, 0x2f, 0xff, 0xff, 0xff, 0xff,
    0xff, 0xff, 0xff, 0xf2, 0x0, 0x0, 0xc, 0x90,
    0x0, 0x1, 0xf4, 0x0, 0x0, 0x0, 0x0, 0x8f,
    0x30, 0x0, 0x1, 0xf4, 0x0, 0x0, 0x0, 0x4c,
    0xf5, 0x0, 0x0, 0x1, 0xf4, 0x0, 0x0, 0x3,
    0xe8, 0x10, 0x0, 0x0, 0x1, 0xf4, 0x0, 0x0,
    0x0, 0x0, 0x0, 0x0, 0x0, 0x0, 0x0, 0x0,
    0x0,

    /* U+660E "明" */
    0x0, 0x0, 0x0, 0x0, 0x55, 0x55, 0x55, 0x55,
    0x5f, 0xff, 0xff, 0x50, 0xef, 0xee, 0xee, 0xfe,
    0x5f, 0x33, 0x3f, 0x50, 0xe6, 0x0, 0x0, 0x6e,
    0x5e, 0x0, 0xe, 0x50, 0xe6, 0x0, 0x0, 0x6e,
    0x5e, 0x0, 0xe, 0x50, 0xe6, 0x0, 0x0, 0x6e,
    0x5f, 0x44, 0x4f, 0x50, 0xef, 0xee, 0xee, 0xfe,
    0x5f, 0xff, 0xff, 0x50, 0xe9, 0x55, 0x55, 0x9e,
    0x5e, 0x0, 0xe, 0x50, 0xf5, 0x0, 0x0, 0x6e,
    0x5e, 0x0, 0xe, 0x50, 0xf5, 0x0, 0x0, 0x6e,
    0x5e, 0x0, 0xe, 0x51, 0xf8, 0x55, 0x55, 0xae,
    0x5f, 0x44, 0x4f, 0x55, 0xfe, 0xee, 0xee, 0xee,
    0x5f, 0xee, 0xee, 0x59, 0xe0, 0x0, 0x0, 0x6e,
    0x5e, 0x0, 0x0, 0x1f, 0x90, 0x0, 0x0, 0x6e,
    0x26, 0x0, 0x0, 0xaf, 0x20, 0x0, 0x0, 0x6e,
    0x0, 0x0, 0x9, 0xf6, 0x0, 0x2, 0x44, 0x9e,
    0x0, 0x0, 0x1e, 0x70, 0x0, 0x4, 0xff, 0xd6,
    0x0, 0x0, 0x0, 0x0, 0x0, 0x0, 0x0, 0x0,

    /* U+6625 "春" */
    0x0, 0x0, 0x0, 0x0, 0x42, 0x0, 0x0, 0x0,
    0x0, 0x0, 0x0, 0x0, 0x0, 0xf6, 0x0, 0x0,
    0x0, 0x0, 0x1, 0xdd, 0xdd, 0xde, 0xfe, 0xdd,
    0xdd, 0xdd, 0x0, 0x0, 0x44, 0x44, 0x4a, 0xf4,
    0x44, 0x44, 0x44, 0x0, 0x0, 0x12, 0x22, 0x2b,
    0xc2, 0x22, 0x22, 0x21, 0x0, 0x0, 0x7f, 0xff,
    0xff, 0xff, 0xff, 0xff, 0xf7, 0x0, 0x0, 0x0,
    0x0, 0x9d, 0x0, 0x0, 0x0, 0x0, 0x0, 0xd,
    0xdd, 0xde, 0xff, 0xdd, 0xdd, 0xdd, 0xdd, 0xd0,
    0x4, 0x44, 0x7f, 0xb4, 0x44, 0x49, 0xf7, 0x44,
    0x40, 0x0, 0x1, 0xdf, 0x20, 0x0, 0x1, 0xed,
    0x10, 0x0, 0x0, 0x2d, 0xff, 0xff, 0xff, 0xff,
    0xff, 0xd2, 0x0, 0x6, 0xfe, 0xdb, 0x0, 0x0,
    0x0, 0xae, 0xdf, 0x70, 0x1f, 0xa1, 0xab, 0x11,
    0x11, 0x11, 0xbc, 0x1b, 0xe1, 0x2, 0x0, 0xaf,
    0xff, 0xff, 0xff, 0xfc, 0x0, 0x10, 0x0, 0x0,
    0xab, 0x0, 0x0, 0x0, 0xac, 0x0, 0x0, 0x0,
    0x0, 0xac, 0x33, 0x33, 0x33, 0xbc, 0x0, 0x0,
    0x0, 0x0, 0xaf, 0xee, 0xee, 0xee, 0xeb, 0x0,
    0x0,

    /* U+6627 "昧" */
    0x0, 0x0, 0x0, 0x0, 0x0, 0x61, 0x0, 0x0,
    0x0, 0x0, 0x0, 0x0, 0x0, 0x2f, 0x30, 0x0,
    0x0, 0xef, 0xff, 0xf0, 0x0, 0x2, 0xf3, 0x0,
    0x0, 0xe, 0xa6, 0x8f, 0x2, 0x22, 0x4f, 0x52,
    0x22, 0x0, 0xe6, 0x3, 0xf0, 0xef, 0xff, 0xff,
    0xff, 0xf4, 0xe, 0x60, 0x3f, 0x2, 0x22, 0x4f,
    0x52, 0x22, 0x0, 0xe6, 0x3, 0xf0, 0x0, 0x2,
    0xf3, 0x0, 0x0, 0xe, 0xca, 0xcf, 0x0, 0x0,
    0x2f, 0x30, 0x0, 0x0, 0xeb, 0x8a, 0xf7, 0xff,
    0xff, 0xff, 0xff, 0xfb, 0xe, 0x60, 0x3f, 0x25,
    0x55, 0xef, 0xf5, 0x55, 0x40, 0xe6, 0x3, 0xf0,
    0x0, 0x4f, 0xff, 0x60, 0x0, 0xe, 0x60, 0x3f,
    0x0, 0xd, 0xaf, 0x9e, 0x10, 0x0, 0xe8, 0x36,
    0xf0, 0x9, 0xc2, 0xf3, 0xc9, 0x0, 0xe, 0xff,
    0xff, 0x6, 0xf2, 0x2f, 0x33, 0xf5, 0x0, 0xe6,
    0x0, 0x7, 0xf5, 0x2, 0xf3, 0x7, 0xf4, 0x7,
    0x30, 0x7, 0xf5, 0x0, 0x2f, 0x30, 0x9, 0xd0,
    0x0, 0x0, 0x1, 0x0, 0x2, 0xf3, 0x0, 0x0,
    0x0,

    /* U+662D "昭" */
    0x0, 0x0, 0x0, 0x46, 0x66, 0x66, 0x66, 0x64,
    0x6f, 0xff, 0xfe, 0x7c, 0xce, 0xfc, 0xcc, 0xf9,
    0x6e, 0x44, 0x7e, 0x0, 0xa, 0xa0, 0x0, 0xb8,
    0x6d, 0x0, 0x4e, 0x0, 0xe, 0x70, 0x0, 0xc7,
    0x6d, 0x0, 0x4e, 0x0, 0x4f, 0x10, 0x0, 0xe6,
    0x6d, 0x0, 0x4e, 0x0, 0xda, 0x0, 0x0, 0xf4,
    0x6f, 0x99, 0xbe, 0x1b, 0xd1, 0x3, 0x58, 0xf1,
    0x6f, 0xaa, 0xce, 0xcb, 0x10, 0x6, 0xed, 0x60,
    0x6d, 0x0, 0x4e, 0x10, 0x0, 0x0, 0x0, 0x0,
    0x6d, 0x0, 0x4e, 0xe, 0xff, 0xff, 0xff, 0xf6,
    0x6d, 0x0, 0x4e, 0xe, 0x83, 0x33, 0x33, 0xf6,
    0x6e, 0x33, 0x7e, 0xe, 0x50, 0x0, 0x0, 0xe6,
    0x6f, 0xff, 0xfe, 0xe, 0x50, 0x0, 0x0, 0xe6,
    0x6d, 0x0, 0x0, 0xe, 0x50, 0x0, 0x0, 0xe6,
    0x13, 0x0, 0x0, 0xe, 0xfe, 0xee, 0xee, 0xf6,
    0x0, 0x0, 0x0, 0xe, 0x95, 0x55, 0x55, 0xe5,

    /* U+662F "是" */
    0x0, 0x2, 0x22, 0x22, 0x22, 0x22, 0x22, 0x20,
    0x0, 0x0, 0xf, 0xed, 0xdd, 0xdd, 0xdd, 0xde,
    0xf0, 0x0, 0x0, 0xf, 0x30, 0x0, 0x0, 0x0,
    0x5, 0xf0, 0x0, 0x0, 0xf, 0xfe, 0xee, 0xee,
    0xee, 0xef, 0xf0, 0x0, 0x0, 0xf, 0x40, 0x0,
    0x0, 0x0, 0x6, 0xf0, 0x0, 0x0, 0xf, 0x63,
    0x33, 0x33, 0x33, 0x38, 0xf0, 0x0, 0x0, 0xc,
    0xcc, 0xcc, 0xcc, 0xcc, 0xcc, 0xc0, 0x0, 0x2,
    0x22, 0x22, 0x22, 0x22, 0x22, 0x22, 0x22, 0x20,
    0xe, 0xff, 0xff, 0xff, 0xff, 0xff, 0xff, 0xff,
    0xf0, 0x0, 0x0, 0x52, 0x0, 0x8d, 0x0, 0x0,
    0x0, 0x0, 0x0, 0x1, 0xf5, 0x0, 0x8d, 0x0,
    0x0, 0x0, 0x0, 0x0, 0x5, 0xf2, 0x0, 0x8f,
    0xff, 0xff, 0xfc, 0x0, 0x0, 0xc, 0xf9, 0x0,
    0x8d, 0x33, 0x33, 0x32, 0x0, 0x0, 0x6f, 0x5f,
    0x91, 0x8d, 0x0, 0x0, 0x0, 0x0, 0x4, 0xf8,
    0x4, 0xef, 0xde, 0x54, 0x44, 0x44, 0x41, 0x1f,
    0x90, 0x0, 0x6, 0xad, 0xef, 0xff, 0xff, 0xf0,
    0x2, 0x0, 0x0, 0x0, 0x0, 0x0, 0x0, 0x0,
    0x0,

    /* U+663C "昼" */
    0x0, 0x14, 0x44, 0x44, 0x44, 0x44, 0x44, 0x40,
    0x0, 0x0, 0x4f, 0xee, 0xee, 0xee, 0xee, 0xee,
    0xf2, 0x0, 0x0, 0x4f, 0x10, 0x0, 0x0, 0x0,
    0x3, 0xf2, 0x0, 0x0, 0x4f, 0x21, 0x11, 0x11,
    0x11, 0x14, 0xf2, 0x0, 0x0, 0x5f, 0xff, 0xff,
    0xff, 0xff, 0xff, 0xf2, 0x0, 0x0, 0x7d, 0x11,
    0x11, 0x11, 0x1d, 0xb1, 0x10, 0x0, 0x0, 0xb9,
    0x0, 0x0, 0x0, 0x4, 0xf9, 0x0, 0x0, 0x2,
    0xf9, 0xff, 0xff, 0xff, 0xff, 0xff, 0xa2, 0x0,
    0xb, 0xe5, 0xf0, 0x0, 0x0, 0x0, 0x9d, 0xef,
    0x90, 0x6f, 0x54, 0xf2, 0x22, 0x22, 0x22, 0xaa,
    0x19, 0x70, 0x5, 0x4, 0xfc, 0xcc, 0xcc, 0xcc,
    0xea, 0x0, 0x0, 0x0, 0x4, 0xf0, 0x0, 0x0,
    0x0, 0x9a, 0x0, 0x0, 0x0, 0x4, 0xff, 0xff,
    0xff, 0xff, 0xfa, 0x0, 0x0, 0x0, 0x0, 0x11,
    0x11, 0x11, 0x11, 0x10, 0x0, 0x0, 0x4, 0x44,
    0x44, 0x44, 0x44, 0x44, 0x44, 0x44, 0x10, 0xe,
    0xff, 0xff, 0xff, 0xff, 0xff, 0xff, 0xff, 0x30,

    /* U+6642 "時" */
    0x0, 0x0, 0x0, 0x0, 0x0, 0x20, 0x0, 0x0,
    0x0, 0x0, 0x0, 0x0, 0x1, 0xf3, 0x0, 0x0,
    0xcf, 0xff, 0xf4, 0x0, 0x1, 0xf3, 0x0, 0x0,
    0xd9, 0x44, 0xf4, 0xdf, 0xff, 0xff, 0xff, 0xf2,
    0xd6, 0x0, 0xf4, 0x33, 0x34, 0xf6, 0x33, 0x30,
    0xd6, 0x0, 0xf4, 0x0, 0x1, 0xf3, 0x0, 0x0,
    0xd6, 0x0, 0xf9, 0xaa, 0xaa, 0xfb, 0xaa, 0xa9,
    0xdf, 0xee, 0xf8, 0x88, 0x88, 0x88, 0xdd, 0x87,
    0xd9, 0x44, 0xf4, 0x0, 0x0, 0x0, 0xb9, 0x0,
    0xd6, 0x0, 0xf6, 0x33, 0x33, 0x33, 0xcb, 0x32,
    0xd6, 0x0, 0xfa, 0xff, 0xff, 0xff, 0xff, 0xfb,
    0xd6, 0x0, 0xf4, 0x2, 0x0, 0x0, 0xb9, 0x0,
    0xd9, 0x44, 0xf4, 0x2f, 0x60, 0x0, 0xb9, 0x0,
    0xdf, 0xff, 0xf4, 0x6, 0xf3, 0x0, 0xb9, 0x0,
    0xd6, 0x0, 0x0, 0x0, 0xbc, 0x0, 0xb9, 0x0,
    0x52, 0x0, 0x0, 0x0, 0x13, 0x44, 0xd9, 0x0,
    0x0, 0x0, 0x0, 0x0, 0x3, 0xff, 0xd4, 0x0,

    /* U+665D "晝" */
    0x0, 0x0, 0x0, 0x0, 0x11, 0x0, 0x0, 0x0,
    0x0, 0x0, 0x0, 0x0, 0x0, 0xc9, 0x0, 0x0,
    0x0, 0x0, 0x0, 0x1d, 0xdd, 0xdd, 0xff, 0xdd,
    0xde, 0xf0, 0x0, 0x0, 0x0, 0x0, 0x0, 0xca,
    0x0, 0x4, 0xf1, 0x0, 0xd, 0xdd, 0xdd, 0xdd,
    0xfe, 0xdd, 0xdd, 0xfd, 0xd0, 0x0, 0x15, 0x55,
    0x55, 0xdb, 0x55, 0x58, 0xf0, 0x0, 0x0, 0x15,
    0x55, 0x55, 0xdc, 0x55, 0x55, 0x50, 0x0, 0x0,
    0x9d, 0xdd, 0xdd, 0xff, 0xdd, 0xdd, 0xda, 0x0,
    0x0, 0x0, 0x0, 0x0, 0xc9, 0x0, 0x0, 0x0,
    0x0, 0xe, 0xee, 0xee, 0xee, 0xff, 0xee, 0xee,
    0xee, 0xe1, 0x1, 0x11, 0x11, 0x11, 0x11, 0x11,
    0x11, 0x11, 0x10, 0x0, 0xc, 0xec, 0xcc, 0xcc,
    0xcc, 0xcd, 0xf0, 0x0, 0x0, 0xc, 0xb5, 0x55,
    0x55, 0x55, 0x59, 0xf0, 0x0, 0x0, 0xc, 0xb5,
    0x55, 0x55, 0x55, 0x59, 0xf0, 0x0, 0x0, 0xc,
    0xec, 0xcc, 0xcc, 0xcc, 0xcd, 0xf0, 0x0, 0x0,
    0x0, 0x0, 0x0, 0x0, 0x0, 0x0, 0x0, 0x0,
    0xf, 0xff, 0xff, 0xff, 0xff, 0xff, 0xff, 0xff,
    0xf1,

    /* U+666E "普" */
    0x0, 0x0, 0x0, 0x0, 0x0, 0x0, 0x0, 0x0,
    0x0, 0x0, 0x0, 0x8d, 0x0, 0x0, 0x0, 0xe7,
    0x0, 0x0, 0x0, 0x0, 0x1e, 0x60, 0x0, 0x8,
    0xe0, 0x0, 0x0, 0x0, 0xff, 0xff, 0xff, 0xff,
    0xff, 0xff, 0xff, 0x30, 0x0, 0x39, 0x32, 0x9d,
    0x22, 0xe8, 0x24, 0xa3, 0x0, 0x0, 0xd, 0x80,
    0x7c, 0x0, 0xe6, 0x8, 0xc0, 0x0, 0x0, 0x4,
    0xf1, 0x7c, 0x0, 0xe6, 0x2f, 0x30, 0x0, 0x2,
    0x23, 0xa3, 0x9d, 0x22, 0xe8, 0x59, 0x22, 0x20,
    0xf, 0xff, 0xff, 0xff, 0xff, 0xff, 0xff, 0xff,
    0xf1, 0x0, 0x0, 0x0, 0x0, 0x0, 0x0, 0x0,
    0x0, 0x0, 0x0, 0x9, 0xff, 0xff, 0xff, 0xff,
    0xff, 0xb0, 0x0, 0x0, 0x9, 0xb0, 0x0, 0x0,
    0x0, 0xb, 0xb0, 0x0, 0x0, 0x9, 0xb1, 0x11,
    0x11, 0x11, 0x1b, 0xb0, 0x0, 0x0, 0x9, 0xff,
    0xff, 0xff, 0xff, 0xff, 0xb0, 0x0, 0x0, 0x9,
    0xb0, 0x0, 0x0, 0x0, 0xa, 0xb0, 0x0, 0x0,
    0x9, 0xc1, 0x11, 0x11, 0x11, 0x1b, 0xb0, 0x0,
    0x0, 0x9, 0xff, 0xff, 0xff, 0xff, 0xfe, 0xa0,
    0x0,

    /* U+66F8 "書" */
    0x0, 0x0, 0x0, 0x0, 0x11, 0x0, 0x0, 0x0,
    0x0, 0x0, 0x0, 0x0, 0x0, 0xb9, 0x0, 0x0,
    0x0, 0x0, 0x0, 0x1e, 0xee, 0xee, 0xff, 0xee,
    0xee, 0xb0, 0x0, 0x0, 0x0, 0x0, 0x0, 0xb9,
    0x0, 0x8, 0xc0, 0x0, 0xe, 0xff, 0xff, 0xff,
    0xff, 0xff, 0xff, 0xff, 0xf0, 0x0, 0x0, 0x0,
    0x0, 0xca, 0x0, 0x8, 0xc0, 0x0, 0x0, 0x4e,
    0xee, 0xee, 0xff, 0xee, 0xef, 0xc0, 0x0, 0x0,
    0x0, 0x0, 0x0, 0xb9, 0x0, 0x0, 0x0, 0x0,
    0x0, 0xbe, 0xee, 0xee, 0xff, 0xee, 0xee, 0xeb,
    0x0, 0x0, 0x0, 0x0, 0x0, 0xb9, 0x0, 0x0,
    0x0, 0x0, 0xf, 0xff, 0xff, 0xff, 0xff, 0xff,
    0xff, 0xff, 0xf0, 0x1, 0x11, 0x11, 0x11, 0x11,
    0x11, 0x11, 0x11, 0x10, 0x0, 0xa, 0xfe, 0xee,
    0xee, 0xee, 0xef, 0xe0, 0x0, 0x0, 0xa, 0x90,
    0x0, 0x0, 0x0, 0x7, 0xe0, 0x0, 0x0, 0xa,
    0xfe, 0xee, 0xee, 0xee, 0xef, 0xe0, 0x0, 0x0,
    0xa, 0x90, 0x0, 0x0, 0x0, 0x7, 0xe0, 0x0,
    0x0, 0xa, 0xff, 0xff, 0xff, 0xff, 0xff, 0xd0,
    0x0,

    /* U+66FF "替" */
    0x0, 0x0, 0x22, 0x0, 0x0, 0x0, 0x30, 0x0,
    0x0, 0x0, 0x0, 0x9a, 0x0, 0x0, 0x1, 0xf3,
    0x0, 0x0, 0x1, 0x44, 0xbc, 0x44, 0x3, 0x45,
    0xf7, 0x44, 0x0, 0x4, 0xcc, 0xee, 0xcc, 0x9,
    0xcc, 0xfd, 0xcc, 0x10, 0x0, 0x0, 0xb9, 0x0,
    0x0, 0x2, 0xf2, 0x0, 0x0, 0xe, 0xff, 0xff,
    0xff, 0x6f, 0xff, 0xff, 0xff, 0xa0, 0x2, 0x26,
    0xfc, 0x32, 0x12, 0x3d, 0xee, 0x32, 0x10, 0x0,
    0xd, 0xbd, 0xd2, 0x0, 0x8e, 0x1b, 0xb0, 0x0,
    0x1, 0xbd, 0x10, 0xae, 0x2b, 0xe3, 0x1, 0xec,
    0x30, 0xd, 0xc3, 0x22, 0x24, 0x4c, 0x42, 0x22,
    0x2b, 0xd0, 0x2, 0xa, 0xff, 0xff, 0xff, 0xff,
    0xff, 0x60, 0x10, 0x0, 0xa, 0xa0, 0x0, 0x0,
    0x0, 0xf, 0x60, 0x0, 0x0, 0xa, 0xb1, 0x11,
    0x11, 0x11, 0x1f, 0x60, 0x0, 0x0, 0xa, 0xff,
    0xff, 0xff, 0xff, 0xff, 0x60, 0x0, 0x0, 0xa,
    0xa0, 0x0, 0x0, 0x0, 0xf, 0x60, 0x0, 0x0,
    0xa, 0xb2, 0x22, 0x22, 0x22, 0x2f, 0x60, 0x0,
    0x0, 0xa, 0xff, 0xff, 0xff, 0xff, 0xff, 0x50,
    0x0,

    /* U+6708 "月" */
    0x0, 0x0, 0x22, 0x22, 0x22, 0x22, 0x22, 0x20,
    0x0, 0x4f, 0xff, 0xff, 0xff, 0xff, 0xfe, 0x0,
    0x4, 0xf3, 0x22, 0x22, 0x22, 0x29, 0xe0, 0x0,
    0x4f, 0x10, 0x0, 0x0, 0x0, 0x7e, 0x0, 0x4,
    0xf1, 0x0, 0x0, 0x0, 0x7, 0xe0, 0x0, 0x4f,
    0xff, 0xff, 0xff, 0xff, 0xfe, 0x0, 0x4, 0xf6,
    0x55, 0x55, 0x55, 0x5a, 0xe0, 0x0, 0x5f, 0x0,
    0x0, 0x0, 0x0, 0x7e, 0x0, 0x6, 0xf0, 0x0,
    0x0, 0x0, 0x7, 0xe0, 0x0, 0x8f, 0x55, 0x55,
    0x55, 0x55, 0xae, 0x0, 0xb, 0xff, 0xff, 0xff,
    0xff, 0xff, 0xe0, 0x1, 0xf7, 0x0, 0x0, 0x0,
    0x0, 0x7e, 0x0, 0x8f, 0x10, 0x0, 0x0, 0x0,
    0x7, 0xe0, 0x2f, 0xa0, 0x0, 0x0, 0x0, 0x0,
    0x7e, 0x1e, 0xe1, 0x0, 0x0, 0x2, 0x66, 0x6c,
    0xd2, 0xd3, 0x0, 0x0, 0x0, 0x2f, 0xff, 0xc5,
    0x0, 0x0, 0x0, 0x0, 0x0, 0x0, 0x0, 0x0,

    /* U+6709 "有" */
    0x0, 0x0, 0x0, 0x2, 0x0, 0x0, 0x0, 0x0,
    0x0, 0x0, 0x0, 0x3, 0xf4, 0x0, 0x0, 0x0,
    0x0, 0x0, 0x0, 0x0, 0x8e, 0x0, 0x0, 0x0,
    0x0, 0x0, 0xcf, 0xff, 0xff, 0xff, 0xff, 0xff,
    0xff, 0xfe, 0x4, 0x44, 0x4a, 0xf5, 0x44, 0x44,
    0x44, 0x44, 0x40, 0x0, 0x1, 0xe9, 0x0, 0x0,
    0x0, 0x0, 0x0, 0x0, 0x0, 0x9f, 0x74, 0x44,
    0x44, 0x44, 0x30, 0x0, 0x0, 0x3f, 0xff, 0xff,
    0xff, 0xff, 0xfc, 0x0, 0x0, 0x2e, 0xfe, 0x0,
    0x0, 0x0, 0x8, 0xc0, 0x0, 0x2e, 0xd7, 0xf3,
    0x33, 0x33, 0x33, 0x9c, 0x0, 0x1e, 0xc1, 0x6f,
    0xff, 0xff, 0xff, 0xff, 0xc0, 0x0, 0x60, 0x6,
    0xe0, 0x0, 0x0, 0x0, 0x8c, 0x0, 0x0, 0x0,
    0x6f, 0x33, 0x33, 0x33, 0x39, 0xc0, 0x0, 0x0,
    0x6, 0xff, 0xff, 0xff, 0xff, 0xfc, 0x0, 0x0,
    0x0, 0x6e, 0x0, 0x0, 0x0, 0x8, 0xc0, 0x0,
    0x0, 0x6, 0xe0, 0x0, 0x2, 0x44, 0xbc, 0x0,
    0x0, 0x0, 0x6e, 0x0, 0x0, 0x4f, 0xfd, 0x50,
    0x0,

    /* U+671D "朝" */
    0x0, 0x0, 0xa8, 0x0, 0x0, 0x22, 0x22, 0x22,
    0x0, 0x11, 0x1c, 0xa1, 0x11, 0xe, 0xff, 0xff,
    0xf6, 0xf, 0xff, 0xff, 0xff, 0xf1, 0xe5, 0x0,
    0xe, 0x60, 0x11, 0x1b, 0xa1, 0x11, 0xe, 0x50,
    0x0, 0xe6, 0x2, 0x33, 0xcb, 0x33, 0x20, 0xe5,
    0x0, 0xe, 0x60, 0x8f, 0xdd, 0xdd, 0xf9, 0xe,
    0xdb, 0xbb, 0xf6, 0x8, 0xa0, 0x0, 0xa, 0x90,
    0xe9, 0x55, 0x5f, 0x60, 0x8f, 0xff, 0xff, 0xf9,
    0xf, 0x50, 0x0, 0xe6, 0x8, 0xb0, 0x0, 0xb,
    0x90, 0xf4, 0x0, 0xe, 0x60, 0x8b, 0x22, 0x22,
    0xb9, 0xf, 0xa7, 0x77, 0xf6, 0x7, 0xdd, 0xff,
    0xdd, 0x83, 0xfc, 0xcc, 0xcf, 0x60, 0x0, 0xb,
    0x90, 0x0, 0x6e, 0x0, 0x0, 0xe6, 0x4f, 0xff,
    0xff, 0xff, 0xfd, 0xa0, 0x0, 0xe, 0x61, 0x33,
    0x3c, 0xb3, 0x36, 0xf5, 0x0, 0x0, 0xe6, 0x0,
    0x0, 0xb9, 0x0, 0xdd, 0x0, 0x14, 0x5f, 0x50,
    0x0, 0xb, 0x90, 0x2d, 0x20, 0x0, 0xff, 0xc1,
    0x0, 0x0, 0x0, 0x0, 0x0, 0x0, 0x0, 0x0,
    0x0,

    /* U+6728 "木" */
    0x0, 0x0, 0x0, 0x0, 0x56, 0x0, 0x0, 0x0,
    0x0, 0x0, 0x0, 0x0, 0x0, 0x9c, 0x0, 0x0,
    0x0, 0x0, 0x0, 0x0, 0x0, 0x0, 0x9c, 0x0,
    0x0, 0x0, 0x0, 0x0, 0x0, 0x0, 0x0, 0x9c,
    0x0, 0x0, 0x0, 0x0, 0x0, 0x0, 0x0, 0x0,
    0x9c, 0x0, 0x0, 0x0, 0x0, 0xa, 0xee, 0xee,
    0xee, 0xff, 0xee, 0xee, 0xee, 0xd0, 0x4, 0x66,
    0x66, 0x6a, 0xff, 0xc6, 0x66, 0x66, 0x60, 0x0,
    0x0, 0x0, 0xd, 0xff, 0xf1, 0x0, 0x0, 0x0,
    0x0, 0x0, 0x0, 0x8d, 0xac, 0xbb, 0x0, 0x0,
    0x0, 0x0, 0x0, 0x4, 0xf3, 0x9c, 0x1e, 0x80,
    0x0, 0x0, 0x0, 0x0, 0x2f, 0x60, 0x9c, 0x3,
    0xf5, 0x0, 0x0, 0x0, 0x3, 0xeb, 0x0, 0x9c,
    0x0, 0x7f, 0x60, 0x0, 0x0, 0x4f, 0xc0, 0x0,
    0x9c, 0x0, 0x9, 0xf7, 0x0, 0x9, 0xfb, 0x0,
    0x0, 0x9c, 0x0, 0x0, 0x8f, 0xc2, 0x1d, 0x70,
    0x0, 0x0, 0x9c, 0x0, 0x0, 0x5, 0xd2, 0x0,
    0x0, 0x0, 0x0, 0x9c, 0x0, 0x0, 0x0, 0x0,
    0x0, 0x0, 0x0, 0x0, 0x9c, 0x0, 0x0, 0x0,
    0x0,

    /* U+672A "未" */
    0x0, 0x0, 0x0, 0x0, 0x65, 0x0, 0x0, 0x0,
    0x0, 0x0, 0x0, 0x0, 0x0, 0xba, 0x0, 0x0,
    0x0, 0x0, 0x0, 0x0, 0x0, 0x0, 0xba, 0x0,
    0x0, 0x0, 0x0, 0x0, 0x12, 0x22, 0x22, 0xcb,
    0x22, 0x22, 0x22, 0x0, 0x0, 0x9f, 0xff, 0xff,
    0xff, 0xff, 0xff, 0xfb, 0x0, 0x0, 0x12, 0x22,
    0x22, 0xcb, 0x22, 0x22, 0x22, 0x0, 0x0, 0x0,
    0x0, 0x0, 0xba, 0x0, 0x0, 0x0, 0x0, 0x0,
    0x0, 0x0, 0x0, 0xba, 0x0, 0x0, 0x0, 0x0,
    0xd, 0xee, 0xee, 0xee, 0xff, 0xee, 0xee, 0xee,
    0xe0, 0x5, 0x66, 0x66, 0x6d, 0xff, 0xd6, 0x66,
    0x66, 0x50, 0x0, 0x0, 0x0, 0x7f, 0xed, 0xf6,
    0x0, 0x0, 0x0, 0x0, 0x0, 0x6, 0xf3, 0xba,
    0x4f, 0x60, 0x0, 0x0, 0x0, 0x0, 0x8f, 0x40,
    0xba, 0x4, 0xf8, 0x0, 0x0, 0x0, 0x2c, 0xf4,
    0x0, 0xba, 0x0, 0x5f, 0xc1, 0x0, 0x18, 0xfd,
    0x20, 0x0, 0xba, 0x0, 0x2, 0xdf, 0x81, 0xc,
    0x70, 0x0, 0x0, 0xba, 0x0, 0x0, 0x7, 0xc0,
    0x0, 0x0, 0x0, 0x0, 0xba, 0x0, 0x0, 0x0,
    0x0,

    /* U+672C "本" */
    0x0, 0x0, 0x0, 0x0, 0x56, 0x0, 0x0, 0x0,
    0x0, 0x0, 0x0, 0x0, 0x0, 0xac, 0x0, 0x0,
    0x0, 0x0, 0x0, 0x0, 0x0, 0x0, 0xac, 0x0,
    0x0, 0x0, 0x0, 0x0, 0x0, 0x0, 0x0, 0xac,
    0x0, 0x0, 0x0, 0x0, 0x4, 0x55, 0x55, 0x55,
    0xcd, 0x55, 0x55, 0x55, 0x40, 0xc, 0xff, 0xff,
    0xff, 0xff, 0xff, 0xff, 0xff, 0xe0, 0x0, 0x0,
    0x0, 0x9c, 0xac, 0xc9, 0x0, 0x0, 0x0, 0x0,
    0x0, 0x1, 0xf5, 0xac, 0x4f, 0x20, 0x0, 0x0,
    0x0, 0x0, 0x9, 0xd0, 0xac, 0xc, 0xa0, 0x0,
    0x0, 0x0, 0x0, 0x4f, 0x30, 0xac, 0x3, 0xf5,
    0x0, 0x0, 0x0, 0x1, 0xe9, 0x0, 0xac, 0x0,
    0x9f, 0x20, 0x0, 0x0, 0x1d, 0xc0, 0x0, 0xac,
    0x0, 0xc, 0xe2, 0x0, 0x2, 0xde, 0x54, 0x44,
    0xcd, 0x44, 0x45, 0xde, 0x40, 0x1e, 0xd1, 0xdf,
    0xff, 0xff, 0xff, 0xff, 0x1c, 0xf2, 0x3, 0x0,
    0x11, 0x11, 0xac, 0x11, 0x11, 0x0, 0x30, 0x0,
    0x0, 0x0, 0x0, 0xac, 0x0, 0x0, 0x0, 0x0,
    0x0, 0x0, 0x0, 0x0, 0xac, 0x0, 0x0, 0x0,
    0x0,

    /* U+6750 "材" */
    0x0, 0x0, 0x83, 0x0, 0x0, 0x0, 0x0, 0x83,
    0x0, 0x0, 0x0, 0xe6, 0x0, 0x0, 0x0, 0x0,
    0xf6, 0x0, 0x0, 0x0, 0xe6, 0x0, 0x0, 0x0,
    0x0, 0xf6, 0x0, 0x0, 0x0, 0xe6, 0x0, 0x0,
    0x0, 0x0, 0xf6, 0x0, 0x3, 0x44, 0xf9, 0x43,
    0x13, 0x33, 0x34, 0xf8, 0x31, 0xe, 0xff, 0xff,
    0xfe, 0x6f, 0xff, 0xff, 0xff, 0xf4, 0x0, 0x5,
    0xf9, 0x0, 0x0, 0x0, 0xc, 0xf6, 0x0, 0x0,
    0xa, 0xff, 0x60, 0x0, 0x0, 0x5f, 0xf6, 0x0,
    0x0, 0x1f, 0xfa, 0xf4, 0x0, 0x1, 0xe8, 0xf6,
    0x0, 0x0, 0x8a, 0xe6, 0x7f, 0x20, 0xb, 0xc0,
    0xf6, 0x0, 0x1, 0xf3, 0xe6, 0x8, 0x0, 0x8f,
    0x20, 0xf6, 0x0, 0xb, 0xb0, 0xe6, 0x0, 0x7,
    0xf5, 0x0, 0xf6, 0x0, 0x5f, 0x20, 0xe6, 0x0,
    0x9f, 0x60, 0x0, 0xf6, 0x0, 0x5, 0x0, 0xe6,
    0x2, 0xe6, 0x0, 0x0, 0xf6, 0x0, 0x0, 0x0,
    0xe6, 0x0, 0x0, 0x0, 0x0, 0xf6, 0x0, 0x0,
    0x0, 0xe6, 0x0, 0x0, 0x5, 0x56, 0xf5, 0x0,
    0x0, 0x0, 0xe6, 0x0, 0x0, 0xd, 0xfe, 0xb1,
    0x0, 0x0, 0x0, 0x0, 0x0, 0x0, 0x0, 0x0,
    0x0, 0x0,

    /* U+6765 "来" */
    0x0, 0x0, 0x0, 0x0, 0x66, 0x0, 0x0, 0x0,
    0x0, 0x0, 0x0, 0x0, 0x0, 0xbb, 0x0, 0x0,
    0x0, 0x0, 0x0, 0x0, 0x0, 0x0, 0xbb, 0x0,
    0x0, 0x0, 0x0, 0x1, 0xff, 0xff, 0xff, 0xff,
    0xff, 0xff, 0xff, 0x40, 0x0, 0x55, 0x65, 0x55,
    0xcc, 0x55, 0x57, 0x65, 0x10, 0x0, 0x7, 0xe0,
    0x0, 0xbb, 0x0, 0xc, 0xc0, 0x0, 0x0, 0x0,
    0xe8, 0x0, 0xbb, 0x0, 0x3f, 0x40, 0x0, 0x0,
    0x0, 0x7e, 0x0, 0xbb, 0x0, 0xca, 0x0, 0x0,
    0x1, 0x11, 0x39, 0x21, 0xcb, 0x12, 0xa3, 0x11,
    0x10, 0xf, 0xff, 0xff, 0xff, 0xff, 0xff, 0xff,
    0xff, 0xf0, 0x2, 0x22, 0x22, 0x4e, 0xff, 0xe4,
    0x22, 0x22, 0x20, 0x0, 0x0, 0x1, 0xda, 0xbb,
    0xbc, 0x10, 0x0, 0x0, 0x0, 0x0, 0x2d, 0xa0,
    0xbb, 0xc, 0xd2, 0x0, 0x0, 0x0, 0x6, 0xfa,
    0x0, 0xbb, 0x0, 0xbf, 0x60, 0x0, 0x3, 0xbf,
    0x70, 0x0, 0xbb, 0x0, 0x7, 0xfb, 0x30, 0x1e,
    0xc3, 0x0, 0x0, 0xbb, 0x0, 0x0, 0x3c, 0xf2,
    0x1, 0x0, 0x0, 0x0, 0xbb, 0x0, 0x0, 0x0,
    0x20,

    /* U+6771 "東" */
    0x0, 0x0, 0x0, 0x0, 0x65, 0x0, 0x0, 0x0,
    0x0, 0x0, 0x0, 0x0, 0x0, 0xba, 0x0, 0x0,
    0x0, 0x0, 0x4, 0x55, 0x55, 0x55, 0xdc, 0x55,
    0x55, 0x55, 0x40, 0xc, 0xff, 0xff, 0xff, 0xff,
    0xff, 0xff, 0xff, 0xe0, 0x0, 0x0, 0x0, 0x0,
    0xba, 0x0, 0x0, 0x0, 0x0, 0x0, 0x3d, 0xdd,
    0xdd, 0xff, 0xdd, 0xdd, 0xd6, 0x0, 0x0, 0x3f,
    0x43, 0x33, 0xcb, 0x33, 0x33, 0xf7, 0x0, 0x0,
    0x3f, 0x0, 0x0, 0xba, 0x0, 0x0, 0xe7, 0x0,
    0x0, 0x3f, 0xff, 0xff, 0xff, 0xff, 0xff, 0xf7,
    0x0, 0x0, 0x3f, 0x10, 0x0, 0xba, 0x0, 0x0,
    0xe7, 0x0, 0x0, 0x3f, 0x21, 0x11, 0xca, 0x11,
    0x11, 0xe7, 0x0, 0x0, 0x3f, 0xff, 0xff, 0xff,
    0xff, 0xff, 0xf7, 0x0, 0x0, 0x0, 0x0, 0x7f,
    0xed, 0xf6, 0x0, 0x0, 0x0, 0x0, 0x0, 0x1b,
    0xd2, 0xba, 0x2d, 0xa1, 0x0, 0x0, 0x0, 0x18,
    0xfb, 0x10, 0xba, 0x1, 0xbf, 0x81, 0x0, 0xa,
    0xfd, 0x50, 0x0, 0xba, 0x0, 0x6, 0xef, 0xa1,
    0x7, 0x50, 0x0, 0x0, 0xba, 0x0, 0x0, 0x6,
    0x80,

    /* U+677E "松" */
    0x0, 0x3, 0x70, 0x0, 0x0, 0x0, 0x0, 0x0,
    0x0, 0x0, 0x6, 0xe0, 0x0, 0x5, 0xb0, 0xe,
    0x40, 0x0, 0x0, 0x6, 0xe0, 0x0, 0xa, 0xc0,
    0xc, 0x90, 0x0, 0x0, 0x6, 0xe0, 0x0, 0xe,
    0x70, 0x7, 0xe0, 0x0, 0x4, 0x49, 0xe4, 0x40,
    0x3f, 0x30, 0x2, 0xf5, 0x0, 0x2f, 0xff, 0xff,
    0xf2, 0x9e, 0x0, 0x0, 0xbd, 0x0, 0x0, 0xb,
    0xe0, 0x2, 0xf6, 0x3, 0x0, 0x3f, 0x60, 0x0,
    0x1f, 0xf8, 0xb, 0xe0, 0x1f, 0x60, 0xa, 0xe0,
    0x0, 0x6f, 0xff, 0x49, 0x50, 0x7f, 0x10, 0x2,
    0x80, 0x0, 0xbb, 0xe7, 0xe0, 0x0, 0xcb, 0x0,
    0x0, 0x0, 0x3, 0xe7, 0xe0, 0xc1, 0x2, 0xf5,
    0x0, 0x0, 0x0, 0xb, 0x86, 0xe0, 0x0, 0x8,
    0xe0, 0x8, 0xa0, 0x0, 0x4f, 0x16, 0xe0, 0x0,
    0xe, 0x70, 0x3, 0xf3, 0x0, 0x5, 0x6, 0xe0,
    0x0, 0x7e, 0x0, 0x0, 0xbc, 0x0, 0x0, 0x6,
    0xe0, 0x1, 0xfa, 0x56, 0x8a, 0xdf, 0x30, 0x0,
    0x6, 0xe0, 0x8, 0xff, 0xfd, 0xb9, 0x7d, 0xa0,
    0x0, 0x6, 0xe0, 0x2, 0x41, 0x0, 0x0, 0x4,
    0x30,

    /* U+6784 "构" */
    0x0, 0x3, 0x70, 0x0, 0x6, 0x30, 0x0, 0x0,
    0x0, 0x0, 0x6d, 0x0, 0x1, 0xf6, 0x0, 0x0,
    0x0, 0x0, 0x6, 0xd0, 0x0, 0x5f, 0x10, 0x0,
    0x0, 0x0, 0x0, 0x6d, 0x0, 0xa, 0xe6, 0x66,
    0x66, 0x66, 0x1d, 0xde, 0xfd, 0xd1, 0xfe, 0xdd,
    0xdd, 0xde, 0xe0, 0x66, 0xce, 0x66, 0x9e, 0x0,
    0x0, 0x0, 0x7d, 0x0, 0xe, 0xf2, 0x4f, 0x62,
    0xc1, 0x0, 0x7, 0xd0, 0x3, 0xff, 0xc2, 0x80,
    0x7e, 0x0, 0x0, 0x8c, 0x0, 0x8e, 0xec, 0x70,
    0xc, 0x81, 0x20, 0x9, 0xb0, 0xe, 0x8d, 0x3d,
    0x2, 0xf2, 0x5c, 0x0, 0xab, 0x6, 0xc6, 0xd0,
    0x10, 0x9a, 0x0, 0xe4, 0xa, 0xa1, 0xe5, 0x6d,
    0x0, 0x3f, 0xaa, 0xdf, 0xa0, 0xc9, 0x3c, 0x6,
    0xd0, 0x7, 0xea, 0x74, 0x3f, 0xd, 0x80, 0x10,
    0x6d, 0x0, 0x0, 0x0, 0x0, 0x10, 0xf6, 0x0,
    0x6, 0xd0, 0x0, 0x0, 0x0, 0x0, 0x2f, 0x40,
    0x0, 0x6d, 0x0, 0x0, 0x0, 0x15, 0x4a, 0xf0,
    0x0, 0x6, 0xd0, 0x0, 0x0, 0x1, 0xff, 0xe6,
    0x0, 0x0, 0x0, 0x0, 0x0, 0x0, 0x0, 0x0,
    0x0,

    /* U+6797 "林" */
    0x0, 0x0, 0x64, 0x0, 0x0, 0x0, 0x83, 0x0,
    0x0, 0x0, 0x0, 0xc8, 0x0, 0x0, 0x0, 0xe6,
    0x0, 0x0, 0x0, 0x0, 0xc8, 0x0, 0x0, 0x0,
    0xe6, 0x0, 0x0, 0x0, 0x0, 0xc8, 0x0, 0x0,
    0x0, 0xe6, 0x0, 0x0, 0x3, 0x33, 0xda, 0x33,
    0x3, 0x33, 0xf9, 0x33, 0x30, 0xf, 0xff, 0xff,
    0xff, 0x3f, 0xff, 0xff, 0xff, 0xd0, 0x0, 0x4,
    0xfb, 0x0, 0x0, 0x6, 0xff, 0x10, 0x0, 0x0,
    0x9, 0xff, 0x90, 0x0, 0xb, 0xff, 0x50, 0x0,
    0x0, 0x1f, 0xea, 0xf7, 0x0, 0x2f, 0xfe, 0xb0,
    0x0, 0x0, 0x7b, 0xc8, 0x4f, 0x30, 0xa9, 0xe8,
    0xf2, 0x0, 0x1, 0xe4, 0xc8, 0x6, 0x3, 0xf1,
    0xe6, 0xaa, 0x0, 0xa, 0xc0, 0xc8, 0x0, 0xd,
    0x90, 0xe6, 0x3f, 0x30, 0x4f, 0x30, 0xc8, 0x0,
    0xbe, 0x10, 0xe6, 0xb, 0xd1, 0x6, 0x0, 0xc8,
    0x3, 0xf4, 0x0, 0xe6, 0x2, 0xd2, 0x0, 0x0,
    0xc8, 0x0, 0x20, 0x0, 0xe6, 0x0, 0x0, 0x0,
    0x0, 0xc8, 0x0, 0x0, 0x0, 0xe6, 0x0, 0x0,
    0x0, 0x0, 0xc8, 0x0, 0x0, 0x0, 0xe6, 0x0,
    0x0,

    /* U+679C "果" */
    0x0, 0x3, 0x33, 0x33, 0x33, 0x33, 0x33, 0x30,
    0x0, 0x0, 0x1f, 0xff, 0xff, 0xff, 0xff, 0xff,
    0xf4, 0x0, 0x0, 0x1f, 0x40, 0x0, 0xab, 0x0,
    0x2, 0xf4, 0x0, 0x0, 0x1f, 0x62, 0x22, 0xbc,
    0x22, 0x24, 0xf4, 0x0, 0x0, 0x1f, 0xff, 0xff,
    0xff, 0xff, 0xff, 0xf4, 0x0, 0x0, 0x1f, 0x40,
    0x0, 0xab, 0x0, 0x2, 0xf4, 0x0, 0x0, 0x1f,
    0x63, 0x33, 0xcc, 0x33, 0x35, 0xf4, 0x0, 0x0,
    0x1f, 0xff, 0xff, 0xff, 0xff, 0xff, 0xf4, 0x0,
    0x0, 0x0, 0x0, 0x0, 0xab, 0x0, 0x0, 0x0,
    0x0, 0x4, 0x55, 0x55, 0x55, 0xcd, 0x55, 0x55,
    0x55, 0x50, 0xc, 0xee, 0xee, 0xef, 0xff, 0xfe,
    0xee, 0xee, 0xd0, 0x0, 0x0, 0x0, 0x8e, 0xdd,
    0xd9, 0x0, 0x0, 0x0, 0x0, 0x0, 0x2c, 0xc1,
    0xab, 0xa, 0xd4, 0x0, 0x0, 0x0, 0x4b, 0xf9,
    0x0, 0xab, 0x0, 0x6f, 0xc6, 0x0, 0x1d, 0xf9,
    0x20, 0x0, 0xab, 0x0, 0x0, 0x7e, 0xe1, 0x4,
    0x10, 0x0, 0x0, 0xab, 0x0, 0x0, 0x0, 0x30,

    /* U+6811 "树" */
    0x0, 0x8, 0x10, 0x0, 0x0, 0x0, 0x0, 0x36,
    0x0, 0x0, 0xf, 0x20, 0x0, 0x0, 0x0, 0x0,
    0x6d, 0x0, 0x0, 0xf, 0x20, 0x1, 0x11, 0x0,
    0x0, 0x6d, 0x0, 0x0, 0xf, 0x20, 0x8f, 0xff,
    0xb0, 0x0, 0x6d, 0x0, 0x4, 0x5f, 0x63, 0x13,
    0x3a, 0x92, 0x22, 0x7d, 0x20, 0xf, 0xff, 0xfb,
    0x0, 0xb, 0x7e, 0xff, 0xff, 0xf4, 0x0, 0x4f,
    0x30, 0x96, 0xd, 0x50, 0x0, 0x7d, 0x0, 0x0,
    0x8f, 0xa0, 0x4e, 0x2f, 0x20, 0x10, 0x6d, 0x0,
    0x0, 0xcf, 0xe4, 0xa, 0xdf, 0x5, 0xd0, 0x6d,
    0x0, 0x0, 0xff, 0x7d, 0x1, 0xfb, 0x0, 0xd6,
    0x6d, 0x0, 0x6, 0xbf, 0x2b, 0x0, 0xdd, 0x0,
    0x5e, 0x6d, 0x0, 0xc, 0x6f, 0x20, 0x3, 0xfe,
    0x60, 0xb, 0x8d, 0x0, 0x4e, 0x1f, 0x20, 0x9,
    0xb6, 0xe0, 0x0, 0x6d, 0x0, 0x5, 0xf, 0x20,
    0x2f, 0x40, 0xa1, 0x0, 0x6d, 0x0, 0x0, 0xf,
    0x20, 0xcc, 0x0, 0x0, 0x0, 0x6d, 0x0, 0x0,
    0xf, 0x22, 0xe2, 0x0, 0x0, 0x33, 0x9c, 0x0,
    0x0, 0xf, 0x20, 0x0, 0x0, 0x0, 0xcf, 0xe6,
    0x0, 0x0, 0x0, 0x0, 0x0, 0x0, 0x0, 0x0,
    0x0, 0x0,

    /* U+683C "格" */
    0x0, 0x3, 0x70, 0x0, 0x0, 0x62, 0x0, 0x0,
    0x0, 0x0, 0x5, 0xe0, 0x0, 0x2, 0xf5, 0x0,
    0x0, 0x0, 0x0, 0x5, 0xe0, 0x0, 0x9, 0xf6,
    0x66, 0x64, 0x0, 0x0, 0x5, 0xe0, 0x0, 0x2f,
    0xee, 0xee, 0xfc, 0x0, 0x4, 0x48, 0xe4, 0x41,
    0xcf, 0x20, 0x1, 0xf4, 0x0, 0xf, 0xff, 0xff,
    0xfc, 0xec, 0xb0, 0xa, 0xc0, 0x0, 0x0, 0xa,
    0xe0, 0x3f, 0x31, 0xe8, 0x7f, 0x20, 0x0, 0x0,
    0xf, 0xf7, 0x1, 0x0, 0x3f, 0xf5, 0x0, 0x0,
    0x0, 0x5f, 0xfe, 0x50, 0x1, 0xaf, 0xfc, 0x20,
    0x0, 0x0, 0xac, 0xe4, 0xf0, 0x4e, 0xc2, 0x1a,
    0xf8, 0x20, 0x1, 0xe6, 0xe0, 0xad, 0xfa, 0x32,
    0x22, 0x7f, 0xf4, 0x9, 0xa5, 0xe0, 0x58, 0xef,
    0xff, 0xff, 0xfe, 0x40, 0x3f, 0x25, 0xe0, 0x0,
    0xe5, 0x0, 0x0, 0x6e, 0x0, 0x39, 0x5, 0xe0,
    0x0, 0xe5, 0x0, 0x0, 0x6e, 0x0, 0x0, 0x5,
    0xe0, 0x0, 0xe5, 0x0, 0x0, 0x6e, 0x0, 0x0,
    0x5, 0xe0, 0x0, 0xe8, 0x44, 0x44, 0x9e, 0x0,
    0x0, 0x5, 0xe0, 0x0, 0xee, 0xee, 0xee, 0xee,
    0x0, 0x0, 0x0, 0x0, 0x0, 0x0, 0x0, 0x0,
    0x0, 0x0,

    /* U+6846 "框" */
    0x0, 0x3, 0x60, 0x0, 0x0, 0x0, 0x0, 0x0,
    0x0, 0x0, 0x6, 0xc0, 0x0, 0x0, 0x0, 0x0,
    0x0, 0x0, 0x0, 0x6, 0xc0, 0xb, 0xff, 0xff,
    0xff, 0xff, 0xf0, 0x0, 0x6, 0xc0, 0xb, 0xb2,
    0x22, 0x22, 0x22, 0x20, 0x5, 0x5a, 0xd5, 0x4b,
    0xa1, 0x33, 0x33, 0x33, 0x30, 0x1e, 0xef, 0xfe,
    0xbb, 0xa7, 0xff, 0xff, 0xff, 0xe0, 0x0, 0xb,
    0xd0, 0xb, 0xa0, 0x0, 0x8b, 0x0, 0x0, 0x0,
    0x1f, 0xf9, 0xb, 0xa0, 0x0, 0x8b, 0x0, 0x0,
    0x0, 0x6f, 0xde, 0x6b, 0xa0, 0x55, 0xbc, 0x55,
    0x30, 0x0, 0xbc, 0xc4, 0xeb, 0xa2, 0xcc, 0xef,
    0xcc, 0x70, 0x2, 0xe7, 0xc0, 0x3b, 0xa0, 0x0,
    0x8b, 0x0, 0x0, 0xb, 0x96, 0xc0, 0xb, 0xa0,
    0x0, 0x8b, 0x0, 0x0, 0x3f, 0x16, 0xc0, 0xb,
    0xa3, 0x55, 0xbd, 0x55, 0x50, 0x6, 0x6, 0xc0,
    0xb, 0xa8, 0xcc, 0xcc, 0xcc, 0xc1, 0x0, 0x6,
    0xc0, 0xb, 0xa0, 0x0, 0x0, 0x0, 0x0, 0x0,
    0x6, 0xc0, 0xb, 0xfe, 0xee, 0xee, 0xee, 0xe4,
    0x0, 0x6, 0xc0, 0x3, 0x55, 0x55, 0x55, 0x55,
    0x51,

    /* U+695A "楚" */
    0x0, 0x0, 0xb7, 0x0, 0x0, 0x0, 0xd6, 0x0,
    0x0, 0x3, 0x33, 0xda, 0x33, 0x3, 0x33, 0xf8,
    0x33, 0x10, 0xd, 0xef, 0xff, 0xee, 0x2e, 0xef,
    0xff, 0xee, 0x70, 0x0, 0xb, 0xff, 0x70, 0x0,
    0x2e, 0xfe, 0x40, 0x0, 0x0, 0xab, 0xc9, 0xcb,
    0x2, 0xd7, 0xe8, 0xd7, 0x0, 0x2d, 0xc0, 0xc8,
    0x5, 0x6f, 0x80, 0xe6, 0x1d, 0x80, 0x8, 0x0,
    0xc8, 0x0, 0x35, 0x0, 0xe6, 0x2, 0x40, 0x2,
    0x33, 0x65, 0x33, 0x33, 0x33, 0x54, 0x33, 0x10,
    0xd, 0xff, 0xff, 0xff, 0xff, 0xff, 0xff, 0xff,
    0x60, 0x0, 0x0, 0x31, 0x0, 0xf7, 0x0, 0x0,
    0x5e, 0x0, 0x0, 0x4, 0xf2, 0x0, 0xf6, 0x0,
    0x0, 0x65, 0x0, 0x0, 0x8, 0xf0, 0x0, 0xff,
    0xff, 0xff, 0xa0, 0x0, 0x0, 0xe, 0xf7, 0x0,
    0xf9, 0x33, 0x33, 0x20, 0x0, 0x0, 0x8f, 0x7f,
    0x60, 0xf6, 0x0, 0x0, 0x0, 0x0, 0x7, 0xf7,
    0x7, 0xfd, 0xf9, 0x44, 0x33, 0x44, 0x40, 0x3f,
    0x60, 0x0, 0x28, 0xce, 0xff, 0xff, 0xff, 0xd0,
    0x1, 0x0, 0x0, 0x0, 0x0, 0x0, 0x0, 0x0,
    0x0,

    /* U+696D "業" */
    0x0, 0x0, 0x0, 0x2, 0x0, 0x20, 0x0, 0x0,
    0x0, 0x0, 0x1d, 0x20, 0x5e, 0x0, 0xe5, 0x0,
    0xc4, 0x0, 0x0, 0xa, 0xc0, 0x5e, 0x0, 0xe5,
    0x7, 0xe1, 0x0, 0x0, 0x2, 0xf2, 0x5e, 0x0,
    0xe5, 0xe, 0x50, 0x0, 0xc, 0xff, 0xff, 0xff,
    0xff, 0xff, 0xff, 0xff, 0xc0, 0x2, 0x33, 0x3d,
    0xa3, 0x33, 0x39, 0xf4, 0x33, 0x20, 0x0, 0x0,
    0x6, 0xf1, 0x0, 0xe, 0x70, 0x0, 0x0, 0x0,
    0xff, 0xff, 0xff, 0xff, 0xff, 0xff, 0xff, 0x30,
    0x0, 0x22, 0x22, 0x22, 0xbb, 0x22, 0x22, 0x22,
    0x0, 0x0, 0x2, 0x22, 0x22, 0xcb, 0x22, 0x22,
    0x20, 0x0, 0x0, 0x2d, 0xdd, 0xdd, 0xff, 0xdd,
    0xdd, 0xd4, 0x0, 0x0, 0x0, 0x0, 0x0, 0xba,
    0x0, 0x0, 0x0, 0x0, 0xd, 0xff, 0xff, 0xff,
    0xff, 0xff, 0xff, 0xff, 0xe0, 0x1, 0x22, 0x22,
    0xaf, 0xed, 0xf9, 0x22, 0x22, 0x20, 0x0, 0x2,
    0x8e, 0xb2, 0xba, 0x2c, 0xe7, 0x20, 0x0, 0x18,
    0xdf, 0xa4, 0x0, 0xba, 0x0, 0x4b, 0xfd, 0x81,
    0x8, 0x60, 0x0, 0x0, 0xba, 0x0, 0x0, 0x17,
    0x90,

    /* U+69CB "構" */
    0x0, 0x4, 0x60, 0x0, 0x8, 0x30, 0x3, 0x70,
    0x0, 0x0, 0x8, 0xb0, 0x0, 0xe, 0x50, 0x6,
    0xd0, 0x0, 0x0, 0x8, 0xb0, 0xb, 0xdf, 0xed,
    0xde, 0xfd, 0xd1, 0x0, 0x8, 0xb0, 0x1, 0x2e,
    0x62, 0x27, 0xe2, 0x20, 0x0, 0x8, 0xb0, 0x2,
    0x3f, 0x73, 0x38, 0xe3, 0x30, 0xf, 0xff, 0xff,
    0xc6, 0xcf, 0xdc, 0xcd, 0xfc, 0xa0, 0x3, 0x3d,
    0xc3, 0x31, 0x1e, 0x61, 0x17, 0xe1, 0x10, 0x0,
    0x1f, 0xc0, 0x4f, 0xff, 0xff, 0xff, 0xff, 0xf7,
    0x0, 0x6f, 0xf7, 0x0, 0x0, 0xc, 0xa0, 0x0,
    0x0, 0x0, 0xbd, 0xce, 0x36, 0xff, 0xff, 0xff,
    0xff, 0x80, 0x2, 0xe8, 0xb6, 0xa6, 0xb0, 0xc,
    0xa0, 0xb, 0x80, 0xa, 0x88, 0xb0, 0x16, 0xfe,
    0xef, 0xfe, 0xef, 0x80, 0x3e, 0x18, 0xb0, 0x6,
    0xb0, 0xc, 0xa0, 0xb, 0x80, 0x5, 0x8, 0xb0,
    0x7e, 0xfc, 0xcf, 0xec, 0xcf, 0xe8, 0x0, 0x8,
    0xb0, 0x29, 0xc4, 0x44, 0x44, 0x4c, 0xa2, 0x0,
    0x8, 0xb0, 0x6, 0xb0, 0x0, 0x1, 0x1c, 0x80,
    0x0, 0x8, 0xb0, 0x6, 0xb0, 0x0, 0xb, 0xfe,
    0x40,

    /* U+6A02 "樂" */
    0x0, 0x9, 0x40, 0x0, 0x88, 0x0, 0x3, 0xa0,
    0x0, 0x0, 0x1f, 0x10, 0x2, 0xd7, 0x21, 0x9,
    0x90, 0x0, 0x0, 0x8a, 0x19, 0x6f, 0xdd, 0xf5,
    0x1e, 0x23, 0x30, 0x2, 0xe1, 0x8a, 0x5d, 0x0,
    0xd5, 0x99, 0xc, 0x60, 0xa, 0xff, 0xe1, 0x5e,
    0x44, 0xe9, 0xfd, 0xec, 0x0, 0x2, 0x2c, 0x41,
    0x5f, 0xbb, 0xf6, 0x65, 0xe2, 0x0, 0x0, 0xa6,
    0x2d, 0x5d, 0x0, 0xd5, 0x1c, 0x37, 0x60, 0x9,
    0xfe, 0xdf, 0x7f, 0xdd, 0xf6, 0xde, 0xbe, 0xb0,
    0x2, 0x20, 0x5, 0x33, 0x99, 0x31, 0x64, 0x21,
    0x90, 0x0, 0x0, 0x0, 0x0, 0xaa, 0x0, 0x0,
    0x0, 0x0, 0xf, 0xff, 0xff, 0xff, 0xff, 0xff,
    0xff, 0xff, 0xf0, 0x2, 0x22, 0x22, 0x5f, 0xfe,
    0xf6, 0x22, 0x22, 0x20, 0x0, 0x0, 0x19, 0xe5,
    0xaa, 0x4e, 0xa2, 0x0, 0x0, 0x0, 0x39, 0xfa,
    0x10, 0xaa, 0x0, 0x8f, 0xb5, 0x0, 0x1d, 0xf9,
    0x20, 0x0, 0xaa, 0x0, 0x1, 0x7e, 0xe2, 0x3,
    0x0, 0x0, 0x0, 0xaa, 0x0, 0x0, 0x0, 0x30,

    /* U+6A2A "横" */
    0x0, 0x4, 0x60, 0x0, 0x8, 0x30, 0x3, 0x70,
    0x0, 0x0, 0x8, 0xb0, 0x0, 0xe, 0x50, 0x5,
    0xe0, 0x0, 0x0, 0x8, 0xb0, 0x3, 0x3f, 0x83,
    0x38, 0xe3, 0x30, 0x0, 0x8, 0xb0, 0xc, 0xdf,
    0xed, 0xde, 0xfd, 0xd1, 0x0, 0x9, 0xb0, 0x0,
    0xe, 0x50, 0x5, 0xe0, 0x0, 0x1f, 0xff, 0xff,
    0xe4, 0x4f, 0x84, 0x48, 0xe4, 0x42, 0x3, 0x3d,
    0xc3, 0x7d, 0xdd, 0xdf, 0xfd, 0xdd, 0xd6, 0x0,
    0x1f, 0xd0, 0x0, 0x0, 0xd, 0xa0, 0x0, 0x0,
    0x0, 0x6f, 0xf9, 0x9, 0xfe, 0xef, 0xfe, 0xef,
    0xd0, 0x0, 0xcc, 0xce, 0x59, 0x70, 0xc, 0x90,
    0x6, 0xd0, 0x2, 0xd9, 0xb5, 0xa9, 0xdb, 0xbf,
    0xeb, 0xbd, 0xd0, 0xa, 0x78, 0xb0, 0x9, 0x93,
    0x3d, 0xb3, 0x38, 0xd0, 0x4e, 0x18, 0xb0, 0x9,
    0x70, 0xc, 0x90, 0x6, 0xd0, 0x26, 0x8, 0xb0,
    0x9, 0xff, 0xff, 0xff, 0xff, 0xd0, 0x0, 0x8,
    0xb0, 0x0, 0x17, 0x20, 0x3, 0x71, 0x0, 0x0,
    0x8, 0xb0, 0x6, 0xec, 0x30, 0x3, 0xce, 0x60,
    0x0, 0x8, 0xb0, 0x7c, 0x50, 0x0, 0x0, 0x5,
    0xd5, 0x0, 0x0, 0x0, 0x0, 0x0, 0x0, 0x0,
    0x0, 0x0,

    /* U+6A39 "樹" */
    0x0, 0x8, 0x20, 0x0, 0x37, 0x0, 0x0, 0x17,
    0x0, 0x0, 0xf, 0x30, 0x0, 0x5d, 0x0, 0x0,
    0x2f, 0x10, 0x0, 0xf, 0x30, 0x22, 0x7d, 0x22,
    0x0, 0x2f, 0x10, 0x0, 0xf, 0x32, 0xff, 0xff,
    0xff, 0x10, 0x2f, 0x10, 0x3, 0x3f, 0x63, 0x0,
    0x5d, 0x0, 0x0, 0x2f, 0x10, 0xf, 0xff, 0xfe,
    0x79, 0xcf, 0x97, 0xef, 0xff, 0xf2, 0x0, 0x3f,
    0x40, 0x56, 0x66, 0x65, 0x23, 0x5f, 0x40, 0x0,
    0x6f, 0x80, 0x6b, 0xbb, 0xb7, 0x31, 0x2f, 0x10,
    0x0, 0xbf, 0xe1, 0x8c, 0x33, 0x89, 0xa7, 0x2f,
    0x10, 0x0, 0xef, 0x99, 0x8a, 0x0, 0x69, 0x5c,
    0x2f, 0x10, 0x5, 0x9f, 0x4d, 0x9c, 0x33, 0x89,
    0x1f, 0x2f, 0x10, 0xb, 0x4f, 0x32, 0x6b, 0xbb,
    0xb7, 0xe, 0x5f, 0x10, 0x3d, 0xf, 0x30, 0x2c,
    0x0, 0xa4, 0x6, 0x4f, 0x10, 0x15, 0xf, 0x30,
    0xe, 0x60, 0xe1, 0x0, 0x2f, 0x10, 0x0, 0xf,
    0x30, 0x8, 0x65, 0xc4, 0x30, 0x2f, 0x10, 0x0,
    0xf, 0x34, 0x9b, 0xef, 0xdb, 0x54, 0x6f, 0x0,
    0x0, 0xf, 0x33, 0x75, 0x20, 0x0, 0xe, 0xfa,
    0x0,

    /* U+6B32 "欲" */
    0x0, 0x0, 0x0, 0x0, 0x0, 0x0, 0x0, 0x0,
    0x0, 0x0, 0x9, 0x22, 0x80, 0x0, 0x8c, 0x0,
    0x0, 0x0, 0x0, 0x8e, 0x1, 0xda, 0x0, 0xc9,
    0x0, 0x0, 0x0, 0x3, 0xf5, 0x0, 0x2e, 0x80,
    0xf6, 0x0, 0x0, 0x0, 0x2e, 0xa0, 0x43, 0x4,
    0xd5, 0xff, 0xff, 0xff, 0xf0, 0x29, 0x0, 0xeb,
    0x0, 0xa, 0xc3, 0x86, 0x38, 0xd0, 0x0, 0x6,
    0xee, 0x80, 0x1f, 0x60, 0xc7, 0x9, 0xa0, 0x0,
    0x1f, 0x43, 0xf7, 0x9e, 0x0, 0xe6, 0xc, 0x60,
    0x0, 0xc9, 0x0, 0x4f, 0x63, 0x0, 0xf5, 0x9,
    0x20, 0xb, 0xd0, 0x0, 0x7, 0xf1, 0x1, 0xf8,
    0x0, 0x0, 0x6e, 0xff, 0xff, 0xff, 0x50, 0x5,
    0xfb, 0x0, 0x0, 0x1, 0xe8, 0x44, 0x7f, 0x0,
    0x9, 0xff, 0x0, 0x0, 0x0, 0xe5, 0x0, 0x4f,
    0x0, 0xd, 0x6d, 0x60, 0x0, 0x0, 0xe5, 0x0,
    0x4f, 0x0, 0x6f, 0x7, 0xd0, 0x0, 0x0, 0xe6,
    0x0, 0x4f, 0x0, 0xd9, 0x0, 0xf7, 0x0, 0x0,
    0xef, 0xff, 0xff, 0x1c, 0xe1, 0x0, 0x4f, 0x50,
    0x0, 0xe7, 0x22, 0x22, 0x6d, 0x20, 0x0, 0x6,
    0xd0, 0x0, 0x0, 0x0, 0x0, 0x0, 0x0, 0x0,
    0x0, 0x0,

    /* U+6B4E "歎" */
    0x0, 0x1, 0x0, 0x1, 0x0, 0x0, 0x0, 0x0,
    0x0, 0x0, 0x2f, 0x0, 0x7c, 0x0, 0xf, 0x30,
    0x0, 0x0, 0x9, 0xbf, 0xa9, 0xce, 0x97, 0x3f,
    0x0, 0x0, 0x0, 0x6, 0x8f, 0x66, 0xae, 0x64,
    0x6e, 0x44, 0x44, 0x40, 0x0, 0x2f, 0x76, 0xbc,
    0x0, 0xaf, 0xff, 0xff, 0xf3, 0x0, 0x4, 0x8e,
    0x43, 0x0, 0xf4, 0x21, 0x4, 0xf0, 0x5, 0xee,
    0xff, 0xee, 0xd6, 0xf0, 0xd6, 0x8, 0xb0, 0x5,
    0xc0, 0x5d, 0x4, 0xfe, 0x80, 0xd6, 0xd, 0x60,
    0x5, 0xd1, 0x6d, 0x15, 0xf7, 0x10, 0xe6, 0x7,
    0x10, 0x4, 0xdd, 0xef, 0xdd, 0xc0, 0x0, 0xf8,
    0x0, 0x0, 0x1, 0x22, 0x7e, 0x22, 0x20, 0x2,
    0xfb, 0x0, 0x0, 0x4, 0xcc, 0xef, 0xcc, 0xb0,
    0x5, 0xff, 0x0, 0x0, 0x2, 0x22, 0xab, 0x22,
    0x21, 0xa, 0xbc, 0x60, 0x0, 0x1d, 0xdd, 0xfe,
    0xdd, 0xd6, 0x1f, 0x45, 0xd0, 0x0, 0x0, 0x7,
    0xfe, 0x60, 0x0, 0x9e, 0x0, 0xe8, 0x0, 0x0,
    0x4f, 0x53, 0xdd, 0x44, 0xf5, 0x0, 0x4f, 0x50,
    0x9, 0xf7, 0x0, 0x8, 0x7f, 0xa0, 0x0, 0x6,
    0xf3, 0x5, 0x20, 0x0, 0x0, 0x7, 0x0, 0x0,
    0x0, 0x50,

    /* U+6B62 "止" */
    0x0, 0x0, 0x0, 0x0, 0x3, 0x10, 0x0, 0x0,
    0x0, 0x0, 0x0, 0x0, 0x0, 0xf, 0x60, 0x0,
    0x0, 0x0, 0x0, 0x0, 0x0, 0x0, 0xf, 0x60,
    0x0, 0x0, 0x0, 0x0, 0x0, 0x0, 0x0, 0xf,
    0x60, 0x0, 0x0, 0x0, 0x0, 0x2, 0x30, 0x0,
    0xf, 0x60, 0x0, 0x0, 0x0, 0x0, 0x9, 0xc0,
    0x0, 0xf, 0x60, 0x0, 0x0, 0x0, 0x0, 0x9,
    0xc0, 0x0, 0xf, 0x71, 0x11, 0x11, 0x0, 0x0,
    0x9, 0xc0, 0x0, 0xf, 0xff, 0xff, 0xff, 0x40,
    0x0, 0x9, 0xc0, 0x0, 0xf, 0x84, 0x44, 0x44,
    0x10, 0x0, 0x9, 0xc0, 0x0, 0xf, 0x60, 0x0,
    0x0, 0x0, 0x0, 0x9, 0xc0, 0x0, 0xf, 0x60,
    0x0, 0x0, 0x0, 0x0, 0x9, 0xc0, 0x0, 0xf,
    0x60, 0x0, 0x0, 0x0, 0x0, 0x9, 0xc0, 0x0,
    0xf, 0x60, 0x0, 0x0, 0x0, 0x0, 0x9, 0xc0,
    0x0, 0xf, 0x60, 0x0, 0x0, 0x0, 0x0, 0x9,
    0xc0, 0x0, 0xf, 0x60, 0x0, 0x0, 0x0, 0x1f,
    0xff, 0xff, 0xff, 0xff, 0xff, 0xff, 0xff, 0xf1,
    0x6, 0x66, 0x66, 0x66, 0x66, 0x66, 0x66, 0x66,
    0x60,

    /* U+6B63 "正" */
    0x5, 0xff, 0xff, 0xff, 0xff, 0xff, 0xff, 0xff,
    0x70, 0x2, 0x66, 0x66, 0x66, 0x8f, 0x76, 0x66,
    0x66, 0x30, 0x0, 0x0, 0x0, 0x0, 0x3f, 0x20,
    0x0, 0x0, 0x0, 0x0, 0x0, 0x0, 0x0, 0x3f,
    0x20, 0x0, 0x0, 0x0, 0x0, 0x3, 0x40, 0x0,
    0x3f, 0x20, 0x0, 0x0, 0x0, 0x0, 0x9, 0xc0,
    0x0, 0x3f, 0x20, 0x0, 0x0, 0x0, 0x0, 0x9,
    0xc0, 0x0, 0x3f, 0xee, 0xee, 0xeb, 0x0, 0x0,
    0x9, 0xc0, 0x0, 0x3f, 0x86, 0x66, 0x65, 0x0,
    0x0, 0x9, 0xc0, 0x0, 0x3f, 0x20, 0x0, 0x0,
    0x0, 0x0, 0x9, 0xc0, 0x0, 0x3f, 0x20, 0x0,
    0x0, 0x0, 0x0, 0x9, 0xc0, 0x0, 0x3f, 0x20,
    0x0, 0x0, 0x0, 0x0, 0x9, 0xc0, 0x0, 0x3f,
    0x20, 0x0, 0x0, 0x0, 0x0, 0x9, 0xc0, 0x0,
    0x3f, 0x20, 0x0, 0x0, 0x0, 0xe, 0xef, 0xfe,
    0xee, 0xef, 0xee, 0xee, 0xee, 0xe1, 0x6, 0x66,
    0x66, 0x66, 0x66, 0x66, 0x66, 0x66, 0x60,

    /* U+6B66 "武" */
    0x0, 0x0, 0x0, 0x0, 0x0, 0x3, 0x0, 0x0,
    0x0, 0x0, 0x0, 0x0, 0x0, 0x0, 0x3f, 0x17,
    0x50, 0x0, 0x0, 0x9f, 0xff, 0xff, 0xf4, 0x3f,
    0x25, 0xf7, 0x0, 0x0, 0x12, 0x22, 0x22, 0x20,
    0x2f, 0x20, 0x3f, 0x50, 0x0, 0x0, 0x0, 0x0,
    0x0, 0x2f, 0x20, 0x2, 0x0, 0xf, 0xff, 0xff,
    0xff, 0xff, 0xff, 0xff, 0xff, 0xf0, 0x4, 0x44,
    0x44, 0x44, 0x44, 0x5f, 0x84, 0x44, 0x40, 0x0,
    0x0, 0x3, 0xf1, 0x0, 0xf, 0x60, 0x0, 0x0,
    0x0, 0x45, 0x3, 0xf1, 0x0, 0xd, 0x80, 0x0,
    0x0, 0x0, 0x9a, 0x3, 0xf5, 0x44, 0xb, 0xa0,
    0x0, 0x0, 0x0, 0x9a, 0x3, 0xff, 0xff, 0x29,
    0xc0, 0x0, 0x0, 0x0, 0x9a, 0x3, 0xf1, 0x0,
    0x6, 0xf0, 0x0, 0x0, 0x0, 0x9a, 0x3, 0xf1,
    0x0, 0x2, 0xf4, 0x0, 0x20, 0x0, 0x9a, 0x3,
    0xf1, 0x0, 0x0, 0xd9, 0x0, 0xd4, 0x0, 0x9a,
    0x27, 0xfa, 0xcf, 0xc0, 0x7f, 0x10, 0xf3, 0x1b,
    0xef, 0xfe, 0xb9, 0x63, 0x0, 0xe, 0xc7, 0xf0,
    0x9, 0x74, 0x10, 0x0, 0x0, 0x0, 0x2, 0xcf,
    0x70,

    /* U+6B72 "歲" */
    0x0, 0x0, 0x0, 0x0, 0x1, 0x0, 0x0, 0x0,
    0x0, 0x0, 0x0, 0x41, 0x0, 0x7d, 0x0, 0x0,
    0x0, 0x0, 0x0, 0x0, 0xf3, 0x0, 0x7f, 0xcc,
    0xcc, 0xc3, 0x0, 0x0, 0x0, 0xf3, 0x0, 0x7e,
    0x33, 0x33, 0x31, 0x0, 0x0, 0x0, 0xf4, 0x0,
    0x8d, 0x0, 0x0, 0x0, 0x0, 0xe, 0xff, 0xff,
    0xff, 0xff, 0xff, 0xff, 0xff, 0xe0, 0x1, 0x11,
    0x11, 0x11, 0x11, 0x8c, 0x3f, 0x91, 0x10, 0x0,
    0x22, 0x22, 0x22, 0x22, 0x8d, 0x24, 0xd5, 0x20,
    0x0, 0xef, 0xff, 0xff, 0xff, 0xff, 0xff, 0xff,
    0xb0, 0x0, 0xe5, 0x0, 0x0, 0x0, 0x3f, 0x0,
    0x20, 0x0, 0x0, 0xe5, 0xcf, 0xff, 0xfe, 0xf,
    0x21, 0xe6, 0x0, 0x0, 0xf4, 0x12, 0x7a, 0x1,
    0xd, 0x68, 0xe0, 0x0, 0x0, 0xf3, 0x89, 0x7a,
    0x2f, 0x19, 0xbf, 0x60, 0x0, 0x2, 0xf2, 0xe2,
    0x7a, 0xa7, 0x4, 0xfc, 0x0, 0x0, 0x6, 0xe3,
    0x70, 0x4e, 0xa0, 0x1b, 0xf9, 0x0, 0xd0, 0xc,
    0x90, 0x16, 0xd7, 0x6, 0xea, 0x4f, 0x96, 0xe0,
    0x2e, 0x21, 0xd8, 0x20, 0x3e, 0x50, 0x4, 0xdf,
    0x60, 0x0, 0x0, 0x0, 0x0, 0x0, 0x0, 0x0,
    0x0, 0x0,

    /* U+6B78 "歸" */
    0x0, 0x0, 0x42, 0x0, 0x0, 0x0, 0x0, 0x0,
    0x0, 0x0, 0x1, 0xf4, 0x0, 0x16, 0x66, 0x66,
    0x66, 0x20, 0x2, 0xcd, 0xfc, 0xc5, 0x29, 0x99,
    0x99, 0x9f, 0x50, 0x3, 0xf3, 0x33, 0xc6, 0x4,
    0x44, 0x44, 0x4e, 0x50, 0x3, 0xe0, 0x0, 0xb6,
    0xe, 0xff, 0xff, 0xff, 0x50, 0x3, 0xff, 0xff,
    0xf6, 0x0, 0x0, 0x0, 0xd, 0x50, 0x3, 0xe0,
    0x0, 0x0, 0x5e, 0xee, 0xee, 0xef, 0x50, 0x3,
    0xff, 0xff, 0xf8, 0x11, 0x11, 0x11, 0x11, 0x10,
    0x3, 0xe0, 0x0, 0x98, 0xed, 0xcc, 0xfd, 0xcc,
    0xf2, 0x3, 0xfd, 0xdd, 0xf8, 0xe3, 0x0, 0xe5,
    0x0, 0xf2, 0x0, 0x22, 0xe5, 0x21, 0x49, 0x88,
    0xfa, 0x88, 0x70, 0x0, 0x50, 0xe5, 0x21, 0xf,
    0xee, 0xfe, 0xef, 0x40, 0x2, 0xe0, 0xef, 0xfb,
    0xf, 0x30, 0xe5, 0xe, 0x40, 0x2, 0xe0, 0xe3,
    0x0, 0xf, 0x30, 0xe5, 0xe, 0x40, 0x2, 0xe1,
    0xe8, 0x9a, 0xf, 0x30, 0xe5, 0x4f, 0x40, 0x2c,
    0xff, 0xdb, 0x96, 0xd, 0x20, 0xe5, 0xaa, 0x0,
    0x4, 0x20, 0x0, 0x0, 0x0, 0x0, 0xe5, 0x0,
    0x0,

    /* U+6BCD "母" */
    0x0, 0x3, 0x33, 0x33, 0x33, 0x33, 0x33, 0x10,
    0x0, 0xf, 0xff, 0xff, 0xff, 0xff, 0xff, 0x40,
    0x0, 0x1f, 0x40, 0x0, 0x0, 0x0, 0x2f, 0x30,
    0x0, 0x3f, 0x20, 0x9d, 0x50, 0x0, 0x2f, 0x20,
    0x0, 0x5f, 0x0, 0x7, 0xfa, 0x0, 0x3f, 0x20,
    0x0, 0x8d, 0x0, 0x0, 0x3d, 0x20, 0x4f, 0x10,
    0x66, 0xcd, 0x66, 0x66, 0x66, 0x66, 0x9f, 0x66,
    0xde, 0xff, 0xee, 0xee, 0xee, 0xee, 0xef, 0xed,
    0x0, 0xf6, 0x0, 0x60, 0x0, 0x0, 0x7e, 0x0,
    0x2, 0xf3, 0x3, 0xdd, 0x40, 0x0, 0x8d, 0x0,
    0x4, 0xf1, 0x0, 0x6, 0xf9, 0x0, 0xab, 0x0,
    0x8, 0xe0, 0x0, 0x0, 0x26, 0x0, 0xc9, 0x0,
    0xb, 0xff, 0xff, 0xff, 0xff, 0xff, 0xff, 0xf7,
    0x3, 0x44, 0x44, 0x44, 0x44, 0x46, 0xf7, 0x42,
    0x0, 0x0, 0x0, 0x0, 0x33, 0x3a, 0xf0, 0x0,
    0x0, 0x0, 0x0, 0x0, 0xbf, 0xfe, 0x50, 0x0,
    0x0, 0x0, 0x0, 0x0, 0x0, 0x0, 0x0, 0x0,

    /* U+6C0F "氏" */
    0x0, 0x0, 0x0, 0x0, 0x2, 0x58, 0xb0, 0x0,
    0x3, 0x46, 0x89, 0xbd, 0xff, 0xfd, 0x92, 0x0,
    0xe, 0xfd, 0xca, 0x8c, 0xe2, 0x0, 0x0, 0x0,
    0xe, 0x60, 0x0, 0x7, 0xe0, 0x0, 0x0, 0x0,
    0xe, 0x60, 0x0, 0x6, 0xf0, 0x0, 0x0, 0x0,
    0xe, 0x60, 0x0, 0x5, 0xf0, 0x0, 0x0, 0x0,
    0xe, 0x71, 0x11, 0x15, 0xf3, 0x11, 0x11, 0x10,
    0xe, 0xff, 0xff, 0xff, 0xff, 0xff, 0xff, 0xf0,
    0xe, 0x83, 0x33, 0x33, 0xf8, 0x33, 0x33, 0x30,
    0xe, 0x60, 0x0, 0x0, 0xca, 0x0, 0x0, 0x0,
    0xe, 0x60, 0x0, 0x0, 0x8d, 0x0, 0x0, 0x0,
    0xe, 0x60, 0x0, 0x0, 0x3f, 0x30, 0x0, 0x0,
    0xe, 0x60, 0x0, 0x33, 0xd, 0xa0, 0x0, 0xb1,
    0xf, 0x87, 0xbf, 0xf6, 0x5, 0xf5, 0x0, 0xf1,
    0x5f, 0xfe, 0x94, 0x0, 0x0, 0x9f, 0x99, 0xe0,
    0x28, 0x30, 0x0, 0x0, 0x0, 0x8, 0xee, 0x50,

    /* U+6C23 "氣" */
    0x0, 0x0, 0x8a, 0x0, 0x0, 0x0, 0x0, 0x0,
    0x0, 0x0, 0x2, 0xfa, 0x33, 0x33, 0x33, 0x33,
    0x33, 0x10, 0x0, 0xc, 0xfd, 0xdd, 0xdd, 0xdd,
    0xdd, 0xdd, 0x40, 0x0, 0xaf, 0x41, 0x11, 0x11,
    0x11, 0x11, 0x10, 0x0, 0xa, 0xf6, 0x9f, 0xff,
    0xff, 0xff, 0xff, 0xf0, 0x0, 0x3e, 0x50, 0x0,
    0x0, 0x0, 0x0, 0x0, 0x0, 0x0, 0x0, 0x6f,
    0xff, 0xff, 0xff, 0xff, 0xff, 0x10, 0x0, 0x0,
    0x18, 0x10, 0xd8, 0x2, 0x91, 0x4f, 0x10, 0x0,
    0x0, 0xe, 0x60, 0xc7, 0x9, 0xc0, 0x3f, 0x10,
    0x0, 0x0, 0x6, 0xd0, 0xc7, 0x2f, 0x20, 0x3f,
    0x10, 0x0, 0x2, 0x23, 0x72, 0xd8, 0x68, 0x22,
    0x2f, 0x20, 0x0, 0xb, 0xee, 0xef, 0xff, 0xee,
    0xee, 0x2f, 0x30, 0x0, 0x0, 0x0, 0x7e, 0xe8,
    0x81, 0x0, 0xf, 0x50, 0x20, 0x0, 0x2b, 0xd1,
    0xc8, 0x8e, 0x80, 0xc, 0x90, 0xe0, 0xb, 0xf9,
    0x0, 0xc7, 0x2, 0xc9, 0x7, 0xf7, 0xe0, 0x6,
    0x30, 0x0, 0xc7, 0x0, 0x0, 0x0, 0xaf, 0x80,

    /* U+6C34 "水" */
    0x0, 0x0, 0x0, 0x0, 0x47, 0x0, 0x0, 0x0,
    0x0, 0x0, 0x0, 0x0, 0x0, 0x8e, 0x0, 0x0,
    0x0, 0x0, 0x0, 0x0, 0x0, 0x0, 0x8e, 0x0,
    0x0, 0x0, 0x0, 0x0, 0x0, 0x0, 0x0, 0x8e,
    0x0, 0x0, 0x0, 0x0, 0x0, 0x0, 0x0, 0x0,
    0x8e, 0x0, 0x0, 0x55, 0x0, 0x3, 0x66, 0x66,
    0x61, 0x8f, 0x10, 0x2, 0xfb, 0x0, 0x8, 0xff,
    0xff, 0xf5, 0x8f, 0x80, 0x1d, 0xc0, 0x0, 0x0,
    0x0, 0x5, 0xf0, 0x8f, 0xf2, 0xdc, 0x0, 0x0,
    0x0, 0x0, 0xa, 0xc0, 0x8e, 0xcf, 0xb0, 0x0,
    0x0, 0x0, 0x0, 0x1f, 0x50, 0x8e, 0x2f, 0x50,
    0x0, 0x0, 0x0, 0x0, 0x9d, 0x0, 0x8e, 0x7,
    0xf4, 0x0, 0x0, 0x0, 0x3, 0xf6, 0x0, 0x8e,
    0x0, 0xbf, 0x30, 0x0, 0x0, 0x2e, 0xa0, 0x0,
    0x8e, 0x0, 0xc, 0xf5, 0x0, 0x3, 0xed, 0x0,
    0x0, 0x8e, 0x0, 0x0, 0xaf, 0xa2, 0xc, 0xc1,
    0x0, 0x0, 0x8e, 0x0, 0x0, 0x6, 0xe4, 0x0,
    0x0, 0x0, 0x76, 0xcd, 0x0, 0x0, 0x0, 0x0,
    0x0, 0x0, 0x0, 0xdf, 0xe6, 0x0, 0x0, 0x0,
    0x0, 0x0, 0x0, 0x0, 0x0, 0x0, 0x0, 0x0,
    0x0, 0x0,

    /* U+6C38 "永" */
    0x0, 0x0, 0x0, 0x0, 0x0, 0x0, 0x0, 0x0,
    0x0, 0x0, 0x0, 0x8, 0xd8, 0x30, 0x0, 0x0,
    0x0, 0x0, 0x0, 0x0, 0x3, 0x8d, 0xfe, 0x92,
    0x0, 0x0, 0x0, 0x0, 0x0, 0x0, 0x0, 0x28,
    0xef, 0x40, 0x0, 0x0, 0x0, 0x2, 0x55, 0x55,
    0x55, 0x5, 0x0, 0x0, 0x0, 0x0, 0x7, 0xff,
    0xff, 0xfe, 0x0, 0x0, 0x0, 0x0, 0x0, 0x0,
    0x0, 0x0, 0x8f, 0x20, 0x0, 0x1c, 0x60, 0x0,
    0x0, 0x0, 0x0, 0x8f, 0x80, 0x1, 0xdd, 0x20,
    0xc, 0xff, 0xff, 0xd0, 0x8f, 0xf0, 0x3e, 0xc1,
    0x0, 0x4, 0x55, 0x5d, 0xb0, 0x8f, 0xeb, 0xf8,
    0x0, 0x0, 0x0, 0x0, 0x2f, 0x60, 0x8e, 0x6f,
    0x60, 0x0, 0x0, 0x0, 0x0, 0xbd, 0x0, 0x8e,
    0xc, 0xd1, 0x0, 0x0, 0x0, 0x6, 0xf4, 0x0,
    0x8e, 0x1, 0xed, 0x10, 0x0, 0x0, 0x6f, 0x80,
    0x0, 0x8e, 0x0, 0x2d, 0xe5, 0x0, 0x9, 0xf9,
    0x0, 0x0, 0x8e, 0x0, 0x1, 0xbf, 0xc2, 0x8,
    0x60, 0x2, 0x55, 0xce, 0x0, 0x0, 0x4, 0xa0,
    0x0, 0x0, 0x1, 0xff, 0xd6, 0x0, 0x0, 0x0,
    0x0,

    /* U+6C42 "求" */
    0x0, 0x0, 0x0, 0x0, 0x0, 0x0, 0x0, 0x0,
    0x0, 0x0, 0x0, 0x0, 0x0, 0xba, 0x4, 0xc4,
    0x0, 0x0, 0x0, 0x0, 0x0, 0x0, 0xba, 0x0,
    0x8f, 0xa1, 0x0, 0x1, 0x11, 0x11, 0x11, 0xbb,
    0x11, 0x14, 0xd3, 0x10, 0xc, 0xff, 0xff, 0xff,
    0xff, 0xff, 0xff, 0xff, 0xe0, 0x2, 0x33, 0x33,
    0x33, 0xcd, 0x33, 0x33, 0x33, 0x30, 0x0, 0x57,
    0x0, 0x0, 0xbf, 0x30, 0x0, 0x7a, 0x0, 0x0,
    0x4f, 0x80, 0x0, 0xbf, 0xb0, 0x5, 0xf7, 0x0,
    0x0, 0x4, 0xf6, 0x0, 0xbd, 0xf3, 0x5f, 0x70,
    0x0, 0x0, 0x0, 0x7d, 0x0, 0xba, 0xad, 0xf6,
    0x0, 0x0, 0x0, 0x0, 0x0, 0x18, 0xfa, 0x1f,
    0xa0, 0x0, 0x0, 0x0, 0x0, 0x7, 0xed, 0xda,
    0x5, 0xf7, 0x0, 0x0, 0x0, 0x5, 0xde, 0x60,
    0xba, 0x0, 0x8f, 0x70, 0x0, 0x5, 0xdf, 0x91,
    0x0, 0xba, 0x0, 0x7, 0xfc, 0x30, 0xd, 0xb2,
    0x0, 0x0, 0xba, 0x0, 0x0, 0x5e, 0xf2, 0x0,
    0x0, 0x5, 0x66, 0xd9, 0x0, 0x0, 0x0, 0x40,
    0x0, 0x0, 0x9, 0xff, 0xc3, 0x0, 0x0, 0x0,
    0x0, 0x0, 0x0, 0x0, 0x0, 0x0, 0x0, 0x0,
    0x0, 0x0,

    /* U+6C60 "池" */
    0x0, 0x0, 0x0, 0x0, 0x0, 0x0, 0x0, 0x0,
    0x0, 0x1, 0xe8, 0x10, 0x0, 0x0, 0xf, 0x50,
    0x0, 0x0, 0x0, 0x5d, 0xf5, 0x9, 0x40, 0xf,
    0x50, 0x0, 0x0, 0x0, 0x0, 0x82, 0xe, 0x60,
    0xf, 0x50, 0x1, 0x0, 0x0, 0x0, 0x0, 0xe,
    0x60, 0xf, 0x63, 0xaf, 0x70, 0x0, 0x0, 0x0,
    0xe, 0x60, 0xf, 0xef, 0xce, 0x70, 0x1e, 0x91,
    0x0, 0xe, 0x99, 0xff, 0xb3, 0xd, 0x70, 0x5,
    0xdf, 0x41, 0x6f, 0xfc, 0x6f, 0x50, 0xd, 0x70,
    0x0, 0x8, 0x2e, 0xff, 0x70, 0xf, 0x50, 0xd,
    0x60, 0x0, 0x0, 0x3, 0xe, 0x60, 0xf, 0x50,
    0xe, 0x60, 0x0, 0x0, 0x40, 0xe, 0x60, 0xf,
    0x50, 0xf, 0x50, 0x0, 0x1, 0xf6, 0xe, 0x60,
    0xf, 0x58, 0xaf, 0x20, 0x0, 0x9, 0xe0, 0xe,
    0x60, 0xf, 0x58, 0xa6, 0x0, 0x0, 0x2f, 0x60,
    0xe, 0x60, 0x6, 0x20, 0x0, 0x60, 0x0, 0xbd,
    0x0, 0xe, 0x60, 0x0, 0x0, 0x1, 0xf2, 0x6,
    0xf4, 0x0, 0xc, 0xc4, 0x44, 0x44, 0x4a, 0xf0,
    0x3, 0x90, 0x0, 0x4, 0xdf, 0xff, 0xff, 0xfe,
    0x50,

    /* U+6C92 "沒" */
    0x0, 0x93, 0x0, 0x0, 0x4d, 0x10, 0x0, 0x0,
    0x0, 0x1, 0xaf, 0xa1, 0x0, 0x7f, 0x44, 0x44,
    0x44, 0x0, 0x0, 0x3, 0xe6, 0x0, 0xbf, 0xff,
    0xff, 0xff, 0x10, 0x0, 0x0, 0x0, 0x1, 0xf5,
    0x0, 0x0, 0x5f, 0x0, 0x0, 0x0, 0x0, 0x8,
    0xe0, 0x0, 0x0, 0x7e, 0x0, 0x1f, 0xa2, 0x0,
    0x2f, 0x70, 0x0, 0x0, 0xab, 0x0, 0x3, 0xbf,
    0x62, 0xea, 0x0, 0x7, 0xcd, 0xf5, 0x0, 0x0,
    0x4, 0x20, 0x70, 0x0, 0x1, 0x45, 0x10, 0x0,
    0x0, 0x0, 0x0, 0x7e, 0xee, 0xee, 0xee, 0xed,
    0x0, 0x0, 0x0, 0x60, 0x26, 0xf7, 0x55, 0x55,
    0xe9, 0x0, 0x0, 0x2, 0xf5, 0x0, 0xbc, 0x0,
    0x7, 0xf1, 0x0, 0x0, 0xa, 0xd0, 0x0, 0x1e,
    0xa0, 0x6f, 0x60, 0x0, 0x0, 0x2f, 0x50, 0x0,
    0x2, 0xec, 0xf6, 0x0, 0x0, 0x0, 0xbc, 0x0,
    0x0, 0x6, 0xef, 0xf7, 0x0, 0x0, 0x5, 0xf4,
    0x1, 0x59, 0xef, 0x82, 0x8f, 0xe8, 0x30, 0x4,
    0x90, 0x7, 0xfb, 0x71, 0x0, 0x2, 0x8e, 0xe1,
    0x0, 0x0, 0x0, 0x0, 0x0, 0x0, 0x0, 0x0,
    0x10,

    /* U+6CA1 "没" */
    0x0, 0x81, 0x0, 0x0, 0x44, 0x44, 0x44, 0x0,
    0x0, 0x2, 0xcf, 0x70, 0x0, 0xff, 0xff, 0xff,
    0x30, 0x0, 0x0, 0x6, 0xf4, 0x0, 0xf5, 0x0,
    0x2f, 0x30, 0x0, 0x0, 0x0, 0x0, 0x1, 0xf3,
    0x0, 0x2f, 0x30, 0x0, 0x0, 0x0, 0x0, 0x7,
    0xf0, 0x0, 0x2f, 0x30, 0x0, 0x2f, 0x91, 0x0,
    0x5f, 0x80, 0x0, 0xf, 0xff, 0xf2, 0x5, 0xef,
    0x58, 0xfa, 0x0, 0x0, 0x2, 0x55, 0x50, 0x0,
    0x9, 0x31, 0x72, 0x22, 0x22, 0x22, 0x21, 0x0,
    0x0, 0x0, 0x0, 0xdf, 0xff, 0xff, 0xff, 0xfc,
    0x0, 0x0, 0x0, 0x30, 0x1d, 0x91, 0x11, 0x14,
    0xf4, 0x0, 0x0, 0x2, 0xf3, 0x4, 0xf3, 0x0,
    0xd, 0xc0, 0x0, 0x0, 0xa, 0xd0, 0x0, 0xae,
    0x20, 0xbe, 0x20, 0x0, 0x0, 0x2f, 0x50, 0x0,
    0xb, 0xec, 0xe2, 0x0, 0x0, 0x0, 0xbc, 0x0,
    0x0, 0x8, 0xff, 0xb1, 0x0, 0x0, 0x4, 0xf4,
    0x0, 0x49, 0xfe, 0x76, 0xef, 0xa4, 0x0, 0x7,
    0xb0, 0xe, 0xfc, 0x70, 0x0, 0x7, 0xdf, 0xf2,
    0x0, 0x0, 0x3, 0x10, 0x0, 0x0, 0x0, 0x2,
    0x30,

    /* U+6CCA "泊" */
    0x0, 0x0, 0x0, 0x0, 0x0, 0x0, 0x0, 0x0,
    0x0, 0xc, 0x81, 0x0, 0x0, 0xc, 0xb0, 0x0,
    0x0, 0x0, 0x5e, 0xe5, 0x0, 0x0, 0xf6, 0x0,
    0x0, 0x0, 0x0, 0x9, 0x50, 0x0, 0x4f, 0x10,
    0x0, 0x0, 0x0, 0x0, 0x0, 0x6f, 0xff, 0xff,
    0xff, 0xff, 0x40, 0x0, 0x0, 0x6, 0xf5, 0x55,
    0x55, 0x56, 0xf4, 0xb, 0x70, 0x0, 0x6e, 0x0,
    0x0, 0x0, 0xf, 0x40, 0x6e, 0xe4, 0x6, 0xe0,
    0x0, 0x0, 0x0, 0xf4, 0x0, 0x1b, 0x50, 0x6e,
    0x0, 0x0, 0x0, 0xf, 0x40, 0x0, 0x0, 0x6,
    0xf4, 0x44, 0x44, 0x45, 0xf4, 0x0, 0x0, 0x20,
    0x6f, 0xff, 0xff, 0xff, 0xff, 0x40, 0x0, 0x1e,
    0x46, 0xe0, 0x0, 0x0, 0x0, 0xf4, 0x0, 0x8,
    0xe0, 0x6e, 0x0, 0x0, 0x0, 0xf, 0x40, 0x1,
    0xf6, 0x6, 0xe0, 0x0, 0x0, 0x0, 0xf4, 0x0,
    0xad, 0x0, 0x6e, 0x0, 0x0, 0x0, 0xf, 0x40,
    0x4f, 0x40, 0x6, 0xff, 0xff, 0xff, 0xff, 0xf4,
    0x2, 0x80, 0x0, 0x6f, 0x55, 0x55, 0x55, 0x6d,
    0x40,

    /* U+6CD5 "法" */
    0x0, 0xa5, 0x0, 0x0, 0x0, 0x4f, 0x10, 0x0,
    0x0, 0x18, 0xfd, 0x30, 0x0, 0x4, 0xf1, 0x0,
    0x0, 0x0, 0x1, 0xa8, 0x0, 0x0, 0x4f, 0x10,
    0x0, 0x0, 0x0, 0x0, 0x1, 0xff, 0xff, 0xff,
    0xff, 0xf1, 0x0, 0x0, 0x0, 0x3, 0x33, 0x7f,
    0x43, 0x33, 0x0, 0xc7, 0x0, 0x0, 0x0, 0x4,
    0xf1, 0x0, 0x0, 0x7, 0xee, 0x40, 0x0, 0x0,
    0x4f, 0x10, 0x0, 0x0, 0x1, 0xa6, 0x4, 0x55,
    0x58, 0xf6, 0x55, 0x54, 0x0, 0x0, 0x0, 0xef,
    0xff, 0xff, 0xff, 0xff, 0xc0, 0x0, 0x1, 0x0,
    0x0, 0x2f, 0x60, 0x0, 0x0, 0x0, 0x0, 0xb8,
    0x0, 0xb, 0xd0, 0x0, 0x0, 0x0, 0x0, 0x4f,
    0x30, 0x3, 0xf5, 0x2, 0xf3, 0x0, 0x0, 0xd,
    0xb0, 0x0, 0xcb, 0x0, 0x9, 0xd0, 0x0, 0x6,
    0xf2, 0x0, 0x7f, 0x10, 0x1, 0x4f, 0x90, 0x1,
    0xe9, 0x0, 0x4f, 0xec, 0xef, 0xff, 0xdf, 0x20,
    0x6e, 0x10, 0x3, 0xc9, 0x75, 0x31, 0x0, 0xca,
    0x0, 0x10, 0x0, 0x0, 0x0, 0x0, 0x0, 0x3,
    0x20,

    /* U+6CE2 "波" */
    0x0, 0x0, 0x0, 0x0, 0x0, 0x2, 0x0, 0x0,
    0x0, 0x2, 0xa2, 0x0, 0x0, 0x0, 0x6e, 0x0,
    0x0, 0x0, 0x2, 0xbf, 0x70, 0x0, 0x0, 0x6e,
    0x0, 0x0, 0x0, 0x0, 0x7, 0xf2, 0x44, 0x44,
    0x9f, 0x44, 0x45, 0x40, 0x0, 0x0, 0x10, 0xcf,
    0xff, 0xff, 0xff, 0xff, 0xd0, 0x0, 0x0, 0x0,
    0xc7, 0x0, 0x6e, 0x0, 0xe, 0x70, 0x2d, 0x60,
    0x0, 0xc7, 0x0, 0x6e, 0x0, 0x5e, 0x0, 0x7,
    0xfd, 0x20, 0xc8, 0x0, 0x6e, 0x0, 0x23, 0x0,
    0x0, 0x19, 0x0, 0xdf, 0xff, 0xff, 0xff, 0xfa,
    0x0, 0x0, 0x0, 0x0, 0xd8, 0xe8, 0x22, 0x23,
    0xf5, 0x0, 0x0, 0x1, 0x10, 0xe5, 0x6e, 0x0,
    0x7, 0xe0, 0x0, 0x0, 0x8, 0xc0, 0xf4, 0xe,
    0x80, 0x1e, 0x70, 0x0, 0x0, 0x1f, 0x62, 0xf1,
    0x4, 0xf5, 0xcc, 0x0, 0x0, 0x0, 0x8e, 0x7,
    0xe0, 0x0, 0x8f, 0xf2, 0x0, 0x0, 0x1, 0xf8,
    0xc, 0x90, 0x2, 0xcf, 0xf8, 0x0, 0x0, 0x9,
    0xe0, 0x4f, 0x31, 0x8f, 0xc2, 0x6f, 0xd6, 0x0,
    0xc, 0x70, 0xca, 0x4f, 0xe7, 0x0, 0x2, 0xaf,
    0xe0, 0x0, 0x0, 0x11, 0x4, 0x0, 0x0, 0x0,
    0x1, 0x30,

    /* U+6CE8 "注" */
    0x0, 0x0, 0x0, 0x0, 0x0, 0x40, 0x0, 0x0,
    0x0, 0x3, 0xe7, 0x0, 0x0, 0x1, 0xf6, 0x0,
    0x0, 0x0, 0x0, 0x6e, 0xe4, 0x0, 0x0, 0x8e,
    0x0, 0x0, 0x0, 0x0, 0x0, 0x92, 0x0, 0x0,
    0x1d, 0x30, 0x0, 0x0, 0x0, 0x0, 0x2, 0xee,
    0xee, 0xee, 0xee, 0xee, 0x90, 0x0, 0x0, 0x1,
    0x55, 0x55, 0xaf, 0x55, 0x55, 0x30, 0x2e, 0x70,
    0x0, 0x0, 0x0, 0x7e, 0x0, 0x0, 0x0, 0x7,
    0xfd, 0x30, 0x0, 0x0, 0x7e, 0x0, 0x0, 0x0,
    0x0, 0x1b, 0x30, 0x0, 0x0, 0x7e, 0x0, 0x0,
    0x0, 0x0, 0x0, 0x0, 0x25, 0x55, 0xaf, 0x55,
    0x55, 0x0, 0x0, 0x0, 0x20, 0x7f, 0xff, 0xff,
    0xff, 0xff, 0x0, 0x0, 0x1, 0xf4, 0x0, 0x0,
    0x7e, 0x0, 0x0, 0x0, 0x0, 0x9, 0xe0, 0x0,
    0x0, 0x7e, 0x0, 0x0, 0x0, 0x0, 0x2f, 0x60,
    0x0, 0x0, 0x7e, 0x0, 0x0, 0x0, 0x0, 0xbd,
    0x0, 0x0, 0x0, 0x7e, 0x0, 0x0, 0x0, 0x5,
    0xf4, 0x3, 0x44, 0x44, 0x9f, 0x44, 0x44, 0x40,
    0xa, 0xa0, 0xc, 0xff, 0xff, 0xff, 0xff, 0xff,
    0xf1, 0x0, 0x10, 0x0, 0x0, 0x0, 0x0, 0x0,
    0x0, 0x0,

    /* U+6D41 "流" */
    0x0, 0x0, 0x0, 0x0, 0x0, 0x11, 0x0, 0x0,
    0x0, 0x2, 0xd4, 0x0, 0x0, 0x0, 0xc9, 0x0,
    0x0, 0x0, 0x0, 0x8f, 0x90, 0x0, 0x0, 0x5f,
    0x10, 0x0, 0x0, 0x0, 0x4, 0xe6, 0xff, 0xff,
    0xff, 0xff, 0xff, 0xf0, 0x0, 0x0, 0x1, 0x44,
    0x5f, 0xa4, 0x47, 0x44, 0x40, 0x0, 0x0, 0x0,
    0x0, 0xad, 0x0, 0xd, 0xa0, 0x0, 0x1d, 0x81,
    0x0, 0x7, 0xf2, 0x0, 0x3, 0xf7, 0x0, 0x6,
    0xee, 0x40, 0xcf, 0xed, 0xef, 0xff, 0xff, 0x30,
    0x0, 0x1b, 0x50, 0xa9, 0x76, 0x43, 0x21, 0xa,
    0xc0, 0x0, 0x0, 0x0, 0x3, 0x20, 0x22, 0x1,
    0x41, 0x20, 0x0, 0x0, 0x10, 0xc, 0x60, 0x99,
    0x6, 0xd0, 0x0, 0x0, 0x0, 0xd5, 0xc, 0x60,
    0x99, 0x6, 0xd0, 0x0, 0x0, 0x7, 0xe1, 0xd,
    0x50, 0x99, 0x6, 0xd0, 0x0, 0x0, 0x1f, 0x70,
    0xf, 0x30, 0x99, 0x6, 0xd0, 0x20, 0x0, 0xad,
    0x0, 0x6e, 0x0, 0x99, 0x6, 0xd0, 0x95, 0x5,
    0xf4, 0x2, 0xe6, 0x0, 0x99, 0x6, 0xe1, 0xc4,
    0x6, 0xa0, 0xe, 0x80, 0x0, 0x88, 0x2, 0xdf,
    0xc0, 0x0, 0x0, 0x1, 0x0, 0x0, 0x0, 0x0,
    0x0, 0x0,

    /* U+6D69 "浩" */
    0x0, 0x0, 0x0, 0x0, 0x0, 0x0, 0x0, 0x0,
    0x0, 0x2, 0xb3, 0x0, 0x2, 0x20, 0x3f, 0x10,
    0x0, 0x0, 0x1, 0xaf, 0x80, 0xb, 0xb0, 0x3f,
    0x10, 0x0, 0x0, 0x0, 0x5, 0xf6, 0x1f, 0x71,
    0x4f, 0x31, 0x11, 0x0, 0x0, 0x0, 0x10, 0x6f,
    0xff, 0xff, 0xff, 0xff, 0x70, 0x0, 0x0, 0x1,
    0xe9, 0x22, 0x5f, 0x32, 0x22, 0x10, 0x2c, 0x50,
    0x8, 0xe0, 0x0, 0x3f, 0x10, 0x0, 0x0, 0x18,
    0xfc, 0x22, 0x52, 0x22, 0x5f, 0x32, 0x22, 0x20,
    0x0, 0x2b, 0x19, 0xff, 0xff, 0xff, 0xff, 0xff,
    0xf1, 0x0, 0x0, 0x1, 0x11, 0x11, 0x11, 0x11,
    0x11, 0x10, 0x0, 0x0, 0x30, 0x3, 0x33, 0x33,
    0x33, 0x33, 0x0, 0x0, 0x1, 0xe5, 0x1f, 0xff,
    0xff, 0xff, 0xff, 0x10, 0x0, 0x9, 0xe0, 0x1f,
    0x30, 0x0, 0x0, 0x4f, 0x10, 0x0, 0x3f, 0x50,
    0x1f, 0x30, 0x0, 0x0, 0x4f, 0x10, 0x0, 0xcc,
    0x0, 0x1f, 0x30, 0x0, 0x0, 0x4f, 0x10, 0x8,
    0xf2, 0x0, 0x1f, 0xdd, 0xdd, 0xdd, 0xef, 0x10,
    0x3, 0x70, 0x0, 0x1f, 0x85, 0x55, 0x55, 0x8d,
    0x10,

    /* U+6D6E "浮" */
    0x0, 0x0, 0x0, 0x0, 0x0, 0x0, 0x0, 0x0,
    0x0, 0xb, 0x50, 0x0, 0x1, 0x24, 0x58, 0xad,
    0xf4, 0x0, 0x8f, 0xc2, 0xcf, 0xff, 0xed, 0xb9,
    0x63, 0x0, 0x0, 0x2c, 0x42, 0x61, 0x8, 0x20,
    0x6, 0xc0, 0x0, 0x0, 0x0, 0x2f, 0x30, 0xc8,
    0x0, 0xd9, 0x0, 0x0, 0x0, 0x0, 0xab, 0x6,
    0xe0, 0x6e, 0x10, 0xe, 0xa2, 0x0, 0x3, 0x80,
    0x16, 0x7, 0x50, 0x0, 0x3c, 0xf7, 0x5, 0xff,
    0xff, 0xff, 0xff, 0x40, 0x0, 0x6, 0x30, 0x14,
    0x44, 0x44, 0x7f, 0xa0, 0x0, 0x0, 0x0, 0x0,
    0x0, 0x0, 0x6f, 0x80, 0x0, 0x0, 0x0, 0x60,
    0x0, 0x0, 0x4f, 0x40, 0x0, 0x0, 0x0, 0x4f,
    0x7d, 0xdd, 0xde, 0xfd, 0xdd, 0xdc, 0x0, 0xc,
    0xb2, 0x66, 0x66, 0x9f, 0x66, 0x66, 0x50, 0x5,
    0xf3, 0x0, 0x0, 0x4, 0xf0, 0x0, 0x0, 0x0,
    0xda, 0x0, 0x0, 0x0, 0x4f, 0x0, 0x0, 0x0,
    0x7f, 0x20, 0x0, 0x2, 0x27, 0xf0, 0x0, 0x0,
    0x2, 0x60, 0x0, 0x0, 0x8f, 0xfa, 0x0, 0x0,
    0x0,

    /* U+6D77 "海" */
    0x0, 0x0, 0x0, 0x0, 0x0, 0x0, 0x0, 0x0,
    0x0, 0x0, 0xa5, 0x0, 0x5, 0xf1, 0x0, 0x0,
    0x0, 0x0, 0x0, 0x8f, 0xc2, 0xc, 0xc1, 0x11,
    0x11, 0x11, 0x10, 0x0, 0x1, 0xb2, 0x3f, 0xff,
    0xff, 0xff, 0xff, 0xd0, 0x0, 0x0, 0x0, 0xcc,
    0x22, 0x22, 0x22, 0x22, 0x20, 0x0, 0x0, 0x7,
    0xf4, 0x11, 0x11, 0x11, 0x11, 0x0, 0x6, 0x10,
    0xc, 0x8b, 0xff, 0xff, 0xff, 0xff, 0x0, 0x1c,
    0xf7, 0x0, 0xd, 0x70, 0xb5, 0x0, 0x5f, 0x0,
    0x0, 0x6f, 0x30, 0xf, 0x50, 0x2e, 0x30, 0x5e,
    0x0, 0x0, 0x1, 0x4, 0x4f, 0x64, 0x48, 0xa4,
    0x8e, 0x41, 0x0, 0x1, 0xe, 0xff, 0xff, 0xff,
    0xff, 0xff, 0xf4, 0x0, 0x9, 0x90, 0x5e, 0x2,
    0xb1, 0x0, 0x8c, 0x0, 0x0, 0x1f, 0x50, 0x7c,
    0x0, 0x7d, 0x0, 0x9a, 0x0, 0x0, 0x7e, 0x0,
    0xab, 0x33, 0x3b, 0x63, 0xbb, 0x20, 0x0, 0xe7,
    0x0, 0xcf, 0xff, 0xff, 0xff, 0xff, 0xb0, 0x6,
    0xf1, 0x0, 0x0, 0x0, 0x2, 0x14, 0xf3, 0x0,
    0x4, 0x70, 0x0, 0x0, 0x0, 0xd, 0xff, 0xa0,
    0x0, 0x0, 0x0, 0x0, 0x0, 0x0, 0x0, 0x0,
    0x0, 0x0,

    /* U+6D88 "消" */
    0x0, 0x0, 0x0, 0x0, 0x0, 0x2, 0x0, 0x0,
    0x0, 0x1b, 0x40, 0x1, 0x40, 0x1, 0xf3, 0x0,
    0x53, 0x1, 0x9f, 0x90, 0x6f, 0x20, 0x1f, 0x30,
    0x1f, 0x70, 0x0, 0x4e, 0x30, 0xcb, 0x1, 0xf3,
    0x9, 0xe0, 0x0, 0x0, 0x0, 0x4, 0xf2, 0x1f,
    0x32, 0xf4, 0x0, 0x0, 0x0, 0x0, 0x2, 0x1,
    0xf3, 0x2, 0x0, 0x1e, 0x91, 0x0, 0x2f, 0xff,
    0xff, 0xff, 0xff, 0x10, 0x4d, 0xe4, 0x2, 0xf6,
    0x44, 0x44, 0x46, 0xf1, 0x0, 0x8, 0x30, 0x2f,
    0x20, 0x0, 0x0, 0x3f, 0x10, 0x0, 0x0, 0x2,
    0xff, 0xff, 0xff, 0xff, 0xf1, 0x0, 0x0, 0x50,
    0x2f, 0x53, 0x33, 0x33, 0x6f, 0x10, 0x0, 0x4f,
    0x22, 0xf2, 0x0, 0x0, 0x3, 0xf1, 0x0, 0xc,
    0xa0, 0x2f, 0xed, 0xdd, 0xdd, 0xef, 0x10, 0x4,
    0xf2, 0x2, 0xf6, 0x44, 0x44, 0x46, 0xf1, 0x0,
    0xda, 0x0, 0x2f, 0x20, 0x0, 0x0, 0x3f, 0x10,
    0x7f, 0x20, 0x2, 0xf2, 0x0, 0x4, 0x58, 0xf1,
    0x3, 0x70, 0x0, 0x2f, 0x20, 0x0, 0x7e, 0xd8,
    0x0,

    /* U+6DE8 "淨" */
    0x1, 0x70, 0x0, 0x0, 0x0, 0x2, 0x58, 0xb3,
    0x0, 0x3, 0xee, 0x42, 0x9a, 0xce, 0xff, 0xda,
    0x73, 0x0, 0x0, 0x9, 0xf2, 0x86, 0x53, 0x60,
    0x0, 0x76, 0x0, 0x0, 0x0, 0x20, 0x79, 0x0,
    0xf2, 0x1, 0xf4, 0x0, 0x0, 0x0, 0x0, 0x2f,
    0x10, 0xa8, 0x8, 0xb0, 0x0, 0x19, 0x20, 0x0,
    0x3a, 0x54, 0x65, 0x45, 0x63, 0x0, 0x2a, 0xf8,
    0x0, 0xad, 0xdd, 0xfe, 0xdd, 0xeb, 0x0, 0x0,
    0x2a, 0x10, 0x0, 0x0, 0xb8, 0x0, 0x7b, 0x0,
    0x0, 0x0, 0xe, 0xff, 0xff, 0xff, 0xff, 0xff,
    0xf3, 0x0, 0x0, 0x23, 0x33, 0x33, 0xca, 0x33,
    0x9c, 0x30, 0x0, 0x7, 0xc0, 0x0, 0x0, 0xb8,
    0x0, 0x7b, 0x0, 0x0, 0x1e, 0x60, 0xdf, 0xff,
    0xff, 0xff, 0xfb, 0x0, 0x0, 0x8d, 0x0, 0x22,
    0x22, 0xc9, 0x22, 0x21, 0x0, 0x2, 0xf5, 0x0,
    0x0, 0x0, 0xb8, 0x0, 0x0, 0x0, 0xc, 0xc0,
    0x0, 0x1, 0x33, 0xd8, 0x0, 0x0, 0x0, 0x8,
    0x20, 0x0, 0x2, 0xff, 0xd3, 0x0, 0x0, 0x0,

    /* U+6DF1 "深" */
    0x0, 0xb4, 0x0, 0x11, 0x11, 0x11, 0x11, 0x11,
    0x10, 0x1, 0x9f, 0xb1, 0xff, 0xff, 0xff, 0xff,
    0xff, 0xa0, 0x0, 0x3, 0xb0, 0xf4, 0x1, 0x0,
    0x0, 0x9, 0xa0, 0x0, 0x0, 0x0, 0xf3, 0x3e,
    0x20, 0x87, 0x9, 0xa0, 0x1, 0x0, 0x0, 0x12,
    0xe9, 0x0, 0x3f, 0x90, 0x0, 0xe, 0xc4, 0x0,
    0x3e, 0xc0, 0x0, 0x3, 0xf9, 0x0, 0x2, 0xbf,
    0x70, 0xec, 0x0, 0x4b, 0x0, 0x5f, 0x30, 0x0,
    0x7, 0x30, 0x30, 0x0, 0x6f, 0x0, 0x2, 0x0,
    0x0, 0x0, 0x0, 0x44, 0x44, 0x9f, 0x44, 0x44,
    0x20, 0x0, 0x0, 0x11, 0xff, 0xff, 0xff, 0xff,
    0xff, 0xa0, 0x0, 0x5, 0xd0, 0x0, 0xb, 0xff,
    0xf4, 0x0, 0x0, 0x0, 0xd, 0x80, 0x0, 0x8e,
    0x8f, 0x7e, 0x20, 0x0, 0x0, 0x5f, 0x10, 0x6,
    0xf3, 0x6f, 0xa, 0xd1, 0x0, 0x0, 0xe8, 0x1,
    0xae, 0x40, 0x6f, 0x0, 0xbe, 0x40, 0x8, 0xe0,
    0xb, 0xb1, 0x0, 0x6f, 0x0, 0x8, 0xd0, 0x3,
    0x50, 0x0, 0x0, 0x0, 0x6f, 0x0, 0x0, 0x0,

    /* U+6E05 "清" */
    0x1, 0x81, 0x0, 0x0, 0x0, 0x9a, 0x0, 0x0,
    0x0, 0x2, 0xbf, 0x72, 0xaa, 0xaa, 0xee, 0xaa,
    0xaa, 0x40, 0x0, 0x5, 0x91, 0x33, 0x33, 0xbc,
    0x33, 0x33, 0x10, 0x0, 0x0, 0x0, 0x9b, 0xbb,
    0xee, 0xbb, 0xbb, 0x0, 0x0, 0x0, 0x0, 0x33,
    0x33, 0xbc, 0x33, 0x33, 0x0, 0xa, 0x40, 0x1,
    0x11, 0x11, 0xab, 0x11, 0x11, 0x10, 0x19, 0xf9,
    0xe, 0xff, 0xff, 0xff, 0xff, 0xff, 0xf1, 0x0,
    0x3c, 0x10, 0x1, 0x11, 0x11, 0x11, 0x10, 0x0,
    0x0, 0x0, 0x0, 0x7f, 0xff, 0xff, 0xff, 0xf8,
    0x0, 0x0, 0x0, 0x30, 0x7c, 0x0, 0x0, 0x0,
    0xb8, 0x0, 0x0, 0x7, 0xe0, 0x7f, 0xff, 0xff,
    0xff, 0xf8, 0x0, 0x0, 0xe, 0x70, 0x7c, 0x0,
    0x0, 0x0, 0xc8, 0x0, 0x0, 0x6f, 0x10, 0x7c,
    0x22, 0x22, 0x22, 0xc8, 0x0, 0x0, 0xe8, 0x0,
    0x7f, 0xdd, 0xdd, 0xdd, 0xf8, 0x0, 0x8, 0xf1,
    0x0, 0x7c, 0x0, 0x0, 0x33, 0xd8, 0x0, 0x3,
    0x60, 0x0, 0x7c, 0x0, 0x0, 0xce, 0xd3, 0x0,

    /* U+6E10 "渐" */
    0x0, 0x0, 0x0, 0x0, 0x0, 0x0, 0x0, 0x0,
    0x0, 0x3, 0xb3, 0x0, 0x2f, 0x10, 0x0, 0x0,
    0x4a, 0x60, 0x2, 0xbf, 0x80, 0x4f, 0x0, 0x3,
    0xbe, 0xfc, 0x50, 0x0, 0x6, 0xae, 0xff, 0xff,
    0xd6, 0xe4, 0x10, 0x0, 0x0, 0x0, 0x4, 0xba,
    0x44, 0x36, 0xd0, 0x0, 0x0, 0x1, 0x0, 0x0,
    0xd6, 0x80, 0x6, 0xd0, 0x0, 0x0, 0x2f, 0xa2,
    0x1, 0xf3, 0xf1, 0x6, 0xfa, 0xaa, 0xa2, 0x4,
    0xef, 0x35, 0xc1, 0xf1, 0x6, 0xfb, 0xdf, 0xb2,
    0x0, 0x19, 0xb, 0xa5, 0xf5, 0x36, 0xd0, 0x4e,
    0x0, 0x0, 0x0, 0xe, 0xff, 0xff, 0xb7, 0xb0,
    0x4e, 0x0, 0x0, 0x0, 0x1, 0x1, 0xf1, 0x8,
    0xa0, 0x4e, 0x0, 0x0, 0xc, 0x50, 0x1, 0xf3,
    0x59, 0x90, 0x4e, 0x0, 0x0, 0x3f, 0x34, 0x7b,
    0xff, 0xbb, 0x80, 0x4e, 0x0, 0x0, 0xab, 0x1f,
    0xb8, 0xf1, 0xe, 0x50, 0x4e, 0x0, 0x2, 0xf5,
    0x0, 0x1, 0xf1, 0x2f, 0x10, 0x4e, 0x0, 0xa,
    0xd0, 0x0, 0x1, 0xf1, 0x9b, 0x0, 0x4e, 0x0,
    0x7, 0x50, 0x0, 0x1, 0xf1, 0xb3, 0x0, 0x4e,
    0x0, 0x0, 0x0, 0x0, 0x0, 0x0, 0x0, 0x0,
    0x0, 0x0,

    /* U+6E38 "游" */
    0x0, 0x0, 0x0, 0x0, 0x0, 0x0, 0x0, 0x0,
    0x0, 0x3, 0xa2, 0x0, 0x7d, 0x0, 0x0, 0xd8,
    0x0, 0x0, 0x2, 0xcf, 0x60, 0x1e, 0x90, 0x1,
    0xf5, 0x0, 0x0, 0x0, 0x7, 0xa3, 0x39, 0xa3,
    0x36, 0xfc, 0xbb, 0xb4, 0x0, 0x0, 0x6f, 0xff,
    0xff, 0xfc, 0xd9, 0x99, 0x93, 0x0, 0x0, 0x1,
    0xb9, 0x11, 0x6f, 0x30, 0x0, 0x0, 0x1d, 0x70,
    0x0, 0xc8, 0x0, 0x7d, 0x77, 0x77, 0x60, 0x6,
    0xee, 0x20, 0xca, 0x44, 0x24, 0xcc, 0xcf, 0xd1,
    0x0, 0x18, 0x0, 0xdf, 0xff, 0x60, 0x0, 0x9d,
    0x10, 0x0, 0x0, 0x0, 0xf4, 0xd, 0x60, 0x5,
    0xf1, 0x0, 0x0, 0x1, 0x1, 0xf1, 0xd, 0x63,
    0x37, 0xf3, 0x31, 0x0, 0x1f, 0x34, 0xe0, 0xe,
    0x8f, 0xff, 0xff, 0xf6, 0x0, 0x6e, 0x8, 0xb0,
    0xf, 0x40, 0x5, 0xe0, 0x0, 0x0, 0xd9, 0xd,
    0x80, 0xf, 0x30, 0x5, 0xe0, 0x0, 0x4, 0xf2,
    0x5f, 0x20, 0x2f, 0x10, 0x5, 0xe0, 0x0, 0xb,
    0xb1, 0xea, 0x35, 0xae, 0x2, 0x38, 0xe0, 0x0,
    0x6, 0x41, 0xb1, 0x4d, 0xc5, 0x8, 0xfe, 0x80,
    0x0,

    /* U+6E90 "源" */
    0x1, 0xb3, 0x0, 0x33, 0x33, 0x33, 0x33, 0x33,
    0x30, 0x1, 0x9f, 0x90, 0xef, 0xff, 0xff, 0xff,
    0xff, 0xf1, 0x0, 0x4, 0xd1, 0xe6, 0x0, 0x4,
    0x90, 0x0, 0x0, 0x0, 0x0, 0x0, 0xe6, 0x0,
    0x9, 0xb0, 0x0, 0x0, 0x0, 0x0, 0x0, 0xe6,
    0x5f, 0xff, 0xff, 0xff, 0x50, 0x1c, 0x60, 0x0,
    0xe6, 0x5e, 0x11, 0x11, 0x1e, 0x50, 0x7, 0xfc,
    0x10, 0xf5, 0x5e, 0x11, 0x11, 0x1e, 0x50, 0x0,
    0x2c, 0x20, 0xf5, 0x5f, 0xee, 0xee, 0xef, 0x50,
    0x0, 0x0, 0x0, 0xf4, 0x5e, 0x0, 0x0, 0xe,
    0x50, 0x0, 0x3, 0x22, 0xf2, 0x5f, 0xff, 0xff,
    0xff, 0x50, 0x0, 0xb, 0xb4, 0xf0, 0x1, 0x15,
    0xf1, 0x11, 0x0, 0x0, 0x2f, 0x48, 0xc0, 0x1c,
    0x34, 0xf0, 0x9b, 0x0, 0x0, 0x9d, 0xd, 0x80,
    0x9d, 0x4, 0xf0, 0x2f, 0x60, 0x2, 0xf6, 0x3f,
    0x36, 0xf4, 0x4, 0xf0, 0x9, 0xe1, 0xa, 0xd0,
    0xcb, 0x8, 0x70, 0x27, 0xf0, 0x1, 0x81, 0x4,
    0x50, 0x93, 0x0, 0x1, 0xff, 0x90, 0x0, 0x0,

    /* U+6EC5 "滅" */
    0x0, 0x0, 0x0, 0x0, 0x0, 0x0, 0x0, 0x0,
    0x0, 0x1, 0xb4, 0x0, 0x0, 0x0, 0x0, 0xd5,
    0xb7, 0x0, 0x1, 0x9f, 0xb1, 0x0, 0x0, 0x0,
    0xd6, 0x2d, 0xa0, 0x0, 0x3, 0xc2, 0x33, 0x33,
    0x33, 0xd8, 0x34, 0xa0, 0x0, 0x0, 0x4, 0xff,
    0xff, 0xff, 0xff, 0xff, 0xf3, 0x0, 0x0, 0x4,
    0xe0, 0x0, 0x0, 0xa8, 0x0, 0x0, 0xa, 0x60,
    0x4, 0xe2, 0x44, 0x44, 0x99, 0x0, 0x0, 0x7,
    0xed, 0x34, 0xe7, 0xcf, 0xcb, 0x8b, 0x7, 0xb0,
    0x0, 0x9, 0x24, 0xe0, 0xe, 0x10, 0x6c, 0xc,
    0x60, 0x0, 0x0, 0x5, 0xd3, 0x7e, 0x1d, 0x6e,
    0x1f, 0x10, 0x0, 0x4, 0x17, 0xc6, 0x6f, 0x5b,
    0x2f, 0x9b, 0x0, 0x0, 0xe, 0x78, 0xac, 0x1f,
    0x53, 0xf, 0xf3, 0x0, 0x0, 0x4f, 0x19, 0x90,
    0x4f, 0x70, 0xd, 0xb0, 0x0, 0x0, 0xba, 0xd,
    0x60, 0xb8, 0xd8, 0x6f, 0xb0, 0x57, 0x3, 0xf3,
    0x2f, 0x17, 0xd0, 0x18, 0xe8, 0xf1, 0x87, 0xb,
    0xc0, 0xab, 0x1c, 0x10, 0x9e, 0x20, 0xdd, 0xe3,
    0x4, 0x30, 0xb3, 0x0, 0x0, 0x91, 0x0, 0x2d,
    0xb0, 0x0, 0x0, 0x0, 0x0, 0x0, 0x0, 0x0,
    0x0, 0x0,

    /* U+6EE1 "满" */
    0x0, 0x40, 0x0, 0x0, 0x98, 0x0, 0x5c, 0x0,
    0x0, 0x2, 0xec, 0x24, 0x66, 0xcc, 0x66, 0xae,
    0x66, 0x60, 0x0, 0x1b, 0xe8, 0xbb, 0xee, 0xbb,
    0xdf, 0xbb, 0xa0, 0x0, 0x0, 0x20, 0x0, 0xa9,
    0x0, 0x6d, 0x0, 0x0, 0x0, 0x0, 0x4, 0x55,
    0x66, 0x55, 0x66, 0x55, 0x50, 0x7, 0x20, 0x9,
    0xcc, 0xcf, 0xdc, 0xfe, 0xcc, 0xc1, 0x1a, 0xfa,
    0x10, 0x0, 0xe, 0x30, 0xb6, 0x0, 0x0, 0x0,
    0x39, 0x4, 0xff, 0xff, 0xff, 0xff, 0xff, 0x80,
    0x0, 0x0, 0x4, 0xf4, 0x4f, 0x43, 0xe6, 0x3c,
    0x80, 0x0, 0x2, 0x34, 0xf0, 0x4f, 0x0, 0xf3,
    0xb, 0x80, 0x0, 0x9, 0xd4, 0xf0, 0x7f, 0x83,
    0xfc, 0xb, 0x80, 0x0, 0x2f, 0x64, 0xf1, 0xe7,
    0xda, 0xad, 0x7b, 0x80, 0x0, 0x9e, 0x4, 0xfa,
    0xd0, 0x3f, 0x34, 0xab, 0x80, 0x2, 0xf6, 0x4,
    0xf4, 0x20, 0x69, 0x0, 0xb, 0x80, 0xb, 0xd0,
    0x4, 0xf0, 0x0, 0x0, 0x0, 0xb, 0x80, 0x2,
    0x40, 0x4, 0xf0, 0x0, 0x0, 0xa, 0xed, 0x40,

    /* U+6EFF "滿" */
    0x0, 0x0, 0x0, 0x1, 0x50, 0x0, 0x5, 0x10,
    0x0, 0x4, 0x80, 0x0, 0x3, 0xf1, 0x0, 0xf,
    0x40, 0x0, 0x4, 0xed, 0x33, 0x36, 0xf4, 0x33,
    0x4f, 0x73, 0x30, 0x0, 0xa, 0x8e, 0xff, 0xff,
    0xff, 0xff, 0xff, 0xf3, 0x0, 0x0, 0x0, 0x3,
    0xf1, 0x0, 0xf, 0x40, 0x0, 0x0, 0x0, 0x0,
    0x3, 0xfe, 0xee, 0xef, 0x40, 0x0, 0x4e, 0x60,
    0x0, 0x0, 0x44, 0xbb, 0x44, 0x10, 0x0, 0x7,
    0xfa, 0x1, 0x22, 0x22, 0xba, 0x22, 0x22, 0x10,
    0x0, 0x37, 0x8, 0xff, 0xff, 0xff, 0xff, 0xff,
    0xa0, 0x0, 0x0, 0x8, 0xa2, 0x20, 0xa9, 0x23,
    0x9, 0xa0, 0x0, 0x2, 0x28, 0xa3, 0xc0, 0xa9,
    0x3b, 0x9, 0xa0, 0x0, 0xa, 0x98, 0xa0, 0xd3,
    0xa9, 0xe, 0x39, 0xa0, 0x0, 0x2f, 0x28, 0xa4,
    0xda, 0xa9, 0x6c, 0xa9, 0xa0, 0x0, 0xaa, 0x8,
    0xac, 0x2e, 0xba, 0xc0, 0xda, 0xa0, 0x3, 0xf2,
    0x8, 0xb5, 0x5, 0xba, 0x30, 0x4a, 0xa0, 0xc,
    0x90, 0x8, 0xa0, 0x0, 0xa9, 0x0, 0xa, 0xa0,
    0x4, 0x10, 0x8, 0xa0, 0x0, 0x87, 0x5, 0xfe,
    0x50,

    /* U+6F0F "漏" */
    0x1, 0x81, 0x0, 0x44, 0x44, 0x44, 0x44, 0x44,
    0x10, 0x3, 0xce, 0x53, 0xfd, 0xdd, 0xdd, 0xdd,
    0xdf, 0x50, 0x0, 0x5, 0xa3, 0xf0, 0x0, 0x0,
    0x0, 0xe, 0x50, 0x0, 0x0, 0x3, 0xfd, 0xcc,
    0xcc, 0xcc, 0xcf, 0x50, 0x0, 0x0, 0x3, 0xf5,
    0x44, 0x44, 0x44, 0x44, 0x10, 0x1d, 0x80, 0x3,
    0xf3, 0x22, 0x22, 0x22, 0x22, 0x20, 0x5, 0xde,
    0x33, 0xff, 0xff, 0xff, 0xff, 0xff, 0xf0, 0x0,
    0x6, 0x13, 0xf0, 0x0, 0xd, 0x30, 0x0, 0x0,
    0x0, 0x0, 0x4, 0xdb, 0xee, 0xef, 0xfe, 0xee,
    0xa0, 0x0, 0x4, 0x6, 0xcc, 0x52, 0x1e, 0x53,
    0x18, 0xb0, 0x0, 0xf, 0x58, 0xac, 0x6d, 0x3d,
    0x6d, 0x57, 0xb0, 0x0, 0x6e, 0xc, 0x8c, 0x32,
    0x6d, 0x31, 0x87, 0xb0, 0x0, 0xd9, 0xf, 0x4c,
    0x67, 0xd, 0x79, 0x7, 0xb0, 0x4, 0xf2, 0x6f,
    0xc, 0x4a, 0x8d, 0x47, 0xb7, 0xb0, 0xc, 0xb0,
    0xd9, 0xc, 0x30, 0x1d, 0x30, 0x8, 0xb0, 0x6,
    0x30, 0xa1, 0xc, 0x30, 0xc, 0x33, 0xee, 0x70,
    0x0, 0x0, 0x0, 0x0, 0x0, 0x0, 0x0, 0x0,
    0x0,

    /* U+6F22 "漢" */
    0x0, 0x0, 0x0, 0x0, 0x20, 0x0, 0x2, 0x0,
    0x0, 0x2, 0xe7, 0x0, 0x0, 0xe4, 0x0, 0x3f,
    0x0, 0x0, 0x0, 0x6e, 0xda, 0xff, 0xff, 0xff,
    0xff, 0xff, 0xf0, 0x0, 0x1, 0xa2, 0x22, 0xf6,
    0x22, 0x5f, 0x32, 0x20, 0x0, 0x0, 0x0, 0x0,
    0xec, 0xaa, 0xbf, 0x0, 0x0, 0x2, 0x0, 0x0,
    0x0, 0x44, 0xbc, 0x44, 0x0, 0x0, 0x2f, 0xc3,
    0x0, 0x9e, 0xee, 0xff, 0xee, 0xee, 0x0, 0x3,
    0xdf, 0x40, 0xa8, 0x0, 0x9b, 0x0, 0x4f, 0x0,
    0x0, 0x9, 0x0, 0xa9, 0x0, 0x9b, 0x0, 0x4f,
    0x0, 0x0, 0x0, 0x0, 0xae, 0xee, 0xff, 0xee,
    0xee, 0x0, 0x0, 0x0, 0x10, 0x11, 0x11, 0xab,
    0x11, 0x11, 0x0, 0x0, 0x5, 0xe0, 0xdf, 0xff,
    0xff, 0xff, 0xff, 0x30, 0x0, 0xd, 0xa0, 0x0,
    0x0, 0xd8, 0x0, 0x0, 0x0, 0x0, 0x4f, 0x3a,
    0xff, 0xff, 0xff, 0xff, 0xff, 0xf1, 0x0, 0xdb,
    0x1, 0x11, 0x3e, 0xa9, 0xe3, 0x11, 0x10, 0x5,
    0xf3, 0x0, 0x17, 0xfb, 0x0, 0xae, 0x72, 0x0,
    0x8, 0xa0, 0x9, 0xfd, 0x50, 0x0, 0x5, 0xdf,
    0xe2, 0x0, 0x0, 0x2, 0x30, 0x0, 0x0, 0x0,
    0x2, 0x40,

    /* U+6F5B "潛" */
    0x0, 0x71, 0x1, 0x33, 0x33, 0x31, 0x33, 0x33,
    0x30, 0x2, 0xcf, 0x75, 0xcc, 0xfd, 0xb6, 0xcd,
    0xfc, 0xa0, 0x0, 0x6, 0xc4, 0xc0, 0xf2, 0x5,
    0x91, 0xf0, 0x0, 0x0, 0x0, 0x6, 0xa0, 0xf1,
    0x7, 0x82, 0xf0, 0x0, 0x0, 0x0, 0x8, 0xff,
    0xff, 0xfd, 0xff, 0xff, 0xf0, 0xc, 0x81, 0x0,
    0xa, 0xda, 0x1, 0x1b, 0xb2, 0x10, 0x5, 0xde,
    0x30, 0x4e, 0x6a, 0x30, 0x3f, 0xe2, 0x41, 0x0,
    0x8, 0x15, 0xf4, 0x9f, 0xc5, 0xe5, 0xd4, 0xc3,
    0x0, 0x0, 0xc, 0x40, 0x85, 0xc, 0x50, 0x7c,
    0xb0, 0x0, 0x0, 0x0, 0x13, 0x33, 0x33, 0x33,
    0x33, 0x0, 0x0, 0x9, 0x60, 0x7f, 0xdd, 0xdd,
    0xdd, 0xdf, 0x0, 0x0, 0x1f, 0x50, 0x7c, 0x0,
    0x0, 0x0, 0x1f, 0x0, 0x0, 0x7e, 0x0, 0x7f,
    0xee, 0xee, 0xee, 0xff, 0x0, 0x0, 0xe8, 0x0,
    0x7c, 0x0, 0x0, 0x0, 0x2f, 0x0, 0x6, 0xf1,
    0x0, 0x7c, 0x22, 0x22, 0x22, 0x3f, 0x0, 0x7,
    0x80, 0x0, 0x7f, 0xff, 0xff, 0xff, 0xfe, 0x0,

    /* U+6F84 "澄" */
    0x0, 0x71, 0x0, 0x33, 0x33, 0x18, 0x60, 0x41,
    0x0, 0x1, 0xce, 0x41, 0xff, 0xff, 0x96, 0xd6,
    0xf5, 0x0, 0x0, 0x8, 0xe0, 0x30, 0x2f, 0x30,
    0xfd, 0x30, 0x50, 0x0, 0x0, 0x13, 0xf7, 0xab,
    0x0, 0x8d, 0x3d, 0xb0, 0x0, 0x0, 0x0, 0x3e,
    0xf5, 0x33, 0x4f, 0xf6, 0x0, 0xd, 0x70, 0x0,
    0x6f, 0xaf, 0xff, 0xfc, 0xfb, 0x10, 0x5, 0xdd,
    0x2a, 0xf5, 0x0, 0x0, 0x0, 0x3e, 0xe3, 0x0,
    0x6, 0x7, 0x4d, 0xdd, 0xdd, 0xdd, 0xd4, 0x91,
    0x0, 0x0, 0x0, 0x3f, 0x44, 0x44, 0x44, 0xf3,
    0x0, 0x0, 0x0, 0x40, 0x3f, 0x0, 0x0, 0x0,
    0xf3, 0x0, 0x0, 0x4, 0xf0, 0x3f, 0x22, 0x22,
    0x23, 0xf3, 0x0, 0x0, 0xc, 0xb0, 0x3f, 0xff,
    0xff, 0xff, 0xf3, 0x0, 0x0, 0x4f, 0x30, 0x2,
    0xc1, 0x0, 0x2e, 0x30, 0x0, 0x0, 0xcb, 0x0,
    0x0, 0xd8, 0x0, 0x9d, 0x0, 0x0, 0x5, 0xf3,
    0x2, 0x22, 0x9a, 0x23, 0xf8, 0x22, 0x20, 0x5,
    0xa0, 0xd, 0xff, 0xff, 0xff, 0xff, 0xff, 0xf1,
    0x0, 0x0, 0x0, 0x0, 0x0, 0x0, 0x0, 0x0,
    0x0,

    /* U+6FE4 "濤" */
    0x0, 0x0, 0x0, 0x0, 0x0, 0x0, 0x0, 0x0,
    0x0, 0x1, 0xb4, 0x0, 0x0, 0x0, 0x9b, 0x0,
    0x0, 0x0, 0x1, 0xaf, 0xa6, 0xdd, 0xdd, 0xff,
    0xdd, 0xdd, 0xc0, 0x0, 0x5, 0xc0, 0x0, 0x0,
    0x9b, 0x0, 0x0, 0x0, 0x0, 0x0, 0x0, 0x6e,
    0xee, 0xee, 0xee, 0xea, 0x0, 0x0, 0x0, 0x2,
    0x33, 0x33, 0x33, 0x33, 0x33, 0x20, 0xb, 0x60,
    0x6, 0xbb, 0xbb, 0xbb, 0xbb, 0xbd, 0xe0, 0x7,
    0xed, 0x20, 0x8, 0x88, 0x88, 0x88, 0x8a, 0x80,
    0x0, 0x18, 0x0, 0x3, 0x33, 0xac, 0x33, 0x30,
    0x0, 0x0, 0x0, 0x0, 0xdd, 0xdd, 0xdd, 0xdd,
    0xdd, 0x0, 0x0, 0x0, 0x2, 0x22, 0x22, 0x22,
    0x22, 0x22, 0x20, 0x0, 0x9, 0x6d, 0xdd, 0xdd,
    0xdd, 0xdd, 0xff, 0xd3, 0x0, 0x1f, 0x62, 0xaa,
    0xa9, 0x0, 0x0, 0xc4, 0x0, 0x0, 0x7e, 0x3,
    0xe6, 0x7e, 0x9e, 0xee, 0xff, 0xe2, 0x0, 0xe7,
    0x3, 0xc0, 0x1e, 0xa, 0x20, 0xc4, 0x0, 0x8,
    0xe0, 0x3, 0xfd, 0xee, 0x3, 0xc0, 0xd4, 0x0,
    0x6, 0x70, 0x2, 0x90, 0x0, 0x0, 0x7d, 0xe2,
    0x0,

    /* U+70AF "炯" */
    0x0, 0x6, 0xc0, 0x1, 0x44, 0x44, 0x44, 0x44,
    0x40, 0x0, 0x6d, 0x0, 0x5f, 0xff, 0xff, 0xff,
    0xfe, 0x0, 0x6, 0xd0, 0x5, 0xe0, 0x0, 0x0,
    0x5, 0xe0, 0x14, 0x6d, 0x8, 0x8e, 0x0, 0x0,
    0x0, 0x5e, 0x4, 0xb6, 0xd1, 0xf7, 0xe0, 0xff,
    0xff, 0x15, 0xe0, 0x79, 0x6d, 0x7b, 0x5e, 0xe,
    0x0, 0xd1, 0x5e, 0xa, 0x67, 0xdd, 0x35, 0xe0,
    0xe0, 0xd, 0x15, 0xe0, 0xf2, 0x7c, 0x20, 0x5e,
    0xe, 0x0, 0xd1, 0x5e, 0x2, 0x8, 0xb0, 0x5,
    0xe0, 0xe0, 0xd, 0x15, 0xe0, 0x0, 0xaa, 0x0,
    0x5e, 0xe, 0x0, 0xd1, 0x5e, 0x0, 0xd, 0xd0,
    0x5, 0xe0, 0xe0, 0xd, 0x15, 0xe0, 0x2, 0xfe,
    0xc0, 0x5e, 0xf, 0xff, 0xf1, 0x5e, 0x0, 0x8e,
    0x1d, 0xa5, 0xe0, 0xe0, 0x0, 0x5, 0xe0, 0x2f,
    0x80, 0x2c, 0x7e, 0x1, 0x0, 0x0, 0x5e, 0xd,
    0xd0, 0x0, 0x5, 0xe0, 0x0, 0x4, 0x5a, 0xe0,
    0xa2, 0x0, 0x0, 0x5e, 0x0, 0x0, 0x9f, 0xd7,

    /* U+70B9 "点" */
    0x0, 0x0, 0x0, 0x0, 0x43, 0x0, 0x0, 0x0,
    0x0, 0x0, 0x0, 0x0, 0x0, 0xc8, 0x0, 0x0,
    0x0, 0x0, 0x0, 0x0, 0x0, 0x0, 0xca, 0x33,
    0x33, 0x33, 0x10, 0x0, 0x0, 0x0, 0x0, 0xcf,
    0xff, 0xff, 0xff, 0x50, 0x0, 0x0, 0x0, 0x0,
    0xc9, 0x0, 0x0, 0x0, 0x0, 0x0, 0x0, 0x0,
    0x0, 0xc8, 0x0, 0x0, 0x0, 0x0, 0x0, 0xd,
    0xdd, 0xdd, 0xfe, 0xdd, 0xdd, 0xd0, 0x0, 0x0,
    0xf, 0x96, 0x66, 0x66, 0x66, 0x69, 0xf0, 0x0,
    0x0, 0xf, 0x40, 0x0, 0x0, 0x0, 0x4, 0xf0,
    0x0, 0x0, 0xf, 0x40, 0x0, 0x0, 0x0, 0x4,
    0xf0, 0x0, 0x0, 0xf, 0x52, 0x22, 0x22, 0x22,
    0x26, 0xf0, 0x0, 0x0, 0xf, 0xff, 0xff, 0xff,
    0xff, 0xff, 0xf0, 0x0, 0x0, 0x1, 0x11, 0x11,
    0x11, 0x11, 0x11, 0x10, 0x0, 0x0, 0xa, 0x30,
    0x42, 0x0, 0x61, 0x2, 0xb1, 0x0, 0x0, 0x8e,
    0x0, 0xc8, 0x0, 0xd8, 0x0, 0xcb, 0x0, 0x2,
    0xf7, 0x0, 0xab, 0x0, 0x6e, 0x0, 0x2f, 0x60,
    0xe, 0xb0, 0x0, 0x8c, 0x0, 0x1f, 0x40, 0x9,
    0xd0, 0x3, 0x10, 0x0, 0x22, 0x0, 0x1, 0x0,
    0x1, 0x0,

    /* U+70BA "為" */
    0x0, 0x0, 0x0, 0x0, 0x0, 0x0, 0x0, 0x0,
    0x0, 0x0, 0x1e, 0x50, 0x1, 0xf5, 0x0, 0x0,
    0x0, 0x0, 0x0, 0x7f, 0x20, 0x7f, 0x10, 0x0,
    0x0, 0x0, 0x0, 0x0, 0xb6, 0xd, 0xa0, 0x0,
    0x0, 0x0, 0x8, 0xff, 0xff, 0xff, 0xff, 0xff,
    0xff, 0x10, 0x0, 0x13, 0x33, 0x33, 0xdb, 0x33,
    0x38, 0xd0, 0x0, 0x0, 0x0, 0x0, 0x5f, 0x20,
    0x0, 0xa9, 0x0, 0x0, 0x0, 0x0, 0x1e, 0xff,
    0xff, 0xff, 0xff, 0x60, 0x0, 0x0, 0xc, 0xd3,
    0x33, 0x33, 0x33, 0xf4, 0x0, 0x0, 0x9, 0xf3,
    0x0, 0x0, 0x0, 0x2f, 0x10, 0x0, 0xa, 0xfb,
    0x44, 0x44, 0x44, 0x48, 0xf4, 0x40, 0x1b, 0xfe,
    0xdd, 0xdd, 0xdd, 0xdd, 0xdd, 0xfb, 0x3f, 0xe5,
    0x10, 0x0, 0x3, 0x2, 0x60, 0xb, 0x90, 0x70,
    0x7c, 0xb, 0x60, 0xe3, 0xe, 0x40, 0xd7, 0x0,
    0xe, 0x60, 0x89, 0x8, 0xa0, 0x56, 0xf, 0x50,
    0xa, 0xd0, 0x6, 0xb0, 0x26, 0x13, 0x38, 0xf1,
    0x0, 0x92, 0x0, 0x11, 0x0, 0x2, 0xff, 0xf7,
    0x0, 0x0, 0x0, 0x0, 0x0, 0x0, 0x0, 0x0,
    0x0,

    /* U+70DF "烟" */
    0x0, 0xe, 0x50, 0x4, 0x44, 0x44, 0x44, 0x44,
    0x10, 0x0, 0xe5, 0x0, 0xef, 0xff, 0xff, 0xff,
    0xf5, 0x0, 0xe, 0x50, 0xe, 0x40, 0x3, 0x0,
    0xe, 0x50, 0x20, 0xe5, 0x27, 0xe4, 0x0, 0xe2,
    0x0, 0xe5, 0xc, 0x3e, 0x58, 0xbe, 0x40, 0xe,
    0x20, 0xe, 0x50, 0xe1, 0xe5, 0xd4, 0xe5, 0x22,
    0xe4, 0x21, 0xe5, 0x1f, 0xe, 0x9d, 0xe, 0x8f,
    0xff, 0xff, 0x9e, 0x55, 0xb0, 0xf5, 0x20, 0xe4,
    0x1, 0xf1, 0x0, 0xe5, 0x13, 0xf, 0x30, 0xe,
    0x40, 0x3f, 0x70, 0xe, 0x50, 0x2, 0xf3, 0x0,
    0xe4, 0x8, 0xbe, 0x20, 0xe5, 0x0, 0x4f, 0xb0,
    0xe, 0x40, 0xe3, 0x8b, 0xe, 0x50, 0x8, 0xee,
    0x80, 0xe4, 0x8c, 0x0, 0xe3, 0xe5, 0x0, 0xd7,
    0x5f, 0x4e, 0x9e, 0x20, 0x7, 0xae, 0x50, 0x4f,
    0x20, 0xab, 0xe5, 0x30, 0x0, 0x1, 0xe5, 0xe,
    0x80, 0x1, 0xe, 0xff, 0xff, 0xff, 0xff, 0x53,
    0xb0, 0x0, 0x0, 0xe7, 0x44, 0x44, 0x44, 0xd4,
    0x0, 0x0, 0x0, 0x0, 0x0, 0x0, 0x0, 0x0,
    0x0,

    /* U+7136 "然" */
    0x0, 0x0, 0x0, 0x0, 0x0, 0x0, 0x0, 0x0,
    0x0, 0x0, 0x0, 0x9a, 0x0, 0x0, 0x0, 0xa2,
    0x40, 0x0, 0x0, 0x0, 0xfa, 0x44, 0x40, 0x0,
    0xf4, 0xca, 0x0, 0x0, 0x8, 0xfc, 0xcd, 0xf2,
    0x0, 0xf3, 0x1e, 0x60, 0x0, 0x2f, 0x60, 0x7,
    0xc4, 0x45, 0xf7, 0x47, 0x50, 0x0, 0xcb, 0x6e,
    0x6d, 0x7f, 0xff, 0xff, 0xff, 0xf0, 0xb, 0xd1,
    0x3, 0xdf, 0x20, 0x4, 0xf6, 0x0, 0x0, 0x1b,
    0x4c, 0x30, 0xd9, 0x0, 0x8, 0xfb, 0x0, 0x0,
    0x0, 0x5, 0xfd, 0xe1, 0x0, 0xe, 0xaf, 0x30,
    0x0, 0x0, 0x0, 0x9f, 0x40, 0x0, 0x9f, 0x19,
    0xb0, 0x0, 0x0, 0x1a, 0xf4, 0x0, 0x7, 0xf5,
    0x1, 0xf8, 0x0, 0x7, 0xee, 0x40, 0x1, 0xbf,
    0x60, 0x0, 0x4f, 0xa0, 0x5, 0x80, 0x0, 0x7,
    0xd4, 0x0, 0x0, 0x4, 0xb0, 0x0, 0x6, 0x10,
    0x0, 0x0, 0x20, 0x1, 0x71, 0x0, 0x0, 0x8e,
    0x0, 0xb8, 0x0, 0xd7, 0x0, 0xdb, 0x0, 0x2,
    0xf5, 0x0, 0x9b, 0x0, 0x8d, 0x0, 0x3f, 0x60,
    0xd, 0xa0, 0x0, 0x7d, 0x0, 0x3f, 0x20, 0x9,
    0xf1, 0x3, 0x10, 0x0, 0x12, 0x0, 0x2, 0x0,
    0x1, 0x30,

    /* U+7159 "煙" */
    0x0, 0x1e, 0x0, 0x22, 0x22, 0x22, 0x22, 0x22,
    0x20, 0x0, 0x1f, 0x2, 0xff, 0xff, 0xff, 0xff,
    0xff, 0xd0, 0x0, 0x1f, 0x0, 0x0, 0xd, 0x60,
    0xa9, 0x0, 0x0, 0x2, 0x2f, 0x9, 0x22, 0x2e,
    0x82, 0xba, 0x22, 0x10, 0xb, 0x4f, 0x3c, 0xbf,
    0xff, 0xff, 0xff, 0xff, 0x70, 0xd, 0x2f, 0x86,
    0xb7, 0xb, 0x60, 0xa7, 0xb, 0x70, 0xe, 0x1f,
    0xc1, 0xb7, 0xb, 0x60, 0xa7, 0xb, 0x70, 0x4b,
    0x2e, 0x20, 0xb8, 0x2c, 0x72, 0xb9, 0x2c, 0x70,
    0x13, 0x2d, 0x0, 0xbf, 0xff, 0xff, 0xff, 0xff,
    0x70, 0x0, 0x3d, 0x0, 0x0, 0x0, 0x4d, 0x0,
    0x0, 0x0, 0x0, 0x6d, 0x0, 0x0, 0x0, 0x5f,
    0x10, 0x0, 0x0, 0x0, 0x8f, 0x60, 0x8f, 0xff,
    0xff, 0xff, 0xff, 0x40, 0x0, 0xd7, 0xe1, 0x11,
    0x11, 0x6f, 0x21, 0x11, 0x0, 0x3, 0xf0, 0x99,
    0x0, 0x0, 0x4f, 0x0, 0x0, 0x0, 0xc, 0x90,
    0x15, 0x22, 0x22, 0x6f, 0x32, 0x22, 0x20, 0x5e,
    0x10, 0xa, 0xff, 0xff, 0xff, 0xff, 0xff, 0xf1,
    0x3, 0x0, 0x0, 0x0, 0x0, 0x0, 0x0, 0x0,
    0x0,

    /* U+7167 "照" */
    0x1, 0x33, 0x33, 0x31, 0x44, 0x44, 0x44, 0x44,
    0x20, 0x5, 0xff, 0xff, 0xe5, 0xee, 0xff, 0xee,
    0xef, 0x90, 0x5, 0xf0, 0x5, 0xe0, 0x0, 0x9c,
    0x0, 0xc, 0x70, 0x5, 0xf0, 0x5, 0xe0, 0x1,
    0xf7, 0x0, 0xe, 0x60, 0x5, 0xf0, 0x5, 0xe0,
    0x2c, 0xd0, 0x22, 0x4f, 0x30, 0x5, 0xfc, 0xcd,
    0xe8, 0xfb, 0x10, 0x6e, 0xe9, 0x0, 0x5, 0xf6,
    0x69, 0xe3, 0x63, 0x33, 0x33, 0x33, 0x0, 0x5,
    0xf0, 0x5, 0xe0, 0xee, 0xee, 0xee, 0xef, 0x10,
    0x5, 0xf0, 0x5, 0xe0, 0xe5, 0x0, 0x0, 0x3f,
    0x10, 0x5, 0xf5, 0x59, 0xe0, 0xe5, 0x0, 0x0,
    0x3f, 0x10, 0x5, 0xfb, 0xbb, 0xb0, 0xed, 0xcc,
    0xcc, 0xdf, 0x10, 0x5, 0xf0, 0x0, 0x0, 0x45,
    0x55, 0x55, 0x55, 0x0, 0x0, 0x8, 0x20, 0x21,
    0x0, 0x51, 0x1, 0xa1, 0x0, 0x0, 0x8f, 0x10,
    0xc6, 0x0, 0xe7, 0x0, 0xdb, 0x0, 0x2, 0xf7,
    0x0, 0xa8, 0x0, 0x9d, 0x0, 0x3f, 0x50, 0xc,
    0xc0, 0x0, 0x8a, 0x0, 0x4f, 0x20, 0xa, 0xe0,
    0x5, 0x20, 0x0, 0x33, 0x0, 0x4, 0x0, 0x1,
    0x40,

    /* U+71D5 "燕" */
    0x0, 0x0, 0x0, 0x10, 0x0, 0x1, 0x0, 0x0,
    0x0, 0x0, 0x0, 0x3, 0xf0, 0x0, 0x3f, 0x0,
    0x0, 0x0, 0xe, 0xee, 0xef, 0xfe, 0xee, 0xff,
    0xee, 0xee, 0xe1, 0x4, 0x44, 0x47, 0xf4, 0x44,
    0x7f, 0x54, 0x44, 0x40, 0x0, 0x0, 0x3, 0xf1,
    0x11, 0x4f, 0x0, 0x0, 0x0, 0x0, 0x0, 0x54,
    0xff, 0xff, 0xff, 0x24, 0x0, 0x0, 0x0, 0x0,
    0xf3, 0x0, 0x0, 0x0, 0x5e, 0x0, 0x0, 0x9,
    0xdd, 0xf3, 0x6d, 0xdd, 0xd5, 0x5e, 0x3d, 0x90,
    0x3, 0x44, 0xf3, 0x7b, 0x33, 0xc6, 0x5f, 0xe6,
    0x0, 0x0, 0x0, 0xf3, 0x7a, 0x0, 0xb6, 0x5f,
    0x0, 0x0, 0x0, 0x16, 0xf3, 0x7a, 0x0, 0xb6,
    0x5e, 0x0, 0xf0, 0xc, 0xfb, 0xf3, 0x7e, 0xbb,
    0xe6, 0x4f, 0x78, 0xe0, 0x5, 0x10, 0xf3, 0x25,
    0x55, 0x52, 0x9, 0xaa, 0x50, 0x0, 0x17, 0x10,
    0x11, 0x0, 0x30, 0x1, 0x81, 0x0, 0x0, 0x9d,
    0x0, 0xb9, 0x0, 0xe7, 0x0, 0xdb, 0x0, 0x2,
    0xf6, 0x0, 0x8c, 0x0, 0x8d, 0x0, 0x3f, 0x60,
    0x1e, 0xb0, 0x0, 0x7d, 0x0, 0x3f, 0x20, 0x9,
    0xf1, 0x3, 0x10, 0x0, 0x12, 0x0, 0x3, 0x0,
    0x1, 0x40,

    /* U+7236 "父" */
    0x0, 0x0, 0x7, 0xb0, 0x0, 0xb, 0x60, 0x0,
    0x0, 0x0, 0x0, 0x4f, 0x80, 0x0, 0x8, 0xf6,
    0x0, 0x0, 0x0, 0x1, 0xec, 0x0, 0x0, 0x0,
    0x8f, 0x60, 0x0, 0x0, 0x1d, 0xe1, 0x0, 0x0,
    0x0, 0x9, 0xf5, 0x0, 0x2, 0xde, 0x30, 0x0,
    0x0, 0x0, 0x0, 0xbf, 0x30, 0xa, 0xe3, 0x2c,
    0x20, 0x0, 0x1, 0xf5, 0xd, 0xb0, 0x0, 0x20,
    0xe, 0x90, 0x0, 0x8, 0xf1, 0x2, 0x0, 0x0,
    0x0, 0x7, 0xf1, 0x0, 0xe, 0x90, 0x0, 0x0,
    0x0, 0x0, 0x0, 0xeb, 0x0, 0x9f, 0x20, 0x0,
    0x0, 0x0, 0x0, 0x0, 0x5f, 0x74, 0xf7, 0x0,
    0x0, 0x0, 0x0, 0x0, 0x0, 0x9, 0xfe, 0xb0,
    0x0, 0x0, 0x0, 0x0, 0x0, 0x0, 0x4, 0xff,
    0x60, 0x0, 0x0, 0x0, 0x0, 0x0, 0x0, 0x8f,
    0xcc, 0xfa, 0x10, 0x0, 0x0, 0x0, 0x0, 0x4d,
    0xf8, 0x0, 0x7f, 0xe6, 0x0, 0x0, 0x2, 0x8e,
    0xfd, 0x30, 0x0, 0x3, 0xdf, 0xfa, 0x40, 0x2f,
    0xfb, 0x40, 0x0, 0x0, 0x0, 0x3, 0x9f, 0xe1,
    0x4, 0x10, 0x0, 0x0, 0x0, 0x0, 0x0, 0x0,
    0x20,

    /* U+723D "爽" */
    0x0, 0x0, 0x0, 0x0, 0x22, 0x0, 0x0, 0x0,
    0x0, 0x0, 0x0, 0x0, 0x0, 0xab, 0x0, 0x0,
    0x0, 0x0, 0x0, 0x0, 0x0, 0x0, 0xab, 0x0,
    0x0, 0x0, 0x0, 0xe, 0xff, 0xff, 0xff, 0xff,
    0xff, 0xff, 0xff, 0xf0, 0x3, 0x44, 0x47, 0x64,
    0xcc, 0x44, 0x44, 0x75, 0x40, 0x0, 0xaa, 0x5f,
    0x40, 0xca, 0x7, 0x94, 0xe4, 0x0, 0x0, 0xc,
    0xf9, 0x0, 0xd9, 0x0, 0xbf, 0x90, 0x0, 0x0,
    0xae, 0x6e, 0x60, 0xea, 0x7, 0xf8, 0xf6, 0x0,
    0x1, 0x91, 0x3, 0x10, 0xfe, 0x9, 0x30, 0x44,
    0x0, 0x0, 0x52, 0x3f, 0x33, 0xff, 0x32, 0x80,
    0xab, 0x0, 0x0, 0x7e, 0xe7, 0x8, 0xfe, 0x80,
    0xae, 0xe1, 0x0, 0x0, 0x4e, 0xf6, 0xe, 0x97,
    0xf2, 0xae, 0xf5, 0x0, 0x3, 0xf6, 0x2b, 0x8f,
    0x20, 0xed, 0xb1, 0x4e, 0x10, 0x0, 0x20, 0x6,
    0xf7, 0x0, 0x5f, 0x80, 0x0, 0x0, 0x0, 0x1,
    0x9f, 0xa0, 0x0, 0x8, 0xfa, 0x0, 0x0, 0x2,
    0x8e, 0xf6, 0x0, 0x0, 0x0, 0x6f, 0xf9, 0x30,
    0xe, 0xe8, 0x10, 0x0, 0x0, 0x0, 0x2, 0x8e,
    0xe0, 0x1, 0x0, 0x0, 0x0, 0x0, 0x0, 0x0,
    0x0, 0x10,

    /* U+7259 "牙" */
    0x0, 0x22, 0x22, 0x22, 0x22, 0x22, 0x22, 0x22,
    0x0, 0xd, 0xff, 0xff, 0xff, 0xff, 0xff, 0xff,
    0xf0, 0x0, 0x12, 0x22, 0x22, 0x22, 0x29, 0xd2,
    0x22, 0x0, 0x0, 0x4f, 0x10, 0x0, 0x0, 0x8d,
    0x0, 0x0, 0x0, 0x8, 0xd0, 0x0, 0x0, 0x8,
    0xd0, 0x0, 0x0, 0x0, 0xc9, 0x0, 0x0, 0x0,
    0x8d, 0x0, 0x0, 0x0, 0x1f, 0x40, 0x0, 0x0,
    0x8, 0xd0, 0x0, 0x0, 0x5, 0xff, 0xff, 0xff,
    0xff, 0xff, 0xff, 0xfe, 0x0, 0x25, 0x55, 0x55,
    0x5a, 0xfd, 0xe5, 0x55, 0x40, 0x0, 0x0, 0x0,
    0x6, 0xf6, 0x8d, 0x0, 0x0, 0x0, 0x0, 0x0,
    0x1a, 0xf6, 0x8, 0xd0, 0x0, 0x0, 0x0, 0x0,
    0x4e, 0xd3, 0x0, 0x8d, 0x0, 0x0, 0x0, 0x3,
    0xcf, 0x90, 0x0, 0x8, 0xd0, 0x0, 0x0, 0x6c,
    0xfc, 0x30, 0x0, 0x0, 0x8d, 0x0, 0x0, 0xa,
    0xb3, 0x0, 0x0, 0x35, 0x5b, 0xc0, 0x0, 0x0,
    0x0, 0x0, 0x0, 0x4, 0xff, 0xd5, 0x0, 0x0,
    0x0, 0x0, 0x0, 0x0, 0x0, 0x0, 0x0, 0x0,
    0x0,

    /* U+7269 "物" */
    0x0, 0x0, 0x82, 0x0, 0x4, 0x50, 0x0, 0x0,
    0x0, 0x1, 0x30, 0xf3, 0x0, 0xb, 0xa0, 0x0,
    0x0, 0x0, 0x5, 0xd0, 0xf3, 0x0, 0xf, 0x60,
    0x0, 0x0, 0x0, 0x7, 0xb0, 0xf3, 0x0, 0x5f,
    0x31, 0x11, 0x11, 0x10, 0x9, 0xc5, 0xf8, 0x50,
    0xaf, 0xff, 0xff, 0xff, 0xf1, 0xc, 0xff, 0xff,
    0xf3, 0xf7, 0x4f, 0x58, 0xd7, 0xf0, 0x1f, 0x20,
    0xf3, 0xa, 0xd0, 0x5d, 0x9, 0x94, 0xf0, 0x5d,
    0x0, 0xf3, 0x4f, 0x40, 0xb7, 0xe, 0x55, 0xe0,
    0x4, 0x0, 0xf3, 0x5, 0x3, 0xf1, 0x2f, 0x16,
    0xd0, 0x0, 0x0, 0xfb, 0xd6, 0xc, 0x90, 0x9b,
    0x8, 0xc0, 0x17, 0xbf, 0xfb, 0x51, 0x7e, 0x10,
    0xf4, 0x9, 0xb0, 0x2e, 0x94, 0xf3, 0x4, 0xf5,
    0x6, 0xe0, 0xa, 0x90, 0x0, 0x0, 0xf3, 0xe,
    0x70, 0x1f, 0x60, 0xc, 0x80, 0x0, 0x0, 0xf3,
    0x0, 0x0, 0xac, 0x0, 0xf, 0x60, 0x0, 0x0,
    0xf3, 0x0, 0x7, 0xf3, 0x0, 0x2f, 0x30, 0x0,
    0x0, 0xf3, 0x0, 0x8f, 0x50, 0x55, 0xbe, 0x0,
    0x0, 0x0, 0xf3, 0x0, 0x86, 0x0, 0xdf, 0xe4,
    0x0, 0x0, 0x0, 0x0, 0x0, 0x0, 0x0, 0x0,
    0x0, 0x0,

    /* U+72EC "独" */
    0x3, 0x30, 0x6, 0x10, 0x0, 0xd, 0x50, 0x0,
    0x0, 0x8, 0xf3, 0x5f, 0x40, 0x0, 0xf, 0x60,
    0x0, 0x0, 0x0, 0xad, 0xe8, 0x0, 0x0, 0xf,
    0x60, 0x0, 0x0, 0x0, 0x1f, 0xd0, 0x5, 0x55,
    0x5f, 0x95, 0x55, 0x20, 0x1, 0xdf, 0xe0, 0xe,
    0xed, 0xdf, 0xed, 0xdf, 0x50, 0xe, 0xc2, 0xf4,
    0xe, 0x60, 0xf, 0x60, 0xf, 0x50, 0x3, 0x0,
    0xd8, 0xe, 0x60, 0xf, 0x60, 0xf, 0x50, 0x0,
    0x0, 0xea, 0xe, 0x60, 0xf, 0x60, 0xf, 0x50,
    0x0, 0xa, 0xfb, 0xe, 0x71, 0x1f, 0x71, 0x1f,
    0x50, 0x0, 0x8e, 0xab, 0xe, 0xff, 0xff, 0xff,
    0xff, 0x50, 0xa, 0xf4, 0x8b, 0x1, 0x11, 0x1f,
    0x71, 0x32, 0x0, 0x1c, 0x30, 0x9a, 0x0, 0x0,
    0xf, 0x60, 0xd9, 0x0, 0x0, 0x0, 0xa9, 0x0,
    0x0, 0xf, 0x60, 0x5f, 0x10, 0x0, 0x0, 0xd7,
    0x0, 0x12, 0x4f, 0xa8, 0xaf, 0x90, 0x3, 0x47,
    0xf3, 0xbf, 0xff, 0xfe, 0xcb, 0x9a, 0xf0, 0x7,
    0xfe, 0x70, 0x46, 0x42, 0x0, 0x0, 0x1, 0xc3,
    0x0, 0x0, 0x0, 0x0, 0x0, 0x0, 0x0, 0x0,
    0x0,

    /* U+7384 "玄" */
    0x0, 0x0, 0x0, 0x0, 0x0, 0x0, 0x0, 0x0,
    0x0, 0x0, 0x0, 0x7d, 0x0, 0x0, 0x0, 0x0,
    0x0, 0x0, 0x0, 0x1e, 0x90, 0x0, 0x0, 0x0,
    0x56, 0x66, 0x66, 0x6b, 0xf6, 0x66, 0x66, 0x65,
    0xdf, 0xff, 0xff, 0xff, 0xff, 0xff, 0xff, 0xfe,
    0x0, 0x0, 0x4, 0xf7, 0x0, 0x0, 0x0, 0x0,
    0x0, 0x0, 0x2f, 0xa0, 0x0, 0x3, 0x0, 0x0,
    0x0, 0x1, 0xdb, 0x0, 0x0, 0x5f, 0x90, 0x0,
    0x0, 0x2d, 0xb0, 0x0, 0x16, 0xfa, 0x0, 0x0,
    0x1, 0xff, 0xde, 0xff, 0xff, 0x90, 0x0, 0x0,
    0x0, 0x87, 0x54, 0x3a, 0xf8, 0x0, 0x0, 0x0,
    0x0, 0x0, 0x0, 0xbf, 0x60, 0x7, 0xa0, 0x0,
    0x0, 0x0, 0x2d, 0xd3, 0x0, 0x3, 0xf7, 0x0,
    0x0, 0x5, 0xfa, 0x10, 0x0, 0x0, 0x7f, 0x30,
    0x3, 0xbf, 0xc7, 0x89, 0xab, 0xcd, 0xff, 0xd0,
    0x8, 0xff, 0xec, 0xba, 0x97, 0x65, 0x44, 0xf8,
    0x1, 0x10, 0x0, 0x0, 0x0, 0x0, 0x0, 0x78,

    /* U+738B "王" */
    0x2, 0xff, 0xff, 0xff, 0xff, 0xff, 0xff, 0xff,
    0x20, 0x0, 0x55, 0x55, 0x55, 0xdc, 0x55, 0x55,
    0x55, 0x0, 0x0, 0x0, 0x0, 0x0, 0xba, 0x0,
    0x0, 0x0, 0x0, 0x0, 0x0, 0x0, 0x0, 0xba,
    0x0, 0x0, 0x0, 0x0, 0x0, 0x0, 0x0, 0x0,
    0xba, 0x0, 0x0, 0x0, 0x0, 0x0, 0x0, 0x0,
    0x0, 0xba, 0x0, 0x0, 0x0, 0x0, 0x0, 0x25,
    0x55, 0x55, 0xdc, 0x55, 0x55, 0x53, 0x0, 0x0,
    0x5f, 0xff, 0xff, 0xff, 0xff, 0xff, 0xf8, 0x0,
    0x0, 0x0, 0x0, 0x0, 0xba, 0x0, 0x0, 0x0,
    0x0, 0x0, 0x0, 0x0, 0x0, 0xba, 0x0, 0x0,
    0x0, 0x0, 0x0, 0x0, 0x0, 0x0, 0xba, 0x0,
    0x0, 0x0, 0x0, 0x0, 0x0, 0x0, 0x0, 0xba,
    0x0, 0x0, 0x0, 0x0, 0x0, 0x0, 0x0, 0x0,
    0xba, 0x0, 0x0, 0x0, 0x0, 0xe, 0xee, 0xee,
    0xee, 0xff, 0xee, 0xee, 0xee, 0xe1, 0x6, 0x66,
    0x66, 0x66, 0x66, 0x66, 0x66, 0x66, 0x60,

    /* U+73B0 "现" */
    0x0, 0x0, 0x0, 0x1, 0x44, 0x44, 0x44, 0x44,
    0x0, 0xf, 0xff, 0xff, 0xe3, 0xfe, 0xee, 0xee,
    0xee, 0x0, 0x4, 0x4b, 0xc4, 0x43, 0xf0, 0x0,
    0x0, 0x6e, 0x0, 0x0, 0x9, 0xb0, 0x3, 0xf0,
    0x9, 0x30, 0x6e, 0x0, 0x0, 0x9, 0xb0, 0x3,
    0xf0, 0xe, 0x50, 0x6e, 0x0, 0x0, 0x9, 0xb0,
    0x3, 0xf0, 0xe, 0x50, 0x6e, 0x0, 0xa, 0xef,
    0xfe, 0x83, 0xf0, 0xe, 0x50, 0x6e, 0x0, 0x4,
    0x5b, 0xc5, 0x33, 0xf0, 0xf, 0x40, 0x6e, 0x0,
    0x0, 0x9, 0xb0, 0x3, 0xf0, 0xf, 0x20, 0x6e,
    0x0, 0x0, 0x9, 0xb0, 0x3, 0xf0, 0x3f, 0x0,
    0x6e, 0x0, 0x0, 0x9, 0xb0, 0x1, 0x50, 0x8f,
    0xf2, 0x25, 0x0, 0x0, 0x9, 0xb1, 0x60, 0x0,
    0xda, 0xf2, 0x0, 0x0, 0x0, 0x3c, 0xff, 0xe2,
    0x7, 0xf4, 0xf2, 0x0, 0xc2, 0x1f, 0xfd, 0x83,
    0x0, 0x4f, 0x62, 0xf2, 0x0, 0xf2, 0x6, 0x10,
    0x0, 0x6, 0xf8, 0x2, 0xf3, 0x2, 0xf0, 0x0,
    0x0, 0x0, 0xaf, 0x60, 0x0, 0xcf, 0xff, 0x80,
    0x0, 0x0, 0x0, 0x32, 0x0, 0x0, 0x0, 0x0,
    0x0,

    /* U+73FE "現" */
    0x3, 0x33, 0x33, 0x30, 0x55, 0x55, 0x55, 0x55,
    0x20, 0x1f, 0xff, 0xff, 0xf2, 0xfd, 0xcc, 0xcc,
    0xcf, 0x60, 0x0, 0xa, 0xb0, 0x1, 0xf3, 0x0,
    0x0, 0xe, 0x60, 0x0, 0x9, 0xb0, 0x0, 0xf5,
    0x22, 0x22, 0x2e, 0x60, 0x0, 0x9, 0xb0, 0x0,
    0xff, 0xee, 0xee, 0xef, 0x60, 0x0, 0x9, 0xb0,
    0x0, 0xf3, 0x0, 0x0, 0xe, 0x60, 0xc, 0xdf,
    0xfd, 0xc0, 0xf6, 0x44, 0x44, 0x4f, 0x60, 0x5,
    0x5c, 0xd5, 0x50, 0xfd, 0xdd, 0xdd, 0xdf, 0x60,
    0x0, 0x9, 0xb0, 0x0, 0xf3, 0x0, 0x0, 0xe,
    0x60, 0x0, 0x9, 0xb0, 0x0, 0xf7, 0x55, 0x55,
    0x5f, 0x60, 0x0, 0x9, 0xb0, 0x11, 0xce, 0xfc,
    0xef, 0xcc, 0x50, 0x0, 0x1b, 0xed, 0xf4, 0x9,
    0xb0, 0x5f, 0x0, 0x0, 0x3e, 0xfd, 0x84, 0x0,
    0xe, 0x70, 0x5f, 0x0, 0x0, 0x15, 0x10, 0x0,
    0x0, 0xae, 0x0, 0x5f, 0x0, 0x95, 0x0, 0x0,
    0x0, 0x5c, 0xe4, 0x0, 0x5f, 0x32, 0xd6, 0x0,
    0x0, 0x7, 0xfa, 0x20, 0x0, 0x2e, 0xff, 0xe1,
    0x0, 0x0, 0x0, 0x10, 0x0, 0x0, 0x0, 0x0,
    0x0,

    /* U+74D8 "瓘" */
    0x0, 0x0, 0x0, 0x0, 0xe, 0x10, 0xd, 0x50,
    0x0, 0x2a, 0xaa, 0xaa, 0x78, 0x9f, 0x98, 0x8f,
    0xb8, 0x81, 0x19, 0xaf, 0x98, 0x68, 0x8f, 0x98,
    0x8f, 0xa8, 0x81, 0x0, 0x2f, 0x0, 0x2, 0x3a,
    0x30, 0x2a, 0x52, 0x0, 0x0, 0x2f, 0x0, 0xf,
    0xcc, 0xf2, 0xfc, 0xcf, 0x50, 0x0, 0x2f, 0x0,
    0xf, 0x0, 0xe2, 0xf1, 0xc, 0x50, 0xd, 0xef,
    0xe8, 0xe, 0xfe, 0xe2, 0xee, 0xee, 0x50, 0x5,
    0x7f, 0x53, 0x0, 0xb9, 0x9, 0x90, 0x0, 0x0,
    0x0, 0x2f, 0x0, 0x5, 0xf6, 0x26, 0xf5, 0x22,
    0x20, 0x0, 0x2f, 0x0, 0x2e, 0xfc, 0xcd, 0xfd,
    0xcc, 0xa0, 0x0, 0x2f, 0x1, 0xdf, 0xc1, 0x12,
    0xf3, 0x11, 0x0, 0x0, 0x2f, 0x3, 0x98, 0xfc,
    0xcc, 0xfc, 0xcc, 0x30, 0x0, 0x4f, 0xdf, 0x27,
    0xc2, 0x23, 0xf3, 0x22, 0x0, 0x3d, 0xfc, 0x71,
    0x7, 0xfc, 0xcc, 0xfc, 0xcc, 0x20, 0x27, 0x20,
    0x0, 0x7, 0xc2, 0x23, 0xf3, 0x22, 0x20, 0x0,
    0x0, 0x0, 0x7, 0xfd, 0xdd, 0xdd, 0xdd, 0xd3,

    /* U+74F6 "瓶" */
    0x0, 0x0, 0x0, 0x0, 0x0, 0x0, 0x0, 0x0,
    0x0, 0x0, 0x75, 0x0, 0x79, 0x1, 0x11, 0x11,
    0x11, 0x10, 0x0, 0x6d, 0x0, 0xc7, 0x8f, 0xff,
    0xff, 0xff, 0xf0, 0x0, 0x1f, 0x22, 0xf1, 0x12,
    0xf5, 0x22, 0x22, 0x20, 0x5, 0x78, 0x7b, 0xd7,
    0x40, 0xf3, 0x0, 0x0, 0x0, 0x9, 0xdf, 0xcd,
    0xfd, 0x71, 0xf5, 0x33, 0x30, 0x0, 0x0, 0x1f,
    0x1, 0xf1, 0x2, 0xff, 0xff, 0xf4, 0x0, 0x0,
    0x1f, 0x1, 0xf1, 0x3, 0xf0, 0x0, 0xe4, 0x0,
    0x0, 0x1f, 0x1, 0xf1, 0x4, 0xf0, 0x0, 0xe4,
    0x0, 0x5, 0x6f, 0x66, 0xf6, 0x55, 0xe8, 0x70,
    0xe4, 0x0, 0x1d, 0xef, 0xde, 0xfe, 0xc6, 0xd3,
    0xd0, 0xe4, 0x0, 0x0, 0x4e, 0x1, 0xf1, 0x7,
    0xc0, 0xd3, 0xe4, 0x0, 0x0, 0x7b, 0x1, 0xf1,
    0x8, 0xb0, 0x97, 0xe4, 0x0, 0x0, 0xa8, 0x1,
    0xf1, 0x9, 0x90, 0x0, 0xe4, 0x31, 0x0, 0xf4,
    0x1, 0xf1, 0xb, 0x80, 0x12, 0xe4, 0x94, 0x8,
    0xd0, 0x1, 0xf1, 0x2f, 0xde, 0xf8, 0xe7, 0xc2,
    0xc, 0x40, 0x1, 0xf1, 0x4d, 0x84, 0x0, 0x7c,
    0x90, 0x0, 0x0, 0x0, 0x0, 0x0, 0x0, 0x0,
    0x0, 0x0,

    /* U+751F "生" */
    0x0, 0x0, 0x0, 0x0, 0x0, 0x0, 0x0, 0x0,
    0x0, 0x0, 0x0, 0x84, 0x0, 0xab, 0x0, 0x0,
    0x0, 0x0, 0x0, 0x2, 0xf5, 0x0, 0xab, 0x0,
    0x0, 0x0, 0x0, 0x0, 0x8, 0xf0, 0x0, 0xab,
    0x0, 0x0, 0x0, 0x0, 0x0, 0xe, 0xd6, 0x66,
    0xcd, 0x66, 0x66, 0x66, 0x10, 0x0, 0x5f, 0xee,
    0xee, 0xff, 0xee, 0xee, 0xee, 0x30, 0x0, 0xea,
    0x0, 0x0, 0xab, 0x0, 0x0, 0x0, 0x0, 0xa,
    0xe1, 0x0, 0x0, 0xab, 0x0, 0x0, 0x0, 0x0,
    0x4, 0x40, 0x0, 0x0, 0xab, 0x0, 0x0, 0x0,
    0x0, 0x0, 0x5, 0x55, 0x55, 0xcd, 0x55, 0x55,
    0x53, 0x0, 0x0, 0xf, 0xff, 0xff, 0xff, 0xff,
    0xff, 0xf8, 0x0, 0x0, 0x0, 0x0, 0x0, 0xab,
    0x0, 0x0, 0x0, 0x0, 0x0, 0x0, 0x0, 0x0,
    0xab, 0x0, 0x0, 0x0, 0x0, 0x0, 0x0, 0x0,
    0x0, 0xab, 0x0, 0x0, 0x0, 0x0, 0x0, 0x0,
    0x0, 0x0, 0xab, 0x0, 0x0, 0x0, 0x0, 0x5,
    0x55, 0x55, 0x55, 0xcd, 0x55, 0x55, 0x55, 0x50,
    0xf, 0xff, 0xff, 0xff, 0xff, 0xff, 0xff, 0xff,
    0xf1,

    /* U+752B "甫" */
    0x0, 0x0, 0x0, 0x6, 0x60, 0x34, 0x0, 0x0,
    0x0, 0x0, 0x0, 0xa, 0xb0, 0x5e, 0xc4, 0x0,
    0x0, 0x0, 0x0, 0xa, 0xb0, 0x0, 0x8f, 0x40,
    0xce, 0xee, 0xee, 0xef, 0xfe, 0xee, 0xef, 0xed,
    0x45, 0x55, 0x55, 0x5c, 0xd5, 0x55, 0x55, 0x54,
    0x0, 0x0, 0x0, 0xa, 0xb0, 0x0, 0x0, 0x0,
    0x8, 0xff, 0xff, 0xff, 0xff, 0xff, 0xff, 0xa0,
    0x8, 0xd4, 0x44, 0x4c, 0xc4, 0x44, 0x4c, 0xa0,
    0x8, 0xc0, 0x0, 0xa, 0xb0, 0x0, 0xa, 0xa0,
    0x8, 0xfd, 0xdd, 0xdf, 0xfd, 0xdd, 0xdf, 0xa0,
    0x8, 0xd5, 0x55, 0x5c, 0xd5, 0x55, 0x5c, 0xa0,
    0x8, 0xc0, 0x0, 0xa, 0xb0, 0x0, 0xa, 0xa0,
    0x8, 0xd4, 0x44, 0x4c, 0xd4, 0x44, 0x4c, 0xa0,
    0x8, 0xfe, 0xee, 0xef, 0xfe, 0xee, 0xef, 0xa0,
    0x8, 0xc0, 0x0, 0xa, 0xb0, 0x0, 0xa, 0xa0,
    0x8, 0xc0, 0x0, 0xa, 0xb0, 0x13, 0x3c, 0xa0,
    0x8, 0xc0, 0x0, 0x8, 0x90, 0x4f, 0xfd, 0x40,

    /* U+7530 "田" */
    0x3f, 0xff, 0xff, 0xff, 0xff, 0xff, 0xff, 0xf5,
    0x3f, 0x65, 0x55, 0x5f, 0xa5, 0x55, 0x56, 0xf5,
    0x3f, 0x10, 0x0, 0xe, 0x70, 0x0, 0x0, 0xf5,
    0x3f, 0x10, 0x0, 0xe, 0x70, 0x0, 0x0, 0xf5,
    0x3f, 0x10, 0x0, 0xe, 0x70, 0x0, 0x0, 0xf5,
    0x3f, 0x10, 0x0, 0xe, 0x70, 0x0, 0x0, 0xf5,
    0x3f, 0x76, 0x66, 0x6f, 0xa6, 0x66, 0x66, 0xf5,
    0x3f, 0xff, 0xff, 0xff, 0xff, 0xff, 0xff, 0xf5,
    0x3f, 0x10, 0x0, 0xe, 0x70, 0x0, 0x0, 0xf5,
    0x3f, 0x10, 0x0, 0xe, 0x70, 0x0, 0x0, 0xf5,
    0x3f, 0x10, 0x0, 0xe, 0x70, 0x0, 0x0, 0xf5,
    0x3f, 0x10, 0x0, 0xe, 0x70, 0x0, 0x0, 0xf5,
    0x3f, 0x42, 0x22, 0x2e, 0x82, 0x22, 0x23, 0xf5,
    0x3f, 0xff, 0xff, 0xff, 0xff, 0xff, 0xff, 0xf5,
    0x3f, 0x42, 0x22, 0x22, 0x22, 0x22, 0x23, 0xf5,

    /* U+7531 "由" */
    0x0, 0x0, 0x0, 0x10, 0x0, 0x0, 0x0, 0x0,
    0x0, 0x0, 0xe6, 0x0, 0x0, 0x0, 0x0, 0x0,
    0x0, 0xe6, 0x0, 0x0, 0x0, 0x0, 0x0, 0x0,
    0xe6, 0x0, 0x0, 0x0, 0x66, 0x66, 0x66, 0xfa,
    0x66, 0x66, 0x63, 0xff, 0xee, 0xee, 0xff, 0xee,
    0xee, 0xf8, 0xf6, 0x0, 0x0, 0xe6, 0x0, 0x0,
    0xe8, 0xf6, 0x0, 0x0, 0xe6, 0x0, 0x0, 0xe8,
    0xf6, 0x0, 0x0, 0xe6, 0x0, 0x0, 0xe8, 0xf9,
    0x55, 0x55, 0xfa, 0x55, 0x55, 0xe8, 0xff, 0xff,
    0xff, 0xff, 0xff, 0xff, 0xf8, 0xf6, 0x0, 0x0,
    0xe6, 0x0, 0x0, 0xe8, 0xf6, 0x0, 0x0, 0xe6,
    0x0, 0x0, 0xe8, 0xf6, 0x0, 0x0, 0xe6, 0x0,
    0x0, 0xe8, 0xf6, 0x0, 0x0, 0xe7, 0x0, 0x0,
    0xe8, 0xff, 0xff, 0xff, 0xff, 0xff, 0xff, 0xf8,
    0xf9, 0x55, 0x55, 0x55, 0x55, 0x55, 0xd7,

    /* U+753B "画" */
    0x5f, 0xff, 0xff, 0xff, 0xff, 0xff, 0xff, 0xf5,
    0x15, 0x55, 0x55, 0x55, 0x55, 0x55, 0x55, 0x51,
    0x0, 0x0, 0x0, 0x0, 0x0, 0x0, 0x0, 0x0,
    0x0, 0x3, 0xdd, 0xdd, 0xdd, 0xdd, 0x30, 0x0,
    0x5d, 0x3, 0xf4, 0x4e, 0x84, 0x4f, 0x40, 0xe6,
    0x5f, 0x3, 0xe0, 0xe, 0x50, 0xe, 0x40, 0xf6,
    0x5f, 0x3, 0xe1, 0x1e, 0x61, 0x1e, 0x40, 0xf6,
    0x5f, 0x3, 0xff, 0xff, 0xff, 0xff, 0x40, 0xf6,
    0x5f, 0x3, 0xe0, 0xe, 0x50, 0xe, 0x40, 0xf6,
    0x5f, 0x3, 0xe0, 0xe, 0x50, 0xe, 0x40, 0xf6,
    0x5f, 0x3, 0xfe, 0xef, 0xfe, 0xef, 0x40, 0xf6,
    0x5f, 0x0, 0x33, 0x33, 0x33, 0x33, 0x0, 0xf6,
    0x5f, 0x0, 0x0, 0x0, 0x0, 0x0, 0x0, 0xf6,
    0x5f, 0xff, 0xff, 0xff, 0xff, 0xff, 0xff, 0xf6,
    0x14, 0x44, 0x44, 0x44, 0x44, 0x44, 0x44, 0xf6,

    /* U+754C "界" */
    0x0, 0x5, 0x55, 0x55, 0x55, 0x55, 0x55, 0x52,
    0x0, 0x0, 0x2f, 0xdd, 0xdd, 0xfe, 0xdd, 0xdd,
    0xf6, 0x0, 0x0, 0x2f, 0x20, 0x0, 0xe6, 0x0,
    0x0, 0xf6, 0x0, 0x0, 0x2f, 0x53, 0x33, 0xf9,
    0x33, 0x33, 0xf6, 0x0, 0x0, 0x2f, 0xdc, 0xcc,
    0xfe, 0xcc, 0xcc, 0xf6, 0x0, 0x0, 0x2f, 0x20,
    0x0, 0xe6, 0x0, 0x0, 0xf6, 0x0, 0x0, 0x2f,
    0x53, 0x33, 0xf8, 0x33, 0x33, 0xf6, 0x0, 0x0,
    0x2e, 0xee, 0xff, 0xee, 0xff, 0xee, 0xe6, 0x0,
    0x0, 0x0, 0x8, 0xf4, 0x0, 0x4e, 0xb2, 0x0,
    0x0, 0x0, 0x16, 0xef, 0x70, 0x0, 0x3, 0xcf,
    0x93, 0x0, 0xb, 0xfd, 0x66, 0xf0, 0x0, 0x7,
    0xe1, 0xaf, 0xe3, 0x5, 0x40, 0x7, 0xe0, 0x0,
    0x7, 0xe0, 0x1, 0x60, 0x0, 0x0, 0xc, 0xb0,
    0x0, 0x7, 0xe0, 0x0, 0x0, 0x0, 0x0, 0x7f,
    0x50, 0x0, 0x7, 0xe0, 0x0, 0x0, 0x0, 0x2a,
    0xf8, 0x0, 0x0, 0x7, 0xe0, 0x0, 0x0, 0x0,
    0x7e, 0x60, 0x0, 0x0, 0x7, 0xe0, 0x0, 0x0,
    0x0, 0x0, 0x0, 0x0, 0x0, 0x0, 0x0, 0x0,
    0x0,

    /* U+7559 "留" */
    0x0, 0x0, 0x0, 0x0, 0x0, 0x0, 0x0, 0x0,
    0x0, 0x2, 0x7c, 0xd1, 0x11, 0x11, 0x11, 0x11,
    0xa, 0xef, 0xb7, 0x20, 0xff, 0xff, 0xff, 0xf7,
    0xe, 0x70, 0x0, 0x0, 0x11, 0xd6, 0x11, 0xd7,
    0xe, 0x60, 0x2c, 0x10, 0x0, 0xf3, 0x0, 0xe6,
    0xe, 0x60, 0xc, 0x90, 0x4, 0xe0, 0x0, 0xf4,
    0xf, 0x62, 0x6c, 0xf2, 0xc, 0x90, 0x1, 0xf3,
    0x4f, 0xff, 0xd9, 0xca, 0x9e, 0x13, 0x48, 0xf0,
    0x3b, 0x62, 0x0, 0x2c, 0xd2, 0x6, 0xed, 0x60,
    0x0, 0x11, 0x11, 0x13, 0x21, 0x11, 0x11, 0x0,
    0x0, 0xff, 0xff, 0xff, 0xff, 0xff, 0xff, 0x20,
    0x0, 0xf6, 0x0, 0x6, 0xe0, 0x0, 0x3f, 0x20,
    0x0, 0xf7, 0x11, 0x17, 0xe1, 0x11, 0x5f, 0x20,
    0x0, 0xff, 0xff, 0xff, 0xff, 0xff, 0xff, 0x20,
    0x0, 0xf6, 0x0, 0x6, 0xe0, 0x0, 0x3f, 0x20,
    0x0, 0xf8, 0x22, 0x27, 0xe2, 0x22, 0x6f, 0x20,
    0x0, 0xff, 0xff, 0xff, 0xff, 0xff, 0xfe, 0x20,

    /* U+7570 "異" */
    0x0, 0x2, 0x22, 0x22, 0x22, 0x22, 0x22, 0x20,
    0x0, 0x0, 0x4f, 0xed, 0xdd, 0xff, 0xdd, 0xde,
    0xf5, 0x0, 0x0, 0x4f, 0x0, 0x0, 0xb9, 0x0,
    0x0, 0xf5, 0x0, 0x0, 0x4f, 0xff, 0xff, 0xff,
    0xff, 0xff, 0xf5, 0x0, 0x0, 0x4f, 0x10, 0x0,
    0xb9, 0x0, 0x0, 0xf5, 0x0, 0x0, 0x4f, 0x11,
    0x11, 0xba, 0x11, 0x11, 0xf5, 0x0, 0x0, 0x4f,
    0xff, 0xff, 0xff, 0xff, 0xff, 0xf5, 0x0, 0x0,
    0x0, 0xb, 0xa0, 0x0, 0xa, 0xb0, 0x0, 0x0,
    0x0, 0x33, 0x3c, 0xb3, 0x33, 0x3b, 0xc3, 0x33,
    0x0, 0x0, 0xdf, 0xff, 0xff, 0xff, 0xff, 0xff,
    0xff, 0x0, 0x0, 0x0, 0xb, 0xa0, 0x0, 0xa,
    0xb0, 0x0, 0x0, 0x0, 0x0, 0xb, 0xa0, 0x0,
    0xa, 0xb0, 0x0, 0x0, 0xf, 0xff, 0xff, 0xff,
    0xff, 0xff, 0xff, 0xff, 0xf1, 0x1, 0x11, 0x14,
    0x92, 0x11, 0x2a, 0x62, 0x11, 0x10, 0x0, 0x5,
    0xbf, 0xb3, 0x0, 0x29, 0xfe, 0x92, 0x0, 0x7,
    0xfe, 0x93, 0x0, 0x0, 0x0, 0x5, 0xcf, 0x90,
    0x1, 0x40, 0x0, 0x0, 0x0, 0x0, 0x0, 0x4,
    0x10,

    /* U+75BE "疾" */
    0x0, 0x0, 0x0, 0x0, 0x0, 0x10, 0x0, 0x0,
    0x0, 0x0, 0x0, 0x0, 0x0, 0x8, 0xe0, 0x0,
    0x0, 0x0, 0x0, 0x0, 0x11, 0x11, 0x13, 0xf6,
    0x11, 0x11, 0x10, 0x0, 0x6, 0xff, 0xff, 0xff,
    0xff, 0xff, 0xff, 0xf3, 0x6, 0x6, 0xe2, 0x22,
    0x94, 0x22, 0x22, 0x22, 0x20, 0xd, 0x86, 0xe0,
    0x4, 0xf2, 0x0, 0x0, 0x0, 0x0, 0x4, 0xf8,
    0xe0, 0x9, 0xf4, 0x44, 0x44, 0x44, 0x10, 0x0,
    0xdc, 0xe0, 0x1e, 0xee, 0xff, 0xee, 0xee, 0x40,
    0x0, 0x6, 0xe0, 0x9e, 0x10, 0x5f, 0x0, 0x0,
    0x0, 0x0, 0x7, 0xe1, 0xf6, 0x0, 0x5f, 0x0,
    0x0, 0x0, 0x0, 0x6e, 0xd0, 0x64, 0x44, 0x8f,
    0x44, 0x44, 0x40, 0x2d, 0xed, 0xb2, 0xff, 0xff,
    0xff, 0xff, 0xff, 0xf0, 0x18, 0xd, 0x90, 0x0,
    0x0, 0xcf, 0x80, 0x0, 0x0, 0x0, 0xf, 0x50,
    0x0, 0x4, 0xf8, 0xf1, 0x0, 0x0, 0x0, 0x5f,
    0x10, 0x0, 0x3e, 0xa0, 0xad, 0x10, 0x0, 0x0,
    0xdb, 0x0, 0x8, 0xfa, 0x0, 0xc, 0xe5, 0x0,
    0x7, 0xf2, 0x7, 0xfe, 0x50, 0x0, 0x0, 0x8f,
    0xe1, 0x1, 0x50, 0x3, 0x60, 0x0, 0x0, 0x0,
    0x1, 0x40,

    /* U+75D5 "痕" */
    0x0, 0x0, 0x0, 0x0, 0x0, 0x10, 0x0, 0x0,
    0x0, 0x0, 0x0, 0x0, 0x0, 0x4, 0xf3, 0x0,
    0x0, 0x0, 0x0, 0x1, 0x33, 0x33, 0x34, 0xfa,
    0x33, 0x33, 0x30, 0x0, 0x7, 0xff, 0xff, 0xff,
    0xff, 0xff, 0xff, 0xf3, 0xa, 0x7, 0xe0, 0x0,
    0x0, 0x0, 0x0, 0x0, 0x0, 0xd, 0x67, 0xe0,
    0x6e, 0xee, 0xee, 0xee, 0xe5, 0x0, 0x7, 0xd7,
    0xe0, 0x6e, 0x22, 0x22, 0x22, 0xe5, 0x0, 0x1,
    0xf9, 0xe0, 0x6e, 0x0, 0x0, 0x0, 0xe5, 0x0,
    0x0, 0x7, 0xe0, 0x6f, 0xff, 0xff, 0xff, 0xf5,
    0x0, 0x0, 0x7, 0xd0, 0x6e, 0x0, 0x0, 0x0,
    0xe5, 0x0, 0x0, 0x7e, 0xc0, 0x6e, 0x44, 0x44,
    0x44, 0xf5, 0x0, 0x3e, 0xed, 0xa0, 0x6f, 0xcc,
    0xee, 0xcc, 0xc6, 0x0, 0x28, 0xe, 0x70, 0x6e,
    0x0, 0x6e, 0x0, 0x4e, 0x70, 0x0, 0x3f, 0x30,
    0x6e, 0x0, 0xe, 0x78, 0xe4, 0x0, 0x0, 0x8e,
    0x0, 0x6e, 0x0, 0x4, 0xfc, 0x0, 0x0, 0x2,
    0xf7, 0x0, 0x7e, 0x48, 0xc4, 0x6f, 0x91, 0x0,
    0xc, 0xc0, 0x0, 0xef, 0xfb, 0x61, 0x3, 0xdf,
    0xc3, 0x3, 0x20, 0x0, 0x74, 0x0, 0x0, 0x0,
    0x3, 0x80,

    /* U+767C "發" */
    0x0, 0x12, 0x22, 0x21, 0xb, 0x10, 0x8, 0x20,
    0x0, 0x0, 0xaf, 0xff, 0xff, 0x18, 0xc1, 0xbb,
    0x10, 0x0, 0x0, 0xa4, 0x2, 0xe5, 0x0, 0xcf,
    0x70, 0x1b, 0x60, 0x0, 0x4e, 0xae, 0x80, 0x0,
    0x1b, 0xb5, 0xe8, 0x0, 0x0, 0x1a, 0xf5, 0x0,
    0x0, 0x0, 0x8f, 0xb2, 0x0, 0x39, 0xff, 0xfe,
    0xe4, 0xe, 0xee, 0xef, 0xcf, 0xc1, 0x3b, 0x32,
    0x22, 0xe4, 0xf, 0x42, 0x5e, 0x3, 0x70, 0x0,
    0x0, 0x0, 0xe4, 0x2f, 0x0, 0x3e, 0x0, 0x0,
    0x0, 0x48, 0x88, 0xf4, 0x8b, 0x0, 0x3f, 0x22,
    0x10, 0x0, 0xac, 0x99, 0x98, 0xe2, 0x0, 0xb,
    0xdd, 0x50, 0x0, 0xd4, 0x0, 0x0, 0x78, 0x88,
    0x88, 0x82, 0x0, 0x0, 0xff, 0xff, 0xf4, 0x77,
    0x44, 0x4a, 0xe0, 0x0, 0x0, 0x11, 0x11, 0xf2,
    0x5e, 0xa2, 0x5f, 0x50, 0x0, 0x0, 0x0, 0x2,
    0xf0, 0x0, 0x8f, 0xf6, 0x0, 0x0, 0x0, 0x12,
    0x28, 0xd0, 0x27, 0xec, 0xae, 0x50, 0x0, 0x0,
    0x5f, 0xfd, 0x56, 0xfa, 0x40, 0x4, 0xe4, 0x0,
    0x0, 0x0, 0x0, 0x0, 0x0, 0x0, 0x0, 0x0,
    0x0,

    /* U+767E "百" */
    0x12, 0x22, 0x22, 0x22, 0x22, 0x22, 0x22, 0x22,
    0xcf, 0xff, 0xff, 0xff, 0xff, 0xff, 0xff, 0xfe,
    0x22, 0x22, 0x22, 0x2f, 0xa2, 0x22, 0x22, 0x22,
    0x0, 0x0, 0x0, 0x1f, 0x50, 0x0, 0x0, 0x0,
    0x0, 0x12, 0x22, 0x6f, 0x32, 0x22, 0x22, 0x0,
    0x0, 0xbf, 0xff, 0xff, 0xff, 0xff, 0xff, 0x10,
    0x0, 0xba, 0x11, 0x11, 0x11, 0x11, 0x5f, 0x10,
    0x0, 0xb9, 0x0, 0x0, 0x0, 0x0, 0x4f, 0x10,
    0x0, 0xb9, 0x0, 0x0, 0x0, 0x0, 0x4f, 0x10,
    0x0, 0xbc, 0x55, 0x55, 0x55, 0x55, 0x8f, 0x10,
    0x0, 0xbf, 0xdd, 0xdd, 0xdd, 0xdd, 0xef, 0x10,
    0x0, 0xb9, 0x0, 0x0, 0x0, 0x0, 0x4f, 0x10,
    0x0, 0xb9, 0x0, 0x0, 0x0, 0x0, 0x4f, 0x10,
    0x0, 0xb9, 0x0, 0x0, 0x0, 0x0, 0x4f, 0x10,
    0x0, 0xbf, 0xff, 0xff, 0xff, 0xff, 0xff, 0x10,
    0x0, 0xbb, 0x44, 0x44, 0x44, 0x44, 0x7f, 0x10,

    /* U+7684 "的" */
    0x0, 0x1, 0x0, 0x0, 0x0, 0x10, 0x0, 0x0,
    0x0, 0xb, 0xb0, 0x0, 0x5, 0xf1, 0x0, 0x0,
    0x0, 0xf, 0x60, 0x0, 0xa, 0xc0, 0x0, 0x0,
    0x13, 0x6f, 0x43, 0x30, 0xe, 0xa4, 0x44, 0x44,
    0x5f, 0xff, 0xff, 0xe0, 0x4f, 0xff, 0xff, 0xfe,
    0x5e, 0x0, 0x4, 0xe0, 0xca, 0x0, 0x0, 0x6d,
    0x5e, 0x0, 0x4, 0xe5, 0xf3, 0x0, 0x0, 0x7d,
    0x5e, 0x0, 0x4, 0xe9, 0xa0, 0x0, 0x0, 0x7c,
    0x5f, 0x33, 0x37, 0xe0, 0xa, 0xa0, 0x0, 0x8b,
    0x5f, 0xff, 0xff, 0xe0, 0x2, 0xf7, 0x0, 0x9b,
    0x5e, 0x0, 0x4, 0xe0, 0x0, 0x6f, 0x20, 0xaa,
    0x5e, 0x0, 0x4, 0xe0, 0x0, 0xb, 0xc0, 0xb9,
    0x5e, 0x0, 0x4, 0xe0, 0x0, 0x1, 0x10, 0xc8,
    0x5e, 0x0, 0x4, 0xe0, 0x0, 0x0, 0x0, 0xe6,
    0x5f, 0xee, 0xee, 0xe0, 0x0, 0x0, 0x1, 0xf4,
    0x5f, 0x55, 0x55, 0x40, 0x0, 0x32, 0x19, 0xf0,
    0x5e, 0x0, 0x0, 0x0, 0x0, 0xbf, 0xff, 0x70,
    0x0, 0x0, 0x0, 0x0, 0x0, 0x2, 0x20, 0x0,

    /* U+76D6 "盖" */
    0x0, 0x0, 0x2, 0x0, 0x0, 0x0, 0x20, 0x0,
    0x0, 0x0, 0x0, 0x3f, 0x40, 0x0, 0x2, 0xf5,
    0x0, 0x0, 0x0, 0x0, 0xa, 0xc0, 0x0, 0xa,
    0xc0, 0x0, 0x0, 0x0, 0xff, 0xff, 0xff, 0xff,
    0xff, 0xff, 0xff, 0x0, 0x0, 0x22, 0x22, 0x22,
    0xbb, 0x22, 0x22, 0x22, 0x0, 0x0, 0x1, 0x11,
    0x11, 0xbb, 0x11, 0x11, 0x10, 0x0, 0x0, 0x2f,
    0xff, 0xff, 0xff, 0xff, 0xff, 0xf3, 0x0, 0x0,
    0x0, 0x0, 0x0, 0xba, 0x0, 0x0, 0x0, 0x0,
    0x1, 0x22, 0x22, 0x22, 0xbb, 0x22, 0x22, 0x22,
    0x10, 0xb, 0xee, 0xee, 0xee, 0xee, 0xee, 0xee,
    0xee, 0xb0, 0x0, 0x0, 0x0, 0x0, 0x0, 0x0,
    0x0, 0x0, 0x0, 0x0, 0x3f, 0xff, 0xff, 0xff,
    0xff, 0xff, 0xf5, 0x0, 0x0, 0x3f, 0x33, 0x9c,
    0x33, 0xd9, 0x33, 0xf5, 0x0, 0x0, 0x3f, 0x0,
    0x7b, 0x0, 0xc7, 0x0, 0xf5, 0x0, 0x0, 0x3f,
    0x0, 0x7b, 0x0, 0xc7, 0x0, 0xf5, 0x0, 0x3,
    0x6f, 0x33, 0x9c, 0x33, 0xd9, 0x33, 0xf7, 0x30,
    0x2f, 0xff, 0xff, 0xff, 0xff, 0xff, 0xff, 0xff,
    0xf3,

    /* U+76E1 "盡" */
    0x0, 0x0, 0x0, 0x0, 0x43, 0x0, 0x0, 0x0,
    0x0, 0x0, 0x0, 0x0, 0x0, 0xc9, 0x0, 0x0,
    0x0, 0x0, 0x0, 0x2f, 0xff, 0xff, 0xff, 0xff,
    0xff, 0xf0, 0x0, 0x0, 0x0, 0x0, 0x0, 0xb9,
    0x0, 0x4, 0xf0, 0x0, 0x1f, 0xff, 0xff, 0xff,
    0xff, 0xff, 0xff, 0xff, 0xf2, 0x0, 0x0, 0x0,
    0x0, 0xc9, 0x0, 0x5, 0xf1, 0x0, 0x0, 0x3d,
    0xdd, 0xdd, 0xff, 0xdd, 0xde, 0xf0, 0x0, 0x0,
    0x0, 0x0, 0x0, 0xc9, 0x0, 0x0, 0x0, 0x0,
    0xc, 0xee, 0xee, 0xee, 0xff, 0xee, 0xee, 0xee,
    0xc0, 0x1, 0x39, 0x11, 0x93, 0x13, 0x91, 0x14,
    0xa2, 0x10, 0x0, 0x8b, 0x0, 0xd6, 0x0, 0xe5,
    0x0, 0xcb, 0x0, 0x5, 0xf4, 0x0, 0x86, 0x0,
    0x77, 0x0, 0x1d, 0x80, 0xa, 0x5f, 0xff, 0xff,
    0xff, 0xff, 0xff, 0xf3, 0x70, 0x0, 0xf, 0x51,
    0x8d, 0x11, 0xe7, 0x15, 0xf0, 0x0, 0x0, 0xf,
    0x40, 0x7c, 0x0, 0xd6, 0x4, 0xf0, 0x0, 0x1,
    0x1f, 0x51, 0x8d, 0x11, 0xe7, 0x15, 0xf2, 0x10,
    0x2f, 0xff, 0xff, 0xff, 0xff, 0xff, 0xff, 0xff,
    0xf3,

    /* U+76EE "目" */
    0x2f, 0xff, 0xff, 0xff, 0xff, 0xff, 0xf0, 0x2f,
    0x75, 0x55, 0x55, 0x55, 0x58, 0xf0, 0x2f, 0x20,
    0x0, 0x0, 0x0, 0x5, 0xf0, 0x2f, 0x20, 0x0,
    0x0, 0x0, 0x5, 0xf0, 0x2f, 0xff, 0xff, 0xff,
    0xff, 0xff, 0xf0, 0x2f, 0x75, 0x55, 0x55, 0x55,
    0x59, 0xf0, 0x2f, 0x20, 0x0, 0x0, 0x0, 0x5,
    0xf0, 0x2f, 0x20, 0x0, 0x0, 0x0, 0x5, 0xf0,
    0x2f, 0x75, 0x55, 0x55, 0x55, 0x59, 0xf0, 0x2f,
    0xff, 0xff, 0xff, 0xff, 0xff, 0xf0, 0x2f, 0x20,
    0x0, 0x0, 0x0, 0x5, 0xf0, 0x2f, 0x20, 0x0,
    0x0, 0x0, 0x5, 0xf0, 0x2f, 0x53, 0x33, 0x33,
    0x33, 0x37, 0xf0, 0x2f, 0xff, 0xff, 0xff, 0xff,
    0xff, 0xf0, 0x2f, 0x41, 0x11, 0x11, 0x11, 0x16,
    0xf0,

    /* U+76F8 "相" */
    0x0, 0x1, 0x71, 0x0, 0x0, 0x0, 0x0, 0x0,
    0x0, 0x0, 0x2f, 0x20, 0x0, 0x0, 0x0, 0x0,
    0x0, 0x0, 0x2, 0xf2, 0x0, 0x8f, 0xff, 0xff,
    0xff, 0x60, 0x0, 0x2f, 0x20, 0x8, 0xd3, 0x33,
    0x33, 0xf6, 0x5, 0x57, 0xf7, 0x54, 0x8c, 0x0,
    0x0, 0xe, 0x60, 0xdd, 0xef, 0xdd, 0x98, 0xc0,
    0x0, 0x0, 0xe6, 0x0, 0x8, 0xf2, 0x0, 0x8f,
    0xff, 0xff, 0xff, 0x60, 0x0, 0xef, 0x40, 0x8,
    0xd4, 0x44, 0x44, 0xf6, 0x0, 0x3f, 0xfe, 0x10,
    0x8c, 0x0, 0x0, 0xe, 0x60, 0x9, 0xaf, 0xcc,
    0x8, 0xc0, 0x0, 0x0, 0xe6, 0x1, 0xf4, 0xf3,
    0xd9, 0x8d, 0x44, 0x44, 0x4f, 0x60, 0x9b, 0x2f,
    0x24, 0x48, 0xff, 0xff, 0xff, 0xf6, 0x3f, 0x22,
    0xf2, 0x0, 0x8c, 0x0, 0x0, 0xe, 0x62, 0x80,
    0x2f, 0x20, 0x8, 0xc0, 0x0, 0x0, 0xe6, 0x0,
    0x2, 0xf2, 0x0, 0x8c, 0x0, 0x0, 0xe, 0x60,
    0x0, 0x2f, 0x20, 0x8, 0xff, 0xff, 0xff, 0xf6,
    0x0, 0x2, 0xf2, 0x0, 0x8d, 0x33, 0x33, 0x3e,
    0x60, 0x0, 0x1, 0x0, 0x0, 0x0, 0x0, 0x0,
    0x0,

    /* U+771F "真" */
    0x0, 0x0, 0x0, 0x3, 0x30, 0x0, 0x0, 0x0,
    0x0, 0x0, 0x0, 0x0, 0xac, 0x0, 0x0, 0x0,
    0x0, 0x6c, 0xcc, 0xcc, 0xcf, 0xfc, 0xcc, 0xcc,
    0xc7, 0x2, 0x55, 0x55, 0x55, 0xe9, 0x55, 0x55,
    0x55, 0x30, 0x0, 0x1, 0x11, 0x1f, 0x61, 0x11,
    0x10, 0x0, 0x0, 0x6, 0xfd, 0xdd, 0xdd, 0xdd,
    0xdf, 0x70, 0x0, 0x0, 0x6e, 0x0, 0x0, 0x0,
    0x0, 0xe7, 0x0, 0x0, 0x6, 0xfd, 0xdd, 0xdd,
    0xdd, 0xdf, 0x70, 0x0, 0x0, 0x6e, 0x0, 0x0,
    0x0, 0x0, 0xe7, 0x0, 0x0, 0x6, 0xfd, 0xdd,
    0xdd, 0xdd, 0xdf, 0x70, 0x0, 0x0, 0x6e, 0x11,
    0x11, 0x11, 0x11, 0xe7, 0x0, 0x0, 0x6, 0xfc,
    0xcc, 0xcc, 0xcc, 0xcf, 0x70, 0x0, 0x22, 0x7e,
    0x22, 0x22, 0x22, 0x22, 0xe8, 0x22, 0xf, 0xff,
    0xff, 0xff, 0xff, 0xff, 0xff, 0xff, 0xf0, 0x0,
    0x0, 0x37, 0x0, 0x0, 0x85, 0x0, 0x0, 0x0,
    0x5, 0xbf, 0x91, 0x0, 0x7, 0xdf, 0xa3, 0x0,
    0x8f, 0xe8, 0x10, 0x0, 0x0, 0x0, 0x3b, 0xfa,
    0x1, 0x30, 0x0, 0x0, 0x0, 0x0, 0x0, 0x2,
    0x10,

    /* U+773E "眾" */
    0x0, 0x33, 0x33, 0x33, 0x33, 0x33, 0x33, 0x33,
    0x0, 0x1, 0xff, 0xff, 0xff, 0xff, 0xff, 0xff,
    0xff, 0x10, 0x1, 0xf2, 0x0, 0xe4, 0x0, 0xc8,
    0x0, 0x3f, 0x10, 0x1, 0xf2, 0x0, 0xe4, 0x0,
    0xc8, 0x0, 0x3f, 0x10, 0x1, 0xff, 0xff, 0xff,
    0xff, 0xff, 0xff, 0xff, 0x10, 0x0, 0x33, 0x33,
    0x33, 0x33, 0x33, 0x33, 0x33, 0x0, 0x0, 0x0,
    0x1, 0x12, 0x33, 0x56, 0x79, 0xbb, 0x0, 0x2,
    0xff, 0xff, 0xff, 0xfe, 0xdb, 0xa8, 0x64, 0x10,
    0x0, 0x23, 0x43, 0x10, 0xe7, 0x0, 0x6, 0x30,
    0x0, 0x0, 0x0, 0xd7, 0x0, 0xe7, 0x0, 0x1f,
    0x40, 0x0, 0x0, 0x3, 0xf3, 0x0, 0xe7, 0x0,
    0x7f, 0x10, 0x0, 0x0, 0xb, 0xfd, 0x20, 0xe7,
    0x0, 0xef, 0xa0, 0x0, 0x0, 0x7f, 0x28, 0xe3,
    0xe7, 0xb, 0xe3, 0xe8, 0x0, 0x9, 0xf4, 0x0,
    0x64, 0xe9, 0xce, 0x30, 0x3e, 0xb0, 0x2b, 0x20,
    0x0, 0x0, 0xe9, 0xa1, 0x0, 0x2, 0x80, 0x0,
    0x0, 0x0, 0x0, 0xe7, 0x0, 0x0, 0x0, 0x0,

    /* U+77BB "瞻" */
    0x0, 0x0, 0x0, 0x0, 0x10, 0x0, 0x0, 0x0,
    0x0, 0x0, 0x0, 0x5, 0xf4, 0x33, 0x10, 0x0,
    0xef, 0xff, 0xe0, 0xe, 0xcb, 0xbe, 0xe0, 0x0,
    0xe6, 0x36, 0xe0, 0xad, 0x0, 0x1e, 0x70, 0x0,
    0xe3, 0x3, 0xe8, 0xff, 0xff, 0xff, 0xff, 0xfe,
    0xe6, 0x36, 0xee, 0xf1, 0x6, 0x70, 0x85, 0x0,
    0xef, 0xff, 0xe2, 0xf1, 0x8d, 0x20, 0x2c, 0xa1,
    0xe3, 0x3, 0xe1, 0xf4, 0x90, 0x3d, 0x0, 0x75,
    0xe3, 0x3, 0xe1, 0xf8, 0x99, 0x9f, 0xb9, 0x98,
    0xea, 0x8a, 0xe2, 0xf3, 0x33, 0x33, 0x33, 0x33,
    0xea, 0x9a, 0xe2, 0xf0, 0xcd, 0xdd, 0xdd, 0xc0,
    0xe3, 0x3, 0xe3, 0xf0, 0x44, 0x44, 0x44, 0x40,
    0xe3, 0x3, 0xe4, 0xd0, 0x77, 0x77, 0x77, 0x60,
    0xef, 0xff, 0xe6, 0xb0, 0xbb, 0xbb, 0xbb, 0xb1,
    0xe6, 0x33, 0x39, 0x80, 0xf5, 0x22, 0x23, 0xf2,
    0xe3, 0x0, 0xc, 0x30, 0xf3, 0x0, 0x1, 0xf2,
    0x0, 0x0, 0x1d, 0x0, 0xfe, 0xdd, 0xdd, 0xe2,
    0x0, 0x0, 0x0, 0x0, 0x0, 0x0, 0x0, 0x0,

    /* U+77E5 "知" */
    0x0, 0x13, 0x0, 0x0, 0x0, 0x0, 0x0, 0x0,
    0x0, 0x6, 0xf0, 0x0, 0x0, 0x0, 0x0, 0x0,
    0x0, 0x0, 0xab, 0x0, 0x0, 0x1, 0xcc, 0xcc,
    0xcc, 0x40, 0xf, 0xfe, 0xee, 0xeb, 0x2f, 0x97,
    0x78, 0xf5, 0x6, 0xf5, 0xae, 0x55, 0x32, 0xf2,
    0x0, 0xf, 0x50, 0xea, 0x7, 0xd0, 0x0, 0x2f,
    0x20, 0x0, 0xf5, 0x3e, 0x20, 0x7d, 0x0, 0x2,
    0xf2, 0x0, 0xf, 0x50, 0x0, 0x7, 0xd0, 0x0,
    0x2f, 0x20, 0x0, 0xf5, 0x2f, 0xff, 0xff, 0xff,
    0xf6, 0xf2, 0x0, 0xf, 0x51, 0x55, 0x5c, 0xd5,
    0x55, 0x3f, 0x20, 0x0, 0xf5, 0x0, 0x0, 0xcb,
    0x0, 0x2, 0xf2, 0x0, 0xf, 0x50, 0x0, 0xf,
    0xf8, 0x0, 0x2f, 0x20, 0x0, 0xf5, 0x0, 0x5,
    0xf5, 0xf7, 0x2, 0xf2, 0x0, 0xf, 0x50, 0x0,
    0xda, 0x5, 0xf6, 0x2f, 0x20, 0x0, 0xf5, 0x0,
    0x8f, 0x20, 0x9, 0xf3, 0xff, 0xff, 0xff, 0x50,
    0x7f, 0x70, 0x0, 0x4, 0x2f, 0x65, 0x55, 0xf5,
    0x2f, 0x90, 0x0, 0x0, 0x2, 0xf2, 0x0, 0xc,
    0x40, 0x30, 0x0, 0x0, 0x0, 0x0, 0x0, 0x0,
    0x0,

    /* U+77ED "短" */
    0x0, 0x0, 0x0, 0x0, 0x0, 0x0, 0x0, 0x0,
    0x0, 0x0, 0x9a, 0x0, 0x0, 0x44, 0x44, 0x44,
    0x44, 0x40, 0x0, 0xc8, 0x0, 0x0, 0xdf, 0xff,
    0xff, 0xff, 0xf1, 0x0, 0xfc, 0xaa, 0xa5, 0x0,
    0x0, 0x0, 0x0, 0x0, 0x4, 0xf8, 0xfa, 0x84,
    0x2, 0x22, 0x22, 0x22, 0x0, 0xb, 0xa0, 0xf4,
    0x0, 0x4f, 0xff, 0xff, 0xff, 0x60, 0xe, 0x30,
    0xf4, 0x0, 0x4f, 0x0, 0x0, 0xe, 0x60, 0x2,
    0x11, 0xf5, 0x10, 0x4e, 0x0, 0x0, 0xe, 0x60,
    0x1f, 0xff, 0xff, 0xfb, 0x4e, 0x0, 0x0, 0xe,
    0x60, 0x0, 0x2, 0xf2, 0x0, 0x4f, 0xee, 0xee,
    0xef, 0x60, 0x0, 0x3, 0xf1, 0x0, 0x15, 0x55,
    0x55, 0x55, 0x20, 0x0, 0x7, 0xfb, 0x0, 0x7,
    0x60, 0x0, 0x9a, 0x0, 0x0, 0xc, 0x9e, 0x70,
    0x6, 0xd0, 0x0, 0xe7, 0x0, 0x0, 0x3f, 0x25,
    0xf3, 0x1, 0xf2, 0x3, 0xf1, 0x0, 0x0, 0xbb,
    0x0, 0xc6, 0x0, 0xd7, 0x9, 0xb0, 0x0, 0x7,
    0xf2, 0x0, 0x12, 0x33, 0x75, 0x4e, 0x83, 0x31,
    0xe, 0x50, 0x0, 0x9, 0xff, 0xff, 0xff, 0xff,
    0xf4, 0x1, 0x0, 0x0, 0x0, 0x0, 0x0, 0x0,
    0x0, 0x0,

    /* U+77F3 "石" */
    0xb, 0xff, 0xff, 0xff, 0xff, 0xff, 0xff, 0xff,
    0xe0, 0x45, 0x55, 0x5c, 0xe5, 0x55, 0x55, 0x55,
    0x55, 0x0, 0x0, 0x0, 0xf8, 0x0, 0x0, 0x0,
    0x0, 0x0, 0x0, 0x0, 0x6f, 0x20, 0x0, 0x0,
    0x0, 0x0, 0x0, 0x0, 0xe, 0x90, 0x0, 0x0,
    0x0, 0x0, 0x0, 0x0, 0x7, 0xf2, 0x0, 0x0,
    0x0, 0x0, 0x0, 0x0, 0x2, 0xff, 0xee, 0xee,
    0xee, 0xee, 0xec, 0x0, 0x0, 0xcf, 0xe5, 0x55,
    0x55, 0x55, 0x5b, 0xd0, 0x0, 0x9e, 0xad, 0x0,
    0x0, 0x0, 0x0, 0x9d, 0x0, 0xaf, 0x38, 0xd0,
    0x0, 0x0, 0x0, 0x9, 0xd0, 0x3e, 0x30, 0x8d,
    0x0, 0x0, 0x0, 0x0, 0x9d, 0x0, 0x10, 0x8,
    0xd0, 0x0, 0x0, 0x0, 0x9, 0xd0, 0x0, 0x0,
    0x8d, 0x11, 0x11, 0x11, 0x11, 0xad, 0x0, 0x0,
    0x8, 0xff, 0xff, 0xff, 0xff, 0xff, 0xd0, 0x0,
    0x0, 0x8d, 0x22, 0x22, 0x22, 0x22, 0xac, 0x0,

    /* U+786E "确" */
    0x0, 0x0, 0x0, 0x0, 0x0, 0x40, 0x0, 0x0,
    0x0, 0x66, 0x66, 0x66, 0x0, 0x6e, 0x0, 0x0,
    0x0, 0xd, 0xdf, 0xed, 0xd1, 0xd, 0xfd, 0xdd,
    0xc1, 0x0, 0x0, 0xf4, 0x0, 0x5, 0xf5, 0x44,
    0xdd, 0x0, 0x0, 0x3f, 0x10, 0x1, 0xe8, 0x0,
    0x3f, 0x30, 0x0, 0x7, 0xd0, 0x0, 0xbf, 0x64,
    0x4c, 0xd4, 0x44, 0x0, 0xb9, 0x0, 0x7f, 0xfe,
    0xde, 0xfd, 0xde, 0xe0, 0x1f, 0xa6, 0x65, 0x5f,
    0x40, 0x4e, 0x0, 0x6e, 0x7, 0xfe, 0xdf, 0x70,
    0xf6, 0x25, 0xe2, 0x27, 0xe1, 0xef, 0x50, 0xa7,
    0xf, 0xfe, 0xff, 0xee, 0xfe, 0x3e, 0xe5, 0xa,
    0x70, 0xf4, 0x4, 0xe0, 0x6, 0xe0, 0x3c, 0x50,
    0xa7, 0x1f, 0x40, 0x4e, 0x0, 0x6e, 0x0, 0xc5,
    0xa, 0x73, 0xff, 0xff, 0xff, 0xff, 0xe0, 0xc,
    0x60, 0xa7, 0x4f, 0x11, 0x5e, 0x11, 0x7e, 0x0,
    0xcf, 0xff, 0x79, 0xa0, 0x4, 0xe0, 0x6, 0xe0,
    0xc, 0x72, 0x22, 0xe4, 0x0, 0x4e, 0x13, 0x8e,
    0x0, 0xa4, 0x0, 0xa8, 0x0, 0x4, 0xe3, 0xfe,
    0x80, 0x0, 0x0, 0x0, 0x0, 0x0, 0x0, 0x0,
    0x0,

    /* U+7891 "碑" */
    0x0, 0x0, 0x0, 0x0, 0x0, 0x0, 0x0, 0x0,
    0x0, 0x0, 0x0, 0x0, 0x0, 0x0, 0x7, 0xd0,
    0x0, 0x0, 0x1f, 0xff, 0xff, 0xf8, 0x22, 0x2c,
    0xb2, 0x22, 0x20, 0x3, 0x4f, 0x63, 0x31, 0xef,
    0xff, 0xff, 0xff, 0xe0, 0x0, 0x3f, 0x10, 0x0,
    0xe4, 0x3, 0xe0, 0x5, 0xe0, 0x0, 0x7e, 0x0,
    0x0, 0xe6, 0x26, 0xe2, 0x27, 0xe0, 0x0, 0xab,
    0x0, 0x0, 0xee, 0xee, 0xfe, 0xef, 0xe0, 0x0,
    0xec, 0x77, 0x60, 0xe4, 0x5, 0xd0, 0x5, 0xe0,
    0x4, 0xfd, 0xbc, 0xd0, 0xe8, 0x49, 0xd4, 0x48,
    0xe0, 0xa, 0xf6, 0x4, 0xd0, 0xbd, 0xdf, 0xef,
    0xfd, 0xc0, 0x3f, 0xe6, 0x4, 0xd0, 0x0, 0xad,
    0xc, 0xa0, 0x0, 0xa, 0xc6, 0x4, 0xd0, 0xd,
    0xd2, 0xc, 0xa0, 0x0, 0x0, 0xc6, 0x4, 0xd5,
    0x7a, 0x77, 0x7e, 0xc7, 0x74, 0x0, 0xc8, 0x37,
    0xda, 0xee, 0xee, 0xef, 0xfe, 0xe8, 0x0, 0xcf,
    0xff, 0xd0, 0x0, 0x0, 0xc, 0xa0, 0x0, 0x0,
    0xc6, 0x0, 0x0, 0x0, 0x0, 0xc, 0xa0, 0x0,
    0x0, 0x53, 0x0, 0x0, 0x0, 0x0, 0xc, 0xa0,
    0x0,

    /* U+78D4 "磔" */
    0x3, 0x33, 0x33, 0x10, 0x88, 0x0, 0x0, 0xb5,
    0x0, 0x1f, 0xff, 0xff, 0x70, 0xf8, 0x43, 0x0,
    0xc5, 0x0, 0x0, 0x1f, 0x30, 0x6, 0xec, 0xeb,
    0xcf, 0xff, 0xc0, 0x0, 0x3e, 0x0, 0x3f, 0x40,
    0xb7, 0x43, 0xd7, 0x10, 0x0, 0x8a, 0x0, 0xd9,
    0xb5, 0xf2, 0xf1, 0xc5, 0x0, 0x0, 0xc5, 0x0,
    0x40, 0x4f, 0xa3, 0xf7, 0xea, 0x60, 0x1, 0xfe,
    0xdd, 0x0, 0x7e, 0x24, 0x99, 0xeb, 0x80, 0x8,
    0xf7, 0x7f, 0x8, 0xf4, 0x7, 0x30, 0xc5, 0x0,
    0x2f, 0xf2, 0x1f, 0x2d, 0x40, 0xe, 0x60, 0xb5,
    0x0, 0x4a, 0xe2, 0x1f, 0x1, 0x11, 0x1e, 0x71,
    0x11, 0x0, 0x1, 0xe2, 0x1f, 0x4f, 0xff, 0xff,
    0xff, 0xff, 0xa0, 0x0, 0xe2, 0x1f, 0x1, 0x14,
    0xff, 0xf9, 0x11, 0x10, 0x0, 0xe3, 0x1f, 0x0,
    0x1d, 0x7e, 0x8e, 0x60, 0x0, 0x0, 0xef, 0xff,
    0x2, 0xd9, 0xe, 0x63, 0xf7, 0x0, 0x0, 0xe5,
    0x22, 0x7f, 0x80, 0xe, 0x60, 0x3e, 0xc0, 0x0,
    0x81, 0x0, 0x54, 0x0, 0xe, 0x60, 0x1, 0x50,

    /* U+793A "示" */
    0x0, 0x4f, 0xff, 0xff, 0xff, 0xff, 0xff, 0xf5,
    0x0, 0x1, 0x55, 0x55, 0x55, 0x55, 0x55, 0x55,
    0x20, 0x0, 0x0, 0x0, 0x0, 0x0, 0x0, 0x0,
    0x0, 0x0, 0x0, 0x0, 0x0, 0x0, 0x0, 0x0,
    0x0, 0x0, 0x5, 0x55, 0x55, 0x55, 0x55, 0x55,
    0x55, 0x55, 0x50, 0xef, 0xff, 0xff, 0xff, 0xff,
    0xff, 0xff, 0xfe, 0x0, 0x0, 0x0, 0x0, 0xbb,
    0x0, 0x0, 0x0, 0x0, 0x0, 0x4, 0x10, 0xb,
    0xb0, 0x0, 0x30, 0x0, 0x0, 0x4, 0xf4, 0x0,
    0xbb, 0x0, 0x6f, 0x30, 0x0, 0x0, 0xdc, 0x0,
    0xb, 0xb0, 0x0, 0xbd, 0x0, 0x0, 0x7f, 0x30,
    0x0, 0xbb, 0x0, 0x1, 0xf9, 0x0, 0x5f, 0x70,
    0x0, 0xb, 0xb0, 0x0, 0x7, 0xf2, 0x1f, 0xa0,
    0x0, 0x0, 0xbb, 0x0, 0x0, 0xe, 0x90, 0x20,
    0x0, 0x56, 0x6d, 0xb0, 0x0, 0x0, 0x30, 0x0,
    0x0, 0x9, 0xff, 0xd4, 0x0, 0x0, 0x0, 0x0,

    /* U+7956 "祖" */
    0x0, 0x0, 0x0, 0x0, 0x0, 0x0, 0x0, 0x0,
    0x0, 0x0, 0xc, 0x60, 0x0, 0x11, 0x11, 0x11,
    0x11, 0x0, 0x0, 0x5, 0xf2, 0x0, 0xcf, 0xff,
    0xff, 0xfa, 0x0, 0x1, 0x11, 0xa5, 0x10, 0xc9,
    0x22, 0x22, 0xba, 0x0, 0xf, 0xff, 0xff, 0xf1,
    0xc8, 0x0, 0x0, 0xaa, 0x0, 0x0, 0x0, 0xa,
    0xb0, 0xc8, 0x0, 0x0, 0xaa, 0x0, 0x0, 0x0,
    0x3f, 0x30, 0xcf, 0xee, 0xee, 0xfa, 0x0, 0x0,
    0x1, 0xe8, 0x0, 0xca, 0x55, 0x55, 0xca, 0x0,
    0x0, 0xc, 0xf7, 0x0, 0xc8, 0x0, 0x0, 0xaa,
    0x0, 0x1, 0xcf, 0xff, 0x50, 0xc8, 0x0, 0x0,
    0xaa, 0x0, 0x3e, 0xd8, 0xe5, 0xf3, 0xc9, 0x11,
    0x11, 0xba, 0x0, 0x2c, 0x16, 0xe0, 0x81, 0xcf,
    0xff, 0xff, 0xfa, 0x0, 0x0, 0x6, 0xe0, 0x0,
    0xc9, 0x11, 0x11, 0xba, 0x0, 0x0, 0x6, 0xe0,
    0x0, 0xc8, 0x0, 0x0, 0xaa, 0x0, 0x0, 0x6,
    0xe0, 0x0, 0xc8, 0x0, 0x0, 0xaa, 0x0, 0x0,
    0x6, 0xe0, 0x44, 0xda, 0x44, 0x44, 0xcc, 0x41,
    0x0, 0x6, 0xe0, 0xef, 0xff, 0xff, 0xff, 0xff,
    0xf3,

    /* U+795E "神" */
    0x0, 0x2, 0x10, 0x0, 0x0, 0x2, 0x80, 0x0,
    0x0, 0x0, 0xbb, 0x0, 0x0, 0x0, 0x4f, 0x0,
    0x0, 0x0, 0x2, 0xf6, 0x0, 0x0, 0x4, 0xf0,
    0x0, 0x0, 0x0, 0x7, 0x40, 0x4, 0x44, 0x8f,
    0x44, 0x44, 0xd, 0xff, 0xff, 0xf3, 0xff, 0xff,
    0xff, 0xff, 0xe0, 0x23, 0x33, 0xad, 0x1f, 0x20,
    0x4f, 0x0, 0x5e, 0x0, 0x0, 0x3f, 0x61, 0xf2,
    0x4, 0xf0, 0x5, 0xe0, 0x0, 0xd, 0xc0, 0x1f,
    0x75, 0x8f, 0x55, 0x9e, 0x0, 0xa, 0xf5, 0x1,
    0xfe, 0xde, 0xfd, 0xde, 0xe0, 0xa, 0xff, 0xe4,
    0x1f, 0x20, 0x4f, 0x0, 0x5e, 0xd, 0xe9, 0xd6,
    0xf5, 0xf2, 0x4, 0xf0, 0x5, 0xe0, 0x92, 0x5d,
    0x6, 0x2f, 0xff, 0xff, 0xff, 0xfe, 0x0, 0x5,
    0xd0, 0x1, 0xf6, 0x47, 0xf4, 0x48, 0xe0, 0x0,
    0x5d, 0x0, 0x4, 0x0, 0x4f, 0x0, 0x2, 0x0,
    0x5, 0xd0, 0x0, 0x0, 0x4, 0xf0, 0x0, 0x0,
    0x0, 0x5d, 0x0, 0x0, 0x0, 0x4f, 0x0, 0x0,
    0x0, 0x5, 0xd0, 0x0, 0x0, 0x4, 0xf0, 0x0,
    0x0,

    /* U+7985 "禅" */
    0x0, 0x4a, 0x0, 0x0, 0x76, 0x0, 0x2, 0xc2,
    0x0, 0x0, 0x1e, 0x60, 0x0, 0x5f, 0x10, 0x9,
    0xc0, 0x0, 0x0, 0x7, 0x80, 0x0, 0xb, 0x90,
    0x1f, 0x40, 0x0, 0x1e, 0xee, 0xee, 0x51, 0x25,
    0x42, 0x9d, 0x22, 0x0, 0x5, 0x55, 0x8f, 0x2a,
    0xff, 0xff, 0xff, 0xff, 0x40, 0x0, 0x0, 0xcb,
    0xa, 0x70, 0xe, 0x60, 0xf, 0x40, 0x0, 0x6,
    0xf2, 0xa, 0xa4, 0x4f, 0x84, 0x4f, 0x40, 0x0,
    0x2f, 0xb0, 0xa, 0xec, 0xcf, 0xdc, 0xcf, 0x40,
    0x2, 0xef, 0xf9, 0xa, 0x70, 0xe, 0x60, 0xf,
    0x40, 0x3f, 0x7e, 0x6e, 0x8a, 0xfe, 0xef, 0xfe,
    0xef, 0x40, 0x27, 0xe, 0x44, 0x21, 0x22, 0x2f,
    0x72, 0x22, 0x0, 0x0, 0xe, 0x40, 0x11, 0x11,
    0x1f, 0x71, 0x11, 0x10, 0x0, 0xe, 0x40, 0xaf,
    0xff, 0xff, 0xff, 0xff, 0xf0, 0x0, 0xe, 0x40,
    0x1, 0x11, 0x1f, 0x71, 0x11, 0x10, 0x0, 0xe,
    0x40, 0x0, 0x0, 0xe, 0x60, 0x0, 0x0, 0x0,
    0xe, 0x40, 0x0, 0x0, 0xe, 0x60, 0x0, 0x0,

    /* U+798F "福" */
    0x0, 0x3c, 0x0, 0x1, 0x33, 0x33, 0x33, 0x33,
    0x30, 0x0, 0xd, 0x80, 0x7, 0xff, 0xff, 0xff,
    0xff, 0xf1, 0x0, 0x4, 0xa0, 0x0, 0x0, 0x0,
    0x0, 0x0, 0x0, 0xf, 0xff, 0xff, 0xe2, 0x7f,
    0xff, 0xff, 0xff, 0x10, 0x4, 0x44, 0x4a, 0xd0,
    0x7b, 0x0, 0x0, 0x2f, 0x10, 0x0, 0x0, 0x1e,
    0x60, 0x7b, 0x0, 0x0, 0x2f, 0x10, 0x0, 0x0,
    0x9d, 0x0, 0x7f, 0xff, 0xff, 0xff, 0x10, 0x0,
    0x5, 0xf8, 0x0, 0x12, 0x22, 0x22, 0x22, 0x0,
    0x0, 0x4f, 0xff, 0x52, 0x44, 0x44, 0x44, 0x44,
    0x40, 0x4, 0xff, 0xe7, 0xfb, 0xfc, 0xce, 0xfc,
    0xce, 0xf0, 0x5f, 0xa6, 0xe0, 0x89, 0xc0, 0x7,
    0xc0, 0x5, 0xf0, 0x28, 0x6, 0xe0, 0x6, 0xd4,
    0x49, 0xd4, 0x48, 0xf0, 0x0, 0x6, 0xe0, 0x6,
    0xfb, 0xbd, 0xfb, 0xbd, 0xf0, 0x0, 0x6, 0xe0,
    0x6, 0xc0, 0x7, 0xc0, 0x5, 0xf0, 0x0, 0x6,
    0xe0, 0x6, 0xe5, 0x5a, 0xd5, 0x59, 0xf0, 0x0,
    0x6, 0xe0, 0x6, 0xfc, 0xcc, 0xcc, 0xcd, 0xf0,
    0x0, 0x0, 0x0, 0x0, 0x0, 0x0, 0x0, 0x0,
    0x0,

    /* U+79AA "禪" */
    0x0, 0x38, 0x0, 0x3, 0x33, 0x30, 0x33, 0x33,
    0x10, 0x0, 0x1e, 0x50, 0xf, 0xcb, 0xf2, 0xdc,
    0xbe, 0x60, 0x0, 0x6, 0x80, 0xf, 0x10, 0xf2,
    0xd3, 0xb, 0x60, 0x1f, 0xff, 0xff, 0x4f, 0x99,
    0xf2, 0xda, 0x9e, 0x60, 0x1, 0x11, 0x6e, 0x4,
    0x44, 0x40, 0x44, 0x44, 0x10, 0x0, 0x0, 0xd6,
    0x9, 0xdd, 0xdd, 0xdd, 0xdd, 0x10, 0x0, 0x8,
    0xd0, 0xa, 0x93, 0x3f, 0x63, 0x5f, 0x10, 0x0,
    0x4f, 0xb0, 0xa, 0x80, 0xf, 0x40, 0x2f, 0x10,
    0x3, 0xff, 0xf9, 0xa, 0xfe, 0xef, 0xfe, 0xff,
    0x10, 0x4f, 0x9e, 0x6e, 0x7a, 0x70, 0xf, 0x30,
    0x1f, 0x10, 0x27, 0xe, 0x33, 0x2a, 0xfe, 0xef,
    0xee, 0xef, 0x10, 0x0, 0xe, 0x30, 0x1, 0x22,
    0x2f, 0x52, 0x22, 0x0, 0x0, 0xe, 0x30, 0x23,
    0x33, 0x3f, 0x63, 0x33, 0x30, 0x0, 0xe, 0x30,
    0xaf, 0xff, 0xff, 0xff, 0xff, 0xf1, 0x0, 0xe,
    0x30, 0x0, 0x0, 0xf, 0x30, 0x0, 0x0, 0x0,
    0xe, 0x30, 0x0, 0x0, 0xf, 0x30, 0x0, 0x0,

    /* U+79C0 "秀" */
    0x0, 0x0, 0x0, 0x0, 0x0, 0x0, 0x0, 0x0,
    0x0, 0x0, 0x0, 0x0, 0x12, 0x45, 0x79, 0xcf,
    0x80, 0x0, 0x0, 0xbe, 0xff, 0xff, 0xfe, 0xb9,
    0x64, 0x10, 0x0, 0x0, 0x23, 0x21, 0x0, 0xb9,
    0x0, 0x0, 0x0, 0x0, 0x3, 0x44, 0x44, 0x44,
    0xdb, 0x44, 0x44, 0x44, 0x30, 0xe, 0xff, 0xff,
    0xff, 0xff, 0xff, 0xff, 0xff, 0xb0, 0x0, 0x0,
    0x2, 0xdb, 0xca, 0xdc, 0x20, 0x0, 0x0, 0x0,
    0x0, 0x6f, 0xb0, 0xb9, 0x1c, 0xf5, 0x0, 0x0,
    0x0, 0x4b, 0xf7, 0x0, 0xb9, 0x0, 0x8f, 0xc5,
    0x0, 0x3d, 0xfc, 0x42, 0x22, 0x76, 0x22, 0x2,
    0xbf, 0xd0, 0x8, 0x39, 0xff, 0xff, 0xff, 0xff,
    0x0, 0x2, 0x40, 0x0, 0x0, 0x2, 0xf4, 0x0,
    0x8c, 0x0, 0x0, 0x0, 0x0, 0x0, 0x6, 0xf0,
    0x0, 0xdf, 0xff, 0xf7, 0x0, 0x0, 0x0, 0x1e,
    0x90, 0x0, 0x11, 0x12, 0xf5, 0x0, 0x0, 0x1,
    0xce, 0x10, 0x0, 0x0, 0x3, 0xf2, 0x0, 0x1,
    0x7e, 0xe2, 0x0, 0x0, 0x33, 0x3a, 0xe0, 0x0,
    0x9, 0xe8, 0x10, 0x0, 0x0, 0xaf, 0xfe, 0x60,
    0x0, 0x0, 0x0, 0x0, 0x0, 0x0, 0x0, 0x0,
    0x0, 0x0,

    /* U+79CB "秋" */
    0x0, 0x0, 0x0, 0x0, 0x0, 0x0, 0x10, 0x0,
    0x0, 0x0, 0x0, 0x38, 0xd3, 0x0, 0x4, 0xf0,
    0x0, 0x0, 0x9, 0xcf, 0xfc, 0x72, 0x0, 0x4,
    0xf0, 0x0, 0x0, 0x6, 0x52, 0xf5, 0x0, 0x0,
    0x4, 0xf0, 0x0, 0x0, 0x0, 0x0, 0xf5, 0x0,
    0x0, 0x5, 0xf0, 0x0, 0x0, 0x0, 0x0, 0xf5,
    0x0, 0xf, 0x25, 0xe0, 0xa, 0xb0, 0x1f, 0xff,
    0xff, 0xff, 0x3f, 0x6, 0xd0, 0xf, 0x60, 0x4,
    0x49, 0xf9, 0x44, 0x7d, 0x8, 0xd0, 0x6e, 0x0,
    0x0, 0xc, 0xfe, 0x20, 0xe7, 0xa, 0xf0, 0xd7,
    0x0, 0x0, 0x4e, 0xfb, 0xd2, 0xb1, 0xc, 0xf5,
    0xb1, 0x0, 0x0, 0xc6, 0xf5, 0xc5, 0x0, 0xf,
    0xf7, 0x0, 0x0, 0x7, 0xe0, 0xf5, 0x10, 0x0,
    0x4f, 0x8d, 0x0, 0x0, 0x3f, 0x40, 0xf5, 0x0,
    0x0, 0xbb, 0x1f, 0x40, 0x0, 0x28, 0x0, 0xf5,
    0x0, 0x4, 0xf3, 0x9, 0xd0, 0x0, 0x0, 0x0,
    0xf5, 0x0, 0x2f, 0x90, 0x1, 0xea, 0x0, 0x0,
    0x0, 0xf5, 0x5, 0xeb, 0x0, 0x0, 0x3f, 0xc1,
    0x0, 0x0, 0xf5, 0xb, 0x80, 0x0, 0x0, 0x3,
    0xb1, 0x0, 0x0, 0x0, 0x0, 0x0, 0x0, 0x0,
    0x0, 0x0,

    /* U+79D2 "秒" */
    0x0, 0x0, 0x0, 0x0, 0x0, 0x0, 0x10, 0x0,
    0x0, 0x0, 0x0, 0x26, 0xb2, 0x0, 0x5, 0xe0,
    0x0, 0x0, 0x6, 0xbe, 0xfe, 0x93, 0x0, 0x5,
    0xe0, 0x0, 0x0, 0x5, 0x75, 0xf4, 0x0, 0x0,
    0x5, 0xe0, 0x1, 0x0, 0x0, 0x1, 0xf4, 0x0,
    0x1f, 0x35, 0xe0, 0x9b, 0x0, 0x0, 0x1, 0xf4,
    0x0, 0x4f, 0x5, 0xe0, 0x2f, 0x30, 0x1f, 0xff,
    0xff, 0xfc, 0x7d, 0x5, 0xe0, 0xa, 0xa0, 0x3,
    0x38, 0xf7, 0x32, 0xb9, 0x5, 0xe0, 0x5, 0xf1,
    0x0, 0xd, 0xfe, 0x11, 0xf4, 0x5, 0xe0, 0x0,
    0xd3, 0x0, 0x4e, 0xfb, 0xc2, 0xb0, 0x5, 0xe0,
    0x7, 0x20, 0x0, 0xb7, 0xf4, 0xc7, 0x0, 0x5,
    0xe0, 0x5f, 0x20, 0x5, 0xe1, 0xf4, 0x31, 0x0,
    0x5, 0xe0, 0xd9, 0x0, 0x1e, 0x51, 0xf4, 0x0,
    0x0, 0x0, 0xb, 0xe1, 0x0, 0x9, 0x1, 0xf4,
    0x0, 0x0, 0x1, 0xbe, 0x20, 0x0, 0x0, 0x1,
    0xf4, 0x0, 0x0, 0x7f, 0xd2, 0x0, 0x0, 0x0,
    0x1, 0xf4, 0x5, 0xaf, 0xe6, 0x0, 0x0, 0x0,
    0x0, 0x1, 0xf4, 0x1d, 0xa4, 0x0, 0x0, 0x0,
    0x0,

    /* U+79D8 "秘" */
    0x0, 0x0, 0x1, 0x0, 0x0, 0x20, 0x0, 0x0,
    0x0, 0x0, 0x26, 0xbf, 0x80, 0x5, 0xf8, 0x0,
    0x2, 0x0, 0x9, 0xff, 0xe4, 0x0, 0x0, 0x5e,
    0xb1, 0x5f, 0x10, 0x1, 0x7, 0xb0, 0x0, 0x0,
    0x2, 0xd5, 0xab, 0x0, 0x0, 0x7, 0xb0, 0x0,
    0x2, 0x70, 0x0, 0xf5, 0x0, 0x0, 0x7, 0xb0,
    0x0, 0x4, 0xf0, 0x5, 0xf0, 0x0, 0xf, 0xff,
    0xff, 0xd1, 0x24, 0xf0, 0xa, 0xa0, 0x0, 0x4,
    0x4d, 0xd4, 0x46, 0xa4, 0xf0, 0x2f, 0x99, 0x0,
    0x0, 0x2f, 0xf5, 0x9, 0x84, 0xf0, 0xac, 0x3f,
    0x10, 0x0, 0x8f, 0xee, 0x2b, 0x54, 0xf3, 0xf5,
    0xc, 0x80, 0x0, 0xeb, 0xb9, 0xbf, 0x24, 0xfb,
    0xc0, 0x7, 0xd0, 0x8, 0xc8, 0xb2, 0x8d, 0x4,
    0xff, 0x30, 0x3, 0xf1, 0x2f, 0x47, 0xb0, 0x13,
    0x4, 0xf8, 0x0, 0x0, 0x81, 0x1a, 0x7, 0xb0,
    0x0, 0x2e, 0xf0, 0x0, 0x37, 0x0, 0x0, 0x7,
    0xb0, 0x3, 0xef, 0xf0, 0x0, 0x5d, 0x0, 0x0,
    0x7, 0xb0, 0x4f, 0xc5, 0xf5, 0x33, 0x9b, 0x0,
    0x0, 0x7, 0xb0, 0x29, 0x0, 0xcf, 0xff, 0xe4,
    0x0, 0x0, 0x1, 0x20, 0x0, 0x0, 0x0, 0x0,
    0x0, 0x0,

    /* U+79F0 "称" */
    0x0, 0x0, 0x0, 0x0, 0x1, 0x10, 0x0, 0x0,
    0x0, 0x0, 0x4, 0x8c, 0xe1, 0xa, 0xb0, 0x0,
    0x0, 0x0, 0xa, 0xff, 0xf7, 0x20, 0xe, 0x70,
    0x0, 0x0, 0x0, 0x2, 0x13, 0xf0, 0x0, 0x2f,
    0xfe, 0xee, 0xee, 0xe1, 0x0, 0x3, 0xf0, 0x0,
    0x7e, 0x47, 0xf6, 0x4b, 0xb0, 0x0, 0x3, 0xf0,
    0x0, 0xe7, 0x3, 0xf1, 0xe, 0x50, 0xf, 0xff,
    0xff, 0xfb, 0xf1, 0x3, 0xf1, 0x2b, 0x0, 0x4,
    0x4b, 0xf5, 0x4a, 0x80, 0x3, 0xf1, 0x11, 0x0,
    0x0, 0xe, 0xf8, 0x0, 0xf, 0x53, 0xf1, 0xc8,
    0x0, 0x0, 0x6e, 0xfc, 0x80, 0x3f, 0x13, 0xf1,
    0x6e, 0x0, 0x0, 0xd7, 0xf2, 0xf2, 0x8c, 0x3,
    0xf1, 0x1f, 0x40, 0x8, 0xb3, 0xf0, 0x20, 0xe7,
    0x3, 0xf1, 0xb, 0x90, 0x3f, 0x23, 0xf0, 0x6,
    0xe0, 0x3, 0xf1, 0x7, 0xd0, 0x5, 0x3, 0xf0,
    0xa, 0x70, 0x3, 0xf1, 0x3, 0xd0, 0x0, 0x3,
    0xf0, 0x0, 0x0, 0x3, 0xf1, 0x0, 0x0, 0x0,
    0x3, 0xf0, 0x0, 0x2, 0x59, 0xf1, 0x0, 0x0,
    0x0, 0x3, 0xf0, 0x0, 0x1, 0xed, 0x80, 0x0,
    0x0,

    /* U+79FB "移" */
    0x0, 0x0, 0x28, 0x50, 0x0, 0xc, 0x70, 0x0,
    0x0, 0x6, 0xae, 0xfc, 0x60, 0x0, 0xaf, 0x43,
    0x32, 0x0, 0x7, 0x8a, 0xd0, 0x0, 0x1b, 0xff,
    0xff, 0xfe, 0x0, 0x0, 0x6, 0xd0, 0x6, 0xea,
    0x20, 0x3, 0xf5, 0x0, 0x0, 0x6, 0xd0, 0x7,
    0x47, 0xe5, 0x4e, 0x80, 0x0, 0x2f, 0xff, 0xff,
    0xf0, 0x0, 0x8f, 0xf6, 0x0, 0x0, 0x4, 0x4e,
    0xe5, 0x40, 0x4a, 0xfb, 0x85, 0x0, 0x0, 0x0,
    0x2f, 0xf7, 0xc, 0xe9, 0x33, 0xf6, 0x0, 0x0,
    0x0, 0x9e, 0xee, 0x51, 0x0, 0x3e, 0xff, 0xff,
    0xe1, 0x0, 0xe8, 0xd4, 0xd0, 0x6, 0xf9, 0x33,
    0x3c, 0xa0, 0x8, 0xb6, 0xd0, 0x23, 0xce, 0x61,
    0x0, 0x5f, 0x10, 0x2f, 0x26, 0xd0, 0x6, 0x91,
    0x9e, 0x44, 0xf6, 0x0, 0x18, 0x6, 0xd0, 0x0,
    0x0, 0x6, 0xff, 0x60, 0x0, 0x0, 0x6, 0xd0,
    0x0, 0x0, 0x5c, 0xe5, 0x0, 0x0, 0x0, 0x6,
    0xd0, 0x4, 0x8d, 0xf8, 0x0, 0x0, 0x0, 0x0,
    0x6, 0xd0, 0x3e, 0xa5, 0x10, 0x0, 0x0, 0x0,
    0x0, 0x0, 0x0, 0x0, 0x0, 0x0, 0x0, 0x0,
    0x0,

    /* U+7A0B "程" */
    0x0, 0x0, 0x5, 0x80, 0x23, 0x33, 0x33, 0x33,
    0x10, 0x6, 0x9c, 0xfe, 0x92, 0xaf, 0xff, 0xff,
    0xff, 0x50, 0xa, 0x87, 0xf3, 0x0, 0xa9, 0x0,
    0x0, 0xe, 0x50, 0x0, 0x2, 0xf2, 0x0, 0xa9,
    0x0, 0x0, 0xe, 0x50, 0x1, 0x13, 0xf4, 0x10,
    0xa9, 0x0, 0x0, 0xe, 0x50, 0x1f, 0xff, 0xff,
    0xf6, 0xaf, 0xff, 0xff, 0xff, 0x50, 0x2, 0x29,
    0xf4, 0x20, 0x23, 0x33, 0x33, 0x33, 0x10, 0x0,
    0xe, 0xf7, 0x0, 0x11, 0x11, 0x11, 0x11, 0x10,
    0x0, 0x6e, 0xff, 0x64, 0xff, 0xff, 0xff, 0xff,
    0xf0, 0x0, 0xd7, 0xf5, 0xf5, 0x0, 0x6, 0xf0,
    0x0, 0x0, 0x8, 0xd2, 0xf2, 0x41, 0x0, 0x5,
    0xf0, 0x0, 0x0, 0x3f, 0x42, 0xf2, 0x0, 0xdf,
    0xff, 0xff, 0xff, 0x90, 0x18, 0x2, 0xf2, 0x0,
    0x33, 0x37, 0xf3, 0x33, 0x20, 0x0, 0x2, 0xf2,
    0x0, 0x0, 0x5, 0xf0, 0x0, 0x0, 0x0, 0x2,
    0xf2, 0x2, 0x22, 0x27, 0xf2, 0x22, 0x21, 0x0,
    0x2, 0xf2, 0x1f, 0xff, 0xff, 0xff, 0xff, 0xf5,

    /* U+7A33 "稳" */
    0x0, 0x0, 0x0, 0x0, 0x1, 0x10, 0x0, 0x0,
    0x0, 0x0, 0x2, 0x7d, 0x60, 0xd, 0x90, 0x0,
    0x0, 0x0, 0x8, 0xef, 0xf8, 0x20, 0x6f, 0xff,
    0xff, 0xc0, 0x0, 0x3, 0x48, 0xc0, 0x4, 0xf5,
    0x11, 0x2e, 0x60, 0x0, 0x0, 0x7, 0xc0, 0x5f,
    0x80, 0x0, 0x9d, 0x10, 0x0, 0x0, 0x7, 0xc0,
    0x3b, 0xff, 0xff, 0xff, 0xfe, 0x0, 0xf, 0xff,
    0xff, 0xd0, 0x0, 0x0, 0x0, 0x6e, 0x0, 0x7,
    0x7e, 0xe7, 0x60, 0x33, 0x33, 0x33, 0x7e, 0x0,
    0x0, 0x1f, 0xf4, 0x1, 0xdd, 0xdd, 0xdd, 0xee,
    0x0, 0x0, 0x7f, 0xee, 0x30, 0x0, 0x0, 0x0,
    0x5e, 0x0, 0x0, 0xea, 0xc8, 0xb9, 0xff, 0xff,
    0xff, 0xfe, 0x0, 0x7, 0xc7, 0xc0, 0x21, 0x22,
    0x38, 0x22, 0x22, 0x0, 0x2f, 0x57, 0xc0, 0x5,
    0x18, 0x1d, 0x70, 0x27, 0x0, 0x1a, 0x7, 0xc0,
    0x3f, 0x3f, 0x12, 0xf2, 0x1f, 0x30, 0x0, 0x7,
    0xc0, 0xa9, 0x2f, 0x10, 0x11, 0xa8, 0xb0, 0x0,
    0x7, 0xc2, 0xf2, 0x2f, 0x31, 0x16, 0xe1, 0xf2,
    0x0, 0x7, 0xc0, 0x30, 0xc, 0xff, 0xff, 0x70,
    0x10,

    /* U+7A3D "稽" */
    0x0, 0x0, 0x0, 0x0, 0x0, 0x0, 0x0, 0x0,
    0x0, 0x0, 0x0, 0x28, 0x30, 0x0, 0x5c, 0xb,
    0xa2, 0x0, 0x17, 0xbe, 0xfb, 0x50, 0x0, 0x6c,
    0x0, 0x7b, 0x0, 0x8, 0x6a, 0xb0, 0xf, 0xff,
    0xff, 0xff, 0xff, 0xf0, 0x0, 0x8, 0xb0, 0x1,
    0x14, 0xfc, 0x91, 0x11, 0x20, 0x0, 0x8, 0xb0,
    0x0, 0x2d, 0x99, 0xb3, 0x33, 0xf1, 0x2f, 0xff,
    0xff, 0xe6, 0xe9, 0x4, 0xde, 0xed, 0x90, 0x4,
    0x4e, 0xc4, 0x5b, 0xe6, 0x2, 0x57, 0xb8, 0x0,
    0x0, 0x3f, 0xe1, 0x0, 0xdf, 0xec, 0xa7, 0x30,
    0x20, 0x0, 0x8f, 0xed, 0x10, 0xc8, 0x11, 0x11,
    0x13, 0xf2, 0x0, 0xeb, 0xba, 0xc0, 0x6d, 0xff,
    0xff, 0xfe, 0xa0, 0x6, 0xc8, 0xb1, 0x70, 0x11,
    0x11, 0x11, 0x11, 0x0, 0xe, 0x58, 0xb0, 0x0,
    0xee, 0xdd, 0xdd, 0xdf, 0x50, 0x3c, 0x8, 0xb0,
    0x0, 0xe4, 0x0, 0x0, 0xe, 0x50, 0x1, 0x8,
    0xb0, 0x0, 0xee, 0xee, 0xee, 0xef, 0x50, 0x0,
    0x8, 0xb0, 0x0, 0xe4, 0x0, 0x0, 0xe, 0x50,
    0x0, 0x8, 0xb0, 0x0, 0xef, 0xff, 0xff, 0xff,
    0x50,

    /* U+7A7A "空" */
    0x0, 0x0, 0x0, 0x1, 0x10, 0x0, 0x0, 0x0,
    0x0, 0x0, 0x0, 0xe, 0xa0, 0x0, 0x0, 0x0,
    0x0, 0x0, 0x0, 0x8, 0xf2, 0x0, 0x0, 0x0,
    0x6f, 0xff, 0xff, 0xff, 0xff, 0xff, 0xff, 0xfe,
    0x6f, 0x44, 0x44, 0x44, 0x44, 0x44, 0x44, 0x9e,
    0x6e, 0x0, 0x3, 0x50, 0x0, 0x60, 0x0, 0x7e,
    0x6e, 0x0, 0x7f, 0x90, 0x3, 0xee, 0x60, 0x49,
    0x1, 0x4c, 0xf6, 0x0, 0x0, 0x7, 0xfd, 0x40,
    0xc, 0xfa, 0x20, 0x0, 0x0, 0x0, 0x1a, 0xf7,
    0x7, 0x42, 0x22, 0x22, 0x22, 0x22, 0x22, 0x51,
    0x0, 0x7f, 0xff, 0xff, 0xff, 0xff, 0xff, 0x10,
    0x0, 0x0, 0x0, 0x8, 0xe0, 0x0, 0x0, 0x0,
    0x0, 0x0, 0x0, 0x7, 0xe0, 0x0, 0x0, 0x0,
    0x0, 0x0, 0x0, 0x7, 0xe0, 0x0, 0x0, 0x0,
    0x0, 0x0, 0x0, 0x7, 0xe0, 0x0, 0x0, 0x0,
    0x14, 0x44, 0x44, 0x4a, 0xf4, 0x44, 0x44, 0x43,
    0x5f, 0xff, 0xff, 0xff, 0xff, 0xff, 0xff, 0xfe,

    /* U+7AAE "窮" */
    0x0, 0x0, 0x0, 0x0, 0x41, 0x0, 0x0, 0x0,
    0x0, 0x0, 0x0, 0x0, 0x1f, 0xa0, 0x0, 0x0,
    0x0, 0x9, 0xdd, 0xdd, 0xdd, 0xff, 0xed, 0xdd,
    0xdd, 0x80, 0xba, 0x11, 0x28, 0x31, 0x16, 0x72,
    0x11, 0xc9, 0x7, 0x60, 0x6e, 0xb1, 0x0, 0x4a,
    0xfb, 0x46, 0x50, 0x1b, 0xfc, 0xa0, 0x0, 0x0,
    0x1, 0x7e, 0x90, 0x0, 0x72, 0x3f, 0x0, 0x0,
    0x22, 0x22, 0x33, 0x0, 0xa, 0xde, 0xfd, 0xd3,
    0x4d, 0xdd, 0xde, 0xe0, 0x0, 0xc7, 0x22, 0x2e,
    0x40, 0x0, 0x0, 0x5e, 0x0, 0xc, 0xb8, 0x88,
    0xf4, 0xb, 0xbb, 0xbd, 0xe0, 0x0, 0xca, 0x77,
    0x7f, 0x43, 0xf4, 0x33, 0x33, 0x0, 0xc, 0x94,
    0x44, 0xf4, 0x8d, 0x11, 0x11, 0x11, 0xa, 0xec,
    0xaa, 0xaf, 0x4b, 0xee, 0xee, 0xef, 0x80, 0x22,
    0x23, 0xbc, 0xf4, 0x0, 0x0, 0x0, 0xd6, 0x0,
    0x4, 0xd8, 0xe, 0x40, 0x0, 0x0, 0xf, 0x40,
    0x6d, 0xc4, 0x1, 0xf4, 0x0, 0x11, 0x7, 0xf0,
    0x6, 0x40, 0xc, 0xfc, 0x10, 0x7, 0xff, 0xf7,
    0x0, 0x0, 0x0, 0x0, 0x0, 0x0, 0x0, 0x0,
    0x0,

    /* U+7ACB "立" */
    0x0, 0x0, 0x0, 0x0, 0x40, 0x0, 0x0, 0x0,
    0x0, 0x0, 0x0, 0x0, 0x1, 0xf5, 0x0, 0x0,
    0x0, 0x0, 0x0, 0x0, 0x0, 0x0, 0xcb, 0x0,
    0x0, 0x0, 0x0, 0x0, 0x0, 0x0, 0x0, 0x68,
    0x0, 0x0, 0x0, 0x0, 0x3, 0xee, 0xee, 0xee,
    0xee, 0xee, 0xee, 0xee, 0x40, 0x1, 0x66, 0x66,
    0x66, 0x66, 0x66, 0x66, 0x66, 0x20, 0x0, 0x0,
    0x45, 0x0, 0x0, 0x0, 0x56, 0x0, 0x0, 0x0,
    0x0, 0x8e, 0x0, 0x0, 0x0, 0xdb, 0x0, 0x0,
    0x0, 0x0, 0x4f, 0x20, 0x0, 0x1, 0xf6, 0x0,
    0x0, 0x0, 0x0, 0xf, 0x60, 0x0, 0x5, 0xf1,
    0x0, 0x0, 0x0, 0x0, 0xc, 0xb0, 0x0, 0xa,
    0xd0, 0x0, 0x0, 0x0, 0x0, 0x8, 0xe0, 0x0,
    0xe, 0x80, 0x0, 0x0, 0x0, 0x0, 0x5, 0xf2,
    0x0, 0x4f, 0x20, 0x0, 0x0, 0x0, 0x0, 0x2,
    0xf4, 0x0, 0xad, 0x0, 0x0, 0x0, 0x0, 0x0,
    0x0, 0x20, 0x0, 0xf7, 0x0, 0x0, 0x0, 0xe,
    0xee, 0xee, 0xee, 0xee, 0xfe, 0xee, 0xee, 0xe0,
    0x7, 0x77, 0x77, 0x77, 0x77, 0x77, 0x77, 0x77,
    0x70,

    /* U+7AD6 "竖" */
    0x0, 0x0, 0x68, 0x4, 0x44, 0x44, 0x44, 0x30,
    0x0, 0xe3, 0x8, 0xa0, 0xef, 0xee, 0xee, 0xfd,
    0x0, 0xf, 0x40, 0x8a, 0x3, 0xf1, 0x0, 0xe,
    0x60, 0x0, 0xf4, 0x8, 0xa0, 0xb, 0x90, 0x8,
    0xe0, 0x0, 0xf, 0x40, 0x8a, 0x0, 0x3f, 0x54,
    0xf4, 0x0, 0x0, 0xf4, 0x8, 0xa0, 0x0, 0x6f,
    0xf7, 0x0, 0x0, 0xf, 0x40, 0x8a, 0x0, 0x19,
    0xff, 0x91, 0x0, 0x0, 0xf4, 0x8, 0xa2, 0x9f,
    0xd4, 0x5e, 0xe9, 0x40, 0x6, 0x10, 0x8a, 0x3f,
    0x80, 0x0, 0x7, 0xdc, 0x0, 0x0, 0x0, 0x0,
    0xaa, 0x0, 0x0, 0x0, 0x0, 0x1e, 0xee, 0xee,
    0xef, 0xfe, 0xee, 0xee, 0xe4, 0x0, 0x55, 0x7c,
    0x55, 0x55, 0x55, 0xb9, 0x55, 0x10, 0x0, 0x3,
    0xf4, 0x0, 0x0, 0x1f, 0x60, 0x0, 0x0, 0x0,
    0xc, 0xa0, 0x0, 0x6, 0xf0, 0x0, 0x0, 0x33,
    0x33, 0x88, 0x33, 0x33, 0xcb, 0x33, 0x33, 0xf,
    0xff, 0xff, 0xff, 0xff, 0xff, 0xff, 0xff, 0xf0,

    /* U+7AE5 "童" */
    0x0, 0x0, 0x0, 0x0, 0x42, 0x0, 0x0, 0x0,
    0x0, 0x0, 0x0, 0x0, 0x0, 0xac, 0x0, 0x0,
    0x0, 0x0, 0x0, 0xef, 0xff, 0xff, 0xff, 0xff,
    0xff, 0xff, 0x0, 0x0, 0x22, 0x4e, 0x42, 0x22,
    0x25, 0xd4, 0x22, 0x0, 0x0, 0x0, 0xc, 0xb0,
    0x0, 0xc, 0xb0, 0x0, 0x0, 0x1f, 0xff, 0xff,
    0xff, 0xff, 0xff, 0xff, 0xff, 0xf1, 0x2, 0x22,
    0x22, 0x22, 0x22, 0x22, 0x22, 0x22, 0x20, 0x0,
    0x2e, 0xee, 0xee, 0xee, 0xee, 0xee, 0xe2, 0x0,
    0x0, 0x2f, 0x20, 0x0, 0xaa, 0x0, 0x2, 0xf2,
    0x0, 0x0, 0x2f, 0xcc, 0xcc, 0xee, 0xcc, 0xcc,
    0xf2, 0x0, 0x0, 0x2f, 0x31, 0x11, 0xbb, 0x11,
    0x13, 0xf2, 0x0, 0x0, 0x2f, 0x42, 0x22, 0xbb,
    0x22, 0x24, 0xf2, 0x0, 0x0, 0x1b, 0xbb, 0xbb,
    0xee, 0xbb, 0xbb, 0xb1, 0x0, 0x0, 0x11, 0x11,
    0x11, 0xba, 0x11, 0x11, 0x11, 0x0, 0x0, 0xce,
    0xee, 0xee, 0xff, 0xee, 0xee, 0xed, 0x0, 0x1,
    0x11, 0x11, 0x11, 0xba, 0x11, 0x11, 0x11, 0x10,
    0x2f, 0xff, 0xff, 0xff, 0xff, 0xff, 0xff, 0xff,
    0xf2,

    /* U+7AED "竭" */
    0x0, 0x1a, 0x10, 0x0, 0x22, 0x22, 0x22, 0x22,
    0x0, 0x0, 0xc9, 0x0, 0xd, 0xed, 0xdd, 0xdd,
    0xf4, 0x0, 0x4, 0xa0, 0x0, 0xd6, 0x11, 0x11,
    0x1f, 0x41, 0xff, 0xff, 0xff, 0xd, 0xed, 0xdd,
    0xdd, 0xf4, 0x4, 0x44, 0x44, 0x40, 0xd5, 0x0,
    0x0, 0xf, 0x40, 0x23, 0x0, 0x83, 0xd, 0x73,
    0x33, 0x33, 0xf4, 0x6, 0xc0, 0xf, 0x40, 0xbf,
    0xdd, 0xdd, 0xdd, 0x30, 0x3f, 0x1, 0xf1, 0x5,
    0xf2, 0x0, 0x0, 0x0, 0x0, 0xf2, 0x3f, 0x0,
    0xdf, 0xff, 0xff, 0xff, 0xf0, 0xe, 0x46, 0xb0,
    0xcb, 0x0, 0x29, 0x0, 0x6e, 0x0, 0xc6, 0x98,
    0x2b, 0xa2, 0x9, 0xc0, 0x7, 0xd0, 0x8, 0x4c,
    0x64, 0xf, 0x36, 0xc8, 0xd2, 0x7c, 0x1, 0x48,
    0xff, 0xf2, 0xf5, 0xb1, 0x4, 0x69, 0xb1, 0xff,
    0xc8, 0x40, 0xf, 0xed, 0xdd, 0xda, 0xb9, 0x3,
    0x0, 0x0, 0x0, 0x22, 0x22, 0x23, 0x3e, 0x60,
    0x0, 0x0, 0x0, 0x0, 0x0, 0x0, 0xbf, 0xd1,
    0x0, 0x0, 0x0, 0x0, 0x0, 0x0, 0x0, 0x0,
    0x0,

    /* U+7AEF "端" */
    0x0, 0x0, 0x0, 0x0, 0x0, 0x0, 0x0, 0x0,
    0x0, 0x1, 0xc1, 0x0, 0x12, 0x0, 0xc9, 0x0,
    0x31, 0x0, 0xc, 0x90, 0x7, 0xc0, 0xc, 0x90,
    0xe, 0x50, 0x0, 0x5d, 0x0, 0x7c, 0x0, 0xc9,
    0x0, 0xe5, 0x1b, 0xbb, 0xbb, 0xb7, 0xc1, 0x1c,
    0xa1, 0x1e, 0x50, 0x88, 0x88, 0x87, 0x7f, 0xff,
    0xff, 0xff, 0xf5, 0x4, 0x50, 0x9, 0x30, 0x0,
    0x0, 0x0, 0x0, 0x0, 0x5b, 0x0, 0xf6, 0xdd,
    0xdd, 0xdd, 0xdd, 0xdd, 0x3, 0xe0, 0x1f, 0x26,
    0x66, 0x6f, 0xb6, 0x66, 0x60, 0xf, 0x3, 0xe0,
    0x0, 0x1, 0xf4, 0x0, 0x0, 0x0, 0xf2, 0x5b,
    0xa, 0xff, 0xff, 0xff, 0xff, 0x90, 0xd, 0x38,
    0x80, 0xaa, 0x3f, 0x55, 0xf3, 0xa9, 0x0, 0x83,
    0xb6, 0x4a, 0x80, 0xe2, 0x1f, 0x9, 0x90, 0x26,
    0xaf, 0xfe, 0xb8, 0xe, 0x21, 0xf0, 0x99, 0x1f,
    0xea, 0x62, 0xa, 0x80, 0xe2, 0x1f, 0x9, 0x90,
    0x20, 0x0, 0x0, 0xa8, 0xe, 0x21, 0xf0, 0x99,
    0x0, 0x0, 0x0, 0xa, 0x80, 0xc2, 0x1c, 0x9f,
    0x60, 0x0, 0x0, 0x0, 0x0, 0x0, 0x0, 0x0,
    0x0,

    /* U+7B14 "笔" */
    0x0, 0xd, 0x60, 0x0, 0x0, 0xc7, 0x0, 0x0,
    0x0, 0x5, 0xf5, 0x22, 0x21, 0x4f, 0x72, 0x22,
    0x22, 0x0, 0xcf, 0xff, 0xff, 0x8b, 0xff, 0xff,
    0xff, 0xc0, 0x7f, 0x24, 0xf1, 0x8, 0xf3, 0xd,
    0x80, 0x0, 0x2f, 0x60, 0xc, 0x81, 0xe6, 0x0,
    0x4a, 0x10, 0x0, 0x20, 0x0, 0x22, 0x35, 0x68,
    0xbd, 0xfe, 0x0, 0x0, 0x7e, 0xff, 0xff, 0xfb,
    0x97, 0x52, 0x0, 0x0, 0x2, 0x42, 0x10, 0x5f,
    0x0, 0x0, 0x0, 0x0, 0x0, 0x2, 0x34, 0x6a,
    0xfa, 0xbc, 0xef, 0xf4, 0x0, 0xf, 0xfe, 0xcb,
    0xcf, 0x75, 0x43, 0x10, 0x0, 0x0, 0x0, 0x0,
    0x5, 0xf0, 0x0, 0x1, 0x23, 0x40, 0x12, 0x35,
    0x67, 0xbf, 0xbc, 0xef, 0xff, 0xec, 0xe, 0xfe,
    0xdc, 0xab, 0xf6, 0x54, 0x21, 0x0, 0x0, 0x10,
    0x0, 0x0, 0x5f, 0x0, 0x0, 0x0, 0x98, 0x0,
    0x0, 0x0, 0x4, 0xf6, 0x33, 0x33, 0x4e, 0x70,
    0x0, 0x0, 0x0, 0xb, 0xff, 0xff, 0xff, 0xc1,

    /* U+7B2C "第" */
    0x0, 0x3, 0x30, 0x0, 0x0, 0x23, 0x0, 0x0,
    0x0, 0x0, 0xd9, 0x0, 0x0, 0xc, 0xa0, 0x0,
    0x0, 0x0, 0x5f, 0xdc, 0xcc, 0xc2, 0xfe, 0xcc,
    0xcc, 0xa0, 0x1e, 0x96, 0xf6, 0x34, 0xbc, 0x3b,
    0xd4, 0x33, 0xc, 0xd0, 0xd, 0x80, 0x7f, 0x40,
    0x1f, 0x50, 0x1, 0xa2, 0x0, 0x54, 0x3, 0x70,
    0x0, 0x62, 0x0, 0x0, 0xdf, 0xff, 0xff, 0xff,
    0xff, 0xff, 0xf6, 0x0, 0x1, 0x11, 0x11, 0x1e,
    0x71, 0x11, 0x1e, 0x60, 0x0, 0x3, 0x33, 0x33,
    0xf8, 0x33, 0x33, 0xf6, 0x0, 0x4, 0xff, 0xff,
    0xff, 0xff, 0xff, 0xff, 0x60, 0x0, 0x7e, 0x0,
    0x0, 0xe6, 0x0, 0x0, 0x0, 0x0, 0x9, 0xc3,
    0x33, 0x3f, 0x83, 0x33, 0x33, 0x30, 0x0, 0xcf,
    0xff, 0xff, 0xff, 0xff, 0xff, 0xff, 0x0, 0x0,
    0x0, 0xa, 0xdf, 0x60, 0x0, 0x8, 0xd0, 0x0,
    0x0, 0x2d, 0x90, 0xe6, 0x0, 0x0, 0xba, 0x0,
    0x1, 0x9d, 0x50, 0xe, 0x60, 0x45, 0x6f, 0x70,
    0x6, 0xb4, 0x0, 0x0, 0xe6, 0x6, 0xdd, 0x90,
    0x0, 0x0, 0x0, 0x0, 0x0, 0x0, 0x0, 0x0,
    0x0,

    /* U+7B46 "筆" */
    0x0, 0x2, 0x10, 0x0, 0x0, 0x31, 0x0, 0x0,
    0x0, 0x0, 0xd, 0x90, 0x0, 0x3, 0xf5, 0x0,
    0x0, 0x0, 0x0, 0x7f, 0xdc, 0xcc, 0xbc, 0xfc,
    0xcc, 0xcc, 0xc0, 0x5, 0xf8, 0x9e, 0x45, 0xed,
    0x47, 0xf6, 0x33, 0x30, 0xe, 0xb0, 0xe, 0x55,
    0xf6, 0x0, 0xb7, 0x0, 0x0, 0x3, 0x10, 0x1,
    0x0, 0xba, 0x0, 0x10, 0x0, 0x0, 0x0, 0xe,
    0xff, 0xff, 0xff, 0xff, 0xff, 0xf3, 0x0, 0x0,
    0x0, 0x0, 0x0, 0xba, 0x0, 0x3, 0xf4, 0x0,
    0x1f, 0xff, 0xff, 0xff, 0xff, 0xff, 0xff, 0xff,
    0xf2, 0x0, 0x0, 0x0, 0x0, 0xba, 0x0, 0x2,
    0xf3, 0x0, 0x0, 0x1f, 0xff, 0xff, 0xff, 0xff,
    0xff, 0xf3, 0x0, 0x0, 0x0, 0x0, 0x0, 0xca,
    0x0, 0x0, 0x0, 0x0, 0x0, 0x9e, 0xee, 0xee,
    0xff, 0xee, 0xee, 0xe9, 0x0, 0x0, 0x11, 0x11,
    0x11, 0xca, 0x11, 0x11, 0x11, 0x0, 0x9, 0xcc,
    0xcc, 0xcc, 0xfe, 0xcc, 0xcc, 0xcc, 0xa0, 0x3,
    0x44, 0x44, 0x44, 0xdb, 0x44, 0x44, 0x44, 0x40,
    0x0, 0x0, 0x0, 0x0, 0xba, 0x0, 0x0, 0x0,
    0x0,

    /* U+7B56 "策" */
    0x0, 0x1d, 0x40, 0x0, 0x1, 0xd5, 0x0, 0x0,
    0x0, 0x0, 0xaf, 0x64, 0x44, 0x2a, 0xf6, 0x44,
    0x44, 0x40, 0x7, 0xfd, 0xfe, 0xdd, 0xff, 0xdd,
    0xfd, 0xdd, 0xa0, 0x4f, 0x90, 0x7e, 0x15, 0xfa,
    0x0, 0xd9, 0x0, 0x0, 0x4, 0x0, 0x5, 0x0,
    0xca, 0x0, 0x22, 0x0, 0x0, 0xe, 0xff, 0xff,
    0xff, 0xff, 0xff, 0xff, 0xff, 0x80, 0x3, 0x33,
    0x33, 0x33, 0xdb, 0x33, 0x33, 0x33, 0x20, 0x0,
    0x23, 0x33, 0x33, 0xdb, 0x33, 0x33, 0x31, 0x0,
    0x0, 0x9f, 0xff, 0xff, 0xff, 0xff, 0xff, 0xf8,
    0x0, 0x0, 0x9c, 0x0, 0x0, 0xca, 0x0, 0x0,
    0xd8, 0x0, 0x0, 0x9c, 0x0, 0x1, 0xec, 0x0,
    0x0, 0xd8, 0x0, 0x0, 0x9c, 0x0, 0x2e, 0xff,
    0xc1, 0x7d, 0xf5, 0x0, 0x0, 0x22, 0x8, 0xe6,
    0xcb, 0x9f, 0x83, 0x10, 0x0, 0x0, 0x28, 0xec,
    0x20, 0xca, 0x4, 0xdf, 0x93, 0x0, 0x1d, 0xfb,
    0x40, 0x0, 0xca, 0x0, 0x4, 0xaf, 0xe0, 0x4,
    0x10, 0x0, 0x0, 0xca, 0x0, 0x0, 0x0, 0x20,

    /* U+7B80 "简" */
    0x0, 0x7, 0xa0, 0x0, 0x0, 0x79, 0x0, 0x0,
    0x0, 0x1, 0xfb, 0x44, 0x44, 0xe, 0xb4, 0x44,
    0x43, 0x0, 0xaf, 0xdf, 0xec, 0xa8, 0xfd, 0xff,
    0xdd, 0x90, 0x8f, 0x30, 0xba, 0x4, 0xf5, 0x3,
    0xf4, 0x0, 0x8, 0x56, 0x12, 0x70, 0x4, 0x0,
    0x6, 0x50, 0x0, 0x0, 0xcd, 0x1a, 0xee, 0xee,
    0xee, 0xee, 0xe1, 0x0, 0x93, 0xd8, 0x35, 0x55,
    0x55, 0x55, 0x7f, 0x10, 0x1f, 0x31, 0x0, 0x0,
    0x0, 0x0, 0x3, 0xf1, 0x1, 0xf3, 0x3, 0xff,
    0xff, 0xff, 0x40, 0x3f, 0x10, 0x1f, 0x30, 0x3f,
    0x11, 0x11, 0xe4, 0x3, 0xf1, 0x1, 0xf3, 0x3,
    0xf2, 0x22, 0x2e, 0x40, 0x3f, 0x10, 0x1f, 0x30,
    0x3f, 0xcc, 0xcc, 0xf4, 0x3, 0xf1, 0x1, 0xf3,
    0x3, 0xe0, 0x0, 0xe, 0x40, 0x3f, 0x10, 0x1f,
    0x30, 0x3f, 0xff, 0xff, 0xf4, 0x3, 0xf1, 0x1,
    0xf3, 0x0, 0x11, 0x11, 0x11, 0x22, 0x6f, 0x10,
    0x1f, 0x30, 0x0, 0x0, 0x0, 0xa, 0xfe, 0xa0,

    /* U+7BC7 "篇" */
    0x0, 0x4, 0x10, 0x0, 0x0, 0x41, 0x0, 0x0,
    0x0, 0x0, 0x2f, 0x40, 0x0, 0x3, 0xf2, 0x0,
    0x0, 0x0, 0x0, 0xaf, 0xee, 0xee, 0x9b, 0xfe,
    0xee, 0xee, 0xe0, 0x4, 0xf4, 0x7f, 0x22, 0xaf,
    0x32, 0xed, 0x22, 0x20, 0x2f, 0x90, 0xe, 0x40,
    0xc9, 0x0, 0x4f, 0x50, 0x0, 0x7, 0x0, 0x1,
    0x0, 0x6f, 0x10, 0x1, 0x0, 0x0, 0x0, 0xf,
    0xff, 0xff, 0xff, 0xff, 0xff, 0xfe, 0x0, 0x0,
    0xf, 0x30, 0x0, 0x0, 0x0, 0x0, 0x6e, 0x0,
    0x0, 0xf, 0x41, 0x11, 0x11, 0x11, 0x11, 0x7e,
    0x0, 0x0, 0x1f, 0xff, 0xff, 0xff, 0xff, 0xff,
    0xfe, 0x0, 0x0, 0x1f, 0x20, 0x0, 0x0, 0x0,
    0x0, 0x0, 0x0, 0x0, 0x4f, 0xcf, 0xff, 0xff,
    0xff, 0xff, 0xff, 0x50, 0x0, 0x6e, 0xb8, 0x3,
    0xf0, 0xe, 0x40, 0xe, 0x50, 0x0, 0xba, 0xbe,
    0xbc, 0xfb, 0xbf, 0xcb, 0xbf, 0x50, 0x2, 0xf4,
    0xba, 0x46, 0xf4, 0x4e, 0x74, 0x4e, 0x50, 0xb,
    0xd0, 0xb8, 0x2, 0xf0, 0xd, 0x30, 0xe, 0x50,
    0x1d, 0x30, 0xb8, 0x2, 0xf0, 0xd, 0x4d, 0xef,
    0x30, 0x0, 0x0, 0x0, 0x0, 0x0, 0x0, 0x0,
    0x10, 0x0,

    /* U+7C73 "米" */
    0x0, 0x0, 0x0, 0x0, 0x66, 0x0, 0x0, 0x0,
    0x0, 0x0, 0x12, 0x0, 0x0, 0xba, 0x0, 0x0,
    0x44, 0x0, 0x0, 0xae, 0x0, 0x0, 0xba, 0x0,
    0x0, 0xec, 0x0, 0x0, 0x1e, 0x90, 0x0, 0xba,
    0x0, 0x6, 0xf3, 0x0, 0x0, 0x6, 0xf2, 0x0,
    0xba, 0x0, 0xe, 0xa0, 0x0, 0x0, 0x0, 0xea,
    0x0, 0xba, 0x0, 0x8e, 0x10, 0x0, 0x0, 0x0,
    0x53, 0x0, 0xba, 0x0, 0x65, 0x0, 0x0, 0x2,
    0x22, 0x22, 0x22, 0xcb, 0x22, 0x22, 0x22, 0x20,
    0xf, 0xff, 0xff, 0xff, 0xff, 0xff, 0xff, 0xff,
    0xe0, 0x2, 0x22, 0x22, 0x4f, 0xff, 0xf4, 0x22,
    0x22, 0x20, 0x0, 0x0, 0x0, 0xcb, 0xbb, 0xbc,
    0x0, 0x0, 0x0, 0x0, 0x0, 0xa, 0xe1, 0xba,
    0x1d, 0xb0, 0x0, 0x0, 0x0, 0x0, 0xae, 0x20,
    0xba, 0x2, 0xec, 0x10, 0x0, 0x0, 0x1c, 0xe3,
    0x0, 0xba, 0x0, 0x2d, 0xe3, 0x0, 0x6, 0xed,
    0x20, 0x0, 0xba, 0x0, 0x1, 0xcf, 0x91, 0x1e,
    0x90, 0x0, 0x0, 0xba, 0x0, 0x0, 0x7, 0xc1,
    0x0, 0x0, 0x0, 0x0, 0xba, 0x0, 0x0, 0x0,
    0x0,

    /* U+7C92 "粒" */
    0x0, 0x4, 0x50, 0x0, 0x0, 0x17, 0x0, 0x0,
    0x0, 0x1, 0x8, 0xa0, 0x20, 0x0, 0x1f, 0x40,
    0x0, 0x0, 0xe, 0x28, 0xa0, 0xe4, 0x0, 0xc,
    0x90, 0x0, 0x0, 0x9, 0x78, 0xa2, 0xe0, 0x0,
    0x7, 0x70, 0x0, 0x0, 0x5, 0xb8, 0xa6, 0x96,
    0xff, 0xff, 0xff, 0xff, 0xa0, 0x3, 0xe8, 0xac,
    0x32, 0x55, 0x55, 0x55, 0x55, 0x30, 0x1, 0x29,
    0xb3, 0x10, 0x14, 0x0, 0x0, 0x64, 0x0, 0x2f,
    0xff, 0xff, 0xf2, 0x3f, 0x0, 0x0, 0xd8, 0x0,
    0x2, 0x3e, 0xc2, 0x20, 0xf, 0x30, 0x0, 0xf5,
    0x0, 0x0, 0x4f, 0xf4, 0x0, 0xd, 0x60, 0x2,
    0xf2, 0x0, 0x0, 0xaf, 0xee, 0x20, 0xa, 0x90,
    0x5, 0xf0, 0x0, 0x1, 0xfa, 0xa9, 0xd0, 0x7,
    0xc0, 0x8, 0xc0, 0x0, 0x9, 0xa8, 0xa1, 0xb0,
    0x5, 0xf0, 0xb, 0x80, 0x0, 0x2f, 0x38, 0xa0,
    0x0, 0x3, 0xf1, 0xe, 0x50, 0x0, 0x9, 0x8,
    0xa0, 0x0, 0x1, 0x91, 0x2f, 0x10, 0x0, 0x0,
    0x8, 0xa0, 0x16, 0x66, 0x66, 0x9f, 0x66, 0x61,
    0x0, 0x8, 0xa0, 0x2e, 0xee, 0xee, 0xee, 0xee,
    0xe3,

    /* U+7C97 "粗" */
    0x0, 0x1, 0x70, 0x0, 0x0, 0x0, 0x0, 0x0,
    0x0, 0x0, 0x2, 0xf1, 0x0, 0x4, 0x44, 0x44,
    0x44, 0x0, 0x9, 0x42, 0xf1, 0x4c, 0x2f, 0xff,
    0xff, 0xfe, 0x0, 0x7, 0x92, 0xf1, 0x89, 0x2f,
    0x20, 0x0, 0x6e, 0x0, 0x3, 0xe2, 0xf1, 0xd4,
    0x2f, 0x20, 0x0, 0x6e, 0x0, 0x0, 0xf3, 0xf4,
    0xd0, 0x2f, 0x20, 0x0, 0x6e, 0x0, 0x1, 0x33,
    0xf3, 0x31, 0x2f, 0xbb, 0xbb, 0xde, 0x0, 0xf,
    0xff, 0xff, 0xfc, 0x2f, 0x97, 0x77, 0xbe, 0x0,
    0x2, 0x2a, 0xf5, 0x22, 0x2f, 0x20, 0x0, 0x6e,
    0x0, 0x0, 0xe, 0xfd, 0x0, 0x2f, 0x20, 0x0,
    0x6e, 0x0, 0x0, 0x5e, 0xfc, 0xa0, 0x2f, 0x30,
    0x0, 0x7e, 0x0, 0x0, 0xc7, 0xf3, 0xe7, 0x2f,
    0xff, 0xff, 0xfe, 0x0, 0x5, 0xe2, 0xf1, 0x65,
    0x2f, 0x42, 0x22, 0x8e, 0x0, 0x1e, 0x62, 0xf1,
    0x0, 0x2f, 0x20, 0x0, 0x6e, 0x0, 0xb, 0x2,
    0xf1, 0x0, 0x2f, 0x20, 0x0, 0x6e, 0x0, 0x0,
    0x2, 0xf1, 0x3, 0x5f, 0x53, 0x33, 0x9f, 0x31,
    0x0, 0x2, 0xf1, 0x1f, 0xff, 0xff, 0xff, 0xff,
    0xf7,

    /* U+7CBE "精" */
    0x0, 0x4, 0x50, 0x0, 0x0, 0x5, 0x60, 0x0,
    0x0, 0x2, 0x8, 0xb0, 0x30, 0x0, 0x9, 0xa0,
    0x0, 0x0, 0xb, 0x48, 0xb1, 0xf5, 0xff, 0xff,
    0xff, 0xff, 0xc0, 0x7, 0x98, 0xb5, 0xb0, 0x11,
    0x19, 0xb1, 0x11, 0x10, 0x3, 0xc8, 0xb9, 0x60,
    0xab, 0xbe, 0xeb, 0xbb, 0x40, 0x0, 0xf9, 0xbe,
    0x10, 0x34, 0x4b, 0xc4, 0x44, 0x10, 0x0, 0x18,
    0xb2, 0x1, 0x11, 0x19, 0xb1, 0x11, 0x10, 0x1d,
    0xdf, 0xfd, 0xab, 0xff, 0xff, 0xff, 0xff, 0xf3,
    0x5, 0x5e, 0xd5, 0x30, 0x0, 0x0, 0x0, 0x0,
    0x0, 0x0, 0x2f, 0xf5, 0x0, 0xbf, 0xff, 0xff,
    0xff, 0x0, 0x0, 0x8f, 0xde, 0x10, 0xb8, 0x0,
    0x0, 0x3f, 0x0, 0x0, 0xea, 0xba, 0xc0, 0xbf,
    0xee, 0xee, 0xff, 0x0, 0x6, 0xb8, 0xb2, 0x80,
    0xb8, 0x0, 0x0, 0x4f, 0x0, 0xe, 0x58, 0xb0,
    0x0, 0xba, 0x33, 0x33, 0x6f, 0x0, 0x1a, 0x8,
    0xb0, 0x0, 0xbd, 0xbb, 0xbb, 0xcf, 0x0, 0x0,
    0x8, 0xb0, 0x0, 0xb8, 0x0, 0x1, 0x5f, 0x0,
    0x0, 0x8, 0xb0, 0x0, 0xb8, 0x0, 0x1f, 0xfa,
    0x0,

    /* U+7D27 "紧" */
    0x0, 0x0, 0xb3, 0x6, 0x66, 0x66, 0x66, 0x50,
    0xf, 0x40, 0xe4, 0x1c, 0xfd, 0xcc, 0xcf, 0xb0,
    0xf, 0x40, 0xe4, 0x0, 0xba, 0x0, 0x4f, 0x20,
    0xf, 0x40, 0xe4, 0x0, 0x2f, 0x74, 0xf6, 0x0,
    0xf, 0x40, 0xe4, 0x0, 0x6, 0xff, 0x70, 0x0,
    0xf, 0x40, 0xe4, 0x17, 0xcf, 0xce, 0xe8, 0x20,
    0x5, 0x10, 0xe7, 0xde, 0x92, 0x0, 0x7d, 0xfa,
    0x0, 0x0, 0x4e, 0xb1, 0x1, 0x70, 0x0, 0x21,
    0x0, 0x2a, 0xf8, 0x23, 0x6e, 0xd3, 0x0, 0x0,
    0x0, 0x9f, 0xff, 0xff, 0xd6, 0x5, 0x40, 0x0,
    0x0, 0x3, 0x8e, 0xb4, 0x0, 0x6, 0xe9, 0x0,
    0xa, 0xef, 0xfe, 0xde, 0xff, 0xff, 0xee, 0xb0,
    0x8, 0x87, 0x85, 0x48, 0xf1, 0x1, 0x0, 0xa3,
    0x0, 0x1b, 0xe2, 0x6, 0xf0, 0x3f, 0xa2, 0x0,
    0x29, 0xfa, 0x12, 0x28, 0xf0, 0x1, 0x8f, 0x91,
    0x4b, 0x30, 0xb, 0xfe, 0x90, 0x0, 0x2, 0xb2,

    /* U+7D55 "絕" */
    0x0, 0x0, 0x0, 0x0, 0x0, 0x0, 0x0, 0x0,
    0x0, 0x0, 0xa, 0x80, 0x1, 0x22, 0x22, 0x22,
    0x22, 0x10, 0x0, 0x1f, 0x40, 0x9, 0xff, 0xff,
    0xff, 0xff, 0x90, 0x0, 0x7c, 0x2, 0x0, 0x0,
    0xac, 0x0, 0xb, 0x70, 0x0, 0xe4, 0xd, 0x70,
    0x4, 0xf3, 0x0, 0xe, 0x50, 0x8, 0xb0, 0x6e,
    0x0, 0x6f, 0x70, 0x3a, 0xbf, 0x10, 0x3f, 0xee,
    0xf5, 0xc, 0xf9, 0x33, 0x4a, 0xa6, 0x30, 0x17,
    0x4b, 0xb0, 0x5, 0xff, 0xff, 0xff, 0xff, 0xe0,
    0x0, 0x4e, 0x1e, 0x20, 0xe5, 0x2, 0xf0, 0x5,
    0xe0, 0x2, 0xe4, 0x1b, 0x80, 0xe5, 0x2, 0xf0,
    0x5, 0xe0, 0x1e, 0xfe, 0xfd, 0xd0, 0xe7, 0x36,
    0xf3, 0x38, 0xe0, 0x8, 0x52, 0x0, 0x70, 0xef,
    0xff, 0xff, 0xff, 0xe0, 0x3, 0x53, 0x49, 0x50,
    0xe5, 0x0, 0x0, 0x3, 0x90, 0x8, 0x87, 0xa5,
    0xb0, 0xe5, 0x0, 0x0, 0x0, 0x20, 0xb, 0x54,
    0xc0, 0xf0, 0xe5, 0x0, 0x0, 0x0, 0xb6, 0x1f,
    0x12, 0xd0, 0x40, 0xd9, 0x22, 0x22, 0x24, 0xf4,
    0x16, 0x0, 0x0, 0x0, 0x6e, 0xff, 0xff, 0xff,
    0xa0,

    /* U+7D79 "絹" */
    0x0, 0x0, 0xb3, 0x0, 0x13, 0x33, 0x33, 0x33,
    0x10, 0x0, 0x7e, 0x0, 0x8, 0xff, 0xff, 0xff,
    0xf5, 0x0, 0xe, 0x60, 0x0, 0x8b, 0x0, 0x0,
    0xe, 0x50, 0x8, 0xb0, 0x8d, 0x8, 0xc1, 0x11,
    0x11, 0xf5, 0x3, 0xe1, 0x2f, 0x50, 0x8f, 0xff,
    0xff, 0xff, 0x52, 0xee, 0xef, 0xa0, 0x0, 0x0,
    0x0, 0x0, 0x0, 0x1b, 0x8b, 0xd1, 0x0, 0x55,
    0x55, 0x55, 0x55, 0x40, 0x3, 0xe2, 0x88, 0xe,
    0xed, 0xdd, 0xdd, 0xfc, 0x3, 0xe6, 0x37, 0xe0,
    0xe6, 0x0, 0x0, 0x9, 0xc1, 0xff, 0xfc, 0xae,
    0x3e, 0xfe, 0xee, 0xee, 0xfc, 0x5, 0x20, 0x0,
    0x51, 0xe8, 0x22, 0x22, 0x2a, 0xc0, 0x54, 0x45,
    0x69, 0xe, 0x60, 0x0, 0x0, 0x9c, 0xa, 0x76,
    0xa2, 0xe0, 0xef, 0xff, 0xff, 0xff, 0xc0, 0xd4,
    0x4d, 0xe, 0x3e, 0x82, 0x22, 0x22, 0xac, 0x2f,
    0x2, 0xe0, 0x31, 0xe6, 0x0, 0x3, 0x5b, 0xb1,
    0x60, 0x0, 0x0, 0xe, 0x60, 0x0, 0x6e, 0xd5,

    /* U+7D93 "經" */
    0x0, 0x0, 0x0, 0x0, 0x0, 0x0, 0x0, 0x0,
    0x0, 0x0, 0x4, 0xe1, 0x1, 0x33, 0x33, 0x33,
    0x33, 0x30, 0x0, 0xb, 0xa0, 0x8, 0xff, 0xff,
    0xff, 0xff, 0xf0, 0x0, 0x3f, 0x22, 0x0, 0x4,
    0x0, 0x41, 0x3, 0x10, 0x0, 0xc8, 0xd, 0x90,
    0x5e, 0x13, 0xf2, 0x2f, 0x30, 0x7, 0xd0, 0x6f,
    0x10, 0xd5, 0xc, 0x70, 0xb9, 0x0, 0x3f, 0xff,
    0xf6, 0x8, 0xc0, 0x7d, 0x5, 0xe0, 0x0, 0x7,
    0x4c, 0xc3, 0x5, 0xe1, 0x3f, 0x22, 0xf3, 0x0,
    0x0, 0x5e, 0x1c, 0x50, 0xab, 0x8, 0xd0, 0x6e,
    0x10, 0x3, 0xf4, 0x2a, 0xb0, 0x1f, 0x40, 0xe7,
    0xb, 0xa0, 0x1f, 0xff, 0xfd, 0xf0, 0x3, 0x0,
    0x20, 0x2, 0x20, 0x7, 0x41, 0x0, 0x93, 0xff,
    0xff, 0xff, 0xff, 0x60, 0x4, 0x44, 0x4b, 0x40,
    0x44, 0x4a, 0xd4, 0x44, 0x10, 0xa, 0x87, 0x97,
    0xa0, 0x0, 0x8, 0xc0, 0x0, 0x0, 0xd, 0x55,
    0xb3, 0xe0, 0x0, 0x8, 0xc0, 0x0, 0x0, 0x1f,
    0x24, 0xd0, 0x24, 0x44, 0x4a, 0xd4, 0x44, 0x40,
    0x3d, 0x1, 0x40, 0x2f, 0xff, 0xff, 0xff, 0xff,
    0xf2, 0x0, 0x0, 0x0, 0x0, 0x0, 0x0, 0x0,
    0x0, 0x0,

    /* U+7E3D "總" */
    0x0, 0x1, 0x0, 0x0, 0x0, 0x4, 0x20, 0x0,
    0x0, 0x0, 0xa, 0xb0, 0x0, 0x0, 0xe, 0x40,
    0x0, 0x0, 0x0, 0x1f, 0x40, 0x0, 0xbc, 0xdf,
    0xcc, 0xcc, 0x40, 0x0, 0x7d, 0x4, 0x20, 0xe6,
    0x5a, 0x65, 0x5e, 0x50, 0x0, 0xe4, 0xe, 0x50,
    0xe2, 0x3f, 0x99, 0x6d, 0x50, 0x9, 0xb0, 0x8c,
    0x0, 0xe4, 0xd4, 0x2b, 0x6d, 0x50, 0x2f, 0xff,
    0xf3, 0x0, 0xe7, 0x5b, 0x8d, 0xd, 0x50, 0x6,
    0x3c, 0xa1, 0x0, 0xe2, 0x6, 0xf9, 0xd, 0x50,
    0x0, 0x5d, 0xd, 0x30, 0xe3, 0xab, 0x2b, 0x5d,
    0x50, 0x2, 0xf3, 0x2b, 0x80, 0xe5, 0x82, 0x23,
    0x2d, 0x50, 0x1e, 0xff, 0xec, 0xd0, 0xef, 0xff,
    0xff, 0xff, 0x50, 0x8, 0x51, 0x0, 0x80, 0x0,
    0x8, 0x60, 0x0, 0x0, 0x2, 0x54, 0x3b, 0x20,
    0xa5, 0xb2, 0xe3, 0x6b, 0x0, 0x7, 0x97, 0x89,
    0x73, 0xe5, 0xc0, 0x79, 0xd, 0x50, 0xa, 0x65,
    0xa4, 0xb8, 0xa5, 0xc0, 0x0, 0x87, 0xd0, 0xe,
    0x23, 0xc0, 0x3e, 0x34, 0xe2, 0x12, 0xe3, 0xa1,
    0x1b, 0x1, 0x40, 0x1, 0x1, 0xdf, 0xff, 0xc0,
    0x0,

    /* U+7E41 "繁" */
    0x0, 0x4, 0x0, 0x0, 0x0, 0x2, 0x10, 0x0,
    0x0, 0x0, 0x6f, 0x87, 0x77, 0x73, 0xd, 0x60,
    0x0, 0x0, 0x3, 0xf8, 0x66, 0x66, 0x62, 0x4f,
    0xed, 0xdd, 0xd1, 0x1e, 0xcd, 0xdd, 0xdd, 0x90,
    0xdd, 0x22, 0x8c, 0x20, 0x1, 0x88, 0x29, 0x7,
    0x99, 0xde, 0x40, 0xd6, 0x0, 0x1, 0xa8, 0x7,
    0x58, 0x93, 0x36, 0xd6, 0xd0, 0x0, 0xb, 0xec,
    0xdc, 0xbe, 0xd9, 0x0, 0xdf, 0x40, 0x0, 0x0,
    0xd3, 0x2a, 0x1b, 0x50, 0x18, 0xed, 0xc3, 0x0,
    0x0, 0xed, 0xdd, 0xdf, 0xd8, 0xe8, 0x0, 0x8f,
    0xc2, 0x0, 0x0, 0x2, 0xad, 0x10, 0x38, 0x10,
    0x1, 0x50, 0x0, 0x4, 0xbf, 0xea, 0xab, 0xf9,
    0x30, 0x0, 0x0, 0x0, 0x3, 0x66, 0xaf, 0xd7,
    0x10, 0xac, 0x30, 0x0, 0x0, 0x36, 0xbf, 0xfb,
    0x89, 0xab, 0xcf, 0xf7, 0x0, 0x0, 0xbd, 0xbb,
    0x98, 0xaf, 0x54, 0x32, 0x2d, 0x30, 0x0, 0x1,
    0xae, 0x30, 0x4f, 0x2, 0xea, 0x40, 0x0, 0x4,
    0xbf, 0xa1, 0x12, 0x7f, 0x0, 0x17, 0xdd, 0x50,
    0x4, 0x81, 0x0, 0x8f, 0xfa, 0x0, 0x0, 0x6,
    0x40,

    /* U+7E8C "續" */
    0x0, 0x0, 0x0, 0x0, 0x0, 0x1, 0x10, 0x0,
    0x0, 0x0, 0x5, 0xc0, 0x0, 0x0, 0xa, 0xb0,
    0x0, 0x0, 0x0, 0xc, 0x70, 0x3e, 0xee, 0xef,
    0xfe, 0xee, 0xe1, 0x0, 0x3f, 0x12, 0x1, 0x33,
    0x3b, 0xc3, 0x33, 0x10, 0x0, 0xb6, 0xe, 0x64,
    0x88, 0x88, 0x88, 0x88, 0x30, 0x4, 0xd1, 0x8d,
    0x1c, 0xcc, 0xcc, 0xcc, 0xcc, 0xc0, 0x1e, 0xff,
    0xf4, 0x1f, 0x22, 0xf3, 0x2f, 0x25, 0xf0, 0x8,
    0x5c, 0xb0, 0x1f, 0x0, 0xf1, 0xf, 0x3, 0xf0,
    0x0, 0x4e, 0x1e, 0x3e, 0xee, 0xee, 0xee, 0xee,
    0xe0, 0x1, 0xe5, 0xb, 0x63, 0x55, 0x55, 0x55,
    0x55, 0x20, 0xd, 0xfd, 0xff, 0xa8, 0xc6, 0x66,
    0x66, 0x6e, 0x50, 0x7, 0x53, 0x3, 0xa8, 0xea,
    0xaa, 0xaa, 0xaf, 0x50, 0x3, 0x44, 0x3d, 0x8,
    0xc6, 0x66, 0x66, 0x6e, 0x50, 0x8, 0x98, 0x7a,
    0x58, 0xb3, 0x33, 0x33, 0x3e, 0x50, 0xa, 0x66,
    0x95, 0xa7, 0xdd, 0xdc, 0xce, 0xcd, 0x50, 0xe,
    0x34, 0xb1, 0x60, 0x5c, 0xd0, 0xc, 0xc6, 0x0,
    0x2f, 0x2, 0x70, 0x4e, 0xd7, 0x0, 0x0, 0x5c,
    0xe1, 0x2, 0x0, 0x0, 0x14, 0x0, 0x0, 0x0,
    0x0, 0x30,

    /* U+7EA2 "红" */
    0x0, 0x0, 0x0, 0x0, 0x0, 0x0, 0x0, 0x0,
    0x0, 0x0, 0x1, 0xe5, 0x0, 0x0, 0x0, 0x0,
    0x0, 0x0, 0x0, 0x8, 0xf1, 0x3, 0x66, 0x66,
    0x66, 0x66, 0x40, 0x0, 0xe, 0x80, 0x8, 0xff,
    0xff, 0xff, 0xff, 0xa0, 0x0, 0x8e, 0x10, 0x10,
    0x0, 0x9, 0xd0, 0x0, 0x0, 0x2, 0xf5, 0x6,
    0xf1, 0x0, 0x9, 0xd0, 0x0, 0x0, 0x1d, 0xc3,
    0x5f, 0x80, 0x0, 0x9, 0xd0, 0x0, 0x0, 0x6f,
    0xfe, 0xfd, 0x0, 0x0, 0x9, 0xd0, 0x0, 0x0,
    0x3, 0x8, 0xf2, 0x0, 0x0, 0x9, 0xd0, 0x0,
    0x0, 0x0, 0x5f, 0x40, 0x0, 0x0, 0x9, 0xd0,
    0x0, 0x0, 0x4, 0xf8, 0x46, 0x80, 0x0, 0x9,
    0xd0, 0x0, 0x0, 0x3f, 0xff, 0xfc, 0xa0, 0x0,
    0x9, 0xd0, 0x0, 0x0, 0x8, 0x42, 0x0, 0x0,
    0x0, 0x9, 0xd0, 0x0, 0x0, 0x0, 0x0, 0x0,
    0x10, 0x0, 0x9, 0xd0, 0x0, 0x0, 0x1, 0x47,
    0xbe, 0xf1, 0x11, 0x1a, 0xd1, 0x11, 0x10, 0x5f,
    0xfd, 0x96, 0x2c, 0xff, 0xff, 0xff, 0xff, 0xf1,
    0x14, 0x10, 0x0, 0x3, 0x44, 0x44, 0x44, 0x44,
    0x40,

    /* U+7EB2 "纲" */
    0x0, 0x0, 0x0, 0x0, 0x0, 0x0, 0x0, 0x0,
    0x0, 0x0, 0x8b, 0x0, 0x22, 0x22, 0x22, 0x22,
    0x20, 0x0, 0xe, 0x70, 0xe, 0xff, 0xff, 0xff,
    0xff, 0x40, 0x5, 0xf1, 0x0, 0xe5, 0x0, 0x0,
    0x40, 0xf4, 0x0, 0xd8, 0x2, 0xe, 0x51, 0x0,
    0x3f, 0xf, 0x40, 0x5e, 0x0, 0xe8, 0xe5, 0xd5,
    0x8, 0xa0, 0xf4, 0x2e, 0x95, 0xae, 0x1e, 0x55,
    0xe0, 0xd5, 0xf, 0x45, 0xfe, 0xdf, 0x50, 0xe5,
    0xc, 0xaf, 0x0, 0xf4, 0x1, 0xc, 0xa0, 0xe,
    0x50, 0x3f, 0xa0, 0xf, 0x40, 0x9, 0xd0, 0x0,
    0xe5, 0x0, 0xea, 0x0, 0xf4, 0x7, 0xf8, 0x8b,
    0x8e, 0x50, 0x5e, 0xf2, 0xf, 0x43, 0xff, 0xd9,
    0x62, 0xe5, 0xc, 0x7a, 0x90, 0xf4, 0x4, 0x0,
    0x0, 0xe, 0x55, 0xe0, 0x3f, 0x1f, 0x40, 0x0,
    0x2, 0x64, 0xe6, 0xe6, 0x0, 0x92, 0xf4, 0x28,
    0xbf, 0xfc, 0x5e, 0x79, 0x0, 0x0, 0xf, 0x43,
    0xb8, 0x40, 0x0, 0xe5, 0x0, 0x1, 0x67, 0xf3,
    0x0, 0x0, 0x0, 0xe, 0x50, 0x0, 0xc, 0xb8,
    0x0,

    /* U+7EBF "线" */
    0x0, 0x0, 0x30, 0x0, 0x0, 0x37, 0x0, 0x0,
    0x0, 0x0, 0x1, 0xf6, 0x0, 0x0, 0x6e, 0xe,
    0xa1, 0x0, 0x0, 0x8, 0xe0, 0x0, 0x0, 0x5e,
    0x1, 0x9c, 0x0, 0x0, 0xe, 0x70, 0x0, 0x0,
    0x5f, 0x0, 0x25, 0x20, 0x0, 0x7e, 0x1, 0x70,
    0x46, 0xbf, 0xef, 0xfe, 0x50, 0x1, 0xe5, 0x9,
    0xd1, 0xfd, 0xcf, 0x63, 0x0, 0x0, 0xc, 0xe9,
    0xaf, 0x40, 0x0, 0x2f, 0x20, 0x0, 0x0, 0xc,
    0xb9, 0xfa, 0x0, 0x0, 0x1f, 0x66, 0x9c, 0xd0,
    0x0, 0x8, 0xd0, 0x2, 0x7a, 0xef, 0xfc, 0x96,
    0x30, 0x0, 0x4f, 0x30, 0x5, 0xc9, 0x6d, 0x80,
    0x2, 0x60, 0x3, 0xfc, 0xad, 0xe0, 0x0, 0x9,
    0xa0, 0xd, 0xa0, 0xd, 0xfc, 0x85, 0x20, 0x0,
    0x6, 0xe1, 0xcc, 0x0, 0x2, 0x0, 0x0, 0x0,
    0x0, 0x2, 0xfe, 0xc1, 0x0, 0x0, 0x0, 0x48,
    0xd1, 0x0, 0x7, 0xfd, 0x0, 0x10, 0x7, 0xbf,
    0xfa, 0x60, 0x6, 0xee, 0xbf, 0x20, 0xb3, 0xa,
    0x94, 0x0, 0x9, 0xff, 0x80, 0xd, 0xd6, 0xf2,
    0x0, 0x0, 0x0, 0x5, 0x60, 0x0, 0x2, 0xbf,
    0xa0,

    /* U+7EC3 "练" */
    0x0, 0x0, 0x0, 0x0, 0x0, 0x10, 0x0, 0x0,
    0x0, 0x0, 0x6, 0xd0, 0x0, 0x0, 0xf6, 0x0,
    0x0, 0x0, 0x0, 0xb, 0xa0, 0x0, 0x4, 0xf2,
    0x0, 0x0, 0x0, 0x0, 0x1f, 0x40, 0x6f, 0xff,
    0xff, 0xff, 0xff, 0xe0, 0x0, 0x7d, 0x0, 0x13,
    0x3d, 0xa3, 0x33, 0x33, 0x30, 0x0, 0xe4, 0xe,
    0x40, 0x2f, 0x40, 0x0, 0x0, 0x0, 0x7, 0xd2,
    0x8e, 0x4f, 0xff, 0xff, 0xb0, 0x0, 0x0, 0xf,
    0xff, 0xf6, 0x3, 0xd9, 0x3a, 0xb0, 0x0, 0x0,
    0x5, 0x39, 0xd0, 0x2, 0xf2, 0x8, 0xb0, 0x0,
    0x0, 0x0, 0x2f, 0x30, 0xb, 0xe5, 0x5b, 0xd5,
    0x55, 0x30, 0x0, 0xb9, 0x14, 0x2d, 0xee, 0xdf,
    0xfd, 0xdd, 0x70, 0xa, 0xff, 0xfd, 0x40, 0x0,
    0x8, 0xb0, 0x0, 0x0, 0x9, 0x95, 0x10, 0x0,
    0xd7, 0x8, 0xb0, 0xa9, 0x0, 0x0, 0x1, 0x6b,
    0x47, 0xe0, 0x8, 0xb0, 0x2f, 0x40, 0x7, 0xcf,
    0xb5, 0x4f, 0x40, 0x8, 0xb0, 0x8, 0xd0, 0xa,
    0x71, 0x0, 0xb5, 0x3, 0x3b, 0xb0, 0x0, 0xc3,
    0x0, 0x0, 0x0, 0x0, 0xb, 0xfe, 0x60, 0x0,
    0x0,

    /* U+7EC6 "细" */
    0x0, 0x0, 0x0, 0x0, 0x0, 0x0, 0x0, 0x0,
    0x0, 0x0, 0xc, 0x80, 0x2, 0x22, 0x22, 0x22,
    0x22, 0x0, 0x4, 0xf3, 0x3, 0xff, 0xff, 0xff,
    0xff, 0xe0, 0x0, 0xcb, 0x0, 0x3f, 0x32, 0x7e,
    0x22, 0x7e, 0x0, 0x4f, 0x20, 0x3, 0xf0, 0x5,
    0xe0, 0x5, 0xe0, 0xd, 0x80, 0xc, 0x7f, 0x0,
    0x5e, 0x0, 0x5e, 0x9, 0xd1, 0x29, 0xe4, 0xf0,
    0x5, 0xe0, 0x5, 0xe4, 0xff, 0xff, 0xf4, 0x3f,
    0x0, 0x5e, 0x0, 0x5e, 0x7, 0x44, 0xe8, 0x3,
    0xf6, 0x69, 0xf6, 0x6a, 0xe0, 0x0, 0xc9, 0x0,
    0x3f, 0xdd, 0xef, 0xdd, 0xee, 0x0, 0xcb, 0x13,
    0x55, 0xf0, 0x5, 0xe0, 0x5, 0xe1, 0xdf, 0xff,
    0xfd, 0x7f, 0x0, 0x5e, 0x0, 0x5e, 0xb, 0x85,
    0x20, 0x3, 0xf0, 0x5, 0xe0, 0x5, 0xe0, 0x0,
    0x0, 0x0, 0x3f, 0x0, 0x5e, 0x0, 0x5e, 0x1,
    0x36, 0x9c, 0xf8, 0xf4, 0x48, 0xf4, 0x48, 0xe3,
    0xff, 0xda, 0x74, 0x4f, 0xff, 0xff, 0xff, 0xfe,
    0x3, 0x0, 0x0, 0x3, 0xf0, 0x0, 0x0, 0x5,
    0xc0,

    /* U+7ECF "经" */
    0x0, 0x0, 0x0, 0x0, 0x0, 0x0, 0x0, 0x0,
    0x0, 0x0, 0x4, 0xd1, 0x1, 0x22, 0x22, 0x22,
    0x20, 0x0, 0x0, 0xb, 0xb0, 0x9, 0xff, 0xff,
    0xff, 0xf9, 0x0, 0x0, 0x3f, 0x30, 0x0, 0x11,
    0x11, 0x1a, 0xf1, 0x0, 0x0, 0xab, 0x1, 0x0,
    0x0, 0x0, 0x8f, 0x50, 0x0, 0x4, 0xf2, 0xa,
    0xc0, 0x0, 0xa, 0xf6, 0x0, 0x0, 0x1e, 0x94,
    0x7f, 0x40, 0x4, 0xdf, 0xf9, 0x20, 0x0, 0x7f,
    0xfe, 0xfa, 0x3, 0xbf, 0xb2, 0x4c, 0xfa, 0x20,
    0x13, 0xa, 0xd0, 0x8f, 0xc4, 0x0, 0x0, 0x4d,
    0xe0, 0x0, 0x7f, 0x20, 0x3, 0x0, 0x0, 0x0,
    0x0, 0x20, 0x5, 0xf8, 0x69, 0x67, 0xff, 0xff,
    0xff, 0xff, 0x30, 0x4f, 0xff, 0xd9, 0x41, 0x44,
    0x4e, 0x94, 0x44, 0x0, 0x18, 0x30, 0x0, 0x0,
    0x0, 0xd, 0x70, 0x0, 0x0, 0x0, 0x0, 0x2,
    0x30, 0x0, 0xd, 0x70, 0x0, 0x0, 0x3, 0x6a,
    0xef, 0x80, 0x0, 0xd, 0x70, 0x0, 0x0, 0x6f,
    0xea, 0x51, 0x24, 0x44, 0x4e, 0x94, 0x44, 0x40,
    0x12, 0x0, 0x0, 0x8f, 0xff, 0xff, 0xff, 0xff,
    0xf1,

    /* U+7ED3 "结" */
    0x0, 0x2, 0xa1, 0x0, 0x0, 0x7, 0xd0, 0x0,
    0x0, 0x0, 0x9e, 0x0, 0x0, 0x0, 0x7e, 0x0,
    0x0, 0x0, 0x1f, 0x70, 0x9, 0xee, 0xef, 0xfe,
    0xee, 0xe0, 0x7, 0xe0, 0x3, 0x35, 0x55, 0xae,
    0x55, 0x55, 0x1, 0xf5, 0x8, 0xf0, 0x0, 0x7,
    0xe0, 0x0, 0x0, 0xbc, 0x24, 0xf7, 0x0, 0x0,
    0x7e, 0x0, 0x0, 0x5f, 0xff, 0xfc, 0x1, 0x66,
    0x6b, 0xe6, 0x66, 0x40, 0x63, 0x7f, 0x20, 0x2e,
    0xee, 0xee, 0xee, 0xe9, 0x0, 0x2f, 0x60, 0x0,
    0x0, 0x0, 0x0, 0x0, 0x0, 0x1e, 0x92, 0x47,
    0x13, 0x44, 0x44, 0x44, 0x40, 0x2e, 0xff, 0xfe,
    0xb2, 0xbf, 0xff, 0xff, 0xff, 0x30, 0xb7, 0x41,
    0x0, 0xb, 0x90, 0x0, 0x2, 0xf3, 0x0, 0x0,
    0x0, 0x0, 0xb9, 0x0, 0x0, 0x2f, 0x30, 0x1,
    0x47, 0xad, 0x3b, 0x90, 0x0, 0x2, 0xf3, 0x3e,
    0xff, 0xd9, 0x61, 0xbb, 0x55, 0x55, 0x7f, 0x31,
    0x84, 0x10, 0x0, 0xb, 0xfd, 0xdd, 0xdd, 0xe3,

    /* U+7EDD "绝" */
    0x0, 0x0, 0x0, 0x0, 0x0, 0x10, 0x0, 0x0,
    0x0, 0x0, 0x1, 0xe4, 0x0, 0x3, 0xf4, 0x0,
    0x0, 0x0, 0x0, 0x7, 0xf1, 0x0, 0xb, 0xe3,
    0x33, 0x20, 0x0, 0x0, 0xe, 0x70, 0x0, 0x3f,
    0xff, 0xff, 0xd0, 0x0, 0x0, 0x6e, 0x0, 0x0,
    0xdb, 0x0, 0xd, 0x50, 0x0, 0x1, 0xe5, 0x7,
    0xdb, 0xe2, 0x0, 0x8c, 0x0, 0x0, 0xa, 0xc3,
    0x5f, 0x9f, 0xff, 0xff, 0xff, 0xff, 0x30, 0x4f,
    0xff, 0xfb, 0x1, 0xf5, 0x26, 0xe2, 0x2f, 0x30,
    0x5, 0x26, 0xf2, 0x0, 0xf3, 0x4, 0xe0, 0xf,
    0x30, 0x0, 0x2f, 0x50, 0x0, 0xf3, 0x4, 0xe0,
    0xf, 0x30, 0x0, 0xd8, 0x14, 0x72, 0xf7, 0x58,
    0xe5, 0x5f, 0x30, 0x1c, 0xfe, 0xfd, 0xa1, 0xfe,
    0xdd, 0xdd, 0xdd, 0x30, 0xc, 0x84, 0x10, 0x0,
    0xf3, 0x0, 0x0, 0x0, 0x0, 0x0, 0x0, 0x0,
    0x32, 0xf3, 0x0, 0x0, 0x0, 0x30, 0x2, 0x59,
    0xcf, 0xe4, 0xf3, 0x0, 0x0, 0x1, 0xf2, 0x3f,
    0xd9, 0x51, 0x0, 0xf8, 0x33, 0x33, 0x38, 0xf0,
    0x1, 0x0, 0x0, 0x0, 0x7e, 0xff, 0xff, 0xfe,
    0x60,

    /* U+7EE7 "继" */
    0x0, 0x0, 0x20, 0x0, 0x0, 0x0, 0x2, 0x0,
    0x0, 0x0, 0x3, 0xf3, 0x3, 0x90, 0x0, 0x3e,
    0x0, 0x0, 0x0, 0x9, 0xd0, 0x5, 0xe1, 0xc0,
    0x3e, 0x4, 0xb0, 0x0, 0xe, 0x60, 0x5, 0xe0,
    0xd3, 0x3e, 0x9, 0x80, 0x0, 0x6e, 0x0, 0x5,
    0xe0, 0x88, 0x3e, 0xe, 0x10, 0x0, 0xd7, 0x6,
    0xd5, 0xe0, 0x39, 0x3e, 0x39, 0x0, 0x7, 0xe0,
    0x1e, 0x65, 0xe1, 0x33, 0x6f, 0x33, 0x31, 0xf,
    0xff, 0xfc, 0x5, 0xe8, 0xff, 0xff, 0xff, 0xf4,
    0x5, 0x35, 0xf2, 0x5, 0xe0, 0x0, 0xef, 0x70,
    0x0, 0x0, 0x1e, 0x50, 0x5, 0xe0, 0x8, 0xdf,
    0xc5, 0x0, 0x0, 0xca, 0x46, 0x75, 0xe0, 0x3e,
    0x5e, 0x2e, 0x30, 0xc, 0xff, 0xea, 0x65, 0xe2,
    0xe6, 0x3e, 0x5, 0xe0, 0x6, 0x51, 0x0, 0x5,
    0xe4, 0x90, 0x3e, 0x0, 0x40, 0x0, 0x0, 0x2,
    0x65, 0xe0, 0x0, 0x3e, 0x0, 0x0, 0x5, 0x8b,
    0xff, 0xb5, 0xe0, 0x0, 0x15, 0x0, 0x0, 0xd,
    0xb7, 0x30, 0x5, 0xfe, 0xee, 0xee, 0xee, 0xe6,
    0x0, 0x0, 0x0, 0x1, 0x44, 0x44, 0x44, 0x44,
    0x41,

    /* U+7EED "续" */
    0x0, 0x0, 0x10, 0x0, 0x0, 0x4, 0x20, 0x0,
    0x0, 0x0, 0x2, 0xf2, 0x0, 0x0, 0xd, 0x70,
    0x0, 0x0, 0x0, 0x8, 0xd0, 0x0, 0x33, 0x3e,
    0x93, 0x33, 0x0, 0x0, 0xe, 0x50, 0x1, 0xee,
    0xef, 0xfe, 0xee, 0x0, 0x0, 0x6d, 0x2, 0x0,
    0x0, 0xd, 0x70, 0x0, 0x0, 0x0, 0xe4, 0xc,
    0x7a, 0xee, 0xef, 0xfe, 0xee, 0xa0, 0x8, 0xb1,
    0x6e, 0x3, 0x44, 0x44, 0x44, 0x4d, 0x80, 0x2f,
    0xff, 0xf6, 0x0, 0x15, 0x2, 0x80, 0xf, 0x30,
    0x7, 0x48, 0xc0, 0x0, 0x1b, 0xb6, 0xe0, 0x4d,
    0x0, 0x0, 0x1e, 0x20, 0x7, 0x90, 0x76, 0xe0,
    0x0, 0x0, 0x0, 0xc9, 0x59, 0x30, 0x9d, 0x6,
    0xd0, 0x0, 0x0, 0xa, 0xff, 0xe9, 0x34, 0x48,
    0x4a, 0xd4, 0x44, 0x40, 0xb, 0x72, 0x0, 0x2e,
    0xee, 0xef, 0xee, 0xee, 0xd0, 0x0, 0x0, 0x17,
    0x40, 0x0, 0x5f, 0x22, 0x0, 0x0, 0x1, 0x6b,
    0xfc, 0x30, 0x3, 0xf8, 0x4f, 0x70, 0x0, 0x1f,
    0xe8, 0x20, 0x0, 0x6f, 0xa0, 0x3, 0xdb, 0x0,
    0x4, 0x0, 0x0, 0x2c, 0xf7, 0x0, 0x0, 0x1c,
    0xc0, 0x0, 0x0, 0x0, 0x7, 0x10, 0x0, 0x0,
    0x0, 0x60,

    /* U+7EF4 "维" */
    0x0, 0x0, 0x0, 0x0, 0x0, 0x0, 0x0, 0x0,
    0x0, 0x0, 0x0, 0xe4, 0x0, 0x3, 0xf2, 0xa9,
    0x0, 0x0, 0x0, 0x6, 0xe0, 0x0, 0x9, 0xd0,
    0x4f, 0x20, 0x0, 0x0, 0xd, 0x80, 0x0, 0xf,
    0x60, 0xb, 0x30, 0x0, 0x0, 0x4f, 0x10, 0x30,
    0x6f, 0xff, 0xff, 0xff, 0xf2, 0x0, 0xc7, 0x6,
    0xe1, 0xee, 0x44, 0x7f, 0x44, 0x40, 0x6, 0xe2,
    0x3e, 0x6a, 0xfd, 0x0, 0x3f, 0x0, 0x0, 0xf,
    0xff, 0xfb, 0x2f, 0x9e, 0x44, 0x7f, 0x44, 0x30,
    0x4, 0x34, 0xe2, 0x3, 0x6f, 0xff, 0xff, 0xff,
    0xa0, 0x0, 0x1d, 0x50, 0x0, 0x6d, 0x0, 0x3f,
    0x0, 0x0, 0x0, 0xcb, 0x58, 0x80, 0x6d, 0x0,
    0x3f, 0x0, 0x0, 0xb, 0xff, 0xda, 0x60, 0x6f,
    0xff, 0xff, 0xff, 0xb0, 0x5, 0x51, 0x0, 0x0,
    0x6e, 0x44, 0x7f, 0x44, 0x30, 0x0, 0x0, 0x0,
    0x40, 0x6d, 0x0, 0x3f, 0x0, 0x0, 0x1, 0x58,
    0xcf, 0xf2, 0x6d, 0x11, 0x5f, 0x21, 0x10, 0xd,
    0xfb, 0x73, 0x0, 0x6f, 0xff, 0xff, 0xff, 0xf6,
    0x2, 0x0, 0x0, 0x0, 0x6e, 0x22, 0x22, 0x22,
    0x20,

    /* U+7F6E "置" */
    0x3, 0x33, 0x33, 0x33, 0x33, 0x33, 0x33, 0x30,
    0x0, 0xed, 0xbb, 0xee, 0xbb, 0xee, 0xbb, 0xcf,
    0x10, 0xe, 0x60, 0xb, 0x80, 0x8, 0xb0, 0x3,
    0xf1, 0x0, 0xed, 0xcc, 0xfe, 0xcc, 0xef, 0xcc,
    0xdf, 0x10, 0x1, 0x11, 0x11, 0x1e, 0x81, 0x11,
    0x11, 0x10, 0xb, 0xff, 0xff, 0xff, 0xff, 0xff,
    0xff, 0xff, 0x90, 0x11, 0x11, 0x11, 0x5f, 0x21,
    0x11, 0x11, 0x11, 0x0, 0x7, 0xcc, 0xcd, 0xfc,
    0xcc, 0xcc, 0x60, 0x0, 0x0, 0x9c, 0x22, 0x22,
    0x22, 0x22, 0xd8, 0x0, 0x0, 0x9, 0xfc, 0xcc,
    0xcc, 0xcc, 0xcf, 0x80, 0x0, 0x0, 0x9b, 0x0,
    0x0, 0x0, 0x0, 0xc8, 0x0, 0x0, 0x9, 0xfc,
    0xcc, 0xcc, 0xcc, 0xcf, 0x80, 0x0, 0x0, 0x9b,
    0x0, 0x0, 0x0, 0x0, 0xc8, 0x0, 0x0, 0x9,
    0xfc, 0xcc, 0xcc, 0xcc, 0xcf, 0x80, 0x0, 0x0,
    0x9b, 0x0, 0x0, 0x0, 0x0, 0xc8, 0x0, 0xf,
    0xff, 0xff, 0xff, 0xff, 0xff, 0xff, 0xff, 0xf0,

    /* U+7FA9 "義" */
    0x0, 0x0, 0x0, 0x0, 0x0, 0x0, 0x0, 0x0,
    0x0, 0x0, 0x0, 0x3d, 0x20, 0x0, 0x2, 0xe4,
    0x0, 0x0, 0x0, 0x11, 0x2d, 0xb1, 0x11, 0x1a,
    0xd2, 0x11, 0x0, 0x3, 0xff, 0xff, 0xff, 0xff,
    0xff, 0xff, 0xff, 0x30, 0x0, 0x0, 0x0, 0x0,
    0xba, 0x0, 0x0, 0x0, 0x0, 0x0, 0x4f, 0xff,
    0xff, 0xff, 0xff, 0xff, 0xf4, 0x0, 0x0, 0x0,
    0x0, 0x0, 0xba, 0x0, 0x0, 0x0, 0x0, 0xf,
    0xff, 0xff, 0xff, 0xff, 0xff, 0xff, 0xff, 0xf0,
    0x1, 0x12, 0x35, 0x7a, 0x84, 0xb2, 0x39, 0x21,
    0x10, 0x8, 0xee, 0xdf, 0xa6, 0x32, 0xf2, 0x3b,
    0xe6, 0x0, 0x0, 0x0, 0x3f, 0x10, 0x0, 0xf5,
    0x0, 0x58, 0x0, 0xf, 0xff, 0xff, 0xff, 0xff,
    0xff, 0xff, 0xff, 0xf0, 0x1, 0x11, 0x4f, 0x32,
    0x32, 0x8e, 0x23, 0xb5, 0x10, 0xb, 0xcd, 0xef,
    0xed, 0xc3, 0xe, 0xae, 0xa0, 0x0, 0x6, 0x43,
    0x4f, 0x10, 0x0, 0x4d, 0xf9, 0x0, 0xa2, 0x0,
    0x0, 0x4f, 0x12, 0x9e, 0xe8, 0x9f, 0x85, 0xf2,
    0x0, 0x8f, 0xfb, 0x3, 0xc5, 0x0, 0x5, 0xbf,
    0x90,

    /* U+7FFB "翻" */
    0x0, 0x13, 0x46, 0x9c, 0x31, 0x22, 0x21, 0x11,
    0x10, 0xce, 0xcd, 0xd7, 0x41, 0x9f, 0xfe, 0xaf,
    0xfe, 0x0, 0xc0, 0x7a, 0x1e, 0x10, 0x3, 0xe0,
    0x4, 0xe0, 0xa, 0x47, 0xa7, 0x90, 0x22, 0x3e,
    0x32, 0x3e, 0x1f, 0xff, 0xff, 0xff, 0xb6, 0x93,
    0xe5, 0xa3, 0xe0, 0x11, 0x6f, 0xf9, 0x11, 0x1e,
    0x3e, 0xe, 0x4e, 0x0, 0x3e, 0xbb, 0xbc, 0x20,
    0xb7, 0xe0, 0xa9, 0xe0, 0x6f, 0x57, 0xa0, 0x9d,
    0x2, 0x3e, 0x1, 0x4e, 0x2f, 0x50, 0x57, 0x0,
    0x10, 0x7, 0xe0, 0x7, 0xe0, 0x8f, 0xff, 0xff,
    0xf7, 0x4, 0xfe, 0x4, 0xfe, 0x7, 0xa1, 0x79,
    0x1a, 0x72, 0xe7, 0xe3, 0xe7, 0xe0, 0x7a, 0x7,
    0x90, 0x97, 0xc7, 0x3e, 0xa7, 0x3e, 0x7, 0xfe,
    0xff, 0xef, 0x73, 0x3, 0xe1, 0x3, 0xe0, 0x79,
    0x6, 0x90, 0x97, 0x0, 0x3e, 0x0, 0x3e, 0x7,
    0xfe, 0xff, 0xef, 0x70, 0x36, 0xe0, 0x37, 0xe0,
    0x7a, 0x22, 0x22, 0x86, 0xb, 0xe8, 0xd, 0xe8,

    /* U+800C "而" */
    0x2, 0x22, 0x22, 0x22, 0x22, 0x22, 0x22, 0x22,
    0x20, 0xf, 0xff, 0xff, 0xff, 0xff, 0xff, 0xff,
    0xff, 0xf1, 0x2, 0x22, 0x22, 0x24, 0xf9, 0x22,
    0x22, 0x22, 0x20, 0x0, 0x0, 0x0, 0x5, 0xf3,
    0x0, 0x0, 0x0, 0x0, 0x0, 0x33, 0x33, 0x3a,
    0xe3, 0x33, 0x33, 0x33, 0x0, 0x1, 0xff, 0xff,
    0xff, 0xff, 0xff, 0xff, 0xff, 0x20, 0x1, 0xf4,
    0x0, 0xe7, 0x0, 0x9c, 0x0, 0x3f, 0x20, 0x1,
    0xf3, 0x0, 0xd7, 0x0, 0x9c, 0x0, 0x2f, 0x20,
    0x1, 0xf3, 0x0, 0xd7, 0x0, 0x9c, 0x0, 0x2f,
    0x20, 0x1, 0xf3, 0x0, 0xd7, 0x0, 0x9c, 0x0,
    0x2f, 0x20, 0x1, 0xf3, 0x0, 0xd7, 0x0, 0x9c,
    0x0, 0x2f, 0x20, 0x1, 0xf3, 0x0, 0xd7, 0x0,
    0x9c, 0x0, 0x2f, 0x20, 0x1, 0xf3, 0x0, 0xd7,
    0x0, 0x9c, 0x0, 0x2f, 0x20, 0x1, 0xf3, 0x0,
    0xd7, 0x0, 0x9c, 0x0, 0x2f, 0x20, 0x1, 0xf3,
    0x0, 0xd7, 0x0, 0x9c, 0x35, 0x8f, 0x20, 0x1,
    0xf3, 0x0, 0xc6, 0x0, 0x7a, 0x6e, 0xd9, 0x0,

    /* U+8056 "聖" */
    0x2, 0x33, 0x33, 0x33, 0x31, 0x0, 0x0, 0x0,
    0x0, 0x9, 0xef, 0xcc, 0xce, 0xe6, 0x59, 0x99,
    0x99, 0x50, 0x0, 0x6c, 0x0, 0xa, 0x90, 0x8e,
    0x88, 0x8e, 0x80, 0x0, 0x6f, 0xee, 0xef, 0x90,
    0x8b, 0x0, 0xb, 0x80, 0x0, 0x6c, 0x0, 0x9,
    0x90, 0x8b, 0x0, 0xb, 0x80, 0x0, 0x6f, 0xff,
    0xff, 0x90, 0x8b, 0x0, 0xb, 0x80, 0x0, 0x6c,
    0x12, 0x3b, 0xb2, 0x8c, 0x44, 0x4d, 0x80, 0xe,
    0xff, 0xff, 0xde, 0xe6, 0x6c, 0xcc, 0xcc, 0x70,
    0x3, 0x21, 0x0, 0x9, 0x90, 0x0, 0x0, 0x0,
    0x0, 0x0, 0x12, 0x22, 0x25, 0x52, 0x22, 0x22,
    0x22, 0x0, 0x0, 0xbf, 0xff, 0xff, 0xff, 0xff,
    0xff, 0xff, 0x10, 0x0, 0x0, 0x0, 0x0, 0x8d,
    0x0, 0x0, 0x0, 0x0, 0x0, 0xe, 0xff, 0xff,
    0xff, 0xff, 0xff, 0xf3, 0x0, 0x0, 0x2, 0x22,
    0x22, 0x9d, 0x22, 0x22, 0x20, 0x0, 0x2, 0x22,
    0x22, 0x22, 0x9d, 0x22, 0x22, 0x22, 0x21, 0x1f,
    0xff, 0xff, 0xff, 0xff, 0xff, 0xff, 0xff, 0xf7,

    /* U+805A "聚" */
    0x2, 0x22, 0x22, 0x22, 0x21, 0x0, 0x0, 0x0,
    0x0, 0xd, 0xff, 0xdd, 0xdf, 0xe9, 0x66, 0x66,
    0x67, 0x20, 0x0, 0x8b, 0x11, 0x1d, 0x62, 0xaa,
    0xaa, 0xbf, 0x40, 0x0, 0x8e, 0xcc, 0xcf, 0x61,
    0x92, 0x0, 0xbc, 0x0, 0x0, 0x8b, 0x22, 0x2d,
    0x61, 0x8f, 0xa9, 0xe2, 0x0, 0x0, 0x8e, 0xbb,
    0xbf, 0x60, 0x2, 0xef, 0xa0, 0x0, 0x0, 0x8a,
    0x12, 0x4d, 0xb4, 0x6e, 0xd6, 0xed, 0x20, 0x2c,
    0xef, 0xed, 0xbe, 0xbb, 0xe7, 0x0, 0xa, 0x90,
    0x4, 0x32, 0x22, 0x3a, 0x87, 0x89, 0xac, 0xa0,
    0x0, 0x0, 0xaf, 0xfe, 0xdb, 0xed, 0x75, 0x31,
    0x1, 0x0, 0x0, 0x0, 0x2, 0x65, 0xad, 0x0,
    0x4, 0xdd, 0x10, 0x5, 0x8b, 0xec, 0x73, 0xaf,
    0xc5, 0xdc, 0x50, 0x0, 0x5, 0x74, 0x0, 0x59,
    0xcb, 0x9f, 0xa0, 0x0, 0x0, 0x0, 0x15, 0x9e,
    0xc6, 0xab, 0x4, 0xcf, 0x94, 0x10, 0x1c, 0xfc,
    0x72, 0x0, 0xab, 0x0, 0x2, 0x7c, 0xf3, 0x1,
    0x10, 0x0, 0x0, 0xab, 0x0, 0x0, 0x0, 0x0,

    /* U+805E "聞" */
    0x1, 0x11, 0x11, 0x10, 0x1, 0x11, 0x11, 0x10,
    0x6f, 0xdd, 0xde, 0xf0, 0x6f, 0xdd, 0xdd, 0xf6,
    0x6e, 0x0, 0x5, 0xf0, 0x6d, 0x0, 0x0, 0xe6,
    0x6f, 0xff, 0xff, 0xf0, 0x6f, 0xff, 0xff, 0xf6,
    0x6e, 0x0, 0x5, 0xf0, 0x6d, 0x0, 0x0, 0xe6,
    0x6f, 0xbb, 0xbd, 0xf0, 0x6f, 0xbb, 0xbb, 0xf6,
    0x6f, 0x22, 0x22, 0x20, 0x12, 0x22, 0x22, 0xe6,
    0x6e, 0xa, 0xdd, 0xdd, 0xdd, 0xdd, 0x30, 0xe6,
    0x6e, 0x1, 0x8c, 0x22, 0x26, 0xf2, 0x0, 0xe6,
    0x6e, 0x0, 0x6f, 0xcc, 0xcd, 0xe0, 0x0, 0xe6,
    0x6e, 0x0, 0x6c, 0x0, 0x5, 0xe0, 0x0, 0xe6,
    0x6e, 0x0, 0x6f, 0xcc, 0xcd, 0xe0, 0x0, 0xe6,
    0x6e, 0x0, 0x6c, 0x0, 0x5, 0xf5, 0x60, 0xe6,
    0x6e, 0xa, 0xdf, 0xde, 0xff, 0xfd, 0xc0, 0xe6,
    0x6e, 0x6, 0x54, 0x32, 0x15, 0xe0, 0x55, 0xf6,
    0x6e, 0x0, 0x0, 0x0, 0x2, 0x80, 0xff, 0xc1,
    0x0, 0x0, 0x0, 0x0, 0x0, 0x0, 0x0, 0x0,

    /* U+806F "聯" */
    0x4, 0x44, 0x44, 0x30, 0x29, 0x0, 0x0, 0x80,
    0x0, 0x1f, 0xff, 0xff, 0xd0, 0x97, 0x0, 0x6,
    0x90, 0x0, 0x0, 0xf0, 0xf, 0x12, 0xe1, 0x90,
    0xe, 0x28, 0x0, 0x0, 0xf0, 0xf, 0x2c, 0x67,
    0xb0, 0xab, 0x5c, 0x0, 0x0, 0xf6, 0x6f, 0x3f,
    0xff, 0x10, 0xed, 0xf4, 0x0, 0x0, 0xfc, 0xcf,
    0x10, 0xb5, 0x30, 0x6, 0xa5, 0x20, 0x0, 0xf0,
    0xf, 0x2a, 0x92, 0xd4, 0x5e, 0x39, 0xa0, 0x0,
    0xf3, 0x3f, 0x5e, 0xca, 0xba, 0xab, 0x97, 0xd1,
    0x0, 0xff, 0xff, 0x10, 0x0, 0x11, 0x29, 0x0,
    0x0, 0x0, 0xf7, 0x7f, 0x16, 0xa0, 0xe3, 0x4e,
    0xb, 0x30, 0x0, 0xf0, 0xf, 0x16, 0xa0, 0xe3,
    0x4e, 0xd, 0x40, 0x0, 0xf0, 0xf, 0x36, 0xb3,
    0xe3, 0x4f, 0x3e, 0x40, 0x16, 0xfb, 0xdf, 0xe6,
    0xff, 0xf2, 0x4f, 0xef, 0x40, 0x1e, 0xb8, 0x7f,
    0x20, 0x4, 0xd0, 0x4e, 0x9, 0x20, 0x0, 0x0,
    0xf, 0x10, 0x2d, 0x40, 0x4e, 0x0, 0x0, 0x0,
    0x0, 0xf, 0x12, 0xd5, 0x0, 0x4e, 0x0, 0x0,
    0x0, 0x0, 0x0, 0x0, 0x0, 0x0, 0x0, 0x0,
    0x0,

    /* U+8072 "聲" */
    0x0, 0x0, 0x11, 0x0, 0x0, 0x0, 0x0, 0x0,
    0x0, 0x0, 0x0, 0x9a, 0x0, 0x0, 0x57, 0x77,
    0x60, 0x0, 0xc, 0xcc, 0xee, 0xcc, 0xc0, 0xcb,
    0x9b, 0xd0, 0x0, 0x2, 0x66, 0xcd, 0x66, 0x33,
    0xf1, 0x3, 0xe3, 0x30, 0x2, 0x55, 0x55, 0x55,
    0x3e, 0x82, 0x22, 0xbb, 0x90, 0x1, 0xfc, 0xee,
    0xce, 0x66, 0xed, 0xab, 0xfb, 0x0, 0x2, 0xf0,
    0x68, 0xa, 0x60, 0x2d, 0x69, 0xd1, 0x0, 0x6,
    0xec, 0xcc, 0xcc, 0x51, 0x5b, 0xff, 0x83, 0x0,
    0xd, 0x40, 0x0, 0x0, 0xc, 0x95, 0x11, 0x6a,
    0xb0, 0xe, 0xff, 0xff, 0xff, 0xff, 0xff, 0xff,
    0xff, 0xe0, 0x0, 0x4, 0xf1, 0x0, 0x0, 0x0,
    0x1f, 0x50, 0x0, 0x0, 0x3, 0xff, 0xee, 0xee,
    0xee, 0xff, 0x40, 0x0, 0x0, 0x3, 0xf0, 0x0,
    0x0, 0x0, 0xf, 0x40, 0x0, 0x0, 0x3, 0xfe,
    0xee, 0xee, 0xee, 0xef, 0x40, 0x0, 0x0, 0x3,
    0xf1, 0x1, 0x11, 0x22, 0x3f, 0x73, 0x40, 0xe,
    0xff, 0xff, 0xff, 0xff, 0xfe, 0xef, 0xec, 0xb0,
    0x2, 0x22, 0x11, 0x0, 0x0, 0x0, 0xf, 0x40,
    0x0,

    /* U+8087 "肇" */
    0x0, 0x0, 0x22, 0x0, 0x0, 0x3, 0x0, 0x0,
    0x0, 0x0, 0x0, 0x9c, 0x0, 0x0, 0x6d, 0x0,
    0x0, 0x0, 0x0, 0xbd, 0xef, 0xed, 0x30, 0xee,
    0xdd, 0xdd, 0xc0, 0x0, 0xd6, 0x11, 0x1e, 0x4b,
    0xf5, 0x23, 0xf6, 0x20, 0x0, 0xe5, 0x0, 0xe,
    0x9e, 0x9c, 0x1a, 0xc0, 0x0, 0x0, 0xff, 0xee,
    0xee, 0x41, 0xb, 0xfe, 0x10, 0x0, 0x6, 0xe0,
    0x0, 0x0, 0x49, 0xed, 0x6d, 0xe9, 0x61, 0x1e,
    0x70, 0x0, 0x0, 0xbb, 0x50, 0x0, 0x6d, 0xf1,
    0x7, 0xc, 0xdd, 0xdd, 0xff, 0xdd, 0xde, 0xf0,
    0x10, 0x5, 0x55, 0x55, 0x55, 0xdb, 0x55, 0x58,
    0xf6, 0x50, 0x6, 0x66, 0x66, 0x66, 0xdc, 0x66,
    0x69, 0xf7, 0x60, 0x0, 0xa, 0xaa, 0xaa, 0xee,
    0xaa, 0xac, 0xf0, 0x0, 0x0, 0x2, 0x22, 0x22,
    0xca, 0x22, 0x22, 0x20, 0x0, 0x0, 0xaf, 0xff,
    0xff, 0xff, 0xff, 0xff, 0xfa, 0x0, 0x0, 0x0,
    0x0, 0x0, 0xb9, 0x0, 0x0, 0x0, 0x0, 0xd,
    0xee, 0xee, 0xee, 0xff, 0xee, 0xee, 0xee, 0xd0,
    0x0, 0x0, 0x0, 0x0, 0xb9, 0x0, 0x0, 0x0,
    0x0,

    /* U+80E4 "胤" */
    0x0, 0x0, 0x0, 0x0, 0x10, 0x0, 0x0, 0x0,
    0x0, 0x0, 0x29, 0x0, 0x4, 0xf1, 0x0, 0x2,
    0x90, 0x0, 0x0, 0x4f, 0x0, 0x2e, 0x40, 0x59,
    0x4, 0xf0, 0x0, 0x0, 0x4f, 0x2, 0xd7, 0x15,
    0xf5, 0x4, 0xf0, 0x0, 0x0, 0x4f, 0xe, 0xff,
    0xff, 0x60, 0x4, 0xf0, 0x0, 0x0, 0x4f, 0x3,
    0x25, 0xe5, 0x5c, 0x4, 0xf0, 0x0, 0x0, 0x4f,
    0x0, 0x8e, 0x30, 0x2e, 0x74, 0xf0, 0x0, 0x0,
    0x5f, 0xc, 0xff, 0xfe, 0xdb, 0xf6, 0xf0, 0x0,
    0x0, 0x5f, 0x5, 0x42, 0x0, 0x0, 0x98, 0xf0,
    0x0, 0x0, 0x6f, 0x4, 0xee, 0xee, 0xee, 0x34,
    0xf0, 0x0, 0x0, 0x7e, 0x4, 0xe0, 0x0, 0xf,
    0x44, 0xf0, 0x0, 0x0, 0x8c, 0x4, 0xfd, 0xdd,
    0xdf, 0x44, 0xf0, 0x0, 0x0, 0xaa, 0x4, 0xe0,
    0x0, 0xf, 0x44, 0xf0, 0x0, 0x0, 0xe7, 0x4,
    0xf3, 0x33, 0x3f, 0x44, 0xf0, 0x91, 0x3, 0xf2,
    0x4, 0xfb, 0xbb, 0xbf, 0x44, 0xf0, 0xc4, 0xb,
    0xc0, 0x4, 0xe0, 0x0, 0xf, 0x44, 0xf4, 0xe3,
    0xd, 0x40, 0x4, 0xe0, 0xb, 0xfd, 0x11, 0xdf,
    0xc0, 0x0, 0x0, 0x0, 0x10, 0x0, 0x0, 0x0,
    0x0, 0x0,

    /* U+80FD "能" */
    0x0, 0x7b, 0x0, 0x0, 0x1e, 0x30, 0x0, 0x0,
    0x0, 0x1e, 0x72, 0xb1, 0x1, 0xf3, 0x0, 0x25,
    0x0, 0x9, 0xd0, 0xc, 0xa0, 0x1f, 0x45, 0xbf,
    0xc1, 0x6, 0xf5, 0x34, 0x8f, 0x41, 0xff, 0xd8,
    0x20, 0x0, 0xcf, 0xfe, 0xdb, 0xdb, 0x1f, 0x50,
    0x0, 0x1, 0x1, 0x10, 0x0, 0x2, 0x51, 0xf3,
    0x0, 0x1, 0xf1, 0x18, 0x88, 0x88, 0x81, 0xf,
    0x94, 0x44, 0x8f, 0x3, 0xfa, 0x99, 0xaf, 0x30,
    0xbf, 0xff, 0xfe, 0x70, 0x3f, 0x10, 0x1, 0xf3,
    0x1f, 0x30, 0x0, 0x0, 0x3, 0xff, 0xff, 0xff,
    0x31, 0xf3, 0x0, 0x29, 0x0, 0x3f, 0x10, 0x2,
    0xf3, 0x1f, 0x43, 0x9f, 0xd3, 0x3, 0xf2, 0x11,
    0x3f, 0x31, 0xfe, 0xfb, 0x40, 0x0, 0x3f, 0xff,
    0xff, 0xf3, 0x1f, 0x81, 0x0, 0x0, 0x3, 0xf0,
    0x0, 0x1f, 0x31, 0xf3, 0x0, 0x0, 0xd3, 0x3f,
    0x0, 0x45, 0xf3, 0xf, 0x95, 0x55, 0x8f, 0x23,
    0xf0, 0xe, 0xeb, 0x0, 0x7c, 0xdd, 0xdd, 0x80,

    /* U+811A "脚" */
    0x0, 0x0, 0x0, 0x0, 0x0, 0x0, 0x0, 0x0,
    0x0, 0x17, 0x77, 0x70, 0x2, 0xf0, 0x0, 0x11,
    0x11, 0x3, 0xfc, 0xcf, 0x0, 0x2f, 0x0, 0x4f,
    0xff, 0xf0, 0x3d, 0x1, 0xf0, 0x14, 0xf1, 0x14,
    0xf3, 0x5f, 0x3, 0xd0, 0x1f, 0x2f, 0xff, 0xfc,
    0x4e, 0x2, 0xf0, 0x3e, 0x34, 0xf0, 0x25, 0xf2,
    0x24, 0xe0, 0x2f, 0x3, 0xff, 0xff, 0x0, 0x2f,
    0x0, 0x4e, 0x2, 0xf0, 0x3d, 0x1, 0xf0, 0x3,
    0xf0, 0x4, 0xe0, 0x2f, 0x4, 0xd0, 0x1f, 0x7f,
    0xff, 0xff, 0x6e, 0x2, 0xf0, 0x4d, 0x1, 0xf2,
    0x3b, 0xa3, 0x34, 0xe0, 0x2f, 0x5, 0xff, 0xff,
    0x0, 0xe4, 0x30, 0x4e, 0x2, 0xf0, 0x5d, 0x45,
    0xf0, 0x2f, 0xd, 0x24, 0xe0, 0x2f, 0x6, 0xa0,
    0x1f, 0x7, 0xa0, 0x88, 0x4e, 0x3, 0xf0, 0x88,
    0x1, 0xf0, 0xd6, 0x39, 0xd4, 0xe8, 0xed, 0xb,
    0x60, 0x1f, 0x5f, 0xfc, 0xaf, 0x5e, 0x25, 0x10,
    0xf2, 0x14, 0xf0, 0x20, 0x0, 0x55, 0xe0, 0x0,
    0x2d, 0x8, 0xfa, 0x0, 0x0, 0x0, 0x4e, 0x0,
    0x0, 0x0, 0x0, 0x0, 0x0, 0x0, 0x0, 0x20,
    0x0,

    /* U+81EA "自" */
    0x0, 0x0, 0x0, 0x42, 0x0, 0x0, 0x0, 0x0,
    0x0, 0x1, 0xf7, 0x0, 0x0, 0x0, 0x0, 0x0,
    0x5, 0xf1, 0x0, 0x0, 0x0, 0xd, 0xdd, 0xde,
    0xfd, 0xdd, 0xdd, 0xd5, 0xf, 0x96, 0x66, 0x66,
    0x66, 0x67, 0xf5, 0xf, 0x40, 0x0, 0x0, 0x0,
    0x0, 0xf5, 0xf, 0x40, 0x0, 0x0, 0x0, 0x0,
    0xf5, 0xf, 0xee, 0xee, 0xee, 0xee, 0xee, 0xf5,
    0xf, 0x96, 0x66, 0x66, 0x66, 0x66, 0xf5, 0xf,
    0x40, 0x0, 0x0, 0x0, 0x0, 0xf5, 0xf, 0x40,
    0x0, 0x0, 0x0, 0x0, 0xf5, 0xf, 0xff, 0xff,
    0xff, 0xff, 0xff, 0xf5, 0xf, 0x84, 0x44, 0x44,
    0x44, 0x45, 0xf5, 0xf, 0x40, 0x0, 0x0, 0x0,
    0x0, 0xf5, 0xf, 0x40, 0x0, 0x0, 0x0, 0x0,
    0xf5, 0xf, 0xff, 0xff, 0xff, 0xff, 0xff, 0xf5,
    0xf, 0x85, 0x55, 0x55, 0x55, 0x55, 0xe5,

    /* U+81F3 "至" */
    0x1, 0x11, 0x11, 0x11, 0x11, 0x11, 0x11, 0x11,
    0x0, 0x9, 0xff, 0xff, 0xff, 0xff, 0xff, 0xff,
    0xff, 0x70, 0x1, 0x22, 0x24, 0xfa, 0x22, 0x22,
    0x22, 0x22, 0x10, 0x0, 0x0, 0x1d, 0xc0, 0x0,
    0x1d, 0x60, 0x0, 0x0, 0x0, 0x0, 0xbd, 0x10,
    0x0, 0x5, 0xf9, 0x0, 0x0, 0x0, 0xb, 0xe3,
    0x23, 0x34, 0x55, 0xaf, 0xb0, 0x0, 0x0, 0xaf,
    0xff, 0xff, 0xfe, 0xed, 0xcb, 0xeb, 0x0, 0x0,
    0x35, 0x32, 0x10, 0x22, 0x0, 0x0, 0x4d, 0x10,
    0x0, 0x0, 0x0, 0x0, 0xba, 0x0, 0x0, 0x0,
    0x0, 0x0, 0x1, 0x11, 0x11, 0xcb, 0x11, 0x11,
    0x11, 0x0, 0x0, 0x7f, 0xff, 0xff, 0xff, 0xff,
    0xff, 0xf8, 0x0, 0x0, 0x1, 0x11, 0x11, 0xcb,
    0x11, 0x11, 0x11, 0x0, 0x0, 0x0, 0x0, 0x0,
    0xba, 0x0, 0x0, 0x0, 0x0, 0x0, 0x0, 0x0,
    0x0, 0xba, 0x0, 0x0, 0x0, 0x0, 0x5, 0x55,
    0x55, 0x55, 0xcc, 0x55, 0x55, 0x55, 0x50, 0xf,
    0xff, 0xff, 0xff, 0xff, 0xff, 0xff, 0xff, 0xf0,

    /* U+8208 "興" */
    0x0, 0x2, 0x83, 0x11, 0x11, 0x11, 0x12, 0x22,
    0x0, 0x0, 0xcf, 0xc7, 0xff, 0xff, 0xff, 0x7f,
    0xff, 0x0, 0x0, 0xf4, 0x1, 0xe0, 0x0, 0xe,
    0x10, 0x3f, 0x0, 0x0, 0xe4, 0x1, 0xe9, 0xee,
    0x7e, 0x10, 0x3f, 0x0, 0x0, 0xee, 0xe6, 0xe0,
    0x0, 0xe, 0x5d, 0xde, 0x0, 0x0, 0xd6, 0x22,
    0xe5, 0xdd, 0x5e, 0x23, 0x6e, 0x0, 0x0, 0xd5,
    0x1, 0xe5, 0x55, 0x5e, 0x10, 0x4e, 0x0, 0x0,
    0xcc, 0xa6, 0xe5, 0x55, 0x5e, 0x59, 0xbd, 0x0,
    0x0, 0xca, 0x64, 0xe5, 0xcc, 0x5e, 0x47, 0xad,
    0x0, 0x0, 0xb7, 0x1, 0xe1, 0x33, 0x1e, 0x10,
    0x6c, 0x0, 0x1, 0xb8, 0x13, 0xe1, 0x11, 0x1f,
    0x31, 0x8c, 0x10, 0x2f, 0xff, 0xff, 0xff, 0xff,
    0xff, 0xff, 0xff, 0xf1, 0x2, 0x22, 0x24, 0x52,
    0x22, 0x28, 0x42, 0x22, 0x20, 0x0, 0x0, 0x7f,
    0xb0, 0x0, 0xb, 0xf9, 0x10, 0x0, 0x0, 0x5d,
    0xf6, 0x0, 0x0, 0x0, 0x3c, 0xf8, 0x0, 0xb,
    0xf8, 0x10, 0x0, 0x0, 0x0, 0x0, 0x6f, 0x70,
    0x2, 0x10, 0x0, 0x0, 0x0, 0x0, 0x0, 0x1,
    0x0,

    /* U+820D "舍" */
    0x0, 0x0, 0x0, 0x0, 0x0, 0x0, 0x0, 0x0,
    0x0, 0x0, 0x0, 0x0, 0x0, 0x7c, 0x0, 0x0,
    0x0, 0x0, 0x0, 0x0, 0x0, 0x7, 0xff, 0x60,
    0x0, 0x0, 0x0, 0x0, 0x0, 0x0, 0xae, 0x34,
    0xf9, 0x0, 0x0, 0x0, 0x0, 0x0, 0x4d, 0xc1,
    0x0, 0x2d, 0xe5, 0x0, 0x0, 0x0, 0x2a, 0xfd,
    0x55, 0x55, 0x56, 0xdf, 0xd6, 0x0, 0x1a, 0xfb,
    0x7d, 0xdd, 0xff, 0xdd, 0xd7, 0xaf, 0xe2, 0x8,
    0x40, 0x0, 0x0, 0xba, 0x0, 0x0, 0x2, 0x60,
    0x1, 0x55, 0x55, 0x55, 0xdc, 0x55, 0x55, 0x55,
    0x10, 0x2, 0xdd, 0xdd, 0xdd, 0xff, 0xdd, 0xdd,
    0xdd, 0x30, 0x0, 0x0, 0x0, 0x0, 0xba, 0x0,
    0x0, 0x0, 0x0, 0x0, 0x2, 0x44, 0x44, 0xcc,
    0x44, 0x44, 0x20, 0x0, 0x0, 0xa, 0xff, 0xff,
    0xff, 0xff, 0xff, 0xb0, 0x0, 0x0, 0xa, 0xb0,
    0x0, 0x0, 0x0, 0xb, 0xb0, 0x0, 0x0, 0xa,
    0xb0, 0x0, 0x0, 0x0, 0xb, 0xb0, 0x0, 0x0,
    0xa, 0xd6, 0x66, 0x66, 0x66, 0x6d, 0xb0, 0x0,
    0x0, 0xa, 0xfd, 0xdd, 0xdd, 0xdd, 0xdf, 0xb0,
    0x0,

    /* U+8212 "舒" */
    0x0, 0x0, 0x0, 0x0, 0x0, 0x0, 0x0, 0x0,
    0x0, 0x0, 0x1, 0xe6, 0x0, 0x2, 0x33, 0x33,
    0x33, 0x0, 0x0, 0xc, 0xfe, 0x50, 0xa, 0xff,
    0xff, 0xff, 0x20, 0x1, 0xcd, 0x16, 0xf9, 0x0,
    0x20, 0x4, 0xf5, 0x0, 0x4f, 0xd1, 0x0, 0x3e,
    0x91, 0xeb, 0x6f, 0x60, 0x0, 0x39, 0xad, 0xdd,
    0xd5, 0x20, 0x1a, 0xf8, 0x0, 0x0, 0x0, 0x34,
    0xe9, 0x41, 0x0, 0x0, 0x8f, 0x30, 0x0, 0x0,
    0x0, 0xd7, 0x0, 0x4d, 0xdd, 0xdf, 0xdd, 0xb0,
    0xd, 0xee, 0xff, 0xee, 0x86, 0x66, 0xf9, 0x6d,
    0x90, 0x3, 0x33, 0xd9, 0x33, 0x10, 0x0, 0xf4,
    0x1f, 0x30, 0x0, 0x0, 0xd7, 0x0, 0x0, 0x0,
    0xf4, 0x5c, 0x0, 0x5, 0xee, 0xff, 0xee, 0x0,
    0x0, 0xf4, 0x0, 0x0, 0x6, 0xe3, 0x33, 0x6f,
    0x0, 0x0, 0xf4, 0x0, 0x0, 0x6, 0xd0, 0x0,
    0x3f, 0x0, 0x0, 0xf4, 0x0, 0x0, 0x6, 0xd0,
    0x0, 0x3f, 0x0, 0x0, 0xf4, 0x0, 0x0, 0x6,
    0xff, 0xff, 0xff, 0x0, 0x34, 0xf4, 0x0, 0x0,
    0x6, 0xd2, 0x22, 0x49, 0x0, 0xef, 0xc1, 0x0,
    0x0,

    /* U+821F "舟" */
    0x0, 0x0, 0x0, 0x0, 0x10, 0x0, 0x0, 0x0,
    0x0, 0x0, 0x0, 0x0, 0x0, 0xf9, 0x0, 0x0,
    0x0, 0x0, 0x0, 0x0, 0x0, 0x5, 0xf2, 0x0,
    0x0, 0x0, 0x0, 0x0, 0x3, 0xff, 0xff, 0xff,
    0xff, 0xff, 0x50, 0x0, 0x0, 0x3, 0xf5, 0x44,
    0x44, 0x44, 0x4f, 0x50, 0x0, 0x0, 0x3, 0xf1,
    0xa, 0xa1, 0x0, 0xf, 0x50, 0x0, 0x0, 0x3,
    0xf1, 0x1, 0xcd, 0x10, 0xf, 0x50, 0x0, 0x0,
    0x3, 0xf1, 0x0, 0xb, 0xa0, 0xf, 0x50, 0x0,
    0x2, 0x26, 0xf4, 0x22, 0x23, 0x32, 0x3f, 0x72,
    0x20, 0xf, 0xff, 0xff, 0xff, 0xff, 0xff, 0xff,
    0xff, 0xf1, 0x1, 0x16, 0xf1, 0x11, 0x11, 0x11,
    0x1f, 0x61, 0x10, 0x0, 0x8, 0xd0, 0xc, 0xa1,
    0x0, 0xf, 0x50, 0x0, 0x0, 0xc, 0x90, 0x1,
    0xbe, 0x20, 0xf, 0x50, 0x0, 0x0, 0x2f, 0x40,
    0x0, 0xa, 0xa0, 0xf, 0x50, 0x0, 0x0, 0xbd,
    0x0, 0x0, 0x0, 0x0, 0xf, 0x50, 0x0, 0x8,
    0xf4, 0x0, 0x0, 0x0, 0x44, 0x5f, 0x50, 0x0,
    0x1d, 0x60, 0x0, 0x0, 0x0, 0x9f, 0xfb, 0x10,
    0x0, 0x0, 0x0, 0x0, 0x0, 0x0, 0x0, 0x0,
    0x0, 0x0,

    /* U+822A "航" */
    0x0, 0x0, 0x20, 0x0, 0x0, 0x1, 0x0, 0x0,
    0x0, 0x0, 0x1, 0xf4, 0x0, 0x0, 0xe, 0x70,
    0x0, 0x0, 0x0, 0x5, 0xe0, 0x0, 0x0, 0x7,
    0xe0, 0x0, 0x0, 0x0, 0xff, 0xff, 0xf4, 0x11,
    0x13, 0xd3, 0x11, 0x10, 0x0, 0xf4, 0x22, 0xe6,
    0xff, 0xff, 0xff, 0xff, 0xe0, 0x0, 0xf6, 0x90,
    0xe4, 0x11, 0x11, 0x11, 0x11, 0x10, 0x0, 0xf3,
    0xe1, 0xe4, 0x0, 0x11, 0x11, 0x10, 0x0, 0x0,
    0xf2, 0x83, 0xe4, 0x5, 0xff, 0xff, 0xf1, 0x0,
    0x12, 0xf4, 0x22, 0xe4, 0x5, 0xe2, 0x24, 0xf1,
    0x0, 0x6f, 0xff, 0xff, 0xf4, 0x5, 0xe0, 0x2,
    0xf1, 0x0, 0x0, 0xf3, 0x20, 0xe4, 0x5, 0xe0,
    0x2, 0xf1, 0x0, 0x1, 0xf3, 0xd0, 0xe4, 0x6,
    0xe0, 0x2, 0xf1, 0x0, 0x3, 0xf0, 0xa5, 0xe4,
    0x7, 0xc0, 0x2, 0xf1, 0x0, 0x4, 0xe0, 0x23,
    0xe4, 0xb, 0x90, 0x2, 0xf1, 0x30, 0x8, 0xb0,
    0x0, 0xe4, 0x1f, 0x50, 0x2, 0xf1, 0xa3, 0xe,
    0x70, 0x12, 0xf4, 0xbe, 0x0, 0x2, 0xf4, 0xc2,
    0x5f, 0x10, 0x9f, 0xd6, 0xf3, 0x0, 0x0, 0xcf,
    0xc0, 0x1, 0x0, 0x0, 0x0, 0x10, 0x0, 0x0,
    0x0, 0x0,

    /* U+8272 "色" */
    0x0, 0x0, 0x0, 0xc5, 0x0, 0x0, 0x0, 0x0,
    0x0, 0x0, 0x0, 0x8, 0xf6, 0x44, 0x45, 0x10,
    0x0, 0x0, 0x0, 0x0, 0x5f, 0xee, 0xee, 0xef,
    0x80, 0x0, 0x0, 0x0, 0x5, 0xf7, 0x0, 0x0,
    0xbb, 0x0, 0x0, 0x0, 0x0, 0x7f, 0x92, 0x22,
    0x2a, 0xe3, 0x22, 0x20, 0x0, 0x1b, 0xff, 0xff,
    0xff, 0xff, 0xff, 0xff, 0xf6, 0x0, 0xb, 0x3e,
    0x72, 0x22, 0x7e, 0x22, 0x22, 0xe6, 0x0, 0x0,
    0xe, 0x50, 0x0, 0x6e, 0x0, 0x0, 0xe6, 0x0,
    0x0, 0xe, 0x50, 0x0, 0x6e, 0x0, 0x0, 0xe6,
    0x0, 0x0, 0xe, 0xff, 0xff, 0xff, 0xff, 0xff,
    0xf6, 0x0, 0x0, 0xe, 0x95, 0x55, 0x55, 0x55,
    0x55, 0xf6, 0x0, 0x0, 0xe, 0x50, 0x0, 0x0,
    0x0, 0x0, 0x52, 0x0, 0x0, 0xe, 0x50, 0x0,
    0x0, 0x0, 0x0, 0x1, 0xc2, 0x0, 0xe, 0x60,
    0x0, 0x0, 0x0, 0x0, 0x4, 0xf1, 0x0, 0xc,
    0xc5, 0x43, 0x33, 0x33, 0x34, 0x5d, 0xc0, 0x0,
    0x2, 0xbe, 0xff, 0xff, 0xff, 0xff, 0xeb, 0x20,

    /* U+82B1 "花" */
    0x0, 0x0, 0x0, 0x10, 0x0, 0x1, 0x10, 0x0,
    0x0, 0x0, 0x0, 0x9, 0xc0, 0x0, 0xa, 0xa0,
    0x0, 0x0, 0x5, 0x55, 0x5b, 0xd5, 0x55, 0x5c,
    0xc5, 0x55, 0x40, 0xe, 0xff, 0xff, 0xff, 0xff,
    0xff, 0xff, 0xff, 0xd0, 0x0, 0x0, 0x9, 0xc0,
    0x0, 0xa, 0xa0, 0x0, 0x0, 0x0, 0x0, 0x6,
    0x60, 0x2, 0x26, 0x60, 0x0, 0x0, 0x0, 0x0,
    0x1e, 0x90, 0xa, 0xb0, 0x0, 0x0, 0x0, 0x0,
    0x0, 0xae, 0x10, 0xa, 0xb0, 0x0, 0x49, 0x0,
    0x0, 0x5, 0xf6, 0x0, 0xa, 0xb0, 0x9, 0xfc,
    0x10, 0x0, 0x3f, 0xf3, 0x0, 0xa, 0xc6, 0xee,
    0x60, 0x0, 0x4, 0xfc, 0xf3, 0x0, 0xb, 0xff,
    0x80, 0x0, 0x0, 0xa, 0xa2, 0xf3, 0x6, 0xdf,
    0xd1, 0x0, 0x0, 0x0, 0x0, 0x1, 0xf3, 0x2d,
    0x6a, 0xb0, 0x0, 0x0, 0x0, 0x0, 0x1, 0xf3,
    0x0, 0xa, 0xb0, 0x0, 0x0, 0xd2, 0x0, 0x1,
    0xf3, 0x0, 0xa, 0xc0, 0x0, 0x2, 0xf2, 0x0,
    0x1, 0xf3, 0x0, 0x9, 0xe5, 0x44, 0x49, 0xf0,
    0x0, 0x1, 0xf3, 0x0, 0x2, 0xdf, 0xff, 0xfe,
    0x60,

    /* U+82E5 "若" */
    0x0, 0x0, 0x0, 0x0, 0x0, 0x0, 0x0, 0x0,
    0x0, 0x0, 0x0, 0xd, 0x70, 0x0, 0x7, 0xd0,
    0x0, 0x0, 0x4, 0x44, 0x4e, 0xa4, 0x44, 0x4a,
    0xe4, 0x44, 0x40, 0xd, 0xff, 0xff, 0xff, 0xff,
    0xff, 0xff, 0xff, 0xe0, 0x0, 0x0, 0xd, 0x70,
    0x0, 0x7, 0xd0, 0x0, 0x0, 0x0, 0x0, 0xa,
    0x58, 0xb0, 0x5, 0x90, 0x0, 0x0, 0x0, 0x0,
    0x0, 0xe, 0x80, 0x0, 0x0, 0x0, 0x0, 0xf,
    0xff, 0xff, 0xff, 0xff, 0xff, 0xff, 0xff, 0xf0,
    0x4, 0x44, 0x45, 0xfa, 0x44, 0x44, 0x44, 0x44,
    0x40, 0x0, 0x0, 0xb, 0xe1, 0x0, 0x0, 0x0,
    0x0, 0x0, 0x0, 0x0, 0x8f, 0x94, 0x44, 0x44,
    0x44, 0x42, 0x0, 0x0, 0x6, 0xff, 0xff, 0xff,
    0xff, 0xff, 0xf7, 0x0, 0x1, 0xbf, 0xde, 0x0,
    0x0, 0x0, 0x0, 0xd7, 0x0, 0x2e, 0xe4, 0x5e,
    0x0, 0x0, 0x0, 0x0, 0xd7, 0x0, 0x6, 0x10,
    0x5e, 0x0, 0x0, 0x0, 0x0, 0xd7, 0x0, 0x0,
    0x0, 0x5f, 0xee, 0xee, 0xee, 0xee, 0xf7, 0x0,
    0x0, 0x0, 0x5f, 0x55, 0x55, 0x55, 0x55, 0xe7,
    0x0,

    /* U+82F1 "英" */
    0x0, 0x0, 0xe, 0x50, 0x0, 0x7, 0xd0, 0x0,
    0x0, 0x3, 0x44, 0x4f, 0x84, 0x44, 0x49, 0xe4,
    0x44, 0x30, 0xb, 0xff, 0xff, 0xff, 0xff, 0xff,
    0xff, 0xff, 0xa0, 0x0, 0x0, 0xe, 0x60, 0x10,
    0x7, 0xd0, 0x0, 0x0, 0x0, 0x0, 0xc, 0x50,
    0xca, 0x6, 0xb0, 0x0, 0x0, 0x0, 0x3, 0x33,
    0x33, 0xdb, 0x33, 0x33, 0x30, 0x0, 0x0, 0x1f,
    0xff, 0xff, 0xff, 0xff, 0xff, 0xf3, 0x0, 0x0,
    0x1f, 0x20, 0x0, 0xca, 0x0, 0x1, 0xf3, 0x0,
    0x0, 0x1f, 0x20, 0x0, 0xca, 0x0, 0x1, 0xf3,
    0x0, 0x0, 0x1f, 0x20, 0x0, 0xd9, 0x0, 0x1,
    0xf3, 0x0, 0xf, 0xff, 0xff, 0xff, 0xff, 0xff,
    0xff, 0xff, 0xf0, 0x4, 0x44, 0x44, 0x49, 0xff,
    0xa4, 0x44, 0x44, 0x40, 0x0, 0x0, 0x0, 0x3f,
    0x95, 0xf4, 0x0, 0x0, 0x0, 0x0, 0x0, 0x6,
    0xfb, 0x0, 0x9f, 0x70, 0x0, 0x0, 0x0, 0x27,
    0xef, 0x80, 0x0, 0x6, 0xfe, 0x72, 0x0, 0x1d,
    0xfd, 0x81, 0x0, 0x0, 0x0, 0x18, 0xef, 0xe2,
    0x4, 0x20, 0x0, 0x0, 0x0, 0x0, 0x0, 0x3,
    0x40,

    /* U+8303 "范" */
    0x0, 0x0, 0xd6, 0x0, 0x0, 0x7c, 0x0, 0x0,
    0x5, 0x55, 0x5e, 0xa5, 0x55, 0x5a, 0xe5, 0x55,
    0x50, 0xee, 0xee, 0xff, 0xee, 0xee, 0xff, 0xee,
    0xee, 0x0, 0x0, 0xe, 0x70, 0x0, 0x8, 0xd0,
    0x0, 0x0, 0x3, 0x30, 0x95, 0x0, 0x0, 0x59,
    0x0, 0x0, 0x0, 0x7f, 0xb2, 0x9, 0xff, 0xff,
    0xff, 0xfa, 0x0, 0x0, 0x2c, 0xe0, 0x9d, 0x55,
    0x55, 0x5c, 0xa0, 0x0, 0x0, 0x2, 0x9, 0xc0,
    0x0, 0x0, 0xaa, 0x0, 0xbc, 0x50, 0x0, 0x9c,
    0x0, 0x0, 0xa, 0xa0, 0x1, 0x8f, 0xc0, 0x9,
    0xc0, 0x0, 0x0, 0xba, 0x0, 0x0, 0x15, 0x10,
    0x9c, 0x0, 0x9f, 0xff, 0x70, 0x0, 0x0, 0x2e,
    0x39, 0xc0, 0x1, 0x44, 0x20, 0x0, 0x0, 0x1e,
    0xb0, 0x9c, 0x0, 0x0, 0x0, 0x7, 0x0, 0x1d,
    0xc0, 0x9, 0xc0, 0x0, 0x0, 0x2, 0xf2, 0x2d,
    0xd1, 0x0, 0x8f, 0x54, 0x44, 0x44, 0xae, 0x5,
    0xd1, 0x0, 0x1, 0xcf, 0xff, 0xff, 0xfe, 0x50,
    0x0, 0x0, 0x0, 0x0, 0x0, 0x0, 0x0, 0x0,
    0x0,

    /* U+8339 "茹" */
    0x0, 0x0, 0xd6, 0x0, 0x0, 0x7c, 0x0, 0x0,
    0x44, 0x44, 0xe9, 0x44, 0x44, 0xae, 0x44, 0x44,
    0xef, 0xff, 0xff, 0xff, 0xff, 0xff, 0xff, 0xff,
    0x0, 0x0, 0xe6, 0x0, 0x0, 0x7d, 0x0, 0x0,
    0x0, 0x1, 0xb5, 0x0, 0x0, 0x6a, 0x0, 0x0,
    0x0, 0xd, 0x70, 0x0, 0x4, 0x44, 0x44, 0x40,
    0xbd, 0xdf, 0xed, 0xda, 0xe, 0xdc, 0xcd, 0xf2,
    0x45, 0xcc, 0x55, 0xca, 0xe, 0x50, 0x2, 0xf2,
    0x0, 0xf5, 0x0, 0xd7, 0xe, 0x50, 0x2, 0xf2,
    0x6, 0xe0, 0x1, 0xf3, 0xe, 0x50, 0x2, 0xf2,
    0xd, 0xa0, 0x7, 0xd0, 0xe, 0x50, 0x2, 0xf2,
    0xa, 0xfb, 0x3e, 0x70, 0xe, 0x50, 0x2, 0xf2,
    0x0, 0x3c, 0xff, 0x10, 0xe, 0x50, 0x2, 0xf2,
    0x0, 0x7, 0xff, 0xd2, 0xe, 0x84, 0x46, 0xf2,
    0x2, 0xaf, 0x52, 0xcd, 0xe, 0xff, 0xff, 0xf2,
    0x8f, 0xa2, 0x0, 0x3, 0xe, 0x50, 0x2, 0xd2,
    0x11, 0x0, 0x0, 0x0, 0x0, 0x0, 0x0, 0x0,

    /* U+83AB "莫" */
    0x0, 0x0, 0x2, 0x10, 0x0, 0x1, 0x20, 0x0,
    0x0, 0x0, 0x0, 0xd, 0x60, 0x0, 0x7, 0xd0,
    0x0, 0x0, 0xd, 0xff, 0xff, 0xff, 0xff, 0xff,
    0xff, 0xff, 0xe0, 0x3, 0x44, 0x4e, 0x94, 0x44,
    0x49, 0xd4, 0x44, 0x30, 0x0, 0x0, 0x9, 0x40,
    0x0, 0x5, 0x90, 0x0, 0x0, 0x0, 0xe, 0xff,
    0xff, 0xff, 0xff, 0xff, 0xf1, 0x0, 0x0, 0xe,
    0x50, 0x0, 0x0, 0x0, 0x4, 0xf1, 0x0, 0x0,
    0xe, 0xdb, 0xbb, 0xbb, 0xbb, 0xbc, 0xf1, 0x0,
    0x0, 0xe, 0x83, 0x33, 0x33, 0x33, 0x36, 0xf1,
    0x0, 0x0, 0xe, 0x50, 0x0, 0x0, 0x0, 0x4,
    0xf1, 0x0, 0x0, 0xe, 0xff, 0xff, 0xff, 0xff,
    0xff, 0xf1, 0x0, 0x0, 0x0, 0x0, 0x0, 0xc9,
    0x0, 0x0, 0x0, 0x0, 0x5, 0x55, 0x55, 0x55,
    0xfa, 0x55, 0x55, 0x55, 0x50, 0xd, 0xdd, 0xdd,
    0xdf, 0xff, 0xed, 0xdd, 0xdd, 0xd0, 0x0, 0x0,
    0x0, 0x4f, 0x76, 0xf4, 0x0, 0x0, 0x0, 0x0,
    0x0, 0x4a, 0xf8, 0x0, 0x6f, 0xb4, 0x0, 0x0,
    0x1a, 0xcf, 0xfa, 0x30, 0x0, 0x2, 0x9f, 0xfc,
    0xa1, 0x8, 0x74, 0x0, 0x0, 0x0, 0x0, 0x0,
    0x47, 0x70,

    /* U+83E9 "菩" */
    0x0, 0x0, 0x32, 0x0, 0x0, 0x23, 0x0, 0x0,
    0x0, 0x0, 0xd, 0x70, 0x0, 0x8, 0xc0, 0x0,
    0x0, 0xdf, 0xff, 0xff, 0xff, 0xff, 0xff, 0xff,
    0xfe, 0x3, 0x33, 0x3d, 0x93, 0x44, 0x3a, 0xd3,
    0x33, 0x30, 0x0, 0x0, 0x84, 0xe, 0x80, 0x57,
    0x0, 0x0, 0x0, 0x33, 0x33, 0x33, 0xae, 0x33,
    0x33, 0x33, 0x0, 0xf, 0xff, 0xff, 0xff, 0xff,
    0xff, 0xff, 0xf1, 0x0, 0x0, 0x2e, 0x20, 0x0,
    0x0, 0xd6, 0x0, 0x0, 0x0, 0x0, 0xd9, 0x0,
    0x0, 0x6f, 0x10, 0x0, 0x5, 0x55, 0x5b, 0xc5,
    0x55, 0x5d, 0xb5, 0x55, 0x50, 0xdd, 0xdd, 0xdd,
    0xdd, 0xdd, 0xdd, 0xdd, 0xdd, 0x0, 0x1, 0x22,
    0x22, 0x22, 0x22, 0x22, 0x10, 0x0, 0x0, 0x9f,
    0xff, 0xff, 0xff, 0xff, 0xfb, 0x0, 0x0, 0x9,
    0xb0, 0x0, 0x0, 0x0, 0x9, 0xb0, 0x0, 0x0,
    0x9b, 0x0, 0x0, 0x0, 0x0, 0x9b, 0x0, 0x0,
    0x9, 0xc3, 0x33, 0x33, 0x33, 0x3a, 0xb0, 0x0,
    0x0, 0x9f, 0xff, 0xff, 0xff, 0xff, 0xfb, 0x0,
    0x0,

    /* U+83EF "華" */
    0x0, 0x0, 0x3, 0x10, 0x0, 0x2, 0x20, 0x0,
    0x0, 0x0, 0x0, 0xc, 0x70, 0x0, 0x9, 0xb0,
    0x0, 0x0, 0xd, 0xff, 0xff, 0xff, 0xff, 0xff,
    0xff, 0xff, 0xe0, 0x3, 0x44, 0x4d, 0xa4, 0x44,
    0x4b, 0xc4, 0x44, 0x30, 0x0, 0x0, 0x8, 0x50,
    0x0, 0x6, 0x70, 0x0, 0x0, 0x0, 0xbf, 0xff,
    0xff, 0xff, 0xff, 0xff, 0xfe, 0x0, 0x0, 0x23,
    0xd9, 0x33, 0xcb, 0x33, 0x9d, 0x32, 0x0, 0x0,
    0x0, 0xc7, 0x0, 0xb9, 0x0, 0x7c, 0x0, 0x0,
    0xf, 0xff, 0xff, 0xff, 0xff, 0xff, 0xff, 0xff,
    0xf1, 0x3, 0x33, 0xd9, 0x33, 0xcb, 0x33, 0x9d,
    0x33, 0x30, 0x0, 0x0, 0xc7, 0x0, 0xb9, 0x0,
    0x7c, 0x0, 0x0, 0x0, 0xff, 0xff, 0xff, 0xff,
    0xff, 0xff, 0xff, 0x30, 0x0, 0x33, 0x33, 0x33,
    0xcb, 0x33, 0x33, 0x33, 0x0, 0x1, 0x22, 0x22,
    0x22, 0xca, 0x22, 0x22, 0x22, 0x20, 0xd, 0xff,
    0xff, 0xff, 0xff, 0xff, 0xff, 0xff, 0xe0, 0x0,
    0x0, 0x0, 0x0, 0xba, 0x0, 0x0, 0x0, 0x0,
    0x0, 0x0, 0x0, 0x0, 0xb9, 0x0, 0x0, 0x0,
    0x0,

    /* U+840C "萌" */
    0x0, 0x0, 0xd5, 0x0, 0x0, 0x7c, 0x0, 0x0,
    0x55, 0x55, 0xf9, 0x55, 0x55, 0xae, 0x55, 0x55,
    0xcd, 0xdd, 0xfe, 0xdd, 0xdd, 0xef, 0xdd, 0xdd,
    0x0, 0x0, 0xe6, 0x0, 0x0, 0x7d, 0x0, 0x0,
    0x0, 0x0, 0x62, 0x0, 0x22, 0x68, 0x22, 0x20,
    0x3f, 0xff, 0xff, 0x60, 0xcf, 0xee, 0xef, 0xf2,
    0x3f, 0x33, 0x3e, 0x60, 0xc7, 0x0, 0x2, 0xf2,
    0x3f, 0x0, 0xd, 0x60, 0xc9, 0x33, 0x35, 0xf2,
    0x3f, 0xff, 0xff, 0x60, 0xcf, 0xee, 0xee, 0xf2,
    0x3f, 0x32, 0x2d, 0x60, 0xd7, 0x0, 0x2, 0xf2,
    0x3f, 0x0, 0xd, 0x60, 0xe6, 0x0, 0x2, 0xf2,
    0x3f, 0x43, 0x3e, 0x61, 0xfe, 0xdd, 0xdd, 0xf2,
    0x3f, 0xff, 0xff, 0x67, 0xf6, 0x66, 0x67, 0xf2,
    0x3f, 0x0, 0x0, 0x2f, 0x80, 0x0, 0x2, 0xf2,
    0x0, 0x0, 0x3, 0xed, 0x10, 0x3, 0x36, 0xf2,
    0x0, 0x0, 0x8, 0xb1, 0x0, 0x9, 0xff, 0xa0,
    0x0, 0x0, 0x0, 0x0, 0x0, 0x0, 0x0, 0x0,

    /* U+842C "萬" */
    0x0, 0x0, 0x11, 0x0, 0x0, 0x1, 0x0, 0x0,
    0x0, 0x0, 0xc9, 0x0, 0x0, 0x6e, 0x0, 0x0,
    0xaf, 0xff, 0xff, 0xff, 0xff, 0xff, 0xff, 0xfe,
    0x12, 0x22, 0xc9, 0x22, 0x22, 0x8e, 0x22, 0x22,
    0x0, 0x33, 0x76, 0x33, 0x33, 0x57, 0x33, 0x0,
    0x0, 0xcd, 0xbb, 0xbd, 0xeb, 0xbb, 0xcf, 0x0,
    0x0, 0xc8, 0x0, 0x8, 0xb0, 0x0, 0x4f, 0x0,
    0x0, 0xcf, 0xee, 0xef, 0xfe, 0xee, 0xff, 0x0,
    0x0, 0xc8, 0x0, 0x8, 0xb0, 0x0, 0x4f, 0x0,
    0x0, 0xcf, 0xff, 0xff, 0xff, 0xff, 0xff, 0x0,
    0x0, 0x0, 0x0, 0x8, 0xb0, 0x0, 0x0, 0x0,
    0xd, 0xff, 0xff, 0xff, 0xff, 0xff, 0xff, 0xf4,
    0xe, 0x83, 0x33, 0x3a, 0xc3, 0x76, 0x33, 0xf4,
    0xe, 0x60, 0x0, 0x8, 0xb0, 0x5e, 0x10, 0xf4,
    0xe, 0x65, 0xbc, 0xce, 0xff, 0xff, 0x80, 0xf4,
    0xe, 0x63, 0x76, 0x54, 0x32, 0x13, 0xc2, 0xf4,
    0xe, 0x60, 0x0, 0x0, 0x0, 0x0, 0xcf, 0xd1,
    0x0, 0x0, 0x0, 0x0, 0x0, 0x0, 0x0, 0x0,

    /* U+8457 "著" */
    0x0, 0x0, 0x3, 0x20, 0x0, 0x2, 0x30, 0x0,
    0x0, 0x0, 0x0, 0xc7, 0x0, 0x0, 0x9b, 0x0,
    0x0, 0xe, 0xff, 0xff, 0xff, 0xff, 0xff, 0xff,
    0xff, 0xd0, 0x33, 0x33, 0xd9, 0x44, 0x33, 0xbc,
    0x33, 0x33, 0x0, 0x0, 0x7, 0x4d, 0x70, 0x5,
    0x60, 0x44, 0x0, 0x2, 0x55, 0x55, 0xea, 0x55,
    0x54, 0x3f, 0x70, 0x0, 0x5d, 0xdd, 0xdf, 0xed,
    0xdd, 0xdd, 0x50, 0x0, 0x0, 0x0, 0x0, 0xd7,
    0x1, 0x9e, 0x30, 0x0, 0xe, 0xff, 0xff, 0xff,
    0xff, 0xff, 0xff, 0xff, 0xf0, 0x44, 0x44, 0x45,
    0xbf, 0xe5, 0x44, 0x44, 0x44, 0x0, 0x0, 0x29,
    0xff, 0xa2, 0x11, 0x11, 0x10, 0x0, 0x27, 0xcf,
    0xff, 0xff, 0xff, 0xff, 0xff, 0x40, 0x2f, 0xc8,
    0x9e, 0x0, 0x0, 0x0, 0x0, 0xf4, 0x0, 0x0,
    0x6, 0xfd, 0xdd, 0xdd, 0xdd, 0xef, 0x40, 0x0,
    0x0, 0x6e, 0x0, 0x0, 0x0, 0x1, 0xf4, 0x0,
    0x0, 0x6, 0xe1, 0x11, 0x11, 0x11, 0x2f, 0x40,
    0x0, 0x0, 0x6f, 0xff, 0xff, 0xff, 0xff, 0xf4,
    0x0,

    /* U+846C "葬" */
    0x0, 0x0, 0x2, 0x20, 0x0, 0x2, 0x20, 0x0,
    0x0, 0x0, 0x0, 0xb, 0x90, 0x0, 0xa, 0xa0,
    0x0, 0x0, 0xe, 0xff, 0xff, 0xff, 0xff, 0xff,
    0xff, 0xff, 0xf0, 0x2, 0x22, 0x2c, 0xb2, 0x22,
    0x2b, 0xb2, 0x22, 0x20, 0x1, 0x22, 0x24, 0x42,
    0x22, 0x25, 0x52, 0x22, 0x10, 0x8, 0xff, 0xff,
    0xff, 0xff, 0xff, 0xff, 0xff, 0xa0, 0x0, 0x1,
    0xcd, 0x10, 0x0, 0xf3, 0x0, 0x22, 0x0, 0x0,
    0x5e, 0xed, 0xde, 0xe1, 0xf6, 0x7c, 0xe8, 0x0,
    0x9, 0xd8, 0x70, 0x2d, 0x50, 0xfb, 0x73, 0x0,
    0x10, 0x0, 0x0, 0x8e, 0xe4, 0x0, 0xf4, 0x0,
    0x4, 0xe0, 0x1, 0x59, 0xe8, 0x10, 0x0, 0xcf,
    0xff, 0xff, 0x80, 0x3, 0x73, 0x9, 0xa0, 0x0,
    0xc, 0xc1, 0x11, 0x0, 0x2, 0x22, 0x2a, 0xb2,
    0x22, 0x2b, 0xb2, 0x22, 0x20, 0x2f, 0xff, 0xff,
    0xff, 0xff, 0xff, 0xff, 0xff, 0xf2, 0x0, 0x0,
    0x2f, 0x60, 0x0, 0xb, 0xa0, 0x0, 0x0, 0x0,
    0x28, 0xea, 0x0, 0x0, 0xb, 0xa0, 0x0, 0x0,
    0x5, 0xe9, 0x30, 0x0, 0x0, 0xb, 0xa0, 0x0,
    0x0,

    /* U+8477 "葷" */
    0x0, 0x0, 0x21, 0x0, 0x0, 0x21, 0x0, 0x0,
    0x0, 0x0, 0xb9, 0x0, 0x0, 0xaa, 0x0, 0x0,
    0xef, 0xff, 0xff, 0xff, 0xff, 0xff, 0xff, 0xff,
    0x22, 0x22, 0xca, 0x22, 0x22, 0xbb, 0x22, 0x22,
    0x11, 0x11, 0x44, 0x11, 0x11, 0x44, 0x11, 0x11,
    0xaf, 0xee, 0xee, 0xef, 0xfe, 0xee, 0xee, 0xfc,
    0xa8, 0x0, 0x0, 0xb, 0x90, 0x0, 0x0, 0x7c,
    0x86, 0x9e, 0xee, 0xef, 0xfe, 0xee, 0xe9, 0x69,
    0x0, 0x11, 0x11, 0x1b, 0xa1, 0x11, 0x11, 0x0,
    0x0, 0xee, 0xdd, 0xdf, 0xfd, 0xdd, 0xef, 0x0,
    0x0, 0xe5, 0x0, 0xb, 0x90, 0x0, 0x4f, 0x0,
    0x0, 0xed, 0xcc, 0xcf, 0xec, 0xcc, 0xdf, 0x0,
    0x0, 0xe5, 0x0, 0xb, 0x90, 0x0, 0x5f, 0x0,
    0x0, 0xde, 0xee, 0xef, 0xfe, 0xee, 0xee, 0x0,
    0x11, 0x11, 0x11, 0x1b, 0xa1, 0x11, 0x11, 0x11,
    0xef, 0xff, 0xff, 0xff, 0xff, 0xff, 0xff, 0xfe,
    0x0, 0x0, 0x0, 0xb, 0x90, 0x0, 0x0, 0x0,

    /* U+84C4 "蓄" */
    0x0, 0x0, 0x11, 0x0, 0x0, 0x11, 0x0, 0x0,
    0x0, 0x0, 0xb, 0x90, 0x0, 0x9, 0xb0, 0x0,
    0x0, 0xcf, 0xff, 0xff, 0xff, 0xff, 0xff, 0xff,
    0xff, 0x2, 0x33, 0x3c, 0xa3, 0x64, 0x3b, 0xc3,
    0x33, 0x30, 0x0, 0x0, 0x54, 0xd, 0xa0, 0x45,
    0x0, 0x0, 0x9, 0xee, 0xee, 0xee, 0xff, 0xee,
    0xee, 0xee, 0xd0, 0x12, 0x22, 0x8e, 0x93, 0x22,
    0x84, 0x22, 0x22, 0x0, 0xa, 0xef, 0xcb, 0xcc,
    0xed, 0x61, 0x0, 0x0, 0x0, 0x76, 0x58, 0xef,
    0xd5, 0xa, 0xd1, 0x0, 0x0, 0x1, 0x6d, 0xfb,
    0x52, 0x34, 0x5f, 0xd1, 0x0, 0xa, 0xff, 0xff,
    0xed, 0xdc, 0xbb, 0xad, 0xc0, 0x0, 0x35, 0x43,
    0x22, 0x22, 0x22, 0x22, 0x4a, 0x10, 0x4, 0xfc,
    0xcc, 0xce, 0xec, 0xcc, 0xcf, 0x60, 0x0, 0x4f,
    0x10, 0x0, 0xab, 0x0, 0x1, 0xf6, 0x0, 0x4,
    0xfd, 0xdd, 0xdf, 0xfd, 0xdd, 0xdf, 0x60, 0x0,
    0x4f, 0x0, 0x0, 0xab, 0x0, 0x0, 0xf6, 0x0,
    0x4, 0xff, 0xff, 0xff, 0xff, 0xff, 0xff, 0x60,
    0x0,

    /* U+85A9 "薩" */
    0x0, 0x0, 0x11, 0x0, 0x0, 0x11, 0x0, 0x0,
    0x1, 0x11, 0x1b, 0xa1, 0x11, 0x1a, 0xc1, 0x11,
    0x10, 0xff, 0xff, 0xff, 0xff, 0xff, 0xff, 0xff,
    0xff, 0x1, 0x11, 0x1b, 0xa1, 0x11, 0x1a, 0xc1,
    0x11, 0x10, 0x2, 0x22, 0x52, 0x0, 0x1, 0xd5,
    0x0, 0x0, 0x5, 0xff, 0xff, 0x42, 0x22, 0x3d,
    0xb2, 0x22, 0x20, 0x5d, 0x5, 0xe0, 0xdd, 0xed,
    0xdd, 0xdf, 0xda, 0x5, 0xd0, 0xa8, 0x0, 0x2f,
    0x60, 0x3, 0xf3, 0x0, 0x5d, 0xf, 0x20, 0x0,
    0x8d, 0x1, 0xd9, 0x0, 0x5, 0xd3, 0xe0, 0x1f,
    0xff, 0xff, 0xff, 0xff, 0xf0, 0x5d, 0x9, 0xa1,
    0xf1, 0x67, 0xc, 0x60, 0x0, 0x5, 0xd0, 0x1f,
    0x3f, 0xd, 0xdc, 0xfd, 0xcc, 0x60, 0x5d, 0x0,
    0xe8, 0xe6, 0xb2, 0x2d, 0x82, 0x21, 0x5, 0xd1,
    0x3f, 0x9c, 0x74, 0x11, 0xc7, 0x11, 0x0, 0x5d,
    0x6f, 0xaa, 0x90, 0x8c, 0xcf, 0xec, 0xc2, 0x5,
    0xd0, 0x2, 0xf3, 0x0, 0x0, 0xc6, 0x0, 0x0,
    0x5d, 0x0, 0x68, 0xe, 0xff, 0xff, 0xff, 0xff,
    0x10,

    /* U+85CF "藏" */
    0x0, 0x0, 0x2, 0x20, 0x0, 0x2, 0x20, 0x0,
    0x0, 0x0, 0x0, 0xa, 0xa0, 0x0, 0xb, 0x90,
    0x0, 0x0, 0xe, 0xff, 0xff, 0xff, 0xff, 0xff,
    0xff, 0xff, 0xe0, 0x2, 0x33, 0x3b, 0xc3, 0x33,
    0x3c, 0xa3, 0x95, 0x30, 0x0, 0x0, 0x4, 0x40,
    0x0, 0x5, 0xe5, 0x7e, 0x20, 0x7, 0x90, 0xdf,
    0xff, 0xff, 0xff, 0xff, 0xff, 0xf2, 0x7, 0x90,
    0xd7, 0x33, 0x33, 0x33, 0xd8, 0x33, 0x30, 0x7,
    0x90, 0xd4, 0x33, 0x33, 0x31, 0xb7, 0x2, 0x0,
    0x7, 0xeb, 0xf4, 0xdc, 0xce, 0xb5, 0xa8, 0xf,
    0x40, 0x1, 0x33, 0xe4, 0xd3, 0x3c, 0x0, 0x99,
    0x5f, 0x0, 0x0, 0x0, 0xe3, 0xde, 0xdd, 0xe8,
    0x7a, 0xac, 0x0, 0x2f, 0xfe, 0xf2, 0xd2, 0x0,
    0x78, 0x5d, 0xe6, 0x0, 0x4, 0xc0, 0xf1, 0xde,
    0xee, 0xe7, 0x2f, 0xe0, 0x0, 0x6, 0xa1, 0xf0,
    0xd2, 0x3b, 0x0, 0xf, 0x80, 0x0, 0xa, 0x55,
    0xd0, 0xd5, 0x6c, 0x32, 0x8f, 0x80, 0x71, 0x3c,
    0xb, 0x90, 0x9b, 0xbb, 0xcd, 0xea, 0xf6, 0xe2,
    0x0, 0xb, 0x30, 0x0, 0x0, 0x4c, 0x20, 0x8e,
    0xb0, 0x0, 0x0, 0x0, 0x0, 0x0, 0x0, 0x0,
    0x0, 0x0,

    /* U+8695 "蚕" */
    0x0, 0x23, 0x33, 0x33, 0x33, 0x33, 0x33, 0x32,
    0x0, 0x0, 0xaf, 0xff, 0xff, 0xff, 0xff, 0xff,
    0xfb, 0x0, 0x0, 0x0, 0x0, 0xd, 0x80, 0x0,
    0x0, 0x0, 0x0, 0x1, 0x11, 0x11, 0x6f, 0x41,
    0x11, 0x11, 0x11, 0x10, 0xf, 0xff, 0xff, 0xff,
    0xff, 0xff, 0xff, 0xff, 0xf0, 0x1, 0x11, 0x2d,
    0xc2, 0x11, 0x6f, 0x71, 0x11, 0x10, 0x0, 0x1,
    0xcd, 0x10, 0x55, 0x6, 0xf9, 0x0, 0x0, 0x0,
    0x4d, 0xd1, 0x0, 0xba, 0x0, 0x4e, 0xd6, 0x0,
    0x2c, 0xfe, 0xff, 0xff, 0xff, 0xff, 0xff, 0xdf,
    0xe1, 0x8, 0x38, 0xd3, 0x33, 0xcb, 0x33, 0x3f,
    0x61, 0x40, 0x0, 0x8, 0xc0, 0x0, 0xba, 0x0,
    0xf, 0x60, 0x0, 0x0, 0x8, 0xff, 0xff, 0xff,
    0xff, 0xff, 0x60, 0x0, 0x0, 0x1, 0x22, 0x22,
    0xcb, 0x22, 0x58, 0x10, 0x0, 0x0, 0x0, 0x0,
    0x0, 0xba, 0x0, 0x6f, 0x70, 0x0, 0x0, 0x22,
    0x33, 0x45, 0xdc, 0x78, 0x9e, 0xf8, 0x0, 0x8,
    0xff, 0xff, 0xfe, 0xdd, 0xcb, 0xa9, 0x9f, 0x60,
    0x1, 0x21, 0x10, 0x0, 0x0, 0x0, 0x0, 0x5,
    0x20,

    /* U+884C "行" */
    0x0, 0x0, 0x0, 0x0, 0x0, 0x0, 0x0, 0x0,
    0x0, 0x0, 0x0, 0x9d, 0x0, 0x0, 0x0, 0x0,
    0x0, 0x0, 0x0, 0x8, 0xf4, 0x1, 0xff, 0xff,
    0xff, 0xff, 0xb0, 0x0, 0x9f, 0x50, 0x0, 0x33,
    0x33, 0x33, 0x33, 0x20, 0xc, 0xf4, 0x1, 0x0,
    0x0, 0x0, 0x0, 0x0, 0x0, 0x9, 0x20, 0x1e,
    0x90, 0x0, 0x0, 0x0, 0x0, 0x0, 0x0, 0x0,
    0xbe, 0x11, 0x11, 0x11, 0x11, 0x11, 0x10, 0x0,
    0x8, 0xf4, 0xe, 0xff, 0xff, 0xff, 0xff, 0xf3,
    0x0, 0x9f, 0xe0, 0x3, 0x33, 0x33, 0x3e, 0x93,
    0x30, 0xa, 0xfc, 0xe0, 0x0, 0x0, 0x0, 0xd,
    0x80, 0x0, 0x2e, 0x56, 0xe0, 0x0, 0x0, 0x0,
    0xd, 0x80, 0x0, 0x0, 0x6, 0xe0, 0x0, 0x0,
    0x0, 0xd, 0x80, 0x0, 0x0, 0x6, 0xe0, 0x0,
    0x0, 0x0, 0xd, 0x80, 0x0, 0x0, 0x6, 0xe0,
    0x0, 0x0, 0x0, 0xd, 0x80, 0x0, 0x0, 0x6,
    0xe0, 0x0, 0x0, 0x0, 0xd, 0x80, 0x0, 0x0,
    0x6, 0xe0, 0x0, 0x0, 0x54, 0x4e, 0x70, 0x0,
    0x0, 0x6, 0xe0, 0x0, 0x0, 0xdf, 0xfc, 0x20,
    0x0, 0x0, 0x0, 0x10, 0x0, 0x0, 0x0, 0x0,
    0x0, 0x0,

    /* U+88C1 "裁" */
    0x0, 0x0, 0x1, 0x0, 0x0, 0x1, 0x0, 0x0,
    0x0, 0x0, 0x0, 0xd, 0x60, 0x0, 0x1f, 0x32,
    0x20, 0x0, 0x0, 0x33, 0x3e, 0x83, 0x32, 0x1f,
    0x38, 0xe3, 0x0, 0x2, 0xff, 0xff, 0xff, 0xfa,
    0x1f, 0x40, 0x9e, 0x10, 0x0, 0x0, 0xd, 0x60,
    0x0, 0xf, 0x40, 0xa, 0x30, 0x3, 0x33, 0x3e,
    0x83, 0x33, 0x3f, 0x73, 0x33, 0x30, 0xf, 0xff,
    0xff, 0xff, 0xff, 0xff, 0xff, 0xff, 0xf1, 0x0,
    0x0, 0x8, 0x30, 0x0, 0xd, 0x70, 0x0, 0x0,
    0x0, 0x0, 0x9, 0xc0, 0x0, 0xb, 0x80, 0x2e,
    0x20, 0x9, 0xff, 0xff, 0xff, 0xff, 0x5a, 0xa0,
    0xbc, 0x0, 0x1, 0x23, 0xdc, 0x22, 0x33, 0x7,
    0xd3, 0xf4, 0x0, 0x0, 0x1c, 0xd6, 0x81, 0xc9,
    0x4, 0xfc, 0xb0, 0x0, 0x7, 0xff, 0x92, 0xcf,
    0xb0, 0x1, 0xff, 0x10, 0x0, 0xa, 0x5a, 0x90,
    0x7, 0xf5, 0x6, 0xfa, 0x0, 0xb2, 0x0, 0xa,
    0xa5, 0xa2, 0x59, 0x6f, 0xcf, 0x10, 0xe2, 0x0,
    0x1f, 0xfc, 0x71, 0xa, 0xf5, 0xd, 0xc7, 0xf0,
    0x0, 0x6, 0x10, 0x0, 0x3d, 0x30, 0x2, 0xcf,
    0x70, 0x0, 0x0, 0x0, 0x0, 0x0, 0x0, 0x0,
    0x0, 0x0,

    /* U+897F "西" */
    0xef, 0xff, 0xff, 0xff, 0xff, 0xff, 0xff, 0xfd,
    0x55, 0x55, 0x5b, 0xc5, 0x5d, 0xb5, 0x55, 0x55,
    0x0, 0x0, 0x9, 0x90, 0xc, 0x80, 0x0, 0x0,
    0x0, 0x0, 0x9, 0xa0, 0xc, 0x80, 0x0, 0x0,
    0xf, 0xff, 0xff, 0xff, 0xff, 0xff, 0xff, 0xf1,
    0xf, 0x73, 0x3b, 0xa3, 0x3d, 0xa3, 0x36, 0xf1,
    0xf, 0x50, 0xd, 0x60, 0xc, 0x80, 0x3, 0xf1,
    0xf, 0x50, 0x4f, 0x10, 0xc, 0x80, 0x3, 0xf1,
    0xf, 0x52, 0xe9, 0x0, 0xb, 0xb5, 0x47, 0xf1,
    0xf, 0xaf, 0xa0, 0x0, 0x5, 0xef, 0xff, 0xf1,
    0xf, 0x65, 0x0, 0x0, 0x0, 0x0, 0x3, 0xf1,
    0xf, 0x50, 0x0, 0x0, 0x0, 0x0, 0x3, 0xf1,
    0xf, 0x50, 0x0, 0x0, 0x0, 0x0, 0x4, 0xf1,
    0xf, 0xff, 0xff, 0xff, 0xff, 0xff, 0xff, 0xf1,
    0xf, 0x83, 0x33, 0x33, 0x33, 0x33, 0x36, 0xe1,

    /* U+8981 "要" */
    0x3, 0x33, 0x33, 0x33, 0x33, 0x33, 0x33, 0x33,
    0x20, 0xb, 0xff, 0xff, 0xff, 0xff, 0xff, 0xff,
    0xff, 0xb0, 0x0, 0x0, 0x0, 0xd6, 0x0, 0xaa,
    0x0, 0x0, 0x0, 0x0, 0xbd, 0xdd, 0xfe, 0xdd,
    0xff, 0xdd, 0xdd, 0x0, 0x0, 0xd9, 0x44, 0xe9,
    0x44, 0xbb, 0x44, 0x8f, 0x0, 0x0, 0xd6, 0x0,
    0xd6, 0x0, 0xaa, 0x0, 0x5f, 0x0, 0x0, 0xd7,
    0x0, 0xd7, 0x0, 0xaa, 0x0, 0x6f, 0x0, 0x0,
    0xdf, 0xff, 0xff, 0xff, 0xff, 0xff, 0xff, 0x0,
    0x0, 0x0, 0x0, 0x5f, 0x30, 0x0, 0x0, 0x0,
    0x0, 0x3, 0x33, 0x33, 0xcd, 0x33, 0x33, 0x33,
    0x33, 0x30, 0xf, 0xff, 0xff, 0xff, 0xff, 0xff,
    0xff, 0xff, 0xf0, 0x0, 0x0, 0x3f, 0x60, 0x0,
    0x5, 0xf3, 0x0, 0x0, 0x0, 0x1, 0xed, 0x30,
    0x0, 0x4f, 0x90, 0x0, 0x0, 0x0, 0x3, 0x8c,
    0xff, 0xca, 0xf9, 0x0, 0x0, 0x0, 0x0, 0x0,
    0x3, 0x7d, 0xfd, 0xef, 0xc7, 0x30, 0x0, 0x8,
    0xce, 0xff, 0xc8, 0x30, 0x3, 0x8d, 0xfd, 0x30,
    0x4, 0x65, 0x20, 0x0, 0x0, 0x0, 0x0, 0x36,
    0x0,

    /* U+8986 "覆" */
    0x7, 0xaa, 0xaa, 0xaa, 0xaa, 0xaa, 0xaa, 0xaa,
    0x90, 0x3, 0x44, 0x44, 0xda, 0x44, 0xad, 0x44,
    0x44, 0x40, 0x0, 0xac, 0xcc, 0xfe, 0xcc, 0xef,
    0xcc, 0xcc, 0x10, 0x0, 0xd6, 0x11, 0xc8, 0x11,
    0x8c, 0x11, 0x4f, 0x10, 0x0, 0xdd, 0xcc, 0xfe,
    0xcc, 0xef, 0xcc, 0xdf, 0x10, 0x0, 0x13, 0xa3,
    0x14, 0xe3, 0x11, 0x11, 0x11, 0x0, 0x0, 0xc,
    0xb0, 0xb, 0xfe, 0xee, 0xee, 0xee, 0x80, 0x2,
    0xdc, 0x31, 0x7f, 0x65, 0x55, 0x55, 0x53, 0x0,
    0xd, 0x91, 0xee, 0xfd, 0xc7, 0x77, 0x77, 0xc9,
    0x0, 0x0, 0xc, 0xc2, 0x4a, 0xeb, 0xbb, 0xbb,
    0xe9, 0x0, 0x1, 0xcf, 0x50, 0xa, 0xa4, 0x44,
    0x44, 0xb9, 0x0, 0x1e, 0xbe, 0x50, 0x4, 0x8f,
    0xc7, 0x77, 0x74, 0x0, 0x4, 0xe, 0x50, 0x6,
    0xef, 0xdd, 0xdd, 0xd4, 0x0, 0x0, 0xe, 0x53,
    0xea, 0xab, 0x30, 0x6d, 0x80, 0x0, 0x0, 0xe,
    0x50, 0x11, 0x49, 0xff, 0xf9, 0x42, 0x0, 0x0,
    0xe, 0x52, 0xed, 0xa7, 0x41, 0x36, 0x8b, 0xd1,

    /* U+898B "見" */
    0x0, 0x3, 0x44, 0x44, 0x44, 0x44, 0x44, 0x10,
    0x0, 0x0, 0xe, 0xfe, 0xee, 0xee, 0xee, 0xef,
    0x60, 0x0, 0x0, 0xe, 0x60, 0x0, 0x0, 0x0,
    0xe, 0x60, 0x0, 0x0, 0xe, 0x83, 0x33, 0x33,
    0x33, 0x3f, 0x60, 0x0, 0x0, 0xe, 0xfe, 0xee,
    0xee, 0xee, 0xef, 0x60, 0x0, 0x0, 0xe, 0x60,
    0x0, 0x0, 0x0, 0xe, 0x60, 0x0, 0x0, 0xe,
    0x83, 0x33, 0x33, 0x33, 0x3f, 0x60, 0x0, 0x0,
    0xe, 0xfe, 0xee, 0xee, 0xee, 0xef, 0x60, 0x0,
    0x0, 0xe, 0x60, 0x0, 0x0, 0x0, 0xe, 0x60,
    0x0, 0x0, 0xe, 0x94, 0x44, 0x44, 0x44, 0x4f,
    0x60, 0x0, 0x0, 0xd, 0xff, 0xff, 0xff, 0xff,
    0xff, 0x60, 0x0, 0x0, 0x0, 0x9, 0xd0, 0x0,
    0xf4, 0x0, 0x0, 0x0, 0x0, 0x0, 0x1e, 0x80,
    0x0, 0xf4, 0x0, 0x1, 0x40, 0x0, 0x1, 0xce,
    0x10, 0x0, 0xf4, 0x0, 0x3, 0xf0, 0x4, 0x9f,
    0xd3, 0x0, 0x0, 0xf9, 0x44, 0x49, 0xd0, 0x2f,
    0xd7, 0x0, 0x0, 0x0, 0x9f, 0xff, 0xfe, 0x60,
    0x0, 0x0, 0x0, 0x0, 0x0, 0x0, 0x0, 0x0,
    0x0,

    /* U+89A9 "覩" */
    0x0, 0x0, 0x0, 0x0, 0x0, 0x0, 0x0, 0x0,
    0x0, 0x0, 0x5, 0xe0, 0x0, 0x32, 0x77, 0x77,
    0x77, 0x20, 0x1, 0x27, 0xe2, 0x25, 0xe4, 0xfc,
    0xbb, 0xbe, 0x50, 0x9, 0xff, 0xff, 0xed, 0x53,
    0xf1, 0x0, 0xb, 0x50, 0x0, 0x5, 0xe0, 0x7c,
    0x3, 0xf7, 0x66, 0x6d, 0x50, 0x0, 0x5, 0xe2,
    0xf3, 0x3, 0xfb, 0xaa, 0xae, 0x50, 0x2f, 0xff,
    0xff, 0xff, 0xf6, 0xf1, 0x0, 0xb, 0x50, 0x3,
    0x34, 0xeb, 0x33, 0x34, 0xf9, 0x88, 0x8d, 0x50,
    0x0, 0x2d, 0xb0, 0x0, 0x3, 0xf9, 0x88, 0x8d,
    0x50, 0x6, 0xff, 0xff, 0xff, 0x53, 0xf1, 0x0,
    0xb, 0x50, 0x3f, 0xdb, 0x22, 0x2e, 0x53, 0xfa,
    0xaa, 0xae, 0x50, 0x1, 0x9a, 0x0, 0xe, 0x52,
    0x8e, 0xbb, 0xf8, 0x20, 0x0, 0x9f, 0xff, 0xff,
    0x50, 0xe, 0x44, 0xd0, 0x0, 0x0, 0x9b, 0x11,
    0x1e, 0x50, 0x1f, 0x24, 0xd0, 0x0, 0x0, 0x9a,
    0x0, 0xe, 0x50, 0x9c, 0x4, 0xd0, 0xb3, 0x0,
    0x9f, 0xff, 0xff, 0x57, 0xf3, 0x4, 0xe0, 0xd3,
    0x0, 0x9b, 0x22, 0x22, 0xde, 0x40, 0x2, 0xff,
    0xe0, 0x0, 0x0, 0x0, 0x0, 0x20, 0x0, 0x0,
    0x1, 0x0,

    /* U+89C0 "觀" */
    0x0, 0x1, 0x0, 0x1, 0x0, 0x0, 0x0, 0x0,
    0x0, 0x0, 0xf, 0x20, 0x5c, 0x0, 0x36, 0x66,
    0x66, 0x10, 0x1f, 0xff, 0xff, 0xff, 0xfa, 0x8c,
    0x88, 0x8e, 0x30, 0x1, 0x1f, 0x31, 0x6d, 0x10,
    0x88, 0x0, 0xc, 0x30, 0x6, 0xbc, 0x92, 0xcc,
    0xb2, 0x8d, 0xbb, 0xbe, 0x30, 0x9, 0x62, 0xc2,
    0xb1, 0xb3, 0x89, 0x33, 0x3d, 0x30, 0x9, 0x96,
    0xc2, 0xc5, 0xc3, 0x88, 0x0, 0xc, 0x30, 0x4,
    0x7c, 0x63, 0x97, 0x71, 0x8e, 0xdd, 0xdf, 0x30,
    0x0, 0x6c, 0x7, 0xa0, 0x0, 0x88, 0x11, 0x1c,
    0x30, 0x0, 0xef, 0xff, 0xff, 0xf6, 0x88, 0x0,
    0xc, 0x30, 0xa, 0xf5, 0x5, 0xc0, 0x0, 0x8f,
    0xee, 0xef, 0x30, 0x3d, 0xdf, 0xef, 0xfe, 0xe0,
    0x7, 0xa2, 0xe0, 0x0, 0x1, 0xb5, 0x5, 0xc0,
    0x0, 0x9, 0x81, 0xe0, 0x0, 0x0, 0xbf, 0xef,
    0xfe, 0xe1, 0xc, 0x41, 0xe0, 0x0, 0x0, 0xb5,
    0x6, 0xc0, 0x0, 0x1e, 0x1, 0xe0, 0x93, 0x0,
    0xb8, 0x48, 0xd4, 0x41, 0xa7, 0x1, 0xf1, 0xb2,
    0x0, 0xbd, 0xbb, 0xbb, 0xbb, 0x90, 0x0, 0xdf,
    0xc0, 0x0, 0x0, 0x0, 0x0, 0x0, 0x0, 0x0,
    0x0, 0x0,

    /* U+89C2 "观" */
    0x0, 0x0, 0x0, 0x0, 0x67, 0x77, 0x77, 0x77,
    0x0, 0x4f, 0xff, 0xff, 0xe0, 0xed, 0xbb, 0xbb,
    0xdf, 0x0, 0x15, 0x55, 0x59, 0xe0, 0xe5, 0x0,
    0x0, 0x4f, 0x0, 0x0, 0x0, 0x9, 0xc0, 0xe5,
    0xa, 0x40, 0x4f, 0x0, 0xa, 0x20, 0xc, 0x90,
    0xe5, 0xe, 0x50, 0x4f, 0x0, 0xb, 0xc0, 0xf,
    0x60, 0xe5, 0xe, 0x50, 0x4f, 0x0, 0x1, 0xf7,
    0x4f, 0x20, 0xe5, 0xe, 0x50, 0x4f, 0x0, 0x0,
    0x6f, 0xad, 0x0, 0xe5, 0xf, 0x40, 0x4f, 0x0,
    0x0, 0xc, 0xf9, 0x0, 0xe5, 0xf, 0x20, 0x4f,
    0x0, 0x0, 0x5, 0xf7, 0x0, 0xe5, 0x3f, 0x10,
    0x4f, 0x0, 0x0, 0xc, 0xfe, 0x0, 0x42, 0x8f,
    0xf3, 0x15, 0x0, 0x0, 0x4f, 0x8f, 0x60, 0x0,
    0xd9, 0xf3, 0x0, 0x0, 0x0, 0xdc, 0xa, 0xd0,
    0x7, 0xf3, 0xf3, 0x0, 0xc1, 0xa, 0xf3, 0x3,
    0x60, 0x5f, 0x61, 0xf3, 0x0, 0xf1, 0x6f, 0x50,
    0x0, 0x7, 0xf7, 0x1, 0xf5, 0x3, 0xf0, 0x5,
    0x0, 0x0, 0x8e, 0x50, 0x0, 0xbf, 0xff, 0x70,
    0x0, 0x0, 0x0, 0x1, 0x0, 0x0, 0x0, 0x0,
    0x0,

    /* U+89D2 "角" */
    0x0, 0x0, 0x1, 0x0, 0x0, 0x0, 0x0, 0x0,
    0x0, 0x3, 0xf6, 0x0, 0x0, 0x0, 0x0, 0x0,
    0x0, 0xcf, 0xff, 0xff, 0xfe, 0x20, 0x0, 0x0,
    0x9f, 0x43, 0x33, 0x3d, 0xb0, 0x0, 0x0, 0x8f,
    0x50, 0x0, 0x9, 0xe1, 0x0, 0x0, 0x9f, 0xff,
    0xff, 0xff, 0xff, 0xff, 0xfe, 0x8f, 0xcf, 0x44,
    0x45, 0xf7, 0x44, 0x49, 0xe1, 0x46, 0xe0, 0x0,
    0x1f, 0x30, 0x0, 0x7e, 0x0, 0x6f, 0x33, 0x35,
    0xf6, 0x33, 0x39, 0xe0, 0x7, 0xff, 0xff, 0xff,
    0xff, 0xff, 0xfe, 0x0, 0x7e, 0x0, 0x1, 0xf3,
    0x0, 0x7, 0xe0, 0x8, 0xd0, 0x0, 0x1f, 0x30,
    0x0, 0x7e, 0x0, 0xbf, 0xff, 0xff, 0xff, 0xff,
    0xff, 0xe0, 0xf, 0x93, 0x33, 0x5f, 0x63, 0x33,
    0x9e, 0x5, 0xf1, 0x0, 0x1, 0xf3, 0x0, 0x7,
    0xe1, 0xea, 0x0, 0x0, 0x1f, 0x31, 0x55, 0xae,
    0x6d, 0x0, 0x0, 0x1, 0xf3, 0x1f, 0xfd, 0x60,
    0x0, 0x0, 0x0, 0x0, 0x0, 0x0, 0x0,

    /* U+8A31 "許" */
    0x0, 0x0, 0x0, 0x0, 0x0, 0x10, 0x0, 0x0,
    0x0, 0x0, 0x8, 0x60, 0x0, 0x3, 0xf3, 0x0,
    0x0, 0x0, 0x0, 0x5, 0xd0, 0x0, 0x8, 0xe0,
    0x0, 0x0, 0x0, 0x1, 0x12, 0xc2, 0x11, 0xd,
    0xd6, 0x66, 0x66, 0x60, 0x3f, 0xff, 0xff, 0xfe,
    0x4f, 0xdd, 0xfe, 0xdd, 0xd0, 0x0, 0x0, 0x0,
    0x0, 0xeb, 0x0, 0xf5, 0x0, 0x0, 0x5, 0xee,
    0xee, 0xeb, 0xf2, 0x0, 0xf5, 0x0, 0x0, 0x1,
    0x22, 0x22, 0x22, 0x50, 0x0, 0xf5, 0x0, 0x0,
    0x0, 0x11, 0x11, 0x10, 0x0, 0x0, 0xf5, 0x0,
    0x0, 0x5, 0xff, 0xff, 0xf6, 0xdd, 0xdd, 0xfe,
    0xdd, 0xd5, 0x0, 0x0, 0x0, 0x1, 0x55, 0x55,
    0xf9, 0x55, 0x52, 0x6, 0xff, 0xff, 0xf2, 0x0,
    0x0, 0xf5, 0x0, 0x0, 0x6, 0xd2, 0x23, 0xf2,
    0x0, 0x0, 0xf5, 0x0, 0x0, 0x6, 0xc0, 0x0,
    0xf2, 0x0, 0x0, 0xf5, 0x0, 0x0, 0x6, 0xc0,
    0x0, 0xf2, 0x0, 0x0, 0xf5, 0x0, 0x0, 0x6,
    0xfe, 0xee, 0xf2, 0x0, 0x0, 0xf5, 0x0, 0x0,
    0x5, 0xa2, 0x22, 0x20, 0x0, 0x0, 0xf5, 0x0,
    0x0,

    /* U+8A63 "詣" */
    0x0, 0x0, 0x0, 0x0, 0x0, 0x0, 0x0, 0x0,
    0x0, 0x0, 0xd, 0x50, 0x0, 0x5d, 0x0, 0x0,
    0x0, 0x0, 0x0, 0x8, 0xc0, 0x0, 0x6e, 0x0,
    0x4, 0xaf, 0x50, 0x1, 0x14, 0xc2, 0x11, 0x6f,
    0x7b, 0xff, 0xa5, 0x0, 0x1f, 0xff, 0xff, 0xfa,
    0x6f, 0xb7, 0x30, 0x0, 0x20, 0x0, 0x0, 0x0,
    0x0, 0x6e, 0x0, 0x0, 0x0, 0x99, 0x1, 0x99,
    0x99, 0x80, 0x6f, 0x10, 0x0, 0x0, 0xd7, 0x1,
    0x77, 0x77, 0x60, 0x2e, 0xff, 0xff, 0xff, 0xe1,
    0x0, 0x0, 0x0, 0x0, 0x0, 0x23, 0x33, 0x32,
    0x0, 0x8, 0xff, 0xff, 0xf5, 0x3, 0x33, 0x33,
    0x33, 0x30, 0x1, 0x22, 0x22, 0x20, 0x2f, 0xee,
    0xee, 0xef, 0xe0, 0x1, 0x66, 0x66, 0x60, 0x2f,
    0x10, 0x0, 0x6, 0xe0, 0x3, 0xfa, 0xab, 0xf1,
    0x2f, 0x54, 0x44, 0x49, 0xe0, 0x3, 0xf0, 0x2,
    0xf1, 0x2f, 0xcc, 0xcc, 0xce, 0xe0, 0x3, 0xf0,
    0x2, 0xf1, 0x2f, 0x10, 0x0, 0x6, 0xe0, 0x3,
    0xf4, 0x46, 0xf1, 0x2f, 0x65, 0x55, 0x59, 0xe0,
    0x3, 0xfc, 0xcc, 0xc1, 0x2f, 0xdd, 0xdd, 0xde,
    0xd0,

    /* U+8A93 "誓" */
    0x0, 0x0, 0x10, 0x0, 0x0, 0x0, 0x0, 0x0,
    0x0, 0x0, 0x0, 0xc7, 0x0, 0x0, 0x13, 0x6a,
    0xeb, 0x0, 0xb, 0xcc, 0xfe, 0xcc, 0x3e, 0xeb,
    0x96, 0x20, 0x0, 0x3, 0x33, 0xd9, 0x33, 0x1f,
    0x40, 0x0, 0x0, 0x0, 0x3, 0x45, 0xdc, 0x9a,
    0x3f, 0xff, 0xff, 0xff, 0xf1, 0xd, 0xcb, 0xeb,
    0x64, 0x5f, 0x32, 0x2c, 0x92, 0x20, 0x0, 0x0,
    0xc7, 0x3, 0xe9, 0x0, 0xc, 0x70, 0x0, 0x0,
    0x9e, 0xf4, 0xc, 0xe0, 0x0, 0xc, 0x70, 0x0,
    0x0, 0x12, 0x10, 0x2, 0xf5, 0x0, 0x5, 0x30,
    0x0, 0xd, 0xee, 0xee, 0xee, 0xff, 0xee, 0xee,
    0xee, 0xc0, 0x0, 0x0, 0x0, 0x0, 0x0, 0x0,
    0x0, 0x0, 0x0, 0x0, 0x7, 0xcc, 0xcc, 0xcc,
    0xcc, 0xcc, 0x60, 0x0, 0x0, 0x4, 0x77, 0x77,
    0x77, 0x77, 0x77, 0x30, 0x0, 0x0, 0x2, 0x44,
    0x44, 0x44, 0x44, 0x44, 0x20, 0x0, 0x0, 0xc,
    0xfd, 0xdd, 0xdd, 0xdd, 0xdf, 0x90, 0x0, 0x0,
    0xc, 0x80, 0x0, 0x0, 0x0, 0xa, 0x90, 0x0,
    0x0, 0xc, 0xed, 0xdd, 0xdd, 0xdd, 0xdf, 0x90,
    0x0,

    /* U+8AA0 "誠" */
    0x0, 0x0, 0x0, 0x0, 0x0, 0x0, 0x0, 0x0,
    0x0, 0x0, 0xb7, 0x0, 0x0, 0x0, 0x0, 0xc6,
    0x89, 0x0, 0x0, 0x5f, 0x20, 0x0, 0x0, 0x0,
    0xc6, 0x1d, 0x90, 0x11, 0x2b, 0x51, 0x0, 0x0,
    0x0, 0xb6, 0x2, 0x60, 0xaf, 0xff, 0xff, 0x3c,
    0xcc, 0xcc, 0xfe, 0xcc, 0xc0, 0x0, 0x0, 0x0,
    0xf, 0x75, 0x55, 0xca, 0x55, 0x50, 0xc, 0xee,
    0xea, 0xf, 0x30, 0x0, 0x98, 0x2, 0x0, 0x2,
    0x22, 0x21, 0xf, 0x63, 0x31, 0x89, 0xc, 0x90,
    0x1, 0x11, 0x11, 0xf, 0xff, 0xf7, 0x7a, 0x1f,
    0x40, 0xd, 0xff, 0xfa, 0xf, 0x52, 0xc6, 0x6c,
    0x7e, 0x0, 0x0, 0x0, 0x0, 0x1f, 0x10, 0xc6,
    0x4d, 0xc9, 0x0, 0xe, 0xff, 0xfa, 0x2f, 0x0,
    0xc5, 0x2f, 0xf2, 0x0, 0xe, 0x52, 0x8b, 0x3f,
    0x0, 0xd4, 0xf, 0x90, 0x0, 0xe, 0x20, 0x6b,
    0x6d, 0x12, 0xf3, 0x5f, 0x60, 0x83, 0xe, 0x20,
    0x6b, 0xa9, 0xbf, 0xc2, 0xfd, 0xc0, 0xc3, 0xe,
    0xfe, 0xfc, 0xf4, 0x0, 0x1d, 0x63, 0xfb, 0xf0,
    0xb, 0x42, 0x24, 0xb0, 0x0, 0x77, 0x0, 0x7e,
    0x70, 0x0, 0x0, 0x0, 0x0, 0x0, 0x0, 0x0,
    0x0, 0x0,

    /* U+8AA6 "誦" */
    0x0, 0x0, 0x0, 0x0, 0x0, 0x0, 0x0, 0x0,
    0x0, 0x0, 0xe4, 0x0, 0x2, 0x33, 0x33, 0x33,
    0x20, 0x0, 0x8, 0xd0, 0x0, 0xdf, 0xff, 0xff,
    0xff, 0x20, 0x0, 0x29, 0x10, 0x0, 0x23, 0x0,
    0x6f, 0x50, 0x4f, 0xff, 0xff, 0xf2, 0x7, 0xfa,
    0x9f, 0x40, 0x0, 0x0, 0x0, 0x0, 0x0, 0x2,
    0x9f, 0xa1, 0x0, 0x7, 0xee, 0xee, 0x93, 0xff,
    0xff, 0xff, 0xff, 0x60, 0x12, 0x22, 0x21, 0x3f,
    0x31, 0x5e, 0x11, 0xe6, 0x4, 0x88, 0x88, 0x53,
    0xf1, 0x4, 0xe0, 0xe, 0x60, 0x48, 0x88, 0x85,
    0x3f, 0xed, 0xef, 0xdd, 0xf6, 0x0, 0x0, 0x0,
    0x3, 0xf5, 0x47, 0xf4, 0x4f, 0x60, 0x8f, 0xff,
    0xfc, 0x3f, 0x10, 0x4e, 0x0, 0xe6, 0x8, 0xc5,
    0x5a, 0xc3, 0xf5, 0x37, 0xf3, 0x3f, 0x60, 0x8a,
    0x0, 0x6c, 0x3f, 0xff, 0xff, 0xff, 0xf6, 0x8,
    0xa0, 0x6, 0xc3, 0xf1, 0x4, 0xe0, 0xe, 0x60,
    0x8f, 0xff, 0xfc, 0x3f, 0x10, 0x4e, 0x22, 0xf6,
    0x8, 0xb2, 0x22, 0x23, 0xf1, 0x4, 0xe9, 0xfd,
    0x20, 0x0, 0x0, 0x0, 0x3, 0x0, 0x1, 0x0,
    0x0,

    /* U+8AF8 "諸" */
    0x0, 0x2c, 0x0, 0x0, 0x0, 0x3e, 0x0, 0x0,
    0x0, 0x0, 0xc, 0x90, 0x0, 0x0, 0x4f, 0x0,
    0xa, 0x80, 0x0, 0x4, 0x70, 0x2, 0xee, 0xef,
    0xee, 0x9f, 0x30, 0x4f, 0xff, 0xff, 0xf0, 0x33,
    0x7f, 0x34, 0xf8, 0x0, 0x0, 0x0, 0x0, 0x0,
    0x0, 0x4f, 0x9, 0xe0, 0x0, 0x4, 0x77, 0x77,
    0x33, 0x44, 0x7f, 0x7f, 0x84, 0x40, 0x5, 0x99,
    0x99, 0x4d, 0xff, 0xff, 0xff, 0xff, 0xf3, 0x0,
    0x11, 0x11, 0x0, 0x0, 0x7f, 0x70, 0x0, 0x0,
    0x8, 0xff, 0xff, 0x60, 0x1a, 0xfa, 0x44, 0x44,
    0x0, 0x0, 0x0, 0x0, 0x7, 0xef, 0xee, 0xee,
    0xef, 0x20, 0x6, 0xaa, 0xaa, 0x7e, 0x8f, 0x50,
    0x0, 0x2f, 0x20, 0x8, 0xb6, 0x6c, 0x70, 0xe,
    0x83, 0x33, 0x5f, 0x20, 0x8, 0x80, 0xa, 0x70,
    0xe, 0xed, 0xdd, 0xdf, 0x20, 0x8, 0x80, 0xa,
    0x70, 0xe, 0x50, 0x0, 0x2f, 0x20, 0x8, 0xc9,
    0x9d, 0x70, 0xe, 0x84, 0x44, 0x6f, 0x20, 0x7,
    0xb8, 0x88, 0x40, 0xe, 0xed, 0xdd, 0xde, 0x20,

    /* U+8B49 "證" */
    0x0, 0x0, 0x0, 0x0, 0x0, 0x0, 0x0, 0x0,
    0x0, 0x0, 0x1c, 0x10, 0x0, 0x33, 0x32, 0x38,
    0x3, 0x0, 0x0, 0xb, 0x90, 0x2, 0xdd, 0xfd,
    0x2f, 0x8d, 0x10, 0x0, 0x3, 0x81, 0x1, 0x30,
    0xc7, 0xb, 0xc0, 0x40, 0x2f, 0xff, 0xff, 0xe5,
    0xfb, 0xf1, 0x3, 0xfa, 0xc2, 0x0, 0x0, 0x0,
    0x0, 0x3f, 0x82, 0x22, 0xbe, 0x10, 0x6, 0xee,
    0xee, 0x41, 0xdb, 0xee, 0xee, 0xad, 0xc1, 0x1,
    0x22, 0x22, 0x1e, 0xd1, 0x0, 0x0, 0x3, 0xe9,
    0x0, 0x11, 0x11, 0x5, 0x39, 0x99, 0x99, 0x98,
    0x20, 0x6, 0xff, 0xff, 0x50, 0x3f, 0x99, 0x99,
    0xbe, 0x0, 0x0, 0x0, 0x0, 0x0, 0x3e, 0x0,
    0x0, 0x5e, 0x0, 0x5, 0xbb, 0xbb, 0x50, 0x3f,
    0x33, 0x33, 0x7e, 0x0, 0x7, 0xc6, 0x6c, 0x70,
    0x3e, 0xee, 0xee, 0xed, 0x0, 0x7, 0x90, 0x9,
    0x70, 0x6, 0xb0, 0x1, 0xd3, 0x0, 0x7, 0x90,
    0x9, 0x70, 0x1, 0xf4, 0x9, 0xd0, 0x0, 0x7,
    0xff, 0xff, 0x71, 0x11, 0xb6, 0x2f, 0x61, 0x10,
    0x7, 0xa2, 0x22, 0x1e, 0xff, 0xff, 0xff, 0xff,
    0xf7, 0x1, 0x20, 0x0, 0x0, 0x0, 0x0, 0x0,
    0x0, 0x0,

    /* U+8BA1 "计" */
    0x0, 0x0, 0x0, 0x0, 0x0, 0x7, 0x30, 0x0,
    0x0, 0x0, 0x4d, 0x20, 0x0, 0x0, 0xe, 0x70,
    0x0, 0x0, 0x0, 0xb, 0xe2, 0x0, 0x0, 0xe,
    0x70, 0x0, 0x0, 0x0, 0x0, 0xcd, 0x0, 0x0,
    0xe, 0x70, 0x0, 0x0, 0x0, 0x0, 0x16, 0x0,
    0x0, 0xe, 0x70, 0x0, 0x0, 0x0, 0x0, 0x0,
    0x0, 0x0, 0xe, 0x70, 0x0, 0x0, 0x17, 0x77,
    0x70, 0x12, 0x22, 0x2e, 0x92, 0x22, 0x20, 0x2d,
    0xde, 0xf0, 0x7f, 0xff, 0xff, 0xff, 0xff, 0xf1,
    0x0, 0x4, 0xf0, 0x13, 0x33, 0x3e, 0x93, 0x33,
    0x30, 0x0, 0x4, 0xf0, 0x0, 0x0, 0xe, 0x70,
    0x0, 0x0, 0x0, 0x4, 0xf0, 0x0, 0x0, 0xe,
    0x70, 0x0, 0x0, 0x0, 0x4, 0xf0, 0x0, 0x0,
    0xe, 0x70, 0x0, 0x0, 0x0, 0x4, 0xf0, 0x21,
    0x0, 0xe, 0x70, 0x0, 0x0, 0x0, 0x4, 0xf6,
    0xf5, 0x0, 0xe, 0x70, 0x0, 0x0, 0x0, 0x7,
    0xff, 0x50, 0x0, 0xe, 0x70, 0x0, 0x0, 0x0,
    0x1f, 0xc2, 0x0, 0x0, 0xe, 0x70, 0x0, 0x0,
    0x0, 0x6, 0x0, 0x0, 0x0, 0xe, 0x70, 0x0,
    0x0,

    /* U+8BB0 "记" */
    0x0, 0x37, 0x0, 0x0, 0x0, 0x0, 0x0, 0x0,
    0x0, 0x0, 0x5f, 0x80, 0x6, 0xff, 0xff, 0xff,
    0xff, 0x0, 0x0, 0x4, 0xf8, 0x2, 0x66, 0x66,
    0x66, 0x9f, 0x0, 0x0, 0x0, 0x68, 0x0, 0x0,
    0x0, 0x0, 0x4f, 0x0, 0x0, 0x0, 0x0, 0x0,
    0x0, 0x0, 0x0, 0x4f, 0x0, 0x17, 0x77, 0x70,
    0x0, 0x0, 0x0, 0x0, 0x4f, 0x0, 0x2d, 0xde,
    0xf0, 0x0, 0x0, 0x0, 0x0, 0x4f, 0x0, 0x0,
    0x4, 0xf0, 0x1, 0xff, 0xff, 0xff, 0xff, 0x0,
    0x0, 0x4, 0xf0, 0x1, 0xf8, 0x55, 0x55, 0x8f,
    0x0, 0x0, 0x4, 0xf0, 0x1, 0xf4, 0x0, 0x0,
    0x2, 0x0, 0x0, 0x4, 0xf0, 0x1, 0xf4, 0x0,
    0x0, 0x0, 0x0, 0x0, 0x4, 0xf0, 0x1, 0xf4,
    0x0, 0x0, 0x0, 0x10, 0x0, 0x4, 0xf3, 0xc3,
    0xf4, 0x0, 0x0, 0x1, 0xf3, 0x0, 0x6, 0xff,
    0xa2, 0xf4, 0x0, 0x0, 0x2, 0xf2, 0x0, 0xc,
    0xf6, 0x0, 0xfa, 0x44, 0x44, 0x4a, 0xe0, 0x0,
    0x9, 0x20, 0x0, 0x7e, 0xff, 0xff, 0xfe, 0x50,

    /* U+8BB8 "许" */
    0x0, 0x0, 0x0, 0x0, 0x0, 0x0, 0x0, 0x0,
    0x0, 0x0, 0x23, 0x0, 0x0, 0x9c, 0x0, 0x0,
    0x0, 0x0, 0x0, 0x8f, 0x30, 0x0, 0xd8, 0x0,
    0x0, 0x0, 0x0, 0x0, 0x8, 0xf3, 0x1, 0xf7,
    0x33, 0x33, 0x33, 0x10, 0x0, 0x0, 0x95, 0x6,
    0xff, 0xff, 0xff, 0xff, 0x60, 0x0, 0x0, 0x0,
    0xc, 0xa1, 0x1e, 0x81, 0x11, 0x0, 0x15, 0x55,
    0x50, 0x5f, 0x30, 0xe, 0x70, 0x0, 0x0, 0x3f,
    0xff, 0xf0, 0x79, 0x0, 0xe, 0x70, 0x0, 0x0,
    0x0, 0x5, 0xf0, 0x0, 0x0, 0xe, 0x70, 0x0,
    0x0, 0x0, 0x5, 0xf0, 0x45, 0x55, 0x5f, 0xa5,
    0x55, 0x50, 0x0, 0x5, 0xf0, 0xcf, 0xff, 0xff,
    0xff, 0xff, 0xf1, 0x0, 0x5, 0xf0, 0x0, 0x0,
    0xe, 0x70, 0x0, 0x0, 0x0, 0x5, 0xf0, 0x0,
    0x0, 0xe, 0x70, 0x0, 0x0, 0x0, 0x5, 0xf2,
    0xa0, 0x0, 0xe, 0x70, 0x0, 0x0, 0x0, 0x6,
    0xff, 0x80, 0x0, 0xe, 0x70, 0x0, 0x0, 0x0,
    0xc, 0xd3, 0x0, 0x0, 0xe, 0x70, 0x0, 0x0,
    0x0, 0x3, 0x0, 0x0, 0x0, 0xe, 0x70, 0x0,
    0x0,

    /* U+8BBE "设" */
    0x0, 0x42, 0x0, 0x0, 0x14, 0x44, 0x44, 0x10,
    0x0, 0x0, 0xae, 0x30, 0x0, 0x5f, 0xff, 0xff,
    0x50, 0x0, 0x0, 0xa, 0xe2, 0x0, 0x5e, 0x0,
    0xe, 0x50, 0x0, 0x0, 0x0, 0xa3, 0x0, 0x7d,
    0x0, 0xe, 0x50, 0x0, 0x0, 0x0, 0x0, 0x0,
    0xc9, 0x0, 0xe, 0x50, 0x0, 0x25, 0x55, 0x20,
    0x8, 0xf2, 0x0, 0xd, 0xb7, 0x60, 0x6f, 0xff,
    0x60, 0xce, 0x40, 0x0, 0x5, 0xaa, 0x80, 0x0,
    0xe, 0x60, 0x43, 0x22, 0x22, 0x22, 0x21, 0x0,
    0x0, 0xe, 0x60, 0x4f, 0xff, 0xff, 0xff, 0xfc,
    0x0, 0x0, 0xe, 0x60, 0x6, 0xe2, 0x11, 0x12,
    0xf5, 0x0, 0x0, 0xe, 0x60, 0x0, 0xd8, 0x0,
    0x9, 0xd0, 0x0, 0x0, 0xe, 0x60, 0x0, 0x4f,
    0x50, 0x5f, 0x40, 0x0, 0x0, 0xe, 0x67, 0xa0,
    0x6, 0xf9, 0xf6, 0x0, 0x0, 0x0, 0xf, 0xee,
    0x40, 0x1, 0xdf, 0xd1, 0x0, 0x0, 0x0, 0x6f,
    0xc1, 0x3, 0x9f, 0xc7, 0xef, 0x83, 0x0, 0x0,
    0x69, 0x0, 0xcf, 0xc5, 0x0, 0x7, 0xef, 0xc0,
    0x0, 0x0, 0x0, 0x32, 0x0, 0x0, 0x0, 0x3,
    0x30,

    /* U+8BC0 "诀" */
    0x0, 0x46, 0x0, 0x0, 0x0, 0x6c, 0x0, 0x0,
    0x0, 0x0, 0x5f, 0x80, 0x0, 0x0, 0x6d, 0x0,
    0x0, 0x0, 0x0, 0x4, 0xf8, 0x1, 0x11, 0x7e,
    0x11, 0x10, 0x0, 0x0, 0x0, 0x55, 0xd, 0xff,
    0xff, 0xff, 0xf9, 0x0, 0x0, 0x0, 0x0, 0x2,
    0x33, 0x8e, 0x33, 0xb9, 0x0, 0x15, 0x55, 0x50,
    0x0, 0x0, 0x6d, 0x0, 0xa9, 0x0, 0x2f, 0xff,
    0xe0, 0x0, 0x0, 0x6d, 0x0, 0xa9, 0x0, 0x0,
    0x5, 0xe0, 0x0, 0x0, 0x7d, 0x0, 0xa9, 0x0,
    0x0, 0x5, 0xe0, 0x6f, 0xff, 0xff, 0xff, 0xff,
    0xf1, 0x0, 0x5, 0xe0, 0x25, 0x55, 0xdf, 0xc5,
    0x55, 0x50, 0x0, 0x5, 0xe0, 0x0, 0x0, 0xfa,
    0xf1, 0x0, 0x0, 0x0, 0x5, 0xe0, 0x40, 0x7,
    0xf1, 0xe8, 0x0, 0x0, 0x0, 0x5, 0xe7, 0xf2,
    0x1f, 0x80, 0x6f, 0x20, 0x0, 0x0, 0x7, 0xfe,
    0x31, 0xdd, 0x0, 0xc, 0xe2, 0x0, 0x0, 0x1d,
    0xc1, 0x4e, 0xd1, 0x0, 0x1, 0xde, 0x50, 0x0,
    0x9, 0x2, 0xfa, 0x10, 0x0, 0x0, 0x1b, 0xf2,
    0x0, 0x0, 0x0, 0x20, 0x0, 0x0, 0x0, 0x0,
    0x20,

    /* U+8BDA "诚" */
    0x0, 0x0, 0x0, 0x0, 0x0, 0x0, 0x0, 0x0,
    0x0, 0x0, 0x70, 0x0, 0x0, 0x0, 0x4, 0xf0,
    0xb3, 0x0, 0x1, 0xdc, 0x10, 0x0, 0x0, 0x4,
    0xf0, 0x4f, 0x30, 0x0, 0x1d, 0xd1, 0x1, 0x11,
    0x14, 0xf1, 0x16, 0x30, 0x0, 0x1, 0xd4, 0x4f,
    0xff, 0xff, 0xff, 0xff, 0xf3, 0x0, 0x0, 0x0,
    0x4f, 0x22, 0x23, 0xf4, 0x22, 0x20, 0x26, 0x66,
    0x10, 0x4f, 0x0, 0x0, 0xf3, 0x0, 0x0, 0x5f,
    0xff, 0x40, 0x4f, 0x33, 0x30, 0xe4, 0x7, 0xa0,
    0x0, 0xe, 0x40, 0x4f, 0xff, 0xf4, 0xd6, 0xc,
    0x80, 0x0, 0xe, 0x40, 0x4f, 0x0, 0xe4, 0xb8,
    0x1f, 0x30, 0x0, 0xe, 0x40, 0x5f, 0x0, 0xf3,
    0x8b, 0x7e, 0x0, 0x0, 0xe, 0x40, 0x5e, 0x0,
    0xf3, 0x5e, 0xd7, 0x0, 0x0, 0xe, 0x40, 0x7d,
    0x0, 0xf2, 0x2f, 0xe0, 0x0, 0x0, 0xe, 0x6a,
    0xba, 0x4, 0xf0, 0x1f, 0x80, 0x51, 0x0, 0xf,
    0xfc, 0xf7, 0xef, 0xa0, 0xcf, 0xc0, 0xa5, 0x0,
    0x7f, 0x84, 0xf2, 0x11, 0x1c, 0xb2, 0xf8, 0xe2,
    0x0, 0x44, 0x5, 0xb0, 0x0, 0x8a, 0x0, 0x5e,
    0xa0, 0x0, 0x0, 0x0, 0x0, 0x0, 0x0, 0x0,
    0x0, 0x0,

    /* U+8BF5 "诵" */
    0x0, 0x30, 0x0, 0x3, 0x33, 0x33, 0x33, 0x32,
    0x0, 0x1e, 0xa0, 0x2, 0xee, 0xee, 0xee, 0xef,
    0xd0, 0x0, 0x3e, 0xa0, 0x0, 0x2, 0x0, 0x2c,
    0xd1, 0x0, 0x0, 0x3e, 0x20, 0x4, 0xfb, 0x8f,
    0x90, 0x0, 0x0, 0x0, 0x0, 0x0, 0x1, 0x7e,
    0xe4, 0x0, 0x2, 0x55, 0x52, 0x2, 0xbb, 0xbb,
    0xcf, 0xfb, 0xb4, 0x5f, 0xff, 0x60, 0x3f, 0x77,
    0x8f, 0x87, 0x7f, 0x50, 0x0, 0xd6, 0x3, 0xf0,
    0x1, 0xf1, 0x0, 0xe5, 0x0, 0xd, 0x60, 0x3f,
    0xff, 0xff, 0xff, 0xff, 0x50, 0x0, 0xd6, 0x3,
    0xf3, 0x35, 0xf5, 0x33, 0xf5, 0x0, 0xd, 0x60,
    0x3f, 0x0, 0x1f, 0x10, 0xe, 0x50, 0x0, 0xd6,
    0x3, 0xf5, 0x57, 0xf6, 0x55, 0xf5, 0x0, 0xe,
    0x79, 0x9f, 0xdd, 0xdf, 0xdd, 0xdf, 0x50, 0x2,
    0xff, 0xc6, 0xf0, 0x1, 0xf1, 0x0, 0xe5, 0x0,
    0xaf, 0x60, 0x3f, 0x0, 0x1f, 0x11, 0x2f, 0x50,
    0x3, 0x20, 0x3, 0xf0, 0x1, 0xe1, 0x8f, 0xd2,
    0x0, 0x0, 0x0, 0x0, 0x0, 0x0, 0x0, 0x0,
    0x0,

    /* U+8BFB "读" */
    0x0, 0x0, 0x0, 0x0, 0x0, 0x1, 0x0, 0x0,
    0x0, 0x0, 0x22, 0x0, 0x0, 0x0, 0xf, 0x50,
    0x0, 0x0, 0x0, 0x9e, 0x30, 0x2, 0x33, 0x3f,
    0x83, 0x33, 0x0, 0x0, 0xa, 0xe2, 0x9, 0xee,
    0xef, 0xfe, 0xee, 0x20, 0x0, 0x0, 0xa6, 0x0,
    0x0, 0xf, 0x50, 0x0, 0x0, 0x0, 0x0, 0x0,
    0x28, 0x88, 0x8f, 0xb8, 0x88, 0x60, 0x5, 0x55,
    0x40, 0x39, 0x99, 0x99, 0x99, 0x9e, 0xa0, 0xf,
    0xff, 0xd0, 0x0, 0x63, 0x4, 0x70, 0xe, 0x40,
    0x0, 0x6, 0xd0, 0x0, 0x4d, 0x87, 0xd0, 0x3d,
    0x0, 0x0, 0x6, 0xd0, 0x1d, 0x51, 0x98, 0xd0,
    0x0, 0x0, 0x0, 0x6, 0xd0, 0x3, 0xda, 0x8,
    0xc0, 0x0, 0x0, 0x0, 0x6, 0xd0, 0x34, 0x59,
    0x4c, 0xc4, 0x44, 0x40, 0x0, 0x6, 0xd0, 0xae,
    0xee, 0xef, 0xee, 0xee, 0xe1, 0x0, 0x6, 0xd3,
    0x70, 0x0, 0x8f, 0x13, 0x0, 0x0, 0x0, 0x6,
    0xff, 0x70, 0x6, 0xf6, 0x5f, 0x70, 0x0, 0x0,
    0xa, 0xf5, 0x0, 0x9f, 0x70, 0x3, 0xdb, 0x10,
    0x0, 0x1e, 0x40, 0x7f, 0xe4, 0x0, 0x0, 0x1c,
    0xd1, 0x0, 0x1, 0x0, 0x56, 0x0, 0x0, 0x0,
    0x0, 0x70,

    /* U+8C61 "象" */
    0x0, 0x0, 0x0, 0x20, 0x0, 0x0, 0x0, 0x0,
    0x0, 0x0, 0x0, 0x6, 0xf3, 0x0, 0x0, 0x0,
    0x0, 0x0, 0x0, 0x0, 0x4f, 0xff, 0xff, 0xf9,
    0x0, 0x0, 0x0, 0x0, 0x5, 0xf8, 0x11, 0x16,
    0xf4, 0x0, 0x0, 0x0, 0x0, 0x9f, 0xc3, 0x33,
    0x3e, 0xc3, 0x33, 0x31, 0x0, 0xb, 0xff, 0xdc,
    0xcc, 0xdf, 0xdc, 0xcd, 0xf4, 0x0, 0x3, 0x4f,
    0x20, 0x0, 0xab, 0x0, 0x0, 0xf4, 0x0, 0x0,
    0x1f, 0x53, 0x38, 0xf5, 0x33, 0x34, 0xf4, 0x0,
    0x0, 0x1d, 0xde, 0xff, 0xdd, 0xdd, 0xdd, 0xd3,
    0x0, 0x0, 0x1, 0x8e, 0xae, 0x70, 0x0, 0x5,
    0xb2, 0x0, 0x6, 0xde, 0x92, 0x7, 0xfa, 0x3,
    0xce, 0x60, 0x0, 0x2, 0x30, 0x6, 0xda, 0x3e,
    0xde, 0xf3, 0x0, 0x0, 0x0, 0x6b, 0xea, 0x20,
    0x8f, 0xf0, 0xbd, 0x0, 0x0, 0x0, 0x75, 0x0,
    0x7e, 0xa2, 0xf4, 0x1e, 0xa0, 0x0, 0x0, 0x16,
    0xbf, 0xa3, 0x0, 0xf5, 0x3, 0xee, 0x40, 0x2,
    0xfc, 0x71, 0x23, 0x4a, 0xf1, 0x0, 0x2c, 0xd0,
    0x0, 0x10, 0x0, 0x6f, 0xfd, 0x40, 0x0, 0x0,
    0x10, 0x0, 0x0, 0x0, 0x0, 0x0, 0x0, 0x0,
    0x0, 0x0,

    /* U+8CA1 "財" */
    0x0, 0x0, 0x0, 0x0, 0x0, 0x0, 0x2, 0x70,
    0x0, 0x1, 0x33, 0x33, 0x33, 0x0, 0x0, 0x4,
    0xf1, 0x0, 0x5, 0xfe, 0xee, 0xff, 0x0, 0x0,
    0x4, 0xf1, 0x0, 0x5, 0xe0, 0x0, 0x5f, 0x0,
    0x0, 0x4, 0xf1, 0x0, 0x5, 0xe1, 0x11, 0x6f,
    0x0, 0x0, 0x4, 0xf1, 0x0, 0x5, 0xfe, 0xee,
    0xff, 0x6f, 0xff, 0xff, 0xff, 0xf5, 0x5, 0xe0,
    0x0, 0x5f, 0x24, 0x44, 0x4e, 0xf5, 0x41, 0x5,
    0xe0, 0x0, 0x5f, 0x0, 0x0, 0x4f, 0xf1, 0x0,
    0x5, 0xfd, 0xdd, 0xef, 0x0, 0x0, 0xca, 0xf1,
    0x0, 0x5, 0xf3, 0x33, 0x7f, 0x0, 0x6, 0xd4,
    0xf1, 0x0, 0x5, 0xe0, 0x0, 0x5f, 0x0, 0x1e,
    0x44, 0xf1, 0x0, 0x5, 0xe2, 0x22, 0x7f, 0x0,
    0xca, 0x4, 0xf1, 0x0, 0x5, 0xff, 0xff, 0xff,
    0xa, 0xd0, 0x4, 0xf1, 0x0, 0x0, 0x39, 0x3,
    0x90, 0x9d, 0x10, 0x4, 0xf1, 0x0, 0x0, 0xca,
    0x1, 0xda, 0x1, 0x0, 0x4, 0xf1, 0x0, 0xa,
    0xe2, 0x0, 0x3f, 0x40, 0x3, 0x48, 0xf0, 0x0,
    0x1c, 0x40, 0x0, 0x2, 0x0, 0x8, 0xfe, 0x80,
    0x0, 0x0, 0x0, 0x0, 0x0, 0x0, 0x0, 0x0,
    0x0, 0x0,

    /* U+8CEA "質" */
    0x0, 0x2, 0x46, 0xa9, 0x1, 0x24, 0x58, 0xb5,
    0x0, 0xe, 0xda, 0x85, 0x20, 0xcd, 0xa9, 0x73,
    0x0, 0x0, 0xf7, 0x33, 0x33, 0x1d, 0x83, 0x33,
    0x33, 0x20, 0x1f, 0xdd, 0xfe, 0xd7, 0xfd, 0xdd,
    0xfd, 0xd8, 0x6, 0xd0, 0xe, 0x40, 0x3f, 0x0,
    0x3f, 0x0, 0x2, 0xe4, 0x0, 0xe4, 0x9, 0x60,
    0x3, 0xf0, 0x0, 0x1, 0xd, 0xee, 0xee, 0xee,
    0xee, 0xff, 0x50, 0x0, 0x0, 0xe4, 0x0, 0x0,
    0x0, 0x0, 0xe6, 0x0, 0x0, 0xe, 0xee, 0xee,
    0xee, 0xee, 0xef, 0x60, 0x0, 0x0, 0xe4, 0x0,
    0x0, 0x0, 0x0, 0xe6, 0x0, 0x0, 0xe, 0xdb,
    0xbb, 0xbb, 0xbb, 0xbf, 0x60, 0x0, 0x0, 0xe6,
    0x22, 0x22, 0x22, 0x22, 0xe6, 0x0, 0x0, 0xe,
    0x61, 0x11, 0x11, 0x11, 0x1e, 0x60, 0x0, 0x0,
    0xbc, 0xdc, 0xcc, 0xcd, 0xcc, 0xc4, 0x0, 0x0,
    0x2, 0x8e, 0x70, 0x0, 0x6e, 0xa5, 0x0, 0x0,
    0x9e, 0xfa, 0x20, 0x0, 0x0, 0x27, 0xcf, 0xa2,
    0x7, 0x60, 0x0, 0x0, 0x0, 0x0, 0x0, 0x28,
    0x0,

    /* U+8D44 "资" */
    0x0, 0x10, 0x0, 0x0, 0x88, 0x0, 0x0, 0x0,
    0x0, 0x6, 0xfa, 0x30, 0x2, 0xf8, 0x33, 0x33,
    0x33, 0x10, 0x0, 0x3a, 0xf7, 0x1c, 0xec, 0xdf,
    0xdc, 0xdf, 0x60, 0x0, 0x0, 0x34, 0xcc, 0x10,
    0x8f, 0x0, 0x8d, 0x0, 0x0, 0x0, 0x5, 0x71,
    0x3, 0xfe, 0x90, 0x63, 0x0, 0x2, 0x7b, 0xfd,
    0x10, 0x5e, 0x90, 0xac, 0x40, 0x0, 0x2f, 0xb7,
    0x20, 0x6c, 0xe6, 0x0, 0x7, 0xee, 0x80, 0x0,
    0x0, 0x0, 0x96, 0x10, 0x0, 0x0, 0x5, 0x50,
    0x0, 0xd, 0xee, 0xee, 0xee, 0xee, 0xee, 0xd0,
    0x0, 0x0, 0xe, 0x95, 0x55, 0x67, 0x55, 0x5a,
    0xe0, 0x0, 0x0, 0xe, 0x60, 0x0, 0xc8, 0x0,
    0x7, 0xe0, 0x0, 0x0, 0xe, 0x60, 0x2, 0xf4,
    0x0, 0x7, 0xe0, 0x0, 0x0, 0xe, 0x60, 0xb,
    0xc2, 0x50, 0x7, 0xe0, 0x0, 0x0, 0x1, 0x1,
    0xae, 0x26, 0xef, 0xb5, 0x0, 0x0, 0x0, 0x25,
    0xaf, 0xc2, 0x0, 0x4, 0xaf, 0xe8, 0x10, 0x1f,
    0xfd, 0x93, 0x0, 0x0, 0x0, 0x1, 0x7e, 0x70,
    0x2, 0x0, 0x0, 0x0, 0x0, 0x0, 0x0, 0x0,
    0x0,

    /* U+8D70 "走" */
    0x0, 0x0, 0x0, 0x0, 0x32, 0x0, 0x0, 0x0,
    0x0, 0x0, 0x0, 0x0, 0x0, 0xc9, 0x0, 0x0,
    0x0, 0x0, 0x0, 0x0, 0x0, 0x0, 0xc9, 0x0,
    0x0, 0x0, 0x0, 0x0, 0x5f, 0xff, 0xff, 0xff,
    0xff, 0xff, 0xf7, 0x0, 0x0, 0x13, 0x33, 0x33,
    0xdb, 0x33, 0x33, 0x31, 0x0, 0x0, 0x0, 0x0,
    0x0, 0xc9, 0x0, 0x0, 0x0, 0x0, 0x3, 0x44,
    0x44, 0x44, 0xdb, 0x44, 0x44, 0x44, 0x30, 0xe,
    0xff, 0xff, 0xff, 0xff, 0xff, 0xff, 0xff, 0xc0,
    0x0, 0x0, 0x0, 0x0, 0xc9, 0x0, 0x0, 0x0,
    0x0, 0x0, 0x2, 0xd2, 0x0, 0xc9, 0x0, 0x0,
    0x0, 0x0, 0x0, 0x5, 0xf0, 0x0, 0xca, 0x22,
    0x22, 0x21, 0x0, 0x0, 0x9, 0xd0, 0x0, 0xcf,
    0xff, 0xff, 0xf9, 0x0, 0x0, 0xe, 0xf4, 0x0,
    0xca, 0x11, 0x11, 0x10, 0x0, 0x0, 0x4f, 0xae,
    0x10, 0xc9, 0x0, 0x0, 0x0, 0x0, 0x0, 0xca,
    0xa, 0xe6, 0xc9, 0x0, 0x0, 0x0, 0x0, 0x9,
    0xf2, 0x0, 0x8f, 0xfd, 0x76, 0x54, 0x44, 0x41,
    0x2f, 0x40, 0x0, 0x1, 0x7a, 0xde, 0xff, 0xff,
    0xf0, 0x1, 0x0, 0x0, 0x0, 0x0, 0x0, 0x0,
    0x0, 0x0,

    /* U+8D77 "起" */
    0x0, 0x0, 0x11, 0x0, 0x0, 0x0, 0x0, 0x0,
    0x0, 0x0, 0x0, 0x9a, 0x0, 0x0, 0x33, 0x33,
    0x33, 0x10, 0x0, 0x11, 0xab, 0x11, 0x3, 0xee,
    0xee, 0xef, 0x50, 0x9, 0xff, 0xff, 0xff, 0xa0,
    0x0, 0x0, 0xe, 0x50, 0x1, 0x11, 0xab, 0x11,
    0x10, 0x0, 0x0, 0xe, 0x50, 0x0, 0x0, 0x9a,
    0x0, 0x0, 0x0, 0x0, 0xe, 0x50, 0x9, 0x99,
    0xdd, 0x99, 0x91, 0x33, 0x33, 0x3f, 0x50, 0xa,
    0xaa, 0xbf, 0xaa, 0xa2, 0xff, 0xff, 0xff, 0x50,
    0x0, 0x0, 0x4f, 0x0, 0x1, 0xf3, 0x0, 0x5,
    0x20, 0x3, 0xf1, 0x4f, 0x0, 0x1, 0xf3, 0x0,
    0x0, 0x0, 0x4, 0xf0, 0x4f, 0xee, 0xd1, 0xf3,
    0x0, 0x0, 0x30, 0x4, 0xf1, 0x4f, 0x44, 0x31,
    0xf3, 0x0, 0x0, 0xe5, 0x5, 0xf7, 0x4f, 0x0,
    0x0, 0xf4, 0x0, 0x1, 0xf3, 0x7, 0xfe, 0x6f,
    0x0, 0x0, 0xdf, 0xee, 0xef, 0xd0, 0xa, 0x9a,
    0xff, 0x0, 0x0, 0x4, 0x44, 0x44, 0x0, 0xd,
    0x61, 0xbf, 0xc8, 0x65, 0x44, 0x44, 0x44, 0x52,
    0x4f, 0x10, 0x5, 0x9d, 0xef, 0xff, 0xff, 0xff,
    0xf3, 0x5, 0x0, 0x0, 0x0, 0x0, 0x0, 0x0,
    0x0, 0x0,

    /* U+8D99 "趙" */
    0x0, 0x0, 0x22, 0x0, 0x0, 0x0, 0x41, 0x0,
    0x0, 0x0, 0x0, 0x9a, 0x0, 0x18, 0x0, 0xe4,
    0x4, 0x90, 0x0, 0x0, 0xaa, 0x0, 0xd, 0x50,
    0xe4, 0xb, 0x90, 0x7, 0xff, 0xff, 0xff, 0x66,
    0xb0, 0xe4, 0x2f, 0x10, 0x1, 0x22, 0xab, 0x22,
    0x11, 0x50, 0xe4, 0x25, 0x0, 0x0, 0x0, 0x9a,
    0x0, 0x9, 0xff, 0xff, 0xff, 0x50, 0x9, 0x99,
    0xdd, 0x99, 0x7a, 0xa1, 0x11, 0x1e, 0x50, 0xd,
    0xdd, 0xef, 0xdd, 0xba, 0x90, 0x0, 0xe, 0x50,
    0x0, 0x0, 0x7c, 0x0, 0xa, 0xff, 0xff, 0xff,
    0x50, 0x1, 0xd1, 0x7c, 0x0, 0xa, 0x90, 0x0,
    0xe, 0x50, 0x2, 0xf0, 0x7f, 0xee, 0x8a, 0xec,
    0xcc, 0xcf, 0x50, 0x3, 0xf0, 0x7d, 0x44, 0x2a,
    0xa3, 0x33, 0x3f, 0x50, 0x5, 0xf6, 0x7c, 0x0,
    0xa, 0x90, 0x0, 0xe, 0x50, 0x6, 0xfd, 0x8c,
    0x0, 0xa, 0x90, 0x4, 0x5f, 0x50, 0x9, 0x9a,
    0xfc, 0x0, 0x8, 0x70, 0xa, 0xda, 0x10, 0xe,
    0x60, 0xaf, 0xb8, 0x65, 0x44, 0x44, 0x44, 0x41,
    0x5e, 0x0, 0x2, 0x8b, 0xef, 0xff, 0xff, 0xff,
    0xf1, 0x3, 0x0, 0x0, 0x0, 0x0, 0x0, 0x0,
    0x0, 0x0,

    /* U+8DAF "趯" */
    0x0, 0x0, 0x10, 0x0, 0x0, 0x0, 0x0, 0x0,
    0x0, 0x0, 0x1, 0xf1, 0x2, 0x88, 0x88, 0x38,
    0x88, 0x70, 0x0, 0x1, 0xf1, 0x1, 0xa7, 0x6e,
    0x59, 0x68, 0xd0, 0x8, 0xff, 0xff, 0xf6, 0x9e,
    0x2d, 0x5a, 0xd4, 0xd0, 0x1, 0x23, 0xf4, 0x20,
    0x2, 0x6e, 0x40, 0x48, 0xd0, 0x0, 0x1, 0xf1,
    0x4, 0xce, 0x9e, 0x9d, 0xda, 0xd0, 0x5, 0x56,
    0xf7, 0x56, 0x41, 0x39, 0x55, 0x2, 0xb0, 0xb,
    0xbb, 0xfd, 0xb9, 0xa, 0xa0, 0x8c, 0x0, 0x0,
    0x0, 0x0, 0xe4, 0x0, 0x3f, 0xfe, 0xff, 0xfe,
    0xb0, 0x4, 0xc0, 0xe4, 0x2, 0xef, 0x10, 0x4d,
    0x0, 0x0, 0x5, 0xd0, 0xec, 0xa8, 0x9f, 0xed,
    0xef, 0xdd, 0x30, 0x6, 0xc0, 0xea, 0x83, 0xf,
    0x10, 0x4d, 0x0, 0x0, 0x7, 0xf1, 0xe4, 0x0,
    0xf, 0xee, 0xef, 0xee, 0x30, 0x8, 0xf8, 0xe4,
    0x0, 0xf, 0x20, 0x5e, 0x0, 0x0, 0xb, 0x7c,
    0xf4, 0x0, 0xf, 0xff, 0xff, 0xff, 0xe0, 0xf,
    0x31, 0xbd, 0x84, 0x36, 0x21, 0x11, 0x11, 0x11,
    0x5d, 0x0, 0x4, 0x9c, 0xef, 0xff, 0xff, 0xff,
    0xf4, 0x2, 0x0, 0x0, 0x0, 0x0, 0x0, 0x0,
    0x0, 0x0,

    /* U+8DDD "距" */
    0x1, 0x55, 0x55, 0x52, 0x2, 0x22, 0x22, 0x22,
    0x20, 0x4, 0xfc, 0xcc, 0xf6, 0x3f, 0xff, 0xff,
    0xff, 0xf2, 0x4, 0xe0, 0x0, 0xd6, 0x3f, 0x32,
    0x22, 0x22, 0x20, 0x4, 0xe0, 0x0, 0xd6, 0x3f,
    0x10, 0x0, 0x0, 0x0, 0x4, 0xe0, 0x0, 0xd6,
    0x3f, 0x20, 0x0, 0x0, 0x0, 0x4, 0xff, 0xff,
    0xf6, 0x3f, 0xff, 0xff, 0xff, 0x20, 0x0, 0x22,
    0xe6, 0x21, 0x3f, 0x43, 0x33, 0x4f, 0x20, 0x0,
    0x0, 0xe5, 0x0, 0x3f, 0x10, 0x0, 0x1f, 0x20,
    0x3, 0xe0, 0xe7, 0x32, 0x3f, 0x10, 0x0, 0x1f,
    0x20, 0x3, 0xe0, 0xef, 0xea, 0x3f, 0x31, 0x11,
    0x3f, 0x20, 0x3, 0xe0, 0xe5, 0x0, 0x3f, 0xff,
    0xff, 0xff, 0x20, 0x3, 0xe0, 0xe5, 0x0, 0x3f,
    0x42, 0x22, 0x22, 0x0, 0x3, 0xe0, 0xe5, 0x13,
    0x3f, 0x10, 0x0, 0x0, 0x0, 0x3, 0xe2, 0xfe,
    0xfc, 0x3f, 0x10, 0x0, 0x0, 0x0, 0xb, 0xff,
    0xd8, 0x40, 0x3f, 0x75, 0x55, 0x55, 0x52, 0xa,
    0x72, 0x0, 0x0, 0x3e, 0xee, 0xee, 0xee, 0xe7,

    /* U+8DF3 "跳" */
    0x0, 0x0, 0x0, 0x0, 0x0, 0x41, 0x4, 0x0,
    0x0, 0x0, 0x33, 0x33, 0x30, 0x0, 0xf4, 0x2f,
    0x10, 0x0, 0x3, 0xff, 0xff, 0xf0, 0x0, 0xf4,
    0x2f, 0x10, 0x0, 0x3, 0xe0, 0x2, 0xf5, 0x50,
    0xf4, 0x2f, 0x10, 0xa2, 0x3, 0xe0, 0x2, 0xf6,
    0xe0, 0xf4, 0x2f, 0x16, 0xf2, 0x3, 0xe0, 0x2,
    0xf0, 0xd6, 0xf4, 0x2f, 0x2e, 0x80, 0x3, 0xff,
    0xff, 0xf0, 0x8c, 0xf4, 0x2f, 0xae, 0x0, 0x0,
    0x33, 0xf4, 0x30, 0x23, 0xf4, 0x2f, 0x64, 0x0,
    0x0, 0x20, 0xf1, 0x0, 0x0, 0xf4, 0x2f, 0x10,
    0x0, 0x2, 0xd0, 0xf5, 0x30, 0x0, 0xf3, 0x2f,
    0xb1, 0x0, 0x2, 0xd0, 0xff, 0xf0, 0x3c, 0xf2,
    0x2f, 0xde, 0x30, 0x2, 0xd0, 0xf1, 0x19, 0xfa,
    0xf0, 0x2f, 0x29, 0xf5, 0x2, 0xd0, 0xf1, 0xb,
    0x35, 0xd0, 0x2f, 0x10, 0x74, 0x2, 0xd0, 0xf3,
    0x52, 0xb, 0x80, 0x2f, 0x10, 0x0, 0x5, 0xea,
    0xff, 0xc4, 0x4f, 0x10, 0x2f, 0x10, 0x5a, 0xf,
    0xd9, 0x41, 0x4, 0xe7, 0x0, 0x1f, 0x63, 0xaa,
    0x0, 0x0, 0x0, 0x2f, 0x80, 0x0, 0xb, 0xff,
    0xf4, 0x0, 0x0, 0x0, 0x1, 0x0, 0x0, 0x0,
    0x0, 0x0,

    /* U+8E0A "踊" */
    0x0, 0x33, 0x33, 0x30, 0x12, 0x22, 0x22, 0x22,
    0x0, 0x3f, 0xff, 0xff, 0x39, 0xff, 0xff, 0xff,
    0xf9, 0x3, 0xe0, 0x0, 0xf3, 0x1, 0x20, 0x3,
    0xdb, 0x0, 0x3e, 0x0, 0xf, 0x30, 0x5f, 0xa7,
    0xf7, 0x0, 0x3, 0xe0, 0x0, 0xf3, 0x0, 0x19,
    0xfb, 0x0, 0x0, 0x3f, 0xff, 0xff, 0x3c, 0xdd,
    0xdf, 0xfe, 0xdc, 0x0, 0x22, 0xe6, 0x20, 0xe8,
    0x46, 0xf5, 0x48, 0xe0, 0x1, 0xe, 0x40, 0xe,
    0x50, 0x2f, 0x0, 0x5e, 0x3, 0xd0, 0xe7, 0x31,
    0xeb, 0x9a, 0xf9, 0x9b, 0xe0, 0x3d, 0xe, 0xff,
    0x5e, 0xb9, 0xaf, 0x99, 0xbe, 0x3, 0xd0, 0xe4,
    0x0, 0xe5, 0x2, 0xf0, 0x5, 0xe0, 0x3d, 0xe,
    0x40, 0xe, 0x73, 0x5f, 0x33, 0x7e, 0x3, 0xd0,
    0xe4, 0x11, 0xef, 0xff, 0xff, 0xff, 0xe0, 0x4e,
    0x7f, 0xee, 0x5e, 0x50, 0x2f, 0x0, 0x5e, 0xf,
    0xc8, 0x51, 0x0, 0xe5, 0x2, 0xf2, 0x27, 0xe0,
    0x0, 0x0, 0x0, 0xe, 0x50, 0x2e, 0x6f, 0xf8,
    0x0, 0x0, 0x0, 0x0, 0x0, 0x0, 0x0, 0x0,
    0x0,

    /* U+8EAB "身" */
    0x0, 0x0, 0x0, 0x0, 0x0, 0x0, 0x0, 0x0,
    0x0, 0x0, 0x0, 0x0, 0xe, 0x80, 0x0, 0x0,
    0x0, 0x0, 0x0, 0x33, 0x37, 0xf5, 0x33, 0x33,
    0x0, 0x0, 0x0, 0x3f, 0xff, 0xff, 0xff, 0xff,
    0xf0, 0x0, 0x0, 0x3, 0xf1, 0x0, 0x0, 0x0,
    0x5f, 0x0, 0x0, 0x0, 0x3f, 0xdc, 0xcc, 0xcc,
    0xcd, 0xf0, 0x0, 0x0, 0x3, 0xf5, 0x33, 0x33,
    0x33, 0x7f, 0x0, 0x0, 0x0, 0x3f, 0x10, 0x0,
    0x0, 0x5, 0xf0, 0x97, 0x0, 0x3, 0xff, 0xff,
    0xff, 0xff, 0xff, 0x6f, 0x30, 0x0, 0x3f, 0x31,
    0x11, 0x11, 0x16, 0xff, 0x50, 0x1, 0x14, 0xf3,
    0x11, 0x11, 0x11, 0x7f, 0x70, 0x0, 0x9f, 0xff,
    0xff, 0xff, 0xff, 0xff, 0xf0, 0x0, 0x0, 0x11,
    0x11, 0x11, 0x15, 0xdd, 0x9f, 0x0, 0x0, 0x0,
    0x0, 0x0, 0x4c, 0xe6, 0x5, 0xf0, 0x0, 0x0,
    0x0, 0x15, 0xcf, 0x91, 0x0, 0x5f, 0x0, 0x0,
    0x26, 0xbf, 0xd8, 0x20, 0x55, 0x59, 0xe0, 0x0,
    0xe, 0xe8, 0x30, 0x0, 0xb, 0xff, 0xd6, 0x0,
    0x0, 0x10, 0x0, 0x0, 0x0, 0x0, 0x0, 0x0,
    0x0,

    /* U+8F09 "載" */
    0x0, 0x0, 0x2, 0x0, 0x0, 0x1, 0x0, 0x0,
    0x0, 0x0, 0x0, 0xf, 0x50, 0x0, 0x6f, 0x7,
    0xb0, 0x0, 0x3, 0xee, 0xef, 0xfe, 0xe8, 0x5f,
    0x1, 0xdc, 0x0, 0x0, 0x22, 0x2f, 0x72, 0x21,
    0x5f, 0x0, 0x1e, 0x50, 0x2, 0x22, 0x2f, 0x62,
    0x22, 0x6f, 0x22, 0x23, 0x20, 0xf, 0xff, 0xff,
    0xff, 0xff, 0xff, 0xff, 0xff, 0xf1, 0x0, 0x0,
    0xe, 0x40, 0x0, 0x2f, 0x20, 0x0, 0x0, 0x6,
    0xcc, 0xcf, 0xdc, 0xcb, 0x1f, 0x30, 0x1d, 0x20,
    0x2, 0x33, 0x3f, 0x73, 0x33, 0xf, 0x50, 0x7e,
    0x0, 0x1, 0xcc, 0xcf, 0xdc, 0xc6, 0xe, 0x70,
    0xd7, 0x0, 0x1, 0xe0, 0xd, 0x20, 0x88, 0xb,
    0xa6, 0xf1, 0x0, 0x1, 0xfb, 0xbf, 0xcb, 0xe8,
    0x8, 0xde, 0x90, 0x0, 0x1, 0xe0, 0xd, 0x20,
    0x88, 0x5, 0xfe, 0x10, 0x0, 0x1, 0xcc, 0xcf,
    0xdc, 0xc6, 0x4, 0xf7, 0x0, 0x71, 0x2, 0x22,
    0x2f, 0x62, 0x22, 0x2e, 0xfd, 0x0, 0xe4, 0xb,
    0xdd, 0xdf, 0xed, 0xef, 0xe8, 0x3f, 0xb7, 0xf1,
    0x0, 0x0, 0xe, 0x40, 0x3c, 0x30, 0x4, 0xdf,
    0x80,

    /* U+8F1D "輝" */
    0x0, 0x4, 0xd0, 0x0, 0x44, 0x44, 0x44, 0x44,
    0x41, 0x7, 0x14, 0xd0, 0x55, 0xfd, 0xcc, 0xcc,
    0xcc, 0xf5, 0xb, 0x54, 0xd0, 0xc5, 0xf2, 0x0,
    0x81, 0x0, 0xd5, 0x6, 0xa4, 0xd1, 0xf1, 0x93,
    0x23, 0xf4, 0x22, 0x92, 0x3, 0xd4, 0xd6, 0xa0,
    0xaf, 0xff, 0xff, 0xff, 0xe0, 0x0, 0x85, 0xd5,
    0x30, 0x0, 0x1, 0xf2, 0x0, 0x0, 0x1d, 0xde,
    0xfd, 0xda, 0x6f, 0xef, 0xff, 0xef, 0xc0, 0x5,
    0xbb, 0x7f, 0x64, 0x6a, 0x1, 0xf2, 0x5, 0xd0,
    0x0, 0xa8, 0x1f, 0x0, 0x6f, 0xee, 0xfe, 0xee,
    0xd0, 0x0, 0xa7, 0x1f, 0x0, 0x6a, 0x1, 0xf2,
    0x5, 0xd0, 0x0, 0xc6, 0x1f, 0x0, 0x6e, 0xcd,
    0xfd, 0xcd, 0xd0, 0x0, 0xd4, 0x2f, 0x2, 0x2,
    0x23, 0xf4, 0x22, 0x10, 0x1, 0xf1, 0x4f, 0xcc,
    0x33, 0x34, 0xf5, 0x33, 0x32, 0x5, 0xd0, 0xbf,
    0x86, 0xff, 0xff, 0xff, 0xff, 0xf9, 0xc, 0x80,
    0x21, 0x0, 0x0, 0x1, 0xf2, 0x0, 0x0, 0x1b,
    0x0, 0x0, 0x0, 0x0, 0x1, 0xf2, 0x0, 0x0,

    /* U+8F2A "輪" */
    0x0, 0x0, 0x10, 0x0, 0x0, 0x0, 0x10, 0x0,
    0x0, 0x0, 0x5, 0xd0, 0x0, 0x0, 0x6, 0xd0,
    0x0, 0x0, 0x3, 0x37, 0xe3, 0x31, 0x0, 0x1e,
    0xf5, 0x0, 0x0, 0xf, 0xff, 0xff, 0xf8, 0x0,
    0xc8, 0x4f, 0x40, 0x0, 0x0, 0x5, 0xd0, 0x0,
    0xb, 0xb0, 0x6, 0xf5, 0x0, 0x6, 0x9c, 0xf9,
    0x92, 0xbf, 0x42, 0x22, 0xaf, 0x80, 0xa, 0x98,
    0xd5, 0xed, 0xdc, 0xff, 0xff, 0xf8, 0xf3, 0xa,
    0x53, 0xb0, 0xd4, 0x10, 0x0, 0x0, 0x0, 0x20,
    0xa, 0xdc, 0xeb, 0xf2, 0x44, 0x44, 0x44, 0x44,
    0x20, 0xa, 0x86, 0xd4, 0xe2, 0xfd, 0xee, 0xdf,
    0xdf, 0x60, 0xa, 0x64, 0xc1, 0xe2, 0xf1, 0x78,
    0x1e, 0xa, 0x60, 0xa, 0xff, 0xff, 0xf2, 0xf1,
    0x78, 0x1e, 0xa, 0x60, 0x0, 0x5, 0xd0, 0x0,
    0xfd, 0xee, 0xdf, 0xdf, 0x60, 0x3f, 0xff, 0xff,
    0xf8, 0xf2, 0x88, 0x2e, 0xb, 0x60, 0x3, 0x37,
    0xe3, 0x31, 0xf1, 0x78, 0x1e, 0xa, 0x60, 0x0,
    0x5, 0xd0, 0x0, 0xf1, 0x78, 0x1e, 0x2c, 0x60,
    0x0, 0x5, 0xd0, 0x0, 0xf1, 0x78, 0x1e, 0x8d,
    0x30,

    /* U+8F6C "转" */
    0x0, 0x0, 0x0, 0x0, 0x0, 0x0, 0x0, 0x0,
    0x0, 0x0, 0x4, 0xf0, 0x0, 0x0, 0x0, 0xf5,
    0x0, 0x0, 0x0, 0x8, 0xc0, 0x0, 0x0, 0x4,
    0xf2, 0x0, 0x0, 0x1f, 0xff, 0xff, 0xf9, 0x9f,
    0xff, 0xff, 0xff, 0x90, 0x3, 0x4f, 0x63, 0x32,
    0x23, 0x3d, 0xa3, 0x33, 0x20, 0x0, 0x5e, 0x57,
    0x0, 0x0, 0xf, 0x50, 0x0, 0x0, 0x0, 0xa9,
    0x8c, 0x1, 0x66, 0x8f, 0x76, 0x66, 0x61, 0x1,
    0xf2, 0x8c, 0x3, 0xdd, 0xff, 0xdd, 0xdd, 0xd3,
    0x9, 0xe5, 0xad, 0x53, 0x0, 0xe7, 0x0, 0x0,
    0x0, 0x9, 0xcc, 0xef, 0xc7, 0x3, 0xf6, 0x44,
    0x44, 0x0, 0x0, 0x0, 0x8c, 0x0, 0x9, 0xff,
    0xff, 0xff, 0x40, 0x0, 0x0, 0x8c, 0x2, 0x0,
    0x0, 0x1, 0xe8, 0x0, 0x3, 0x58, 0xdf, 0xfe,
    0x0, 0x20, 0xb, 0xc0, 0x0, 0xf, 0xdb, 0xcd,
    0x10, 0x2, 0xfb, 0x9e, 0x10, 0x0, 0x0, 0x0,
    0x8c, 0x0, 0x0, 0x2b, 0xf9, 0x0, 0x0, 0x0,
    0x0, 0x8c, 0x0, 0x0, 0x0, 0x6f, 0xa0, 0x0,
    0x0, 0x0, 0x8c, 0x0, 0x0, 0x0, 0x3, 0xd2,
    0x0, 0x0, 0x0, 0x0, 0x0, 0x0, 0x0, 0x0,
    0x0, 0x0,

    /* U+8F6E "轮" */
    0x0, 0x0, 0x0, 0x0, 0x0, 0x1, 0x0, 0x0,
    0x0, 0x0, 0xa, 0x90, 0x0, 0x0, 0xd, 0xb0,
    0x0, 0x0, 0x0, 0xd, 0x60, 0x0, 0x0, 0x4f,
    0xf1, 0x0, 0x0, 0x2f, 0xff, 0xff, 0xf3, 0x0,
    0xdb, 0xca, 0x0, 0x0, 0x4, 0x8e, 0x44, 0x41,
    0x7, 0xf1, 0x2f, 0x50, 0x0, 0x0, 0x8a, 0x73,
    0x0, 0x4f, 0x70, 0x7, 0xf3, 0x0, 0x0, 0xd5,
    0xd5, 0x3, 0xea, 0x0, 0x0, 0xbf, 0x40, 0x2,
    0xf0, 0xd5, 0x1f, 0xb7, 0x30, 0x0, 0xc, 0xe0,
    0x9, 0xc4, 0xd8, 0x46, 0xe, 0x60, 0x0, 0x40,
    0x20, 0xd, 0xff, 0xff, 0xf2, 0xe, 0x60, 0x1c,
    0xf3, 0x0, 0x1, 0x0, 0xd5, 0x0, 0xe, 0x77,
    0xfd, 0x30, 0x0, 0x0, 0x0, 0xd5, 0x0, 0xe,
    0xfe, 0x70, 0x0, 0x0, 0x0, 0x25, 0xed, 0xd7,
    0xe, 0xa0, 0x0, 0x0, 0x0, 0x2f, 0xfe, 0xfa,
    0x51, 0xe, 0x60, 0x0, 0x6, 0x10, 0x4, 0x10,
    0xd5, 0x0, 0xe, 0x60, 0x0, 0xd, 0x60, 0x0,
    0x0, 0xd5, 0x0, 0xd, 0xa3, 0x33, 0x4f, 0x40,
    0x0, 0x0, 0xd5, 0x0, 0x6, 0xef, 0xff, 0xfb,
    0x0,

    /* U+8F74 "轴" */
    0x0, 0x0, 0x0, 0x0, 0x0, 0x0, 0x10, 0x0,
    0x0, 0x0, 0x8c, 0x0, 0x0, 0x0, 0x1f, 0x30,
    0x0, 0x0, 0xb, 0xa0, 0x0, 0x0, 0x1, 0xf3,
    0x0, 0x0, 0xff, 0xff, 0xff, 0x70, 0x0, 0x1f,
    0x30, 0x0, 0x3, 0x6f, 0x53, 0x31, 0x24, 0x45,
    0xf7, 0x44, 0x30, 0x7, 0xc4, 0x80, 0xa, 0xff,
    0xff, 0xff, 0xfe, 0x0, 0xb7, 0x6c, 0x0, 0xa8,
    0x0, 0xf2, 0x5, 0xe0, 0x1f, 0x26, 0xc0, 0xa,
    0x80, 0xf, 0x20, 0x5e, 0x9, 0xe6, 0xae, 0x63,
    0xa8, 0x0, 0xf2, 0x5, 0xe0, 0xad, 0xcd, 0xfc,
    0x6a, 0xa2, 0x3f, 0x52, 0x7e, 0x0, 0x0, 0x6c,
    0x0, 0xaf, 0xff, 0xff, 0xff, 0xe0, 0x0, 0x6,
    0xc0, 0x1a, 0x90, 0x1f, 0x20, 0x5e, 0x3, 0x58,
    0xcf, 0xfa, 0xa8, 0x0, 0xf2, 0x5, 0xe1, 0xfe,
    0xbc, 0xd2, 0xa, 0x80, 0xf, 0x20, 0x5e, 0x1,
    0x0, 0x6c, 0x0, 0xa8, 0x0, 0xf2, 0x5, 0xe0,
    0x0, 0x6, 0xc0, 0xa, 0xff, 0xff, 0xff, 0xfe,
    0x0, 0x0, 0x5b, 0x0, 0xaa, 0x44, 0x44, 0x47,
    0xd0,

    /* U+8F7B "轻" */
    0x0, 0x0, 0x0, 0x0, 0x0, 0x0, 0x0, 0x0,
    0x0, 0x0, 0x8, 0xc0, 0x0, 0x12, 0x22, 0x22,
    0x21, 0x0, 0x0, 0xb, 0x90, 0x0, 0x7f, 0xff,
    0xff, 0xff, 0x10, 0x1f, 0xff, 0xff, 0xfb, 0x1,
    0x11, 0x13, 0xf8, 0x0, 0x4, 0x7f, 0x54, 0x43,
    0x0, 0x0, 0x1d, 0xb0, 0x0, 0x0, 0x7c, 0x56,
    0x0, 0x0, 0x2, 0xdc, 0x0, 0x0, 0x0, 0xc6,
    0x8b, 0x0, 0x0, 0x6e, 0xef, 0x91, 0x0, 0x2,
    0xf1, 0x8b, 0x0, 0x4c, 0xf7, 0x5, 0xee, 0x60,
    0x9, 0xe8, 0xce, 0x87, 0xfc, 0x30, 0x0, 0x9,
    0xe0, 0xa, 0xcc, 0xee, 0xc6, 0x20, 0x0, 0x0,
    0x0, 0x0, 0x0, 0x0, 0x8b, 0x0, 0x5f, 0xff,
    0xff, 0xff, 0x60, 0x0, 0x0, 0x8b, 0x1, 0x14,
    0x45, 0xf6, 0x44, 0x10, 0x1, 0x47, 0xcf, 0xfb,
    0x0, 0x2, 0xf3, 0x0, 0x0, 0x2f, 0xfd, 0xdd,
    0x40, 0x0, 0x2, 0xf3, 0x0, 0x0, 0x3, 0x0,
    0x8b, 0x0, 0x0, 0x2, 0xf3, 0x0, 0x0, 0x0,
    0x0, 0x8b, 0x1, 0x44, 0x45, 0xf6, 0x44, 0x40,
    0x0, 0x0, 0x8b, 0x6, 0xff, 0xff, 0xff, 0xff,
    0xf2,

    /* U+8F7D "载" */
    0x0, 0x0, 0x1, 0x10, 0x0, 0x1, 0x0, 0x0,
    0x0, 0x0, 0x0, 0xa, 0x90, 0x0, 0xf, 0x55,
    0x90, 0x0, 0x1, 0xee, 0xef, 0xfe, 0xeb, 0xf,
    0x51, 0xdb, 0x0, 0x0, 0x22, 0x2b, 0xb2, 0x22,
    0xf, 0x50, 0x1d, 0x30, 0x0, 0x0, 0xa, 0xa0,
    0x0, 0xf, 0x60, 0x1, 0x0, 0xf, 0xff, 0xff,
    0xff, 0xff, 0xff, 0xff, 0xff, 0xf1, 0x0, 0x0,
    0xa8, 0x0, 0x0, 0xd, 0x70, 0x0, 0x0, 0x1,
    0x23, 0xf7, 0x22, 0x22, 0x1b, 0x80, 0x1e, 0x20,
    0xb, 0xff, 0xff, 0xff, 0xff, 0x7a, 0xa0, 0x6e,
    0x0, 0x0, 0xe, 0x50, 0xd3, 0x0, 0x8, 0xc0,
    0xc8, 0x0, 0x0, 0x9c, 0x0, 0xf4, 0x0, 0x6,
    0xe3, 0xf2, 0x0, 0x1, 0xff, 0xff, 0xff, 0xff,
    0x13, 0xfc, 0x90, 0x0, 0x0, 0x32, 0x22, 0xf5,
    0x22, 0x0, 0xff, 0x10, 0x0, 0x0, 0x0, 0x12,
    0xf7, 0x67, 0x41, 0xfb, 0x0, 0x92, 0xa, 0xef,
    0xff, 0xfc, 0xa8, 0x4d, 0xef, 0x20, 0xe3, 0x3,
    0x31, 0x0, 0xf3, 0x2, 0xdb, 0xc, 0xd6, 0xf0,
    0x0, 0x0, 0x0, 0xf3, 0x8, 0xb0, 0x1, 0xcf,
    0x80, 0x0, 0x0, 0x0, 0x0, 0x0, 0x0, 0x0,
    0x0, 0x0,

    /* U+8F89 "辉" */
    0x0, 0x7, 0xa0, 0x0, 0x22, 0x22, 0x22, 0x22,
    0x20, 0x9, 0x7, 0xa0, 0xa7, 0xff, 0xff, 0xff,
    0xff, 0xe0, 0xc, 0x37, 0xa1, 0xf6, 0xc0, 0x12,
    0x0, 0x8, 0xe0, 0x8, 0x77, 0xa5, 0xa5, 0xb0,
    0x7f, 0x0, 0x7, 0xe0, 0x5, 0xb7, 0xab, 0x40,
    0x65, 0xcc, 0x55, 0x56, 0x20, 0x1, 0x57, 0xa6,
    0x0, 0x9c, 0xfb, 0xbb, 0xbb, 0x10, 0x2f, 0xff,
    0xff, 0xf4, 0x9, 0xc1, 0xa2, 0x0, 0x0, 0x4,
    0xc9, 0x8d, 0x41, 0xf, 0x41, 0xf2, 0x0, 0x0,
    0x0, 0xc5, 0x5c, 0x0, 0x8e, 0x45, 0xf6, 0x44,
    0x20, 0x0, 0xc4, 0x5c, 0x0, 0xdf, 0xff, 0xff,
    0xff, 0xa0, 0x0, 0xe3, 0x5c, 0x0, 0x10, 0x1,
    0xf2, 0x0, 0x0, 0x0, 0xf1, 0x5c, 0x13, 0x0,
    0x1, 0xf2, 0x0, 0x0, 0x3, 0xe0, 0x6e, 0xeb,
    0xff, 0xff, 0xff, 0xff, 0xf4, 0x8, 0xa0, 0xae,
    0x31, 0x44, 0x46, 0xf6, 0x44, 0x41, 0x1f, 0x40,
    0x61, 0x0, 0x0, 0x1, 0xf2, 0x0, 0x0, 0x18,
    0x0, 0x0, 0x0, 0x0, 0x1, 0xf2, 0x0, 0x0,

    /* U+8FC7 "过" */
    0x0, 0x40, 0x0, 0x0, 0x0, 0x0, 0xc, 0x60,
    0x0, 0x1, 0xea, 0x0, 0x0, 0x0, 0x0, 0xe,
    0x70, 0x0, 0x0, 0x2e, 0xa0, 0x0, 0x0, 0x0,
    0xe, 0x70, 0x0, 0x0, 0x3, 0xd1, 0xdf, 0xff,
    0xff, 0xff, 0xff, 0xe0, 0x0, 0x0, 0x0, 0x44,
    0x44, 0x44, 0x4e, 0xa4, 0x40, 0x0, 0x0, 0x0,
    0x0, 0x0, 0x0, 0xe, 0x70, 0x0, 0x4, 0x44,
    0x40, 0xb, 0x80, 0x0, 0xe, 0x70, 0x0, 0xd,
    0xff, 0xe0, 0x3, 0xf5, 0x0, 0xe, 0x70, 0x0,
    0x0, 0x6, 0xe0, 0x0, 0x7e, 0x10, 0xe, 0x70,
    0x0, 0x0, 0x6, 0xe0, 0x0, 0xc, 0x50, 0xe,
    0x70, 0x0, 0x0, 0x6, 0xe0, 0x0, 0x0, 0x0,
    0xe, 0x70, 0x0, 0x0, 0x6, 0xe0, 0x0, 0x0,
    0x0, 0xe, 0x70, 0x0, 0x0, 0x8, 0xf0, 0x0,
    0x2, 0xff, 0xff, 0x30, 0x0, 0x0, 0xaf, 0xed,
    0x20, 0x0, 0x44, 0x41, 0x0, 0x0, 0xa, 0xf3,
    0x9, 0xfc, 0x76, 0x44, 0x55, 0x67, 0x94, 0xb,
    0x60, 0x0, 0x29, 0xde, 0xff, 0xff, 0xee, 0xd2,
    0x0, 0x0, 0x0, 0x0, 0x0, 0x0, 0x0, 0x0,
    0x0,

    /* U+8FD4 "返" */
    0x0, 0x30, 0x0, 0x0, 0x0, 0x12, 0x46, 0x9b,
    0x10, 0x6, 0xf4, 0x0, 0x1d, 0xef, 0xff, 0xfd,
    0xb8, 0x20, 0x0, 0x9f, 0x30, 0x1f, 0x73, 0x21,
    0x0, 0x0, 0x0, 0x0, 0xb, 0x90, 0x1f, 0x30,
    0x0, 0x0, 0x0, 0x0, 0x0, 0x0, 0x0, 0x1f,
    0x97, 0x77, 0x77, 0x76, 0x0, 0x0, 0x0, 0x0,
    0x2f, 0xdc, 0xcc, 0xcc, 0xec, 0x0, 0x15, 0x55,
    0x20, 0x3f, 0x20, 0x0, 0x0, 0xd6, 0x0, 0x3f,
    0xff, 0x60, 0x5f, 0x2d, 0x50, 0x6, 0xf1, 0x0,
    0x0, 0xe, 0x60, 0x6e, 0x7, 0xf8, 0x2f, 0x60,
    0x0, 0x0, 0xe, 0x60, 0xac, 0x0, 0x4e, 0xfb,
    0x0, 0x0, 0x0, 0xe, 0x60, 0xe7, 0x0, 0x2d,
    0xfd, 0x10, 0x0, 0x0, 0xe, 0x67, 0xf2, 0x6,
    0xfb, 0x2d, 0xe2, 0x0, 0x0, 0xe, 0x7d, 0x92,
    0xef, 0x70, 0x0, 0xce, 0x10, 0x0, 0x8f, 0xc3,
    0x0, 0x61, 0x0, 0x0, 0x5, 0x0, 0x1c, 0xd5,
    0x9f, 0xb7, 0x54, 0x33, 0x44, 0x56, 0x71, 0x2e,
    0x20, 0x2, 0x8c, 0xef, 0xff, 0xff, 0xfe, 0xd0,
    0x0, 0x0, 0x0, 0x0, 0x0, 0x0, 0x0, 0x0,
    0x0,

    /* U+8FD8 "还" */
    0x3, 0xb1, 0x0, 0x0, 0x0, 0x0, 0x0, 0x0,
    0x0, 0x1, 0xdd, 0x11, 0xff, 0xff, 0xff, 0xff,
    0xff, 0xb0, 0x0, 0x1e, 0xd1, 0x66, 0x66, 0x6e,
    0xd6, 0x66, 0x40, 0x0, 0x3, 0xa1, 0x0, 0x0,
    0x4f, 0x50, 0x0, 0x0, 0x0, 0x0, 0x0, 0x0,
    0x0, 0xdd, 0x0, 0x0, 0x0, 0x0, 0x0, 0x0,
    0x0, 0xa, 0xfd, 0x14, 0x0, 0x0, 0x4f, 0xff,
    0x60, 0x0, 0x8f, 0xdd, 0x6f, 0x50, 0x0, 0x14,
    0x4f, 0x60, 0x8, 0xf7, 0x8d, 0x7, 0xf5, 0x0,
    0x0, 0xe, 0x61, 0xaf, 0x70, 0x8d, 0x0, 0x8f,
    0x40, 0x0, 0xe, 0x69, 0xf5, 0x0, 0x8d, 0x0,
    0x9, 0xd0, 0x0, 0xe, 0x60, 0x20, 0x0, 0x8d,
    0x0, 0x0, 0x10, 0x0, 0xe, 0x60, 0x0, 0x0,
    0x8d, 0x0, 0x0, 0x0, 0x0, 0xe, 0x70, 0x0,
    0x0, 0x8d, 0x0, 0x0, 0x0, 0x2, 0xcf, 0xe5,
    0x0, 0x0, 0x69, 0x0, 0x0, 0x0, 0x2e, 0xd3,
    0x7f, 0xe9, 0x65, 0x44, 0x45, 0x56, 0x74, 0x3e,
    0x20, 0x1, 0x7d, 0xff, 0xff, 0xff, 0xff, 0xe4,
    0x1, 0x0, 0x0, 0x0, 0x0, 0x11, 0x0, 0x0,
    0x0,

    /* U+8FDB "进" */
    0x1, 0xb2, 0x0, 0x0, 0x3f, 0x10, 0xe, 0x60,
    0x0, 0x0, 0x9e, 0x30, 0x0, 0x3f, 0x10, 0xf,
    0x60, 0x0, 0x0, 0xa, 0xe1, 0x0, 0x4f, 0x20,
    0xf, 0x70, 0x0, 0x0, 0x0, 0x80, 0xcf, 0xff,
    0xff, 0xff, 0xff, 0xb0, 0x0, 0x0, 0x0, 0x23,
    0x6f, 0x43, 0x3f, 0x83, 0x20, 0x0, 0x0, 0x0,
    0x0, 0x3f, 0x10, 0xf, 0x60, 0x0, 0xb, 0xcc,
    0xb0, 0x0, 0x4f, 0x10, 0xf, 0x60, 0x0, 0x6,
    0x6a, 0xe0, 0x78, 0xaf, 0x98, 0x8f, 0xb8, 0x80,
    0x0, 0x6, 0xe0, 0xab, 0xdf, 0xbb, 0xbf, 0xdb,
    0xb0, 0x0, 0x6, 0xe0, 0x0, 0xba, 0x0, 0xf,
    0x60, 0x0, 0x0, 0x6, 0xe0, 0x1, 0xf5, 0x0,
    0xf, 0x60, 0x0, 0x0, 0x6, 0xe0, 0xa, 0xe1,
    0x0, 0xf, 0x60, 0x0, 0x0, 0x8, 0xf0, 0x6f,
    0x50, 0x0, 0xf, 0x60, 0x0, 0x0, 0x9f, 0xfc,
    0x23, 0x0, 0x0, 0x5, 0x20, 0x0, 0x9, 0xf4,
    0x1b, 0xfa, 0x54, 0x33, 0x34, 0x45, 0x73, 0xc,
    0x60, 0x0, 0x3a, 0xdf, 0xff, 0xff, 0xff, 0xe2,
    0x0, 0x0, 0x0, 0x0, 0x0, 0x0, 0x0, 0x0,
    0x0,

    /* U+8FDC "远" */
    0x0, 0x0, 0x0, 0x0, 0x0, 0x0, 0x0, 0x0,
    0x0, 0xa, 0xb1, 0x0, 0x4f, 0xff, 0xff, 0xff,
    0xfd, 0x0, 0x2, 0xcf, 0x50, 0x13, 0x33, 0x33,
    0x33, 0x33, 0x0, 0x0, 0x8, 0xb0, 0x0, 0x0,
    0x0, 0x0, 0x0, 0x0, 0x0, 0x0, 0x0, 0x11,
    0x11, 0x11, 0x11, 0x11, 0x10, 0x0, 0x0, 0x7,
    0xff, 0xff, 0xff, 0xff, 0xff, 0xe0, 0x5f, 0xff,
    0x50, 0x11, 0x7e, 0x11, 0xe6, 0x11, 0x10, 0x14,
    0x4f, 0x60, 0x0, 0x8c, 0x0, 0xe5, 0x0, 0x0,
    0x0, 0xe, 0x60, 0x0, 0xaa, 0x0, 0xe5, 0x0,
    0x0, 0x0, 0xe, 0x60, 0x0, 0xf6, 0x0, 0xe5,
    0x0, 0x0, 0x0, 0xe, 0x60, 0x6, 0xf1, 0x0,
    0xe5, 0x2, 0xd0, 0x0, 0xe, 0x60, 0x5f, 0x70,
    0x0, 0xe6, 0x4, 0xd0, 0x0, 0xe, 0x69, 0xf8,
    0x0, 0x0, 0xcf, 0xff, 0x90, 0x0, 0x7f, 0xd6,
    0x30, 0x0, 0x0, 0x3, 0x43, 0x0, 0xb, 0xe3,
    0x5e, 0xc7, 0x43, 0x22, 0x33, 0x45, 0x61, 0x2e,
    0x20, 0x0, 0x6c, 0xff, 0xff, 0xff, 0xff, 0xe0,
    0x1, 0x0, 0x0, 0x0, 0x0, 0x11, 0x0, 0x0,
    0x0,

    /* U+8FF9 "迹" */
    0x0, 0x0, 0x0, 0x0, 0x1, 0xc4, 0x0, 0x0,
    0x0, 0x5, 0x80, 0x0, 0x0, 0x0, 0xbd, 0x0,
    0x0, 0x0, 0x3, 0xdd, 0x20, 0x55, 0x55, 0x8f,
    0x85, 0x55, 0x50, 0x0, 0xa, 0xe2, 0xee, 0xef,
    0xfe, 0xff, 0xee, 0xe0, 0x0, 0x0, 0x20, 0x0,
    0xb, 0x80, 0xa9, 0x0, 0x0, 0x0, 0x0, 0x0,
    0x1a, 0xb, 0x80, 0xa9, 0x65, 0x0, 0x2f, 0xff,
    0x50, 0x7d, 0xc, 0x70, 0xa9, 0x6d, 0x0, 0x4,
    0x4f, 0x60, 0xc7, 0xc, 0x70, 0xa9, 0xe, 0x50,
    0x0, 0xe, 0x65, 0xf1, 0xf, 0x40, 0xa9, 0x8,
    0xb0, 0x0, 0xe, 0x6e, 0x80, 0x3f, 0x10, 0xa9,
    0x4, 0xf1, 0x0, 0xe, 0x63, 0x0, 0xab, 0x0,
    0xa9, 0x0, 0x60, 0x0, 0xe, 0x60, 0x3, 0xf4,
    0x0, 0xa9, 0x0, 0x0, 0x0, 0xe, 0x60, 0x3e,
    0x90, 0x24, 0xc9, 0x0, 0x0, 0x0, 0x6f, 0xc3,
    0x6a, 0x0, 0x6e, 0xd4, 0x0, 0x0, 0xa, 0xe3,
    0x5e, 0xc6, 0x43, 0x22, 0x33, 0x45, 0x70, 0x2e,
    0x30, 0x0, 0x6c, 0xff, 0xff, 0xff, 0xff, 0xd0,
    0x1, 0x0, 0x0, 0x0, 0x0, 0x11, 0x0, 0x0,
    0x0,

    /* U+9006 "逆" */
    0x0, 0x0, 0x0, 0x0, 0x0, 0x0, 0x0, 0x0,
    0x0, 0x2, 0x0, 0x0, 0xa, 0xb0, 0x0, 0x7,
    0xe1, 0x0, 0xd, 0xc1, 0x0, 0x1, 0xf7, 0x0,
    0x1f, 0x80, 0x0, 0x1, 0xdc, 0x0, 0x11, 0x8b,
    0x11, 0x9e, 0x11, 0x10, 0x0, 0x2e, 0x49, 0xff,
    0xff, 0xff, 0xff, 0xff, 0xe0, 0x0, 0x1, 0x1,
    0x11, 0x11, 0x9d, 0x11, 0x11, 0x10, 0x0, 0x0,
    0x0, 0x89, 0x0, 0x8d, 0x0, 0x4d, 0x0, 0x3e,
    0xee, 0x50, 0x9a, 0x0, 0x8d, 0x0, 0x4f, 0x0,
    0x15, 0x5f, 0x50, 0x9a, 0x0, 0x8d, 0x0, 0x4f,
    0x0, 0x0, 0xe, 0x50, 0x9b, 0x11, 0x9d, 0x11,
    0x5f, 0x0, 0x0, 0xe, 0x50, 0x9f, 0xff, 0xff,
    0xff, 0xff, 0x0, 0x0, 0xe, 0x50, 0x11, 0x11,
    0xe9, 0x11, 0x11, 0x0, 0x0, 0xe, 0x50, 0x0,
    0x7, 0xf2, 0x0, 0x0, 0x0, 0x0, 0xe, 0x50,
    0x0, 0x8f, 0x60, 0x0, 0x0, 0x0, 0x0, 0x7f,
    0xd3, 0x3f, 0xe5, 0x0, 0x0, 0x0, 0x0, 0xa,
    0xe4, 0x5e, 0xcb, 0x42, 0x22, 0x23, 0x35, 0x61,
    0x2e, 0x20, 0x1, 0x6c, 0xff, 0xff, 0xff, 0xff,
    0xe0, 0x1, 0x0, 0x0, 0x0, 0x0, 0x11, 0x10,
    0x0, 0x0,

    /* U+9009 "选" */
    0x0, 0x0, 0x0, 0x0, 0x0, 0x0, 0x0, 0x0,
    0x0, 0x4, 0x30, 0x0, 0x2, 0x80, 0x4f, 0x0,
    0x0, 0x0, 0x9, 0xf5, 0x0, 0x8, 0xd0, 0x4f,
    0x0, 0x0, 0x0, 0x0, 0x9f, 0x40, 0xe, 0xfd,
    0xef, 0xdd, 0xdd, 0x30, 0x0, 0xb, 0x70, 0x9e,
    0x55, 0x8f, 0x55, 0x55, 0x10, 0x0, 0x0, 0x1,
    0xe5, 0x0, 0x4f, 0x0, 0x0, 0x0, 0x0, 0x0,
    0x0, 0x10, 0x0, 0x4f, 0x0, 0x0, 0x0, 0x3,
    0x33, 0x15, 0xdd, 0xdd, 0xef, 0xdd, 0xdd, 0xd0,
    0x1f, 0xff, 0x52, 0x66, 0x7f, 0x76, 0xfa, 0x66,
    0x60, 0x0, 0xe, 0x50, 0x0, 0x5f, 0x0, 0xe6,
    0x0, 0x0, 0x0, 0xe, 0x50, 0x0, 0xac, 0x0,
    0xe6, 0x0, 0x0, 0x0, 0xe, 0x50, 0x3, 0xf5,
    0x0, 0xe6, 0x1, 0xd0, 0x0, 0xe, 0x50, 0x4f,
    0xb0, 0x0, 0xe7, 0x2, 0xf0, 0x0, 0xe, 0x59,
    0xfa, 0x0, 0x0, 0xcf, 0xff, 0xb0, 0x0, 0x2f,
    0xc6, 0x30, 0x0, 0x0, 0x4, 0x44, 0x10, 0x8,
    0xfa, 0x8e, 0xc7, 0x43, 0x33, 0x34, 0x45, 0x61,
    0x1e, 0x70, 0x1, 0x7c, 0xff, 0xff, 0xff, 0xff,
    0xe0, 0x1, 0x0, 0x0, 0x0, 0x0, 0x11, 0x0,
    0x0, 0x0,

    /* U+9010 "逐" */
    0x1, 0x10, 0x1, 0x22, 0x22, 0x22, 0x22, 0x22,
    0x20, 0xa, 0xe2, 0x5, 0xff, 0xff, 0xff, 0xff,
    0xff, 0xe0, 0x0, 0xbe, 0x10, 0x0, 0x6, 0xf6,
    0x0, 0x0, 0x0, 0x0, 0xd, 0x70, 0x1, 0xbf,
    0xd0, 0x0, 0x7, 0x10, 0x0, 0x0, 0x2, 0x9f,
    0x92, 0xba, 0x0, 0x9e, 0x30, 0x0, 0x0, 0x7,
    0xb3, 0x2, 0xdf, 0x6b, 0xc1, 0x0, 0x3e, 0xee,
    0x50, 0x0, 0x5e, 0x77, 0xfc, 0x0, 0x0, 0x15,
    0x5f, 0x50, 0x5d, 0xe4, 0x8, 0xff, 0x50, 0x0,
    0x0, 0xe, 0x50, 0xc7, 0x0, 0x7e, 0xeb, 0xf6,
    0x0, 0x0, 0xe, 0x50, 0x0, 0x1a, 0xd2, 0xd7,
    0x5f, 0x50, 0x0, 0xe, 0x50, 0x7, 0xeb, 0x0,
    0xd7, 0x7, 0xe0, 0x0, 0xe, 0x56, 0xed, 0x50,
    0x0, 0xf5, 0x0, 0x20, 0x0, 0xe, 0x51, 0x50,
    0x5, 0x4b, 0xe0, 0x0, 0x0, 0x0, 0x7f, 0xd4,
    0x0, 0xc, 0xec, 0x30, 0x0, 0x0, 0xb, 0xe5,
    0x6e, 0xc7, 0x43, 0x22, 0x33, 0x45, 0x62, 0x2e,
    0x30, 0x0, 0x6b, 0xef, 0xff, 0xff, 0xff, 0xe2,
    0x0, 0x0, 0x0, 0x0, 0x0, 0x0, 0x0, 0x0,
    0x0,

    /* U+901A "通" */
    0x0, 0x0, 0x0, 0x33, 0x33, 0x33, 0x33, 0x32,
    0x0, 0xb, 0xa0, 0x0, 0xbd, 0xdd, 0xdd, 0xdd,
    0xfd, 0x0, 0x1, 0xcc, 0x10, 0x0, 0x97, 0x20,
    0x6e, 0x90, 0x0, 0x0, 0xb, 0xa0, 0x0, 0x28,
    0xdf, 0xe3, 0x0, 0x0, 0x0, 0x0, 0x0, 0xcd,
    0xdd, 0xdf, 0xff, 0xdd, 0x30, 0x0, 0x0, 0x0,
    0xe8, 0x33, 0x7f, 0x33, 0x3f, 0x40, 0x26, 0x66,
    0x20, 0xe5, 0x0, 0x4e, 0x0, 0xf, 0x40, 0x6e,
    0xef, 0x60, 0xef, 0xff, 0xff, 0xff, 0xff, 0x40,
    0x0, 0xe, 0x60, 0xe6, 0x0, 0x5e, 0x0, 0xf,
    0x40, 0x0, 0xe, 0x60, 0xe7, 0x11, 0x5e, 0x11,
    0x1f, 0x40, 0x0, 0xe, 0x60, 0xef, 0xff, 0xff,
    0xff, 0xff, 0x40, 0x0, 0xe, 0x60, 0xe5, 0x0,
    0x4e, 0x0, 0xf, 0x40, 0x0, 0xe, 0x60, 0xe5,
    0x0, 0x4e, 0x1, 0x2f, 0x40, 0x0, 0x6f, 0xb1,
    0xd5, 0x0, 0x4c, 0xe, 0xfc, 0x10, 0xb, 0xc1,
    0x6e, 0xa5, 0x22, 0x11, 0x22, 0x34, 0x61, 0x4e,
    0x10, 0x1, 0x7c, 0xff, 0xff, 0xff, 0xff, 0xe0,
    0x1, 0x0, 0x0, 0x0, 0x0, 0x11, 0x10, 0x0,
    0x0,

    /* U+9020 "造" */
    0x1, 0x20, 0x0, 0x5, 0x80, 0x7d, 0x0, 0x0,
    0x0, 0x9, 0xe3, 0x0, 0xc, 0x80, 0x7d, 0x0,
    0x0, 0x0, 0x0, 0xaf, 0x20, 0x3f, 0xff, 0xff,
    0xff, 0xff, 0x20, 0x0, 0xc, 0x90, 0xd9, 0x33,
    0x9e, 0x33, 0x33, 0x0, 0x0, 0x0, 0x6, 0xe0,
    0x0, 0x7d, 0x0, 0x0, 0x0, 0x0, 0x0, 0x2,
    0x43, 0x33, 0x9e, 0x33, 0x33, 0x30, 0x0, 0x0,
    0xa, 0xff, 0xff, 0xff, 0xff, 0xff, 0xe0, 0x4e,
    0xef, 0x50, 0x0, 0x0, 0x0, 0x0, 0x0, 0x0,
    0x0, 0xe, 0x50, 0x3f, 0xff, 0xff, 0xff, 0xf8,
    0x0, 0x0, 0xe, 0x50, 0x3f, 0x43, 0x33, 0x33,
    0xd8, 0x0, 0x0, 0xe, 0x50, 0x3f, 0x0, 0x0,
    0x0, 0xc8, 0x0, 0x0, 0xe, 0x50, 0x3f, 0x0,
    0x0, 0x0, 0xc8, 0x0, 0x0, 0xe, 0x50, 0x3f,
    0xff, 0xff, 0xff, 0xf8, 0x0, 0x0, 0x5f, 0xc2,
    0x3, 0x33, 0x33, 0x33, 0x31, 0x0, 0x9, 0xf9,
    0xaf, 0xa5, 0x32, 0x22, 0x23, 0x44, 0x61, 0x1e,
    0x50, 0x3, 0x9e, 0xff, 0xff, 0xff, 0xff, 0xe1,
    0x1, 0x0, 0x0, 0x0, 0x0, 0x11, 0x0, 0x0,
    0x0,

    /* U+9032 "進" */
    0x5, 0x40, 0x0, 0x0, 0xc3, 0x7, 0x40, 0x0,
    0x0, 0xa, 0xf5, 0x0, 0x7, 0xe0, 0xa, 0xd0,
    0x0, 0x0, 0x0, 0x9f, 0x40, 0xe, 0x92, 0x25,
    0xf6, 0x22, 0x10, 0x0, 0xb, 0x70, 0x8f, 0xff,
    0xff, 0xff, 0xff, 0x90, 0x0, 0x0, 0x4, 0xff,
    0x0, 0x5, 0xe0, 0x0, 0x0, 0x0, 0x0, 0x2f,
    0xdf, 0x21, 0x16, 0xe1, 0x11, 0x0, 0x1, 0x11,
    0x3b, 0x4f, 0xff, 0xff, 0xff, 0xff, 0x0, 0xf,
    0xff, 0x70, 0x3f, 0x0, 0x5, 0xe0, 0x0, 0x0,
    0x3, 0x3f, 0x70, 0x3f, 0x32, 0x26, 0xe2, 0x22,
    0x0, 0x0, 0xe, 0x70, 0x3f, 0xff, 0xff, 0xff,
    0xff, 0x0, 0x0, 0xe, 0x70, 0x3f, 0x0, 0x5,
    0xe0, 0x0, 0x0, 0x0, 0xe, 0x70, 0x3f, 0x43,
    0x37, 0xf3, 0x33, 0x30, 0x0, 0xe, 0x70, 0x3f,
    0xff, 0xff, 0xff, 0xff, 0xe0, 0x0, 0x6f, 0xd4,
    0x0, 0x0, 0x0, 0x0, 0x0, 0x0, 0x1b, 0xf8,
    0x8f, 0xe9, 0x65, 0x44, 0x55, 0x66, 0x71, 0x1d,
    0x60, 0x1, 0x7c, 0xff, 0xff, 0xff, 0xff, 0xe0,
    0x1, 0x0, 0x0, 0x0, 0x0, 0x11, 0x0, 0x0,
    0x0,

    /* U+904A "遊" */
    0x0, 0x0, 0x0, 0x0, 0x0, 0x0, 0x32, 0x0,
    0x0, 0x1, 0x0, 0x0, 0xb, 0x60, 0x0, 0xe7,
    0x0, 0x0, 0xd, 0xb1, 0x0, 0x5, 0xc0, 0x4,
    0xf7, 0x55, 0x51, 0x2, 0xdd, 0x3e, 0xee, 0xfe,
    0xdc, 0xec, 0xcc, 0xc2, 0x0, 0x1c, 0x44, 0x7d,
    0x44, 0x9f, 0x20, 0x0, 0x0, 0x0, 0x0, 0x0,
    0x4d, 0x0, 0x39, 0xaa, 0xaa, 0x80, 0x0, 0x0,
    0x0, 0x4f, 0xdd, 0x62, 0x66, 0x8f, 0x60, 0x4f,
    0xff, 0x60, 0x5d, 0x4c, 0x70, 0x2, 0xe6, 0x0,
    0x13, 0x3f, 0x60, 0x5c, 0xb, 0x60, 0x4, 0xd0,
    0x0, 0x0, 0xe, 0x60, 0x8a, 0xc, 0x6c, 0xcd,
    0xfc, 0xc3, 0x0, 0xe, 0x60, 0xb7, 0xd, 0x54,
    0x48, 0xe4, 0x41, 0x0, 0xe, 0x61, 0xf3, 0xd,
    0x40, 0x4, 0xd0, 0x0, 0x0, 0xe, 0x68, 0xd0,
    0xf, 0x30, 0x4, 0xd0, 0x0, 0x0, 0xe, 0x9f,
    0x41, 0x4f, 0x11, 0x37, 0xd0, 0x0, 0x0, 0x6f,
    0xd9, 0x6, 0xea, 0x2, 0xed, 0x60, 0x0, 0xb,
    0xe5, 0x6e, 0xc7, 0x43, 0x22, 0x33, 0x45, 0x62,
    0x2e, 0x30, 0x1, 0x6c, 0xff, 0xff, 0xff, 0xff,
    0xf1, 0x1, 0x0, 0x0, 0x0, 0x0, 0x11, 0x0,
    0x0, 0x0,

    /* U+904D "遍" */
    0x0, 0x30, 0x0, 0x0, 0x0, 0xa7, 0x0, 0x0,
    0x0, 0x4, 0xf5, 0x0, 0x11, 0x11, 0x9e, 0x21,
    0x11, 0x0, 0x0, 0x6f, 0x30, 0xde, 0xee, 0xee,
    0xee, 0xef, 0x30, 0x0, 0x8, 0x80, 0xd5, 0x0,
    0x0, 0x0, 0xf, 0x30, 0x0, 0x0, 0x0, 0xde,
    0xdd, 0xdd, 0xdd, 0xdf, 0x30, 0x0, 0x0, 0x0,
    0xd6, 0x22, 0x22, 0x22, 0x22, 0x0, 0x3f, 0xff,
    0x50, 0xe4, 0x11, 0x11, 0x11, 0x11, 0x0, 0x17,
    0x7f, 0x50, 0xfa, 0xfe, 0xfe, 0xef, 0xef, 0x80,
    0x0, 0xf, 0x51, 0xf9, 0x90, 0xd1, 0x1e, 0x9,
    0x80, 0x0, 0xf, 0x54, 0xe8, 0xa2, 0xe3, 0x3e,
    0x2a, 0x80, 0x0, 0xf, 0x57, 0xb8, 0xfd, 0xfe,
    0xef, 0xdf, 0x80, 0x0, 0xf, 0x5d, 0x68, 0x90,
    0xd1, 0x1e, 0x9, 0x80, 0x0, 0xf, 0x6c, 0x18,
    0x90, 0xd1, 0x1e, 0xa, 0x80, 0x1, 0xaf, 0xd4,
    0x7, 0x80, 0x90, 0x9, 0x7d, 0x40, 0x1d, 0xd2,
    0x7f, 0xd8, 0x54, 0x34, 0x44, 0x56, 0x73, 0x3e,
    0x20, 0x2, 0x7d, 0xff, 0xff, 0xff, 0xff, 0xe3,
    0x1, 0x0, 0x0, 0x0, 0x0, 0x11, 0x0, 0x0,
    0x0,

    /* U+904E "過" */
    0x2, 0x80, 0x0, 0x2, 0x44, 0x44, 0x44, 0x30,
    0x0, 0x2, 0xeb, 0x0, 0x8, 0xfc, 0xcc, 0xcd,
    0xe0, 0x0, 0x0, 0x2e, 0xa0, 0x8, 0xb0, 0x0,
    0x5, 0xe0, 0x0, 0x0, 0x3, 0x80, 0x8, 0xff,
    0xfe, 0x5, 0xe0, 0x0, 0x0, 0x0, 0x0, 0x8,
    0xb0, 0x1e, 0x5, 0xe0, 0x0, 0x1, 0x11, 0x0,
    0x8, 0xc0, 0x1e, 0x5, 0xe0, 0x0, 0x4f, 0xff,
    0x50, 0xef, 0xff, 0xff, 0xff, 0xff, 0x40, 0x1,
    0x1e, 0x50, 0xe4, 0x0, 0x0, 0x0, 0xe, 0x40,
    0x0, 0xe, 0x50, 0xe4, 0x2e, 0xee, 0xe7, 0xe,
    0x40, 0x0, 0xe, 0x50, 0xe4, 0x2e, 0x0, 0x87,
    0xe, 0x40, 0x0, 0xe, 0x50, 0xe4, 0x2e, 0x0,
    0x87, 0xe, 0x40, 0x0, 0xe, 0x50, 0xe4, 0x2f,
    0xee, 0xf7, 0xe, 0x40, 0x0, 0x1f, 0x50, 0xe4,
    0x19, 0x11, 0x13, 0x3f, 0x40, 0x3, 0xef, 0xd2,
    0xd3, 0x0, 0x0, 0x8, 0xeb, 0x10, 0x2e, 0xb2,
    0x9f, 0xc6, 0x43, 0x33, 0x34, 0x45, 0x73, 0x5d,
    0x0, 0x3, 0x9e, 0xff, 0xff, 0xff, 0xff, 0xe2,
    0x1, 0x0, 0x0, 0x0, 0x1, 0x11, 0x10, 0x0,
    0x0,

    /* U+9053 "道" */
    0x0, 0x0, 0x0, 0x0, 0x30, 0x0, 0x0, 0x20,
    0x0, 0x1, 0x60, 0x0, 0x2, 0xf6, 0x0, 0x6,
    0xf1, 0x0, 0x3, 0xf8, 0x0, 0x0, 0x7d, 0x0,
    0x1e, 0x60, 0x0, 0x0, 0x5f, 0x53, 0xff, 0xff,
    0xff, 0xff, 0xff, 0xf6, 0x0, 0x9, 0xb0, 0x22,
    0x22, 0x9f, 0x32, 0x22, 0x21, 0x0, 0x0, 0x0,
    0x0, 0x0, 0xbb, 0x0, 0x0, 0x0, 0x0, 0x0,
    0x0, 0xe, 0xff, 0xff, 0xff, 0xfe, 0x0, 0xa,
    0xbb, 0xa0, 0xe, 0x50, 0x0, 0x0, 0x6e, 0x0,
    0x4, 0x59, 0xe0, 0xe, 0xdc, 0xcc, 0xcc, 0xee,
    0x0, 0x0, 0x5, 0xe0, 0xe, 0x72, 0x22, 0x22,
    0x7e, 0x0, 0x0, 0x5, 0xe0, 0xe, 0x50, 0x0,
    0x0, 0x6e, 0x0, 0x0, 0x5, 0xe0, 0xe, 0xff,
    0xff, 0xff, 0xfe, 0x0, 0x0, 0x5, 0xe0, 0xe,
    0x50, 0x0, 0x0, 0x6e, 0x0, 0x0, 0x6, 0xe0,
    0xe, 0xed, 0xdd, 0xdd, 0xee, 0x0, 0x0, 0x4e,
    0xf9, 0x2, 0x22, 0x22, 0x22, 0x22, 0x0, 0x5,
    0xf8, 0x4c, 0xe9, 0x43, 0x22, 0x22, 0x34, 0x54,
    0xc, 0x80, 0x0, 0x4a, 0xef, 0xff, 0xff, 0xff,
    0xf6, 0x1, 0x0, 0x0, 0x0, 0x0, 0x1, 0x10,
    0x0, 0x0,

    /* U+9055 "違" */
    0x0, 0x0, 0x0, 0x0, 0x1, 0x30, 0x0, 0x0,
    0x0, 0x5, 0x40, 0x0, 0x0, 0x8, 0xd0, 0x0,
    0x0, 0x0, 0x8, 0xf6, 0x0, 0x9f, 0xff, 0xff,
    0xff, 0xb0, 0x0, 0x0, 0x8f, 0x50, 0x0, 0x2f,
    0x20, 0x7, 0xb0, 0x0, 0x0, 0xa, 0x79, 0xbb,
    0xdf, 0xcb, 0xbd, 0xeb, 0xb1, 0x0, 0x0, 0x3,
    0x33, 0x33, 0x33, 0x33, 0x33, 0x30, 0x0, 0x0,
    0x0, 0x3e, 0xee, 0xee, 0xee, 0xe5, 0x0, 0x3,
    0x33, 0x10, 0x4f, 0x0, 0x0, 0x0, 0xe5, 0x0,
    0x1f, 0xff, 0x50, 0x4f, 0x77, 0x77, 0x77, 0xf5,
    0x0, 0x0, 0xe, 0x50, 0x14, 0x44, 0x4b, 0xc4,
    0x41, 0x0, 0x0, 0xe, 0x52, 0xdd, 0xdd, 0xdf,
    0xfd, 0xdd, 0xa0, 0x0, 0xe, 0x50, 0x6e, 0x22,
    0x2a, 0xb2, 0x22, 0x10, 0x0, 0xe, 0x50, 0x8b,
    0x0, 0x9, 0xa0, 0x0, 0x0, 0x0, 0xe, 0x50,
    0xce, 0xee, 0xef, 0xfe, 0xee, 0x60, 0x0, 0x4f,
    0xa1, 0x0, 0x0, 0x9, 0xa0, 0x0, 0x0, 0xa,
    0xf7, 0x8e, 0xa6, 0x32, 0x25, 0x62, 0x34, 0x51,
    0x4e, 0x30, 0x1, 0x7c, 0xff, 0xff, 0xff, 0xff,
    0xe0, 0x1, 0x0, 0x0, 0x0, 0x0, 0x11, 0x0,
    0x0, 0x0,

    /* U+9057 "遗" */
    0x0, 0x0, 0x0, 0x0, 0x0, 0x10, 0x0, 0x0,
    0x0, 0x4, 0x80, 0x0, 0x0, 0x0, 0xd7, 0x0,
    0x0, 0x0, 0x3, 0xf8, 0x0, 0xef, 0xff, 0xff,
    0xff, 0xfc, 0x0, 0x0, 0x3f, 0x60, 0xe5, 0x0,
    0xd6, 0x0, 0x8c, 0x0, 0x0, 0x5, 0x80, 0xef,
    0xee, 0xff, 0xee, 0xfc, 0x0, 0x0, 0x0, 0x0,
    0x0, 0x0, 0xd7, 0x0, 0x0, 0x0, 0x0, 0x0,
    0xd, 0xee, 0xee, 0xff, 0xee, 0xee, 0xc0, 0x4f,
    0xff, 0x61, 0x11, 0x11, 0x11, 0x11, 0x11, 0x10,
    0x13, 0x3f, 0x60, 0xaf, 0xff, 0xff, 0xff, 0xf6,
    0x0, 0x0, 0xe, 0x60, 0xaa, 0x0, 0x63, 0x0,
    0xf6, 0x0, 0x0, 0xe, 0x60, 0xaa, 0x0, 0xe6,
    0x0, 0xf6, 0x0, 0x0, 0xe, 0x60, 0xaa, 0x0,
    0xf5, 0x0, 0xf6, 0x0, 0x0, 0xe, 0x60, 0x55,
    0x9, 0xd3, 0x72, 0x52, 0x0, 0x0, 0xe, 0x60,
    0x16, 0xdd, 0x22, 0x9f, 0xc6, 0x0, 0x1, 0xbf,
    0xc4, 0xfb, 0x50, 0x0, 0x0, 0x6d, 0x50, 0x2e,
    0xb2, 0x8f, 0xb6, 0x33, 0x22, 0x33, 0x45, 0x62,
    0x5d, 0x0, 0x2, 0x8d, 0xff, 0xff, 0xff, 0xff,
    0xe1, 0x1, 0x0, 0x0, 0x0, 0x1, 0x11, 0x10,
    0x0, 0x0,

    /* U+905E "遞" */
    0x0, 0x0, 0x0, 0x0, 0x0, 0x0, 0x0, 0x22,
    0x0, 0x3, 0xe3, 0x0, 0x2, 0x46, 0x79, 0xce,
    0xfb, 0x10, 0x0, 0x9f, 0x30, 0xee, 0xca, 0x8b,
    0xd2, 0x0, 0x0, 0x0, 0xb, 0xe1, 0xe3, 0x0,
    0x7, 0xfb, 0xbb, 0x10, 0x0, 0x0, 0x60, 0xe3,
    0x0, 0x7, 0xc1, 0x11, 0x0, 0x0, 0x0, 0x0,
    0xe3, 0x5f, 0xff, 0xff, 0xff, 0xf1, 0x0, 0x0,
    0x0, 0xf3, 0x5c, 0x6, 0xb0, 0x5, 0xc0, 0x3f,
    0xff, 0x20, 0xf2, 0x5c, 0xae, 0xfc, 0xb3, 0x10,
    0x3, 0x5f, 0x21, 0xf1, 0x5c, 0x15, 0xd4, 0x48,
    0x60, 0x0, 0x2f, 0x22, 0xf0, 0x6b, 0x0, 0x78,
    0x87, 0x10, 0x0, 0x2f, 0x25, 0xc0, 0x98, 0x1e,
    0xee, 0xb0, 0x0, 0x0, 0x2f, 0x29, 0x80, 0xd5,
    0x2e, 0x4, 0xc0, 0x0, 0x0, 0x2f, 0x3f, 0x33,
    0xf0, 0x5c, 0x4, 0xc0, 0x41, 0x0, 0x2f, 0x7c,
    0xd, 0x90, 0xc7, 0x3, 0xd2, 0xc5, 0x1, 0xbf,
    0xc4, 0x1a, 0x9, 0xa0, 0x0, 0x9c, 0xa1, 0x1d,
    0xc2, 0x8f, 0xc7, 0x44, 0x33, 0x34, 0x45, 0x65,
    0x3e, 0x10, 0x2, 0x8e, 0xff, 0xff, 0xff, 0xff,
    0xf7, 0x1, 0x0, 0x0, 0x0, 0x1, 0x11, 0x10,
    0x0, 0x0,

    /* U+9060 "遠" */
    0x0, 0x10, 0x0, 0x0, 0x0, 0xc6, 0x0, 0x0,
    0x0, 0x9, 0xe4, 0x0, 0xef, 0xff, 0xff, 0xff,
    0xf9, 0x0, 0x0, 0xaf, 0x60, 0x11, 0x11, 0xd7,
    0x11, 0x10, 0x0, 0x0, 0x9, 0xe3, 0x33, 0x33,
    0xe9, 0x33, 0x33, 0x20, 0x0, 0x0, 0x2b, 0xdd,
    0xdd, 0xdd, 0xdd, 0xdd, 0x90, 0x0, 0x0, 0x0,
    0x12, 0x22, 0x22, 0x22, 0x20, 0x0, 0x19, 0x99,
    0x30, 0x6f, 0xcc, 0xcc, 0xcd, 0xf2, 0x0, 0x17,
    0x7f, 0x60, 0x6d, 0x0, 0x0, 0x1, 0xf2, 0x0,
    0x0, 0xe, 0x60, 0x6f, 0xdd, 0xdd, 0xdd, 0xf3,
    0x0, 0x0, 0xe, 0x60, 0x2, 0x3d, 0xfb, 0x22,
    0x9e, 0x20, 0x0, 0xe, 0x60, 0x3, 0xdc, 0xed,
    0xec, 0xb2, 0x0, 0x0, 0xe, 0x63, 0xbf, 0x80,
    0xe6, 0x4d, 0xb1, 0x0, 0x0, 0xe, 0x69, 0xa2,
    0x0, 0xe6, 0x0, 0x9e, 0x0, 0x0, 0xaf, 0xe5,
    0x0, 0x0, 0xc5, 0x0, 0x1, 0x0, 0xc, 0xd2,
    0x4e, 0xd7, 0x43, 0x22, 0x33, 0x46, 0x70, 0x2e,
    0x20, 0x0, 0x6c, 0xff, 0xff, 0xff, 0xff, 0xc0,
    0x1, 0x0, 0x0, 0x0, 0x0, 0x11, 0x0, 0x0,
    0x0,

    /* U+9078 "選" */
    0x0, 0x0, 0x0, 0x22, 0x22, 0x10, 0x22, 0x22,
    0x0, 0xb, 0xd1, 0x2, 0xfc, 0xcf, 0xa4, 0xfc,
    0xcf, 0x30, 0x1, 0xcd, 0x12, 0xe0, 0xe, 0xa4,
    0xc0, 0xe, 0x30, 0x0, 0x1e, 0xa2, 0xfe, 0xee,
    0x94, 0xfe, 0xee, 0x30, 0x0, 0x2, 0x2, 0xf0,
    0x0, 0x85, 0xd0, 0x2, 0x80, 0x0, 0x0, 0x0,
    0xcf, 0xff, 0xb2, 0xdf, 0xfe, 0x70, 0x3, 0x33,
    0x10, 0x0, 0xe4, 0x0, 0x5b, 0x0, 0x0, 0x1f,
    0xff, 0x50, 0x33, 0xf7, 0x33, 0x8c, 0x33, 0x0,
    0x4, 0x4f, 0x50, 0xcc, 0xfd, 0xcc, 0xef, 0xcc,
    0x10, 0x0, 0xe, 0x50, 0x0, 0xe4, 0x0, 0x5b,
    0x0, 0x0, 0x0, 0xe, 0x5b, 0xee, 0xff, 0xee,
    0xff, 0xee, 0xb0, 0x0, 0xe, 0x51, 0x11, 0x99,
    0x11, 0x98, 0x21, 0x10, 0x0, 0xe, 0x50, 0x1a,
    0xe2, 0x0, 0x2c, 0xd3, 0x0, 0x0, 0x4f, 0xd5,
    0xdb, 0x10, 0x0, 0x0, 0x8e, 0x10, 0x9, 0xf9,
    0x7e, 0xd7, 0x32, 0x22, 0x23, 0x35, 0x50, 0x2e,
    0x50, 0x1, 0x7c, 0xff, 0xff, 0xff, 0xff, 0xc0,
    0x1, 0x0, 0x0, 0x0, 0x0, 0x11, 0x0, 0x0,
    0x0,

    /* U+907A "遺" */
    0x0, 0x0, 0x0, 0x0, 0x0, 0x42, 0x0, 0x0,
    0x0, 0x3, 0xa0, 0x0, 0x0, 0x0, 0xe6, 0x0,
    0x0, 0x0, 0x1, 0xdc, 0x10, 0x7f, 0xdd, 0xfe,
    0xdd, 0xf7, 0x0, 0x0, 0x1d, 0xc0, 0x7c, 0x33,
    0xf8, 0x33, 0xd7, 0x0, 0x0, 0x1, 0x70, 0x48,
    0x88, 0xfb, 0x88, 0x84, 0x0, 0x0, 0x0, 0xb,
    0xbb, 0xbb, 0xfd, 0xbb, 0xbb, 0xb0, 0x2, 0x22,
    0x13, 0x33, 0x33, 0x33, 0x33, 0x33, 0x30, 0x4f,
    0xff, 0x50, 0x4d, 0xdd, 0xdd, 0xdd, 0xd5, 0x0,
    0x3, 0x3f, 0x50, 0x5e, 0x0, 0x0, 0x0, 0xe5,
    0x0, 0x0, 0xe, 0x50, 0x5f, 0xbb, 0xbb, 0xbb,
    0xf5, 0x0, 0x0, 0xe, 0x50, 0x5f, 0x66, 0x66,
    0x66, 0xf5, 0x0, 0x0, 0xe, 0x50, 0x5f, 0x55,
    0x55, 0x55, 0xf5, 0x0, 0x0, 0xe, 0x50, 0x5f,
    0xcc, 0xcc, 0xcc, 0xf5, 0x0, 0x0, 0xe, 0x50,
    0x2, 0xaa, 0x1, 0xe8, 0x20, 0x0, 0x2, 0xcf,
    0xc3, 0xae, 0x60, 0x0, 0x17, 0xeb, 0x10, 0x2e,
    0xb2, 0x9f, 0xe7, 0x43, 0x33, 0x34, 0x5a, 0x73,
    0x5d, 0x0, 0x3, 0x9e, 0xff, 0xff, 0xff, 0xff,
    0xe2, 0x1, 0x0, 0x0, 0x0, 0x1, 0x11, 0x10,
    0x0, 0x0,

    /* U+90E8 "部" */
    0x0, 0x0, 0x1, 0x0, 0x0, 0x0, 0x0, 0x0,
    0x0, 0x0, 0x0, 0x6e, 0x0, 0x0, 0x1, 0x22,
    0x22, 0x10, 0x0, 0x0, 0xf, 0x60, 0x0, 0xb,
    0xff, 0xff, 0xd0, 0x8, 0xff, 0xff, 0xff, 0xff,
    0xb, 0x81, 0x1c, 0x90, 0x2, 0x6a, 0x33, 0x36,
    0xb3, 0xb, 0x70, 0x1f, 0x20, 0x0, 0x2f, 0x30,
    0x9, 0xc0, 0xb, 0x70, 0x7c, 0x0, 0x0, 0xb,
    0x90, 0xe, 0x50, 0xb, 0x70, 0xe5, 0x0, 0x2,
    0x27, 0xa2, 0x6f, 0x22, 0xb, 0x74, 0xf0, 0x0,
    0x1f, 0xff, 0xff, 0xff, 0xff, 0x5b, 0x71, 0xe7,
    0x0, 0x1, 0x11, 0x11, 0x11, 0x11, 0xb, 0x70,
    0x3f, 0x20, 0x0, 0x33, 0x33, 0x33, 0x31, 0xb,
    0x70, 0xb, 0x90, 0x0, 0xff, 0xff, 0xff, 0xf8,
    0xb, 0x70, 0x7, 0xc0, 0x0, 0xf3, 0x0, 0x0,
    0xd8, 0xb, 0x70, 0x7, 0xc0, 0x0, 0xf3, 0x0,
    0x0, 0xd8, 0xb, 0x77, 0x8e, 0x80, 0x0, 0xf3,
    0x0, 0x0, 0xd8, 0xb, 0x77, 0xa7, 0x0, 0x0,
    0xff, 0xff, 0xff, 0xf8, 0xb, 0x70, 0x0, 0x0,
    0x0, 0xe6, 0x44, 0x44, 0xb6, 0xb, 0x70, 0x0,
    0x0,

    /* U+9192 "醒" */
    0x1, 0x11, 0x11, 0x11, 0x1, 0x22, 0x22, 0x22,
    0x20, 0x1f, 0xff, 0xff, 0xff, 0x76, 0xfe, 0xee,
    0xef, 0xb0, 0x0, 0xc, 0x3c, 0x40, 0x6, 0xc0,
    0x0, 0x8, 0xb0, 0x0, 0x1d, 0x4c, 0x41, 0x6,
    0xff, 0xff, 0xff, 0xb0, 0xc, 0xff, 0xff, 0xff,
    0x56, 0xd0, 0x0, 0x8, 0xb0, 0xc, 0x7b, 0x6d,
    0x4d, 0x56, 0xd1, 0x11, 0x19, 0xb0, 0xc, 0x4a,
    0x3c, 0xc, 0x56, 0xff, 0xff, 0xff, 0xa0, 0xc,
    0x4b, 0x1c, 0xc, 0x50, 0xb3, 0x5c, 0x0, 0x0,
    0xc, 0x7d, 0xc, 0x6d, 0x53, 0xf3, 0x7e, 0x22,
    0x10, 0xc, 0xe5, 0x4, 0x8e, 0x5b, 0xff, 0xff,
    0xff, 0xc0, 0xc, 0x40, 0x0, 0xc, 0xbf, 0x10,
    0x5d, 0x0, 0x0, 0xc, 0xdb, 0xbb, 0xbf, 0x85,
    0x22, 0x7e, 0x22, 0x10, 0xc, 0x85, 0x55, 0x5d,
    0x53, 0xff, 0xff, 0xff, 0xa0, 0xc, 0x40, 0x0,
    0xc, 0x50, 0x0, 0x5d, 0x0, 0x0, 0xc, 0xff,
    0xff, 0xff, 0x53, 0x33, 0x8e, 0x33, 0x31, 0xc,
    0x51, 0x11, 0x1d, 0x7e, 0xee, 0xee, 0xee, 0xe5,

    /* U+91CB "釋" */
    0x0, 0x1, 0x47, 0xb3, 0x23, 0x33, 0x33, 0x33,
    0x30, 0xb, 0xef, 0xfa, 0x51, 0xbd, 0xcf, 0xbf,
    0xcc, 0xe0, 0x3, 0x21, 0xf1, 0x33, 0xb6, 0x1d,
    0xd, 0x13, 0xe0, 0x7, 0x91, 0xf1, 0xa9, 0xb9,
    0x5e, 0x4e, 0x57, 0xe0, 0x3, 0xe1, 0xf1, 0xe3,
    0x8b, 0xbb, 0xfb, 0xbb, 0xa0, 0x0, 0xf2, 0xf4,
    0xd0, 0x3, 0x33, 0xf4, 0x33, 0x10, 0x4, 0x55,
    0xf5, 0x63, 0x1c, 0xcc, 0xfc, 0xcc, 0x40, 0x1d,
    0xde, 0xfd, 0xdb, 0x0, 0x0, 0xf1, 0x0, 0x0,
    0x0, 0xb, 0xf1, 0x5, 0xee, 0xfe, 0xee, 0xfe,
    0xe7, 0x0, 0x2f, 0xfd, 0x10, 0x3, 0xe0, 0x0,
    0xe5, 0x0, 0x0, 0x99, 0xf8, 0xe2, 0x0, 0xd5,
    0x5, 0xc0, 0x0, 0x2, 0xf2, 0xf1, 0x84, 0xff,
    0xff, 0xff, 0xff, 0xf2, 0xb, 0x91, 0xf1, 0x0,
    0x0, 0x0, 0xf0, 0x0, 0x0, 0x1d, 0x1, 0xf1,
    0x0, 0x9f, 0xff, 0xff, 0xff, 0xb0, 0x0, 0x1,
    0xf1, 0x0, 0x0, 0x0, 0xf1, 0x0, 0x0, 0x0,
    0x1, 0xf1, 0x0, 0x0, 0x0, 0xf0, 0x0, 0x0,
    0x0, 0x0, 0x0, 0x0, 0x0, 0x0, 0x0, 0x0,
    0x0,

    /* U+91CD "重" */
    0x0, 0x1, 0x12, 0x34, 0x56, 0x79, 0xbd, 0xc0,
    0x0, 0x0, 0x7f, 0xfe, 0xed, 0xfe, 0xa8, 0x74,
    0x20, 0x0, 0x0, 0x0, 0x0, 0x0, 0xb9, 0x0,
    0x0, 0x0, 0x0, 0xf, 0xff, 0xff, 0xff, 0xff,
    0xff, 0xff, 0xff, 0xf0, 0x0, 0x0, 0x0, 0x0,
    0xca, 0x0, 0x0, 0x0, 0x0, 0x0, 0x1e, 0xee,
    0xee, 0xff, 0xee, 0xee, 0xe3, 0x0, 0x0, 0x1f,
    0x30, 0x0, 0xba, 0x0, 0x2, 0xf3, 0x0, 0x0,
    0x1f, 0x52, 0x22, 0xca, 0x22, 0x24, 0xf3, 0x0,
    0x0, 0x1f, 0xcb, 0xbb, 0xee, 0xbb, 0xbc, 0xf3,
    0x0, 0x0, 0x1f, 0x30, 0x0, 0xba, 0x0, 0x2,
    0xf3, 0x0, 0x0, 0x1e, 0xee, 0xee, 0xff, 0xee,
    0xee, 0xe3, 0x0, 0x0, 0x0, 0x0, 0x0, 0xb9,
    0x0, 0x0, 0x0, 0x0, 0x0, 0xaf, 0xff, 0xff,
    0xff, 0xff, 0xff, 0xfe, 0x0, 0x0, 0x11, 0x11,
    0x11, 0xca, 0x11, 0x11, 0x11, 0x0, 0x2, 0x22,
    0x22, 0x22, 0xca, 0x22, 0x22, 0x22, 0x20, 0xf,
    0xff, 0xff, 0xff, 0xff, 0xff, 0xff, 0xff, 0xf1,

    /* U+91D1 "金" */
    0x0, 0x0, 0x0, 0x0, 0x14, 0x0, 0x0, 0x0,
    0x0, 0x0, 0x0, 0x0, 0x0, 0xbf, 0x10, 0x0,
    0x0, 0x0, 0x0, 0x0, 0x0, 0x9, 0xfe, 0xb0,
    0x0, 0x0, 0x0, 0x0, 0x0, 0x1, 0xcf, 0x41,
    0xdd, 0x30, 0x0, 0x0, 0x0, 0x0, 0x6e, 0xe3,
    0x0, 0xb, 0xf8, 0x0, 0x0, 0x0, 0x5c, 0xfa,
    0x10, 0x0, 0x0, 0x5e, 0xe7, 0x10, 0x1e, 0xfc,
    0xbe, 0xee, 0xee, 0xee, 0xec, 0x8f, 0xf4, 0x6,
    0x30, 0x25, 0x55, 0xcd, 0x55, 0x53, 0x1, 0x60,
    0x0, 0x0, 0x0, 0x0, 0xac, 0x0, 0x0, 0x0,
    0x0, 0x0, 0x0, 0x0, 0x0, 0xac, 0x0, 0x0,
    0x0, 0x0, 0x0, 0xdf, 0xff, 0xff, 0xff, 0xff,
    0xff, 0xff, 0x10, 0x0, 0x33, 0x63, 0x33, 0xbd,
    0x33, 0x36, 0x33, 0x0, 0x0, 0x1, 0xf4, 0x0,
    0xac, 0x0, 0x2f, 0x50, 0x0, 0x0, 0x0, 0x8d,
    0x0, 0xac, 0x0, 0xac, 0x0, 0x0, 0x0, 0x0,
    0x1f, 0x40, 0xac, 0x4, 0xf2, 0x0, 0x0, 0x2,
    0x33, 0x38, 0x43, 0xbd, 0x35, 0x73, 0x33, 0x30,
    0xa, 0xff, 0xff, 0xff, 0xff, 0xff, 0xff, 0xff,
    0xe0,

    /* U+92D2 "鋒" */
    0x0, 0x0, 0x50, 0x0, 0x0, 0x3, 0x0, 0x0,
    0x0, 0x0, 0x7, 0xf3, 0x0, 0x0, 0x3f, 0x40,
    0x0, 0x0, 0x0, 0x1f, 0xce, 0x30, 0x0, 0xcf,
    0xdd, 0xdc, 0x10, 0x0, 0xbb, 0x8, 0xf4, 0x9,
    0xf7, 0x33, 0xcc, 0x0, 0xb, 0xe1, 0x0, 0x8a,
    0xaf, 0xbd, 0x15, 0xf3, 0x0, 0x5f, 0xfd, 0xdd,
    0xc3, 0xd4, 0xc, 0xcf, 0x70, 0x0, 0x0, 0x46,
    0xf4, 0x40, 0x0, 0x8, 0xff, 0x50, 0x0, 0x0,
    0x2, 0xf0, 0x0, 0x28, 0xee, 0x48, 0xfd, 0x82,
    0xe, 0xff, 0xff, 0xfb, 0xff, 0xb1, 0xd5, 0x4c,
    0xf6, 0xb, 0xcd, 0xfc, 0xc5, 0x95, 0x11, 0xe7,
    0x12, 0x40, 0x0, 0x12, 0xf0, 0x41, 0x1e, 0xee,
    0xff, 0xee, 0x80, 0x6, 0x82, 0xf0, 0xe2, 0x1,
    0x11, 0xe7, 0x11, 0x0, 0x2, 0xd2, 0xf2, 0xd0,
    0xe, 0xff, 0xff, 0xff, 0x70, 0x0, 0xe2, 0xf3,
    0x50, 0x0, 0x0, 0xe6, 0x0, 0x0, 0x0, 0x2,
    0xf6, 0x97, 0xef, 0xff, 0xff, 0xff, 0xf4, 0xa,
    0xdf, 0xeb, 0x84, 0x11, 0x11, 0xe7, 0x11, 0x10,
    0x5, 0x41, 0x0, 0x0, 0x0, 0x0, 0xe6, 0x0,
    0x0,

    /* U+9322 "錢" */
    0x0, 0x0, 0x0, 0x0, 0x0, 0x0, 0x0, 0x0,
    0x0, 0x0, 0x2, 0xd1, 0x0, 0x0, 0x88, 0xa,
    0x60, 0x0, 0x0, 0xb, 0xf4, 0x0, 0x0, 0x7b,
    0x3, 0xc8, 0x0, 0x0, 0x7e, 0x7f, 0x80, 0x13,
    0x8e, 0x78, 0x9b, 0xc0, 0x6, 0xf4, 0x3, 0xe8,
    0xae, 0xdf, 0xc9, 0x98, 0x50, 0x4f, 0xb4, 0x44,
    0x53, 0x0, 0x9, 0xb3, 0xe7, 0x0, 0x7, 0xde,
    0xfd, 0x90, 0x0, 0x3, 0xff, 0x50, 0x40, 0x0,
    0x3, 0xd0, 0x0, 0x16, 0xbf, 0xcf, 0x61, 0xe2,
    0x3, 0x36, 0xe3, 0x31, 0xdc, 0x81, 0x5, 0xdf,
    0xc0, 0xe, 0xff, 0xff, 0xf4, 0x0, 0xe5, 0x2d,
    0x72, 0x0, 0x0, 0x3, 0xd0, 0x30, 0x0, 0xb8,
    0x2, 0x88, 0x0, 0x8, 0x73, 0xd1, 0xe0, 0x67,
    0xde, 0xbc, 0xef, 0xf3, 0x4, 0xb3, 0xd5, 0x90,
    0x88, 0x8f, 0x63, 0x87, 0x0, 0x1, 0xd3, 0xd7,
    0x30, 0x0, 0xa, 0xa8, 0xf3, 0x0, 0x0, 0x16,
    0xea, 0xd4, 0x0, 0x7, 0xfd, 0x20, 0x63, 0xe,
    0xfe, 0xa6, 0x30, 0x4a, 0xfc, 0x7f, 0x83, 0xd4,
    0x4, 0x10, 0x0, 0x1, 0xd9, 0x20, 0x3, 0xbe,
    0xc0, 0x0, 0x0, 0x0, 0x0, 0x0, 0x0, 0x0,
    0x0, 0x0,

    /* U+93E1 "鏡" */
    0x0, 0x0, 0x30, 0x0, 0x0, 0x2, 0x20, 0x0,
    0x0, 0x0, 0x5, 0xf1, 0x0, 0x0, 0x8, 0xd0,
    0x0, 0x0, 0x0, 0xe, 0xfb, 0x10, 0xff, 0xff,
    0xff, 0xff, 0xc0, 0x0, 0xad, 0x2d, 0xe2, 0x15,
    0x91, 0x12, 0xa3, 0x10, 0x9, 0xf2, 0x0, 0xcd,
    0x3, 0xf0, 0x4, 0xf1, 0x0, 0x5f, 0xc6, 0x66,
    0x77, 0x44, 0xf7, 0x4a, 0xc4, 0x40, 0x17, 0xbc,
    0xfb, 0xb7, 0xcc, 0xcc, 0xcc, 0xcc, 0xc2, 0x0,
    0x3, 0xf0, 0x0, 0x23, 0x33, 0x33, 0x33, 0x10,
    0x5, 0x57, 0xf5, 0x53, 0x9d, 0xaa, 0xaa, 0xaf,
    0x50, 0xd, 0xdd, 0xfd, 0xd7, 0x9a, 0x11, 0x11,
    0x1d, 0x50, 0x0, 0x13, 0xf0, 0x31, 0x9e, 0xcc,
    0xcc, 0xcf, 0x50, 0x7, 0x83, 0xf0, 0xc4, 0x99,
    0x0, 0x0, 0xd, 0x50, 0x3, 0xc3, 0xf0, 0xe0,
    0x8e, 0xff, 0xef, 0xfe, 0x50, 0x0, 0xf3, 0xf3,
    0x90, 0x0, 0xf4, 0xf, 0x30, 0x0, 0x0, 0x13,
    0xf5, 0x88, 0x6, 0xf1, 0xf, 0x30, 0x71, 0x1b,
    0xdf, 0xea, 0x76, 0x9f, 0x70, 0xf, 0x51, 0xe4,
    0x6, 0x41, 0x0, 0x6f, 0xb4, 0x0, 0xa, 0xff,
    0xc0, 0x0, 0x0, 0x0, 0x0, 0x0, 0x0, 0x0,
    0x0, 0x0,

    /* U+949F "钟" */
    0x0, 0x5, 0x10, 0x0, 0x0, 0x2, 0x80, 0x0,
    0x0, 0x3, 0xf4, 0x0, 0x0, 0x0, 0x3f, 0x10,
    0x0, 0x0, 0x9e, 0x0, 0x0, 0x0, 0x3, 0xf1,
    0x0, 0x0, 0x2f, 0xff, 0xff, 0x70, 0x0, 0x3f,
    0x10, 0x0, 0xd, 0xd3, 0x22, 0x21, 0x55, 0x58,
    0xf6, 0x55, 0x52, 0xe2, 0x0, 0x0, 0xe, 0xee,
    0xef, 0xee, 0xee, 0x2, 0xff, 0xff, 0xf1, 0xe4,
    0x3, 0xf1, 0x5, 0xe0, 0x4, 0x7f, 0x44, 0xe,
    0x40, 0x3f, 0x10, 0x5e, 0x0, 0x4, 0xf0, 0x0,
    0xe4, 0x3, 0xf1, 0x5, 0xe0, 0x56, 0x9f, 0x66,
    0x3e, 0x40, 0x3f, 0x10, 0x5e, 0xc, 0xde, 0xfd,
    0xd7, 0xef, 0xef, 0xff, 0xef, 0xe0, 0x0, 0x4f,
    0x0, 0xe, 0x85, 0x8f, 0x65, 0x9e, 0x0, 0x4,
    0xf0, 0x0, 0xa3, 0x3, 0xf1, 0x3, 0x80, 0x0,
    0x4f, 0x0, 0x10, 0x0, 0x3f, 0x10, 0x0, 0x0,
    0x6, 0xf7, 0xe8, 0x0, 0x3, 0xf1, 0x0, 0x0,
    0x0, 0xcf, 0xc4, 0x0, 0x0, 0x3f, 0x10, 0x0,
    0x0, 0xa, 0x40, 0x0, 0x0, 0x3, 0xf1, 0x0,
    0x0,

    /* U+94A9 "钩" */
    0x0, 0x0, 0x0, 0x0, 0x0, 0x0, 0x0, 0x0,
    0x0, 0x1, 0xe3, 0x0, 0x0, 0x3f, 0x20, 0x0,
    0x0, 0x0, 0x7e, 0x10, 0x0, 0x9, 0xd0, 0x0,
    0x0, 0x0, 0x1e, 0xff, 0xff, 0x70, 0xea, 0x44,
    0x44, 0x42, 0xc, 0xd3, 0x33, 0x31, 0x6f, 0xff,
    0xff, 0xff, 0xa3, 0xe2, 0x0, 0x0, 0x1f, 0x90,
    0x0, 0x0, 0xa9, 0x2, 0xff, 0xff, 0xda, 0xe1,
    0x96, 0x0, 0xb, 0x90, 0x4, 0x8e, 0x43, 0x23,
    0xf, 0x50, 0x0, 0xb8, 0x0, 0x5, 0xe0, 0x0,
    0x5, 0xf1, 0x30, 0xc, 0x80, 0x22, 0x7e, 0x22,
    0x10, 0xaa, 0xf, 0x20, 0xd7, 0xe, 0xff, 0xff,
    0xf5, 0x1f, 0x30, 0xa9, 0xe, 0x60, 0x0, 0x6e,
    0x0, 0xa, 0xd5, 0x8c, 0xe0, 0xf5, 0x0, 0x5,
    0xe0, 0x1, 0xff, 0xb8, 0x5e, 0x4f, 0x40, 0x0,
    0x5e, 0x0, 0x22, 0x0, 0x0, 0x42, 0xf3, 0x0,
    0x6, 0xe8, 0xe7, 0x0, 0x0, 0x0, 0x4f, 0x10,
    0x0, 0xcf, 0xb3, 0x0, 0x0, 0x25, 0x5c, 0xd0,
    0x0, 0x8, 0x40, 0x0, 0x0, 0x3, 0xff, 0xe4,
    0x0, 0x0, 0x0, 0x0, 0x0, 0x0, 0x0, 0x0,
    0x0,

    /* U+950B "锋" */
    0x0, 0x0, 0x0, 0x0, 0x0, 0x0, 0x0, 0x0,
    0x0, 0x0, 0x5e, 0x0, 0x0, 0x0, 0xb9, 0x0,
    0x0, 0x0, 0x0, 0xbb, 0x0, 0x0, 0x6, 0xf8,
    0x55, 0x52, 0x0, 0x3, 0xff, 0xff, 0xc0, 0x3f,
    0xdc, 0xcc, 0xf8, 0x0, 0xd, 0xa1, 0x11, 0x15,
    0xfe, 0xb0, 0x9, 0xd0, 0x0, 0x3e, 0x10, 0x0,
    0xc, 0x71, 0xcb, 0x9e, 0x20, 0x0, 0x3, 0xff,
    0xff, 0x40, 0x0, 0x4f, 0xf7, 0x0, 0x0, 0x0,
    0x4b, 0xb4, 0x10, 0x4b, 0xfa, 0x8f, 0xd7, 0x30,
    0x0, 0x9, 0x90, 0x4f, 0xfd, 0x49, 0xa2, 0xbf,
    0xf6, 0x0, 0xa, 0xa0, 0x1a, 0x51, 0x1a, 0xb1,
    0x13, 0x70, 0xf, 0xff, 0xff, 0xe1, 0xff, 0xff,
    0xff, 0xff, 0x20, 0x2, 0x2a, 0xb2, 0x20, 0x0,
    0xa, 0xa0, 0x0, 0x0, 0x0, 0x9, 0x90, 0x0,
    0xdf, 0xff, 0xff, 0xfe, 0x0, 0x0, 0x9, 0x93,
    0xb0, 0x0, 0xa, 0xa0, 0x0, 0x0, 0x0, 0xa,
    0xef, 0x7b, 0xff, 0xff, 0xff, 0xff, 0xc0, 0x0,
    0x3f, 0xc2, 0x1, 0x11, 0x1a, 0xb1, 0x11, 0x10,
    0x0, 0x18, 0x0, 0x0, 0x0, 0xa, 0xa0, 0x0,
    0x0,

    /* U+9510 "锐" */
    0x0, 0x0, 0x0, 0x0, 0x0, 0x0, 0x0, 0x0,
    0x0, 0x0, 0x2e, 0x10, 0x0, 0x1e, 0x30, 0x0,
    0xb9, 0x0, 0x0, 0x9c, 0x0, 0x0, 0xb, 0xc0,
    0x1, 0xf5, 0x0, 0x2, 0xff, 0xff, 0xf2, 0x3,
    0xf4, 0x8, 0xd0, 0x0, 0xd, 0xb3, 0x33, 0x30,
    0x88, 0xd9, 0x8f, 0xc8, 0x30, 0x3e, 0x10, 0x0,
    0x0, 0xfb, 0x99, 0x99, 0x9f, 0x60, 0x3, 0xff,
    0xff, 0xb0, 0xf5, 0x0, 0x0, 0xf, 0x60, 0x0,
    0x49, 0xd4, 0x30, 0xf5, 0x0, 0x0, 0xf, 0x60,
    0x0, 0x7, 0xc0, 0x0, 0xf5, 0x0, 0x0, 0xf,
    0x60, 0x2, 0x29, 0xd2, 0x20, 0xff, 0xff, 0xff,
    0xff, 0x60, 0xf, 0xff, 0xff, 0xf0, 0x34, 0xf6,
    0x6f, 0x43, 0x10, 0x0, 0x8, 0xc0, 0x0, 0x3,
    0xf1, 0x3f, 0x10, 0x0, 0x0, 0x7, 0xc0, 0x0,
    0x7, 0xf0, 0x3f, 0x10, 0x0, 0x0, 0x7, 0xc0,
    0x0, 0xc, 0xa0, 0x3f, 0x10, 0x20, 0x0, 0x7,
    0xd8, 0xe0, 0x5f, 0x30, 0x3f, 0x10, 0xc5, 0x0,
    0xc, 0xfc, 0x46, 0xf8, 0x0, 0x3f, 0x53, 0xe4,
    0x0, 0x1d, 0x50, 0x3f, 0x70, 0x0, 0xd, 0xff,
    0xc0, 0x0, 0x0, 0x0, 0x1, 0x0, 0x0, 0x0,
    0x0, 0x0,

    /* U+952E "键" */
    0x0, 0x0, 0x0, 0x0, 0x0, 0x0, 0x0, 0x0,
    0x0, 0x0, 0x7d, 0x0, 0x1, 0x11, 0x0, 0x79,
    0x0, 0x0, 0x0, 0xd9, 0x11, 0xaf, 0xfe, 0x6a,
    0xde, 0xaa, 0x20, 0x3, 0xff, 0xff, 0x22, 0xb9,
    0x24, 0x9b, 0x4c, 0x40, 0xd, 0xa2, 0x22, 0x0,
    0xf3, 0x44, 0x9b, 0x4c, 0x71, 0x5f, 0x10, 0x0,
    0x6, 0xc0, 0xcc, 0xee, 0xcf, 0xd4, 0x9, 0xdd,
    0xdc, 0xd, 0x40, 0x0, 0x79, 0xb, 0x40, 0x2,
    0x5f, 0x64, 0x9f, 0xcb, 0x7c, 0xde, 0xce, 0x40,
    0x0, 0xf, 0x10, 0x55, 0x8c, 0x23, 0x9b, 0x33,
    0x10, 0x3, 0x4f, 0x53, 0x0, 0x5b, 0x46, 0xac,
    0x66, 0x30, 0x1f, 0xff, 0xff, 0x78, 0x89, 0x7a,
    0xdd, 0xaa, 0x50, 0x0, 0xf, 0x10, 0x3d, 0xb5,
    0x0, 0x79, 0x0, 0x0, 0x0, 0xf, 0x10, 0xd,
    0xf2, 0xdd, 0xef, 0xdd, 0xd0, 0x0, 0xf, 0x12,
    0x8, 0xe1, 0x33, 0x9b, 0x33, 0x30, 0x0, 0x1f,
    0x9f, 0x3e, 0xdc, 0x10, 0x79, 0x0, 0x0, 0x0,
    0x7f, 0xc3, 0xbb, 0xa, 0xf9, 0x87, 0x22, 0x20,
    0x0, 0x97, 0x9, 0xc1, 0x0, 0x39, 0xdf, 0xff,
    0xf2, 0x0, 0x0, 0x1, 0x0, 0x0, 0x0, 0x0,
    0x0, 0x0,

    /* U+955C "镜" */
    0x0, 0x0, 0x0, 0x0, 0x0, 0x0, 0x10, 0x0,
    0x0, 0x0, 0x1e, 0x20, 0x0, 0x0, 0x7, 0xd0,
    0x0, 0x0, 0x0, 0x8e, 0x10, 0x0, 0xcc, 0xcd,
    0xfd, 0xcc, 0x80, 0x2, 0xff, 0xff, 0xd0, 0x47,
    0xa4, 0x45, 0xb6, 0x30, 0xc, 0xc2, 0x22, 0x20,
    0x4, 0xf0, 0x5, 0xe0, 0x0, 0x2e, 0x10, 0x0,
    0x5, 0xaa, 0xea, 0xad, 0xea, 0xa0, 0x3, 0xff,
    0xff, 0x93, 0x66, 0x66, 0x66, 0x66, 0x60, 0x0,
    0x29, 0xc2, 0x10, 0x7b, 0xbb, 0xbb, 0xbb, 0x30,
    0x0, 0x8, 0xb0, 0x0, 0xaa, 0x33, 0x33, 0x3e,
    0x50, 0x0, 0x8, 0xb0, 0x0, 0xa9, 0x22, 0x22,
    0x2e, 0x50, 0xf, 0xff, 0xff, 0xf1, 0xae, 0xcc,
    0xcc, 0xcf, 0x50, 0x4, 0x4a, 0xd4, 0x40, 0xa9,
    0x0, 0x0, 0xe, 0x50, 0x0, 0x8, 0xb0, 0x0,
    0x9e, 0xff, 0xef, 0xfe, 0x50, 0x0, 0x8, 0xb0,
    0x30, 0x0, 0xf3, 0xf, 0x30, 0x0, 0x0, 0x9,
    0xdb, 0xe1, 0x6, 0xf0, 0xf, 0x30, 0x61, 0x0,
    0x2e, 0xf9, 0x11, 0x7f, 0x70, 0xf, 0x40, 0xd4,
    0x0, 0x2c, 0x30, 0x5f, 0xd5, 0x0, 0xc, 0xff,
    0xd0, 0x0, 0x0, 0x0, 0x2, 0x0, 0x0, 0x0,
    0x0, 0x0,

    /* U+957F "长" */
    0x0, 0x0, 0x0, 0x0, 0x0, 0x0, 0x0, 0x0,
    0x0, 0x0, 0x8d, 0x0, 0x0, 0x0, 0x5, 0x60,
    0x0, 0x0, 0x8, 0xd0, 0x0, 0x0, 0x6, 0xf8,
    0x0, 0x0, 0x0, 0x8d, 0x0, 0x0, 0x9, 0xf8,
    0x0, 0x0, 0x0, 0x8, 0xd0, 0x0, 0x6e, 0xe5,
    0x0, 0x0, 0x0, 0x0, 0x8d, 0x4, 0xdf, 0xa1,
    0x0, 0x0, 0x0, 0x0, 0x8, 0xd0, 0x4c, 0x30,
    0x0, 0x0, 0x0, 0x1, 0x11, 0x9e, 0x11, 0x11,
    0x11, 0x11, 0x11, 0x10, 0xff, 0xff, 0xff, 0xff,
    0xff, 0xff, 0xff, 0xff, 0x4, 0x44, 0xae, 0x44,
    0x5f, 0x74, 0x44, 0x44, 0x40, 0x0, 0x8, 0xd0,
    0x0, 0xbc, 0x0, 0x0, 0x0, 0x0, 0x0, 0x8d,
    0x0, 0x3, 0xf6, 0x0, 0x0, 0x0, 0x0, 0x8,
    0xd0, 0x0, 0x8, 0xf4, 0x0, 0x0, 0x0, 0x0,
    0x8d, 0x0, 0x0, 0xb, 0xf5, 0x0, 0x0, 0x0,
    0x8, 0xd0, 0x15, 0x92, 0xa, 0xfa, 0x20, 0x0,
    0x0, 0xbf, 0xdf, 0xfb, 0x20, 0x7, 0xff, 0xb2,
    0x0, 0x1f, 0xd8, 0x40, 0x0, 0x0, 0x1, 0x7a,
    0x0, 0x0, 0x20, 0x0, 0x0, 0x0, 0x0, 0x0,
    0x0,

    /* U+9580 "門" */
    0x12, 0x22, 0x22, 0x20, 0x2, 0x22, 0x22, 0x21,
    0x5f, 0xff, 0xff, 0xf1, 0x3f, 0xff, 0xff, 0xf7,
    0x5f, 0x0, 0x2, 0xf1, 0x3f, 0x0, 0x0, 0xe7,
    0x5f, 0xcc, 0xcd, 0xf1, 0x3f, 0xcc, 0xcc, 0xf7,
    0x5f, 0x33, 0x36, 0xf1, 0x3f, 0x43, 0x33, 0xf7,
    0x5f, 0x0, 0x2, 0xf1, 0x3f, 0x0, 0x0, 0xe7,
    0x5f, 0xff, 0xff, 0xf1, 0x3f, 0xfe, 0xee, 0xf7,
    0x5f, 0x22, 0x22, 0x20, 0x2, 0x22, 0x22, 0xe7,
    0x5f, 0x0, 0x0, 0x0, 0x0, 0x0, 0x0, 0xe7,
    0x5f, 0x0, 0x0, 0x0, 0x0, 0x0, 0x0, 0xe7,
    0x5f, 0x0, 0x0, 0x0, 0x0, 0x0, 0x0, 0xe7,
    0x5f, 0x0, 0x0, 0x0, 0x0, 0x0, 0x0, 0xe7,
    0x5f, 0x0, 0x0, 0x0, 0x0, 0x0, 0x0, 0xe7,
    0x5f, 0x0, 0x0, 0x0, 0x0, 0x0, 0x0, 0xe7,
    0x5f, 0x0, 0x0, 0x0, 0x0, 0x5, 0x56, 0xf6,
    0x5f, 0x0, 0x0, 0x0, 0x0, 0xe, 0xff, 0xb1,
    0x0, 0x0, 0x0, 0x0, 0x0, 0x0, 0x0, 0x0,

    /* U+958B "開" */
    0x1, 0x11, 0x11, 0x10, 0x1, 0x11, 0x11, 0x10,
    0x6f, 0xee, 0xee, 0xf3, 0x2f, 0xee, 0xee, 0xf6,
    0x6e, 0x0, 0x0, 0xf3, 0x2f, 0x10, 0x0, 0xe6,
    0x6f, 0xff, 0xff, 0xf3, 0x2f, 0xff, 0xff, 0xf6,
    0x6e, 0x0, 0x0, 0xf3, 0x2f, 0x10, 0x0, 0xe6,
    0x6f, 0x11, 0x12, 0xf3, 0x2f, 0x31, 0x11, 0xe6,
    0x6f, 0xee, 0xee, 0xe3, 0x2f, 0xff, 0xff, 0xf6,
    0x6e, 0x0, 0x22, 0x22, 0x22, 0x22, 0x10, 0xe6,
    0x6e, 0x6, 0xff, 0xff, 0xff, 0xff, 0x80, 0xe6,
    0x6e, 0x0, 0x7, 0xb0, 0xb, 0x70, 0x0, 0xe6,
    0x6e, 0x0, 0x7, 0xc0, 0xc, 0x80, 0x0, 0xe6,
    0x6e, 0xb, 0xff, 0xff, 0xff, 0xff, 0xe0, 0xe6,
    0x6e, 0x0, 0x1a, 0xa1, 0x1c, 0x81, 0x10, 0xe6,
    0x6e, 0x0, 0xe, 0x50, 0xb, 0x70, 0x0, 0xe6,
    0x6e, 0x0, 0xac, 0x0, 0xb, 0x71, 0x55, 0xf5,
    0x6e, 0x4, 0xc1, 0x0, 0xb, 0x71, 0xff, 0xc1,
    0x0, 0x0, 0x0, 0x0, 0x0, 0x0, 0x0, 0x0,

    /* U+95DC "關" */
    0x1, 0x11, 0x11, 0x10, 0x1, 0x11, 0x11, 0x10,
    0x5f, 0xdd, 0xdd, 0xf3, 0xe, 0xed, 0xdd, 0xf6,
    0x5e, 0x0, 0x0, 0xf3, 0xe, 0x30, 0x0, 0xe6,
    0x5f, 0xee, 0xee, 0xf3, 0xe, 0xfe, 0xee, 0xf6,
    0x5e, 0x0, 0x0, 0xf3, 0xe, 0x30, 0x0, 0xe6,
    0x5f, 0xff, 0xff, 0xf3, 0xe, 0xff, 0xff, 0xf6,
    0x5e, 0x0, 0x4b, 0x0, 0x4, 0x90, 0x0, 0xe6,
    0x5e, 0x1, 0xc2, 0x83, 0x1d, 0x2a, 0x0, 0xe6,
    0x5e, 0x9, 0xee, 0x90, 0xae, 0xe6, 0x0, 0xe6,
    0x5e, 0x0, 0x88, 0x82, 0x9, 0x7a, 0x0, 0xe6,
    0x5e, 0xa, 0xdb, 0xac, 0xad, 0xbc, 0x60, 0xe6,
    0x5e, 0x0, 0x20, 0x77, 0x2b, 0x3, 0x10, 0xe6,
    0x5e, 0x1, 0xd0, 0x87, 0x2d, 0xd, 0x10, 0xe6,
    0x5e, 0x1, 0xe8, 0xc6, 0x2e, 0x8e, 0x10, 0xe6,
    0x5e, 0x0, 0x58, 0xe1, 0x2e, 0x5d, 0x76, 0xf5,
    0x5e, 0x0, 0x5b, 0x20, 0x2d, 0x0, 0xbe, 0xb1,

    /* U+95E8 "门" */
    0x0, 0x0, 0x0, 0x0, 0x0, 0x0, 0x0, 0x0,
    0x5, 0xc0, 0x2, 0x55, 0x55, 0x55, 0x55, 0x52,
    0x1, 0xcc, 0x8, 0xff, 0xff, 0xff, 0xff, 0xf6,
    0x0, 0x1d, 0x90, 0x0, 0x0, 0x0, 0x0, 0xf6,
    0x4e, 0x2, 0x10, 0x0, 0x0, 0x0, 0x0, 0xf6,
    0x5f, 0x0, 0x0, 0x0, 0x0, 0x0, 0x0, 0xf6,
    0x5f, 0x0, 0x0, 0x0, 0x0, 0x0, 0x0, 0xf6,
    0x5f, 0x0, 0x0, 0x0, 0x0, 0x0, 0x0, 0xf6,
    0x5f, 0x0, 0x0, 0x0, 0x0, 0x0, 0x0, 0xf6,
    0x5f, 0x0, 0x0, 0x0, 0x0, 0x0, 0x0, 0xf6,
    0x5f, 0x0, 0x0, 0x0, 0x0, 0x0, 0x0, 0xf6,
    0x5f, 0x0, 0x0, 0x0, 0x0, 0x0, 0x0, 0xf6,
    0x5f, 0x0, 0x0, 0x0, 0x0, 0x0, 0x0, 0xf6,
    0x5f, 0x0, 0x0, 0x0, 0x0, 0x0, 0x0, 0xf6,
    0x5f, 0x0, 0x0, 0x0, 0x0, 0x0, 0x0, 0xf6,
    0x5f, 0x0, 0x0, 0x0, 0x0, 0x14, 0x45, 0xf5,
    0x5f, 0x0, 0x0, 0x0, 0x0, 0x1f, 0xfe, 0xb1,

    /* U+95F4 "间" */
    0x9, 0x60, 0x1, 0x11, 0x11, 0x11, 0x11, 0x10,
    0x5, 0xf6, 0xa, 0xff, 0xff, 0xff, 0xff, 0xf6,
    0x0, 0x6e, 0x11, 0x22, 0x22, 0x22, 0x22, 0xf6,
    0x27, 0x0, 0x0, 0x0, 0x0, 0x0, 0x0, 0xf6,
    0x5f, 0x0, 0x0, 0x0, 0x0, 0x0, 0x0, 0xf6,
    0x5f, 0x0, 0x4f, 0xff, 0xff, 0xf5, 0x0, 0xf6,
    0x5f, 0x0, 0x4e, 0x22, 0x22, 0xe5, 0x0, 0xf6,
    0x5f, 0x0, 0x4e, 0x0, 0x0, 0xe5, 0x0, 0xf6,
    0x5f, 0x0, 0x4f, 0x33, 0x33, 0xf5, 0x0, 0xf6,
    0x5f, 0x0, 0x4f, 0xee, 0xee, 0xf5, 0x0, 0xf6,
    0x5f, 0x0, 0x4e, 0x0, 0x0, 0xe5, 0x0, 0xf6,
    0x5f, 0x0, 0x4e, 0x0, 0x0, 0xe5, 0x0, 0xf6,
    0x5f, 0x0, 0x4f, 0xff, 0xff, 0xf5, 0x0, 0xf6,
    0x5f, 0x0, 0x2, 0x22, 0x22, 0x20, 0x0, 0xf6,
    0x5f, 0x0, 0x0, 0x0, 0x0, 0x0, 0x34, 0xf6,
    0x5f, 0x0, 0x0, 0x0, 0x0, 0x0, 0xbf, 0xc2,

    /* U+95FB "闻" */
    0xa, 0x40, 0x2, 0x33, 0x33, 0x33, 0x33, 0x31,
    0x5, 0xf4, 0x9, 0xff, 0xff, 0xff, 0xff, 0xf6,
    0x0, 0x78, 0x0, 0x0, 0x0, 0x0, 0x0, 0xe6,
    0x27, 0x0, 0x0, 0x0, 0x0, 0x0, 0x0, 0xe6,
    0x5f, 0xe, 0xff, 0xff, 0xff, 0xff, 0x50, 0xe6,
    0x5f, 0x1, 0x8d, 0x11, 0x13, 0xf2, 0x0, 0xe6,
    0x5f, 0x0, 0x7d, 0x11, 0x13, 0xf0, 0x0, 0xe6,
    0x5f, 0x0, 0x7f, 0xee, 0xee, 0xf0, 0x0, 0xe6,
    0x5f, 0x0, 0x7c, 0x0, 0x2, 0xf0, 0x0, 0xe6,
    0x5f, 0x0, 0x7f, 0xff, 0xff, 0xf0, 0x0, 0xe6,
    0x5f, 0x0, 0x7c, 0x0, 0x3, 0xf0, 0x0, 0xe6,
    0x5f, 0x1, 0x9d, 0x56, 0x79, 0xfb, 0xb0, 0xe6,
    0x5f, 0x4f, 0xff, 0xed, 0xbb, 0xf8, 0x60, 0xe6,
    0x5f, 0x2, 0x0, 0x0, 0x2, 0xf0, 0x0, 0xe6,
    0x5f, 0x0, 0x0, 0x0, 0x1, 0xd2, 0x44, 0xf6,
    0x5f, 0x0, 0x0, 0x0, 0x0, 0x3, 0xff, 0xc1,

    /* U+9633 "阳" */
    0x25, 0x55, 0x55, 0x0, 0x0, 0x0, 0x0, 0x0,
    0x5f, 0xdd, 0xef, 0x45, 0xff, 0xff, 0xff, 0xf6,
    0x5e, 0x0, 0x8c, 0x5, 0xf3, 0x33, 0x33, 0xf6,
    0x5e, 0x0, 0xe4, 0x5, 0xe0, 0x0, 0x0, 0xe6,
    0x5e, 0x6, 0xc0, 0x5, 0xe0, 0x0, 0x0, 0xe6,
    0x5e, 0xd, 0x60, 0x5, 0xe0, 0x0, 0x0, 0xe6,
    0x5e, 0x6, 0xd1, 0x5, 0xe0, 0x0, 0x0, 0xe6,
    0x5e, 0x0, 0xaa, 0x5, 0xff, 0xff, 0xff, 0xf6,
    0x5e, 0x0, 0x4f, 0x5, 0xf4, 0x44, 0x44, 0xf6,
    0x5e, 0x0, 0xf, 0x35, 0xe0, 0x0, 0x0, 0xe6,
    0x5e, 0x0, 0x5f, 0x25, 0xe0, 0x0, 0x0, 0xe6,
    0x5e, 0x4f, 0xfa, 0x5, 0xe0, 0x0, 0x0, 0xe6,
    0x5e, 0x2, 0x10, 0x5, 0xe0, 0x0, 0x0, 0xe6,
    0x5e, 0x0, 0x0, 0x5, 0xf5, 0x55, 0x55, 0xf6,
    0x5e, 0x0, 0x0, 0x5, 0xff, 0xff, 0xff, 0xf6,
    0x5e, 0x0, 0x0, 0x5, 0xe0, 0x0, 0x0, 0xc5,
    0x1, 0x0, 0x0, 0x0, 0x0, 0x0, 0x0, 0x0,

    /* U+9648 "陈" */
    0x0, 0x0, 0x0, 0x0, 0x5, 0x40, 0x0, 0x0,
    0x3, 0x88, 0x89, 0x30, 0x0, 0xea, 0x0, 0x0,
    0x0, 0x5f, 0xaa, 0xf7, 0x0, 0x2f, 0x50, 0x0,
    0x0, 0x5, 0xd0, 0x1f, 0x6e, 0xef, 0xff, 0xee,
    0xee, 0xe2, 0x5d, 0x5, 0xc1, 0x44, 0xec, 0x44,
    0x44, 0x44, 0x5, 0xd0, 0x96, 0x0, 0x1f, 0x52,
    0x50, 0x0, 0x0, 0x5d, 0xd, 0x20, 0x7, 0xe0,
    0x6e, 0x0, 0x0, 0x5, 0xd0, 0x99, 0x0, 0xe8,
    0x6, 0xe0, 0x0, 0x0, 0x5d, 0x2, 0xf1, 0x7f,
    0x42, 0x8e, 0x22, 0x21, 0x5, 0xd0, 0xe, 0x5a,
    0xff, 0xff, 0xff, 0xff, 0x80, 0x5d, 0x0, 0xc7,
    0x11, 0x10, 0x7e, 0x0, 0x0, 0x5, 0xd0, 0xe,
    0x60, 0x32, 0x6, 0xe0, 0x13, 0x0, 0x5d, 0x2f,
    0xf1, 0xe, 0x70, 0x6e, 0x7, 0xd0, 0x5, 0xd0,
    0x30, 0x8, 0xe0, 0x6, 0xe0, 0xd, 0x70, 0x5d,
    0x0, 0x5, 0xf4, 0x0, 0x6e, 0x0, 0x5f, 0x15,
    0xd0, 0x0, 0xa7, 0x3, 0x5a, 0xe0, 0x0, 0xa3,
    0x5d, 0x0, 0x0, 0x0, 0x6f, 0xd7, 0x0, 0x0,
    0x0,

    /* U+9662 "院" */
    0x0, 0x0, 0x0, 0x0, 0x0, 0x20, 0x0, 0x0,
    0x2, 0x66, 0x67, 0x30, 0x0, 0xe, 0x80, 0x0,
    0x0, 0x5f, 0xcc, 0xfb, 0x0, 0x0, 0x7f, 0x10,
    0x0, 0x5, 0xd0, 0xf, 0x5b, 0xff, 0xff, 0xff,
    0xff, 0xf5, 0x5d, 0x6, 0xe0, 0xb9, 0x33, 0x33,
    0x33, 0x3f, 0x55, 0xd0, 0xd7, 0xb, 0x70, 0x0,
    0x0, 0x0, 0xe5, 0x5d, 0x4f, 0x30, 0x26, 0xee,
    0xee, 0xee, 0xd3, 0x15, 0xd0, 0xac, 0x0, 0x14,
    0x44, 0x44, 0x44, 0x0, 0x5d, 0x1, 0xe4, 0x0,
    0x0, 0x0, 0x0, 0x0, 0x5, 0xd0, 0xa, 0x92,
    0x44, 0x44, 0x44, 0x44, 0x42, 0x5d, 0x0, 0x7b,
    0xaf, 0xff, 0xff, 0xff, 0xff, 0x75, 0xd0, 0xb,
    0xa0, 0x4, 0xf0, 0xf, 0x40, 0x0, 0x5d, 0x9f,
    0xe3, 0x0, 0x7d, 0x0, 0xf4, 0x0, 0x5, 0xd1,
    0x20, 0x0, 0xd, 0x80, 0xf, 0x40, 0x10, 0x5d,
    0x0, 0x0, 0x8, 0xf2, 0x0, 0xf4, 0x7, 0xa5,
    0xd0, 0x0, 0x3a, 0xf5, 0x0, 0xf, 0x72, 0xb8,
    0x5d, 0x0, 0xe, 0xb3, 0x0, 0x0, 0xbf, 0xfe,
    0x31, 0x20, 0x0, 0x0, 0x0, 0x0, 0x0, 0x0,
    0x0,

    /* U+9664 "除" */
    0x0, 0x0, 0x0, 0x0, 0x0, 0x0, 0x0, 0x0,
    0x1, 0x44, 0x44, 0x0, 0x0, 0x2, 0xf3, 0x0,
    0x0, 0x5f, 0xff, 0xf7, 0x0, 0x0, 0xdf, 0x80,
    0x0, 0x5, 0xd0, 0x2f, 0x20, 0x0, 0xcd, 0x4e,
    0x80, 0x0, 0x5d, 0x9, 0xb0, 0x1, 0xcd, 0x10,
    0x3f, 0x90, 0x5, 0xd0, 0xe4, 0x5, 0xec, 0x10,
    0x0, 0x3e, 0xd3, 0x5d, 0x5e, 0x5, 0xf9, 0x65,
    0x55, 0x55, 0x7c, 0xa5, 0xd4, 0xe2, 0x2, 0x2c,
    0xcd, 0xfd, 0xcb, 0x0, 0x5d, 0x7, 0xc0, 0x0,
    0x0, 0x2f, 0x20, 0x0, 0x5, 0xd0, 0xf, 0x31,
    0x11, 0x13, 0xf3, 0x11, 0x11, 0x5d, 0x0, 0xd8,
    0xff, 0xff, 0xff, 0xff, 0xff, 0x95, 0xd0, 0x2e,
    0x51, 0x11, 0x13, 0xf3, 0x11, 0x10, 0x5d, 0xcf,
    0xc0, 0x5, 0xc0, 0x2f, 0x27, 0xb0, 0x5, 0xd1,
    0x20, 0x2, 0xf6, 0x2, 0xf2, 0xd, 0x90, 0x5d,
    0x0, 0x2, 0xea, 0x0, 0x2f, 0x20, 0x2f, 0x55,
    0xd0, 0x0, 0x6a, 0x1, 0x25, 0xf2, 0x0, 0x66,
    0x5d, 0x0, 0x0, 0x0, 0x5f, 0xfb, 0x0, 0x0,
    0x0, 0x0, 0x0, 0x0, 0x0, 0x0, 0x0, 0x0,
    0x0,

    /* U+9673 "陳" */
    0x0, 0x0, 0x0, 0x0, 0x0, 0x83, 0x0, 0x0,
    0x3, 0x99, 0x99, 0x50, 0x0, 0xe, 0x60, 0x0,
    0x0, 0x5f, 0xee, 0xfc, 0x33, 0x33, 0xf8, 0x33,
    0x33, 0x5, 0xd0, 0xe, 0x7f, 0xff, 0xff, 0xff,
    0xff, 0xf1, 0x5d, 0x5, 0xe0, 0x0, 0x0, 0xe6,
    0x0, 0x0, 0x5, 0xd0, 0xc8, 0x5, 0xcc, 0xcf,
    0xec, 0xcc, 0x40, 0x5d, 0x2f, 0x30, 0x6c, 0x33,
    0xf8, 0x33, 0xf5, 0x5, 0xd0, 0xca, 0x6, 0xb0,
    0xe, 0x60, 0xe, 0x50, 0x5d, 0x2, 0xf3, 0x6f,
    0xff, 0xff, 0xff, 0xf5, 0x5, 0xd0, 0xb, 0x86,
    0xb0, 0xe, 0x60, 0xe, 0x50, 0x5d, 0x0, 0x7b,
    0x6d, 0x66, 0xfa, 0x66, 0xf5, 0x5, 0xd0, 0xa,
    0xa3, 0x9a, 0xff, 0xfd, 0x99, 0x30, 0x5d, 0x8f,
    0xf3, 0x0, 0xab, 0xea, 0xf3, 0x0, 0x5, 0xd1,
    0x20, 0x0, 0x9d, 0x1e, 0x67, 0xe2, 0x0, 0x5d,
    0x0, 0x2, 0xce, 0x20, 0xe6, 0x8, 0xf7, 0x5,
    0xd0, 0x0, 0xda, 0x10, 0xe, 0x60, 0x5, 0xe3,
    0x5d, 0x0, 0x1, 0x0, 0x0, 0xe6, 0x0, 0x0,
    0x0,

    /* U+967D "陽" */
    0x14, 0x44, 0x41, 0x4, 0x55, 0x55, 0x55, 0x50,
    0x5, 0xff, 0xff, 0xc0, 0xec, 0xbb, 0xbb, 0xcf,
    0x0, 0x5d, 0x0, 0xe6, 0xe, 0x40, 0x0, 0x3,
    0xf0, 0x5, 0xd0, 0x5e, 0x0, 0xef, 0xff, 0xff,
    0xff, 0x0, 0x5d, 0xc, 0x80, 0xe, 0x40, 0x0,
    0x3, 0xf0, 0x5, 0xd3, 0xf3, 0x0, 0xed, 0xcc,
    0xcc, 0xdf, 0x0, 0x5d, 0xc, 0xa0, 0x3, 0x33,
    0x33, 0x33, 0x30, 0x5, 0xd0, 0x1f, 0x53, 0x33,
    0x33, 0x33, 0x33, 0x32, 0x5d, 0x0, 0xbc, 0xde,
    0xfe, 0xdd, 0xdd, 0xdd, 0x75, 0xd0, 0x7, 0xb0,
    0x8c, 0x0, 0x0, 0x0, 0x0, 0x5d, 0x0, 0xaa,
    0x3f, 0xff, 0xff, 0xff, 0xfd, 0x5, 0xd9, 0xff,
    0x7e, 0x42, 0xe4, 0x2f, 0x27, 0xc0, 0x5d, 0x12,
    0xb, 0x50, 0xc8, 0xb, 0x90, 0x8b, 0x5, 0xd0,
    0x0, 0x0, 0xac, 0x5, 0xf1, 0xa, 0x90, 0x5d,
    0x0, 0x1, 0xda, 0x6, 0xf4, 0x12, 0xe6, 0x5,
    0xd0, 0x0, 0x6, 0x0, 0xa4, 0xd, 0xfc, 0x10,
    0x0, 0x0, 0x0, 0x0, 0x0, 0x0, 0x0, 0x0,
    0x0,

    /* U+96C6 "集" */
    0x0, 0x0, 0x0, 0x0, 0x0, 0x0, 0x0, 0x0,
    0x0, 0x0, 0x0, 0xad, 0x0, 0x5e, 0x0, 0x0,
    0x0, 0x0, 0x0, 0x4, 0xf7, 0x22, 0x3f, 0x82,
    0x22, 0x22, 0x0, 0x0, 0x1e, 0xff, 0xff, 0xff,
    0xff, 0xff, 0xfe, 0x0, 0x1, 0xdf, 0x60, 0x0,
    0x2f, 0x10, 0x0, 0x0, 0x0, 0x1e, 0xcf, 0xfe,
    0xee, 0xef, 0xee, 0xee, 0xe3, 0x0, 0x7, 0xe,
    0x70, 0x0, 0x3f, 0x20, 0x0, 0x0, 0x0, 0x0,
    0xe, 0xfe, 0xee, 0xef, 0xee, 0xee, 0xe4, 0x0,
    0x0, 0xe, 0x70, 0x0, 0x3f, 0x20, 0x0, 0x0,
    0x0, 0x0, 0xe, 0x94, 0x44, 0x7f, 0x64, 0x44,
    0x44, 0x20, 0x0, 0xc, 0xcc, 0xcc, 0xff, 0xcc,
    0xcc, 0xcc, 0x60, 0x0, 0x0, 0x0, 0x0, 0xba,
    0x0, 0x0, 0x0, 0x0, 0xf, 0xff, 0xff, 0xff,
    0xff, 0xff, 0xff, 0xff, 0xf0, 0x1, 0x11, 0x13,
    0xbe, 0xed, 0xeb, 0x31, 0x11, 0x10, 0x0, 0x2,
    0x9f, 0x91, 0xb9, 0x1a, 0xf9, 0x30, 0x0, 0x18,
    0xdf, 0xa3, 0x0, 0xb9, 0x0, 0x29, 0xee, 0x91,
    0xa, 0x61, 0x0, 0x0, 0xb9, 0x0, 0x0, 0x5,
    0x80,

    /* U+96EA "雪" */
    0x1, 0x22, 0x22, 0x22, 0x22, 0x22, 0x22, 0x10,
    0xb, 0xee, 0xee, 0xef, 0xfe, 0xee, 0xee, 0x70,
    0x0, 0x0, 0x0, 0xf, 0x60, 0x0, 0x0, 0x0,
    0xdf, 0xff, 0xff, 0xff, 0xff, 0xff, 0xff, 0xf9,
    0xd6, 0x0, 0x0, 0xf, 0x60, 0x0, 0x0, 0xa9,
    0xd5, 0xad, 0xdd, 0x1e, 0x66, 0xdd, 0xd6, 0xa9,
    0xb5, 0x11, 0x11, 0xe, 0x61, 0x11, 0x10, 0x88,
    0x2, 0xee, 0xee, 0x1e, 0x67, 0xee, 0xed, 0x0,
    0x0, 0x0, 0x0, 0xd, 0x50, 0x0, 0x0, 0x0,
    0x1, 0x44, 0x44, 0x44, 0x44, 0x44, 0x44, 0x0,
    0x4, 0xcc, 0xcc, 0xcc, 0xcc, 0xcc, 0xed, 0x0,
    0x0, 0x0, 0x0, 0x0, 0x0, 0x0, 0x7d, 0x0,
    0x0, 0xef, 0xff, 0xff, 0xff, 0xff, 0xfd, 0x0,
    0x0, 0x11, 0x11, 0x11, 0x11, 0x11, 0x8d, 0x0,
    0x1, 0x22, 0x22, 0x22, 0x22, 0x22, 0x9d, 0x0,
    0x8, 0xff, 0xff, 0xff, 0xff, 0xff, 0xfd, 0x0,

    /* U+96F2 "雲" */
    0x0, 0x23, 0x33, 0x33, 0x33, 0x33, 0x33, 0x32,
    0x0, 0x0, 0x8d, 0xdd, 0xdd, 0xff, 0xdd, 0xdd,
    0xd8, 0x0, 0x0, 0x0, 0x0, 0x0, 0xb9, 0x0,
    0x0, 0x0, 0x0, 0xa, 0xff, 0xff, 0xff, 0xff,
    0xff, 0xff, 0xff, 0xa0, 0xa, 0x90, 0x0, 0x0,
    0xb9, 0x0, 0x0, 0x9, 0xa0, 0xa, 0x96, 0xee,
    0xe5, 0xb9, 0x6e, 0xee, 0x69, 0xa0, 0x8, 0x80,
    0x0, 0x0, 0xb9, 0x0, 0x0, 0x8, 0x80, 0x0,
    0xa, 0xcc, 0xc4, 0xb9, 0x5c, 0xcc, 0xb0, 0x0,
    0x0, 0x3, 0x44, 0x41, 0x86, 0x24, 0x44, 0x40,
    0x0, 0x0, 0xe, 0xee, 0xee, 0xee, 0xee, 0xee,
    0xe0, 0x0, 0x0, 0x1, 0x11, 0x11, 0x11, 0x11,
    0x11, 0x10, 0x0, 0x2, 0x22, 0x22, 0x22, 0x22,
    0x22, 0x22, 0x22, 0x20, 0xe, 0xee, 0xef, 0xff,
    0xee, 0xee, 0xfe, 0xee, 0xe0, 0x0, 0x0, 0x3e,
    0x90, 0x0, 0x6, 0xf5, 0x0, 0x0, 0x0, 0x5,
    0xf9, 0x11, 0x23, 0x34, 0xaf, 0x80, 0x0, 0x0,
    0x1f, 0xff, 0xff, 0xfe, 0xed, 0xcb, 0xf9, 0x0,
    0x0, 0x4, 0x32, 0x10, 0x0, 0x0, 0x0, 0x46,
    0x0,

    /* U+9732 "露" */
    0x0, 0x22, 0x22, 0x22, 0x22, 0x22, 0x22, 0x20,
    0x0, 0x4d, 0xdd, 0xdd, 0xef, 0xdd, 0xdd, 0xdb,
    0x0, 0x14, 0x44, 0x44, 0x4a, 0xe4, 0x44, 0x44,
    0x44, 0x6, 0xe8, 0x88, 0x88, 0xce, 0x88, 0x88,
    0x8b, 0xe0, 0x6d, 0x2c, 0xcc, 0x67, 0xd1, 0xcc,
    0xc8, 0x5e, 0x3, 0x81, 0x22, 0x21, 0x7d, 0x2,
    0x22, 0x23, 0x80, 0x0, 0x6c, 0xcc, 0x57, 0xd1,
    0xcc, 0xcb, 0x0, 0x0, 0x8c, 0xcc, 0xcc, 0x11,
    0x2e, 0xb9, 0x99, 0x10, 0xa, 0x82, 0x23, 0xf0,
    0x3d, 0x84, 0x4c, 0xc0, 0x0, 0xa7, 0x0, 0x1f,
    0x8e, 0x7e, 0x37, 0xe2, 0x0, 0x9, 0xef, 0xfe,
    0xe2, 0x10, 0x7f, 0xf4, 0x0, 0x0, 0x72, 0x5d,
    0x11, 0x26, 0xbc, 0x67, 0xdd, 0x94, 0xc, 0x45,
    0xfd, 0xd9, 0xae, 0xcc, 0xcc, 0xe7, 0x30, 0xc4,
    0x5c, 0x0, 0x2, 0xf1, 0x11, 0x5e, 0x0, 0xc,
    0x46, 0xd4, 0x65, 0x2f, 0x0, 0x4, 0xe0, 0x9,
    0xed, 0xdc, 0xba, 0x52, 0xfe, 0xee, 0xee, 0x0,

    /* U+9748 "靈" */
    0x0, 0x13, 0x33, 0x33, 0x33, 0x33, 0x33, 0x31,
    0x0, 0x0, 0x5b, 0xbb, 0xbb, 0xee, 0xbb, 0xbb,
    0xb6, 0x0, 0x4, 0x77, 0x77, 0x77, 0xdc, 0x77,
    0x77, 0x77, 0x40, 0x9, 0xa4, 0x44, 0x44, 0xcb,
    0x44, 0x44, 0x4a, 0x90, 0x9, 0x77, 0xbb, 0xb4,
    0xb9, 0x6b, 0xbb, 0x78, 0x90, 0x2, 0x16, 0x66,
    0x62, 0xb9, 0x36, 0x66, 0x61, 0x20, 0x0, 0x7,
    0x77, 0x73, 0x97, 0x47, 0x77, 0x70, 0x0, 0x0,
    0xdc, 0xbe, 0x1e, 0xbc, 0xe1, 0xeb, 0xce, 0x0,
    0x0, 0xe0, 0xf, 0x1f, 0x0, 0xf1, 0xe0, 0xf,
    0x0, 0x0, 0xec, 0xbf, 0x1f, 0xbb, 0xf1, 0xfb,
    0xbf, 0x0, 0x0, 0x44, 0x44, 0x24, 0x44, 0x42,
    0x44, 0x44, 0x0, 0x0, 0xcc, 0xcd, 0xcc, 0xee,
    0xcc, 0xdc, 0xcc, 0x0, 0x0, 0x0, 0x7c, 0x0,
    0xb9, 0x2, 0xf1, 0x0, 0x0, 0x0, 0x6, 0xed,
    0x60, 0xb9, 0x1c, 0xdb, 0x30, 0x0, 0x0, 0x7b,
    0x11, 0x95, 0xb9, 0xb6, 0x3, 0xc1, 0x0, 0xf,
    0xff, 0xff, 0xff, 0xff, 0xff, 0xff, 0xff, 0xf1,

    /* U+975C "靜" */
    0x0, 0x0, 0x98, 0x0, 0x0, 0x0, 0x3, 0x69,
    0x0, 0x3, 0x44, 0xcb, 0x44, 0x5a, 0xce, 0xfe,
    0xc8, 0x20, 0x8, 0xbb, 0xee, 0xbb, 0x88, 0x54,
    0x70, 0x3, 0x70, 0x1, 0x22, 0xba, 0x22, 0x1e,
    0x31, 0xf1, 0xa, 0x90, 0x5, 0xcc, 0xee, 0xcc,
    0x49, 0xa0, 0xb6, 0x1f, 0x10, 0x2, 0x22, 0xba,
    0x22, 0x24, 0x82, 0x32, 0x79, 0x0, 0x1d, 0xdd,
    0xdd, 0xdd, 0xcb, 0xff, 0xff, 0xff, 0x50, 0x0,
    0x11, 0x11, 0x11, 0x0, 0x2, 0xf1, 0xe, 0x50,
    0x0, 0xff, 0xff, 0xff, 0x35, 0x57, 0xf6, 0x5f,
    0x92, 0x0, 0xf2, 0x0, 0x3f, 0x5a, 0xab, 0xfb,
    0xaf, 0xc4, 0x0, 0xfe, 0xee, 0xff, 0x0, 0x2,
    0xf1, 0xe, 0x50, 0x0, 0xf3, 0x0, 0x3f, 0x8,
    0xab, 0xfb, 0xaf, 0x50, 0x0, 0xfd, 0xcc, 0xdf,
    0x3, 0x46, 0xf5, 0x4f, 0x50, 0x0, 0xf4, 0x22,
    0x5f, 0x0, 0x2, 0xf1, 0x0, 0x0, 0x0, 0xf2,
    0x1, 0x4f, 0x1, 0x36, 0xf1, 0x0, 0x0, 0x0,
    0xf2, 0xe, 0xfa, 0x4, 0xff, 0xa0, 0x0, 0x0,

    /* U+9762 "面" */
    0xef, 0xff, 0xff, 0xff, 0xff, 0xff, 0xff, 0xff,
    0x5, 0x55, 0x55, 0x56, 0xfa, 0x55, 0x55, 0x55,
    0x50, 0x0, 0x0, 0x0, 0x4f, 0x30, 0x0, 0x0,
    0x0, 0x0, 0x44, 0x44, 0x49, 0xf5, 0x44, 0x44,
    0x44, 0x0, 0x1f, 0xff, 0xff, 0xff, 0xff, 0xff,
    0xff, 0xf2, 0x1, 0xf2, 0x3, 0xf0, 0x0, 0x2f,
    0x0, 0x3f, 0x20, 0x1f, 0x20, 0x3f, 0x11, 0x14,
    0xf0, 0x3, 0xf2, 0x1, 0xf2, 0x3, 0xff, 0xff,
    0xff, 0x0, 0x3f, 0x20, 0x1f, 0x20, 0x3f, 0x0,
    0x2, 0xf0, 0x3, 0xf2, 0x1, 0xf2, 0x3, 0xf0,
    0x0, 0x2f, 0x0, 0x3f, 0x20, 0x1f, 0x20, 0x3f,
    0xff, 0xff, 0xf0, 0x3, 0xf2, 0x1, 0xf2, 0x3,
    0xf1, 0x11, 0x4f, 0x0, 0x3f, 0x20, 0x1f, 0x20,
    0x3f, 0x0, 0x2, 0xf0, 0x3, 0xf2, 0x1, 0xff,
    0xff, 0xff, 0xff, 0xff, 0xff, 0xff, 0x20, 0x1f,
    0x64, 0x44, 0x44, 0x44, 0x44, 0x47, 0xf2, 0x0,

    /* U+97F3 "音" */
    0x0, 0x0, 0x0, 0x0, 0x0, 0x0, 0x0, 0x0,
    0x0, 0x0, 0x0, 0x0, 0x0, 0xe6, 0x0, 0x0,
    0x0, 0x0, 0x0, 0x44, 0x44, 0x44, 0xbe, 0x44,
    0x44, 0x44, 0x0, 0x0, 0xff, 0xff, 0xff, 0xff,
    0xff, 0xff, 0xff, 0x20, 0x0, 0x0, 0x4d, 0x10,
    0x0, 0x0, 0xd7, 0x0, 0x0, 0x0, 0x0, 0x1f,
    0x80, 0x0, 0x6, 0xf2, 0x0, 0x0, 0x3, 0x33,
    0x3b, 0xd3, 0x33, 0x3d, 0xc3, 0x33, 0x30, 0xf,
    0xff, 0xff, 0xff, 0xff, 0xff, 0xff, 0xff, 0xf0,
    0x0, 0x0, 0x0, 0x0, 0x0, 0x0, 0x0, 0x0,
    0x0, 0x0, 0x1, 0x33, 0x33, 0x33, 0x33, 0x33,
    0x20, 0x0, 0x0, 0x8, 0xfe, 0xee, 0xee, 0xee,
    0xef, 0xb0, 0x0, 0x0, 0x8, 0xc0, 0x0, 0x0,
    0x0, 0xa, 0xb0, 0x0, 0x0, 0x8, 0xd3, 0x33,
    0x33, 0x33, 0x3b, 0xb0, 0x0, 0x0, 0x8, 0xfd,
    0xdd, 0xdd, 0xdd, 0xdf, 0xb0, 0x0, 0x0, 0x8,
    0xc0, 0x0, 0x0, 0x0, 0xa, 0xb0, 0x0, 0x0,
    0x8, 0xd3, 0x33, 0x33, 0x33, 0x3b, 0xb0, 0x0,
    0x0, 0x8, 0xff, 0xff, 0xff, 0xff, 0xff, 0xb0,
    0x0,

    /* U+984F "顏" */
    0x0, 0x0, 0xb6, 0x0, 0x0, 0x0, 0x0, 0x0,
    0x0, 0x2, 0x22, 0xad, 0x22, 0x2f, 0xff, 0xff,
    0xff, 0xf7, 0xe, 0xee, 0xee, 0xfe, 0xb2, 0x22,
    0xac, 0x22, 0x21, 0x0, 0xb9, 0x24, 0xe5, 0x0,
    0x11, 0xc9, 0x11, 0x10, 0x0, 0x1a, 0xff, 0x80,
    0x6, 0xfe, 0xee, 0xef, 0xe0, 0x4, 0xcb, 0x55,
    0xbb, 0x6, 0xc0, 0x0, 0x5, 0xe0, 0x7, 0xed,
    0xdd, 0xde, 0xd6, 0xfc, 0xcc, 0xcd, 0xe0, 0x8,
    0xc3, 0x33, 0xa7, 0x36, 0xd3, 0x33, 0x37, 0xe0,
    0x8, 0xb0, 0x4c, 0xb1, 0x6, 0xc0, 0x0, 0x5,
    0xe0, 0x8, 0xb9, 0xc5, 0x0, 0x6, 0xff, 0xff,
    0xff, 0xe0, 0x9, 0xa0, 0x0, 0x9c, 0x6, 0xd1,
    0x11, 0x16, 0xe0, 0x9, 0x90, 0x5d, 0xb0, 0x6,
    0xc0, 0x0, 0x5, 0xe0, 0xa, 0x87, 0xb4, 0x4,
    0x46, 0xff, 0xff, 0xff, 0xe0, 0xd, 0x60, 0x0,
    0x5f, 0x40, 0x38, 0x11, 0x63, 0x0, 0x2f, 0x20,
    0x3a, 0xe4, 0x5, 0xeb, 0x10, 0x9f, 0x50, 0x5c,
    0x2c, 0xe7, 0x10, 0xcf, 0x80, 0x0, 0x6, 0xf5,
    0x1, 0x5, 0x0, 0x0, 0x41, 0x0, 0x0, 0x0,
    0x30,

    /* U+9875 "页" */
    0x11, 0x11, 0x11, 0x11, 0x11, 0x11, 0x11, 0x11,
    0x9f, 0xff, 0xff, 0xff, 0xff, 0xff, 0xff, 0xfe,
    0x11, 0x11, 0x11, 0x2f, 0x81, 0x11, 0x11, 0x11,
    0x0, 0x0, 0x0, 0x6e, 0x10, 0x0, 0x0, 0x0,
    0x0, 0xce, 0xee, 0xff, 0xee, 0xee, 0xee, 0x20,
    0x0, 0xdb, 0x55, 0x55, 0x55, 0x55, 0x7f, 0x20,
    0x0, 0xd8, 0x0, 0x4, 0x70, 0x0, 0x3f, 0x20,
    0x0, 0xd8, 0x0, 0x8, 0xd0, 0x0, 0x3f, 0x20,
    0x0, 0xd8, 0x0, 0x8, 0xd0, 0x0, 0x3f, 0x20,
    0x0, 0xd8, 0x0, 0x9, 0xd0, 0x0, 0x3f, 0x20,
    0x0, 0xd8, 0x0, 0xa, 0xb0, 0x0, 0x3f, 0x20,
    0x0, 0xd8, 0x0, 0xe, 0x80, 0x0, 0x3f, 0x20,
    0x0, 0x64, 0x0, 0xaf, 0x2c, 0xb3, 0x16, 0x10,
    0x0, 0x0, 0x4c, 0xf4, 0x2, 0x9f, 0xb3, 0x0,
    0x3, 0x8d, 0xfa, 0x20, 0x0, 0x2, 0xaf, 0xa1,
    0xaf, 0xc7, 0x10, 0x0, 0x0, 0x0, 0x4, 0xd9,
    0x0, 0x0, 0x0, 0x0, 0x0, 0x0, 0x0, 0x0,

    /* U+987F "顿" */
    0x0, 0x0, 0x10, 0x0, 0x0, 0x0, 0x0, 0x0,
    0x0, 0x0, 0x0, 0xe4, 0x0, 0x3, 0x33, 0x33,
    0x33, 0x20, 0x0, 0x0, 0xe4, 0x0, 0x2f, 0xff,
    0xff, 0xff, 0xe0, 0x2e, 0xee, 0xfe, 0xee, 0x40,
    0x0, 0xe5, 0x0, 0x0, 0x4, 0x44, 0xf8, 0x44,
    0x10, 0x14, 0xf2, 0x11, 0x0, 0x0, 0x0, 0xe4,
    0x1, 0x5, 0xff, 0xff, 0xff, 0x40, 0xb, 0x50,
    0xe4, 0xf, 0x15, 0xd0, 0x0, 0xe, 0x40, 0xb,
    0x50, 0xe4, 0xf, 0x15, 0xd0, 0xb7, 0xe, 0x40,
    0xb, 0x50, 0xe4, 0xf, 0x15, 0xd0, 0xb7, 0xe,
    0x40, 0xb, 0x50, 0xe4, 0xf, 0x15, 0xd0, 0xc6,
    0xe, 0x40, 0xb, 0x95, 0xf8, 0x5f, 0x15, 0xd0,
    0xd5, 0xe, 0x40, 0x9, 0xdd, 0xfe, 0xdd, 0x15,
    0xd1, 0xf2, 0xe, 0x40, 0x0, 0x0, 0xe4, 0x0,
    0x5, 0xd4, 0xf0, 0xe, 0x40, 0x0, 0x0, 0xe4,
    0x4, 0x20, 0x29, 0xb3, 0x1, 0x0, 0x0, 0x0,
    0xf9, 0xdf, 0x40, 0x4f, 0x4c, 0xc1, 0x0, 0x0,
    0x5, 0xff, 0x81, 0x5, 0xe9, 0x0, 0xae, 0x20,
    0x0, 0x4, 0x91, 0x1, 0xdf, 0x60, 0x0, 0x9,
    0xe0, 0x0, 0x0, 0x0, 0x0, 0x30, 0x0, 0x0,
    0x0, 0x20,

    /* U+9886 "领" */
    0x0, 0x0, 0x0, 0x0, 0x0, 0x0, 0x0, 0x0,
    0x0, 0x0, 0x0, 0x8b, 0x0, 0x1, 0x11, 0x11,
    0x11, 0x10, 0x0, 0x0, 0xeb, 0x0, 0xe, 0xff,
    0xff, 0xff, 0xf1, 0x0, 0x8, 0xdd, 0xa0, 0x1,
    0x11, 0xaa, 0x11, 0x10, 0x0, 0x4f, 0x31, 0xe8,
    0x0, 0x0, 0xf4, 0x0, 0x0, 0x3, 0xf8, 0x30,
    0x3f, 0x67, 0xff, 0xff, 0xff, 0x80, 0x1e, 0xa1,
    0xe6, 0x6, 0xa7, 0xc0, 0x11, 0xb, 0x80, 0x8,
    0x0, 0x2f, 0x20, 0x7, 0xc0, 0x89, 0xb, 0x80,
    0x0, 0x0, 0x1, 0x0, 0x7, 0xc0, 0x89, 0xb,
    0x80, 0x2, 0xff, 0xff, 0xfd, 0x7, 0xc0, 0x98,
    0xb, 0x80, 0x0, 0x33, 0x33, 0xca, 0x7, 0xc0,
    0x98, 0xb, 0x80, 0x0, 0x0, 0x2, 0xf3, 0x7,
    0xc0, 0xb6, 0xb, 0x80, 0x0, 0x11, 0xb, 0xa0,
    0x7, 0xc0, 0xe4, 0xb, 0x80, 0x0, 0x9d, 0x7e,
    0x10, 0x3, 0x52, 0xf3, 0x4, 0x30, 0x0, 0xa,
    0xf7, 0x0, 0x0, 0xb, 0xa9, 0xd2, 0x0, 0x0,
    0x0, 0xad, 0x10, 0x1, 0xae, 0x10, 0x8f, 0x30,
    0x0, 0x0, 0xb, 0x80, 0x9f, 0xb1, 0x0, 0x6,
    0xf2, 0x0, 0x0, 0x0, 0x0, 0x42, 0x0, 0x0,
    0x0, 0x20,

    /* U+9898 "题" */
    0x0, 0x22, 0x22, 0x22, 0x1, 0x11, 0x11, 0x11,
    0x10, 0x0, 0xfd, 0xdd, 0xdf, 0x1f, 0xff, 0xff,
    0xff, 0xf1, 0x0, 0xf2, 0x0, 0x3f, 0x10, 0x0,
    0xc9, 0x0, 0x0, 0x0, 0xff, 0xee, 0xff, 0x11,
    0x77, 0xf9, 0x77, 0x10, 0x0, 0xf2, 0x0, 0x2f,
    0x13, 0xf7, 0x77, 0x7f, 0x30, 0x0, 0xfe, 0xee,
    0xef, 0x13, 0xf0, 0x39, 0xe, 0x30, 0x0, 0x0,
    0x0, 0x0, 0x3, 0xf0, 0x5b, 0xe, 0x30, 0x2,
    0x22, 0x22, 0x22, 0x24, 0xf0, 0x6a, 0xe, 0x30,
    0x1e, 0xee, 0xff, 0xee, 0xe4, 0xf0, 0x89, 0xe,
    0x30, 0x0, 0x20, 0x7b, 0x0, 0x3, 0xf0, 0xc6,
    0xe, 0x30, 0x0, 0xd5, 0x7c, 0x22, 0x13, 0xf0,
    0xf2, 0xe, 0x30, 0x0, 0xf3, 0x7f, 0xdd, 0x90,
    0x19, 0xb4, 0x81, 0x0, 0x1, 0xfa, 0x7b, 0x0,
    0x0, 0x7e, 0x11, 0xcb, 0x0, 0x4, 0xec, 0xdb,
    0x0, 0x5d, 0xc2, 0x0, 0xa, 0xc0, 0xa, 0x81,
    0xbe, 0x95, 0x67, 0x21, 0x11, 0x12, 0x40, 0x2f,
    0x20, 0x3, 0x9c, 0xef, 0xff, 0xff, 0xff, 0xf0,
    0x2, 0x0, 0x0, 0x0, 0x0, 0x0, 0x0, 0x0,
    0x0,

    /* U+989C "颜" */
    0x0, 0x0, 0x0, 0x0, 0x0, 0x0, 0x0, 0x0,
    0x0, 0x0, 0x0, 0xa6, 0x0, 0x0, 0x0, 0x0,
    0x0, 0x0, 0x2, 0x22, 0x8d, 0x22, 0x2a, 0xdd,
    0xdd, 0xdd, 0xb0, 0xb, 0xff, 0xff, 0xff, 0xe2,
    0x33, 0x7c, 0x33, 0x20, 0x0, 0x5a, 0x0, 0x3c,
    0x0, 0x0, 0xb6, 0x0, 0x0, 0x0, 0x1f, 0x30,
    0xc7, 0x5, 0xfd, 0xee, 0xdf, 0x30, 0x5, 0xde,
    0xdd, 0xfd, 0xb5, 0xc0, 0x14, 0xe, 0x30, 0x6,
    0xd4, 0x44, 0x58, 0x35, 0xc0, 0x4c, 0xe, 0x30,
    0x6, 0xc0, 0x5, 0xea, 0x5, 0xc0, 0x4b, 0xe,
    0x30, 0x6, 0xd7, 0xdd, 0x50, 0x5, 0xc0, 0x5b,
    0xe, 0x30, 0x6, 0xc6, 0x40, 0x2b, 0x25, 0xc0,
    0x6a, 0xe, 0x30, 0x7, 0xb0, 0x6, 0xe6, 0x5,
    0xc0, 0x89, 0xe, 0x30, 0x8, 0xc7, 0xed, 0x41,
    0x5, 0xc0, 0xa6, 0xe, 0x30, 0x9, 0xaa, 0x50,
    0x2e, 0x92, 0x60, 0xf2, 0x7, 0x10, 0xb, 0x70,
    0x6, 0xfa, 0x0, 0x8, 0xc4, 0xc1, 0x0, 0xf,
    0x57, 0xed, 0x50, 0x1, 0x9e, 0x20, 0x8e, 0x20,
    0x4e, 0x4c, 0x50, 0x0, 0xaf, 0xa1, 0x0, 0x8,
    0xd0, 0x3, 0x0, 0x0, 0x0, 0x41, 0x0, 0x0,
    0x0, 0x20,

    /* U+989D "额" */
    0x0, 0x0, 0xb4, 0x0, 0x0, 0x0, 0x0, 0x0,
    0x0, 0x2, 0x22, 0xbc, 0x22, 0x2a, 0xdd, 0xdd,
    0xdd, 0xd1, 0xe, 0xfe, 0xee, 0xef, 0xe4, 0x55,
    0xbc, 0x55, 0x50, 0xe, 0x42, 0x50, 0x4, 0xe0,
    0x0, 0xe4, 0x0, 0x0, 0x8, 0x2c, 0xc3, 0x34,
    0x76, 0xcc, 0xfc, 0xcc, 0x40, 0x0, 0x7f, 0xdd,
    0xef, 0x18, 0xc5, 0x55, 0x5d, 0x60, 0x8, 0xe3,
    0x1, 0xe7, 0x8, 0x90, 0x66, 0xc, 0x60, 0x1c,
    0x3e, 0xad, 0xa0, 0x8, 0x90, 0xa8, 0xc, 0x60,
    0x0, 0x7, 0xff, 0xa1, 0x8, 0x90, 0xa8, 0xc,
    0x60, 0x5, 0xcf, 0x63, 0xbf, 0x68, 0x90, 0xb7,
    0xc, 0x60, 0x1e, 0xa4, 0x22, 0x27, 0x58, 0x90,
    0xd4, 0xc, 0x60, 0x0, 0xbf, 0xff, 0xfe, 0x8,
    0x90, 0xf1, 0xc, 0x60, 0x0, 0xb7, 0x0, 0x5e,
    0x4, 0x54, 0xd0, 0x6, 0x30, 0x0, 0xb7, 0x0,
    0x5e, 0x0, 0xd, 0x58, 0xc1, 0x0, 0x0, 0xb9,
    0x22, 0x7e, 0x0, 0x99, 0x0, 0x7e, 0x30, 0x0,
    0xbf, 0xee, 0xfe, 0x4b, 0x60, 0x0, 0x3, 0xd2,
    0x0, 0x0, 0x0, 0x0, 0x0, 0x0, 0x0, 0x0,
    0x0,

    /* U+98D8 "飘" */
    0x1, 0x11, 0x11, 0x11, 0x10, 0x0, 0x0, 0x0,
    0x0, 0x1f, 0xff, 0xff, 0xff, 0xa9, 0xdd, 0xdd,
    0xdb, 0x0, 0x0, 0xa, 0x39, 0x40, 0xa, 0x82,
    0x22, 0x6c, 0x0, 0xb, 0xff, 0xff, 0xff, 0x6a,
    0x60, 0x7, 0x8c, 0x0, 0xb, 0x3a, 0x39, 0x48,
    0x6a, 0x97, 0xc, 0x7c, 0x0, 0xb, 0x3a, 0x39,
    0x48, 0x6a, 0x8e, 0x1e, 0x4c, 0x0, 0xb, 0xff,
    0xff, 0xff, 0x6a, 0x6a, 0xab, 0x4c, 0x0, 0x0,
    0x11, 0x11, 0x11, 0xb, 0x64, 0xf8, 0x4c, 0x0,
    0x2, 0xff, 0xff, 0xfd, 0xc, 0x60, 0xe5, 0x3c,
    0x0, 0x0, 0x0, 0x0, 0x0, 0xd, 0x51, 0xf9,
    0x3d, 0x0, 0xd, 0xdd, 0xdd, 0xdd, 0x8d, 0x37,
    0xce, 0x2d, 0x0, 0x3, 0x54, 0xc9, 0x54, 0x2f,
    0x2d, 0x4d, 0x6e, 0x0, 0x1, 0xf1, 0xa6, 0xb5,
    0x3e, 0x6d, 0x8, 0x9f, 0x0, 0x8, 0xa0, 0xa6,
    0x3d, 0x7b, 0xd5, 0x3, 0x9e, 0x75, 0x2e, 0x10,
    0xb6, 0x7, 0xe5, 0x40, 0x0, 0xb, 0xe4, 0x1,
    0x1f, 0xe3, 0x1, 0xd0, 0x0, 0x0, 0x4, 0xd0,
    0x0, 0x0, 0x0, 0x0, 0x0, 0x0, 0x0, 0x0,
    0x0,

    /* U+98DF "食" */
    0x0, 0x0, 0x0, 0x0, 0x0, 0x0, 0x0, 0x0,
    0x0, 0x0, 0x0, 0x0, 0x0, 0xad, 0x0, 0x0,
    0x0, 0x0, 0x0, 0x0, 0x0, 0x8, 0xff, 0x80,
    0x0, 0x0, 0x0, 0x0, 0x0, 0x0, 0xaf, 0x43,
    0xeb, 0x10, 0x0, 0x0, 0x0, 0x0, 0x4d, 0xd4,
    0xd2, 0x1b, 0xf7, 0x0, 0x0, 0x0, 0x4b, 0xfc,
    0x32, 0xbc, 0x22, 0x8f, 0xe8, 0x30, 0x1d, 0xfb,
    0xff, 0xff, 0xff, 0xff, 0xff, 0x8d, 0xf3, 0x3,
    0x11, 0xf3, 0x0, 0x0, 0x0, 0x3f, 0x10, 0x10,
    0x0, 0x1, 0xfd, 0xdd, 0xdd, 0xdd, 0xdf, 0x10,
    0x0, 0x0, 0x1, 0xf6, 0x33, 0x33, 0x33, 0x6f,
    0x10, 0x0, 0x0, 0x1, 0xf3, 0x0, 0x0, 0x0,
    0x3f, 0x10, 0x0, 0x0, 0x1, 0xff, 0xff, 0xff,
    0xff, 0xff, 0x50, 0x0, 0x0, 0x1, 0xf5, 0x22,
    0x65, 0x22, 0x2b, 0xf5, 0x0, 0x0, 0x1, 0xf3,
    0x0, 0x9f, 0xb5, 0xdc, 0x20, 0x0, 0x0, 0x1,
    0xf3, 0x0, 0x3, 0xaf, 0xe1, 0x0, 0x0, 0x0,
    0x3, 0xf8, 0x8b, 0xe9, 0x3, 0xcf, 0x70, 0x0,
    0x0, 0x8, 0xfe, 0xb7, 0x41, 0x0, 0x6, 0xf8,
    0x0, 0x0, 0x1, 0x20, 0x0, 0x0, 0x0, 0x0,
    0x20, 0x0,

    /* U+9971 "饱" */
    0x0, 0x6b, 0x0, 0x0, 0xc, 0x50, 0x0, 0x0,
    0x0, 0x0, 0xaa, 0x0, 0x0, 0x3f, 0x20, 0x0,
    0x0, 0x0, 0x0, 0xd9, 0x33, 0x20, 0xaf, 0xff,
    0xff, 0xff, 0x30, 0x1, 0xff, 0xff, 0xe3, 0xf6,
    0x33, 0x33, 0x4f, 0x30, 0x6, 0xe0, 0xa, 0x9d,
    0xa0, 0x0, 0x0, 0xf, 0x30, 0xc, 0x80, 0x1f,
    0x8e, 0xef, 0xff, 0xf4, 0xf, 0x30, 0x4f, 0x2b,
    0x66, 0x3, 0xe7, 0x22, 0xe4, 0x1f, 0x30, 0x5,
    0xe, 0x50, 0x0, 0xe5, 0x0, 0xe4, 0x1f, 0x20,
    0x0, 0xe, 0x50, 0x0, 0xe5, 0x0, 0xe4, 0x1f,
    0x20, 0x0, 0xe, 0x50, 0x0, 0xeb, 0x99, 0xf4,
    0x2f, 0x10, 0x0, 0xe, 0x50, 0x0, 0xeb, 0x88,
    0xa4, 0x7f, 0x0, 0x0, 0xe, 0x50, 0x0, 0xe5,
    0x0, 0x8f, 0xf9, 0x0, 0x0, 0xe, 0x57, 0x60,
    0xe5, 0x0, 0x0, 0x0, 0x20, 0x0, 0xf, 0xde,
    0x30, 0xe5, 0x0, 0x0, 0x0, 0xf2, 0x0, 0x3f,
    0xc1, 0x0, 0xda, 0x33, 0x33, 0x37, 0xf0, 0x0,
    0x6b, 0x0, 0x0, 0x5e, 0xff, 0xff, 0xfe, 0x70,
    0x0, 0x0, 0x0, 0x0, 0x0, 0x0, 0x0, 0x0,
    0x0,

    /* U+9996 "首" */
    0x0, 0x0, 0x12, 0x0, 0x0, 0x0, 0x22, 0x0,
    0x0, 0x0, 0x0, 0x9e, 0x20, 0x0, 0x0, 0xdb,
    0x0, 0x0, 0x0, 0x0, 0xc, 0xb0, 0x0, 0x8,
    0xe1, 0x0, 0x0, 0xd, 0xdd, 0xde, 0xed, 0xdd,
    0xdf, 0xfd, 0xdd, 0xd1, 0x6, 0x66, 0x66, 0x66,
    0xed, 0x66, 0x66, 0x66, 0x60, 0x0, 0x0, 0x0,
    0x1, 0xf7, 0x0, 0x0, 0x0, 0x0, 0x0, 0xe,
    0xee, 0xee, 0xff, 0xee, 0xee, 0xe0, 0x0, 0x0,
    0xf, 0x84, 0x44, 0x44, 0x44, 0x49, 0xf0, 0x0,
    0x0, 0xf, 0x50, 0x0, 0x0, 0x0, 0x6, 0xf0,
    0x0, 0x0, 0xf, 0xfe, 0xee, 0xee, 0xee, 0xef,
    0xf0, 0x0, 0x0, 0xf, 0x72, 0x22, 0x22, 0x22,
    0x28, 0xf0, 0x0, 0x0, 0xf, 0x50, 0x0, 0x0,
    0x0, 0x6, 0xf0, 0x0, 0x0, 0xf, 0xff, 0xff,
    0xff, 0xff, 0xff, 0xf0, 0x0, 0x0, 0xf, 0x71,
    0x11, 0x11, 0x11, 0x17, 0xf0, 0x0, 0x0, 0xf,
    0x50, 0x0, 0x0, 0x0, 0x6, 0xf0, 0x0, 0x0,
    0xf, 0xff, 0xff, 0xff, 0xff, 0xff, 0xf0, 0x0,
    0x0, 0xf, 0x83, 0x33, 0x33, 0x33, 0x38, 0xf0,
    0x0,

    /* U+9999 "香" */
    0x0, 0x0, 0x0, 0x0, 0x0, 0x0, 0x0, 0x0,
    0x0, 0x0, 0x0, 0x0, 0x12, 0x35, 0x79, 0xcf,
    0x90, 0x0, 0x0, 0x5d, 0xef, 0xff, 0xff, 0xc9,
    0x74, 0x10, 0x0, 0x0, 0x15, 0x43, 0x20, 0xba,
    0x0, 0x0, 0x0, 0x0, 0x0, 0x0, 0x0, 0x0,
    0xba, 0x0, 0x0, 0x0, 0x0, 0xf, 0xff, 0xff,
    0xff, 0xff, 0xff, 0xff, 0xff, 0xf0, 0x3, 0x33,
    0x34, 0xbe, 0xdd, 0xeb, 0x43, 0x33, 0x30, 0x0,
    0x0, 0x1b, 0xe3, 0xba, 0x2e, 0xc1, 0x0, 0x0,
    0x0, 0x5, 0xdd, 0x20, 0xba, 0x1, 0xbf, 0x71,
    0x0, 0x5, 0xdf, 0x90, 0x0, 0x77, 0x0, 0x5,
    0xef, 0x91, 0x1d, 0xa7, 0xee, 0xee, 0xee, 0xee,
    0xee, 0x96, 0xa0, 0x0, 0x4, 0xf3, 0x22, 0x22,
    0x22, 0x2d, 0x90, 0x0, 0x0, 0x4, 0xf0, 0x0,
    0x0, 0x0, 0xc, 0x90, 0x0, 0x0, 0x4, 0xff,
    0xff, 0xff, 0xff, 0xff, 0x90, 0x0, 0x0, 0x4,
    0xf0, 0x0, 0x0, 0x0, 0xd, 0x90, 0x0, 0x0,
    0x4, 0xf2, 0x11, 0x11, 0x11, 0x1d, 0x90, 0x0,
    0x0, 0x4, 0xff, 0xff, 0xff, 0xff, 0xff, 0x80,
    0x0,

    /* U+9AD4 "體" */
    0x0, 0x0, 0x0, 0x0, 0x0, 0x40, 0x40, 0x0,
    0x0, 0xaa, 0xaa, 0xa0, 0x0, 0x2e, 0xe, 0x20,
    0x0, 0xf, 0x76, 0x7f, 0x17, 0xee, 0xfe, 0xfe,
    0xeb, 0x0, 0xf7, 0x71, 0xf1, 0x89, 0xe, 0xe,
    0x15, 0xc0, 0xf, 0x7e, 0x1f, 0x18, 0xda, 0xfa,
    0xfb, 0xcc, 0x0, 0xf0, 0xd1, 0xf1, 0x8b, 0x3e,
    0x3e, 0x47, 0xc0, 0xbf, 0xcf, 0xcf, 0xc9, 0xb4,
    0xe4, 0xe5, 0x7c, 0xe, 0x75, 0x55, 0x5f, 0x9d,
    0xdd, 0xdd, 0xdd, 0xa0, 0xe6, 0x44, 0x44, 0xe3,
    0x11, 0x11, 0x11, 0x11, 0x0, 0xfd, 0xdd, 0xf0,
    0xde, 0xee, 0xee, 0xee, 0xe4, 0xf, 0x30, 0x2f,
    0x0, 0x44, 0x44, 0x44, 0x42, 0x0, 0xfe, 0xee,
    0xf0, 0xf, 0xa8, 0x88, 0x8f, 0x60, 0xf, 0x20,
    0x2f, 0x0, 0xf5, 0x11, 0x11, 0xf6, 0x0, 0xff,
    0xef, 0xf0, 0xc, 0xdc, 0xcc, 0xdc, 0x50, 0xf,
    0x30, 0x2f, 0x0, 0xd, 0x30, 0x1f, 0x50, 0x0,
    0xf2, 0x37, 0xf1, 0x77, 0xca, 0x7, 0xd0, 0x0,
    0xf, 0x25, 0xc8, 0x1f, 0xff, 0xff, 0xff, 0xff,
    0x70,

    /* U+9AD8 "高" */
    0x0, 0x0, 0x0, 0x0, 0x0, 0x0, 0x0, 0x0,
    0x0, 0x0, 0x0, 0xe, 0x70, 0x0, 0x0, 0x0,
    0x33, 0x33, 0x33, 0x3b, 0xd3, 0x33, 0x33, 0x33,
    0xef, 0xff, 0xff, 0xff, 0xff, 0xff, 0xff, 0xfd,
    0x0, 0x0, 0x0, 0x0, 0x0, 0x0, 0x0, 0x0,
    0x0, 0x3f, 0xfe, 0xee, 0xee, 0xef, 0xf5, 0x0,
    0x0, 0x3f, 0x20, 0x0, 0x0, 0x0, 0xf5, 0x0,
    0x0, 0x3f, 0x53, 0x33, 0x33, 0x34, 0xf5, 0x0,
    0x0, 0x2c, 0xcc, 0xcc, 0xcc, 0xcc, 0xc4, 0x0,
    0x3, 0x33, 0x33, 0x33, 0x33, 0x33, 0x33, 0x30,
    0x4f, 0xee, 0xee, 0xee, 0xee, 0xee, 0xee, 0xf4,
    0x4f, 0x0, 0x0, 0x0, 0x0, 0x0, 0x0, 0xf4,
    0x4f, 0x0, 0xef, 0xff, 0xff, 0xfb, 0x0, 0xf4,
    0x4f, 0x0, 0xe5, 0x0, 0x0, 0x8b, 0x0, 0xf4,
    0x4f, 0x0, 0xed, 0xbb, 0xbb, 0xeb, 0x0, 0xf4,
    0x4f, 0x0, 0xe8, 0x44, 0x44, 0x43, 0x23, 0xf4,
    0x4f, 0x0, 0x82, 0x0, 0x0, 0x0, 0xdd, 0xb1,

    /* U+9C81 "鲁" */
    0x0, 0x0, 0x1, 0x0, 0x0, 0x0, 0x0, 0x0,
    0x0, 0x0, 0x1, 0xe9, 0x0, 0x0, 0x0, 0x0,
    0x0, 0x0, 0x0, 0xcf, 0xff, 0xff, 0xf8, 0x0,
    0x0, 0x0, 0x2, 0xdc, 0x10, 0x0, 0x7e, 0x10,
    0x0, 0x0, 0x6, 0xef, 0xee, 0xee, 0xff, 0xee,
    0xef, 0xc0, 0x4, 0xe9, 0xf0, 0x0, 0xe, 0x50,
    0x0, 0x8c, 0x0, 0x0, 0x3f, 0xed, 0xdd, 0xfe,
    0xdd, 0xdf, 0xc0, 0x0, 0x3, 0xf0, 0x0, 0xe,
    0x50, 0x0, 0x8c, 0x0, 0x0, 0x3e, 0xee, 0xee,
    0xee, 0xee, 0xee, 0xb0, 0x0, 0x67, 0x77, 0x77,
    0x77, 0x77, 0x77, 0x77, 0x72, 0x5, 0x66, 0x66,
    0x66, 0x66, 0x66, 0x66, 0x66, 0x20, 0x0, 0x9e,
    0xee, 0xee, 0xee, 0xee, 0xe3, 0x0, 0x0, 0xa,
    0xb1, 0x11, 0x11, 0x11, 0x3f, 0x30, 0x0, 0x0,
    0xab, 0x33, 0x33, 0x33, 0x35, 0xf3, 0x0, 0x0,
    0xa, 0xeb, 0xbb, 0xbb, 0xbb, 0xcf, 0x30, 0x0,
    0x0, 0xaa, 0x0, 0x0, 0x0, 0x2, 0xf3, 0x0,
    0x0, 0xa, 0xfe, 0xee, 0xee, 0xee, 0xff, 0x30,
    0x0,

    /* U+9F8D "龍" */
    0x0, 0x0, 0x0, 0x0, 0x0, 0x10, 0x0, 0x0,
    0x0, 0x0, 0x0, 0xe5, 0x0, 0x0, 0xf4, 0x0,
    0x0, 0x0, 0x4, 0x55, 0xcc, 0x55, 0x30, 0xf9,
    0x77, 0x77, 0x70, 0xc, 0xdd, 0xdd, 0xdd, 0x90,
    0xfb, 0xaa, 0xaa, 0xa0, 0x0, 0x88, 0x0, 0xb7,
    0x0, 0xf5, 0x11, 0x11, 0x0, 0x0, 0x5e, 0x2,
    0xf2, 0x0, 0xff, 0xff, 0xff, 0x50, 0x3e, 0xef,
    0xee, 0xfe, 0xe0, 0x0, 0x0, 0xf, 0x50, 0x16,
    0x66, 0x66, 0x66, 0x60, 0x22, 0x22, 0x2f, 0x50,
    0x1, 0x77, 0x77, 0x77, 0x10, 0xfe, 0xdd, 0xdd,
    0x50, 0x4, 0xf9, 0x99, 0x9f, 0x30, 0xf4, 0x0,
    0x0, 0x0, 0x4, 0xf2, 0x22, 0x3f, 0x30, 0xfe,
    0xee, 0xee, 0x40, 0x4, 0xfd, 0xcc, 0xdf, 0x30,
    0xf4, 0x0, 0x0, 0x0, 0x4, 0xf0, 0x0, 0x1f,
    0x30, 0xfe, 0xee, 0xee, 0x30, 0x4, 0xfe, 0xee,
    0xef, 0x30, 0xf4, 0x0, 0x0, 0x0, 0x4, 0xf0,
    0x0, 0x2f, 0x30, 0xfe, 0xdd, 0xdd, 0x60, 0x4,
    0xf0, 0x5, 0x7f, 0x30, 0xf8, 0x33, 0x34, 0xe4,
    0x4, 0xf0, 0xa, 0xda, 0x0, 0x7d, 0xee, 0xee,
    0xb0,

    /* U+FF08 "（" */
    0x0, 0x0, 0x30, 0x0, 0xa, 0xd0, 0x0, 0x6e,
    0x20, 0x1, 0xe6, 0x0, 0x8, 0xd0, 0x0, 0xd,
    0x70, 0x0, 0x2f, 0x20, 0x0, 0x5f, 0x0, 0x0,
    0x6e, 0x0, 0x0, 0x7d, 0x0, 0x0, 0x5f, 0x0,
    0x0, 0x3f, 0x10, 0x0, 0xf, 0x60, 0x0, 0xa,
    0xb0, 0x0, 0x3, 0xf3, 0x0, 0x0, 0xac, 0x0,
    0x0, 0x1d, 0x90, 0x0, 0x2, 0x80,

    /* U+FF09 "）" */
    0x3, 0x0, 0x0, 0xd, 0xa0, 0x0, 0x2, 0xe6,
    0x0, 0x0, 0x6e, 0x10, 0x0, 0xd, 0x80, 0x0,
    0x7, 0xd0, 0x0, 0x2, 0xf2, 0x0, 0x0, 0xf4,
    0x0, 0x0, 0xe6, 0x0, 0x0, 0xd7, 0x0, 0x0,
    0xf5, 0x0, 0x1, 0xf3, 0x0, 0x6, 0xf0, 0x0,
    0xb, 0xa0, 0x0, 0x3f, 0x30, 0x0, 0xca, 0x0,
    0x9, 0xd1, 0x0, 0x8, 0x20, 0x0,

    /* U+FF0C "，" */
    0x0, 0x10, 0xa, 0xf7, 0xc, 0xfd, 0x1, 0x9d,
    0x0, 0xa9, 0x1a, 0xe1, 0x6a, 0x10, 0x0, 0x0,

    /* U+FF1A "：" */
    0x27, 0x2b, 0xfb, 0x8f, 0x80, 0x0, 0x0, 0x0,
    0x0, 0x0, 0x0, 0x0, 0x0, 0x2, 0x82, 0xbf,
    0xb7, 0xf7, 0x0, 0x0,

    /* U+FF1B "；" */
    0x2, 0x72, 0x0, 0xbf, 0xb0, 0x8, 0xf8, 0x0,
    0x0, 0x0, 0x0, 0x0, 0x0, 0x0, 0x0, 0x0,
    0x0, 0x0, 0x0, 0x0, 0x2, 0x84, 0x0, 0xaf,
    0xe0, 0x5, 0xef, 0x10, 0x3, 0xf0, 0x0, 0x9b,
    0x0, 0x9e, 0x20, 0x2a, 0x10, 0x0
};


/*---------------------
 *  GLYPH DESCRIPTION
 *--------------------*/

static const lv_font_fmt_txt_glyph_dsc_t glyph_dsc[] = {
    {.bitmap_index = 0, .adv_w = 0, .box_w = 0, .box_h = 0, .ofs_x = 0, .ofs_y = 0} /* id = 0 reserved */,
    {.bitmap_index = 0, .adv_w = 65, .box_w = 0, .box_h = 0, .ofs_x = 0, .ofs_y = 0},
    {.bitmap_index = 0, .adv_w = 93, .box_w = 4, .box_h = 13, .ofs_x = 1, .ofs_y = 0},
    {.bitmap_index = 26, .adv_w = 137, .box_w = 6, .box_h = 6, .ofs_x = 1, .ofs_y = 8},
    {.bitmap_index = 44, .adv_w = 160, .box_w = 10, .box_h = 13, .ofs_x = 0, .ofs_y = 0},
    {.bitmap_index = 109, .adv_w = 160, .box_w = 8, .box_h = 17, .ofs_x = 1, .ofs_y = -2},
    {.bitmap_index = 177, .adv_w = 265, .box_w = 16, .box_h = 13, .ofs_x = 0, .ofs_y = 0},
    {.bitmap_index = 281, .adv_w = 196, .box_w = 12, .box_h = 13, .ofs_x = 0, .ofs_y = 0},
    {.bitmap_index = 359, .adv_w = 80, .box_w = 3, .box_h = 6, .ofs_x = 1, .ofs_y = 8},
    {.bitmap_index = 368, .adv_w = 97, .box_w = 5, .box_h = 19, .ofs_x = 1, .ofs_y = -4},
    {.bitmap_index = 416, .adv_w = 97, .box_w = 5, .box_h = 19, .ofs_x = 0, .ofs_y = -4},
    {.bitmap_index = 464, .adv_w = 134, .box_w = 7, .box_h = 6, .ofs_x = 1, .ofs_y = 8},
    {.bitmap_index = 485, .adv_w = 160, .box_w = 10, .box_h = 10, .ofs_x = 0, .ofs_y = 2},
    {.bitmap_index = 535, .adv_w = 80, .box_w = 4, .box_h = 7, .ofs_x = 0, .ofs_y = -4},
    {.bitmap_index = 549, .adv_w = 100, .box_w = 6, .box_h = 3, .ofs_x = 0, .ofs_y = 4},
    {.bitmap_index = 558, .adv_w = 80, .box_w = 3, .box_h = 3, .ofs_x = 1, .ofs_y = 0},
    {.bitmap_index = 563, .adv_w = 113, .box_w = 7, .box_h = 18, .ofs_x = 0, .ofs_y = -4},
    {.bitmap_index = 626, .adv_w = 160, .box_w = 10, .box_h = 13, .ofs_x = 0, .ofs_y = 0},
    {.bitmap_index = 691, .adv_w = 160, .box_w = 8, .box_h = 13, .ofs_x = 1, .ofs_y = 0},
    {.bitmap_index = 743, .adv_w = 160, .box_w = 10, .box_h = 13, .ofs_x = 0, .ofs_y = 0},
    {.bitmap_index = 808, .adv_w = 160, .box_w = 9, .box_h = 13, .ofs_x = 0, .ofs_y = 0},
    {.bitmap_index = 867, .adv_w = 160, .box_w = 10, .box_h = 13, .ofs_x = 0, .ofs_y = 0},
    {.bitmap_index = 932, .adv_w = 160, .box_w = 10, .box_h = 13, .ofs_x = 0, .ofs_y = 0},
    {.bitmap_index = 997, .adv_w = 160, .box_w = 9, .box_h = 13, .ofs_x = 1, .ofs_y = 0},
    {.bitmap_index = 1056, .adv_w = 160, .box_w = 10, .box_h = 13, .ofs_x = 0, .ofs_y = 0},
    {.bitmap_index = 1121, .adv_w = 160, .box_w = 10, .box_h = 13, .ofs_x = 0, .ofs_y = 0},
    {.bitmap_index = 1186, .adv_w = 160, .box_w = 10, .box_h = 13, .ofs_x = 0, .ofs_y = 0},
    {.bitmap_index = 1251, .adv_w = 80, .box_w = 3, .box_h = 10, .ofs_x = 1, .ofs_y = 0},
    {.bitmap_index = 1266, .adv_w = 80, .box_w = 4, .box_h = 14, .ofs_x = 0, .ofs_y = -4},
    {.bitmap_index = 1294, .adv_w = 160, .box_w = 10, .box_h = 9, .ofs_x = 0, .ofs_y = 2},
    {.bitmap_index = 1339, .adv_w = 160, .box_w = 10, .box_h = 6, .ofs_x = 0, .ofs_y = 4},
    {.bitmap_index = 1369, .adv_w = 160, .box_w = 10, .box_h = 9, .ofs_x = 0, .ofs_y = 2},
    {.bitmap_index = 1414, .adv_w = 137, .box_w = 8, .box_h = 13, .ofs_x = 0, .ofs_y = 0},
    {.bitmap_index = 1466, .adv_w = 272, .box_w = 15, .box_h = 17, .ofs_x = 1, .ofs_y = -4},
    {.bitmap_index = 1594, .adv_w = 175, .box_w = 11, .box_h = 13, .ofs_x = 0, .ofs_y = 0},
    {.bitmap_index = 1666, .adv_w = 189, .box_w = 11, .box_h = 13, .ofs_x = 1, .ofs_y = 0},
    {.bitmap_index = 1738, .adv_w = 184, .box_w = 10, .box_h = 13, .ofs_x = 1, .ofs_y = 0},
    {.bitmap_index = 1803, .adv_w = 198, .box_w = 11, .box_h = 13, .ofs_x = 1, .ofs_y = 0},
    {.bitmap_index = 1875, .adv_w = 170, .box_w = 9, .box_h = 13, .ofs_x = 1, .ofs_y = 0},
    {.bitmap_index = 1934, .adv_w = 159, .box_w = 9, .box_h = 13, .ofs_x = 1, .ofs_y = 0},
    {.bitmap_index = 1993, .adv_w = 198, .box_w = 11, .box_h = 13, .ofs_x = 1, .ofs_y = 0},
    {.bitmap_index = 2065, .adv_w = 210, .box_w = 11, .box_h = 13, .ofs_x = 1, .ofs_y = 0},
    {.bitmap_index = 2137, .adv_w = 84, .box_w = 3, .box_h = 13, .ofs_x = 1, .ofs_y = 0},
    {.bitmap_index = 2157, .adv_w = 154, .box_w = 8, .box_h = 13, .ofs_x = 0, .ofs_y = 0},
    {.bitmap_index = 2209, .adv_w = 186, .box_w = 11, .box_h = 13, .ofs_x = 1, .ofs_y = 0},
    {.bitmap_index = 2281, .adv_w = 156, .box_w = 9, .box_h = 13, .ofs_x = 1, .ofs_y = 0},
    {.bitmap_index = 2340, .adv_w = 234, .box_w = 12, .box_h = 13, .ofs_x = 1, .ofs_y = 0},
    {.bitmap_index = 2418, .adv_w = 208, .box_w = 11, .box_h = 13, .ofs_x = 1, .ofs_y = 0},
    {.bitmap_index = 2490, .adv_w = 214, .box_w = 12, .box_h = 13, .ofs_x = 1, .ofs_y = 0},
    {.bitmap_index = 2568, .adv_w = 182, .box_w = 10, .box_h = 13, .ofs_x = 1, .ofs_y = 0},
    {.bitmap_index = 2633, .adv_w = 214, .box_w = 12, .box_h = 17, .ofs_x = 1, .ofs_y = -4},
    {.bitmap_index = 2735, .adv_w = 183, .box_w = 10, .box_h = 13, .ofs_x = 1, .ofs_y = 0},
    {.bitmap_index = 2800, .adv_w = 172, .box_w = 10, .box_h = 13, .ofs_x = 0, .ofs_y = 0},
    {.bitmap_index = 2865, .adv_w = 173, .box_w = 11, .box_h = 13, .ofs_x = 0, .ofs_y = 0},
    {.bitmap_index = 2937, .adv_w = 208, .box_w = 11, .box_h = 13, .ofs_x = 1, .ofs_y = 0},
    {.bitmap_index = 3009, .adv_w = 166, .box_w = 11, .box_h = 13, .ofs_x = 0, .ofs_y = 0},
    {.bitmap_index = 3081, .adv_w = 253, .box_w = 16, .box_h = 13, .ofs_x = 0, .ofs_y = 0},
    {.bitmap_index = 3185, .adv_w = 165, .box_w = 11, .box_h = 13, .ofs_x = 0, .ofs_y = 0},
    {.bitmap_index = 3257, .adv_w = 153, .box_w = 11, .box_h = 13, .ofs_x = -1, .ofs_y = 0},
    {.bitmap_index = 3329, .adv_w = 174, .box_w = 11, .box_h = 13, .ofs_x = 0, .ofs_y = 0},
    {.bitmap_index = 3401, .adv_w = 97, .box_w = 5, .box_h = 17, .ofs_x = 1, .ofs_y = -3},
    {.bitmap_index = 3444, .adv_w = 113, .box_w = 7, .box_h = 18, .ofs_x = 0, .ofs_y = -4},
    {.bitmap_index = 3507, .adv_w = 97, .box_w = 5, .box_h = 17, .ofs_x = 0, .ofs_y = -3},
    {.bitmap_index = 3550, .adv_w = 160, .box_w = 8, .box_h = 8, .ofs_x = 1, .ofs_y = 6},
    {.bitmap_index = 3582, .adv_w = 161, .box_w = 10, .box_h = 2, .ofs_x = 0, .ofs_y = -3},
    {.bitmap_index = 3592, .adv_w = 175, .box_w = 6, .box_h = 4, .ofs_x = 2, .ofs_y = 11},
    {.bitmap_index = 3604, .adv_w = 162, .box_w = 8, .box_h = 10, .ofs_x = 1, .ofs_y = 0},
    {.bitmap_index = 3644, .adv_w = 178, .box_w = 10, .box_h = 14, .ofs_x = 1, .ofs_y = 0},
    {.bitmap_index = 3714, .adv_w = 147, .box_w = 9, .box_h = 10, .ofs_x = 0, .ofs_y = 0},
    {.bitmap_index = 3759, .adv_w = 179, .box_w = 10, .box_h = 14, .ofs_x = 0, .ofs_y = 0},
    {.bitmap_index = 3829, .adv_w = 160, .box_w = 10, .box_h = 10, .ofs_x = 0, .ofs_y = 0},
    {.bitmap_index = 3879, .adv_w = 94, .box_w = 7, .box_h = 14, .ofs_x = 0, .ofs_y = 0},
    {.bitmap_index = 3928, .adv_w = 162, .box_w = 10, .box_h = 14, .ofs_x = 0, .ofs_y = -4},
    {.bitmap_index = 3998, .adv_w = 175, .box_w = 9, .box_h = 14, .ofs_x = 1, .ofs_y = 0},
    {.bitmap_index = 4061, .adv_w = 79, .box_w = 3, .box_h = 14, .ofs_x = 1, .ofs_y = 0},
    {.bitmap_index = 4082, .adv_w = 79, .box_w = 5, .box_h = 18, .ofs_x = -1, .ofs_y = -4},
    {.bitmap_index = 4127, .adv_w = 159, .box_w = 9, .box_h = 14, .ofs_x = 1, .ofs_y = 0},
    {.bitmap_index = 4190, .adv_w = 82, .box_w = 4, .box_h = 14, .ofs_x = 1, .ofs_y = 0},
    {.bitmap_index = 4218, .adv_w = 267, .box_w = 15, .box_h = 10, .ofs_x = 1, .ofs_y = 0},
    {.bitmap_index = 4293, .adv_w = 176, .box_w = 9, .box_h = 10, .ofs_x = 1, .ofs_y = 0},
    {.bitmap_index = 4338, .adv_w = 175, .box_w = 10, .box_h = 10, .ofs_x = 0, .ofs_y = 0},
    {.bitmap_index = 4388, .adv_w = 179, .box_w = 10, .box_h = 14, .ofs_x = 1, .ofs_y = -4},
    {.bitmap_index = 4458, .adv_w = 179, .box_w = 10, .box_h = 14, .ofs_x = 0, .ofs_y = -4},
    {.bitmap_index = 4528, .adv_w = 112, .box_w = 7, .box_h = 10, .ofs_x = 1, .ofs_y = 0},
    {.bitmap_index = 4563, .adv_w = 135, .box_w = 8, .box_h = 10, .ofs_x = 0, .ofs_y = 0},
    {.bitmap_index = 4603, .adv_w = 109, .box_w = 7, .box_h = 13, .ofs_x = 0, .ofs_y = 0},
    {.bitmap_index = 4649, .adv_w = 175, .box_w = 9, .box_h = 10, .ofs_x = 1, .ofs_y = 0},
    {.bitmap_index = 4694, .adv_w = 150, .box_w = 10, .box_h = 10, .ofs_x = 0, .ofs_y = 0},
    {.bitmap_index = 4744, .adv_w = 231, .box_w = 14, .box_h = 10, .ofs_x = 0, .ofs_y = 0},
    {.bitmap_index = 4814, .adv_w = 143, .box_w = 9, .box_h = 10, .ofs_x = 0, .ofs_y = 0},
    {.bitmap_index = 4859, .adv_w = 150, .box_w = 10, .box_h = 14, .ofs_x = 0, .ofs_y = -4},
    {.bitmap_index = 4929, .adv_w = 137, .box_w = 9, .box_h = 10, .ofs_x = 0, .ofs_y = 0},
    {.bitmap_index = 4974, .adv_w = 97, .box_w = 6, .box_h = 17, .ofs_x = 0, .ofs_y = -3},
    {.bitmap_index = 5025, .adv_w = 78, .box_w = 2, .box_h = 20, .ofs_x = 1, .ofs_y = -5},
    {.bitmap_index = 5045, .adv_w = 97, .box_w = 6, .box_h = 17, .ofs_x = 0, .ofs_y = -3},
    {.bitmap_index = 5096, .adv_w = 160, .box_w = 10, .box_h = 5, .ofs_x = 0, .ofs_y = 4},
    {.bitmap_index = 5121, .adv_w = 288, .box_w = 4, .box_h = 4, .ofs_x = 7, .ofs_y = 5},
    {.bitmap_index = 5129, .adv_w = 162, .box_w = 8, .box_h = 15, .ofs_x = 1, .ofs_y = 0},
    {.bitmap_index = 5189, .adv_w = 162, .box_w = 8, .box_h = 15, .ofs_x = 1, .ofs_y = 0},
    {.bitmap_index = 5249, .adv_w = 160, .box_w = 10, .box_h = 15, .ofs_x = 0, .ofs_y = 0},
    {.bitmap_index = 5324, .adv_w = 160, .box_w = 10, .box_h = 15, .ofs_x = 0, .ofs_y = 0},
    {.bitmap_index = 5399, .adv_w = 79, .box_w = 6, .box_h = 15, .ofs_x = -1, .ofs_y = 0},
    {.bitmap_index = 5444, .adv_w = 79, .box_w = 6, .box_h = 15, .ofs_x = 0, .ofs_y = 0},
    {.bitmap_index = 5489, .adv_w = 175, .box_w = 10, .box_h = 15, .ofs_x = 0, .ofs_y = 0},
    {.bitmap_index = 5564, .adv_w = 175, .box_w = 10, .box_h = 15, .ofs_x = 0, .ofs_y = 0},
    {.bitmap_index = 5639, .adv_w = 175, .box_w = 9, .box_h = 15, .ofs_x = 1, .ofs_y = 0},
    {.bitmap_index = 5707, .adv_w = 175, .box_w = 9, .box_h = 15, .ofs_x = 1, .ofs_y = 0},
    {.bitmap_index = 5775, .adv_w = 162, .box_w = 8, .box_h = 13, .ofs_x = 1, .ofs_y = 0},
    {.bitmap_index = 5827, .adv_w = 160, .box_w = 10, .box_h = 13, .ofs_x = 0, .ofs_y = 0},
    {.bitmap_index = 5892, .adv_w = 160, .box_w = 10, .box_h = 15, .ofs_x = 0, .ofs_y = 0},
    {.bitmap_index = 5967, .adv_w = 79, .box_w = 7, .box_h = 13, .ofs_x = -1, .ofs_y = 0},
    {.bitmap_index = 6013, .adv_w = 175, .box_w = 10, .box_h = 13, .ofs_x = 0, .ofs_y = 0},
    {.bitmap_index = 6078, .adv_w = 175, .box_w = 9, .box_h = 13, .ofs_x = 1, .ofs_y = 0},
    {.bitmap_index = 6137, .adv_w = 162, .box_w = 8, .box_h = 15, .ofs_x = 1, .ofs_y = 0},
    {.bitmap_index = 6197, .adv_w = 79, .box_w = 7, .box_h = 15, .ofs_x = -1, .ofs_y = 0},
    {.bitmap_index = 6250, .adv_w = 175, .box_w = 10, .box_h = 15, .ofs_x = 0, .ofs_y = 0},
    {.bitmap_index = 6325, .adv_w = 175, .box_w = 9, .box_h = 15, .ofs_x = 1, .ofs_y = 0},
    {.bitmap_index = 6393, .adv_w = 175, .box_w = 9, .box_h = 17, .ofs_x = 1, .ofs_y = 0},
    {.bitmap_index = 6470, .adv_w = 288, .box_w = 7, .box_h = 6, .ofs_x = 11, .ofs_y = 10},
    {.bitmap_index = 6491, .adv_w = 288, .box_w = 7, .box_h = 6, .ofs_x = 0, .ofs_y = 10},
    {.bitmap_index = 6512, .adv_w = 288, .box_w = 18, .box_h = 17, .ofs_x = 0, .ofs_y = -2},
    {.bitmap_index = 6665, .adv_w = 288, .box_w = 7, .box_h = 6, .ofs_x = 0, .ofs_y = -1},
    {.bitmap_index = 6686, .adv_w = 288, .box_w = 9, .box_h = 18, .ofs_x = 9, .ofs_y = -2},
    {.bitmap_index = 6767, .adv_w = 288, .box_w = 9, .box_h = 18, .ofs_x = 0, .ofs_y = -2},
    {.bitmap_index = 6848, .adv_w = 288, .box_w = 7, .box_h = 13, .ofs_x = 11, .ofs_y = 3},
    {.bitmap_index = 6894, .adv_w = 288, .box_w = 7, .box_h = 12, .ofs_x = 0, .ofs_y = -1},
    {.bitmap_index = 6936, .adv_w = 288, .box_w = 18, .box_h = 2, .ofs_x = 0, .ofs_y = 6},
    {.bitmap_index = 6954, .adv_w = 288, .box_w = 18, .box_h = 16, .ofs_x = 0, .ofs_y = -1},
    {.bitmap_index = 7098, .adv_w = 288, .box_w = 17, .box_h = 16, .ofs_x = 0, .ofs_y = -2},
    {.bitmap_index = 7234, .adv_w = 288, .box_w = 16, .box_h = 15, .ofs_x = 1, .ofs_y = -1},
    {.bitmap_index = 7354, .adv_w = 288, .box_w = 18, .box_h = 17, .ofs_x = 0, .ofs_y = -1},
    {.bitmap_index = 7507, .adv_w = 288, .box_w = 18, .box_h = 15, .ofs_x = 0, .ofs_y = -1},
    {.bitmap_index = 7642, .adv_w = 288, .box_w = 18, .box_h = 15, .ofs_x = 0, .ofs_y = -1},
    {.bitmap_index = 7777, .adv_w = 288, .box_w = 16, .box_h = 17, .ofs_x = 1, .ofs_y = -2},
    {.bitmap_index = 7913, .adv_w = 288, .box_w = 16, .box_h = 17, .ofs_x = 1, .ofs_y = -1},
    {.bitmap_index = 8049, .adv_w = 288, .box_w = 16, .box_h = 18, .ofs_x = 1, .ofs_y = -2},
    {.bitmap_index = 8193, .adv_w = 288, .box_w = 16, .box_h = 15, .ofs_x = 1, .ofs_y = -1},
    {.bitmap_index = 8313, .adv_w = 288, .box_w = 17, .box_h = 17, .ofs_x = 0, .ofs_y = -2},
    {.bitmap_index = 8458, .adv_w = 288, .box_w = 18, .box_h = 16, .ofs_x = 0, .ofs_y = -1},
    {.bitmap_index = 8602, .adv_w = 288, .box_w = 15, .box_h = 17, .ofs_x = 1, .ofs_y = -1},
    {.bitmap_index = 8730, .adv_w = 288, .box_w = 17, .box_h = 18, .ofs_x = 1, .ofs_y = -2},
    {.bitmap_index = 8883, .adv_w = 288, .box_w = 18, .box_h = 17, .ofs_x = 0, .ofs_y = -2},
    {.bitmap_index = 9036, .adv_w = 288, .box_w = 17, .box_h = 16, .ofs_x = 1, .ofs_y = -1},
    {.bitmap_index = 9172, .adv_w = 288, .box_w = 18, .box_h = 16, .ofs_x = 0, .ofs_y = -1},
    {.bitmap_index = 9316, .adv_w = 288, .box_w = 17, .box_h = 16, .ofs_x = 0, .ofs_y = -2},
    {.bitmap_index = 9452, .adv_w = 288, .box_w = 18, .box_h = 18, .ofs_x = 0, .ofs_y = -2},
    {.bitmap_index = 9614, .adv_w = 288, .box_w = 18, .box_h = 18, .ofs_x = 0, .ofs_y = -2},
    {.bitmap_index = 9776, .adv_w = 288, .box_w = 18, .box_h = 17, .ofs_x = 0, .ofs_y = -1},
    {.bitmap_index = 9929, .adv_w = 288, .box_w = 18, .box_h = 17, .ofs_x = 0, .ofs_y = -2},
    {.bitmap_index = 10082, .adv_w = 288, .box_w = 18, .box_h = 17, .ofs_x = 0, .ofs_y = -1},
    {.bitmap_index = 10235, .adv_w = 288, .box_w = 17, .box_h = 17, .ofs_x = 1, .ofs_y = -1},
    {.bitmap_index = 10380, .adv_w = 288, .box_w = 16, .box_h = 15, .ofs_x = 1, .ofs_y = -1},
    {.bitmap_index = 10500, .adv_w = 288, .box_w = 18, .box_h = 17, .ofs_x = 0, .ofs_y = -1},
    {.bitmap_index = 10653, .adv_w = 288, .box_w = 17, .box_h = 13, .ofs_x = 1, .ofs_y = 0},
    {.bitmap_index = 10764, .adv_w = 288, .box_w = 18, .box_h = 16, .ofs_x = 0, .ofs_y = -2},
    {.bitmap_index = 10908, .adv_w = 288, .box_w = 17, .box_h = 16, .ofs_x = 1, .ofs_y = -2},
    {.bitmap_index = 11044, .adv_w = 288, .box_w = 17, .box_h = 15, .ofs_x = 1, .ofs_y = -1},
    {.bitmap_index = 11172, .adv_w = 288, .box_w = 18, .box_h = 17, .ofs_x = 0, .ofs_y = -1},
    {.bitmap_index = 11325, .adv_w = 288, .box_w = 16, .box_h = 17, .ofs_x = 1, .ofs_y = -1},
    {.bitmap_index = 11461, .adv_w = 288, .box_w = 16, .box_h = 18, .ofs_x = 1, .ofs_y = -2},
    {.bitmap_index = 11605, .adv_w = 288, .box_w = 18, .box_h = 18, .ofs_x = 0, .ofs_y = -2},
    {.bitmap_index = 11767, .adv_w = 288, .box_w = 18, .box_h = 18, .ofs_x = 0, .ofs_y = -2},
    {.bitmap_index = 11929, .adv_w = 288, .box_w = 18, .box_h = 17, .ofs_x = 0, .ofs_y = -1},
    {.bitmap_index = 12082, .adv_w = 288, .box_w = 17, .box_h = 17, .ofs_x = 1, .ofs_y = -2},
    {.bitmap_index = 12227, .adv_w = 288, .box_w = 18, .box_h = 17, .ofs_x = 0, .ofs_y = -1},
    {.bitmap_index = 12380, .adv_w = 288, .box_w = 18, .box_h = 16, .ofs_x = 0, .ofs_y = -1},
    {.bitmap_index = 12524, .adv_w = 288, .box_w = 18, .box_h = 17, .ofs_x = 0, .ofs_y = -1},
    {.bitmap_index = 12677, .adv_w = 288, .box_w = 17, .box_h = 18, .ofs_x = 0, .ofs_y = -2},
    {.bitmap_index = 12830, .adv_w = 288, .box_w = 18, .box_h = 17, .ofs_x = 0, .ofs_y = -1},
    {.bitmap_index = 12983, .adv_w = 288, .box_w = 18, .box_h = 17, .ofs_x = 0, .ofs_y = -1},
    {.bitmap_index = 13136, .adv_w = 288, .box_w = 17, .box_h = 18, .ofs_x = 0, .ofs_y = -2},
    {.bitmap_index = 13289, .adv_w = 288, .box_w = 18, .box_h = 17, .ofs_x = 0, .ofs_y = -1},
    {.bitmap_index = 13442, .adv_w = 288, .box_w = 18, .box_h = 18, .ofs_x = 0, .ofs_y = -2},
    {.bitmap_index = 13604, .adv_w = 288, .box_w = 18, .box_h = 17, .ofs_x = 0, .ofs_y = -1},
    {.bitmap_index = 13757, .adv_w = 288, .box_w = 18, .box_h = 17, .ofs_x = 0, .ofs_y = -2},
    {.bitmap_index = 13910, .adv_w = 288, .box_w = 18, .box_h = 17, .ofs_x = 0, .ofs_y = -1},
    {.bitmap_index = 14063, .adv_w = 288, .box_w = 17, .box_h = 16, .ofs_x = 0, .ofs_y = -1},
    {.bitmap_index = 14199, .adv_w = 288, .box_w = 17, .box_h = 17, .ofs_x = 0, .ofs_y = -2},
    {.bitmap_index = 14344, .adv_w = 288, .box_w = 17, .box_h = 18, .ofs_x = 0, .ofs_y = -2},
    {.bitmap_index = 14497, .adv_w = 288, .box_w = 18, .box_h = 16, .ofs_x = 0, .ofs_y = -2},
    {.bitmap_index = 14641, .adv_w = 288, .box_w = 18, .box_h = 18, .ofs_x = 0, .ofs_y = -2},
    {.bitmap_index = 14803, .adv_w = 288, .box_w = 18, .box_h = 18, .ofs_x = 0, .ofs_y = -2},
    {.bitmap_index = 14965, .adv_w = 288, .box_w = 18, .box_h = 17, .ofs_x = 0, .ofs_y = -2},
    {.bitmap_index = 15118, .adv_w = 288, .box_w = 16, .box_h = 16, .ofs_x = 1, .ofs_y = -1},
    {.bitmap_index = 15246, .adv_w = 288, .box_w = 18, .box_h = 17, .ofs_x = 0, .ofs_y = -1},
    {.bitmap_index = 15399, .adv_w = 288, .box_w = 18, .box_h = 16, .ofs_x = 0, .ofs_y = -2},
    {.bitmap_index = 15543, .adv_w = 288, .box_w = 18, .box_h = 17, .ofs_x = 0, .ofs_y = -2},
    {.bitmap_index = 15696, .adv_w = 288, .box_w = 18, .box_h = 18, .ofs_x = 0, .ofs_y = -2},
    {.bitmap_index = 15858, .adv_w = 288, .box_w = 18, .box_h = 18, .ofs_x = 0, .ofs_y = -2},
    {.bitmap_index = 16020, .adv_w = 288, .box_w = 18, .box_h = 18, .ofs_x = 0, .ofs_y = -2},
    {.bitmap_index = 16182, .adv_w = 288, .box_w = 18, .box_h = 17, .ofs_x = 0, .ofs_y = -2},
    {.bitmap_index = 16335, .adv_w = 288, .box_w = 18, .box_h = 18, .ofs_x = 0, .ofs_y = -2},
    {.bitmap_index = 16497, .adv_w = 288, .box_w = 18, .box_h = 17, .ofs_x = 0, .ofs_y = -1},
    {.bitmap_index = 16650, .adv_w = 288, .box_w = 16, .box_h = 17, .ofs_x = 1, .ofs_y = -1},
    {.bitmap_index = 16786, .adv_w = 288, .box_w = 18, .box_h = 16, .ofs_x = 0, .ofs_y = -2},
    {.bitmap_index = 16930, .adv_w = 288, .box_w = 18, .box_h = 16, .ofs_x = 0, .ofs_y = -1},
    {.bitmap_index = 17074, .adv_w = 288, .box_w = 16, .box_h = 17, .ofs_x = 1, .ofs_y = -2},
    {.bitmap_index = 17210, .adv_w = 288, .box_w = 18, .box_h = 18, .ofs_x = 0, .ofs_y = -2},
    {.bitmap_index = 17372, .adv_w = 288, .box_w = 18, .box_h = 17, .ofs_x = 0, .ofs_y = -2},
    {.bitmap_index = 17525, .adv_w = 288, .box_w = 18, .box_h = 17, .ofs_x = 0, .ofs_y = -2},
    {.bitmap_index = 17678, .adv_w = 288, .box_w = 18, .box_h = 17, .ofs_x = 0, .ofs_y = -2},
    {.bitmap_index = 17831, .adv_w = 288, .box_w = 16, .box_h = 17, .ofs_x = 1, .ofs_y = -1},
    {.bitmap_index = 17967, .adv_w = 288, .box_w = 16, .box_h = 17, .ofs_x = 1, .ofs_y = -1},
    {.bitmap_index = 18103, .adv_w = 288, .box_w = 16, .box_h = 16, .ofs_x = 1, .ofs_y = -1},
    {.bitmap_index = 18231, .adv_w = 288, .box_w = 18, .box_h = 17, .ofs_x = 0, .ofs_y = -2},
    {.bitmap_index = 18384, .adv_w = 288, .box_w = 18, .box_h = 17, .ofs_x = 0, .ofs_y = -2},
    {.bitmap_index = 18537, .adv_w = 288, .box_w = 17, .box_h = 18, .ofs_x = 0, .ofs_y = -2},
    {.bitmap_index = 18690, .adv_w = 288, .box_w = 17, .box_h = 18, .ofs_x = 0, .ofs_y = -2},
    {.bitmap_index = 18843, .adv_w = 288, .box_w = 17, .box_h = 17, .ofs_x = 0, .ofs_y = -2},
    {.bitmap_index = 18988, .adv_w = 288, .box_w = 18, .box_h = 18, .ofs_x = 0, .ofs_y = -2},
    {.bitmap_index = 19150, .adv_w = 288, .box_w = 17, .box_h = 18, .ofs_x = 0, .ofs_y = -2},
    {.bitmap_index = 19303, .adv_w = 288, .box_w = 16, .box_h = 18, .ofs_x = 1, .ofs_y = -2},
    {.bitmap_index = 19447, .adv_w = 288, .box_w = 17, .box_h = 17, .ofs_x = 0, .ofs_y = -2},
    {.bitmap_index = 19592, .adv_w = 288, .box_w = 18, .box_h = 17, .ofs_x = 0, .ofs_y = -2},
    {.bitmap_index = 19745, .adv_w = 288, .box_w = 18, .box_h = 18, .ofs_x = 0, .ofs_y = -2},
    {.bitmap_index = 19907, .adv_w = 288, .box_w = 17, .box_h = 18, .ofs_x = 0, .ofs_y = -2},
    {.bitmap_index = 20060, .adv_w = 288, .box_w = 18, .box_h = 18, .ofs_x = 0, .ofs_y = -2},
    {.bitmap_index = 20222, .adv_w = 288, .box_w = 17, .box_h = 18, .ofs_x = 0, .ofs_y = -2},
    {.bitmap_index = 20375, .adv_w = 288, .box_w = 17, .box_h = 18, .ofs_x = 0, .ofs_y = -2},
    {.bitmap_index = 20528, .adv_w = 288, .box_w = 17, .box_h = 18, .ofs_x = 0, .ofs_y = -2},
    {.bitmap_index = 20681, .adv_w = 288, .box_w = 18, .box_h = 17, .ofs_x = 0, .ofs_y = -2},
    {.bitmap_index = 20834, .adv_w = 288, .box_w = 17, .box_h = 18, .ofs_x = 0, .ofs_y = -2},
    {.bitmap_index = 20987, .adv_w = 288, .box_w = 18, .box_h = 17, .ofs_x = 0, .ofs_y = -1},
    {.bitmap_index = 21140, .adv_w = 288, .box_w = 18, .box_h = 17, .ofs_x = 0, .ofs_y = -1},
    {.bitmap_index = 21293, .adv_w = 288, .box_w = 17, .box_h = 15, .ofs_x = 1, .ofs_y = -1},
    {.bitmap_index = 21421, .adv_w = 288, .box_w = 18, .box_h = 17, .ofs_x = 0, .ofs_y = -1},
    {.bitmap_index = 21574, .adv_w = 288, .box_w = 18, .box_h = 16, .ofs_x = 0, .ofs_y = -1},
    {.bitmap_index = 21718, .adv_w = 288, .box_w = 18, .box_h = 17, .ofs_x = 0, .ofs_y = -1},
    {.bitmap_index = 21871, .adv_w = 288, .box_w = 18, .box_h = 17, .ofs_x = 0, .ofs_y = -1},
    {.bitmap_index = 22024, .adv_w = 288, .box_w = 18, .box_h = 17, .ofs_x = 0, .ofs_y = -1},
    {.bitmap_index = 22177, .adv_w = 288, .box_w = 16, .box_h = 18, .ofs_x = 1, .ofs_y = -2},
    {.bitmap_index = 22321, .adv_w = 288, .box_w = 18, .box_h = 17, .ofs_x = 0, .ofs_y = -1},
    {.bitmap_index = 22474, .adv_w = 288, .box_w = 18, .box_h = 17, .ofs_x = 0, .ofs_y = -1},
    {.bitmap_index = 22627, .adv_w = 288, .box_w = 16, .box_h = 16, .ofs_x = 1, .ofs_y = -1},
    {.bitmap_index = 22755, .adv_w = 288, .box_w = 18, .box_h = 17, .ofs_x = 0, .ofs_y = -1},
    {.bitmap_index = 22908, .adv_w = 288, .box_w = 16, .box_h = 17, .ofs_x = 1, .ofs_y = -2},
    {.bitmap_index = 23044, .adv_w = 288, .box_w = 17, .box_h = 17, .ofs_x = 0, .ofs_y = -2},
    {.bitmap_index = 23189, .adv_w = 288, .box_w = 18, .box_h = 17, .ofs_x = 0, .ofs_y = -2},
    {.bitmap_index = 23342, .adv_w = 288, .box_w = 18, .box_h = 17, .ofs_x = 0, .ofs_y = -2},
    {.bitmap_index = 23495, .adv_w = 288, .box_w = 18, .box_h = 17, .ofs_x = 0, .ofs_y = -2},
    {.bitmap_index = 23648, .adv_w = 288, .box_w = 18, .box_h = 16, .ofs_x = 0, .ofs_y = -2},
    {.bitmap_index = 23792, .adv_w = 288, .box_w = 18, .box_h = 18, .ofs_x = 0, .ofs_y = -2},
    {.bitmap_index = 23954, .adv_w = 288, .box_w = 18, .box_h = 17, .ofs_x = 0, .ofs_y = -2},
    {.bitmap_index = 24107, .adv_w = 288, .box_w = 17, .box_h = 18, .ofs_x = 0, .ofs_y = -2},
    {.bitmap_index = 24260, .adv_w = 288, .box_w = 16, .box_h = 17, .ofs_x = 0, .ofs_y = -2},
    {.bitmap_index = 24396, .adv_w = 288, .box_w = 17, .box_h = 15, .ofs_x = 1, .ofs_y = -1},
    {.bitmap_index = 24524, .adv_w = 288, .box_w = 16, .box_h = 17, .ofs_x = 1, .ofs_y = -1},
    {.bitmap_index = 24660, .adv_w = 288, .box_w = 17, .box_h = 17, .ofs_x = 0, .ofs_y = -1},
    {.bitmap_index = 24805, .adv_w = 288, .box_w = 16, .box_h = 17, .ofs_x = 1, .ofs_y = -2},
    {.bitmap_index = 24941, .adv_w = 288, .box_w = 16, .box_h = 16, .ofs_x = 1, .ofs_y = -1},
    {.bitmap_index = 25069, .adv_w = 288, .box_w = 18, .box_h = 18, .ofs_x = 0, .ofs_y = -2},
    {.bitmap_index = 25231, .adv_w = 288, .box_w = 16, .box_h = 17, .ofs_x = 1, .ofs_y = -1},
    {.bitmap_index = 25367, .adv_w = 288, .box_w = 17, .box_h = 17, .ofs_x = 1, .ofs_y = -2},
    {.bitmap_index = 25512, .adv_w = 288, .box_w = 18, .box_h = 17, .ofs_x = 0, .ofs_y = -1},
    {.bitmap_index = 25665, .adv_w = 288, .box_w = 18, .box_h = 18, .ofs_x = 0, .ofs_y = -2},
    {.bitmap_index = 25827, .adv_w = 288, .box_w = 16, .box_h = 16, .ofs_x = 1, .ofs_y = -1},
    {.bitmap_index = 25955, .adv_w = 288, .box_w = 17, .box_h = 18, .ofs_x = 0, .ofs_y = -2},
    {.bitmap_index = 26108, .adv_w = 288, .box_w = 16, .box_h = 18, .ofs_x = 1, .ofs_y = -2},
    {.bitmap_index = 26252, .adv_w = 288, .box_w = 17, .box_h = 16, .ofs_x = 1, .ofs_y = -2},
    {.bitmap_index = 26388, .adv_w = 288, .box_w = 18, .box_h = 17, .ofs_x = 0, .ofs_y = -1},
    {.bitmap_index = 26541, .adv_w = 288, .box_w = 18, .box_h = 17, .ofs_x = 0, .ofs_y = -1},
    {.bitmap_index = 26694, .adv_w = 288, .box_w = 17, .box_h = 18, .ofs_x = 1, .ofs_y = -2},
    {.bitmap_index = 26847, .adv_w = 288, .box_w = 16, .box_h = 16, .ofs_x = 1, .ofs_y = -2},
    {.bitmap_index = 26975, .adv_w = 288, .box_w = 16, .box_h = 16, .ofs_x = 1, .ofs_y = -1},
    {.bitmap_index = 27103, .adv_w = 288, .box_w = 16, .box_h = 16, .ofs_x = 1, .ofs_y = -1},
    {.bitmap_index = 27231, .adv_w = 288, .box_w = 16, .box_h = 16, .ofs_x = 1, .ofs_y = -1},
    {.bitmap_index = 27359, .adv_w = 288, .box_w = 16, .box_h = 16, .ofs_x = 1, .ofs_y = -1},
    {.bitmap_index = 27487, .adv_w = 288, .box_w = 16, .box_h = 16, .ofs_x = 1, .ofs_y = -1},
    {.bitmap_index = 27615, .adv_w = 288, .box_w = 18, .box_h = 16, .ofs_x = 0, .ofs_y = -1},
    {.bitmap_index = 27759, .adv_w = 288, .box_w = 17, .box_h = 17, .ofs_x = 0, .ofs_y = -1},
    {.bitmap_index = 27904, .adv_w = 288, .box_w = 17, .box_h = 17, .ofs_x = 1, .ofs_y = -1},
    {.bitmap_index = 28049, .adv_w = 288, .box_w = 17, .box_h = 17, .ofs_x = 0, .ofs_y = -2},
    {.bitmap_index = 28194, .adv_w = 288, .box_w = 18, .box_h = 17, .ofs_x = 0, .ofs_y = -2},
    {.bitmap_index = 28347, .adv_w = 288, .box_w = 18, .box_h = 17, .ofs_x = 0, .ofs_y = -1},
    {.bitmap_index = 28500, .adv_w = 288, .box_w = 18, .box_h = 16, .ofs_x = 0, .ofs_y = -1},
    {.bitmap_index = 28644, .adv_w = 288, .box_w = 18, .box_h = 16, .ofs_x = 0, .ofs_y = -1},
    {.bitmap_index = 28788, .adv_w = 288, .box_w = 18, .box_h = 18, .ofs_x = 0, .ofs_y = -2},
    {.bitmap_index = 28950, .adv_w = 288, .box_w = 18, .box_h = 17, .ofs_x = 0, .ofs_y = -1},
    {.bitmap_index = 29103, .adv_w = 288, .box_w = 18, .box_h = 16, .ofs_x = 0, .ofs_y = -1},
    {.bitmap_index = 29247, .adv_w = 288, .box_w = 18, .box_h = 17, .ofs_x = 0, .ofs_y = -1},
    {.bitmap_index = 29400, .adv_w = 288, .box_w = 18, .box_h = 17, .ofs_x = 0, .ofs_y = -1},
    {.bitmap_index = 29553, .adv_w = 288, .box_w = 18, .box_h = 18, .ofs_x = 0, .ofs_y = -2},
    {.bitmap_index = 29715, .adv_w = 288, .box_w = 18, .box_h = 16, .ofs_x = 0, .ofs_y = -1},
    {.bitmap_index = 29859, .adv_w = 288, .box_w = 18, .box_h = 17, .ofs_x = 0, .ofs_y = -1},
    {.bitmap_index = 30012, .adv_w = 288, .box_w = 16, .box_h = 17, .ofs_x = 1, .ofs_y = -2},
    {.bitmap_index = 30148, .adv_w = 288, .box_w = 18, .box_h = 18, .ofs_x = 0, .ofs_y = -2},
    {.bitmap_index = 30310, .adv_w = 288, .box_w = 18, .box_h = 18, .ofs_x = 0, .ofs_y = -2},
    {.bitmap_index = 30472, .adv_w = 288, .box_w = 18, .box_h = 16, .ofs_x = 0, .ofs_y = -2},
    {.bitmap_index = 30616, .adv_w = 288, .box_w = 18, .box_h = 18, .ofs_x = 0, .ofs_y = -2},
    {.bitmap_index = 30778, .adv_w = 288, .box_w = 17, .box_h = 18, .ofs_x = 1, .ofs_y = -2},
    {.bitmap_index = 30931, .adv_w = 288, .box_w = 18, .box_h = 17, .ofs_x = 0, .ofs_y = -1},
    {.bitmap_index = 31084, .adv_w = 288, .box_w = 17, .box_h = 18, .ofs_x = 0, .ofs_y = -2},
    {.bitmap_index = 31237, .adv_w = 288, .box_w = 17, .box_h = 17, .ofs_x = 0, .ofs_y = -2},
    {.bitmap_index = 31382, .adv_w = 288, .box_w = 18, .box_h = 18, .ofs_x = 0, .ofs_y = -2},
    {.bitmap_index = 31544, .adv_w = 288, .box_w = 18, .box_h = 17, .ofs_x = 0, .ofs_y = -2},
    {.bitmap_index = 31697, .adv_w = 288, .box_w = 18, .box_h = 17, .ofs_x = 0, .ofs_y = -2},
    {.bitmap_index = 31850, .adv_w = 288, .box_w = 16, .box_h = 17, .ofs_x = 1, .ofs_y = -1},
    {.bitmap_index = 31986, .adv_w = 288, .box_w = 17, .box_h = 17, .ofs_x = 1, .ofs_y = -1},
    {.bitmap_index = 32131, .adv_w = 288, .box_w = 16, .box_h = 18, .ofs_x = 1, .ofs_y = -2},
    {.bitmap_index = 32275, .adv_w = 288, .box_w = 18, .box_h = 17, .ofs_x = 0, .ofs_y = -1},
    {.bitmap_index = 32428, .adv_w = 288, .box_w = 18, .box_h = 18, .ofs_x = 0, .ofs_y = -2},
    {.bitmap_index = 32590, .adv_w = 288, .box_w = 18, .box_h = 18, .ofs_x = 0, .ofs_y = -2},
    {.bitmap_index = 32752, .adv_w = 288, .box_w = 17, .box_h = 18, .ofs_x = 0, .ofs_y = -2},
    {.bitmap_index = 32905, .adv_w = 288, .box_w = 16, .box_h = 17, .ofs_x = 1, .ofs_y = -1},
    {.bitmap_index = 33041, .adv_w = 288, .box_w = 16, .box_h = 17, .ofs_x = 1, .ofs_y = -1},
    {.bitmap_index = 33177, .adv_w = 288, .box_w = 16, .box_h = 17, .ofs_x = 1, .ofs_y = -1},
    {.bitmap_index = 33313, .adv_w = 288, .box_w = 17, .box_h = 18, .ofs_x = 1, .ofs_y = -2},
    {.bitmap_index = 33466, .adv_w = 288, .box_w = 18, .box_h = 18, .ofs_x = 0, .ofs_y = -2},
    {.bitmap_index = 33628, .adv_w = 288, .box_w = 17, .box_h = 17, .ofs_x = 0, .ofs_y = -1},
    {.bitmap_index = 33773, .adv_w = 288, .box_w = 18, .box_h = 17, .ofs_x = 0, .ofs_y = -1},
    {.bitmap_index = 33926, .adv_w = 288, .box_w = 16, .box_h = 18, .ofs_x = 1, .ofs_y = -2},
    {.bitmap_index = 34070, .adv_w = 288, .box_w = 17, .box_h = 18, .ofs_x = 0, .ofs_y = -2},
    {.bitmap_index = 34223, .adv_w = 288, .box_w = 18, .box_h = 18, .ofs_x = 0, .ofs_y = -2},
    {.bitmap_index = 34385, .adv_w = 288, .box_w = 18, .box_h = 17, .ofs_x = 0, .ofs_y = -1},
    {.bitmap_index = 34538, .adv_w = 288, .box_w = 18, .box_h = 18, .ofs_x = 0, .ofs_y = -2},
    {.bitmap_index = 34700, .adv_w = 288, .box_w = 18, .box_h = 17, .ofs_x = 0, .ofs_y = -1},
    {.bitmap_index = 34853, .adv_w = 288, .box_w = 18, .box_h = 16, .ofs_x = 0, .ofs_y = -1},
    {.bitmap_index = 34997, .adv_w = 288, .box_w = 18, .box_h = 17, .ofs_x = 0, .ofs_y = -1},
    {.bitmap_index = 35150, .adv_w = 288, .box_w = 18, .box_h = 18, .ofs_x = 0, .ofs_y = -2},
    {.bitmap_index = 35312, .adv_w = 288, .box_w = 14, .box_h = 17, .ofs_x = 2, .ofs_y = -1},
    {.bitmap_index = 35431, .adv_w = 288, .box_w = 18, .box_h = 18, .ofs_x = 0, .ofs_y = -2},
    {.bitmap_index = 35593, .adv_w = 288, .box_w = 18, .box_h = 17, .ofs_x = 0, .ofs_y = -2},
    {.bitmap_index = 35746, .adv_w = 288, .box_w = 17, .box_h = 17, .ofs_x = 0, .ofs_y = -2},
    {.bitmap_index = 35891, .adv_w = 288, .box_w = 17, .box_h = 17, .ofs_x = 0, .ofs_y = -2},
    {.bitmap_index = 36036, .adv_w = 288, .box_w = 18, .box_h = 17, .ofs_x = 0, .ofs_y = -2},
    {.bitmap_index = 36189, .adv_w = 288, .box_w = 18, .box_h = 17, .ofs_x = 0, .ofs_y = -2},
    {.bitmap_index = 36342, .adv_w = 288, .box_w = 18, .box_h = 17, .ofs_x = 0, .ofs_y = -2},
    {.bitmap_index = 36495, .adv_w = 288, .box_w = 18, .box_h = 17, .ofs_x = 0, .ofs_y = -2},
    {.bitmap_index = 36648, .adv_w = 288, .box_w = 15, .box_h = 16, .ofs_x = 1, .ofs_y = -1},
    {.bitmap_index = 36768, .adv_w = 288, .box_w = 15, .box_h = 18, .ofs_x = 1, .ofs_y = -2},
    {.bitmap_index = 36903, .adv_w = 288, .box_w = 18, .box_h = 18, .ofs_x = 0, .ofs_y = -2},
    {.bitmap_index = 37065, .adv_w = 288, .box_w = 17, .box_h = 17, .ofs_x = 1, .ofs_y = -1},
    {.bitmap_index = 37210, .adv_w = 288, .box_w = 17, .box_h = 17, .ofs_x = 0, .ofs_y = -1},
    {.bitmap_index = 37355, .adv_w = 288, .box_w = 17, .box_h = 17, .ofs_x = 0, .ofs_y = -1},
    {.bitmap_index = 37500, .adv_w = 288, .box_w = 17, .box_h = 15, .ofs_x = 1, .ofs_y = -1},
    {.bitmap_index = 37628, .adv_w = 288, .box_w = 17, .box_h = 17, .ofs_x = 0, .ofs_y = -1},
    {.bitmap_index = 37773, .adv_w = 288, .box_w = 17, .box_h = 18, .ofs_x = 1, .ofs_y = -2},
    {.bitmap_index = 37926, .adv_w = 288, .box_w = 16, .box_h = 17, .ofs_x = 1, .ofs_y = -1},
    {.bitmap_index = 38062, .adv_w = 288, .box_w = 17, .box_h = 16, .ofs_x = 1, .ofs_y = -1},
    {.bitmap_index = 38198, .adv_w = 288, .box_w = 16, .box_h = 17, .ofs_x = 1, .ofs_y = -1},
    {.bitmap_index = 38334, .adv_w = 288, .box_w = 18, .box_h = 17, .ofs_x = 0, .ofs_y = -1},
    {.bitmap_index = 38487, .adv_w = 288, .box_w = 18, .box_h = 15, .ofs_x = 0, .ofs_y = -1},
    {.bitmap_index = 38622, .adv_w = 288, .box_w = 18, .box_h = 17, .ofs_x = 0, .ofs_y = -1},
    {.bitmap_index = 38775, .adv_w = 288, .box_w = 17, .box_h = 18, .ofs_x = 0, .ofs_y = -2},
    {.bitmap_index = 38928, .adv_w = 288, .box_w = 18, .box_h = 18, .ofs_x = 0, .ofs_y = -2},
    {.bitmap_index = 39090, .adv_w = 288, .box_w = 17, .box_h = 18, .ofs_x = 0, .ofs_y = -2},
    {.bitmap_index = 39243, .adv_w = 288, .box_w = 18, .box_h = 18, .ofs_x = 0, .ofs_y = -2},
    {.bitmap_index = 39405, .adv_w = 288, .box_w = 18, .box_h = 18, .ofs_x = 0, .ofs_y = -2},
    {.bitmap_index = 39567, .adv_w = 288, .box_w = 18, .box_h = 18, .ofs_x = 0, .ofs_y = -2},
    {.bitmap_index = 39729, .adv_w = 288, .box_w = 18, .box_h = 18, .ofs_x = 0, .ofs_y = -2},
    {.bitmap_index = 39891, .adv_w = 288, .box_w = 18, .box_h = 18, .ofs_x = 0, .ofs_y = -2},
    {.bitmap_index = 40053, .adv_w = 288, .box_w = 18, .box_h = 18, .ofs_x = 0, .ofs_y = -2},
    {.bitmap_index = 40215, .adv_w = 288, .box_w = 17, .box_h = 18, .ofs_x = 0, .ofs_y = -2},
    {.bitmap_index = 40368, .adv_w = 288, .box_w = 18, .box_h = 18, .ofs_x = 0, .ofs_y = -2},
    {.bitmap_index = 40530, .adv_w = 288, .box_w = 18, .box_h = 16, .ofs_x = 0, .ofs_y = -2},
    {.bitmap_index = 40674, .adv_w = 288, .box_w = 18, .box_h = 17, .ofs_x = 0, .ofs_y = -2},
    {.bitmap_index = 40827, .adv_w = 288, .box_w = 18, .box_h = 17, .ofs_x = 0, .ofs_y = -1},
    {.bitmap_index = 40980, .adv_w = 288, .box_w = 17, .box_h = 16, .ofs_x = 1, .ofs_y = -1},
    {.bitmap_index = 41116, .adv_w = 288, .box_w = 18, .box_h = 18, .ofs_x = 0, .ofs_y = -2},
    {.bitmap_index = 41278, .adv_w = 288, .box_w = 16, .box_h = 18, .ofs_x = 1, .ofs_y = -2},
    {.bitmap_index = 41422, .adv_w = 288, .box_w = 17, .box_h = 16, .ofs_x = 1, .ofs_y = -1},
    {.bitmap_index = 41558, .adv_w = 288, .box_w = 18, .box_h = 17, .ofs_x = 0, .ofs_y = -2},
    {.bitmap_index = 41711, .adv_w = 288, .box_w = 18, .box_h = 16, .ofs_x = 0, .ofs_y = -1},
    {.bitmap_index = 41855, .adv_w = 288, .box_w = 18, .box_h = 17, .ofs_x = 0, .ofs_y = -2},
    {.bitmap_index = 42008, .adv_w = 288, .box_w = 18, .box_h = 18, .ofs_x = 0, .ofs_y = -2},
    {.bitmap_index = 42170, .adv_w = 288, .box_w = 18, .box_h = 17, .ofs_x = 0, .ofs_y = -1},
    {.bitmap_index = 42323, .adv_w = 288, .box_w = 18, .box_h = 17, .ofs_x = 0, .ofs_y = -2},
    {.bitmap_index = 42476, .adv_w = 288, .box_w = 18, .box_h = 18, .ofs_x = 0, .ofs_y = -2},
    {.bitmap_index = 42638, .adv_w = 288, .box_w = 17, .box_h = 16, .ofs_x = 1, .ofs_y = -1},
    {.bitmap_index = 42774, .adv_w = 288, .box_w = 18, .box_h = 17, .ofs_x = 0, .ofs_y = -1},
    {.bitmap_index = 42927, .adv_w = 288, .box_w = 18, .box_h = 17, .ofs_x = 0, .ofs_y = -1},
    {.bitmap_index = 43080, .adv_w = 288, .box_w = 17, .box_h = 17, .ofs_x = 0, .ofs_y = -1},
    {.bitmap_index = 43225, .adv_w = 288, .box_w = 18, .box_h = 16, .ofs_x = 0, .ofs_y = -1},
    {.bitmap_index = 43369, .adv_w = 288, .box_w = 18, .box_h = 17, .ofs_x = 0, .ofs_y = -1},
    {.bitmap_index = 43522, .adv_w = 288, .box_w = 18, .box_h = 16, .ofs_x = 0, .ofs_y = -1},
    {.bitmap_index = 43666, .adv_w = 288, .box_w = 18, .box_h = 17, .ofs_x = 0, .ofs_y = -1},
    {.bitmap_index = 43819, .adv_w = 288, .box_w = 18, .box_h = 16, .ofs_x = 0, .ofs_y = -1},
    {.bitmap_index = 43963, .adv_w = 288, .box_w = 17, .box_h = 17, .ofs_x = 0, .ofs_y = -1},
    {.bitmap_index = 44108, .adv_w = 288, .box_w = 18, .box_h = 18, .ofs_x = 0, .ofs_y = -2},
    {.bitmap_index = 44270, .adv_w = 288, .box_w = 18, .box_h = 17, .ofs_x = 0, .ofs_y = -1},
    {.bitmap_index = 44423, .adv_w = 288, .box_w = 16, .box_h = 17, .ofs_x = 1, .ofs_y = -1},
    {.bitmap_index = 44559, .adv_w = 288, .box_w = 18, .box_h = 17, .ofs_x = 0, .ofs_y = -1},
    {.bitmap_index = 44712, .adv_w = 288, .box_w = 18, .box_h = 17, .ofs_x = 0, .ofs_y = -1},
    {.bitmap_index = 44865, .adv_w = 288, .box_w = 16, .box_h = 16, .ofs_x = 1, .ofs_y = -1},
    {.bitmap_index = 44993, .adv_w = 288, .box_w = 18, .box_h = 18, .ofs_x = 0, .ofs_y = -2},
    {.bitmap_index = 45155, .adv_w = 288, .box_w = 18, .box_h = 18, .ofs_x = 0, .ofs_y = -2},
    {.bitmap_index = 45317, .adv_w = 288, .box_w = 18, .box_h = 18, .ofs_x = 0, .ofs_y = -2},
    {.bitmap_index = 45479, .adv_w = 288, .box_w = 18, .box_h = 18, .ofs_x = 0, .ofs_y = -2},
    {.bitmap_index = 45641, .adv_w = 288, .box_w = 18, .box_h = 18, .ofs_x = 0, .ofs_y = -2},
    {.bitmap_index = 45803, .adv_w = 288, .box_w = 16, .box_h = 17, .ofs_x = 0, .ofs_y = -2},
    {.bitmap_index = 45939, .adv_w = 288, .box_w = 18, .box_h = 17, .ofs_x = 0, .ofs_y = -2},
    {.bitmap_index = 46092, .adv_w = 288, .box_w = 18, .box_h = 17, .ofs_x = 0, .ofs_y = -1},
    {.bitmap_index = 46245, .adv_w = 288, .box_w = 18, .box_h = 17, .ofs_x = 0, .ofs_y = -2},
    {.bitmap_index = 46398, .adv_w = 288, .box_w = 18, .box_h = 18, .ofs_x = 0, .ofs_y = -2},
    {.bitmap_index = 46560, .adv_w = 288, .box_w = 18, .box_h = 18, .ofs_x = 0, .ofs_y = -2},
    {.bitmap_index = 46722, .adv_w = 288, .box_w = 18, .box_h = 18, .ofs_x = 0, .ofs_y = -2},
    {.bitmap_index = 46884, .adv_w = 288, .box_w = 18, .box_h = 18, .ofs_x = 0, .ofs_y = -2},
    {.bitmap_index = 47046, .adv_w = 288, .box_w = 18, .box_h = 17, .ofs_x = 0, .ofs_y = -1},
    {.bitmap_index = 47199, .adv_w = 288, .box_w = 18, .box_h = 17, .ofs_x = 0, .ofs_y = -1},
    {.bitmap_index = 47352, .adv_w = 288, .box_w = 18, .box_h = 18, .ofs_x = 0, .ofs_y = -2},
    {.bitmap_index = 47514, .adv_w = 288, .box_w = 18, .box_h = 16, .ofs_x = 0, .ofs_y = -1},
    {.bitmap_index = 47658, .adv_w = 288, .box_w = 18, .box_h = 18, .ofs_x = 0, .ofs_y = -2},
    {.bitmap_index = 47820, .adv_w = 288, .box_w = 18, .box_h = 17, .ofs_x = 0, .ofs_y = -2},
    {.bitmap_index = 47973, .adv_w = 288, .box_w = 18, .box_h = 17, .ofs_x = 0, .ofs_y = -2},
    {.bitmap_index = 48126, .adv_w = 288, .box_w = 18, .box_h = 18, .ofs_x = 0, .ofs_y = -2},
    {.bitmap_index = 48288, .adv_w = 288, .box_w = 18, .box_h = 16, .ofs_x = 0, .ofs_y = -1},
    {.bitmap_index = 48432, .adv_w = 288, .box_w = 18, .box_h = 18, .ofs_x = 0, .ofs_y = -2},
    {.bitmap_index = 48594, .adv_w = 288, .box_w = 18, .box_h = 18, .ofs_x = 0, .ofs_y = -2},
    {.bitmap_index = 48756, .adv_w = 288, .box_w = 18, .box_h = 18, .ofs_x = 0, .ofs_y = -2},
    {.bitmap_index = 48918, .adv_w = 288, .box_w = 18, .box_h = 18, .ofs_x = 0, .ofs_y = -2},
    {.bitmap_index = 49080, .adv_w = 288, .box_w = 17, .box_h = 17, .ofs_x = 1, .ofs_y = -1},
    {.bitmap_index = 49225, .adv_w = 288, .box_w = 18, .box_h = 18, .ofs_x = 0, .ofs_y = -2},
    {.bitmap_index = 49387, .adv_w = 288, .box_w = 18, .box_h = 18, .ofs_x = 0, .ofs_y = -2},
    {.bitmap_index = 49549, .adv_w = 288, .box_w = 18, .box_h = 18, .ofs_x = 0, .ofs_y = -2},
    {.bitmap_index = 49711, .adv_w = 288, .box_w = 18, .box_h = 18, .ofs_x = 0, .ofs_y = -2},
    {.bitmap_index = 49873, .adv_w = 288, .box_w = 18, .box_h = 18, .ofs_x = 0, .ofs_y = -2},
    {.bitmap_index = 50035, .adv_w = 288, .box_w = 18, .box_h = 18, .ofs_x = 0, .ofs_y = -2},
    {.bitmap_index = 50197, .adv_w = 288, .box_w = 17, .box_h = 17, .ofs_x = 1, .ofs_y = -2},
    {.bitmap_index = 50342, .adv_w = 288, .box_w = 16, .box_h = 17, .ofs_x = 1, .ofs_y = -1},
    {.bitmap_index = 50478, .adv_w = 288, .box_w = 17, .box_h = 18, .ofs_x = 0, .ofs_y = -2},
    {.bitmap_index = 50631, .adv_w = 288, .box_w = 18, .box_h = 18, .ofs_x = 0, .ofs_y = -2},
    {.bitmap_index = 50793, .adv_w = 288, .box_w = 18, .box_h = 16, .ofs_x = 0, .ofs_y = -2},
    {.bitmap_index = 50937, .adv_w = 288, .box_w = 12, .box_h = 15, .ofs_x = 3, .ofs_y = -1},
    {.bitmap_index = 51027, .adv_w = 288, .box_w = 15, .box_h = 17, .ofs_x = 2, .ofs_y = -1},
    {.bitmap_index = 51155, .adv_w = 288, .box_w = 17, .box_h = 16, .ofs_x = 1, .ofs_y = -1},
    {.bitmap_index = 51291, .adv_w = 288, .box_w = 18, .box_h = 17, .ofs_x = 0, .ofs_y = -2},
    {.bitmap_index = 51444, .adv_w = 288, .box_w = 16, .box_h = 17, .ofs_x = 1, .ofs_y = -2},
    {.bitmap_index = 51580, .adv_w = 288, .box_w = 18, .box_h = 17, .ofs_x = 0, .ofs_y = -1},
    {.bitmap_index = 51733, .adv_w = 288, .box_w = 17, .box_h = 17, .ofs_x = 1, .ofs_y = -1},
    {.bitmap_index = 51878, .adv_w = 288, .box_w = 16, .box_h = 16, .ofs_x = 1, .ofs_y = -1},
    {.bitmap_index = 52006, .adv_w = 288, .box_w = 18, .box_h = 17, .ofs_x = 0, .ofs_y = -2},
    {.bitmap_index = 52159, .adv_w = 288, .box_w = 18, .box_h = 16, .ofs_x = 0, .ofs_y = -1},
    {.bitmap_index = 52303, .adv_w = 288, .box_w = 16, .box_h = 17, .ofs_x = 1, .ofs_y = -1},
    {.bitmap_index = 52439, .adv_w = 288, .box_w = 18, .box_h = 17, .ofs_x = 0, .ofs_y = -1},
    {.bitmap_index = 52592, .adv_w = 288, .box_w = 18, .box_h = 17, .ofs_x = 0, .ofs_y = -1},
    {.bitmap_index = 52745, .adv_w = 288, .box_w = 18, .box_h = 17, .ofs_x = 0, .ofs_y = -1},
    {.bitmap_index = 52898, .adv_w = 288, .box_w = 18, .box_h = 17, .ofs_x = 0, .ofs_y = -1},
    {.bitmap_index = 53051, .adv_w = 288, .box_w = 15, .box_h = 17, .ofs_x = 0, .ofs_y = -2},
    {.bitmap_index = 53179, .adv_w = 288, .box_w = 17, .box_h = 17, .ofs_x = 0, .ofs_y = -1},
    {.bitmap_index = 53324, .adv_w = 288, .box_w = 17, .box_h = 17, .ofs_x = 0, .ofs_y = -2},
    {.bitmap_index = 53469, .adv_w = 288, .box_w = 18, .box_h = 17, .ofs_x = 0, .ofs_y = -1},
    {.bitmap_index = 53622, .adv_w = 288, .box_w = 18, .box_h = 17, .ofs_x = 0, .ofs_y = -1},
    {.bitmap_index = 53775, .adv_w = 288, .box_w = 18, .box_h = 17, .ofs_x = 0, .ofs_y = -1},
    {.bitmap_index = 53928, .adv_w = 288, .box_w = 18, .box_h = 18, .ofs_x = 0, .ofs_y = -2},
    {.bitmap_index = 54090, .adv_w = 288, .box_w = 18, .box_h = 17, .ofs_x = 0, .ofs_y = -1},
    {.bitmap_index = 54243, .adv_w = 288, .box_w = 18, .box_h = 17, .ofs_x = 0, .ofs_y = -1},
    {.bitmap_index = 54396, .adv_w = 288, .box_w = 18, .box_h = 17, .ofs_x = 0, .ofs_y = -1},
    {.bitmap_index = 54549, .adv_w = 288, .box_w = 17, .box_h = 18, .ofs_x = 0, .ofs_y = -2},
    {.bitmap_index = 54702, .adv_w = 288, .box_w = 18, .box_h = 17, .ofs_x = 0, .ofs_y = -1},
    {.bitmap_index = 54855, .adv_w = 288, .box_w = 18, .box_h = 16, .ofs_x = 0, .ofs_y = -1},
    {.bitmap_index = 54999, .adv_w = 288, .box_w = 18, .box_h = 18, .ofs_x = 0, .ofs_y = -2},
    {.bitmap_index = 55161, .adv_w = 288, .box_w = 18, .box_h = 18, .ofs_x = 0, .ofs_y = -2},
    {.bitmap_index = 55323, .adv_w = 288, .box_w = 18, .box_h = 17, .ofs_x = 0, .ofs_y = -1},
    {.bitmap_index = 55476, .adv_w = 288, .box_w = 18, .box_h = 17, .ofs_x = 0, .ofs_y = -2},
    {.bitmap_index = 55629, .adv_w = 288, .box_w = 18, .box_h = 17, .ofs_x = 0, .ofs_y = -1},
    {.bitmap_index = 55782, .adv_w = 288, .box_w = 18, .box_h = 17, .ofs_x = 0, .ofs_y = -1},
    {.bitmap_index = 55935, .adv_w = 288, .box_w = 18, .box_h = 16, .ofs_x = 0, .ofs_y = -1},
    {.bitmap_index = 56079, .adv_w = 288, .box_w = 18, .box_h = 18, .ofs_x = 0, .ofs_y = -2},
    {.bitmap_index = 56241, .adv_w = 288, .box_w = 18, .box_h = 17, .ofs_x = 0, .ofs_y = -1},
    {.bitmap_index = 56394, .adv_w = 288, .box_w = 18, .box_h = 18, .ofs_x = 0, .ofs_y = -2},
    {.bitmap_index = 56556, .adv_w = 288, .box_w = 18, .box_h = 18, .ofs_x = 0, .ofs_y = -2},
    {.bitmap_index = 56718, .adv_w = 288, .box_w = 18, .box_h = 17, .ofs_x = 0, .ofs_y = -1},
    {.bitmap_index = 56871, .adv_w = 288, .box_w = 18, .box_h = 15, .ofs_x = 0, .ofs_y = -1},
    {.bitmap_index = 57006, .adv_w = 288, .box_w = 18, .box_h = 17, .ofs_x = 0, .ofs_y = -1},
    {.bitmap_index = 57159, .adv_w = 288, .box_w = 18, .box_h = 18, .ofs_x = 0, .ofs_y = -2},
    {.bitmap_index = 57321, .adv_w = 288, .box_w = 18, .box_h = 17, .ofs_x = 0, .ofs_y = -1},
    {.bitmap_index = 57474, .adv_w = 288, .box_w = 16, .box_h = 17, .ofs_x = 1, .ofs_y = -2},
    {.bitmap_index = 57610, .adv_w = 288, .box_w = 16, .box_h = 16, .ofs_x = 2, .ofs_y = -1},
    {.bitmap_index = 57738, .adv_w = 288, .box_w = 18, .box_h = 16, .ofs_x = 0, .ofs_y = -1},
    {.bitmap_index = 57882, .adv_w = 288, .box_w = 18, .box_h = 18, .ofs_x = 0, .ofs_y = -2},
    {.bitmap_index = 58044, .adv_w = 288, .box_w = 18, .box_h = 17, .ofs_x = 0, .ofs_y = -1},
    {.bitmap_index = 58197, .adv_w = 288, .box_w = 18, .box_h = 18, .ofs_x = 0, .ofs_y = -2},
    {.bitmap_index = 58359, .adv_w = 288, .box_w = 18, .box_h = 17, .ofs_x = 0, .ofs_y = -1},
    {.bitmap_index = 58512, .adv_w = 288, .box_w = 18, .box_h = 17, .ofs_x = 0, .ofs_y = -2},
    {.bitmap_index = 58665, .adv_w = 288, .box_w = 18, .box_h = 17, .ofs_x = 0, .ofs_y = -2},
    {.bitmap_index = 58818, .adv_w = 288, .box_w = 17, .box_h = 17, .ofs_x = 0, .ofs_y = -1},
    {.bitmap_index = 58963, .adv_w = 288, .box_w = 17, .box_h = 17, .ofs_x = 0, .ofs_y = -2},
    {.bitmap_index = 59108, .adv_w = 288, .box_w = 18, .box_h = 18, .ofs_x = 0, .ofs_y = -2},
    {.bitmap_index = 59270, .adv_w = 288, .box_w = 18, .box_h = 18, .ofs_x = 0, .ofs_y = -2},
    {.bitmap_index = 59432, .adv_w = 288, .box_w = 18, .box_h = 18, .ofs_x = 0, .ofs_y = -2},
    {.bitmap_index = 59594, .adv_w = 288, .box_w = 18, .box_h = 17, .ofs_x = 0, .ofs_y = -1},
    {.bitmap_index = 59747, .adv_w = 288, .box_w = 17, .box_h = 17, .ofs_x = 0, .ofs_y = -1},
    {.bitmap_index = 59892, .adv_w = 288, .box_w = 18, .box_h = 18, .ofs_x = 0, .ofs_y = -2},
    {.bitmap_index = 60054, .adv_w = 288, .box_w = 17, .box_h = 17, .ofs_x = 0, .ofs_y = -1},
    {.bitmap_index = 60199, .adv_w = 288, .box_w = 18, .box_h = 16, .ofs_x = 0, .ofs_y = -1},
    {.bitmap_index = 60343, .adv_w = 288, .box_w = 18, .box_h = 16, .ofs_x = 0, .ofs_y = -1},
    {.bitmap_index = 60487, .adv_w = 288, .box_w = 18, .box_h = 16, .ofs_x = 0, .ofs_y = -1},
    {.bitmap_index = 60631, .adv_w = 288, .box_w = 18, .box_h = 18, .ofs_x = 0, .ofs_y = -2},
    {.bitmap_index = 60793, .adv_w = 288, .box_w = 18, .box_h = 17, .ofs_x = 0, .ofs_y = -1},
    {.bitmap_index = 60946, .adv_w = 288, .box_w = 18, .box_h = 16, .ofs_x = 0, .ofs_y = -1},
    {.bitmap_index = 61090, .adv_w = 288, .box_w = 18, .box_h = 18, .ofs_x = 0, .ofs_y = -2},
    {.bitmap_index = 61252, .adv_w = 288, .box_w = 18, .box_h = 16, .ofs_x = 0, .ofs_y = -1},
    {.bitmap_index = 61396, .adv_w = 288, .box_w = 18, .box_h = 17, .ofs_x = 0, .ofs_y = -1},
    {.bitmap_index = 61549, .adv_w = 288, .box_w = 18, .box_h = 17, .ofs_x = 0, .ofs_y = -2},
    {.bitmap_index = 61702, .adv_w = 288, .box_w = 18, .box_h = 18, .ofs_x = 0, .ofs_y = -2},
    {.bitmap_index = 61864, .adv_w = 288, .box_w = 18, .box_h = 16, .ofs_x = 0, .ofs_y = -1},
    {.bitmap_index = 62008, .adv_w = 288, .box_w = 18, .box_h = 17, .ofs_x = 0, .ofs_y = -2},
    {.bitmap_index = 62161, .adv_w = 288, .box_w = 18, .box_h = 17, .ofs_x = 0, .ofs_y = -1},
    {.bitmap_index = 62314, .adv_w = 288, .box_w = 17, .box_h = 16, .ofs_x = 0, .ofs_y = -1},
    {.bitmap_index = 62450, .adv_w = 288, .box_w = 18, .box_h = 18, .ofs_x = 0, .ofs_y = -2},
    {.bitmap_index = 62612, .adv_w = 288, .box_w = 17, .box_h = 18, .ofs_x = 0, .ofs_y = -2},
    {.bitmap_index = 62765, .adv_w = 288, .box_w = 17, .box_h = 17, .ofs_x = 0, .ofs_y = -2},
    {.bitmap_index = 62910, .adv_w = 288, .box_w = 18, .box_h = 18, .ofs_x = 0, .ofs_y = -2},
    {.bitmap_index = 63072, .adv_w = 288, .box_w = 18, .box_h = 17, .ofs_x = 0, .ofs_y = -2},
    {.bitmap_index = 63225, .adv_w = 288, .box_w = 18, .box_h = 17, .ofs_x = 0, .ofs_y = -2},
    {.bitmap_index = 63378, .adv_w = 288, .box_w = 18, .box_h = 18, .ofs_x = 0, .ofs_y = -2},
    {.bitmap_index = 63540, .adv_w = 288, .box_w = 18, .box_h = 17, .ofs_x = 0, .ofs_y = -2},
    {.bitmap_index = 63693, .adv_w = 288, .box_w = 18, .box_h = 18, .ofs_x = 0, .ofs_y = -2},
    {.bitmap_index = 63855, .adv_w = 288, .box_w = 17, .box_h = 17, .ofs_x = 0, .ofs_y = -2},
    {.bitmap_index = 64000, .adv_w = 288, .box_w = 18, .box_h = 18, .ofs_x = 0, .ofs_y = -2},
    {.bitmap_index = 64162, .adv_w = 288, .box_w = 18, .box_h = 17, .ofs_x = 0, .ofs_y = -2},
    {.bitmap_index = 64315, .adv_w = 288, .box_w = 16, .box_h = 17, .ofs_x = 1, .ofs_y = -1},
    {.bitmap_index = 64451, .adv_w = 288, .box_w = 18, .box_h = 15, .ofs_x = 0, .ofs_y = -1},
    {.bitmap_index = 64586, .adv_w = 288, .box_w = 18, .box_h = 17, .ofs_x = 0, .ofs_y = -2},
    {.bitmap_index = 64739, .adv_w = 288, .box_w = 18, .box_h = 17, .ofs_x = 0, .ofs_y = -2},
    {.bitmap_index = 64892, .adv_w = 288, .box_w = 18, .box_h = 16, .ofs_x = 0, .ofs_y = -1},
    {.bitmap_index = 65036, .adv_w = 288, .box_w = 18, .box_h = 18, .ofs_x = 0, .ofs_y = -2},
    {.bitmap_index = 65198, .adv_w = 288, .box_w = 18, .box_h = 17, .ofs_x = 0, .ofs_y = -1},
    {.bitmap_index = 65351, .adv_w = 288, .box_w = 16, .box_h = 17, .ofs_x = 1, .ofs_y = -1},
    {.bitmap_index = 65487, .adv_w = 288, .box_w = 16, .box_h = 15, .ofs_x = 1, .ofs_y = -1},
    {.bitmap_index = 65607, .adv_w = 288, .box_w = 14, .box_h = 17, .ofs_x = 2, .ofs_y = -1},
    {.bitmap_index = 65726, .adv_w = 288, .box_w = 16, .box_h = 15, .ofs_x = 1, .ofs_y = -1},
    {.bitmap_index = 65846, .adv_w = 288, .box_w = 18, .box_h = 17, .ofs_x = 0, .ofs_y = -2},
    {.bitmap_index = 65999, .adv_w = 288, .box_w = 16, .box_h = 17, .ofs_x = 1, .ofs_y = -1},
    {.bitmap_index = 66135, .adv_w = 288, .box_w = 18, .box_h = 17, .ofs_x = 0, .ofs_y = -2},
    {.bitmap_index = 66288, .adv_w = 288, .box_w = 18, .box_h = 18, .ofs_x = 0, .ofs_y = -2},
    {.bitmap_index = 66450, .adv_w = 288, .box_w = 18, .box_h = 18, .ofs_x = 0, .ofs_y = -2},
    {.bitmap_index = 66612, .adv_w = 288, .box_w = 18, .box_h = 17, .ofs_x = 0, .ofs_y = -2},
    {.bitmap_index = 66765, .adv_w = 288, .box_w = 16, .box_h = 16, .ofs_x = 1, .ofs_y = -1},
    {.bitmap_index = 66893, .adv_w = 288, .box_w = 16, .box_h = 18, .ofs_x = 1, .ofs_y = -2},
    {.bitmap_index = 67037, .adv_w = 288, .box_w = 18, .box_h = 17, .ofs_x = 0, .ofs_y = -1},
    {.bitmap_index = 67190, .adv_w = 288, .box_w = 18, .box_h = 17, .ofs_x = 0, .ofs_y = -1},
    {.bitmap_index = 67343, .adv_w = 288, .box_w = 14, .box_h = 15, .ofs_x = 2, .ofs_y = -1},
    {.bitmap_index = 67448, .adv_w = 288, .box_w = 17, .box_h = 18, .ofs_x = 0, .ofs_y = -2},
    {.bitmap_index = 67601, .adv_w = 288, .box_w = 17, .box_h = 18, .ofs_x = 1, .ofs_y = -2},
    {.bitmap_index = 67754, .adv_w = 288, .box_w = 18, .box_h = 16, .ofs_x = 0, .ofs_y = -1},
    {.bitmap_index = 67898, .adv_w = 288, .box_w = 16, .box_h = 18, .ofs_x = 1, .ofs_y = -2},
    {.bitmap_index = 68042, .adv_w = 288, .box_w = 17, .box_h = 18, .ofs_x = 0, .ofs_y = -2},
    {.bitmap_index = 68195, .adv_w = 288, .box_w = 18, .box_h = 18, .ofs_x = 0, .ofs_y = -2},
    {.bitmap_index = 68357, .adv_w = 288, .box_w = 17, .box_h = 15, .ofs_x = 0, .ofs_y = -1},
    {.bitmap_index = 68485, .adv_w = 288, .box_w = 17, .box_h = 18, .ofs_x = 0, .ofs_y = -2},
    {.bitmap_index = 68638, .adv_w = 288, .box_w = 18, .box_h = 17, .ofs_x = 0, .ofs_y = -1},
    {.bitmap_index = 68791, .adv_w = 288, .box_w = 18, .box_h = 16, .ofs_x = 0, .ofs_y = -1},
    {.bitmap_index = 68935, .adv_w = 288, .box_w = 17, .box_h = 15, .ofs_x = 0, .ofs_y = -1},
    {.bitmap_index = 69063, .adv_w = 288, .box_w = 18, .box_h = 17, .ofs_x = 0, .ofs_y = -1},
    {.bitmap_index = 69216, .adv_w = 288, .box_w = 17, .box_h = 17, .ofs_x = 0, .ofs_y = -1},
    {.bitmap_index = 69361, .adv_w = 288, .box_w = 18, .box_h = 16, .ofs_x = 0, .ofs_y = -1},
    {.bitmap_index = 69505, .adv_w = 288, .box_w = 18, .box_h = 17, .ofs_x = 0, .ofs_y = -2},
    {.bitmap_index = 69658, .adv_w = 288, .box_w = 18, .box_h = 16, .ofs_x = 0, .ofs_y = -1},
    {.bitmap_index = 69802, .adv_w = 288, .box_w = 18, .box_h = 18, .ofs_x = 0, .ofs_y = -2},
    {.bitmap_index = 69964, .adv_w = 288, .box_w = 18, .box_h = 18, .ofs_x = 0, .ofs_y = -2},
    {.bitmap_index = 70126, .adv_w = 288, .box_w = 18, .box_h = 17, .ofs_x = 0, .ofs_y = -1},
    {.bitmap_index = 70279, .adv_w = 288, .box_w = 18, .box_h = 18, .ofs_x = 0, .ofs_y = -2},
    {.bitmap_index = 70441, .adv_w = 288, .box_w = 18, .box_h = 17, .ofs_x = 0, .ofs_y = -1},
    {.bitmap_index = 70594, .adv_w = 288, .box_w = 18, .box_h = 17, .ofs_x = 0, .ofs_y = -2},
    {.bitmap_index = 70747, .adv_w = 288, .box_w = 18, .box_h = 16, .ofs_x = 0, .ofs_y = -1},
    {.bitmap_index = 70891, .adv_w = 288, .box_w = 18, .box_h = 17, .ofs_x = 0, .ofs_y = -1},
    {.bitmap_index = 71044, .adv_w = 288, .box_w = 18, .box_h = 17, .ofs_x = 0, .ofs_y = -1},
    {.bitmap_index = 71197, .adv_w = 288, .box_w = 16, .box_h = 17, .ofs_x = 1, .ofs_y = -1},
    {.bitmap_index = 71333, .adv_w = 288, .box_w = 17, .box_h = 18, .ofs_x = 0, .ofs_y = -2},
    {.bitmap_index = 71486, .adv_w = 288, .box_w = 18, .box_h = 17, .ofs_x = 0, .ofs_y = -1},
    {.bitmap_index = 71639, .adv_w = 288, .box_w = 17, .box_h = 16, .ofs_x = 1, .ofs_y = -1},
    {.bitmap_index = 71775, .adv_w = 288, .box_w = 18, .box_h = 17, .ofs_x = 0, .ofs_y = -1},
    {.bitmap_index = 71928, .adv_w = 288, .box_w = 17, .box_h = 17, .ofs_x = 0, .ofs_y = -2},
    {.bitmap_index = 72073, .adv_w = 288, .box_w = 17, .box_h = 18, .ofs_x = 0, .ofs_y = -2},
    {.bitmap_index = 72226, .adv_w = 288, .box_w = 17, .box_h = 16, .ofs_x = 0, .ofs_y = -1},
    {.bitmap_index = 72362, .adv_w = 288, .box_w = 17, .box_h = 18, .ofs_x = 0, .ofs_y = -2},
    {.bitmap_index = 72515, .adv_w = 288, .box_w = 18, .box_h = 17, .ofs_x = 0, .ofs_y = -1},
    {.bitmap_index = 72668, .adv_w = 288, .box_w = 18, .box_h = 16, .ofs_x = 0, .ofs_y = -1},
    {.bitmap_index = 72812, .adv_w = 288, .box_w = 17, .box_h = 16, .ofs_x = 0, .ofs_y = -1},
    {.bitmap_index = 72948, .adv_w = 288, .box_w = 18, .box_h = 18, .ofs_x = 0, .ofs_y = -2},
    {.bitmap_index = 73110, .adv_w = 288, .box_w = 18, .box_h = 17, .ofs_x = 0, .ofs_y = -1},
    {.bitmap_index = 73263, .adv_w = 288, .box_w = 18, .box_h = 17, .ofs_x = 0, .ofs_y = -1},
    {.bitmap_index = 73416, .adv_w = 288, .box_w = 18, .box_h = 17, .ofs_x = 0, .ofs_y = -1},
    {.bitmap_index = 73569, .adv_w = 288, .box_w = 18, .box_h = 17, .ofs_x = 0, .ofs_y = -1},
    {.bitmap_index = 73722, .adv_w = 288, .box_w = 16, .box_h = 16, .ofs_x = 1, .ofs_y = -1},
    {.bitmap_index = 73850, .adv_w = 288, .box_w = 18, .box_h = 17, .ofs_x = 0, .ofs_y = -1},
    {.bitmap_index = 74003, .adv_w = 288, .box_w = 17, .box_h = 16, .ofs_x = 0, .ofs_y = -1},
    {.bitmap_index = 74139, .adv_w = 288, .box_w = 18, .box_h = 18, .ofs_x = 0, .ofs_y = -2},
    {.bitmap_index = 74301, .adv_w = 288, .box_w = 18, .box_h = 17, .ofs_x = 0, .ofs_y = -1},
    {.bitmap_index = 74454, .adv_w = 288, .box_w = 18, .box_h = 17, .ofs_x = 0, .ofs_y = -1},
    {.bitmap_index = 74607, .adv_w = 288, .box_w = 18, .box_h = 18, .ofs_x = 0, .ofs_y = -2},
    {.bitmap_index = 74769, .adv_w = 288, .box_w = 18, .box_h = 17, .ofs_x = 0, .ofs_y = -1},
    {.bitmap_index = 74922, .adv_w = 288, .box_w = 17, .box_h = 17, .ofs_x = 0, .ofs_y = -1},
    {.bitmap_index = 75067, .adv_w = 288, .box_w = 18, .box_h = 17, .ofs_x = 0, .ofs_y = -1},
    {.bitmap_index = 75220, .adv_w = 288, .box_w = 18, .box_h = 17, .ofs_x = 0, .ofs_y = -1},
    {.bitmap_index = 75373, .adv_w = 288, .box_w = 17, .box_h = 17, .ofs_x = 0, .ofs_y = -1},
    {.bitmap_index = 75518, .adv_w = 288, .box_w = 18, .box_h = 17, .ofs_x = 0, .ofs_y = -1},
    {.bitmap_index = 75671, .adv_w = 288, .box_w = 17, .box_h = 16, .ofs_x = 0, .ofs_y = -1},
    {.bitmap_index = 75807, .adv_w = 288, .box_w = 18, .box_h = 17, .ofs_x = 0, .ofs_y = -1},
    {.bitmap_index = 75960, .adv_w = 288, .box_w = 18, .box_h = 17, .ofs_x = 0, .ofs_y = -1},
    {.bitmap_index = 76113, .adv_w = 288, .box_w = 18, .box_h = 18, .ofs_x = 0, .ofs_y = -2},
    {.bitmap_index = 76275, .adv_w = 288, .box_w = 18, .box_h = 17, .ofs_x = 0, .ofs_y = -1},
    {.bitmap_index = 76428, .adv_w = 288, .box_w = 17, .box_h = 16, .ofs_x = 1, .ofs_y = -1},
    {.bitmap_index = 76564, .adv_w = 288, .box_w = 18, .box_h = 17, .ofs_x = 0, .ofs_y = -1},
    {.bitmap_index = 76717, .adv_w = 288, .box_w = 17, .box_h = 16, .ofs_x = 0, .ofs_y = -1},
    {.bitmap_index = 76853, .adv_w = 288, .box_w = 18, .box_h = 16, .ofs_x = 0, .ofs_y = -1},
    {.bitmap_index = 76997, .adv_w = 288, .box_w = 18, .box_h = 16, .ofs_x = 0, .ofs_y = -1},
    {.bitmap_index = 77141, .adv_w = 288, .box_w = 18, .box_h = 16, .ofs_x = 0, .ofs_y = -1},
    {.bitmap_index = 77285, .adv_w = 288, .box_w = 16, .box_h = 17, .ofs_x = 1, .ofs_y = -2},
    {.bitmap_index = 77421, .adv_w = 288, .box_w = 18, .box_h = 17, .ofs_x = 0, .ofs_y = -2},
    {.bitmap_index = 77574, .adv_w = 288, .box_w = 18, .box_h = 17, .ofs_x = 0, .ofs_y = -1},
    {.bitmap_index = 77727, .adv_w = 288, .box_w = 18, .box_h = 17, .ofs_x = 0, .ofs_y = -1},
    {.bitmap_index = 77880, .adv_w = 288, .box_w = 18, .box_h = 18, .ofs_x = 0, .ofs_y = -2},
    {.bitmap_index = 78042, .adv_w = 288, .box_w = 17, .box_h = 16, .ofs_x = 1, .ofs_y = -1},
    {.bitmap_index = 78178, .adv_w = 288, .box_w = 17, .box_h = 18, .ofs_x = 0, .ofs_y = -2},
    {.bitmap_index = 78331, .adv_w = 288, .box_w = 14, .box_h = 17, .ofs_x = 2, .ofs_y = -1},
    {.bitmap_index = 78450, .adv_w = 288, .box_w = 18, .box_h = 16, .ofs_x = 0, .ofs_y = -1},
    {.bitmap_index = 78594, .adv_w = 288, .box_w = 18, .box_h = 17, .ofs_x = 0, .ofs_y = -2},
    {.bitmap_index = 78747, .adv_w = 288, .box_w = 18, .box_h = 17, .ofs_x = 0, .ofs_y = -1},
    {.bitmap_index = 78900, .adv_w = 288, .box_w = 18, .box_h = 17, .ofs_x = 0, .ofs_y = -1},
    {.bitmap_index = 79053, .adv_w = 288, .box_w = 18, .box_h = 18, .ofs_x = 0, .ofs_y = -2},
    {.bitmap_index = 79215, .adv_w = 288, .box_w = 18, .box_h = 18, .ofs_x = 0, .ofs_y = -2},
    {.bitmap_index = 79377, .adv_w = 288, .box_w = 18, .box_h = 16, .ofs_x = 0, .ofs_y = -1},
    {.bitmap_index = 79521, .adv_w = 288, .box_w = 18, .box_h = 17, .ofs_x = 0, .ofs_y = -1},
    {.bitmap_index = 79674, .adv_w = 288, .box_w = 18, .box_h = 17, .ofs_x = 0, .ofs_y = -1},
    {.bitmap_index = 79827, .adv_w = 288, .box_w = 18, .box_h = 17, .ofs_x = 0, .ofs_y = -2},
    {.bitmap_index = 79980, .adv_w = 288, .box_w = 17, .box_h = 17, .ofs_x = 1, .ofs_y = -2},
    {.bitmap_index = 80125, .adv_w = 288, .box_w = 16, .box_h = 17, .ofs_x = 1, .ofs_y = -2},
    {.bitmap_index = 80261, .adv_w = 288, .box_w = 18, .box_h = 18, .ofs_x = 0, .ofs_y = -2},
    {.bitmap_index = 80423, .adv_w = 288, .box_w = 17, .box_h = 17, .ofs_x = 1, .ofs_y = -1},
    {.bitmap_index = 80568, .adv_w = 288, .box_w = 18, .box_h = 17, .ofs_x = 0, .ofs_y = -1},
    {.bitmap_index = 80721, .adv_w = 288, .box_w = 16, .box_h = 17, .ofs_x = 1, .ofs_y = -2},
    {.bitmap_index = 80857, .adv_w = 288, .box_w = 16, .box_h = 18, .ofs_x = 1, .ofs_y = -2},
    {.bitmap_index = 81001, .adv_w = 288, .box_w = 17, .box_h = 17, .ofs_x = 0, .ofs_y = -1},
    {.bitmap_index = 81146, .adv_w = 288, .box_w = 18, .box_h = 17, .ofs_x = 0, .ofs_y = -1},
    {.bitmap_index = 81299, .adv_w = 288, .box_w = 16, .box_h = 17, .ofs_x = 1, .ofs_y = -1},
    {.bitmap_index = 81435, .adv_w = 288, .box_w = 17, .box_h = 17, .ofs_x = 1, .ofs_y = -1},
    {.bitmap_index = 81580, .adv_w = 288, .box_w = 17, .box_h = 17, .ofs_x = 1, .ofs_y = -1},
    {.bitmap_index = 81725, .adv_w = 288, .box_w = 18, .box_h = 18, .ofs_x = 0, .ofs_y = -2},
    {.bitmap_index = 81887, .adv_w = 288, .box_w = 18, .box_h = 17, .ofs_x = 0, .ofs_y = -2},
    {.bitmap_index = 82040, .adv_w = 288, .box_w = 18, .box_h = 18, .ofs_x = 0, .ofs_y = -2},
    {.bitmap_index = 82202, .adv_w = 288, .box_w = 18, .box_h = 18, .ofs_x = 0, .ofs_y = -2},
    {.bitmap_index = 82364, .adv_w = 288, .box_w = 16, .box_h = 15, .ofs_x = 1, .ofs_y = -1},
    {.bitmap_index = 82484, .adv_w = 288, .box_w = 18, .box_h = 17, .ofs_x = 0, .ofs_y = -2},
    {.bitmap_index = 82637, .adv_w = 288, .box_w = 18, .box_h = 16, .ofs_x = 0, .ofs_y = -1},
    {.bitmap_index = 82781, .adv_w = 288, .box_w = 18, .box_h = 17, .ofs_x = 0, .ofs_y = -2},
    {.bitmap_index = 82934, .adv_w = 288, .box_w = 18, .box_h = 18, .ofs_x = 0, .ofs_y = -2},
    {.bitmap_index = 83096, .adv_w = 288, .box_w = 18, .box_h = 18, .ofs_x = 0, .ofs_y = -2},
    {.bitmap_index = 83258, .adv_w = 288, .box_w = 18, .box_h = 17, .ofs_x = 0, .ofs_y = -2},
    {.bitmap_index = 83411, .adv_w = 288, .box_w = 15, .box_h = 18, .ofs_x = 1, .ofs_y = -2},
    {.bitmap_index = 83546, .adv_w = 288, .box_w = 18, .box_h = 17, .ofs_x = 0, .ofs_y = -1},
    {.bitmap_index = 83699, .adv_w = 288, .box_w = 18, .box_h = 17, .ofs_x = 0, .ofs_y = -1},
    {.bitmap_index = 83852, .adv_w = 288, .box_w = 18, .box_h = 17, .ofs_x = 0, .ofs_y = -1},
    {.bitmap_index = 84005, .adv_w = 288, .box_w = 18, .box_h = 18, .ofs_x = 0, .ofs_y = -2},
    {.bitmap_index = 84167, .adv_w = 288, .box_w = 17, .box_h = 18, .ofs_x = 0, .ofs_y = -2},
    {.bitmap_index = 84320, .adv_w = 288, .box_w = 18, .box_h = 16, .ofs_x = 0, .ofs_y = -1},
    {.bitmap_index = 84464, .adv_w = 288, .box_w = 18, .box_h = 18, .ofs_x = 0, .ofs_y = -2},
    {.bitmap_index = 84626, .adv_w = 288, .box_w = 18, .box_h = 17, .ofs_x = 0, .ofs_y = -1},
    {.bitmap_index = 84779, .adv_w = 288, .box_w = 18, .box_h = 16, .ofs_x = 0, .ofs_y = -1},
    {.bitmap_index = 84923, .adv_w = 288, .box_w = 18, .box_h = 17, .ofs_x = 0, .ofs_y = -1},
    {.bitmap_index = 85076, .adv_w = 288, .box_w = 18, .box_h = 17, .ofs_x = 0, .ofs_y = -2},
    {.bitmap_index = 85229, .adv_w = 288, .box_w = 18, .box_h = 17, .ofs_x = 0, .ofs_y = -2},
    {.bitmap_index = 85382, .adv_w = 288, .box_w = 18, .box_h = 18, .ofs_x = 0, .ofs_y = -2},
    {.bitmap_index = 85544, .adv_w = 288, .box_w = 17, .box_h = 17, .ofs_x = 0, .ofs_y = -2},
    {.bitmap_index = 85689, .adv_w = 288, .box_w = 18, .box_h = 18, .ofs_x = 0, .ofs_y = -2},
    {.bitmap_index = 85851, .adv_w = 288, .box_w = 18, .box_h = 18, .ofs_x = 0, .ofs_y = -2},
    {.bitmap_index = 86013, .adv_w = 288, .box_w = 18, .box_h = 18, .ofs_x = 0, .ofs_y = -2},
    {.bitmap_index = 86175, .adv_w = 288, .box_w = 17, .box_h = 17, .ofs_x = 0, .ofs_y = -2},
    {.bitmap_index = 86320, .adv_w = 288, .box_w = 18, .box_h = 17, .ofs_x = 0, .ofs_y = -2},
    {.bitmap_index = 86473, .adv_w = 288, .box_w = 18, .box_h = 18, .ofs_x = 0, .ofs_y = -2},
    {.bitmap_index = 86635, .adv_w = 288, .box_w = 18, .box_h = 18, .ofs_x = 0, .ofs_y = -2},
    {.bitmap_index = 86797, .adv_w = 288, .box_w = 18, .box_h = 18, .ofs_x = 0, .ofs_y = -2},
    {.bitmap_index = 86959, .adv_w = 288, .box_w = 18, .box_h = 18, .ofs_x = 0, .ofs_y = -2},
    {.bitmap_index = 87121, .adv_w = 288, .box_w = 18, .box_h = 16, .ofs_x = 0, .ofs_y = -1},
    {.bitmap_index = 87265, .adv_w = 288, .box_w = 18, .box_h = 18, .ofs_x = 0, .ofs_y = -2},
    {.bitmap_index = 87427, .adv_w = 288, .box_w = 17, .box_h = 17, .ofs_x = 0, .ofs_y = -2},
    {.bitmap_index = 87572, .adv_w = 288, .box_w = 17, .box_h = 18, .ofs_x = 0, .ofs_y = -2},
    {.bitmap_index = 87725, .adv_w = 288, .box_w = 18, .box_h = 17, .ofs_x = 0, .ofs_y = -1},
    {.bitmap_index = 87878, .adv_w = 288, .box_w = 18, .box_h = 16, .ofs_x = 0, .ofs_y = -1},
    {.bitmap_index = 88022, .adv_w = 288, .box_w = 18, .box_h = 17, .ofs_x = 0, .ofs_y = -1},
    {.bitmap_index = 88175, .adv_w = 288, .box_w = 18, .box_h = 18, .ofs_x = 0, .ofs_y = -2},
    {.bitmap_index = 88337, .adv_w = 288, .box_w = 18, .box_h = 17, .ofs_x = 0, .ofs_y = -1},
    {.bitmap_index = 88490, .adv_w = 288, .box_w = 17, .box_h = 17, .ofs_x = 0, .ofs_y = -1},
    {.bitmap_index = 88635, .adv_w = 288, .box_w = 18, .box_h = 17, .ofs_x = 0, .ofs_y = -1},
    {.bitmap_index = 88788, .adv_w = 288, .box_w = 18, .box_h = 18, .ofs_x = 0, .ofs_y = -2},
    {.bitmap_index = 88950, .adv_w = 288, .box_w = 18, .box_h = 16, .ofs_x = 0, .ofs_y = -1},
    {.bitmap_index = 89094, .adv_w = 288, .box_w = 18, .box_h = 17, .ofs_x = 0, .ofs_y = -2},
    {.bitmap_index = 89247, .adv_w = 288, .box_w = 18, .box_h = 17, .ofs_x = 0, .ofs_y = -2},
    {.bitmap_index = 89400, .adv_w = 288, .box_w = 18, .box_h = 17, .ofs_x = 0, .ofs_y = -2},
    {.bitmap_index = 89553, .adv_w = 288, .box_w = 18, .box_h = 17, .ofs_x = 0, .ofs_y = -2},
    {.bitmap_index = 89706, .adv_w = 288, .box_w = 18, .box_h = 17, .ofs_x = 0, .ofs_y = -2},
    {.bitmap_index = 89859, .adv_w = 288, .box_w = 18, .box_h = 17, .ofs_x = 0, .ofs_y = -2},
    {.bitmap_index = 90012, .adv_w = 288, .box_w = 18, .box_h = 18, .ofs_x = 0, .ofs_y = -2},
    {.bitmap_index = 90174, .adv_w = 288, .box_w = 18, .box_h = 18, .ofs_x = 0, .ofs_y = -2},
    {.bitmap_index = 90336, .adv_w = 288, .box_w = 18, .box_h = 17, .ofs_x = 0, .ofs_y = -2},
    {.bitmap_index = 90489, .adv_w = 288, .box_w = 18, .box_h = 17, .ofs_x = 0, .ofs_y = -2},
    {.bitmap_index = 90642, .adv_w = 288, .box_w = 18, .box_h = 17, .ofs_x = 0, .ofs_y = -2},
    {.bitmap_index = 90795, .adv_w = 288, .box_w = 18, .box_h = 17, .ofs_x = 0, .ofs_y = -2},
    {.bitmap_index = 90948, .adv_w = 288, .box_w = 18, .box_h = 18, .ofs_x = 0, .ofs_y = -2},
    {.bitmap_index = 91110, .adv_w = 288, .box_w = 18, .box_h = 17, .ofs_x = 0, .ofs_y = -2},
    {.bitmap_index = 91263, .adv_w = 288, .box_w = 18, .box_h = 17, .ofs_x = 0, .ofs_y = -2},
    {.bitmap_index = 91416, .adv_w = 288, .box_w = 18, .box_h = 18, .ofs_x = 0, .ofs_y = -2},
    {.bitmap_index = 91578, .adv_w = 288, .box_w = 18, .box_h = 18, .ofs_x = 0, .ofs_y = -2},
    {.bitmap_index = 91740, .adv_w = 288, .box_w = 18, .box_h = 18, .ofs_x = 0, .ofs_y = -2},
    {.bitmap_index = 91902, .adv_w = 288, .box_w = 18, .box_h = 18, .ofs_x = 0, .ofs_y = -2},
    {.bitmap_index = 92064, .adv_w = 288, .box_w = 18, .box_h = 17, .ofs_x = 0, .ofs_y = -2},
    {.bitmap_index = 92217, .adv_w = 288, .box_w = 18, .box_h = 17, .ofs_x = 0, .ofs_y = -2},
    {.bitmap_index = 92370, .adv_w = 288, .box_w = 18, .box_h = 18, .ofs_x = 0, .ofs_y = -2},
    {.bitmap_index = 92532, .adv_w = 288, .box_w = 18, .box_h = 17, .ofs_x = 0, .ofs_y = -1},
    {.bitmap_index = 92685, .adv_w = 288, .box_w = 18, .box_h = 16, .ofs_x = 0, .ofs_y = -1},
    {.bitmap_index = 92829, .adv_w = 288, .box_w = 18, .box_h = 17, .ofs_x = 0, .ofs_y = -2},
    {.bitmap_index = 92982, .adv_w = 288, .box_w = 18, .box_h = 16, .ofs_x = 0, .ofs_y = -1},
    {.bitmap_index = 93126, .adv_w = 288, .box_w = 18, .box_h = 17, .ofs_x = 0, .ofs_y = -1},
    {.bitmap_index = 93279, .adv_w = 288, .box_w = 18, .box_h = 17, .ofs_x = 0, .ofs_y = -1},
    {.bitmap_index = 93432, .adv_w = 288, .box_w = 18, .box_h = 18, .ofs_x = 0, .ofs_y = -2},
    {.bitmap_index = 93594, .adv_w = 288, .box_w = 18, .box_h = 18, .ofs_x = 0, .ofs_y = -2},
    {.bitmap_index = 93756, .adv_w = 288, .box_w = 17, .box_h = 17, .ofs_x = 0, .ofs_y = -1},
    {.bitmap_index = 93901, .adv_w = 288, .box_w = 17, .box_h = 18, .ofs_x = 0, .ofs_y = -2},
    {.bitmap_index = 94054, .adv_w = 288, .box_w = 18, .box_h = 17, .ofs_x = 0, .ofs_y = -1},
    {.bitmap_index = 94207, .adv_w = 288, .box_w = 18, .box_h = 18, .ofs_x = 0, .ofs_y = -2},
    {.bitmap_index = 94369, .adv_w = 288, .box_w = 18, .box_h = 18, .ofs_x = 0, .ofs_y = -2},
    {.bitmap_index = 94531, .adv_w = 288, .box_w = 18, .box_h = 18, .ofs_x = 0, .ofs_y = -2},
    {.bitmap_index = 94693, .adv_w = 288, .box_w = 17, .box_h = 18, .ofs_x = 1, .ofs_y = -2},
    {.bitmap_index = 94846, .adv_w = 288, .box_w = 16, .box_h = 17, .ofs_x = 1, .ofs_y = -2},
    {.bitmap_index = 94982, .adv_w = 288, .box_w = 16, .box_h = 17, .ofs_x = 1, .ofs_y = -2},
    {.bitmap_index = 95118, .adv_w = 288, .box_w = 16, .box_h = 16, .ofs_x = 1, .ofs_y = -1},
    {.bitmap_index = 95246, .adv_w = 288, .box_w = 16, .box_h = 17, .ofs_x = 1, .ofs_y = -1},
    {.bitmap_index = 95382, .adv_w = 288, .box_w = 16, .box_h = 16, .ofs_x = 1, .ofs_y = -1},
    {.bitmap_index = 95510, .adv_w = 288, .box_w = 16, .box_h = 16, .ofs_x = 1, .ofs_y = -1},
    {.bitmap_index = 95638, .adv_w = 288, .box_w = 16, .box_h = 17, .ofs_x = 1, .ofs_y = -2},
    {.bitmap_index = 95774, .adv_w = 288, .box_w = 17, .box_h = 17, .ofs_x = 1, .ofs_y = -1},
    {.bitmap_index = 95919, .adv_w = 288, .box_w = 17, .box_h = 18, .ofs_x = 1, .ofs_y = -2},
    {.bitmap_index = 96072, .adv_w = 288, .box_w = 17, .box_h = 18, .ofs_x = 1, .ofs_y = -2},
    {.bitmap_index = 96225, .adv_w = 288, .box_w = 17, .box_h = 17, .ofs_x = 1, .ofs_y = -1},
    {.bitmap_index = 96370, .adv_w = 288, .box_w = 17, .box_h = 17, .ofs_x = 1, .ofs_y = -2},
    {.bitmap_index = 96515, .adv_w = 288, .box_w = 18, .box_h = 17, .ofs_x = 0, .ofs_y = -1},
    {.bitmap_index = 96668, .adv_w = 288, .box_w = 16, .box_h = 16, .ofs_x = 1, .ofs_y = -1},
    {.bitmap_index = 96796, .adv_w = 288, .box_w = 18, .box_h = 17, .ofs_x = 0, .ofs_y = -2},
    {.bitmap_index = 96949, .adv_w = 288, .box_w = 17, .box_h = 16, .ofs_x = 1, .ofs_y = -1},
    {.bitmap_index = 97085, .adv_w = 288, .box_w = 18, .box_h = 16, .ofs_x = 0, .ofs_y = -1},
    {.bitmap_index = 97229, .adv_w = 288, .box_w = 18, .box_h = 16, .ofs_x = 0, .ofs_y = -1},
    {.bitmap_index = 97373, .adv_w = 288, .box_w = 17, .box_h = 15, .ofs_x = 1, .ofs_y = -1},
    {.bitmap_index = 97501, .adv_w = 288, .box_w = 18, .box_h = 17, .ofs_x = 0, .ofs_y = -1},
    {.bitmap_index = 97654, .adv_w = 288, .box_w = 18, .box_h = 17, .ofs_x = 0, .ofs_y = -2},
    {.bitmap_index = 97807, .adv_w = 288, .box_w = 16, .box_h = 17, .ofs_x = 1, .ofs_y = -2},
    {.bitmap_index = 97943, .adv_w = 288, .box_w = 18, .box_h = 18, .ofs_x = 0, .ofs_y = -2},
    {.bitmap_index = 98105, .adv_w = 288, .box_w = 18, .box_h = 18, .ofs_x = 0, .ofs_y = -2},
    {.bitmap_index = 98267, .adv_w = 288, .box_w = 18, .box_h = 17, .ofs_x = 0, .ofs_y = -2},
    {.bitmap_index = 98420, .adv_w = 288, .box_w = 18, .box_h = 18, .ofs_x = 0, .ofs_y = -2},
    {.bitmap_index = 98582, .adv_w = 288, .box_w = 18, .box_h = 17, .ofs_x = 0, .ofs_y = -2},
    {.bitmap_index = 98735, .adv_w = 288, .box_w = 18, .box_h = 17, .ofs_x = 0, .ofs_y = -2},
    {.bitmap_index = 98888, .adv_w = 288, .box_w = 18, .box_h = 18, .ofs_x = 0, .ofs_y = -2},
    {.bitmap_index = 99050, .adv_w = 288, .box_w = 18, .box_h = 17, .ofs_x = 0, .ofs_y = -2},
    {.bitmap_index = 99203, .adv_w = 288, .box_w = 18, .box_h = 17, .ofs_x = 0, .ofs_y = -1},
    {.bitmap_index = 99356, .adv_w = 288, .box_w = 18, .box_h = 17, .ofs_x = 0, .ofs_y = -1},
    {.bitmap_index = 99509, .adv_w = 288, .box_w = 17, .box_h = 17, .ofs_x = 1, .ofs_y = -1},
    {.bitmap_index = 99654, .adv_w = 288, .box_w = 16, .box_h = 17, .ofs_x = 1, .ofs_y = -1},
    {.bitmap_index = 99790, .adv_w = 288, .box_w = 17, .box_h = 17, .ofs_x = 0, .ofs_y = -1},
    {.bitmap_index = 99935, .adv_w = 288, .box_w = 18, .box_h = 17, .ofs_x = 0, .ofs_y = -1},
    {.bitmap_index = 100088, .adv_w = 288, .box_w = 6, .box_h = 18, .ofs_x = 12, .ofs_y = -2},
    {.bitmap_index = 100142, .adv_w = 288, .box_w = 6, .box_h = 18, .ofs_x = 0, .ofs_y = -2},
    {.bitmap_index = 100196, .adv_w = 288, .box_w = 4, .box_h = 8, .ofs_x = 2, .ofs_y = -3},
    {.bitmap_index = 100212, .adv_w = 288, .box_w = 3, .box_h = 13, .ofs_x = 3, .ofs_y = -1},
    {.bitmap_index = 100232, .adv_w = 288, .box_w = 5, .box_h = 15, .ofs_x = 2, .ofs_y = -3}
};

/*---------------------
 *  CHARACTER MAPPING
 *--------------------*/

static const uint16_t unicode_list_1[] = {
    0x0, 0x29, 0x2a, 0x31, 0x32, 0x35, 0x36, 0x3b,
    0x3c, 0x42, 0x43, 0x4a, 0x5c, 0x64, 0x74, 0x96,
    0xb4, 0x117, 0x119, 0x11b, 0x11d, 0x123, 0x1f65, 0x1f66,
    0x254e, 0x2f4b, 0x2f53, 0x2f54, 0x2f55, 0x2f56, 0x4d49, 0x4d4c,
    0x4d50, 0x4d52, 0x4d53, 0x4d54, 0x4d56, 0x4d57, 0x4d63, 0x4d65,
    0x4d6d, 0x4d6e, 0x4d6f, 0x4d76, 0x4d7d, 0x4d82, 0x4d84, 0x4d86,
    0x4d8c, 0x4d8e, 0x4d94, 0x4da1, 0x4da6, 0x4da8, 0x4daf, 0x4dcf,
    0x4dd4, 0x4dd5, 0x4dd7, 0x4dda, 0x4ddd, 0x4df4, 0x4df5, 0x4df7,
    0x4e03, 0x4e13, 0x4e14, 0x4e2e, 0x4e44, 0x4e98, 0x4e9c, 0x4ea4,
    0x4ea5, 0x4ec8, 0x4ef0, 0x4f26, 0x4f2a, 0x4f37, 0x4f3a, 0x4f85,
    0x4fa1, 0x4fa5, 0x5030, 0x508c, 0x5091, 0x5092, 0x50ae, 0x50b0,
    0x50b1, 0x50b4, 0x50b5, 0x50b6, 0x50ba, 0x50bc, 0x50c0, 0x50c1,
    0x50c5, 0x50ce, 0x50d5, 0x50d6, 0x50e2, 0x50f9, 0x5109, 0x511a,
    0x512a, 0x5143, 0x5144, 0x5146, 0x514f, 0x5150, 0x5166, 0x5172,
    0x5190, 0x5196, 0x51be, 0x51e4, 0x51e8, 0x51f1, 0x51f3, 0x51fb,
    0x5208, 0x520e, 0x5214, 0x521b, 0x521e, 0x5249, 0x524e, 0x5260,
    0x5282, 0x528a, 0x528c, 0x5293, 0x5297, 0x529e, 0x52a0, 0x52a3,
    0x52aa, 0x52bc, 0x52c0, 0x52c8, 0x52e3, 0x5304, 0x5311, 0x5313,
    0x5315, 0x531a, 0x531f, 0x5320, 0x532f, 0x5338, 0x5339, 0x533c,
    0x5340, 0x5355, 0x5357, 0x535a, 0x53c5, 0x53c6, 0x5401, 0x540a,
    0x5459, 0x546d, 0x548d, 0x54cd, 0x54e5, 0x550e, 0x5624, 0x5627,
    0x5629, 0x563d, 0x564f, 0x565c, 0x566c, 0x5671, 0x5676, 0x5683,
    0x5693, 0x56a9, 0x5728, 0x5743, 0x577d, 0x579d, 0x57f1, 0x5834,
    0x5837, 0x584d, 0x5850, 0x585f, 0x5863, 0x5865, 0x5870, 0x5872,
    0x5874, 0x587d, 0x5892, 0x58bc, 0x58cb, 0x591c, 0x5948, 0x5a99,
    0x5aa0, 0x5aaf, 0x5ad2, 0x5ad4, 0x5ad5, 0x5ae3, 0x5ae4, 0x5ae5,
    0x5ae6, 0x5af4, 0x5aff, 0x5b06, 0x5b08, 0x5b0f, 0x5b1c, 0x5b3f,
    0x5b42, 0x5b43, 0x5b50, 0x5b53, 0x5b54, 0x5b5d, 0x5b5f, 0x5b63,
    0x5b7a, 0x5b86, 0x5b87, 0x5b8b, 0x5b8e, 0x5b94, 0x5b98, 0x5b9e,
    0x5bba, 0x5bca, 0x5bda, 0x5c39, 0x5c50, 0x5d2f, 0x5d3b, 0x5d4c,
    0x5d51, 0x5d5f, 0x5d74, 0x5d81, 0x5d9e, 0x5dbc, 0x5dbd, 0x5dc8,
    0x5dc9, 0x5dcd, 0x5dcf, 0x5ddd, 0x5dde, 0x5def, 0x5df0, 0x5df6,
    0x5e2c, 0x5e43, 0x5e49, 0x5e4b, 0x5e58, 0x5e61, 0x5e70, 0x5e9b,
    0x5e9e, 0x5eab, 0x5ed5, 0x5ed9, 0x5edb, 0x5ee0, 0x5ef7, 0x5f00,
    0x5f0c, 0x5f20, 0x5f3e, 0x5f46, 0x5f66, 0x5f70, 0x5f84, 0x5f9b,
    0x5fb2, 0x5fb8, 0x5fe8, 0x5ffb, 0x6058, 0x6068, 0x6091, 0x60b0,
    0x60bf, 0x6112, 0x6159, 0x615a, 0x615b, 0x617f, 0x6189, 0x61a1,
    0x61c8, 0x61e1, 0x61fa, 0x621c, 0x621d, 0x6232, 0x624a, 0x6252,
    0x626d, 0x6283, 0x62ab, 0x62c3, 0x62e9, 0x6318, 0x6319, 0x63d0,
    0x63da, 0x63f9, 0x647f, 0x6487, 0x648e, 0x64a2, 0x64ac, 0x64b9,
    0x64d0, 0x64f6, 0x6500, 0x6502, 0x6505, 0x6529, 0x652e, 0x6531,
    0x653f, 0x6550, 0x6557, 0x656e, 0x6570, 0x6576, 0x6578, 0x6585,
    0x658b, 0x65a6, 0x65b7, 0x6641, 0x6648, 0x6651, 0x6652, 0x6666,
    0x6671, 0x6673, 0x6675, 0x6699, 0x66ae, 0x66ba, 0x66c7, 0x66cd,
    0x66e0, 0x66e5, 0x675a, 0x6785, 0x678f, 0x68a3, 0x68b6, 0x6914,
    0x694b, 0x6973, 0x6982, 0x6a7b, 0x6a97, 0x6aab, 0x6aac, 0x6aaf,
    0x6abb, 0x6ac1, 0x6b16, 0x6b58, 0x6b6c, 0x6b7d, 0x6b81, 0x6b8b,
    0x6ba9, 0x6bdb, 0x6bea, 0x6c13, 0x6c1e, 0x6c2b, 0x6c31, 0x6c8a,
    0x6cb2, 0x6cb7, 0x6cc0, 0x6cd1, 0x6d31, 0x6d3a, 0x6d4e, 0x6d59,
    0x6d81, 0x6dd9, 0x6e0e, 0x6e2a, 0x6e48, 0x6e58, 0x6e6b, 0x6ea4,
    0x6ecd, 0x6f2d, 0x6ff8, 0x7002, 0x7003, 0x7028, 0x707f, 0x70a2,
    0x70b0, 0x711e, 0x717f, 0x7186, 0x71a2, 0x71b2, 0x7235, 0x72cd,
    0x72d4, 0x72f9, 0x7347, 0x7421, 0x743f, 0x7468, 0x7474, 0x7479,
    0x747a, 0x7484, 0x7495, 0x74a2, 0x74b9, 0x7507, 0x751e, 0x75c5,
    0x75c7, 0x75cd, 0x761f, 0x762a, 0x7637, 0x7641, 0x7668, 0x7687,
    0x7704, 0x772e, 0x7736, 0x773c, 0x77b7, 0x77da, 0x781d, 0x7883,
    0x789f, 0x78a7, 0x78ce, 0x78d8, 0x78f3, 0x7909, 0x7914, 0x791b,
    0x7921, 0x7939, 0x7944, 0x7954, 0x797c, 0x7986, 0x79c3, 0x79f7,
    0x7a14, 0x7a1f, 0x7a2e, 0x7a36, 0x7a38, 0x7a5d, 0x7a75, 0x7a8f,
    0x7a9f, 0x7ac9, 0x7b10, 0x7bbc, 0x7bdb, 0x7be0, 0x7c07, 0x7c70,
    0x7c9e, 0x7cc2, 0x7cdc, 0x7d86, 0x7d8a, 0x7dd5, 0x7deb, 0x7dfb,
    0x7e08, 0x7e0c, 0x7e0f, 0x7e18, 0x7e1c, 0x7e26, 0x7e30, 0x7e36,
    0x7e3d, 0x7eb7, 0x7ef2, 0x7f44, 0x7f55, 0x7f9f, 0x7fa3, 0x7fa7,
    0x7fb8, 0x7fbb, 0x7fd0, 0x802d, 0x8046, 0x8063, 0x8133, 0x813c,
    0x8151, 0x8156, 0x815b, 0x8168, 0x8173, 0x81bb, 0x81fa, 0x822e,
    0x823a, 0x824c, 0x8282, 0x82f4, 0x8332, 0x8338, 0x8355, 0x8375,
    0x83a0, 0x83b5, 0x83c0, 0x840d, 0x84f2, 0x8518, 0x85de, 0x8795,
    0x880a, 0x88c8, 0x88ca, 0x88cf, 0x88d4, 0x88f2, 0x8909, 0x890b,
    0x891b, 0x897a, 0x89ac, 0x89dc, 0x89e9, 0x89ef, 0x8a41, 0x8a92,
    0x8aea, 0x8af9, 0x8b01, 0x8b07, 0x8b09, 0x8b23, 0x8b3e, 0x8b44,
    0x8baa, 0x8bea, 0x8c33, 0x8c8d, 0x8cb9, 0x8cc0, 0x8ce2, 0x8cf8,
    0x8d26, 0x8d3c, 0x8d53, 0x8df4, 0x8e52, 0x8e66, 0x8e73, 0x8eb5,
    0x8eb7, 0x8ebd, 0x8ec4, 0x8ec6, 0x8ed2, 0x8f10, 0x8f1d, 0x8f21,
    0x8f24, 0x8f25, 0x8f42, 0x8f4f, 0x8f52, 0x8f59, 0x8f63, 0x8f69,
    0x8f7b, 0x8f93, 0x8f96, 0x8f97, 0x8f9c, 0x8f9e, 0x8fa0, 0x8fa7,
    0x8fa9, 0x8fc1, 0x8fc3, 0x9031, 0x90db, 0x9114, 0x9116, 0x911a,
    0x921b, 0x926b, 0x932a, 0x93e8, 0x93f2, 0x9454, 0x9459, 0x9477,
    0x94a5, 0x94c8, 0x94c9, 0x94d4, 0x9525, 0x9531, 0x953d, 0x9544,
    0x957c, 0x9591, 0x95ab, 0x95ad, 0x95bc, 0x95c6, 0x960f, 0x9633,
    0x963b, 0x967b, 0x9691, 0x96a5, 0x96ab, 0x973c, 0x9798, 0x97be,
    0x97c8, 0x97cf, 0x97e1, 0x97e5, 0x97e6, 0x9821, 0x9828, 0x98ba,
    0x98df, 0x98e2, 0x9a1d, 0x9a21, 0x9bca, 0x9ed6, 0xfe51, 0xfe52,
    0xfe55, 0xfe63, 0xfe64
};

/*Collect the unicode lists and glyph_id offsets*/
static const lv_font_fmt_txt_cmap_t cmaps[] =
{
    {
        .range_start = 32, .range_length = 95, .glyph_id_start = 1,
        .unicode_list = NULL, .glyph_id_ofs_list = NULL, .list_length = 0, .type = LV_FONT_FMT_TXT_CMAP_FORMAT0_TINY
    },
    {
        .range_start = 183, .range_length = 65125, .glyph_id_start = 96,
        .unicode_list = unicode_list_1, .glyph_id_ofs_list = NULL, .list_length = 659, .type = LV_FONT_FMT_TXT_CMAP_SPARSE_TINY
    }
};



/*--------------------
 *  ALL CUSTOM DATA
 *--------------------*/

#if LVGL_VERSION_MAJOR == 8
/*Store all the custom data of the font*/
static  lv_font_fmt_txt_glyph_cache_t cache;
#endif

#if LVGL_VERSION_MAJOR >= 8
static const lv_font_fmt_txt_dsc_t font_dsc = {
#else
static lv_font_fmt_txt_dsc_t font_dsc = {
#endif
    .glyph_bitmap = glyph_bitmap,
    .glyph_dsc = glyph_dsc,
    .cmaps = cmaps,
    .kern_dsc = NULL,
    .kern_scale = 0,
    .cmap_num = 2,
    .bpp = 4,
    .kern_classes = 0,
    .bitmap_format = 0,
#if LVGL_VERSION_MAJOR == 8
    .cache = &cache
#endif
};



/*-----------------
 *  PUBLIC FONT
 *----------------*/

/*Initialize a public general font descriptor*/
#if LVGL_VERSION_MAJOR >= 8
const lv_font_t yz_zh18 = {
#else
lv_font_t yz_zh18 = {
#endif
    .get_glyph_dsc = lv_font_get_glyph_dsc_fmt_txt,    /*Function pointer to get glyph's data*/
    .get_glyph_bitmap = lv_font_get_bitmap_fmt_txt,    /*Function pointer to get glyph's bitmap*/
    .line_height = 22,          /*The maximum line height required by the font*/
    .base_line = 5,             /*Baseline measured from the bottom of the line*/
#if !(LVGL_VERSION_MAJOR == 6 && LVGL_VERSION_MINOR == 0)
    .subpx = LV_FONT_SUBPX_NONE,
#endif
#if LV_VERSION_CHECK(7, 4, 0) || LVGL_VERSION_MAJOR >= 8
    .underline_position = -2,
    .underline_thickness = 1,
#endif
    .dsc = &font_dsc,          /*The custom font data. Will be accessed by `get_glyph_bitmap/dsc` */
#if LV_VERSION_CHECK(8, 2, 0) || LVGL_VERSION_MAJOR >= 9
    .fallback = NULL,
#endif
    .user_data = NULL,
};



#endif /*#if YZ_ZH18*/

